ARM GAS  /tmp/cchCrvCd.s 			page 1


   1              		.cpu cortex-m4
   2              		.arch armv7e-m
   3              		.fpu fpv4-sp-d16
   4              		.eabi_attribute 27, 1
   5              		.eabi_attribute 28, 1
   6              		.eabi_attribute 20, 1
   7              		.eabi_attribute 21, 1
   8              		.eabi_attribute 23, 3
   9              		.eabi_attribute 24, 1
  10              		.eabi_attribute 25, 1
  11              		.eabi_attribute 26, 1
  12              		.eabi_attribute 30, 1
  13              		.eabi_attribute 34, 1
  14              		.eabi_attribute 18, 4
  15              		.file	"stm32g4xx_hal_tim_ex.c"
  16              		.text
  17              	.Ltext0:
  18              		.cfi_sections	.debug_frame
  19              		.file 1 "platform/HAL/src/stm32g4xx_hal_tim_ex.c"
  20              		.section	.text.TIM_CCxNChannelCmd,"ax",%progbits
  21              		.align	1
  22              		.syntax unified
  23              		.thumb
  24              		.thumb_func
  26              	TIM_CCxNChannelCmd:
  27              	.LVL0:
  28              	.LFB397:
   1:platform/HAL/src/stm32g4xx_hal_tim_ex.c **** /**
   2:platform/HAL/src/stm32g4xx_hal_tim_ex.c ****   ******************************************************************************
   3:platform/HAL/src/stm32g4xx_hal_tim_ex.c ****   * @file    stm32g4xx_hal_tim_ex.c
   4:platform/HAL/src/stm32g4xx_hal_tim_ex.c ****   * @author  MCD Application Team
   5:platform/HAL/src/stm32g4xx_hal_tim_ex.c ****   * @brief   TIM HAL module driver.
   6:platform/HAL/src/stm32g4xx_hal_tim_ex.c ****   *          This file provides firmware functions to manage the following
   7:platform/HAL/src/stm32g4xx_hal_tim_ex.c ****   *          functionalities of the Timer Extended peripheral:
   8:platform/HAL/src/stm32g4xx_hal_tim_ex.c ****   *           + Time Hall Sensor Interface Initialization
   9:platform/HAL/src/stm32g4xx_hal_tim_ex.c ****   *           + Time Hall Sensor Interface Start
  10:platform/HAL/src/stm32g4xx_hal_tim_ex.c ****   *           + Time Complementary signal break and dead time configuration
  11:platform/HAL/src/stm32g4xx_hal_tim_ex.c ****   *           + Time Master and Slave synchronization configuration
  12:platform/HAL/src/stm32g4xx_hal_tim_ex.c ****   *           + Time Output Compare/PWM Channel Configuration (for channels 5 and 6)
  13:platform/HAL/src/stm32g4xx_hal_tim_ex.c ****   *           + Time OCRef clear configuration
  14:platform/HAL/src/stm32g4xx_hal_tim_ex.c ****   *           + Timer remapping capabilities configuration
  15:platform/HAL/src/stm32g4xx_hal_tim_ex.c ****   *           + Timer encoder index configuration
  16:platform/HAL/src/stm32g4xx_hal_tim_ex.c ****   ******************************************************************************
  17:platform/HAL/src/stm32g4xx_hal_tim_ex.c ****   * @attention
  18:platform/HAL/src/stm32g4xx_hal_tim_ex.c ****   *
  19:platform/HAL/src/stm32g4xx_hal_tim_ex.c ****   * Copyright (c) 2019 STMicroelectronics.
  20:platform/HAL/src/stm32g4xx_hal_tim_ex.c ****   * All rights reserved.
  21:platform/HAL/src/stm32g4xx_hal_tim_ex.c ****   *
  22:platform/HAL/src/stm32g4xx_hal_tim_ex.c ****   * This software is licensed under terms that can be found in the LICENSE file
  23:platform/HAL/src/stm32g4xx_hal_tim_ex.c ****   * in the root directory of this software component.
  24:platform/HAL/src/stm32g4xx_hal_tim_ex.c ****   * If no LICENSE file comes with this software, it is provided AS-IS.
  25:platform/HAL/src/stm32g4xx_hal_tim_ex.c ****   *
  26:platform/HAL/src/stm32g4xx_hal_tim_ex.c ****   ******************************************************************************
  27:platform/HAL/src/stm32g4xx_hal_tim_ex.c ****   @verbatim
  28:platform/HAL/src/stm32g4xx_hal_tim_ex.c ****   ==============================================================================
  29:platform/HAL/src/stm32g4xx_hal_tim_ex.c ****                       ##### TIMER Extended features #####
  30:platform/HAL/src/stm32g4xx_hal_tim_ex.c ****   ==============================================================================
ARM GAS  /tmp/cchCrvCd.s 			page 2


  31:platform/HAL/src/stm32g4xx_hal_tim_ex.c ****   [..]
  32:platform/HAL/src/stm32g4xx_hal_tim_ex.c ****     The Timer Extended features include:
  33:platform/HAL/src/stm32g4xx_hal_tim_ex.c ****     (#) Complementary outputs with programmable dead-time for :
  34:platform/HAL/src/stm32g4xx_hal_tim_ex.c ****         (++) Output Compare
  35:platform/HAL/src/stm32g4xx_hal_tim_ex.c ****         (++) PWM generation (Edge and Center-aligned Mode)
  36:platform/HAL/src/stm32g4xx_hal_tim_ex.c ****         (++) One-pulse mode output
  37:platform/HAL/src/stm32g4xx_hal_tim_ex.c ****     (#) Synchronization circuit to control the timer with external signals and to
  38:platform/HAL/src/stm32g4xx_hal_tim_ex.c ****         interconnect several timers together.
  39:platform/HAL/src/stm32g4xx_hal_tim_ex.c ****     (#) Break input to put the timer output signals in reset state or in a known state.
  40:platform/HAL/src/stm32g4xx_hal_tim_ex.c ****     (#) Supports incremental (quadrature) encoder and hall-sensor circuitry for
  41:platform/HAL/src/stm32g4xx_hal_tim_ex.c ****         positioning purposes
  42:platform/HAL/src/stm32g4xx_hal_tim_ex.c ****     (#) In case of Pulse on compare, configure pulse length and delay
  43:platform/HAL/src/stm32g4xx_hal_tim_ex.c ****     (#) Encoder index configuration
  44:platform/HAL/src/stm32g4xx_hal_tim_ex.c **** 
  45:platform/HAL/src/stm32g4xx_hal_tim_ex.c ****             ##### How to use this driver #####
  46:platform/HAL/src/stm32g4xx_hal_tim_ex.c ****   ==============================================================================
  47:platform/HAL/src/stm32g4xx_hal_tim_ex.c ****     [..]
  48:platform/HAL/src/stm32g4xx_hal_tim_ex.c ****      (#) Initialize the TIM low level resources by implementing the following functions
  49:platform/HAL/src/stm32g4xx_hal_tim_ex.c ****          depending on the selected feature:
  50:platform/HAL/src/stm32g4xx_hal_tim_ex.c ****            (++) Hall Sensor output : HAL_TIMEx_HallSensor_MspInit()
  51:platform/HAL/src/stm32g4xx_hal_tim_ex.c **** 
  52:platform/HAL/src/stm32g4xx_hal_tim_ex.c ****      (#) Initialize the TIM low level resources :
  53:platform/HAL/src/stm32g4xx_hal_tim_ex.c ****         (##) Enable the TIM interface clock using __HAL_RCC_TIMx_CLK_ENABLE();
  54:platform/HAL/src/stm32g4xx_hal_tim_ex.c ****         (##) TIM pins configuration
  55:platform/HAL/src/stm32g4xx_hal_tim_ex.c ****             (+++) Enable the clock for the TIM GPIOs using the following function:
  56:platform/HAL/src/stm32g4xx_hal_tim_ex.c ****               __HAL_RCC_GPIOx_CLK_ENABLE();
  57:platform/HAL/src/stm32g4xx_hal_tim_ex.c ****             (+++) Configure these TIM pins in Alternate function mode using HAL_GPIO_Init();
  58:platform/HAL/src/stm32g4xx_hal_tim_ex.c **** 
  59:platform/HAL/src/stm32g4xx_hal_tim_ex.c ****      (#) The external Clock can be configured, if needed (the default clock is the
  60:platform/HAL/src/stm32g4xx_hal_tim_ex.c ****          internal clock from the APBx), using the following function:
  61:platform/HAL/src/stm32g4xx_hal_tim_ex.c ****          HAL_TIM_ConfigClockSource, the clock configuration should be done before
  62:platform/HAL/src/stm32g4xx_hal_tim_ex.c ****          any start function.
  63:platform/HAL/src/stm32g4xx_hal_tim_ex.c **** 
  64:platform/HAL/src/stm32g4xx_hal_tim_ex.c ****      (#) Configure the TIM in the desired functioning mode using one of the
  65:platform/HAL/src/stm32g4xx_hal_tim_ex.c ****          initialization function of this driver:
  66:platform/HAL/src/stm32g4xx_hal_tim_ex.c ****           (++) HAL_TIMEx_HallSensor_Init() and HAL_TIMEx_ConfigCommutEvent(): to use the
  67:platform/HAL/src/stm32g4xx_hal_tim_ex.c ****                Timer Hall Sensor Interface and the commutation event with the corresponding
  68:platform/HAL/src/stm32g4xx_hal_tim_ex.c ****                Interrupt and DMA request if needed (Note that One Timer is used to interface
  69:platform/HAL/src/stm32g4xx_hal_tim_ex.c ****                with the Hall sensor Interface and another Timer should be used to use
  70:platform/HAL/src/stm32g4xx_hal_tim_ex.c ****                the commutation event).
  71:platform/HAL/src/stm32g4xx_hal_tim_ex.c ****      (#) In case of Pulse On Compare:
  72:platform/HAL/src/stm32g4xx_hal_tim_ex.c ****            (++) HAL_TIMEx_OC_ConfigPulseOnCompare(): to configure pulse width and prescaler
  73:platform/HAL/src/stm32g4xx_hal_tim_ex.c **** 
  74:platform/HAL/src/stm32g4xx_hal_tim_ex.c **** 
  75:platform/HAL/src/stm32g4xx_hal_tim_ex.c ****      (#) Activate the TIM peripheral using one of the start functions:
  76:platform/HAL/src/stm32g4xx_hal_tim_ex.c ****            (++) Complementary Output Compare : HAL_TIMEx_OCN_Start(), HAL_TIMEx_OCN_Start_DMA(),
  77:platform/HAL/src/stm32g4xx_hal_tim_ex.c ****                 HAL_TIMEx_OCN_Start_IT()
  78:platform/HAL/src/stm32g4xx_hal_tim_ex.c ****            (++) Complementary PWM generation : HAL_TIMEx_PWMN_Start(), HAL_TIMEx_PWMN_Start_DMA(),
  79:platform/HAL/src/stm32g4xx_hal_tim_ex.c ****                 HAL_TIMEx_PWMN_Start_IT()
  80:platform/HAL/src/stm32g4xx_hal_tim_ex.c ****            (++) Complementary One-pulse mode output : HAL_TIMEx_OnePulseN_Start(), HAL_TIMEx_OnePul
  81:platform/HAL/src/stm32g4xx_hal_tim_ex.c ****            (++) Hall Sensor output : HAL_TIMEx_HallSensor_Start(), HAL_TIMEx_HallSensor_Start_DMA()
  82:platform/HAL/src/stm32g4xx_hal_tim_ex.c ****                 HAL_TIMEx_HallSensor_Start_IT().
  83:platform/HAL/src/stm32g4xx_hal_tim_ex.c **** 
  84:platform/HAL/src/stm32g4xx_hal_tim_ex.c ****   @endverbatim
  85:platform/HAL/src/stm32g4xx_hal_tim_ex.c ****   ******************************************************************************
  86:platform/HAL/src/stm32g4xx_hal_tim_ex.c ****   */
  87:platform/HAL/src/stm32g4xx_hal_tim_ex.c **** 
ARM GAS  /tmp/cchCrvCd.s 			page 3


  88:platform/HAL/src/stm32g4xx_hal_tim_ex.c **** /* Includes ------------------------------------------------------------------*/
  89:platform/HAL/src/stm32g4xx_hal_tim_ex.c **** #include "stm32g4xx_hal.h"
  90:platform/HAL/src/stm32g4xx_hal_tim_ex.c **** 
  91:platform/HAL/src/stm32g4xx_hal_tim_ex.c **** /** @addtogroup STM32G4xx_HAL_Driver
  92:platform/HAL/src/stm32g4xx_hal_tim_ex.c ****   * @{
  93:platform/HAL/src/stm32g4xx_hal_tim_ex.c ****   */
  94:platform/HAL/src/stm32g4xx_hal_tim_ex.c **** 
  95:platform/HAL/src/stm32g4xx_hal_tim_ex.c **** /** @defgroup TIMEx TIMEx
  96:platform/HAL/src/stm32g4xx_hal_tim_ex.c ****   * @brief TIM Extended HAL module driver
  97:platform/HAL/src/stm32g4xx_hal_tim_ex.c ****   * @{
  98:platform/HAL/src/stm32g4xx_hal_tim_ex.c ****   */
  99:platform/HAL/src/stm32g4xx_hal_tim_ex.c **** 
 100:platform/HAL/src/stm32g4xx_hal_tim_ex.c **** #ifdef HAL_TIM_MODULE_ENABLED
 101:platform/HAL/src/stm32g4xx_hal_tim_ex.c **** 
 102:platform/HAL/src/stm32g4xx_hal_tim_ex.c **** /* Private typedef -----------------------------------------------------------*/
 103:platform/HAL/src/stm32g4xx_hal_tim_ex.c **** /* Private define ------------------------------------------------------------*/
 104:platform/HAL/src/stm32g4xx_hal_tim_ex.c **** /* Private constants ---------------------------------------------------------*/
 105:platform/HAL/src/stm32g4xx_hal_tim_ex.c **** /** @defgroup TIMEx_Private_Constants TIM Extended Private Constants
 106:platform/HAL/src/stm32g4xx_hal_tim_ex.c ****   * @{
 107:platform/HAL/src/stm32g4xx_hal_tim_ex.c ****   */
 108:platform/HAL/src/stm32g4xx_hal_tim_ex.c **** /* Timeout for break input rearm */
 109:platform/HAL/src/stm32g4xx_hal_tim_ex.c **** #define TIM_BREAKINPUT_REARM_TIMEOUT    5UL /* 5 milliseconds */
 110:platform/HAL/src/stm32g4xx_hal_tim_ex.c **** /**
 111:platform/HAL/src/stm32g4xx_hal_tim_ex.c ****   * @}
 112:platform/HAL/src/stm32g4xx_hal_tim_ex.c ****   */
 113:platform/HAL/src/stm32g4xx_hal_tim_ex.c **** /* End of private constants --------------------------------------------------*/
 114:platform/HAL/src/stm32g4xx_hal_tim_ex.c **** 
 115:platform/HAL/src/stm32g4xx_hal_tim_ex.c **** /* Private macros ------------------------------------------------------------*/
 116:platform/HAL/src/stm32g4xx_hal_tim_ex.c **** /* Private variables ---------------------------------------------------------*/
 117:platform/HAL/src/stm32g4xx_hal_tim_ex.c **** /* Private function prototypes -----------------------------------------------*/
 118:platform/HAL/src/stm32g4xx_hal_tim_ex.c **** static void TIM_DMADelayPulseNCplt(DMA_HandleTypeDef *hdma);
 119:platform/HAL/src/stm32g4xx_hal_tim_ex.c **** static void TIM_DMAErrorCCxN(DMA_HandleTypeDef *hdma);
 120:platform/HAL/src/stm32g4xx_hal_tim_ex.c **** static void TIM_CCxNChannelCmd(TIM_TypeDef *TIMx, uint32_t Channel, uint32_t ChannelNState);
 121:platform/HAL/src/stm32g4xx_hal_tim_ex.c **** 
 122:platform/HAL/src/stm32g4xx_hal_tim_ex.c **** /* Exported functions --------------------------------------------------------*/
 123:platform/HAL/src/stm32g4xx_hal_tim_ex.c **** /** @defgroup TIMEx_Exported_Functions TIM Extended Exported Functions
 124:platform/HAL/src/stm32g4xx_hal_tim_ex.c ****   * @{
 125:platform/HAL/src/stm32g4xx_hal_tim_ex.c ****   */
 126:platform/HAL/src/stm32g4xx_hal_tim_ex.c **** 
 127:platform/HAL/src/stm32g4xx_hal_tim_ex.c **** /** @defgroup TIMEx_Exported_Functions_Group1 Extended Timer Hall Sensor functions
 128:platform/HAL/src/stm32g4xx_hal_tim_ex.c ****   * @brief    Timer Hall Sensor functions
 129:platform/HAL/src/stm32g4xx_hal_tim_ex.c ****   *
 130:platform/HAL/src/stm32g4xx_hal_tim_ex.c **** @verbatim
 131:platform/HAL/src/stm32g4xx_hal_tim_ex.c ****   ==============================================================================
 132:platform/HAL/src/stm32g4xx_hal_tim_ex.c ****                       ##### Timer Hall Sensor functions #####
 133:platform/HAL/src/stm32g4xx_hal_tim_ex.c ****   ==============================================================================
 134:platform/HAL/src/stm32g4xx_hal_tim_ex.c ****   [..]
 135:platform/HAL/src/stm32g4xx_hal_tim_ex.c ****     This section provides functions allowing to:
 136:platform/HAL/src/stm32g4xx_hal_tim_ex.c ****     (+) Initialize and configure TIM HAL Sensor.
 137:platform/HAL/src/stm32g4xx_hal_tim_ex.c ****     (+) De-initialize TIM HAL Sensor.
 138:platform/HAL/src/stm32g4xx_hal_tim_ex.c ****     (+) Start the Hall Sensor Interface.
 139:platform/HAL/src/stm32g4xx_hal_tim_ex.c ****     (+) Stop the Hall Sensor Interface.
 140:platform/HAL/src/stm32g4xx_hal_tim_ex.c ****     (+) Start the Hall Sensor Interface and enable interrupts.
 141:platform/HAL/src/stm32g4xx_hal_tim_ex.c ****     (+) Stop the Hall Sensor Interface and disable interrupts.
 142:platform/HAL/src/stm32g4xx_hal_tim_ex.c ****     (+) Start the Hall Sensor Interface and enable DMA transfers.
 143:platform/HAL/src/stm32g4xx_hal_tim_ex.c ****     (+) Stop the Hall Sensor Interface and disable DMA transfers.
 144:platform/HAL/src/stm32g4xx_hal_tim_ex.c **** 
ARM GAS  /tmp/cchCrvCd.s 			page 4


 145:platform/HAL/src/stm32g4xx_hal_tim_ex.c **** @endverbatim
 146:platform/HAL/src/stm32g4xx_hal_tim_ex.c ****   * @{
 147:platform/HAL/src/stm32g4xx_hal_tim_ex.c ****   */
 148:platform/HAL/src/stm32g4xx_hal_tim_ex.c **** /**
 149:platform/HAL/src/stm32g4xx_hal_tim_ex.c ****   * @brief  Initializes the TIM Hall Sensor Interface and initialize the associated handle.
 150:platform/HAL/src/stm32g4xx_hal_tim_ex.c ****   * @note   When the timer instance is initialized in Hall Sensor Interface mode,
 151:platform/HAL/src/stm32g4xx_hal_tim_ex.c ****   *         timer channels 1 and channel 2 are reserved and cannot be used for
 152:platform/HAL/src/stm32g4xx_hal_tim_ex.c ****   *         other purpose.
 153:platform/HAL/src/stm32g4xx_hal_tim_ex.c ****   * @param  htim TIM Hall Sensor Interface handle
 154:platform/HAL/src/stm32g4xx_hal_tim_ex.c ****   * @param  sConfig TIM Hall Sensor configuration structure
 155:platform/HAL/src/stm32g4xx_hal_tim_ex.c ****   * @retval HAL status
 156:platform/HAL/src/stm32g4xx_hal_tim_ex.c ****   */
 157:platform/HAL/src/stm32g4xx_hal_tim_ex.c **** HAL_StatusTypeDef HAL_TIMEx_HallSensor_Init(TIM_HandleTypeDef *htim, const TIM_HallSensor_InitTypeD
 158:platform/HAL/src/stm32g4xx_hal_tim_ex.c **** {
 159:platform/HAL/src/stm32g4xx_hal_tim_ex.c ****   TIM_OC_InitTypeDef OC_Config;
 160:platform/HAL/src/stm32g4xx_hal_tim_ex.c **** 
 161:platform/HAL/src/stm32g4xx_hal_tim_ex.c ****   /* Check the TIM handle allocation */
 162:platform/HAL/src/stm32g4xx_hal_tim_ex.c ****   if (htim == NULL)
 163:platform/HAL/src/stm32g4xx_hal_tim_ex.c ****   {
 164:platform/HAL/src/stm32g4xx_hal_tim_ex.c ****     return HAL_ERROR;
 165:platform/HAL/src/stm32g4xx_hal_tim_ex.c ****   }
 166:platform/HAL/src/stm32g4xx_hal_tim_ex.c **** 
 167:platform/HAL/src/stm32g4xx_hal_tim_ex.c ****   /* Check the parameters */
 168:platform/HAL/src/stm32g4xx_hal_tim_ex.c ****   assert_param(IS_TIM_HALL_SENSOR_INTERFACE_INSTANCE(htim->Instance));
 169:platform/HAL/src/stm32g4xx_hal_tim_ex.c ****   assert_param(IS_TIM_COUNTER_MODE(htim->Init.CounterMode));
 170:platform/HAL/src/stm32g4xx_hal_tim_ex.c ****   assert_param(IS_TIM_CLOCKDIVISION_DIV(htim->Init.ClockDivision));
 171:platform/HAL/src/stm32g4xx_hal_tim_ex.c ****   assert_param(IS_TIM_AUTORELOAD_PRELOAD(htim->Init.AutoReloadPreload));
 172:platform/HAL/src/stm32g4xx_hal_tim_ex.c ****   assert_param(IS_TIM_IC_POLARITY(sConfig->IC1Polarity));
 173:platform/HAL/src/stm32g4xx_hal_tim_ex.c ****   assert_param(IS_TIM_PERIOD(htim, htim->Init.Period));
 174:platform/HAL/src/stm32g4xx_hal_tim_ex.c ****   assert_param(IS_TIM_IC_PRESCALER(sConfig->IC1Prescaler));
 175:platform/HAL/src/stm32g4xx_hal_tim_ex.c ****   assert_param(IS_TIM_IC_FILTER(sConfig->IC1Filter));
 176:platform/HAL/src/stm32g4xx_hal_tim_ex.c **** 
 177:platform/HAL/src/stm32g4xx_hal_tim_ex.c ****   if (htim->State == HAL_TIM_STATE_RESET)
 178:platform/HAL/src/stm32g4xx_hal_tim_ex.c ****   {
 179:platform/HAL/src/stm32g4xx_hal_tim_ex.c ****     /* Allocate lock resource and initialize it */
 180:platform/HAL/src/stm32g4xx_hal_tim_ex.c ****     htim->Lock = HAL_UNLOCKED;
 181:platform/HAL/src/stm32g4xx_hal_tim_ex.c **** 
 182:platform/HAL/src/stm32g4xx_hal_tim_ex.c **** #if (USE_HAL_TIM_REGISTER_CALLBACKS == 1)
 183:platform/HAL/src/stm32g4xx_hal_tim_ex.c ****     /* Reset interrupt callbacks to legacy week callbacks */
 184:platform/HAL/src/stm32g4xx_hal_tim_ex.c ****     TIM_ResetCallback(htim);
 185:platform/HAL/src/stm32g4xx_hal_tim_ex.c **** 
 186:platform/HAL/src/stm32g4xx_hal_tim_ex.c ****     if (htim->HallSensor_MspInitCallback == NULL)
 187:platform/HAL/src/stm32g4xx_hal_tim_ex.c ****     {
 188:platform/HAL/src/stm32g4xx_hal_tim_ex.c ****       htim->HallSensor_MspInitCallback = HAL_TIMEx_HallSensor_MspInit;
 189:platform/HAL/src/stm32g4xx_hal_tim_ex.c ****     }
 190:platform/HAL/src/stm32g4xx_hal_tim_ex.c ****     /* Init the low level hardware : GPIO, CLOCK, NVIC */
 191:platform/HAL/src/stm32g4xx_hal_tim_ex.c ****     htim->HallSensor_MspInitCallback(htim);
 192:platform/HAL/src/stm32g4xx_hal_tim_ex.c **** #else
 193:platform/HAL/src/stm32g4xx_hal_tim_ex.c ****     /* Init the low level hardware : GPIO, CLOCK, NVIC and DMA */
 194:platform/HAL/src/stm32g4xx_hal_tim_ex.c ****     HAL_TIMEx_HallSensor_MspInit(htim);
 195:platform/HAL/src/stm32g4xx_hal_tim_ex.c **** #endif /* USE_HAL_TIM_REGISTER_CALLBACKS */
 196:platform/HAL/src/stm32g4xx_hal_tim_ex.c ****   }
 197:platform/HAL/src/stm32g4xx_hal_tim_ex.c **** 
 198:platform/HAL/src/stm32g4xx_hal_tim_ex.c ****   /* Set the TIM state */
 199:platform/HAL/src/stm32g4xx_hal_tim_ex.c ****   htim->State = HAL_TIM_STATE_BUSY;
 200:platform/HAL/src/stm32g4xx_hal_tim_ex.c **** 
 201:platform/HAL/src/stm32g4xx_hal_tim_ex.c ****   /* Configure the Time base in the Encoder Mode */
ARM GAS  /tmp/cchCrvCd.s 			page 5


 202:platform/HAL/src/stm32g4xx_hal_tim_ex.c ****   TIM_Base_SetConfig(htim->Instance, &htim->Init);
 203:platform/HAL/src/stm32g4xx_hal_tim_ex.c **** 
 204:platform/HAL/src/stm32g4xx_hal_tim_ex.c ****   /* Configure the Channel 1 as Input Channel to interface with the three Outputs of the  Hall sens
 205:platform/HAL/src/stm32g4xx_hal_tim_ex.c ****   TIM_TI1_SetConfig(htim->Instance, sConfig->IC1Polarity, TIM_ICSELECTION_TRC, sConfig->IC1Filter);
 206:platform/HAL/src/stm32g4xx_hal_tim_ex.c **** 
 207:platform/HAL/src/stm32g4xx_hal_tim_ex.c ****   /* Reset the IC1PSC Bits */
 208:platform/HAL/src/stm32g4xx_hal_tim_ex.c ****   htim->Instance->CCMR1 &= ~TIM_CCMR1_IC1PSC;
 209:platform/HAL/src/stm32g4xx_hal_tim_ex.c ****   /* Set the IC1PSC value */
 210:platform/HAL/src/stm32g4xx_hal_tim_ex.c ****   htim->Instance->CCMR1 |= sConfig->IC1Prescaler;
 211:platform/HAL/src/stm32g4xx_hal_tim_ex.c **** 
 212:platform/HAL/src/stm32g4xx_hal_tim_ex.c ****   /* Enable the Hall sensor interface (XOR function of the three inputs) */
 213:platform/HAL/src/stm32g4xx_hal_tim_ex.c ****   htim->Instance->CR2 |= TIM_CR2_TI1S;
 214:platform/HAL/src/stm32g4xx_hal_tim_ex.c **** 
 215:platform/HAL/src/stm32g4xx_hal_tim_ex.c ****   /* Select the TIM_TS_TI1F_ED signal as Input trigger for the TIM */
 216:platform/HAL/src/stm32g4xx_hal_tim_ex.c ****   htim->Instance->SMCR &= ~TIM_SMCR_TS;
 217:platform/HAL/src/stm32g4xx_hal_tim_ex.c ****   htim->Instance->SMCR |= TIM_TS_TI1F_ED;
 218:platform/HAL/src/stm32g4xx_hal_tim_ex.c **** 
 219:platform/HAL/src/stm32g4xx_hal_tim_ex.c ****   /* Use the TIM_TS_TI1F_ED signal to reset the TIM counter each edge detection */
 220:platform/HAL/src/stm32g4xx_hal_tim_ex.c ****   htim->Instance->SMCR &= ~TIM_SMCR_SMS;
 221:platform/HAL/src/stm32g4xx_hal_tim_ex.c ****   htim->Instance->SMCR |= TIM_SLAVEMODE_RESET;
 222:platform/HAL/src/stm32g4xx_hal_tim_ex.c **** 
 223:platform/HAL/src/stm32g4xx_hal_tim_ex.c ****   /* Program channel 2 in PWM 2 mode with the desired Commutation_Delay*/
 224:platform/HAL/src/stm32g4xx_hal_tim_ex.c ****   OC_Config.OCFastMode = TIM_OCFAST_DISABLE;
 225:platform/HAL/src/stm32g4xx_hal_tim_ex.c ****   OC_Config.OCIdleState = TIM_OCIDLESTATE_RESET;
 226:platform/HAL/src/stm32g4xx_hal_tim_ex.c ****   OC_Config.OCMode = TIM_OCMODE_PWM2;
 227:platform/HAL/src/stm32g4xx_hal_tim_ex.c ****   OC_Config.OCNIdleState = TIM_OCNIDLESTATE_RESET;
 228:platform/HAL/src/stm32g4xx_hal_tim_ex.c ****   OC_Config.OCNPolarity = TIM_OCNPOLARITY_HIGH;
 229:platform/HAL/src/stm32g4xx_hal_tim_ex.c ****   OC_Config.OCPolarity = TIM_OCPOLARITY_HIGH;
 230:platform/HAL/src/stm32g4xx_hal_tim_ex.c ****   OC_Config.Pulse = sConfig->Commutation_Delay;
 231:platform/HAL/src/stm32g4xx_hal_tim_ex.c **** 
 232:platform/HAL/src/stm32g4xx_hal_tim_ex.c ****   TIM_OC2_SetConfig(htim->Instance, &OC_Config);
 233:platform/HAL/src/stm32g4xx_hal_tim_ex.c **** 
 234:platform/HAL/src/stm32g4xx_hal_tim_ex.c ****   /* Select OC2REF as trigger output on TRGO: write the MMS bits in the TIMx_CR2
 235:platform/HAL/src/stm32g4xx_hal_tim_ex.c ****     register to 101 */
 236:platform/HAL/src/stm32g4xx_hal_tim_ex.c ****   htim->Instance->CR2 &= ~TIM_CR2_MMS;
 237:platform/HAL/src/stm32g4xx_hal_tim_ex.c ****   htim->Instance->CR2 |= TIM_TRGO_OC2REF;
 238:platform/HAL/src/stm32g4xx_hal_tim_ex.c **** 
 239:platform/HAL/src/stm32g4xx_hal_tim_ex.c ****   /* Initialize the DMA burst operation state */
 240:platform/HAL/src/stm32g4xx_hal_tim_ex.c ****   htim->DMABurstState = HAL_DMA_BURST_STATE_READY;
 241:platform/HAL/src/stm32g4xx_hal_tim_ex.c **** 
 242:platform/HAL/src/stm32g4xx_hal_tim_ex.c ****   /* Initialize the TIM channels state */
 243:platform/HAL/src/stm32g4xx_hal_tim_ex.c ****   TIM_CHANNEL_STATE_SET(htim, TIM_CHANNEL_1, HAL_TIM_CHANNEL_STATE_READY);
 244:platform/HAL/src/stm32g4xx_hal_tim_ex.c ****   TIM_CHANNEL_STATE_SET(htim, TIM_CHANNEL_2, HAL_TIM_CHANNEL_STATE_READY);
 245:platform/HAL/src/stm32g4xx_hal_tim_ex.c ****   TIM_CHANNEL_N_STATE_SET(htim, TIM_CHANNEL_1, HAL_TIM_CHANNEL_STATE_READY);
 246:platform/HAL/src/stm32g4xx_hal_tim_ex.c ****   TIM_CHANNEL_N_STATE_SET(htim, TIM_CHANNEL_2, HAL_TIM_CHANNEL_STATE_READY);
 247:platform/HAL/src/stm32g4xx_hal_tim_ex.c **** 
 248:platform/HAL/src/stm32g4xx_hal_tim_ex.c ****   /* Initialize the TIM state*/
 249:platform/HAL/src/stm32g4xx_hal_tim_ex.c ****   htim->State = HAL_TIM_STATE_READY;
 250:platform/HAL/src/stm32g4xx_hal_tim_ex.c **** 
 251:platform/HAL/src/stm32g4xx_hal_tim_ex.c ****   return HAL_OK;
 252:platform/HAL/src/stm32g4xx_hal_tim_ex.c **** }
 253:platform/HAL/src/stm32g4xx_hal_tim_ex.c **** 
 254:platform/HAL/src/stm32g4xx_hal_tim_ex.c **** /**
 255:platform/HAL/src/stm32g4xx_hal_tim_ex.c ****   * @brief  DeInitializes the TIM Hall Sensor interface
 256:platform/HAL/src/stm32g4xx_hal_tim_ex.c ****   * @param  htim TIM Hall Sensor Interface handle
 257:platform/HAL/src/stm32g4xx_hal_tim_ex.c ****   * @retval HAL status
 258:platform/HAL/src/stm32g4xx_hal_tim_ex.c ****   */
ARM GAS  /tmp/cchCrvCd.s 			page 6


 259:platform/HAL/src/stm32g4xx_hal_tim_ex.c **** HAL_StatusTypeDef HAL_TIMEx_HallSensor_DeInit(TIM_HandleTypeDef *htim)
 260:platform/HAL/src/stm32g4xx_hal_tim_ex.c **** {
 261:platform/HAL/src/stm32g4xx_hal_tim_ex.c ****   /* Check the parameters */
 262:platform/HAL/src/stm32g4xx_hal_tim_ex.c ****   assert_param(IS_TIM_INSTANCE(htim->Instance));
 263:platform/HAL/src/stm32g4xx_hal_tim_ex.c **** 
 264:platform/HAL/src/stm32g4xx_hal_tim_ex.c ****   htim->State = HAL_TIM_STATE_BUSY;
 265:platform/HAL/src/stm32g4xx_hal_tim_ex.c **** 
 266:platform/HAL/src/stm32g4xx_hal_tim_ex.c ****   /* Disable the TIM Peripheral Clock */
 267:platform/HAL/src/stm32g4xx_hal_tim_ex.c ****   __HAL_TIM_DISABLE(htim);
 268:platform/HAL/src/stm32g4xx_hal_tim_ex.c **** 
 269:platform/HAL/src/stm32g4xx_hal_tim_ex.c **** #if (USE_HAL_TIM_REGISTER_CALLBACKS == 1)
 270:platform/HAL/src/stm32g4xx_hal_tim_ex.c ****   if (htim->HallSensor_MspDeInitCallback == NULL)
 271:platform/HAL/src/stm32g4xx_hal_tim_ex.c ****   {
 272:platform/HAL/src/stm32g4xx_hal_tim_ex.c ****     htim->HallSensor_MspDeInitCallback = HAL_TIMEx_HallSensor_MspDeInit;
 273:platform/HAL/src/stm32g4xx_hal_tim_ex.c ****   }
 274:platform/HAL/src/stm32g4xx_hal_tim_ex.c ****   /* DeInit the low level hardware */
 275:platform/HAL/src/stm32g4xx_hal_tim_ex.c ****   htim->HallSensor_MspDeInitCallback(htim);
 276:platform/HAL/src/stm32g4xx_hal_tim_ex.c **** #else
 277:platform/HAL/src/stm32g4xx_hal_tim_ex.c ****   /* DeInit the low level hardware: GPIO, CLOCK, NVIC */
 278:platform/HAL/src/stm32g4xx_hal_tim_ex.c ****   HAL_TIMEx_HallSensor_MspDeInit(htim);
 279:platform/HAL/src/stm32g4xx_hal_tim_ex.c **** #endif /* USE_HAL_TIM_REGISTER_CALLBACKS */
 280:platform/HAL/src/stm32g4xx_hal_tim_ex.c **** 
 281:platform/HAL/src/stm32g4xx_hal_tim_ex.c ****   /* Change the DMA burst operation state */
 282:platform/HAL/src/stm32g4xx_hal_tim_ex.c ****   htim->DMABurstState = HAL_DMA_BURST_STATE_RESET;
 283:platform/HAL/src/stm32g4xx_hal_tim_ex.c **** 
 284:platform/HAL/src/stm32g4xx_hal_tim_ex.c ****   /* Change the TIM channels state */
 285:platform/HAL/src/stm32g4xx_hal_tim_ex.c ****   TIM_CHANNEL_STATE_SET(htim, TIM_CHANNEL_1, HAL_TIM_CHANNEL_STATE_RESET);
 286:platform/HAL/src/stm32g4xx_hal_tim_ex.c ****   TIM_CHANNEL_STATE_SET(htim, TIM_CHANNEL_2, HAL_TIM_CHANNEL_STATE_RESET);
 287:platform/HAL/src/stm32g4xx_hal_tim_ex.c ****   TIM_CHANNEL_N_STATE_SET(htim, TIM_CHANNEL_1, HAL_TIM_CHANNEL_STATE_RESET);
 288:platform/HAL/src/stm32g4xx_hal_tim_ex.c ****   TIM_CHANNEL_N_STATE_SET(htim, TIM_CHANNEL_2, HAL_TIM_CHANNEL_STATE_RESET);
 289:platform/HAL/src/stm32g4xx_hal_tim_ex.c **** 
 290:platform/HAL/src/stm32g4xx_hal_tim_ex.c ****   /* Change TIM state */
 291:platform/HAL/src/stm32g4xx_hal_tim_ex.c ****   htim->State = HAL_TIM_STATE_RESET;
 292:platform/HAL/src/stm32g4xx_hal_tim_ex.c **** 
 293:platform/HAL/src/stm32g4xx_hal_tim_ex.c ****   /* Release Lock */
 294:platform/HAL/src/stm32g4xx_hal_tim_ex.c ****   __HAL_UNLOCK(htim);
 295:platform/HAL/src/stm32g4xx_hal_tim_ex.c **** 
 296:platform/HAL/src/stm32g4xx_hal_tim_ex.c ****   return HAL_OK;
 297:platform/HAL/src/stm32g4xx_hal_tim_ex.c **** }
 298:platform/HAL/src/stm32g4xx_hal_tim_ex.c **** 
 299:platform/HAL/src/stm32g4xx_hal_tim_ex.c **** /**
 300:platform/HAL/src/stm32g4xx_hal_tim_ex.c ****   * @brief  Initializes the TIM Hall Sensor MSP.
 301:platform/HAL/src/stm32g4xx_hal_tim_ex.c ****   * @param  htim TIM Hall Sensor Interface handle
 302:platform/HAL/src/stm32g4xx_hal_tim_ex.c ****   * @retval None
 303:platform/HAL/src/stm32g4xx_hal_tim_ex.c ****   */
 304:platform/HAL/src/stm32g4xx_hal_tim_ex.c **** __weak void HAL_TIMEx_HallSensor_MspInit(TIM_HandleTypeDef *htim)
 305:platform/HAL/src/stm32g4xx_hal_tim_ex.c **** {
 306:platform/HAL/src/stm32g4xx_hal_tim_ex.c ****   /* Prevent unused argument(s) compilation warning */
 307:platform/HAL/src/stm32g4xx_hal_tim_ex.c ****   UNUSED(htim);
 308:platform/HAL/src/stm32g4xx_hal_tim_ex.c **** 
 309:platform/HAL/src/stm32g4xx_hal_tim_ex.c ****   /* NOTE : This function should not be modified, when the callback is needed,
 310:platform/HAL/src/stm32g4xx_hal_tim_ex.c ****             the HAL_TIMEx_HallSensor_MspInit could be implemented in the user file
 311:platform/HAL/src/stm32g4xx_hal_tim_ex.c ****    */
 312:platform/HAL/src/stm32g4xx_hal_tim_ex.c **** }
 313:platform/HAL/src/stm32g4xx_hal_tim_ex.c **** 
 314:platform/HAL/src/stm32g4xx_hal_tim_ex.c **** /**
 315:platform/HAL/src/stm32g4xx_hal_tim_ex.c ****   * @brief  DeInitializes TIM Hall Sensor MSP.
ARM GAS  /tmp/cchCrvCd.s 			page 7


 316:platform/HAL/src/stm32g4xx_hal_tim_ex.c ****   * @param  htim TIM Hall Sensor Interface handle
 317:platform/HAL/src/stm32g4xx_hal_tim_ex.c ****   * @retval None
 318:platform/HAL/src/stm32g4xx_hal_tim_ex.c ****   */
 319:platform/HAL/src/stm32g4xx_hal_tim_ex.c **** __weak void HAL_TIMEx_HallSensor_MspDeInit(TIM_HandleTypeDef *htim)
 320:platform/HAL/src/stm32g4xx_hal_tim_ex.c **** {
 321:platform/HAL/src/stm32g4xx_hal_tim_ex.c ****   /* Prevent unused argument(s) compilation warning */
 322:platform/HAL/src/stm32g4xx_hal_tim_ex.c ****   UNUSED(htim);
 323:platform/HAL/src/stm32g4xx_hal_tim_ex.c **** 
 324:platform/HAL/src/stm32g4xx_hal_tim_ex.c ****   /* NOTE : This function should not be modified, when the callback is needed,
 325:platform/HAL/src/stm32g4xx_hal_tim_ex.c ****             the HAL_TIMEx_HallSensor_MspDeInit could be implemented in the user file
 326:platform/HAL/src/stm32g4xx_hal_tim_ex.c ****    */
 327:platform/HAL/src/stm32g4xx_hal_tim_ex.c **** }
 328:platform/HAL/src/stm32g4xx_hal_tim_ex.c **** 
 329:platform/HAL/src/stm32g4xx_hal_tim_ex.c **** /**
 330:platform/HAL/src/stm32g4xx_hal_tim_ex.c ****   * @brief  Starts the TIM Hall Sensor Interface.
 331:platform/HAL/src/stm32g4xx_hal_tim_ex.c ****   * @param  htim TIM Hall Sensor Interface handle
 332:platform/HAL/src/stm32g4xx_hal_tim_ex.c ****   * @retval HAL status
 333:platform/HAL/src/stm32g4xx_hal_tim_ex.c ****   */
 334:platform/HAL/src/stm32g4xx_hal_tim_ex.c **** HAL_StatusTypeDef HAL_TIMEx_HallSensor_Start(TIM_HandleTypeDef *htim)
 335:platform/HAL/src/stm32g4xx_hal_tim_ex.c **** {
 336:platform/HAL/src/stm32g4xx_hal_tim_ex.c ****   uint32_t tmpsmcr;
 337:platform/HAL/src/stm32g4xx_hal_tim_ex.c ****   HAL_TIM_ChannelStateTypeDef channel_1_state = TIM_CHANNEL_STATE_GET(htim, TIM_CHANNEL_1);
 338:platform/HAL/src/stm32g4xx_hal_tim_ex.c ****   HAL_TIM_ChannelStateTypeDef channel_2_state = TIM_CHANNEL_STATE_GET(htim, TIM_CHANNEL_2);
 339:platform/HAL/src/stm32g4xx_hal_tim_ex.c ****   HAL_TIM_ChannelStateTypeDef complementary_channel_1_state = TIM_CHANNEL_N_STATE_GET(htim, TIM_CHA
 340:platform/HAL/src/stm32g4xx_hal_tim_ex.c ****   HAL_TIM_ChannelStateTypeDef complementary_channel_2_state = TIM_CHANNEL_N_STATE_GET(htim, TIM_CHA
 341:platform/HAL/src/stm32g4xx_hal_tim_ex.c **** 
 342:platform/HAL/src/stm32g4xx_hal_tim_ex.c ****   /* Check the parameters */
 343:platform/HAL/src/stm32g4xx_hal_tim_ex.c ****   assert_param(IS_TIM_HALL_SENSOR_INTERFACE_INSTANCE(htim->Instance));
 344:platform/HAL/src/stm32g4xx_hal_tim_ex.c **** 
 345:platform/HAL/src/stm32g4xx_hal_tim_ex.c ****   /* Check the TIM channels state */
 346:platform/HAL/src/stm32g4xx_hal_tim_ex.c ****   if ((channel_1_state != HAL_TIM_CHANNEL_STATE_READY)
 347:platform/HAL/src/stm32g4xx_hal_tim_ex.c ****       || (channel_2_state != HAL_TIM_CHANNEL_STATE_READY)
 348:platform/HAL/src/stm32g4xx_hal_tim_ex.c ****       || (complementary_channel_1_state != HAL_TIM_CHANNEL_STATE_READY)
 349:platform/HAL/src/stm32g4xx_hal_tim_ex.c ****       || (complementary_channel_2_state != HAL_TIM_CHANNEL_STATE_READY))
 350:platform/HAL/src/stm32g4xx_hal_tim_ex.c ****   {
 351:platform/HAL/src/stm32g4xx_hal_tim_ex.c ****     return HAL_ERROR;
 352:platform/HAL/src/stm32g4xx_hal_tim_ex.c ****   }
 353:platform/HAL/src/stm32g4xx_hal_tim_ex.c **** 
 354:platform/HAL/src/stm32g4xx_hal_tim_ex.c ****   /* Set the TIM channels state */
 355:platform/HAL/src/stm32g4xx_hal_tim_ex.c ****   TIM_CHANNEL_STATE_SET(htim, TIM_CHANNEL_1, HAL_TIM_CHANNEL_STATE_BUSY);
 356:platform/HAL/src/stm32g4xx_hal_tim_ex.c ****   TIM_CHANNEL_STATE_SET(htim, TIM_CHANNEL_2, HAL_TIM_CHANNEL_STATE_BUSY);
 357:platform/HAL/src/stm32g4xx_hal_tim_ex.c ****   TIM_CHANNEL_N_STATE_SET(htim, TIM_CHANNEL_1, HAL_TIM_CHANNEL_STATE_BUSY);
 358:platform/HAL/src/stm32g4xx_hal_tim_ex.c ****   TIM_CHANNEL_N_STATE_SET(htim, TIM_CHANNEL_2, HAL_TIM_CHANNEL_STATE_BUSY);
 359:platform/HAL/src/stm32g4xx_hal_tim_ex.c **** 
 360:platform/HAL/src/stm32g4xx_hal_tim_ex.c ****   /* Enable the Input Capture channel 1
 361:platform/HAL/src/stm32g4xx_hal_tim_ex.c ****   (in the Hall Sensor Interface the three possible channels that can be used are TIM_CHANNEL_1,
 362:platform/HAL/src/stm32g4xx_hal_tim_ex.c ****   TIM_CHANNEL_2 and TIM_CHANNEL_3) */
 363:platform/HAL/src/stm32g4xx_hal_tim_ex.c ****   TIM_CCxChannelCmd(htim->Instance, TIM_CHANNEL_1, TIM_CCx_ENABLE);
 364:platform/HAL/src/stm32g4xx_hal_tim_ex.c **** 
 365:platform/HAL/src/stm32g4xx_hal_tim_ex.c ****   /* Enable the Peripheral, except in trigger mode where enable is automatically done with trigger 
 366:platform/HAL/src/stm32g4xx_hal_tim_ex.c ****   if (IS_TIM_SLAVE_INSTANCE(htim->Instance))
 367:platform/HAL/src/stm32g4xx_hal_tim_ex.c ****   {
 368:platform/HAL/src/stm32g4xx_hal_tim_ex.c ****     tmpsmcr = htim->Instance->SMCR & TIM_SMCR_SMS;
 369:platform/HAL/src/stm32g4xx_hal_tim_ex.c ****     if (!IS_TIM_SLAVEMODE_TRIGGER_ENABLED(tmpsmcr))
 370:platform/HAL/src/stm32g4xx_hal_tim_ex.c ****     {
 371:platform/HAL/src/stm32g4xx_hal_tim_ex.c ****       __HAL_TIM_ENABLE(htim);
 372:platform/HAL/src/stm32g4xx_hal_tim_ex.c ****     }
ARM GAS  /tmp/cchCrvCd.s 			page 8


 373:platform/HAL/src/stm32g4xx_hal_tim_ex.c ****   }
 374:platform/HAL/src/stm32g4xx_hal_tim_ex.c ****   else
 375:platform/HAL/src/stm32g4xx_hal_tim_ex.c ****   {
 376:platform/HAL/src/stm32g4xx_hal_tim_ex.c ****     __HAL_TIM_ENABLE(htim);
 377:platform/HAL/src/stm32g4xx_hal_tim_ex.c ****   }
 378:platform/HAL/src/stm32g4xx_hal_tim_ex.c **** 
 379:platform/HAL/src/stm32g4xx_hal_tim_ex.c ****   /* Return function status */
 380:platform/HAL/src/stm32g4xx_hal_tim_ex.c ****   return HAL_OK;
 381:platform/HAL/src/stm32g4xx_hal_tim_ex.c **** }
 382:platform/HAL/src/stm32g4xx_hal_tim_ex.c **** 
 383:platform/HAL/src/stm32g4xx_hal_tim_ex.c **** /**
 384:platform/HAL/src/stm32g4xx_hal_tim_ex.c ****   * @brief  Stops the TIM Hall sensor Interface.
 385:platform/HAL/src/stm32g4xx_hal_tim_ex.c ****   * @param  htim TIM Hall Sensor Interface handle
 386:platform/HAL/src/stm32g4xx_hal_tim_ex.c ****   * @retval HAL status
 387:platform/HAL/src/stm32g4xx_hal_tim_ex.c ****   */
 388:platform/HAL/src/stm32g4xx_hal_tim_ex.c **** HAL_StatusTypeDef HAL_TIMEx_HallSensor_Stop(TIM_HandleTypeDef *htim)
 389:platform/HAL/src/stm32g4xx_hal_tim_ex.c **** {
 390:platform/HAL/src/stm32g4xx_hal_tim_ex.c ****   /* Check the parameters */
 391:platform/HAL/src/stm32g4xx_hal_tim_ex.c ****   assert_param(IS_TIM_HALL_SENSOR_INTERFACE_INSTANCE(htim->Instance));
 392:platform/HAL/src/stm32g4xx_hal_tim_ex.c **** 
 393:platform/HAL/src/stm32g4xx_hal_tim_ex.c ****   /* Disable the Input Capture channels 1, 2 and 3
 394:platform/HAL/src/stm32g4xx_hal_tim_ex.c ****   (in the Hall Sensor Interface the three possible channels that can be used are TIM_CHANNEL_1,
 395:platform/HAL/src/stm32g4xx_hal_tim_ex.c ****   TIM_CHANNEL_2 and TIM_CHANNEL_3) */
 396:platform/HAL/src/stm32g4xx_hal_tim_ex.c ****   TIM_CCxChannelCmd(htim->Instance, TIM_CHANNEL_1, TIM_CCx_DISABLE);
 397:platform/HAL/src/stm32g4xx_hal_tim_ex.c **** 
 398:platform/HAL/src/stm32g4xx_hal_tim_ex.c ****   /* Disable the Peripheral */
 399:platform/HAL/src/stm32g4xx_hal_tim_ex.c ****   __HAL_TIM_DISABLE(htim);
 400:platform/HAL/src/stm32g4xx_hal_tim_ex.c **** 
 401:platform/HAL/src/stm32g4xx_hal_tim_ex.c ****   /* Set the TIM channels state */
 402:platform/HAL/src/stm32g4xx_hal_tim_ex.c ****   TIM_CHANNEL_STATE_SET(htim, TIM_CHANNEL_1, HAL_TIM_CHANNEL_STATE_READY);
 403:platform/HAL/src/stm32g4xx_hal_tim_ex.c ****   TIM_CHANNEL_STATE_SET(htim, TIM_CHANNEL_2, HAL_TIM_CHANNEL_STATE_READY);
 404:platform/HAL/src/stm32g4xx_hal_tim_ex.c ****   TIM_CHANNEL_N_STATE_SET(htim, TIM_CHANNEL_1, HAL_TIM_CHANNEL_STATE_READY);
 405:platform/HAL/src/stm32g4xx_hal_tim_ex.c ****   TIM_CHANNEL_N_STATE_SET(htim, TIM_CHANNEL_2, HAL_TIM_CHANNEL_STATE_READY);
 406:platform/HAL/src/stm32g4xx_hal_tim_ex.c **** 
 407:platform/HAL/src/stm32g4xx_hal_tim_ex.c ****   /* Return function status */
 408:platform/HAL/src/stm32g4xx_hal_tim_ex.c ****   return HAL_OK;
 409:platform/HAL/src/stm32g4xx_hal_tim_ex.c **** }
 410:platform/HAL/src/stm32g4xx_hal_tim_ex.c **** 
 411:platform/HAL/src/stm32g4xx_hal_tim_ex.c **** /**
 412:platform/HAL/src/stm32g4xx_hal_tim_ex.c ****   * @brief  Starts the TIM Hall Sensor Interface in interrupt mode.
 413:platform/HAL/src/stm32g4xx_hal_tim_ex.c ****   * @param  htim TIM Hall Sensor Interface handle
 414:platform/HAL/src/stm32g4xx_hal_tim_ex.c ****   * @retval HAL status
 415:platform/HAL/src/stm32g4xx_hal_tim_ex.c ****   */
 416:platform/HAL/src/stm32g4xx_hal_tim_ex.c **** HAL_StatusTypeDef HAL_TIMEx_HallSensor_Start_IT(TIM_HandleTypeDef *htim)
 417:platform/HAL/src/stm32g4xx_hal_tim_ex.c **** {
 418:platform/HAL/src/stm32g4xx_hal_tim_ex.c ****   uint32_t tmpsmcr;
 419:platform/HAL/src/stm32g4xx_hal_tim_ex.c ****   HAL_TIM_ChannelStateTypeDef channel_1_state = TIM_CHANNEL_STATE_GET(htim, TIM_CHANNEL_1);
 420:platform/HAL/src/stm32g4xx_hal_tim_ex.c ****   HAL_TIM_ChannelStateTypeDef channel_2_state = TIM_CHANNEL_STATE_GET(htim, TIM_CHANNEL_2);
 421:platform/HAL/src/stm32g4xx_hal_tim_ex.c ****   HAL_TIM_ChannelStateTypeDef complementary_channel_1_state = TIM_CHANNEL_N_STATE_GET(htim, TIM_CHA
 422:platform/HAL/src/stm32g4xx_hal_tim_ex.c ****   HAL_TIM_ChannelStateTypeDef complementary_channel_2_state = TIM_CHANNEL_N_STATE_GET(htim, TIM_CHA
 423:platform/HAL/src/stm32g4xx_hal_tim_ex.c **** 
 424:platform/HAL/src/stm32g4xx_hal_tim_ex.c ****   /* Check the parameters */
 425:platform/HAL/src/stm32g4xx_hal_tim_ex.c ****   assert_param(IS_TIM_HALL_SENSOR_INTERFACE_INSTANCE(htim->Instance));
 426:platform/HAL/src/stm32g4xx_hal_tim_ex.c **** 
 427:platform/HAL/src/stm32g4xx_hal_tim_ex.c ****   /* Check the TIM channels state */
 428:platform/HAL/src/stm32g4xx_hal_tim_ex.c ****   if ((channel_1_state != HAL_TIM_CHANNEL_STATE_READY)
 429:platform/HAL/src/stm32g4xx_hal_tim_ex.c ****       || (channel_2_state != HAL_TIM_CHANNEL_STATE_READY)
ARM GAS  /tmp/cchCrvCd.s 			page 9


 430:platform/HAL/src/stm32g4xx_hal_tim_ex.c ****       || (complementary_channel_1_state != HAL_TIM_CHANNEL_STATE_READY)
 431:platform/HAL/src/stm32g4xx_hal_tim_ex.c ****       || (complementary_channel_2_state != HAL_TIM_CHANNEL_STATE_READY))
 432:platform/HAL/src/stm32g4xx_hal_tim_ex.c ****   {
 433:platform/HAL/src/stm32g4xx_hal_tim_ex.c ****     return HAL_ERROR;
 434:platform/HAL/src/stm32g4xx_hal_tim_ex.c ****   }
 435:platform/HAL/src/stm32g4xx_hal_tim_ex.c **** 
 436:platform/HAL/src/stm32g4xx_hal_tim_ex.c ****   /* Set the TIM channels state */
 437:platform/HAL/src/stm32g4xx_hal_tim_ex.c ****   TIM_CHANNEL_STATE_SET(htim, TIM_CHANNEL_1, HAL_TIM_CHANNEL_STATE_BUSY);
 438:platform/HAL/src/stm32g4xx_hal_tim_ex.c ****   TIM_CHANNEL_STATE_SET(htim, TIM_CHANNEL_2, HAL_TIM_CHANNEL_STATE_BUSY);
 439:platform/HAL/src/stm32g4xx_hal_tim_ex.c ****   TIM_CHANNEL_N_STATE_SET(htim, TIM_CHANNEL_1, HAL_TIM_CHANNEL_STATE_BUSY);
 440:platform/HAL/src/stm32g4xx_hal_tim_ex.c ****   TIM_CHANNEL_N_STATE_SET(htim, TIM_CHANNEL_2, HAL_TIM_CHANNEL_STATE_BUSY);
 441:platform/HAL/src/stm32g4xx_hal_tim_ex.c **** 
 442:platform/HAL/src/stm32g4xx_hal_tim_ex.c ****   /* Enable the capture compare Interrupts 1 event */
 443:platform/HAL/src/stm32g4xx_hal_tim_ex.c ****   __HAL_TIM_ENABLE_IT(htim, TIM_IT_CC1);
 444:platform/HAL/src/stm32g4xx_hal_tim_ex.c **** 
 445:platform/HAL/src/stm32g4xx_hal_tim_ex.c ****   /* Enable the Input Capture channel 1
 446:platform/HAL/src/stm32g4xx_hal_tim_ex.c ****   (in the Hall Sensor Interface the three possible channels that can be used are TIM_CHANNEL_1,
 447:platform/HAL/src/stm32g4xx_hal_tim_ex.c ****   TIM_CHANNEL_2 and TIM_CHANNEL_3) */
 448:platform/HAL/src/stm32g4xx_hal_tim_ex.c ****   TIM_CCxChannelCmd(htim->Instance, TIM_CHANNEL_1, TIM_CCx_ENABLE);
 449:platform/HAL/src/stm32g4xx_hal_tim_ex.c **** 
 450:platform/HAL/src/stm32g4xx_hal_tim_ex.c ****   /* Enable the Peripheral, except in trigger mode where enable is automatically done with trigger 
 451:platform/HAL/src/stm32g4xx_hal_tim_ex.c ****   if (IS_TIM_SLAVE_INSTANCE(htim->Instance))
 452:platform/HAL/src/stm32g4xx_hal_tim_ex.c ****   {
 453:platform/HAL/src/stm32g4xx_hal_tim_ex.c ****     tmpsmcr = htim->Instance->SMCR & TIM_SMCR_SMS;
 454:platform/HAL/src/stm32g4xx_hal_tim_ex.c ****     if (!IS_TIM_SLAVEMODE_TRIGGER_ENABLED(tmpsmcr))
 455:platform/HAL/src/stm32g4xx_hal_tim_ex.c ****     {
 456:platform/HAL/src/stm32g4xx_hal_tim_ex.c ****       __HAL_TIM_ENABLE(htim);
 457:platform/HAL/src/stm32g4xx_hal_tim_ex.c ****     }
 458:platform/HAL/src/stm32g4xx_hal_tim_ex.c ****   }
 459:platform/HAL/src/stm32g4xx_hal_tim_ex.c ****   else
 460:platform/HAL/src/stm32g4xx_hal_tim_ex.c ****   {
 461:platform/HAL/src/stm32g4xx_hal_tim_ex.c ****     __HAL_TIM_ENABLE(htim);
 462:platform/HAL/src/stm32g4xx_hal_tim_ex.c ****   }
 463:platform/HAL/src/stm32g4xx_hal_tim_ex.c **** 
 464:platform/HAL/src/stm32g4xx_hal_tim_ex.c ****   /* Return function status */
 465:platform/HAL/src/stm32g4xx_hal_tim_ex.c ****   return HAL_OK;
 466:platform/HAL/src/stm32g4xx_hal_tim_ex.c **** }
 467:platform/HAL/src/stm32g4xx_hal_tim_ex.c **** 
 468:platform/HAL/src/stm32g4xx_hal_tim_ex.c **** /**
 469:platform/HAL/src/stm32g4xx_hal_tim_ex.c ****   * @brief  Stops the TIM Hall Sensor Interface in interrupt mode.
 470:platform/HAL/src/stm32g4xx_hal_tim_ex.c ****   * @param  htim TIM Hall Sensor Interface handle
 471:platform/HAL/src/stm32g4xx_hal_tim_ex.c ****   * @retval HAL status
 472:platform/HAL/src/stm32g4xx_hal_tim_ex.c ****   */
 473:platform/HAL/src/stm32g4xx_hal_tim_ex.c **** HAL_StatusTypeDef HAL_TIMEx_HallSensor_Stop_IT(TIM_HandleTypeDef *htim)
 474:platform/HAL/src/stm32g4xx_hal_tim_ex.c **** {
 475:platform/HAL/src/stm32g4xx_hal_tim_ex.c ****   /* Check the parameters */
 476:platform/HAL/src/stm32g4xx_hal_tim_ex.c ****   assert_param(IS_TIM_HALL_SENSOR_INTERFACE_INSTANCE(htim->Instance));
 477:platform/HAL/src/stm32g4xx_hal_tim_ex.c **** 
 478:platform/HAL/src/stm32g4xx_hal_tim_ex.c ****   /* Disable the Input Capture channel 1
 479:platform/HAL/src/stm32g4xx_hal_tim_ex.c ****   (in the Hall Sensor Interface the three possible channels that can be used are TIM_CHANNEL_1,
 480:platform/HAL/src/stm32g4xx_hal_tim_ex.c ****   TIM_CHANNEL_2 and TIM_CHANNEL_3) */
 481:platform/HAL/src/stm32g4xx_hal_tim_ex.c ****   TIM_CCxChannelCmd(htim->Instance, TIM_CHANNEL_1, TIM_CCx_DISABLE);
 482:platform/HAL/src/stm32g4xx_hal_tim_ex.c **** 
 483:platform/HAL/src/stm32g4xx_hal_tim_ex.c ****   /* Disable the capture compare Interrupts event */
 484:platform/HAL/src/stm32g4xx_hal_tim_ex.c ****   __HAL_TIM_DISABLE_IT(htim, TIM_IT_CC1);
 485:platform/HAL/src/stm32g4xx_hal_tim_ex.c **** 
 486:platform/HAL/src/stm32g4xx_hal_tim_ex.c ****   /* Disable the Peripheral */
ARM GAS  /tmp/cchCrvCd.s 			page 10


 487:platform/HAL/src/stm32g4xx_hal_tim_ex.c ****   __HAL_TIM_DISABLE(htim);
 488:platform/HAL/src/stm32g4xx_hal_tim_ex.c **** 
 489:platform/HAL/src/stm32g4xx_hal_tim_ex.c ****   /* Set the TIM channels state */
 490:platform/HAL/src/stm32g4xx_hal_tim_ex.c ****   TIM_CHANNEL_STATE_SET(htim, TIM_CHANNEL_1, HAL_TIM_CHANNEL_STATE_READY);
 491:platform/HAL/src/stm32g4xx_hal_tim_ex.c ****   TIM_CHANNEL_STATE_SET(htim, TIM_CHANNEL_2, HAL_TIM_CHANNEL_STATE_READY);
 492:platform/HAL/src/stm32g4xx_hal_tim_ex.c ****   TIM_CHANNEL_N_STATE_SET(htim, TIM_CHANNEL_1, HAL_TIM_CHANNEL_STATE_READY);
 493:platform/HAL/src/stm32g4xx_hal_tim_ex.c ****   TIM_CHANNEL_N_STATE_SET(htim, TIM_CHANNEL_2, HAL_TIM_CHANNEL_STATE_READY);
 494:platform/HAL/src/stm32g4xx_hal_tim_ex.c **** 
 495:platform/HAL/src/stm32g4xx_hal_tim_ex.c ****   /* Return function status */
 496:platform/HAL/src/stm32g4xx_hal_tim_ex.c ****   return HAL_OK;
 497:platform/HAL/src/stm32g4xx_hal_tim_ex.c **** }
 498:platform/HAL/src/stm32g4xx_hal_tim_ex.c **** 
 499:platform/HAL/src/stm32g4xx_hal_tim_ex.c **** /**
 500:platform/HAL/src/stm32g4xx_hal_tim_ex.c ****   * @brief  Starts the TIM Hall Sensor Interface in DMA mode.
 501:platform/HAL/src/stm32g4xx_hal_tim_ex.c ****   * @param  htim TIM Hall Sensor Interface handle
 502:platform/HAL/src/stm32g4xx_hal_tim_ex.c ****   * @param  pData The destination Buffer address.
 503:platform/HAL/src/stm32g4xx_hal_tim_ex.c ****   * @param  Length The length of data to be transferred from TIM peripheral to memory.
 504:platform/HAL/src/stm32g4xx_hal_tim_ex.c ****   * @retval HAL status
 505:platform/HAL/src/stm32g4xx_hal_tim_ex.c ****   */
 506:platform/HAL/src/stm32g4xx_hal_tim_ex.c **** HAL_StatusTypeDef HAL_TIMEx_HallSensor_Start_DMA(TIM_HandleTypeDef *htim, uint32_t *pData, uint16_t
 507:platform/HAL/src/stm32g4xx_hal_tim_ex.c **** {
 508:platform/HAL/src/stm32g4xx_hal_tim_ex.c ****   uint32_t tmpsmcr;
 509:platform/HAL/src/stm32g4xx_hal_tim_ex.c ****   HAL_TIM_ChannelStateTypeDef channel_1_state = TIM_CHANNEL_STATE_GET(htim, TIM_CHANNEL_1);
 510:platform/HAL/src/stm32g4xx_hal_tim_ex.c ****   HAL_TIM_ChannelStateTypeDef complementary_channel_1_state = TIM_CHANNEL_N_STATE_GET(htim, TIM_CHA
 511:platform/HAL/src/stm32g4xx_hal_tim_ex.c **** 
 512:platform/HAL/src/stm32g4xx_hal_tim_ex.c ****   /* Check the parameters */
 513:platform/HAL/src/stm32g4xx_hal_tim_ex.c ****   assert_param(IS_TIM_HALL_SENSOR_INTERFACE_INSTANCE(htim->Instance));
 514:platform/HAL/src/stm32g4xx_hal_tim_ex.c **** 
 515:platform/HAL/src/stm32g4xx_hal_tim_ex.c ****   /* Set the TIM channel state */
 516:platform/HAL/src/stm32g4xx_hal_tim_ex.c ****   if ((channel_1_state == HAL_TIM_CHANNEL_STATE_BUSY)
 517:platform/HAL/src/stm32g4xx_hal_tim_ex.c ****       || (complementary_channel_1_state == HAL_TIM_CHANNEL_STATE_BUSY))
 518:platform/HAL/src/stm32g4xx_hal_tim_ex.c ****   {
 519:platform/HAL/src/stm32g4xx_hal_tim_ex.c ****     return HAL_BUSY;
 520:platform/HAL/src/stm32g4xx_hal_tim_ex.c ****   }
 521:platform/HAL/src/stm32g4xx_hal_tim_ex.c ****   else if ((channel_1_state == HAL_TIM_CHANNEL_STATE_READY)
 522:platform/HAL/src/stm32g4xx_hal_tim_ex.c ****            && (complementary_channel_1_state == HAL_TIM_CHANNEL_STATE_READY))
 523:platform/HAL/src/stm32g4xx_hal_tim_ex.c ****   {
 524:platform/HAL/src/stm32g4xx_hal_tim_ex.c ****     if ((pData == NULL) || (Length == 0U))
 525:platform/HAL/src/stm32g4xx_hal_tim_ex.c ****     {
 526:platform/HAL/src/stm32g4xx_hal_tim_ex.c ****       return HAL_ERROR;
 527:platform/HAL/src/stm32g4xx_hal_tim_ex.c ****     }
 528:platform/HAL/src/stm32g4xx_hal_tim_ex.c ****     else
 529:platform/HAL/src/stm32g4xx_hal_tim_ex.c ****     {
 530:platform/HAL/src/stm32g4xx_hal_tim_ex.c ****       TIM_CHANNEL_STATE_SET(htim, TIM_CHANNEL_1, HAL_TIM_CHANNEL_STATE_BUSY);
 531:platform/HAL/src/stm32g4xx_hal_tim_ex.c ****       TIM_CHANNEL_N_STATE_SET(htim, TIM_CHANNEL_1, HAL_TIM_CHANNEL_STATE_BUSY);
 532:platform/HAL/src/stm32g4xx_hal_tim_ex.c ****     }
 533:platform/HAL/src/stm32g4xx_hal_tim_ex.c ****   }
 534:platform/HAL/src/stm32g4xx_hal_tim_ex.c ****   else
 535:platform/HAL/src/stm32g4xx_hal_tim_ex.c ****   {
 536:platform/HAL/src/stm32g4xx_hal_tim_ex.c ****     return HAL_ERROR;
 537:platform/HAL/src/stm32g4xx_hal_tim_ex.c ****   }
 538:platform/HAL/src/stm32g4xx_hal_tim_ex.c **** 
 539:platform/HAL/src/stm32g4xx_hal_tim_ex.c ****   /* Enable the Input Capture channel 1
 540:platform/HAL/src/stm32g4xx_hal_tim_ex.c ****   (in the Hall Sensor Interface the three possible channels that can be used are TIM_CHANNEL_1,
 541:platform/HAL/src/stm32g4xx_hal_tim_ex.c ****   TIM_CHANNEL_2 and TIM_CHANNEL_3) */
 542:platform/HAL/src/stm32g4xx_hal_tim_ex.c ****   TIM_CCxChannelCmd(htim->Instance, TIM_CHANNEL_1, TIM_CCx_ENABLE);
 543:platform/HAL/src/stm32g4xx_hal_tim_ex.c **** 
ARM GAS  /tmp/cchCrvCd.s 			page 11


 544:platform/HAL/src/stm32g4xx_hal_tim_ex.c ****   /* Set the DMA Input Capture 1 Callbacks */
 545:platform/HAL/src/stm32g4xx_hal_tim_ex.c ****   htim->hdma[TIM_DMA_ID_CC1]->XferCpltCallback = TIM_DMACaptureCplt;
 546:platform/HAL/src/stm32g4xx_hal_tim_ex.c ****   htim->hdma[TIM_DMA_ID_CC1]->XferHalfCpltCallback = TIM_DMACaptureHalfCplt;
 547:platform/HAL/src/stm32g4xx_hal_tim_ex.c ****   /* Set the DMA error callback */
 548:platform/HAL/src/stm32g4xx_hal_tim_ex.c ****   htim->hdma[TIM_DMA_ID_CC1]->XferErrorCallback = TIM_DMAError ;
 549:platform/HAL/src/stm32g4xx_hal_tim_ex.c **** 
 550:platform/HAL/src/stm32g4xx_hal_tim_ex.c ****   /* Enable the DMA channel for Capture 1*/
 551:platform/HAL/src/stm32g4xx_hal_tim_ex.c ****   if (HAL_DMA_Start_IT(htim->hdma[TIM_DMA_ID_CC1], (uint32_t)&htim->Instance->CCR1, (uint32_t)pData
 552:platform/HAL/src/stm32g4xx_hal_tim_ex.c ****   {
 553:platform/HAL/src/stm32g4xx_hal_tim_ex.c ****     /* Return error status */
 554:platform/HAL/src/stm32g4xx_hal_tim_ex.c ****     return HAL_ERROR;
 555:platform/HAL/src/stm32g4xx_hal_tim_ex.c ****   }
 556:platform/HAL/src/stm32g4xx_hal_tim_ex.c ****   /* Enable the capture compare 1 Interrupt */
 557:platform/HAL/src/stm32g4xx_hal_tim_ex.c ****   __HAL_TIM_ENABLE_DMA(htim, TIM_DMA_CC1);
 558:platform/HAL/src/stm32g4xx_hal_tim_ex.c **** 
 559:platform/HAL/src/stm32g4xx_hal_tim_ex.c ****   /* Enable the Peripheral, except in trigger mode where enable is automatically done with trigger 
 560:platform/HAL/src/stm32g4xx_hal_tim_ex.c ****   if (IS_TIM_SLAVE_INSTANCE(htim->Instance))
 561:platform/HAL/src/stm32g4xx_hal_tim_ex.c ****   {
 562:platform/HAL/src/stm32g4xx_hal_tim_ex.c ****     tmpsmcr = htim->Instance->SMCR & TIM_SMCR_SMS;
 563:platform/HAL/src/stm32g4xx_hal_tim_ex.c ****     if (!IS_TIM_SLAVEMODE_TRIGGER_ENABLED(tmpsmcr))
 564:platform/HAL/src/stm32g4xx_hal_tim_ex.c ****     {
 565:platform/HAL/src/stm32g4xx_hal_tim_ex.c ****       __HAL_TIM_ENABLE(htim);
 566:platform/HAL/src/stm32g4xx_hal_tim_ex.c ****     }
 567:platform/HAL/src/stm32g4xx_hal_tim_ex.c ****   }
 568:platform/HAL/src/stm32g4xx_hal_tim_ex.c ****   else
 569:platform/HAL/src/stm32g4xx_hal_tim_ex.c ****   {
 570:platform/HAL/src/stm32g4xx_hal_tim_ex.c ****     __HAL_TIM_ENABLE(htim);
 571:platform/HAL/src/stm32g4xx_hal_tim_ex.c ****   }
 572:platform/HAL/src/stm32g4xx_hal_tim_ex.c **** 
 573:platform/HAL/src/stm32g4xx_hal_tim_ex.c ****   /* Return function status */
 574:platform/HAL/src/stm32g4xx_hal_tim_ex.c ****   return HAL_OK;
 575:platform/HAL/src/stm32g4xx_hal_tim_ex.c **** }
 576:platform/HAL/src/stm32g4xx_hal_tim_ex.c **** 
 577:platform/HAL/src/stm32g4xx_hal_tim_ex.c **** /**
 578:platform/HAL/src/stm32g4xx_hal_tim_ex.c ****   * @brief  Stops the TIM Hall Sensor Interface in DMA mode.
 579:platform/HAL/src/stm32g4xx_hal_tim_ex.c ****   * @param  htim TIM Hall Sensor Interface handle
 580:platform/HAL/src/stm32g4xx_hal_tim_ex.c ****   * @retval HAL status
 581:platform/HAL/src/stm32g4xx_hal_tim_ex.c ****   */
 582:platform/HAL/src/stm32g4xx_hal_tim_ex.c **** HAL_StatusTypeDef HAL_TIMEx_HallSensor_Stop_DMA(TIM_HandleTypeDef *htim)
 583:platform/HAL/src/stm32g4xx_hal_tim_ex.c **** {
 584:platform/HAL/src/stm32g4xx_hal_tim_ex.c ****   /* Check the parameters */
 585:platform/HAL/src/stm32g4xx_hal_tim_ex.c ****   assert_param(IS_TIM_HALL_SENSOR_INTERFACE_INSTANCE(htim->Instance));
 586:platform/HAL/src/stm32g4xx_hal_tim_ex.c **** 
 587:platform/HAL/src/stm32g4xx_hal_tim_ex.c ****   /* Disable the Input Capture channel 1
 588:platform/HAL/src/stm32g4xx_hal_tim_ex.c ****   (in the Hall Sensor Interface the three possible channels that can be used are TIM_CHANNEL_1,
 589:platform/HAL/src/stm32g4xx_hal_tim_ex.c ****   TIM_CHANNEL_2 and TIM_CHANNEL_3) */
 590:platform/HAL/src/stm32g4xx_hal_tim_ex.c ****   TIM_CCxChannelCmd(htim->Instance, TIM_CHANNEL_1, TIM_CCx_DISABLE);
 591:platform/HAL/src/stm32g4xx_hal_tim_ex.c **** 
 592:platform/HAL/src/stm32g4xx_hal_tim_ex.c **** 
 593:platform/HAL/src/stm32g4xx_hal_tim_ex.c ****   /* Disable the capture compare Interrupts 1 event */
 594:platform/HAL/src/stm32g4xx_hal_tim_ex.c ****   __HAL_TIM_DISABLE_DMA(htim, TIM_DMA_CC1);
 595:platform/HAL/src/stm32g4xx_hal_tim_ex.c **** 
 596:platform/HAL/src/stm32g4xx_hal_tim_ex.c ****   (void)HAL_DMA_Abort_IT(htim->hdma[TIM_DMA_ID_CC1]);
 597:platform/HAL/src/stm32g4xx_hal_tim_ex.c **** 
 598:platform/HAL/src/stm32g4xx_hal_tim_ex.c ****   /* Disable the Peripheral */
 599:platform/HAL/src/stm32g4xx_hal_tim_ex.c ****   __HAL_TIM_DISABLE(htim);
 600:platform/HAL/src/stm32g4xx_hal_tim_ex.c **** 
ARM GAS  /tmp/cchCrvCd.s 			page 12


 601:platform/HAL/src/stm32g4xx_hal_tim_ex.c ****   /* Set the TIM channel state */
 602:platform/HAL/src/stm32g4xx_hal_tim_ex.c ****   TIM_CHANNEL_STATE_SET(htim, TIM_CHANNEL_1, HAL_TIM_CHANNEL_STATE_READY);
 603:platform/HAL/src/stm32g4xx_hal_tim_ex.c ****   TIM_CHANNEL_N_STATE_SET(htim, TIM_CHANNEL_1, HAL_TIM_CHANNEL_STATE_READY);
 604:platform/HAL/src/stm32g4xx_hal_tim_ex.c **** 
 605:platform/HAL/src/stm32g4xx_hal_tim_ex.c ****   /* Return function status */
 606:platform/HAL/src/stm32g4xx_hal_tim_ex.c ****   return HAL_OK;
 607:platform/HAL/src/stm32g4xx_hal_tim_ex.c **** }
 608:platform/HAL/src/stm32g4xx_hal_tim_ex.c **** 
 609:platform/HAL/src/stm32g4xx_hal_tim_ex.c **** /**
 610:platform/HAL/src/stm32g4xx_hal_tim_ex.c ****   * @}
 611:platform/HAL/src/stm32g4xx_hal_tim_ex.c ****   */
 612:platform/HAL/src/stm32g4xx_hal_tim_ex.c **** 
 613:platform/HAL/src/stm32g4xx_hal_tim_ex.c **** /** @defgroup TIMEx_Exported_Functions_Group2 Extended Timer Complementary Output Compare functions
 614:platform/HAL/src/stm32g4xx_hal_tim_ex.c ****   *  @brief   Timer Complementary Output Compare functions
 615:platform/HAL/src/stm32g4xx_hal_tim_ex.c ****   *
 616:platform/HAL/src/stm32g4xx_hal_tim_ex.c **** @verbatim
 617:platform/HAL/src/stm32g4xx_hal_tim_ex.c ****   ==============================================================================
 618:platform/HAL/src/stm32g4xx_hal_tim_ex.c ****               ##### Timer Complementary Output Compare functions #####
 619:platform/HAL/src/stm32g4xx_hal_tim_ex.c ****   ==============================================================================
 620:platform/HAL/src/stm32g4xx_hal_tim_ex.c ****   [..]
 621:platform/HAL/src/stm32g4xx_hal_tim_ex.c ****     This section provides functions allowing to:
 622:platform/HAL/src/stm32g4xx_hal_tim_ex.c ****     (+) Start the Complementary Output Compare/PWM.
 623:platform/HAL/src/stm32g4xx_hal_tim_ex.c ****     (+) Stop the Complementary Output Compare/PWM.
 624:platform/HAL/src/stm32g4xx_hal_tim_ex.c ****     (+) Start the Complementary Output Compare/PWM and enable interrupts.
 625:platform/HAL/src/stm32g4xx_hal_tim_ex.c ****     (+) Stop the Complementary Output Compare/PWM and disable interrupts.
 626:platform/HAL/src/stm32g4xx_hal_tim_ex.c ****     (+) Start the Complementary Output Compare/PWM and enable DMA transfers.
 627:platform/HAL/src/stm32g4xx_hal_tim_ex.c ****     (+) Stop the Complementary Output Compare/PWM and disable DMA transfers.
 628:platform/HAL/src/stm32g4xx_hal_tim_ex.c **** 
 629:platform/HAL/src/stm32g4xx_hal_tim_ex.c **** @endverbatim
 630:platform/HAL/src/stm32g4xx_hal_tim_ex.c ****   * @{
 631:platform/HAL/src/stm32g4xx_hal_tim_ex.c ****   */
 632:platform/HAL/src/stm32g4xx_hal_tim_ex.c **** 
 633:platform/HAL/src/stm32g4xx_hal_tim_ex.c **** /**
 634:platform/HAL/src/stm32g4xx_hal_tim_ex.c ****   * @brief  Starts the TIM Output Compare signal generation on the complementary
 635:platform/HAL/src/stm32g4xx_hal_tim_ex.c ****   *         output.
 636:platform/HAL/src/stm32g4xx_hal_tim_ex.c ****   * @param  htim TIM Output Compare handle
 637:platform/HAL/src/stm32g4xx_hal_tim_ex.c ****   * @param  Channel TIM Channel to be enabled
 638:platform/HAL/src/stm32g4xx_hal_tim_ex.c ****   *          This parameter can be one of the following values:
 639:platform/HAL/src/stm32g4xx_hal_tim_ex.c ****   *            @arg TIM_CHANNEL_1: TIM Channel 1 selected
 640:platform/HAL/src/stm32g4xx_hal_tim_ex.c ****   *            @arg TIM_CHANNEL_2: TIM Channel 2 selected
 641:platform/HAL/src/stm32g4xx_hal_tim_ex.c ****   *            @arg TIM_CHANNEL_3: TIM Channel 3 selected
 642:platform/HAL/src/stm32g4xx_hal_tim_ex.c ****   *            @arg TIM_CHANNEL_4: TIM Channel 4 selected
 643:platform/HAL/src/stm32g4xx_hal_tim_ex.c ****   * @retval HAL status
 644:platform/HAL/src/stm32g4xx_hal_tim_ex.c ****   */
 645:platform/HAL/src/stm32g4xx_hal_tim_ex.c **** HAL_StatusTypeDef HAL_TIMEx_OCN_Start(TIM_HandleTypeDef *htim, uint32_t Channel)
 646:platform/HAL/src/stm32g4xx_hal_tim_ex.c **** {
 647:platform/HAL/src/stm32g4xx_hal_tim_ex.c ****   uint32_t tmpsmcr;
 648:platform/HAL/src/stm32g4xx_hal_tim_ex.c **** 
 649:platform/HAL/src/stm32g4xx_hal_tim_ex.c ****   /* Check the parameters */
 650:platform/HAL/src/stm32g4xx_hal_tim_ex.c ****   assert_param(IS_TIM_CCXN_INSTANCE(htim->Instance, Channel));
 651:platform/HAL/src/stm32g4xx_hal_tim_ex.c **** 
 652:platform/HAL/src/stm32g4xx_hal_tim_ex.c ****   /* Check the TIM complementary channel state */
 653:platform/HAL/src/stm32g4xx_hal_tim_ex.c ****   if (TIM_CHANNEL_N_STATE_GET(htim, Channel) != HAL_TIM_CHANNEL_STATE_READY)
 654:platform/HAL/src/stm32g4xx_hal_tim_ex.c ****   {
 655:platform/HAL/src/stm32g4xx_hal_tim_ex.c ****     return HAL_ERROR;
 656:platform/HAL/src/stm32g4xx_hal_tim_ex.c ****   }
 657:platform/HAL/src/stm32g4xx_hal_tim_ex.c **** 
ARM GAS  /tmp/cchCrvCd.s 			page 13


 658:platform/HAL/src/stm32g4xx_hal_tim_ex.c ****   /* Set the TIM complementary channel state */
 659:platform/HAL/src/stm32g4xx_hal_tim_ex.c ****   TIM_CHANNEL_N_STATE_SET(htim, Channel, HAL_TIM_CHANNEL_STATE_BUSY);
 660:platform/HAL/src/stm32g4xx_hal_tim_ex.c **** 
 661:platform/HAL/src/stm32g4xx_hal_tim_ex.c ****   /* Enable the Capture compare channel N */
 662:platform/HAL/src/stm32g4xx_hal_tim_ex.c ****   TIM_CCxNChannelCmd(htim->Instance, Channel, TIM_CCxN_ENABLE);
 663:platform/HAL/src/stm32g4xx_hal_tim_ex.c **** 
 664:platform/HAL/src/stm32g4xx_hal_tim_ex.c ****   /* Enable the Main Output */
 665:platform/HAL/src/stm32g4xx_hal_tim_ex.c ****   __HAL_TIM_MOE_ENABLE(htim);
 666:platform/HAL/src/stm32g4xx_hal_tim_ex.c **** 
 667:platform/HAL/src/stm32g4xx_hal_tim_ex.c ****   /* Enable the Peripheral, except in trigger mode where enable is automatically done with trigger 
 668:platform/HAL/src/stm32g4xx_hal_tim_ex.c ****   if (IS_TIM_SLAVE_INSTANCE(htim->Instance))
 669:platform/HAL/src/stm32g4xx_hal_tim_ex.c ****   {
 670:platform/HAL/src/stm32g4xx_hal_tim_ex.c ****     tmpsmcr = htim->Instance->SMCR & TIM_SMCR_SMS;
 671:platform/HAL/src/stm32g4xx_hal_tim_ex.c ****     if (!IS_TIM_SLAVEMODE_TRIGGER_ENABLED(tmpsmcr))
 672:platform/HAL/src/stm32g4xx_hal_tim_ex.c ****     {
 673:platform/HAL/src/stm32g4xx_hal_tim_ex.c ****       __HAL_TIM_ENABLE(htim);
 674:platform/HAL/src/stm32g4xx_hal_tim_ex.c ****     }
 675:platform/HAL/src/stm32g4xx_hal_tim_ex.c ****   }
 676:platform/HAL/src/stm32g4xx_hal_tim_ex.c ****   else
 677:platform/HAL/src/stm32g4xx_hal_tim_ex.c ****   {
 678:platform/HAL/src/stm32g4xx_hal_tim_ex.c ****     __HAL_TIM_ENABLE(htim);
 679:platform/HAL/src/stm32g4xx_hal_tim_ex.c ****   }
 680:platform/HAL/src/stm32g4xx_hal_tim_ex.c **** 
 681:platform/HAL/src/stm32g4xx_hal_tim_ex.c ****   /* Return function status */
 682:platform/HAL/src/stm32g4xx_hal_tim_ex.c ****   return HAL_OK;
 683:platform/HAL/src/stm32g4xx_hal_tim_ex.c **** }
 684:platform/HAL/src/stm32g4xx_hal_tim_ex.c **** 
 685:platform/HAL/src/stm32g4xx_hal_tim_ex.c **** /**
 686:platform/HAL/src/stm32g4xx_hal_tim_ex.c ****   * @brief  Stops the TIM Output Compare signal generation on the complementary
 687:platform/HAL/src/stm32g4xx_hal_tim_ex.c ****   *         output.
 688:platform/HAL/src/stm32g4xx_hal_tim_ex.c ****   * @param  htim TIM handle
 689:platform/HAL/src/stm32g4xx_hal_tim_ex.c ****   * @param  Channel TIM Channel to be disabled
 690:platform/HAL/src/stm32g4xx_hal_tim_ex.c ****   *          This parameter can be one of the following values:
 691:platform/HAL/src/stm32g4xx_hal_tim_ex.c ****   *            @arg TIM_CHANNEL_1: TIM Channel 1 selected
 692:platform/HAL/src/stm32g4xx_hal_tim_ex.c ****   *            @arg TIM_CHANNEL_2: TIM Channel 2 selected
 693:platform/HAL/src/stm32g4xx_hal_tim_ex.c ****   *            @arg TIM_CHANNEL_3: TIM Channel 3 selected
 694:platform/HAL/src/stm32g4xx_hal_tim_ex.c ****   *            @arg TIM_CHANNEL_4: TIM Channel 4 selected
 695:platform/HAL/src/stm32g4xx_hal_tim_ex.c ****   * @retval HAL status
 696:platform/HAL/src/stm32g4xx_hal_tim_ex.c ****   */
 697:platform/HAL/src/stm32g4xx_hal_tim_ex.c **** HAL_StatusTypeDef HAL_TIMEx_OCN_Stop(TIM_HandleTypeDef *htim, uint32_t Channel)
 698:platform/HAL/src/stm32g4xx_hal_tim_ex.c **** {
 699:platform/HAL/src/stm32g4xx_hal_tim_ex.c ****   /* Check the parameters */
 700:platform/HAL/src/stm32g4xx_hal_tim_ex.c ****   assert_param(IS_TIM_CCXN_INSTANCE(htim->Instance, Channel));
 701:platform/HAL/src/stm32g4xx_hal_tim_ex.c **** 
 702:platform/HAL/src/stm32g4xx_hal_tim_ex.c ****   /* Disable the Capture compare channel N */
 703:platform/HAL/src/stm32g4xx_hal_tim_ex.c ****   TIM_CCxNChannelCmd(htim->Instance, Channel, TIM_CCxN_DISABLE);
 704:platform/HAL/src/stm32g4xx_hal_tim_ex.c **** 
 705:platform/HAL/src/stm32g4xx_hal_tim_ex.c ****   /* Disable the Main Output */
 706:platform/HAL/src/stm32g4xx_hal_tim_ex.c ****   __HAL_TIM_MOE_DISABLE(htim);
 707:platform/HAL/src/stm32g4xx_hal_tim_ex.c **** 
 708:platform/HAL/src/stm32g4xx_hal_tim_ex.c ****   /* Disable the Peripheral */
 709:platform/HAL/src/stm32g4xx_hal_tim_ex.c ****   __HAL_TIM_DISABLE(htim);
 710:platform/HAL/src/stm32g4xx_hal_tim_ex.c **** 
 711:platform/HAL/src/stm32g4xx_hal_tim_ex.c ****   /* Set the TIM complementary channel state */
 712:platform/HAL/src/stm32g4xx_hal_tim_ex.c ****   TIM_CHANNEL_N_STATE_SET(htim, Channel, HAL_TIM_CHANNEL_STATE_READY);
 713:platform/HAL/src/stm32g4xx_hal_tim_ex.c **** 
 714:platform/HAL/src/stm32g4xx_hal_tim_ex.c ****   /* Return function status */
ARM GAS  /tmp/cchCrvCd.s 			page 14


 715:platform/HAL/src/stm32g4xx_hal_tim_ex.c ****   return HAL_OK;
 716:platform/HAL/src/stm32g4xx_hal_tim_ex.c **** }
 717:platform/HAL/src/stm32g4xx_hal_tim_ex.c **** 
 718:platform/HAL/src/stm32g4xx_hal_tim_ex.c **** /**
 719:platform/HAL/src/stm32g4xx_hal_tim_ex.c ****   * @brief  Starts the TIM Output Compare signal generation in interrupt mode
 720:platform/HAL/src/stm32g4xx_hal_tim_ex.c ****   *         on the complementary output.
 721:platform/HAL/src/stm32g4xx_hal_tim_ex.c ****   * @param  htim TIM OC handle
 722:platform/HAL/src/stm32g4xx_hal_tim_ex.c ****   * @param  Channel TIM Channel to be enabled
 723:platform/HAL/src/stm32g4xx_hal_tim_ex.c ****   *          This parameter can be one of the following values:
 724:platform/HAL/src/stm32g4xx_hal_tim_ex.c ****   *            @arg TIM_CHANNEL_1: TIM Channel 1 selected
 725:platform/HAL/src/stm32g4xx_hal_tim_ex.c ****   *            @arg TIM_CHANNEL_2: TIM Channel 2 selected
 726:platform/HAL/src/stm32g4xx_hal_tim_ex.c ****   *            @arg TIM_CHANNEL_3: TIM Channel 3 selected
 727:platform/HAL/src/stm32g4xx_hal_tim_ex.c ****   *            @arg TIM_CHANNEL_4: TIM Channel 4 selected
 728:platform/HAL/src/stm32g4xx_hal_tim_ex.c ****   * @retval HAL status
 729:platform/HAL/src/stm32g4xx_hal_tim_ex.c ****   */
 730:platform/HAL/src/stm32g4xx_hal_tim_ex.c **** HAL_StatusTypeDef HAL_TIMEx_OCN_Start_IT(TIM_HandleTypeDef *htim, uint32_t Channel)
 731:platform/HAL/src/stm32g4xx_hal_tim_ex.c **** {
 732:platform/HAL/src/stm32g4xx_hal_tim_ex.c ****   HAL_StatusTypeDef status = HAL_OK;
 733:platform/HAL/src/stm32g4xx_hal_tim_ex.c ****   uint32_t tmpsmcr;
 734:platform/HAL/src/stm32g4xx_hal_tim_ex.c **** 
 735:platform/HAL/src/stm32g4xx_hal_tim_ex.c ****   /* Check the parameters */
 736:platform/HAL/src/stm32g4xx_hal_tim_ex.c ****   assert_param(IS_TIM_CCXN_INSTANCE(htim->Instance, Channel));
 737:platform/HAL/src/stm32g4xx_hal_tim_ex.c **** 
 738:platform/HAL/src/stm32g4xx_hal_tim_ex.c ****   /* Check the TIM complementary channel state */
 739:platform/HAL/src/stm32g4xx_hal_tim_ex.c ****   if (TIM_CHANNEL_N_STATE_GET(htim, Channel) != HAL_TIM_CHANNEL_STATE_READY)
 740:platform/HAL/src/stm32g4xx_hal_tim_ex.c ****   {
 741:platform/HAL/src/stm32g4xx_hal_tim_ex.c ****     return HAL_ERROR;
 742:platform/HAL/src/stm32g4xx_hal_tim_ex.c ****   }
 743:platform/HAL/src/stm32g4xx_hal_tim_ex.c **** 
 744:platform/HAL/src/stm32g4xx_hal_tim_ex.c ****   /* Set the TIM complementary channel state */
 745:platform/HAL/src/stm32g4xx_hal_tim_ex.c ****   TIM_CHANNEL_N_STATE_SET(htim, Channel, HAL_TIM_CHANNEL_STATE_BUSY);
 746:platform/HAL/src/stm32g4xx_hal_tim_ex.c **** 
 747:platform/HAL/src/stm32g4xx_hal_tim_ex.c ****   switch (Channel)
 748:platform/HAL/src/stm32g4xx_hal_tim_ex.c ****   {
 749:platform/HAL/src/stm32g4xx_hal_tim_ex.c ****     case TIM_CHANNEL_1:
 750:platform/HAL/src/stm32g4xx_hal_tim_ex.c ****     {
 751:platform/HAL/src/stm32g4xx_hal_tim_ex.c ****       /* Enable the TIM Output Compare interrupt */
 752:platform/HAL/src/stm32g4xx_hal_tim_ex.c ****       __HAL_TIM_ENABLE_IT(htim, TIM_IT_CC1);
 753:platform/HAL/src/stm32g4xx_hal_tim_ex.c ****       break;
 754:platform/HAL/src/stm32g4xx_hal_tim_ex.c ****     }
 755:platform/HAL/src/stm32g4xx_hal_tim_ex.c **** 
 756:platform/HAL/src/stm32g4xx_hal_tim_ex.c ****     case TIM_CHANNEL_2:
 757:platform/HAL/src/stm32g4xx_hal_tim_ex.c ****     {
 758:platform/HAL/src/stm32g4xx_hal_tim_ex.c ****       /* Enable the TIM Output Compare interrupt */
 759:platform/HAL/src/stm32g4xx_hal_tim_ex.c ****       __HAL_TIM_ENABLE_IT(htim, TIM_IT_CC2);
 760:platform/HAL/src/stm32g4xx_hal_tim_ex.c ****       break;
 761:platform/HAL/src/stm32g4xx_hal_tim_ex.c ****     }
 762:platform/HAL/src/stm32g4xx_hal_tim_ex.c **** 
 763:platform/HAL/src/stm32g4xx_hal_tim_ex.c ****     case TIM_CHANNEL_3:
 764:platform/HAL/src/stm32g4xx_hal_tim_ex.c ****     {
 765:platform/HAL/src/stm32g4xx_hal_tim_ex.c ****       /* Enable the TIM Output Compare interrupt */
 766:platform/HAL/src/stm32g4xx_hal_tim_ex.c ****       __HAL_TIM_ENABLE_IT(htim, TIM_IT_CC3);
 767:platform/HAL/src/stm32g4xx_hal_tim_ex.c ****       break;
 768:platform/HAL/src/stm32g4xx_hal_tim_ex.c ****     }
 769:platform/HAL/src/stm32g4xx_hal_tim_ex.c **** 
 770:platform/HAL/src/stm32g4xx_hal_tim_ex.c **** 
 771:platform/HAL/src/stm32g4xx_hal_tim_ex.c ****     case TIM_CHANNEL_4:
ARM GAS  /tmp/cchCrvCd.s 			page 15


 772:platform/HAL/src/stm32g4xx_hal_tim_ex.c ****     {
 773:platform/HAL/src/stm32g4xx_hal_tim_ex.c ****       /* Enable the TIM Output Compare interrupt */
 774:platform/HAL/src/stm32g4xx_hal_tim_ex.c ****       __HAL_TIM_ENABLE_IT(htim, TIM_IT_CC4);
 775:platform/HAL/src/stm32g4xx_hal_tim_ex.c ****       break;
 776:platform/HAL/src/stm32g4xx_hal_tim_ex.c ****     }
 777:platform/HAL/src/stm32g4xx_hal_tim_ex.c **** 
 778:platform/HAL/src/stm32g4xx_hal_tim_ex.c ****     default:
 779:platform/HAL/src/stm32g4xx_hal_tim_ex.c ****       status = HAL_ERROR;
 780:platform/HAL/src/stm32g4xx_hal_tim_ex.c ****       break;
 781:platform/HAL/src/stm32g4xx_hal_tim_ex.c ****   }
 782:platform/HAL/src/stm32g4xx_hal_tim_ex.c **** 
 783:platform/HAL/src/stm32g4xx_hal_tim_ex.c ****   if (status == HAL_OK)
 784:platform/HAL/src/stm32g4xx_hal_tim_ex.c ****   {
 785:platform/HAL/src/stm32g4xx_hal_tim_ex.c ****     /* Enable the TIM Break interrupt */
 786:platform/HAL/src/stm32g4xx_hal_tim_ex.c ****     __HAL_TIM_ENABLE_IT(htim, TIM_IT_BREAK);
 787:platform/HAL/src/stm32g4xx_hal_tim_ex.c **** 
 788:platform/HAL/src/stm32g4xx_hal_tim_ex.c ****     /* Enable the Capture compare channel N */
 789:platform/HAL/src/stm32g4xx_hal_tim_ex.c ****     TIM_CCxNChannelCmd(htim->Instance, Channel, TIM_CCxN_ENABLE);
 790:platform/HAL/src/stm32g4xx_hal_tim_ex.c **** 
 791:platform/HAL/src/stm32g4xx_hal_tim_ex.c ****     /* Enable the Main Output */
 792:platform/HAL/src/stm32g4xx_hal_tim_ex.c ****     __HAL_TIM_MOE_ENABLE(htim);
 793:platform/HAL/src/stm32g4xx_hal_tim_ex.c **** 
 794:platform/HAL/src/stm32g4xx_hal_tim_ex.c ****     /* Enable the Peripheral, except in trigger mode where enable is automatically done with trigge
 795:platform/HAL/src/stm32g4xx_hal_tim_ex.c ****     if (IS_TIM_SLAVE_INSTANCE(htim->Instance))
 796:platform/HAL/src/stm32g4xx_hal_tim_ex.c ****     {
 797:platform/HAL/src/stm32g4xx_hal_tim_ex.c ****       tmpsmcr = htim->Instance->SMCR & TIM_SMCR_SMS;
 798:platform/HAL/src/stm32g4xx_hal_tim_ex.c ****       if (!IS_TIM_SLAVEMODE_TRIGGER_ENABLED(tmpsmcr))
 799:platform/HAL/src/stm32g4xx_hal_tim_ex.c ****       {
 800:platform/HAL/src/stm32g4xx_hal_tim_ex.c ****         __HAL_TIM_ENABLE(htim);
 801:platform/HAL/src/stm32g4xx_hal_tim_ex.c ****       }
 802:platform/HAL/src/stm32g4xx_hal_tim_ex.c ****     }
 803:platform/HAL/src/stm32g4xx_hal_tim_ex.c ****     else
 804:platform/HAL/src/stm32g4xx_hal_tim_ex.c ****     {
 805:platform/HAL/src/stm32g4xx_hal_tim_ex.c ****       __HAL_TIM_ENABLE(htim);
 806:platform/HAL/src/stm32g4xx_hal_tim_ex.c ****     }
 807:platform/HAL/src/stm32g4xx_hal_tim_ex.c ****   }
 808:platform/HAL/src/stm32g4xx_hal_tim_ex.c **** 
 809:platform/HAL/src/stm32g4xx_hal_tim_ex.c ****   /* Return function status */
 810:platform/HAL/src/stm32g4xx_hal_tim_ex.c ****   return status;
 811:platform/HAL/src/stm32g4xx_hal_tim_ex.c **** }
 812:platform/HAL/src/stm32g4xx_hal_tim_ex.c **** 
 813:platform/HAL/src/stm32g4xx_hal_tim_ex.c **** /**
 814:platform/HAL/src/stm32g4xx_hal_tim_ex.c ****   * @brief  Stops the TIM Output Compare signal generation in interrupt mode
 815:platform/HAL/src/stm32g4xx_hal_tim_ex.c ****   *         on the complementary output.
 816:platform/HAL/src/stm32g4xx_hal_tim_ex.c ****   * @param  htim TIM Output Compare handle
 817:platform/HAL/src/stm32g4xx_hal_tim_ex.c ****   * @param  Channel TIM Channel to be disabled
 818:platform/HAL/src/stm32g4xx_hal_tim_ex.c ****   *          This parameter can be one of the following values:
 819:platform/HAL/src/stm32g4xx_hal_tim_ex.c ****   *            @arg TIM_CHANNEL_1: TIM Channel 1 selected
 820:platform/HAL/src/stm32g4xx_hal_tim_ex.c ****   *            @arg TIM_CHANNEL_2: TIM Channel 2 selected
 821:platform/HAL/src/stm32g4xx_hal_tim_ex.c ****   *            @arg TIM_CHANNEL_3: TIM Channel 3 selected
 822:platform/HAL/src/stm32g4xx_hal_tim_ex.c ****   *            @arg TIM_CHANNEL_4: TIM Channel 4 selected
 823:platform/HAL/src/stm32g4xx_hal_tim_ex.c ****   * @retval HAL status
 824:platform/HAL/src/stm32g4xx_hal_tim_ex.c ****   */
 825:platform/HAL/src/stm32g4xx_hal_tim_ex.c **** HAL_StatusTypeDef HAL_TIMEx_OCN_Stop_IT(TIM_HandleTypeDef *htim, uint32_t Channel)
 826:platform/HAL/src/stm32g4xx_hal_tim_ex.c **** {
 827:platform/HAL/src/stm32g4xx_hal_tim_ex.c ****   HAL_StatusTypeDef status = HAL_OK;
 828:platform/HAL/src/stm32g4xx_hal_tim_ex.c ****   uint32_t tmpccer;
ARM GAS  /tmp/cchCrvCd.s 			page 16


 829:platform/HAL/src/stm32g4xx_hal_tim_ex.c **** 
 830:platform/HAL/src/stm32g4xx_hal_tim_ex.c ****   /* Check the parameters */
 831:platform/HAL/src/stm32g4xx_hal_tim_ex.c ****   assert_param(IS_TIM_CCXN_INSTANCE(htim->Instance, Channel));
 832:platform/HAL/src/stm32g4xx_hal_tim_ex.c **** 
 833:platform/HAL/src/stm32g4xx_hal_tim_ex.c ****   switch (Channel)
 834:platform/HAL/src/stm32g4xx_hal_tim_ex.c ****   {
 835:platform/HAL/src/stm32g4xx_hal_tim_ex.c ****     case TIM_CHANNEL_1:
 836:platform/HAL/src/stm32g4xx_hal_tim_ex.c ****     {
 837:platform/HAL/src/stm32g4xx_hal_tim_ex.c ****       /* Disable the TIM Output Compare interrupt */
 838:platform/HAL/src/stm32g4xx_hal_tim_ex.c ****       __HAL_TIM_DISABLE_IT(htim, TIM_IT_CC1);
 839:platform/HAL/src/stm32g4xx_hal_tim_ex.c ****       break;
 840:platform/HAL/src/stm32g4xx_hal_tim_ex.c ****     }
 841:platform/HAL/src/stm32g4xx_hal_tim_ex.c **** 
 842:platform/HAL/src/stm32g4xx_hal_tim_ex.c ****     case TIM_CHANNEL_2:
 843:platform/HAL/src/stm32g4xx_hal_tim_ex.c ****     {
 844:platform/HAL/src/stm32g4xx_hal_tim_ex.c ****       /* Disable the TIM Output Compare interrupt */
 845:platform/HAL/src/stm32g4xx_hal_tim_ex.c ****       __HAL_TIM_DISABLE_IT(htim, TIM_IT_CC2);
 846:platform/HAL/src/stm32g4xx_hal_tim_ex.c ****       break;
 847:platform/HAL/src/stm32g4xx_hal_tim_ex.c ****     }
 848:platform/HAL/src/stm32g4xx_hal_tim_ex.c **** 
 849:platform/HAL/src/stm32g4xx_hal_tim_ex.c ****     case TIM_CHANNEL_3:
 850:platform/HAL/src/stm32g4xx_hal_tim_ex.c ****     {
 851:platform/HAL/src/stm32g4xx_hal_tim_ex.c ****       /* Disable the TIM Output Compare interrupt */
 852:platform/HAL/src/stm32g4xx_hal_tim_ex.c ****       __HAL_TIM_DISABLE_IT(htim, TIM_IT_CC3);
 853:platform/HAL/src/stm32g4xx_hal_tim_ex.c ****       break;
 854:platform/HAL/src/stm32g4xx_hal_tim_ex.c ****     }
 855:platform/HAL/src/stm32g4xx_hal_tim_ex.c **** 
 856:platform/HAL/src/stm32g4xx_hal_tim_ex.c ****     case TIM_CHANNEL_4:
 857:platform/HAL/src/stm32g4xx_hal_tim_ex.c ****     {
 858:platform/HAL/src/stm32g4xx_hal_tim_ex.c ****       /* Disable the TIM Output Compare interrupt */
 859:platform/HAL/src/stm32g4xx_hal_tim_ex.c ****       __HAL_TIM_DISABLE_IT(htim, TIM_IT_CC4);
 860:platform/HAL/src/stm32g4xx_hal_tim_ex.c ****       break;
 861:platform/HAL/src/stm32g4xx_hal_tim_ex.c ****     }
 862:platform/HAL/src/stm32g4xx_hal_tim_ex.c **** 
 863:platform/HAL/src/stm32g4xx_hal_tim_ex.c ****     default:
 864:platform/HAL/src/stm32g4xx_hal_tim_ex.c ****       status = HAL_ERROR;
 865:platform/HAL/src/stm32g4xx_hal_tim_ex.c ****       break;
 866:platform/HAL/src/stm32g4xx_hal_tim_ex.c ****   }
 867:platform/HAL/src/stm32g4xx_hal_tim_ex.c **** 
 868:platform/HAL/src/stm32g4xx_hal_tim_ex.c ****   if (status == HAL_OK)
 869:platform/HAL/src/stm32g4xx_hal_tim_ex.c ****   {
 870:platform/HAL/src/stm32g4xx_hal_tim_ex.c ****     /* Disable the Capture compare channel N */
 871:platform/HAL/src/stm32g4xx_hal_tim_ex.c ****     TIM_CCxNChannelCmd(htim->Instance, Channel, TIM_CCxN_DISABLE);
 872:platform/HAL/src/stm32g4xx_hal_tim_ex.c **** 
 873:platform/HAL/src/stm32g4xx_hal_tim_ex.c ****     /* Disable the TIM Break interrupt (only if no more channel is active) */
 874:platform/HAL/src/stm32g4xx_hal_tim_ex.c ****     tmpccer = htim->Instance->CCER;
 875:platform/HAL/src/stm32g4xx_hal_tim_ex.c ****     if ((tmpccer & TIM_CCER_CCxNE_MASK) == (uint32_t)RESET)
 876:platform/HAL/src/stm32g4xx_hal_tim_ex.c ****     {
 877:platform/HAL/src/stm32g4xx_hal_tim_ex.c ****       __HAL_TIM_DISABLE_IT(htim, TIM_IT_BREAK);
 878:platform/HAL/src/stm32g4xx_hal_tim_ex.c ****     }
 879:platform/HAL/src/stm32g4xx_hal_tim_ex.c **** 
 880:platform/HAL/src/stm32g4xx_hal_tim_ex.c ****     /* Disable the Main Output */
 881:platform/HAL/src/stm32g4xx_hal_tim_ex.c ****     __HAL_TIM_MOE_DISABLE(htim);
 882:platform/HAL/src/stm32g4xx_hal_tim_ex.c **** 
 883:platform/HAL/src/stm32g4xx_hal_tim_ex.c ****     /* Disable the Peripheral */
 884:platform/HAL/src/stm32g4xx_hal_tim_ex.c ****     __HAL_TIM_DISABLE(htim);
 885:platform/HAL/src/stm32g4xx_hal_tim_ex.c **** 
ARM GAS  /tmp/cchCrvCd.s 			page 17


 886:platform/HAL/src/stm32g4xx_hal_tim_ex.c ****     /* Set the TIM complementary channel state */
 887:platform/HAL/src/stm32g4xx_hal_tim_ex.c ****     TIM_CHANNEL_N_STATE_SET(htim, Channel, HAL_TIM_CHANNEL_STATE_READY);
 888:platform/HAL/src/stm32g4xx_hal_tim_ex.c ****   }
 889:platform/HAL/src/stm32g4xx_hal_tim_ex.c **** 
 890:platform/HAL/src/stm32g4xx_hal_tim_ex.c ****   /* Return function status */
 891:platform/HAL/src/stm32g4xx_hal_tim_ex.c ****   return status;
 892:platform/HAL/src/stm32g4xx_hal_tim_ex.c **** }
 893:platform/HAL/src/stm32g4xx_hal_tim_ex.c **** 
 894:platform/HAL/src/stm32g4xx_hal_tim_ex.c **** /**
 895:platform/HAL/src/stm32g4xx_hal_tim_ex.c ****   * @brief  Starts the TIM Output Compare signal generation in DMA mode
 896:platform/HAL/src/stm32g4xx_hal_tim_ex.c ****   *         on the complementary output.
 897:platform/HAL/src/stm32g4xx_hal_tim_ex.c ****   * @param  htim TIM Output Compare handle
 898:platform/HAL/src/stm32g4xx_hal_tim_ex.c ****   * @param  Channel TIM Channel to be enabled
 899:platform/HAL/src/stm32g4xx_hal_tim_ex.c ****   *          This parameter can be one of the following values:
 900:platform/HAL/src/stm32g4xx_hal_tim_ex.c ****   *            @arg TIM_CHANNEL_1: TIM Channel 1 selected
 901:platform/HAL/src/stm32g4xx_hal_tim_ex.c ****   *            @arg TIM_CHANNEL_2: TIM Channel 2 selected
 902:platform/HAL/src/stm32g4xx_hal_tim_ex.c ****   *            @arg TIM_CHANNEL_3: TIM Channel 3 selected
 903:platform/HAL/src/stm32g4xx_hal_tim_ex.c ****   *            @arg TIM_CHANNEL_4: TIM Channel 4 selected
 904:platform/HAL/src/stm32g4xx_hal_tim_ex.c ****   * @param  pData The source Buffer address.
 905:platform/HAL/src/stm32g4xx_hal_tim_ex.c ****   * @param  Length The length of data to be transferred from memory to TIM peripheral
 906:platform/HAL/src/stm32g4xx_hal_tim_ex.c ****   * @retval HAL status
 907:platform/HAL/src/stm32g4xx_hal_tim_ex.c ****   */
 908:platform/HAL/src/stm32g4xx_hal_tim_ex.c **** HAL_StatusTypeDef HAL_TIMEx_OCN_Start_DMA(TIM_HandleTypeDef *htim, uint32_t Channel, const uint32_t
 909:platform/HAL/src/stm32g4xx_hal_tim_ex.c ****                                           uint16_t Length)
 910:platform/HAL/src/stm32g4xx_hal_tim_ex.c **** {
 911:platform/HAL/src/stm32g4xx_hal_tim_ex.c ****   HAL_StatusTypeDef status = HAL_OK;
 912:platform/HAL/src/stm32g4xx_hal_tim_ex.c ****   uint32_t tmpsmcr;
 913:platform/HAL/src/stm32g4xx_hal_tim_ex.c **** 
 914:platform/HAL/src/stm32g4xx_hal_tim_ex.c ****   /* Check the parameters */
 915:platform/HAL/src/stm32g4xx_hal_tim_ex.c ****   assert_param(IS_TIM_CCXN_INSTANCE(htim->Instance, Channel));
 916:platform/HAL/src/stm32g4xx_hal_tim_ex.c **** 
 917:platform/HAL/src/stm32g4xx_hal_tim_ex.c ****   /* Set the TIM complementary channel state */
 918:platform/HAL/src/stm32g4xx_hal_tim_ex.c ****   if (TIM_CHANNEL_N_STATE_GET(htim, Channel) == HAL_TIM_CHANNEL_STATE_BUSY)
 919:platform/HAL/src/stm32g4xx_hal_tim_ex.c ****   {
 920:platform/HAL/src/stm32g4xx_hal_tim_ex.c ****     return HAL_BUSY;
 921:platform/HAL/src/stm32g4xx_hal_tim_ex.c ****   }
 922:platform/HAL/src/stm32g4xx_hal_tim_ex.c ****   else if (TIM_CHANNEL_N_STATE_GET(htim, Channel) == HAL_TIM_CHANNEL_STATE_READY)
 923:platform/HAL/src/stm32g4xx_hal_tim_ex.c ****   {
 924:platform/HAL/src/stm32g4xx_hal_tim_ex.c ****     if ((pData == NULL) || (Length == 0U))
 925:platform/HAL/src/stm32g4xx_hal_tim_ex.c ****     {
 926:platform/HAL/src/stm32g4xx_hal_tim_ex.c ****       return HAL_ERROR;
 927:platform/HAL/src/stm32g4xx_hal_tim_ex.c ****     }
 928:platform/HAL/src/stm32g4xx_hal_tim_ex.c ****     else
 929:platform/HAL/src/stm32g4xx_hal_tim_ex.c ****     {
 930:platform/HAL/src/stm32g4xx_hal_tim_ex.c ****       TIM_CHANNEL_N_STATE_SET(htim, Channel, HAL_TIM_CHANNEL_STATE_BUSY);
 931:platform/HAL/src/stm32g4xx_hal_tim_ex.c ****     }
 932:platform/HAL/src/stm32g4xx_hal_tim_ex.c ****   }
 933:platform/HAL/src/stm32g4xx_hal_tim_ex.c ****   else
 934:platform/HAL/src/stm32g4xx_hal_tim_ex.c ****   {
 935:platform/HAL/src/stm32g4xx_hal_tim_ex.c ****     return HAL_ERROR;
 936:platform/HAL/src/stm32g4xx_hal_tim_ex.c ****   }
 937:platform/HAL/src/stm32g4xx_hal_tim_ex.c **** 
 938:platform/HAL/src/stm32g4xx_hal_tim_ex.c ****   switch (Channel)
 939:platform/HAL/src/stm32g4xx_hal_tim_ex.c ****   {
 940:platform/HAL/src/stm32g4xx_hal_tim_ex.c ****     case TIM_CHANNEL_1:
 941:platform/HAL/src/stm32g4xx_hal_tim_ex.c ****     {
 942:platform/HAL/src/stm32g4xx_hal_tim_ex.c ****       /* Set the DMA compare callbacks */
ARM GAS  /tmp/cchCrvCd.s 			page 18


 943:platform/HAL/src/stm32g4xx_hal_tim_ex.c ****       htim->hdma[TIM_DMA_ID_CC1]->XferCpltCallback = TIM_DMADelayPulseNCplt;
 944:platform/HAL/src/stm32g4xx_hal_tim_ex.c ****       htim->hdma[TIM_DMA_ID_CC1]->XferHalfCpltCallback = TIM_DMADelayPulseHalfCplt;
 945:platform/HAL/src/stm32g4xx_hal_tim_ex.c **** 
 946:platform/HAL/src/stm32g4xx_hal_tim_ex.c ****       /* Set the DMA error callback */
 947:platform/HAL/src/stm32g4xx_hal_tim_ex.c ****       htim->hdma[TIM_DMA_ID_CC1]->XferErrorCallback = TIM_DMAErrorCCxN ;
 948:platform/HAL/src/stm32g4xx_hal_tim_ex.c **** 
 949:platform/HAL/src/stm32g4xx_hal_tim_ex.c ****       /* Enable the DMA channel */
 950:platform/HAL/src/stm32g4xx_hal_tim_ex.c ****       if (HAL_DMA_Start_IT(htim->hdma[TIM_DMA_ID_CC1], (uint32_t)pData, (uint32_t)&htim->Instance->
 951:platform/HAL/src/stm32g4xx_hal_tim_ex.c ****                            Length) != HAL_OK)
 952:platform/HAL/src/stm32g4xx_hal_tim_ex.c ****       {
 953:platform/HAL/src/stm32g4xx_hal_tim_ex.c ****         /* Return error status */
 954:platform/HAL/src/stm32g4xx_hal_tim_ex.c ****         return HAL_ERROR;
 955:platform/HAL/src/stm32g4xx_hal_tim_ex.c ****       }
 956:platform/HAL/src/stm32g4xx_hal_tim_ex.c ****       /* Enable the TIM Output Compare DMA request */
 957:platform/HAL/src/stm32g4xx_hal_tim_ex.c ****       __HAL_TIM_ENABLE_DMA(htim, TIM_DMA_CC1);
 958:platform/HAL/src/stm32g4xx_hal_tim_ex.c ****       break;
 959:platform/HAL/src/stm32g4xx_hal_tim_ex.c ****     }
 960:platform/HAL/src/stm32g4xx_hal_tim_ex.c **** 
 961:platform/HAL/src/stm32g4xx_hal_tim_ex.c ****     case TIM_CHANNEL_2:
 962:platform/HAL/src/stm32g4xx_hal_tim_ex.c ****     {
 963:platform/HAL/src/stm32g4xx_hal_tim_ex.c ****       /* Set the DMA compare callbacks */
 964:platform/HAL/src/stm32g4xx_hal_tim_ex.c ****       htim->hdma[TIM_DMA_ID_CC2]->XferCpltCallback = TIM_DMADelayPulseNCplt;
 965:platform/HAL/src/stm32g4xx_hal_tim_ex.c ****       htim->hdma[TIM_DMA_ID_CC2]->XferHalfCpltCallback = TIM_DMADelayPulseHalfCplt;
 966:platform/HAL/src/stm32g4xx_hal_tim_ex.c **** 
 967:platform/HAL/src/stm32g4xx_hal_tim_ex.c ****       /* Set the DMA error callback */
 968:platform/HAL/src/stm32g4xx_hal_tim_ex.c ****       htim->hdma[TIM_DMA_ID_CC2]->XferErrorCallback = TIM_DMAErrorCCxN ;
 969:platform/HAL/src/stm32g4xx_hal_tim_ex.c **** 
 970:platform/HAL/src/stm32g4xx_hal_tim_ex.c ****       /* Enable the DMA channel */
 971:platform/HAL/src/stm32g4xx_hal_tim_ex.c ****       if (HAL_DMA_Start_IT(htim->hdma[TIM_DMA_ID_CC2], (uint32_t)pData, (uint32_t)&htim->Instance->
 972:platform/HAL/src/stm32g4xx_hal_tim_ex.c ****                            Length) != HAL_OK)
 973:platform/HAL/src/stm32g4xx_hal_tim_ex.c ****       {
 974:platform/HAL/src/stm32g4xx_hal_tim_ex.c ****         /* Return error status */
 975:platform/HAL/src/stm32g4xx_hal_tim_ex.c ****         return HAL_ERROR;
 976:platform/HAL/src/stm32g4xx_hal_tim_ex.c ****       }
 977:platform/HAL/src/stm32g4xx_hal_tim_ex.c ****       /* Enable the TIM Output Compare DMA request */
 978:platform/HAL/src/stm32g4xx_hal_tim_ex.c ****       __HAL_TIM_ENABLE_DMA(htim, TIM_DMA_CC2);
 979:platform/HAL/src/stm32g4xx_hal_tim_ex.c ****       break;
 980:platform/HAL/src/stm32g4xx_hal_tim_ex.c ****     }
 981:platform/HAL/src/stm32g4xx_hal_tim_ex.c **** 
 982:platform/HAL/src/stm32g4xx_hal_tim_ex.c ****     case TIM_CHANNEL_3:
 983:platform/HAL/src/stm32g4xx_hal_tim_ex.c ****     {
 984:platform/HAL/src/stm32g4xx_hal_tim_ex.c ****       /* Set the DMA compare callbacks */
 985:platform/HAL/src/stm32g4xx_hal_tim_ex.c ****       htim->hdma[TIM_DMA_ID_CC3]->XferCpltCallback = TIM_DMADelayPulseNCplt;
 986:platform/HAL/src/stm32g4xx_hal_tim_ex.c ****       htim->hdma[TIM_DMA_ID_CC3]->XferHalfCpltCallback = TIM_DMADelayPulseHalfCplt;
 987:platform/HAL/src/stm32g4xx_hal_tim_ex.c **** 
 988:platform/HAL/src/stm32g4xx_hal_tim_ex.c ****       /* Set the DMA error callback */
 989:platform/HAL/src/stm32g4xx_hal_tim_ex.c ****       htim->hdma[TIM_DMA_ID_CC3]->XferErrorCallback = TIM_DMAErrorCCxN ;
 990:platform/HAL/src/stm32g4xx_hal_tim_ex.c **** 
 991:platform/HAL/src/stm32g4xx_hal_tim_ex.c ****       /* Enable the DMA channel */
 992:platform/HAL/src/stm32g4xx_hal_tim_ex.c ****       if (HAL_DMA_Start_IT(htim->hdma[TIM_DMA_ID_CC3], (uint32_t)pData, (uint32_t)&htim->Instance->
 993:platform/HAL/src/stm32g4xx_hal_tim_ex.c ****                            Length) != HAL_OK)
 994:platform/HAL/src/stm32g4xx_hal_tim_ex.c ****       {
 995:platform/HAL/src/stm32g4xx_hal_tim_ex.c ****         /* Return error status */
 996:platform/HAL/src/stm32g4xx_hal_tim_ex.c ****         return HAL_ERROR;
 997:platform/HAL/src/stm32g4xx_hal_tim_ex.c ****       }
 998:platform/HAL/src/stm32g4xx_hal_tim_ex.c ****       /* Enable the TIM Output Compare DMA request */
 999:platform/HAL/src/stm32g4xx_hal_tim_ex.c ****       __HAL_TIM_ENABLE_DMA(htim, TIM_DMA_CC3);
ARM GAS  /tmp/cchCrvCd.s 			page 19


1000:platform/HAL/src/stm32g4xx_hal_tim_ex.c ****       break;
1001:platform/HAL/src/stm32g4xx_hal_tim_ex.c ****     }
1002:platform/HAL/src/stm32g4xx_hal_tim_ex.c **** 
1003:platform/HAL/src/stm32g4xx_hal_tim_ex.c ****     case TIM_CHANNEL_4:
1004:platform/HAL/src/stm32g4xx_hal_tim_ex.c ****     {
1005:platform/HAL/src/stm32g4xx_hal_tim_ex.c ****       /* Set the DMA compare callbacks */
1006:platform/HAL/src/stm32g4xx_hal_tim_ex.c ****       htim->hdma[TIM_DMA_ID_CC4]->XferCpltCallback = TIM_DMADelayPulseNCplt;
1007:platform/HAL/src/stm32g4xx_hal_tim_ex.c ****       htim->hdma[TIM_DMA_ID_CC4]->XferHalfCpltCallback = TIM_DMADelayPulseHalfCplt;
1008:platform/HAL/src/stm32g4xx_hal_tim_ex.c **** 
1009:platform/HAL/src/stm32g4xx_hal_tim_ex.c ****       /* Set the DMA error callback */
1010:platform/HAL/src/stm32g4xx_hal_tim_ex.c ****       htim->hdma[TIM_DMA_ID_CC4]->XferErrorCallback = TIM_DMAErrorCCxN ;
1011:platform/HAL/src/stm32g4xx_hal_tim_ex.c **** 
1012:platform/HAL/src/stm32g4xx_hal_tim_ex.c ****       /* Enable the DMA channel */
1013:platform/HAL/src/stm32g4xx_hal_tim_ex.c ****       if (HAL_DMA_Start_IT(htim->hdma[TIM_DMA_ID_CC4], (uint32_t)pData, (uint32_t)&htim->Instance->
1014:platform/HAL/src/stm32g4xx_hal_tim_ex.c ****                            Length) != HAL_OK)
1015:platform/HAL/src/stm32g4xx_hal_tim_ex.c ****       {
1016:platform/HAL/src/stm32g4xx_hal_tim_ex.c ****         /* Return error status */
1017:platform/HAL/src/stm32g4xx_hal_tim_ex.c ****         return HAL_ERROR;
1018:platform/HAL/src/stm32g4xx_hal_tim_ex.c ****       }
1019:platform/HAL/src/stm32g4xx_hal_tim_ex.c ****       /* Enable the TIM Output Compare DMA request */
1020:platform/HAL/src/stm32g4xx_hal_tim_ex.c ****       __HAL_TIM_ENABLE_DMA(htim, TIM_DMA_CC4);
1021:platform/HAL/src/stm32g4xx_hal_tim_ex.c ****       break;
1022:platform/HAL/src/stm32g4xx_hal_tim_ex.c ****     }
1023:platform/HAL/src/stm32g4xx_hal_tim_ex.c **** 
1024:platform/HAL/src/stm32g4xx_hal_tim_ex.c ****     default:
1025:platform/HAL/src/stm32g4xx_hal_tim_ex.c ****       status = HAL_ERROR;
1026:platform/HAL/src/stm32g4xx_hal_tim_ex.c ****       break;
1027:platform/HAL/src/stm32g4xx_hal_tim_ex.c ****   }
1028:platform/HAL/src/stm32g4xx_hal_tim_ex.c **** 
1029:platform/HAL/src/stm32g4xx_hal_tim_ex.c ****   if (status == HAL_OK)
1030:platform/HAL/src/stm32g4xx_hal_tim_ex.c ****   {
1031:platform/HAL/src/stm32g4xx_hal_tim_ex.c ****     /* Enable the Capture compare channel N */
1032:platform/HAL/src/stm32g4xx_hal_tim_ex.c ****     TIM_CCxNChannelCmd(htim->Instance, Channel, TIM_CCxN_ENABLE);
1033:platform/HAL/src/stm32g4xx_hal_tim_ex.c **** 
1034:platform/HAL/src/stm32g4xx_hal_tim_ex.c ****     /* Enable the Main Output */
1035:platform/HAL/src/stm32g4xx_hal_tim_ex.c ****     __HAL_TIM_MOE_ENABLE(htim);
1036:platform/HAL/src/stm32g4xx_hal_tim_ex.c **** 
1037:platform/HAL/src/stm32g4xx_hal_tim_ex.c ****     /* Enable the Peripheral, except in trigger mode where enable is automatically done with trigge
1038:platform/HAL/src/stm32g4xx_hal_tim_ex.c ****     if (IS_TIM_SLAVE_INSTANCE(htim->Instance))
1039:platform/HAL/src/stm32g4xx_hal_tim_ex.c ****     {
1040:platform/HAL/src/stm32g4xx_hal_tim_ex.c ****       tmpsmcr = htim->Instance->SMCR & TIM_SMCR_SMS;
1041:platform/HAL/src/stm32g4xx_hal_tim_ex.c ****       if (!IS_TIM_SLAVEMODE_TRIGGER_ENABLED(tmpsmcr))
1042:platform/HAL/src/stm32g4xx_hal_tim_ex.c ****       {
1043:platform/HAL/src/stm32g4xx_hal_tim_ex.c ****         __HAL_TIM_ENABLE(htim);
1044:platform/HAL/src/stm32g4xx_hal_tim_ex.c ****       }
1045:platform/HAL/src/stm32g4xx_hal_tim_ex.c ****     }
1046:platform/HAL/src/stm32g4xx_hal_tim_ex.c ****     else
1047:platform/HAL/src/stm32g4xx_hal_tim_ex.c ****     {
1048:platform/HAL/src/stm32g4xx_hal_tim_ex.c ****       __HAL_TIM_ENABLE(htim);
1049:platform/HAL/src/stm32g4xx_hal_tim_ex.c ****     }
1050:platform/HAL/src/stm32g4xx_hal_tim_ex.c ****   }
1051:platform/HAL/src/stm32g4xx_hal_tim_ex.c **** 
1052:platform/HAL/src/stm32g4xx_hal_tim_ex.c ****   /* Return function status */
1053:platform/HAL/src/stm32g4xx_hal_tim_ex.c ****   return status;
1054:platform/HAL/src/stm32g4xx_hal_tim_ex.c **** }
1055:platform/HAL/src/stm32g4xx_hal_tim_ex.c **** 
1056:platform/HAL/src/stm32g4xx_hal_tim_ex.c **** /**
ARM GAS  /tmp/cchCrvCd.s 			page 20


1057:platform/HAL/src/stm32g4xx_hal_tim_ex.c ****   * @brief  Stops the TIM Output Compare signal generation in DMA mode
1058:platform/HAL/src/stm32g4xx_hal_tim_ex.c ****   *         on the complementary output.
1059:platform/HAL/src/stm32g4xx_hal_tim_ex.c ****   * @param  htim TIM Output Compare handle
1060:platform/HAL/src/stm32g4xx_hal_tim_ex.c ****   * @param  Channel TIM Channel to be disabled
1061:platform/HAL/src/stm32g4xx_hal_tim_ex.c ****   *          This parameter can be one of the following values:
1062:platform/HAL/src/stm32g4xx_hal_tim_ex.c ****   *            @arg TIM_CHANNEL_1: TIM Channel 1 selected
1063:platform/HAL/src/stm32g4xx_hal_tim_ex.c ****   *            @arg TIM_CHANNEL_2: TIM Channel 2 selected
1064:platform/HAL/src/stm32g4xx_hal_tim_ex.c ****   *            @arg TIM_CHANNEL_3: TIM Channel 3 selected
1065:platform/HAL/src/stm32g4xx_hal_tim_ex.c ****   *            @arg TIM_CHANNEL_4: TIM Channel 4 selected
1066:platform/HAL/src/stm32g4xx_hal_tim_ex.c ****   * @retval HAL status
1067:platform/HAL/src/stm32g4xx_hal_tim_ex.c ****   */
1068:platform/HAL/src/stm32g4xx_hal_tim_ex.c **** HAL_StatusTypeDef HAL_TIMEx_OCN_Stop_DMA(TIM_HandleTypeDef *htim, uint32_t Channel)
1069:platform/HAL/src/stm32g4xx_hal_tim_ex.c **** {
1070:platform/HAL/src/stm32g4xx_hal_tim_ex.c ****   HAL_StatusTypeDef status = HAL_OK;
1071:platform/HAL/src/stm32g4xx_hal_tim_ex.c **** 
1072:platform/HAL/src/stm32g4xx_hal_tim_ex.c ****   /* Check the parameters */
1073:platform/HAL/src/stm32g4xx_hal_tim_ex.c ****   assert_param(IS_TIM_CCXN_INSTANCE(htim->Instance, Channel));
1074:platform/HAL/src/stm32g4xx_hal_tim_ex.c **** 
1075:platform/HAL/src/stm32g4xx_hal_tim_ex.c ****   switch (Channel)
1076:platform/HAL/src/stm32g4xx_hal_tim_ex.c ****   {
1077:platform/HAL/src/stm32g4xx_hal_tim_ex.c ****     case TIM_CHANNEL_1:
1078:platform/HAL/src/stm32g4xx_hal_tim_ex.c ****     {
1079:platform/HAL/src/stm32g4xx_hal_tim_ex.c ****       /* Disable the TIM Output Compare DMA request */
1080:platform/HAL/src/stm32g4xx_hal_tim_ex.c ****       __HAL_TIM_DISABLE_DMA(htim, TIM_DMA_CC1);
1081:platform/HAL/src/stm32g4xx_hal_tim_ex.c ****       (void)HAL_DMA_Abort_IT(htim->hdma[TIM_DMA_ID_CC1]);
1082:platform/HAL/src/stm32g4xx_hal_tim_ex.c ****       break;
1083:platform/HAL/src/stm32g4xx_hal_tim_ex.c ****     }
1084:platform/HAL/src/stm32g4xx_hal_tim_ex.c **** 
1085:platform/HAL/src/stm32g4xx_hal_tim_ex.c ****     case TIM_CHANNEL_2:
1086:platform/HAL/src/stm32g4xx_hal_tim_ex.c ****     {
1087:platform/HAL/src/stm32g4xx_hal_tim_ex.c ****       /* Disable the TIM Output Compare DMA request */
1088:platform/HAL/src/stm32g4xx_hal_tim_ex.c ****       __HAL_TIM_DISABLE_DMA(htim, TIM_DMA_CC2);
1089:platform/HAL/src/stm32g4xx_hal_tim_ex.c ****       (void)HAL_DMA_Abort_IT(htim->hdma[TIM_DMA_ID_CC2]);
1090:platform/HAL/src/stm32g4xx_hal_tim_ex.c ****       break;
1091:platform/HAL/src/stm32g4xx_hal_tim_ex.c ****     }
1092:platform/HAL/src/stm32g4xx_hal_tim_ex.c **** 
1093:platform/HAL/src/stm32g4xx_hal_tim_ex.c ****     case TIM_CHANNEL_3:
1094:platform/HAL/src/stm32g4xx_hal_tim_ex.c ****     {
1095:platform/HAL/src/stm32g4xx_hal_tim_ex.c ****       /* Disable the TIM Output Compare DMA request */
1096:platform/HAL/src/stm32g4xx_hal_tim_ex.c ****       __HAL_TIM_DISABLE_DMA(htim, TIM_DMA_CC3);
1097:platform/HAL/src/stm32g4xx_hal_tim_ex.c ****       (void)HAL_DMA_Abort_IT(htim->hdma[TIM_DMA_ID_CC3]);
1098:platform/HAL/src/stm32g4xx_hal_tim_ex.c ****       break;
1099:platform/HAL/src/stm32g4xx_hal_tim_ex.c ****     }
1100:platform/HAL/src/stm32g4xx_hal_tim_ex.c **** 
1101:platform/HAL/src/stm32g4xx_hal_tim_ex.c ****     case TIM_CHANNEL_4:
1102:platform/HAL/src/stm32g4xx_hal_tim_ex.c ****     {
1103:platform/HAL/src/stm32g4xx_hal_tim_ex.c ****       /* Disable the TIM Output Compare interrupt */
1104:platform/HAL/src/stm32g4xx_hal_tim_ex.c ****       __HAL_TIM_DISABLE_DMA(htim, TIM_DMA_CC4);
1105:platform/HAL/src/stm32g4xx_hal_tim_ex.c ****       (void)HAL_DMA_Abort_IT(htim->hdma[TIM_DMA_ID_CC4]);
1106:platform/HAL/src/stm32g4xx_hal_tim_ex.c ****       break;
1107:platform/HAL/src/stm32g4xx_hal_tim_ex.c ****     }
1108:platform/HAL/src/stm32g4xx_hal_tim_ex.c **** 
1109:platform/HAL/src/stm32g4xx_hal_tim_ex.c ****     default:
1110:platform/HAL/src/stm32g4xx_hal_tim_ex.c ****       status = HAL_ERROR;
1111:platform/HAL/src/stm32g4xx_hal_tim_ex.c ****       break;
1112:platform/HAL/src/stm32g4xx_hal_tim_ex.c ****   }
1113:platform/HAL/src/stm32g4xx_hal_tim_ex.c **** 
ARM GAS  /tmp/cchCrvCd.s 			page 21


1114:platform/HAL/src/stm32g4xx_hal_tim_ex.c ****   if (status == HAL_OK)
1115:platform/HAL/src/stm32g4xx_hal_tim_ex.c ****   {
1116:platform/HAL/src/stm32g4xx_hal_tim_ex.c ****     /* Disable the Capture compare channel N */
1117:platform/HAL/src/stm32g4xx_hal_tim_ex.c ****     TIM_CCxNChannelCmd(htim->Instance, Channel, TIM_CCxN_DISABLE);
1118:platform/HAL/src/stm32g4xx_hal_tim_ex.c **** 
1119:platform/HAL/src/stm32g4xx_hal_tim_ex.c ****     /* Disable the Main Output */
1120:platform/HAL/src/stm32g4xx_hal_tim_ex.c ****     __HAL_TIM_MOE_DISABLE(htim);
1121:platform/HAL/src/stm32g4xx_hal_tim_ex.c **** 
1122:platform/HAL/src/stm32g4xx_hal_tim_ex.c ****     /* Disable the Peripheral */
1123:platform/HAL/src/stm32g4xx_hal_tim_ex.c ****     __HAL_TIM_DISABLE(htim);
1124:platform/HAL/src/stm32g4xx_hal_tim_ex.c **** 
1125:platform/HAL/src/stm32g4xx_hal_tim_ex.c ****     /* Set the TIM complementary channel state */
1126:platform/HAL/src/stm32g4xx_hal_tim_ex.c ****     TIM_CHANNEL_N_STATE_SET(htim, Channel, HAL_TIM_CHANNEL_STATE_READY);
1127:platform/HAL/src/stm32g4xx_hal_tim_ex.c ****   }
1128:platform/HAL/src/stm32g4xx_hal_tim_ex.c **** 
1129:platform/HAL/src/stm32g4xx_hal_tim_ex.c ****   /* Return function status */
1130:platform/HAL/src/stm32g4xx_hal_tim_ex.c ****   return status;
1131:platform/HAL/src/stm32g4xx_hal_tim_ex.c **** }
1132:platform/HAL/src/stm32g4xx_hal_tim_ex.c **** 
1133:platform/HAL/src/stm32g4xx_hal_tim_ex.c **** /**
1134:platform/HAL/src/stm32g4xx_hal_tim_ex.c ****   * @}
1135:platform/HAL/src/stm32g4xx_hal_tim_ex.c ****   */
1136:platform/HAL/src/stm32g4xx_hal_tim_ex.c **** 
1137:platform/HAL/src/stm32g4xx_hal_tim_ex.c **** /** @defgroup TIMEx_Exported_Functions_Group3 Extended Timer Complementary PWM functions
1138:platform/HAL/src/stm32g4xx_hal_tim_ex.c ****   * @brief    Timer Complementary PWM functions
1139:platform/HAL/src/stm32g4xx_hal_tim_ex.c ****   *
1140:platform/HAL/src/stm32g4xx_hal_tim_ex.c **** @verbatim
1141:platform/HAL/src/stm32g4xx_hal_tim_ex.c ****   ==============================================================================
1142:platform/HAL/src/stm32g4xx_hal_tim_ex.c ****                  ##### Timer Complementary PWM functions #####
1143:platform/HAL/src/stm32g4xx_hal_tim_ex.c ****   ==============================================================================
1144:platform/HAL/src/stm32g4xx_hal_tim_ex.c ****   [..]
1145:platform/HAL/src/stm32g4xx_hal_tim_ex.c ****     This section provides functions allowing to:
1146:platform/HAL/src/stm32g4xx_hal_tim_ex.c ****     (+) Start the Complementary PWM.
1147:platform/HAL/src/stm32g4xx_hal_tim_ex.c ****     (+) Stop the Complementary PWM.
1148:platform/HAL/src/stm32g4xx_hal_tim_ex.c ****     (+) Start the Complementary PWM and enable interrupts.
1149:platform/HAL/src/stm32g4xx_hal_tim_ex.c ****     (+) Stop the Complementary PWM and disable interrupts.
1150:platform/HAL/src/stm32g4xx_hal_tim_ex.c ****     (+) Start the Complementary PWM and enable DMA transfers.
1151:platform/HAL/src/stm32g4xx_hal_tim_ex.c ****     (+) Stop the Complementary PWM and disable DMA transfers.
1152:platform/HAL/src/stm32g4xx_hal_tim_ex.c **** @endverbatim
1153:platform/HAL/src/stm32g4xx_hal_tim_ex.c ****   * @{
1154:platform/HAL/src/stm32g4xx_hal_tim_ex.c ****   */
1155:platform/HAL/src/stm32g4xx_hal_tim_ex.c **** 
1156:platform/HAL/src/stm32g4xx_hal_tim_ex.c **** /**
1157:platform/HAL/src/stm32g4xx_hal_tim_ex.c ****   * @brief  Starts the PWM signal generation on the complementary output.
1158:platform/HAL/src/stm32g4xx_hal_tim_ex.c ****   * @param  htim TIM handle
1159:platform/HAL/src/stm32g4xx_hal_tim_ex.c ****   * @param  Channel TIM Channel to be enabled
1160:platform/HAL/src/stm32g4xx_hal_tim_ex.c ****   *          This parameter can be one of the following values:
1161:platform/HAL/src/stm32g4xx_hal_tim_ex.c ****   *            @arg TIM_CHANNEL_1: TIM Channel 1 selected
1162:platform/HAL/src/stm32g4xx_hal_tim_ex.c ****   *            @arg TIM_CHANNEL_2: TIM Channel 2 selected
1163:platform/HAL/src/stm32g4xx_hal_tim_ex.c ****   *            @arg TIM_CHANNEL_3: TIM Channel 3 selected
1164:platform/HAL/src/stm32g4xx_hal_tim_ex.c ****   *            @arg TIM_CHANNEL_4: TIM Channel 4 selected
1165:platform/HAL/src/stm32g4xx_hal_tim_ex.c ****   * @retval HAL status
1166:platform/HAL/src/stm32g4xx_hal_tim_ex.c ****   */
1167:platform/HAL/src/stm32g4xx_hal_tim_ex.c **** HAL_StatusTypeDef HAL_TIMEx_PWMN_Start(TIM_HandleTypeDef *htim, uint32_t Channel)
1168:platform/HAL/src/stm32g4xx_hal_tim_ex.c **** {
1169:platform/HAL/src/stm32g4xx_hal_tim_ex.c ****   uint32_t tmpsmcr;
1170:platform/HAL/src/stm32g4xx_hal_tim_ex.c **** 
ARM GAS  /tmp/cchCrvCd.s 			page 22


1171:platform/HAL/src/stm32g4xx_hal_tim_ex.c ****   /* Check the parameters */
1172:platform/HAL/src/stm32g4xx_hal_tim_ex.c ****   assert_param(IS_TIM_CCXN_INSTANCE(htim->Instance, Channel));
1173:platform/HAL/src/stm32g4xx_hal_tim_ex.c **** 
1174:platform/HAL/src/stm32g4xx_hal_tim_ex.c ****   /* Check the TIM complementary channel state */
1175:platform/HAL/src/stm32g4xx_hal_tim_ex.c ****   if (TIM_CHANNEL_N_STATE_GET(htim, Channel) != HAL_TIM_CHANNEL_STATE_READY)
1176:platform/HAL/src/stm32g4xx_hal_tim_ex.c ****   {
1177:platform/HAL/src/stm32g4xx_hal_tim_ex.c ****     return HAL_ERROR;
1178:platform/HAL/src/stm32g4xx_hal_tim_ex.c ****   }
1179:platform/HAL/src/stm32g4xx_hal_tim_ex.c **** 
1180:platform/HAL/src/stm32g4xx_hal_tim_ex.c ****   /* Set the TIM complementary channel state */
1181:platform/HAL/src/stm32g4xx_hal_tim_ex.c ****   TIM_CHANNEL_N_STATE_SET(htim, Channel, HAL_TIM_CHANNEL_STATE_BUSY);
1182:platform/HAL/src/stm32g4xx_hal_tim_ex.c **** 
1183:platform/HAL/src/stm32g4xx_hal_tim_ex.c ****   /* Enable the complementary PWM output  */
1184:platform/HAL/src/stm32g4xx_hal_tim_ex.c ****   TIM_CCxNChannelCmd(htim->Instance, Channel, TIM_CCxN_ENABLE);
1185:platform/HAL/src/stm32g4xx_hal_tim_ex.c **** 
1186:platform/HAL/src/stm32g4xx_hal_tim_ex.c ****   /* Enable the Main Output */
1187:platform/HAL/src/stm32g4xx_hal_tim_ex.c ****   __HAL_TIM_MOE_ENABLE(htim);
1188:platform/HAL/src/stm32g4xx_hal_tim_ex.c **** 
1189:platform/HAL/src/stm32g4xx_hal_tim_ex.c ****   /* Enable the Peripheral, except in trigger mode where enable is automatically done with trigger 
1190:platform/HAL/src/stm32g4xx_hal_tim_ex.c ****   if (IS_TIM_SLAVE_INSTANCE(htim->Instance))
1191:platform/HAL/src/stm32g4xx_hal_tim_ex.c ****   {
1192:platform/HAL/src/stm32g4xx_hal_tim_ex.c ****     tmpsmcr = htim->Instance->SMCR & TIM_SMCR_SMS;
1193:platform/HAL/src/stm32g4xx_hal_tim_ex.c ****     if (!IS_TIM_SLAVEMODE_TRIGGER_ENABLED(tmpsmcr))
1194:platform/HAL/src/stm32g4xx_hal_tim_ex.c ****     {
1195:platform/HAL/src/stm32g4xx_hal_tim_ex.c ****       __HAL_TIM_ENABLE(htim);
1196:platform/HAL/src/stm32g4xx_hal_tim_ex.c ****     }
1197:platform/HAL/src/stm32g4xx_hal_tim_ex.c ****   }
1198:platform/HAL/src/stm32g4xx_hal_tim_ex.c ****   else
1199:platform/HAL/src/stm32g4xx_hal_tim_ex.c ****   {
1200:platform/HAL/src/stm32g4xx_hal_tim_ex.c ****     __HAL_TIM_ENABLE(htim);
1201:platform/HAL/src/stm32g4xx_hal_tim_ex.c ****   }
1202:platform/HAL/src/stm32g4xx_hal_tim_ex.c **** 
1203:platform/HAL/src/stm32g4xx_hal_tim_ex.c ****   /* Return function status */
1204:platform/HAL/src/stm32g4xx_hal_tim_ex.c ****   return HAL_OK;
1205:platform/HAL/src/stm32g4xx_hal_tim_ex.c **** }
1206:platform/HAL/src/stm32g4xx_hal_tim_ex.c **** 
1207:platform/HAL/src/stm32g4xx_hal_tim_ex.c **** /**
1208:platform/HAL/src/stm32g4xx_hal_tim_ex.c ****   * @brief  Stops the PWM signal generation on the complementary output.
1209:platform/HAL/src/stm32g4xx_hal_tim_ex.c ****   * @param  htim TIM handle
1210:platform/HAL/src/stm32g4xx_hal_tim_ex.c ****   * @param  Channel TIM Channel to be disabled
1211:platform/HAL/src/stm32g4xx_hal_tim_ex.c ****   *          This parameter can be one of the following values:
1212:platform/HAL/src/stm32g4xx_hal_tim_ex.c ****   *            @arg TIM_CHANNEL_1: TIM Channel 1 selected
1213:platform/HAL/src/stm32g4xx_hal_tim_ex.c ****   *            @arg TIM_CHANNEL_2: TIM Channel 2 selected
1214:platform/HAL/src/stm32g4xx_hal_tim_ex.c ****   *            @arg TIM_CHANNEL_3: TIM Channel 3 selected
1215:platform/HAL/src/stm32g4xx_hal_tim_ex.c ****   *            @arg TIM_CHANNEL_4: TIM Channel 4 selected
1216:platform/HAL/src/stm32g4xx_hal_tim_ex.c ****   * @retval HAL status
1217:platform/HAL/src/stm32g4xx_hal_tim_ex.c ****   */
1218:platform/HAL/src/stm32g4xx_hal_tim_ex.c **** HAL_StatusTypeDef HAL_TIMEx_PWMN_Stop(TIM_HandleTypeDef *htim, uint32_t Channel)
1219:platform/HAL/src/stm32g4xx_hal_tim_ex.c **** {
1220:platform/HAL/src/stm32g4xx_hal_tim_ex.c ****   /* Check the parameters */
1221:platform/HAL/src/stm32g4xx_hal_tim_ex.c ****   assert_param(IS_TIM_CCXN_INSTANCE(htim->Instance, Channel));
1222:platform/HAL/src/stm32g4xx_hal_tim_ex.c **** 
1223:platform/HAL/src/stm32g4xx_hal_tim_ex.c ****   /* Disable the complementary PWM output  */
1224:platform/HAL/src/stm32g4xx_hal_tim_ex.c ****   TIM_CCxNChannelCmd(htim->Instance, Channel, TIM_CCxN_DISABLE);
1225:platform/HAL/src/stm32g4xx_hal_tim_ex.c **** 
1226:platform/HAL/src/stm32g4xx_hal_tim_ex.c ****   /* Disable the Main Output */
1227:platform/HAL/src/stm32g4xx_hal_tim_ex.c ****   __HAL_TIM_MOE_DISABLE(htim);
ARM GAS  /tmp/cchCrvCd.s 			page 23


1228:platform/HAL/src/stm32g4xx_hal_tim_ex.c **** 
1229:platform/HAL/src/stm32g4xx_hal_tim_ex.c ****   /* Disable the Peripheral */
1230:platform/HAL/src/stm32g4xx_hal_tim_ex.c ****   __HAL_TIM_DISABLE(htim);
1231:platform/HAL/src/stm32g4xx_hal_tim_ex.c **** 
1232:platform/HAL/src/stm32g4xx_hal_tim_ex.c ****   /* Set the TIM complementary channel state */
1233:platform/HAL/src/stm32g4xx_hal_tim_ex.c ****   TIM_CHANNEL_N_STATE_SET(htim, Channel, HAL_TIM_CHANNEL_STATE_READY);
1234:platform/HAL/src/stm32g4xx_hal_tim_ex.c **** 
1235:platform/HAL/src/stm32g4xx_hal_tim_ex.c ****   /* Return function status */
1236:platform/HAL/src/stm32g4xx_hal_tim_ex.c ****   return HAL_OK;
1237:platform/HAL/src/stm32g4xx_hal_tim_ex.c **** }
1238:platform/HAL/src/stm32g4xx_hal_tim_ex.c **** 
1239:platform/HAL/src/stm32g4xx_hal_tim_ex.c **** /**
1240:platform/HAL/src/stm32g4xx_hal_tim_ex.c ****   * @brief  Starts the PWM signal generation in interrupt mode on the
1241:platform/HAL/src/stm32g4xx_hal_tim_ex.c ****   *         complementary output.
1242:platform/HAL/src/stm32g4xx_hal_tim_ex.c ****   * @param  htim TIM handle
1243:platform/HAL/src/stm32g4xx_hal_tim_ex.c ****   * @param  Channel TIM Channel to be disabled
1244:platform/HAL/src/stm32g4xx_hal_tim_ex.c ****   *          This parameter can be one of the following values:
1245:platform/HAL/src/stm32g4xx_hal_tim_ex.c ****   *            @arg TIM_CHANNEL_1: TIM Channel 1 selected
1246:platform/HAL/src/stm32g4xx_hal_tim_ex.c ****   *            @arg TIM_CHANNEL_2: TIM Channel 2 selected
1247:platform/HAL/src/stm32g4xx_hal_tim_ex.c ****   *            @arg TIM_CHANNEL_3: TIM Channel 3 selected
1248:platform/HAL/src/stm32g4xx_hal_tim_ex.c ****   *            @arg TIM_CHANNEL_4: TIM Channel 4 selected
1249:platform/HAL/src/stm32g4xx_hal_tim_ex.c ****   * @retval HAL status
1250:platform/HAL/src/stm32g4xx_hal_tim_ex.c ****   */
1251:platform/HAL/src/stm32g4xx_hal_tim_ex.c **** HAL_StatusTypeDef HAL_TIMEx_PWMN_Start_IT(TIM_HandleTypeDef *htim, uint32_t Channel)
1252:platform/HAL/src/stm32g4xx_hal_tim_ex.c **** {
1253:platform/HAL/src/stm32g4xx_hal_tim_ex.c ****   HAL_StatusTypeDef status = HAL_OK;
1254:platform/HAL/src/stm32g4xx_hal_tim_ex.c ****   uint32_t tmpsmcr;
1255:platform/HAL/src/stm32g4xx_hal_tim_ex.c **** 
1256:platform/HAL/src/stm32g4xx_hal_tim_ex.c ****   /* Check the parameters */
1257:platform/HAL/src/stm32g4xx_hal_tim_ex.c ****   assert_param(IS_TIM_CCXN_INSTANCE(htim->Instance, Channel));
1258:platform/HAL/src/stm32g4xx_hal_tim_ex.c **** 
1259:platform/HAL/src/stm32g4xx_hal_tim_ex.c ****   /* Check the TIM complementary channel state */
1260:platform/HAL/src/stm32g4xx_hal_tim_ex.c ****   if (TIM_CHANNEL_N_STATE_GET(htim, Channel) != HAL_TIM_CHANNEL_STATE_READY)
1261:platform/HAL/src/stm32g4xx_hal_tim_ex.c ****   {
1262:platform/HAL/src/stm32g4xx_hal_tim_ex.c ****     return HAL_ERROR;
1263:platform/HAL/src/stm32g4xx_hal_tim_ex.c ****   }
1264:platform/HAL/src/stm32g4xx_hal_tim_ex.c **** 
1265:platform/HAL/src/stm32g4xx_hal_tim_ex.c ****   /* Set the TIM complementary channel state */
1266:platform/HAL/src/stm32g4xx_hal_tim_ex.c ****   TIM_CHANNEL_N_STATE_SET(htim, Channel, HAL_TIM_CHANNEL_STATE_BUSY);
1267:platform/HAL/src/stm32g4xx_hal_tim_ex.c **** 
1268:platform/HAL/src/stm32g4xx_hal_tim_ex.c ****   switch (Channel)
1269:platform/HAL/src/stm32g4xx_hal_tim_ex.c ****   {
1270:platform/HAL/src/stm32g4xx_hal_tim_ex.c ****     case TIM_CHANNEL_1:
1271:platform/HAL/src/stm32g4xx_hal_tim_ex.c ****     {
1272:platform/HAL/src/stm32g4xx_hal_tim_ex.c ****       /* Enable the TIM Capture/Compare 1 interrupt */
1273:platform/HAL/src/stm32g4xx_hal_tim_ex.c ****       __HAL_TIM_ENABLE_IT(htim, TIM_IT_CC1);
1274:platform/HAL/src/stm32g4xx_hal_tim_ex.c ****       break;
1275:platform/HAL/src/stm32g4xx_hal_tim_ex.c ****     }
1276:platform/HAL/src/stm32g4xx_hal_tim_ex.c **** 
1277:platform/HAL/src/stm32g4xx_hal_tim_ex.c ****     case TIM_CHANNEL_2:
1278:platform/HAL/src/stm32g4xx_hal_tim_ex.c ****     {
1279:platform/HAL/src/stm32g4xx_hal_tim_ex.c ****       /* Enable the TIM Capture/Compare 2 interrupt */
1280:platform/HAL/src/stm32g4xx_hal_tim_ex.c ****       __HAL_TIM_ENABLE_IT(htim, TIM_IT_CC2);
1281:platform/HAL/src/stm32g4xx_hal_tim_ex.c ****       break;
1282:platform/HAL/src/stm32g4xx_hal_tim_ex.c ****     }
1283:platform/HAL/src/stm32g4xx_hal_tim_ex.c **** 
1284:platform/HAL/src/stm32g4xx_hal_tim_ex.c ****     case TIM_CHANNEL_3:
ARM GAS  /tmp/cchCrvCd.s 			page 24


1285:platform/HAL/src/stm32g4xx_hal_tim_ex.c ****     {
1286:platform/HAL/src/stm32g4xx_hal_tim_ex.c ****       /* Enable the TIM Capture/Compare 3 interrupt */
1287:platform/HAL/src/stm32g4xx_hal_tim_ex.c ****       __HAL_TIM_ENABLE_IT(htim, TIM_IT_CC3);
1288:platform/HAL/src/stm32g4xx_hal_tim_ex.c ****       break;
1289:platform/HAL/src/stm32g4xx_hal_tim_ex.c ****     }
1290:platform/HAL/src/stm32g4xx_hal_tim_ex.c **** 
1291:platform/HAL/src/stm32g4xx_hal_tim_ex.c ****     case TIM_CHANNEL_4:
1292:platform/HAL/src/stm32g4xx_hal_tim_ex.c ****     {
1293:platform/HAL/src/stm32g4xx_hal_tim_ex.c ****       /* Enable the TIM Capture/Compare 4 interrupt */
1294:platform/HAL/src/stm32g4xx_hal_tim_ex.c ****       __HAL_TIM_ENABLE_IT(htim, TIM_IT_CC4);
1295:platform/HAL/src/stm32g4xx_hal_tim_ex.c ****       break;
1296:platform/HAL/src/stm32g4xx_hal_tim_ex.c ****     }
1297:platform/HAL/src/stm32g4xx_hal_tim_ex.c **** 
1298:platform/HAL/src/stm32g4xx_hal_tim_ex.c ****     default:
1299:platform/HAL/src/stm32g4xx_hal_tim_ex.c ****       status = HAL_ERROR;
1300:platform/HAL/src/stm32g4xx_hal_tim_ex.c ****       break;
1301:platform/HAL/src/stm32g4xx_hal_tim_ex.c ****   }
1302:platform/HAL/src/stm32g4xx_hal_tim_ex.c **** 
1303:platform/HAL/src/stm32g4xx_hal_tim_ex.c ****   if (status == HAL_OK)
1304:platform/HAL/src/stm32g4xx_hal_tim_ex.c ****   {
1305:platform/HAL/src/stm32g4xx_hal_tim_ex.c ****     /* Enable the TIM Break interrupt */
1306:platform/HAL/src/stm32g4xx_hal_tim_ex.c ****     __HAL_TIM_ENABLE_IT(htim, TIM_IT_BREAK);
1307:platform/HAL/src/stm32g4xx_hal_tim_ex.c **** 
1308:platform/HAL/src/stm32g4xx_hal_tim_ex.c ****     /* Enable the complementary PWM output  */
1309:platform/HAL/src/stm32g4xx_hal_tim_ex.c ****     TIM_CCxNChannelCmd(htim->Instance, Channel, TIM_CCxN_ENABLE);
1310:platform/HAL/src/stm32g4xx_hal_tim_ex.c **** 
1311:platform/HAL/src/stm32g4xx_hal_tim_ex.c ****     /* Enable the Main Output */
1312:platform/HAL/src/stm32g4xx_hal_tim_ex.c ****     __HAL_TIM_MOE_ENABLE(htim);
1313:platform/HAL/src/stm32g4xx_hal_tim_ex.c **** 
1314:platform/HAL/src/stm32g4xx_hal_tim_ex.c ****     /* Enable the Peripheral, except in trigger mode where enable is automatically done with trigge
1315:platform/HAL/src/stm32g4xx_hal_tim_ex.c ****     if (IS_TIM_SLAVE_INSTANCE(htim->Instance))
1316:platform/HAL/src/stm32g4xx_hal_tim_ex.c ****     {
1317:platform/HAL/src/stm32g4xx_hal_tim_ex.c ****       tmpsmcr = htim->Instance->SMCR & TIM_SMCR_SMS;
1318:platform/HAL/src/stm32g4xx_hal_tim_ex.c ****       if (!IS_TIM_SLAVEMODE_TRIGGER_ENABLED(tmpsmcr))
1319:platform/HAL/src/stm32g4xx_hal_tim_ex.c ****       {
1320:platform/HAL/src/stm32g4xx_hal_tim_ex.c ****         __HAL_TIM_ENABLE(htim);
1321:platform/HAL/src/stm32g4xx_hal_tim_ex.c ****       }
1322:platform/HAL/src/stm32g4xx_hal_tim_ex.c ****     }
1323:platform/HAL/src/stm32g4xx_hal_tim_ex.c ****     else
1324:platform/HAL/src/stm32g4xx_hal_tim_ex.c ****     {
1325:platform/HAL/src/stm32g4xx_hal_tim_ex.c ****       __HAL_TIM_ENABLE(htim);
1326:platform/HAL/src/stm32g4xx_hal_tim_ex.c ****     }
1327:platform/HAL/src/stm32g4xx_hal_tim_ex.c ****   }
1328:platform/HAL/src/stm32g4xx_hal_tim_ex.c **** 
1329:platform/HAL/src/stm32g4xx_hal_tim_ex.c ****   /* Return function status */
1330:platform/HAL/src/stm32g4xx_hal_tim_ex.c ****   return status;
1331:platform/HAL/src/stm32g4xx_hal_tim_ex.c **** }
1332:platform/HAL/src/stm32g4xx_hal_tim_ex.c **** 
1333:platform/HAL/src/stm32g4xx_hal_tim_ex.c **** /**
1334:platform/HAL/src/stm32g4xx_hal_tim_ex.c ****   * @brief  Stops the PWM signal generation in interrupt mode on the
1335:platform/HAL/src/stm32g4xx_hal_tim_ex.c ****   *         complementary output.
1336:platform/HAL/src/stm32g4xx_hal_tim_ex.c ****   * @param  htim TIM handle
1337:platform/HAL/src/stm32g4xx_hal_tim_ex.c ****   * @param  Channel TIM Channel to be disabled
1338:platform/HAL/src/stm32g4xx_hal_tim_ex.c ****   *          This parameter can be one of the following values:
1339:platform/HAL/src/stm32g4xx_hal_tim_ex.c ****   *            @arg TIM_CHANNEL_1: TIM Channel 1 selected
1340:platform/HAL/src/stm32g4xx_hal_tim_ex.c ****   *            @arg TIM_CHANNEL_2: TIM Channel 2 selected
1341:platform/HAL/src/stm32g4xx_hal_tim_ex.c ****   *            @arg TIM_CHANNEL_3: TIM Channel 3 selected
ARM GAS  /tmp/cchCrvCd.s 			page 25


1342:platform/HAL/src/stm32g4xx_hal_tim_ex.c ****   *            @arg TIM_CHANNEL_4: TIM Channel 4 selected
1343:platform/HAL/src/stm32g4xx_hal_tim_ex.c ****   * @retval HAL status
1344:platform/HAL/src/stm32g4xx_hal_tim_ex.c ****   */
1345:platform/HAL/src/stm32g4xx_hal_tim_ex.c **** HAL_StatusTypeDef HAL_TIMEx_PWMN_Stop_IT(TIM_HandleTypeDef *htim, uint32_t Channel)
1346:platform/HAL/src/stm32g4xx_hal_tim_ex.c **** {
1347:platform/HAL/src/stm32g4xx_hal_tim_ex.c ****   HAL_StatusTypeDef status = HAL_OK;
1348:platform/HAL/src/stm32g4xx_hal_tim_ex.c ****   uint32_t tmpccer;
1349:platform/HAL/src/stm32g4xx_hal_tim_ex.c **** 
1350:platform/HAL/src/stm32g4xx_hal_tim_ex.c ****   /* Check the parameters */
1351:platform/HAL/src/stm32g4xx_hal_tim_ex.c ****   assert_param(IS_TIM_CCXN_INSTANCE(htim->Instance, Channel));
1352:platform/HAL/src/stm32g4xx_hal_tim_ex.c **** 
1353:platform/HAL/src/stm32g4xx_hal_tim_ex.c ****   switch (Channel)
1354:platform/HAL/src/stm32g4xx_hal_tim_ex.c ****   {
1355:platform/HAL/src/stm32g4xx_hal_tim_ex.c ****     case TIM_CHANNEL_1:
1356:platform/HAL/src/stm32g4xx_hal_tim_ex.c ****     {
1357:platform/HAL/src/stm32g4xx_hal_tim_ex.c ****       /* Disable the TIM Capture/Compare 1 interrupt */
1358:platform/HAL/src/stm32g4xx_hal_tim_ex.c ****       __HAL_TIM_DISABLE_IT(htim, TIM_IT_CC1);
1359:platform/HAL/src/stm32g4xx_hal_tim_ex.c ****       break;
1360:platform/HAL/src/stm32g4xx_hal_tim_ex.c ****     }
1361:platform/HAL/src/stm32g4xx_hal_tim_ex.c **** 
1362:platform/HAL/src/stm32g4xx_hal_tim_ex.c ****     case TIM_CHANNEL_2:
1363:platform/HAL/src/stm32g4xx_hal_tim_ex.c ****     {
1364:platform/HAL/src/stm32g4xx_hal_tim_ex.c ****       /* Disable the TIM Capture/Compare 2 interrupt */
1365:platform/HAL/src/stm32g4xx_hal_tim_ex.c ****       __HAL_TIM_DISABLE_IT(htim, TIM_IT_CC2);
1366:platform/HAL/src/stm32g4xx_hal_tim_ex.c ****       break;
1367:platform/HAL/src/stm32g4xx_hal_tim_ex.c ****     }
1368:platform/HAL/src/stm32g4xx_hal_tim_ex.c **** 
1369:platform/HAL/src/stm32g4xx_hal_tim_ex.c ****     case TIM_CHANNEL_3:
1370:platform/HAL/src/stm32g4xx_hal_tim_ex.c ****     {
1371:platform/HAL/src/stm32g4xx_hal_tim_ex.c ****       /* Disable the TIM Capture/Compare 3 interrupt */
1372:platform/HAL/src/stm32g4xx_hal_tim_ex.c ****       __HAL_TIM_DISABLE_IT(htim, TIM_IT_CC3);
1373:platform/HAL/src/stm32g4xx_hal_tim_ex.c ****       break;
1374:platform/HAL/src/stm32g4xx_hal_tim_ex.c ****     }
1375:platform/HAL/src/stm32g4xx_hal_tim_ex.c **** 
1376:platform/HAL/src/stm32g4xx_hal_tim_ex.c ****     case TIM_CHANNEL_4:
1377:platform/HAL/src/stm32g4xx_hal_tim_ex.c ****     {
1378:platform/HAL/src/stm32g4xx_hal_tim_ex.c ****       /* Disable the TIM Capture/Compare 4 interrupt */
1379:platform/HAL/src/stm32g4xx_hal_tim_ex.c ****       __HAL_TIM_DISABLE_IT(htim, TIM_IT_CC4);
1380:platform/HAL/src/stm32g4xx_hal_tim_ex.c ****       break;
1381:platform/HAL/src/stm32g4xx_hal_tim_ex.c ****     }
1382:platform/HAL/src/stm32g4xx_hal_tim_ex.c **** 
1383:platform/HAL/src/stm32g4xx_hal_tim_ex.c ****     default:
1384:platform/HAL/src/stm32g4xx_hal_tim_ex.c ****       status = HAL_ERROR;
1385:platform/HAL/src/stm32g4xx_hal_tim_ex.c ****       break;
1386:platform/HAL/src/stm32g4xx_hal_tim_ex.c ****   }
1387:platform/HAL/src/stm32g4xx_hal_tim_ex.c **** 
1388:platform/HAL/src/stm32g4xx_hal_tim_ex.c ****   if (status == HAL_OK)
1389:platform/HAL/src/stm32g4xx_hal_tim_ex.c ****   {
1390:platform/HAL/src/stm32g4xx_hal_tim_ex.c ****     /* Disable the complementary PWM output  */
1391:platform/HAL/src/stm32g4xx_hal_tim_ex.c ****     TIM_CCxNChannelCmd(htim->Instance, Channel, TIM_CCxN_DISABLE);
1392:platform/HAL/src/stm32g4xx_hal_tim_ex.c **** 
1393:platform/HAL/src/stm32g4xx_hal_tim_ex.c ****     /* Disable the TIM Break interrupt (only if no more channel is active) */
1394:platform/HAL/src/stm32g4xx_hal_tim_ex.c ****     tmpccer = htim->Instance->CCER;
1395:platform/HAL/src/stm32g4xx_hal_tim_ex.c ****     if ((tmpccer & TIM_CCER_CCxNE_MASK) == (uint32_t)RESET)
1396:platform/HAL/src/stm32g4xx_hal_tim_ex.c ****     {
1397:platform/HAL/src/stm32g4xx_hal_tim_ex.c ****       __HAL_TIM_DISABLE_IT(htim, TIM_IT_BREAK);
1398:platform/HAL/src/stm32g4xx_hal_tim_ex.c ****     }
ARM GAS  /tmp/cchCrvCd.s 			page 26


1399:platform/HAL/src/stm32g4xx_hal_tim_ex.c **** 
1400:platform/HAL/src/stm32g4xx_hal_tim_ex.c ****     /* Disable the Main Output */
1401:platform/HAL/src/stm32g4xx_hal_tim_ex.c ****     __HAL_TIM_MOE_DISABLE(htim);
1402:platform/HAL/src/stm32g4xx_hal_tim_ex.c **** 
1403:platform/HAL/src/stm32g4xx_hal_tim_ex.c ****     /* Disable the Peripheral */
1404:platform/HAL/src/stm32g4xx_hal_tim_ex.c ****     __HAL_TIM_DISABLE(htim);
1405:platform/HAL/src/stm32g4xx_hal_tim_ex.c **** 
1406:platform/HAL/src/stm32g4xx_hal_tim_ex.c ****     /* Set the TIM complementary channel state */
1407:platform/HAL/src/stm32g4xx_hal_tim_ex.c ****     TIM_CHANNEL_N_STATE_SET(htim, Channel, HAL_TIM_CHANNEL_STATE_READY);
1408:platform/HAL/src/stm32g4xx_hal_tim_ex.c ****   }
1409:platform/HAL/src/stm32g4xx_hal_tim_ex.c **** 
1410:platform/HAL/src/stm32g4xx_hal_tim_ex.c ****   /* Return function status */
1411:platform/HAL/src/stm32g4xx_hal_tim_ex.c ****   return status;
1412:platform/HAL/src/stm32g4xx_hal_tim_ex.c **** }
1413:platform/HAL/src/stm32g4xx_hal_tim_ex.c **** 
1414:platform/HAL/src/stm32g4xx_hal_tim_ex.c **** /**
1415:platform/HAL/src/stm32g4xx_hal_tim_ex.c ****   * @brief  Starts the TIM PWM signal generation in DMA mode on the
1416:platform/HAL/src/stm32g4xx_hal_tim_ex.c ****   *         complementary output
1417:platform/HAL/src/stm32g4xx_hal_tim_ex.c ****   * @param  htim TIM handle
1418:platform/HAL/src/stm32g4xx_hal_tim_ex.c ****   * @param  Channel TIM Channel to be enabled
1419:platform/HAL/src/stm32g4xx_hal_tim_ex.c ****   *          This parameter can be one of the following values:
1420:platform/HAL/src/stm32g4xx_hal_tim_ex.c ****   *            @arg TIM_CHANNEL_1: TIM Channel 1 selected
1421:platform/HAL/src/stm32g4xx_hal_tim_ex.c ****   *            @arg TIM_CHANNEL_2: TIM Channel 2 selected
1422:platform/HAL/src/stm32g4xx_hal_tim_ex.c ****   *            @arg TIM_CHANNEL_3: TIM Channel 3 selected
1423:platform/HAL/src/stm32g4xx_hal_tim_ex.c ****   *            @arg TIM_CHANNEL_4: TIM Channel 4 selected
1424:platform/HAL/src/stm32g4xx_hal_tim_ex.c ****   * @param  pData The source Buffer address.
1425:platform/HAL/src/stm32g4xx_hal_tim_ex.c ****   * @param  Length The length of data to be transferred from memory to TIM peripheral
1426:platform/HAL/src/stm32g4xx_hal_tim_ex.c ****   * @retval HAL status
1427:platform/HAL/src/stm32g4xx_hal_tim_ex.c ****   */
1428:platform/HAL/src/stm32g4xx_hal_tim_ex.c **** HAL_StatusTypeDef HAL_TIMEx_PWMN_Start_DMA(TIM_HandleTypeDef *htim, uint32_t Channel, const uint32_
1429:platform/HAL/src/stm32g4xx_hal_tim_ex.c ****                                            uint16_t Length)
1430:platform/HAL/src/stm32g4xx_hal_tim_ex.c **** {
1431:platform/HAL/src/stm32g4xx_hal_tim_ex.c ****   HAL_StatusTypeDef status = HAL_OK;
1432:platform/HAL/src/stm32g4xx_hal_tim_ex.c ****   uint32_t tmpsmcr;
1433:platform/HAL/src/stm32g4xx_hal_tim_ex.c **** 
1434:platform/HAL/src/stm32g4xx_hal_tim_ex.c ****   /* Check the parameters */
1435:platform/HAL/src/stm32g4xx_hal_tim_ex.c ****   assert_param(IS_TIM_CCXN_INSTANCE(htim->Instance, Channel));
1436:platform/HAL/src/stm32g4xx_hal_tim_ex.c **** 
1437:platform/HAL/src/stm32g4xx_hal_tim_ex.c ****   /* Set the TIM complementary channel state */
1438:platform/HAL/src/stm32g4xx_hal_tim_ex.c ****   if (TIM_CHANNEL_N_STATE_GET(htim, Channel) == HAL_TIM_CHANNEL_STATE_BUSY)
1439:platform/HAL/src/stm32g4xx_hal_tim_ex.c ****   {
1440:platform/HAL/src/stm32g4xx_hal_tim_ex.c ****     return HAL_BUSY;
1441:platform/HAL/src/stm32g4xx_hal_tim_ex.c ****   }
1442:platform/HAL/src/stm32g4xx_hal_tim_ex.c ****   else if (TIM_CHANNEL_N_STATE_GET(htim, Channel) == HAL_TIM_CHANNEL_STATE_READY)
1443:platform/HAL/src/stm32g4xx_hal_tim_ex.c ****   {
1444:platform/HAL/src/stm32g4xx_hal_tim_ex.c ****     if ((pData == NULL) || (Length == 0U))
1445:platform/HAL/src/stm32g4xx_hal_tim_ex.c ****     {
1446:platform/HAL/src/stm32g4xx_hal_tim_ex.c ****       return HAL_ERROR;
1447:platform/HAL/src/stm32g4xx_hal_tim_ex.c ****     }
1448:platform/HAL/src/stm32g4xx_hal_tim_ex.c ****     else
1449:platform/HAL/src/stm32g4xx_hal_tim_ex.c ****     {
1450:platform/HAL/src/stm32g4xx_hal_tim_ex.c ****       TIM_CHANNEL_N_STATE_SET(htim, Channel, HAL_TIM_CHANNEL_STATE_BUSY);
1451:platform/HAL/src/stm32g4xx_hal_tim_ex.c ****     }
1452:platform/HAL/src/stm32g4xx_hal_tim_ex.c ****   }
1453:platform/HAL/src/stm32g4xx_hal_tim_ex.c ****   else
1454:platform/HAL/src/stm32g4xx_hal_tim_ex.c ****   {
1455:platform/HAL/src/stm32g4xx_hal_tim_ex.c ****     return HAL_ERROR;
ARM GAS  /tmp/cchCrvCd.s 			page 27


1456:platform/HAL/src/stm32g4xx_hal_tim_ex.c ****   }
1457:platform/HAL/src/stm32g4xx_hal_tim_ex.c **** 
1458:platform/HAL/src/stm32g4xx_hal_tim_ex.c ****   switch (Channel)
1459:platform/HAL/src/stm32g4xx_hal_tim_ex.c ****   {
1460:platform/HAL/src/stm32g4xx_hal_tim_ex.c ****     case TIM_CHANNEL_1:
1461:platform/HAL/src/stm32g4xx_hal_tim_ex.c ****     {
1462:platform/HAL/src/stm32g4xx_hal_tim_ex.c ****       /* Set the DMA compare callbacks */
1463:platform/HAL/src/stm32g4xx_hal_tim_ex.c ****       htim->hdma[TIM_DMA_ID_CC1]->XferCpltCallback = TIM_DMADelayPulseNCplt;
1464:platform/HAL/src/stm32g4xx_hal_tim_ex.c ****       htim->hdma[TIM_DMA_ID_CC1]->XferHalfCpltCallback = TIM_DMADelayPulseHalfCplt;
1465:platform/HAL/src/stm32g4xx_hal_tim_ex.c **** 
1466:platform/HAL/src/stm32g4xx_hal_tim_ex.c ****       /* Set the DMA error callback */
1467:platform/HAL/src/stm32g4xx_hal_tim_ex.c ****       htim->hdma[TIM_DMA_ID_CC1]->XferErrorCallback = TIM_DMAErrorCCxN ;
1468:platform/HAL/src/stm32g4xx_hal_tim_ex.c **** 
1469:platform/HAL/src/stm32g4xx_hal_tim_ex.c ****       /* Enable the DMA channel */
1470:platform/HAL/src/stm32g4xx_hal_tim_ex.c ****       if (HAL_DMA_Start_IT(htim->hdma[TIM_DMA_ID_CC1], (uint32_t)pData, (uint32_t)&htim->Instance->
1471:platform/HAL/src/stm32g4xx_hal_tim_ex.c ****                            Length) != HAL_OK)
1472:platform/HAL/src/stm32g4xx_hal_tim_ex.c ****       {
1473:platform/HAL/src/stm32g4xx_hal_tim_ex.c ****         /* Return error status */
1474:platform/HAL/src/stm32g4xx_hal_tim_ex.c ****         return HAL_ERROR;
1475:platform/HAL/src/stm32g4xx_hal_tim_ex.c ****       }
1476:platform/HAL/src/stm32g4xx_hal_tim_ex.c ****       /* Enable the TIM Capture/Compare 1 DMA request */
1477:platform/HAL/src/stm32g4xx_hal_tim_ex.c ****       __HAL_TIM_ENABLE_DMA(htim, TIM_DMA_CC1);
1478:platform/HAL/src/stm32g4xx_hal_tim_ex.c ****       break;
1479:platform/HAL/src/stm32g4xx_hal_tim_ex.c ****     }
1480:platform/HAL/src/stm32g4xx_hal_tim_ex.c **** 
1481:platform/HAL/src/stm32g4xx_hal_tim_ex.c ****     case TIM_CHANNEL_2:
1482:platform/HAL/src/stm32g4xx_hal_tim_ex.c ****     {
1483:platform/HAL/src/stm32g4xx_hal_tim_ex.c ****       /* Set the DMA compare callbacks */
1484:platform/HAL/src/stm32g4xx_hal_tim_ex.c ****       htim->hdma[TIM_DMA_ID_CC2]->XferCpltCallback = TIM_DMADelayPulseNCplt;
1485:platform/HAL/src/stm32g4xx_hal_tim_ex.c ****       htim->hdma[TIM_DMA_ID_CC2]->XferHalfCpltCallback = TIM_DMADelayPulseHalfCplt;
1486:platform/HAL/src/stm32g4xx_hal_tim_ex.c **** 
1487:platform/HAL/src/stm32g4xx_hal_tim_ex.c ****       /* Set the DMA error callback */
1488:platform/HAL/src/stm32g4xx_hal_tim_ex.c ****       htim->hdma[TIM_DMA_ID_CC2]->XferErrorCallback = TIM_DMAErrorCCxN ;
1489:platform/HAL/src/stm32g4xx_hal_tim_ex.c **** 
1490:platform/HAL/src/stm32g4xx_hal_tim_ex.c ****       /* Enable the DMA channel */
1491:platform/HAL/src/stm32g4xx_hal_tim_ex.c ****       if (HAL_DMA_Start_IT(htim->hdma[TIM_DMA_ID_CC2], (uint32_t)pData, (uint32_t)&htim->Instance->
1492:platform/HAL/src/stm32g4xx_hal_tim_ex.c ****                            Length) != HAL_OK)
1493:platform/HAL/src/stm32g4xx_hal_tim_ex.c ****       {
1494:platform/HAL/src/stm32g4xx_hal_tim_ex.c ****         /* Return error status */
1495:platform/HAL/src/stm32g4xx_hal_tim_ex.c ****         return HAL_ERROR;
1496:platform/HAL/src/stm32g4xx_hal_tim_ex.c ****       }
1497:platform/HAL/src/stm32g4xx_hal_tim_ex.c ****       /* Enable the TIM Capture/Compare 2 DMA request */
1498:platform/HAL/src/stm32g4xx_hal_tim_ex.c ****       __HAL_TIM_ENABLE_DMA(htim, TIM_DMA_CC2);
1499:platform/HAL/src/stm32g4xx_hal_tim_ex.c ****       break;
1500:platform/HAL/src/stm32g4xx_hal_tim_ex.c ****     }
1501:platform/HAL/src/stm32g4xx_hal_tim_ex.c **** 
1502:platform/HAL/src/stm32g4xx_hal_tim_ex.c ****     case TIM_CHANNEL_3:
1503:platform/HAL/src/stm32g4xx_hal_tim_ex.c ****     {
1504:platform/HAL/src/stm32g4xx_hal_tim_ex.c ****       /* Set the DMA compare callbacks */
1505:platform/HAL/src/stm32g4xx_hal_tim_ex.c ****       htim->hdma[TIM_DMA_ID_CC3]->XferCpltCallback = TIM_DMADelayPulseNCplt;
1506:platform/HAL/src/stm32g4xx_hal_tim_ex.c ****       htim->hdma[TIM_DMA_ID_CC3]->XferHalfCpltCallback = TIM_DMADelayPulseHalfCplt;
1507:platform/HAL/src/stm32g4xx_hal_tim_ex.c **** 
1508:platform/HAL/src/stm32g4xx_hal_tim_ex.c ****       /* Set the DMA error callback */
1509:platform/HAL/src/stm32g4xx_hal_tim_ex.c ****       htim->hdma[TIM_DMA_ID_CC3]->XferErrorCallback = TIM_DMAErrorCCxN ;
1510:platform/HAL/src/stm32g4xx_hal_tim_ex.c **** 
1511:platform/HAL/src/stm32g4xx_hal_tim_ex.c ****       /* Enable the DMA channel */
1512:platform/HAL/src/stm32g4xx_hal_tim_ex.c ****       if (HAL_DMA_Start_IT(htim->hdma[TIM_DMA_ID_CC3], (uint32_t)pData, (uint32_t)&htim->Instance->
ARM GAS  /tmp/cchCrvCd.s 			page 28


1513:platform/HAL/src/stm32g4xx_hal_tim_ex.c ****                            Length) != HAL_OK)
1514:platform/HAL/src/stm32g4xx_hal_tim_ex.c ****       {
1515:platform/HAL/src/stm32g4xx_hal_tim_ex.c ****         /* Return error status */
1516:platform/HAL/src/stm32g4xx_hal_tim_ex.c ****         return HAL_ERROR;
1517:platform/HAL/src/stm32g4xx_hal_tim_ex.c ****       }
1518:platform/HAL/src/stm32g4xx_hal_tim_ex.c ****       /* Enable the TIM Capture/Compare 3 DMA request */
1519:platform/HAL/src/stm32g4xx_hal_tim_ex.c ****       __HAL_TIM_ENABLE_DMA(htim, TIM_DMA_CC3);
1520:platform/HAL/src/stm32g4xx_hal_tim_ex.c ****       break;
1521:platform/HAL/src/stm32g4xx_hal_tim_ex.c ****     }
1522:platform/HAL/src/stm32g4xx_hal_tim_ex.c **** 
1523:platform/HAL/src/stm32g4xx_hal_tim_ex.c ****     case TIM_CHANNEL_4:
1524:platform/HAL/src/stm32g4xx_hal_tim_ex.c ****     {
1525:platform/HAL/src/stm32g4xx_hal_tim_ex.c ****       /* Set the DMA compare callbacks */
1526:platform/HAL/src/stm32g4xx_hal_tim_ex.c ****       htim->hdma[TIM_DMA_ID_CC4]->XferCpltCallback = TIM_DMADelayPulseNCplt;
1527:platform/HAL/src/stm32g4xx_hal_tim_ex.c ****       htim->hdma[TIM_DMA_ID_CC4]->XferHalfCpltCallback = TIM_DMADelayPulseHalfCplt;
1528:platform/HAL/src/stm32g4xx_hal_tim_ex.c **** 
1529:platform/HAL/src/stm32g4xx_hal_tim_ex.c ****       /* Set the DMA error callback */
1530:platform/HAL/src/stm32g4xx_hal_tim_ex.c ****       htim->hdma[TIM_DMA_ID_CC4]->XferErrorCallback = TIM_DMAErrorCCxN ;
1531:platform/HAL/src/stm32g4xx_hal_tim_ex.c **** 
1532:platform/HAL/src/stm32g4xx_hal_tim_ex.c ****       /* Enable the DMA channel */
1533:platform/HAL/src/stm32g4xx_hal_tim_ex.c ****       if (HAL_DMA_Start_IT(htim->hdma[TIM_DMA_ID_CC4], (uint32_t)pData, (uint32_t)&htim->Instance->
1534:platform/HAL/src/stm32g4xx_hal_tim_ex.c ****                            Length) != HAL_OK)
1535:platform/HAL/src/stm32g4xx_hal_tim_ex.c ****       {
1536:platform/HAL/src/stm32g4xx_hal_tim_ex.c ****         /* Return error status */
1537:platform/HAL/src/stm32g4xx_hal_tim_ex.c ****         return HAL_ERROR;
1538:platform/HAL/src/stm32g4xx_hal_tim_ex.c ****       }
1539:platform/HAL/src/stm32g4xx_hal_tim_ex.c ****       /* Enable the TIM Capture/Compare 4 DMA request */
1540:platform/HAL/src/stm32g4xx_hal_tim_ex.c ****       __HAL_TIM_ENABLE_DMA(htim, TIM_DMA_CC4);
1541:platform/HAL/src/stm32g4xx_hal_tim_ex.c ****       break;
1542:platform/HAL/src/stm32g4xx_hal_tim_ex.c ****     }
1543:platform/HAL/src/stm32g4xx_hal_tim_ex.c **** 
1544:platform/HAL/src/stm32g4xx_hal_tim_ex.c ****     default:
1545:platform/HAL/src/stm32g4xx_hal_tim_ex.c ****       status = HAL_ERROR;
1546:platform/HAL/src/stm32g4xx_hal_tim_ex.c ****       break;
1547:platform/HAL/src/stm32g4xx_hal_tim_ex.c ****   }
1548:platform/HAL/src/stm32g4xx_hal_tim_ex.c **** 
1549:platform/HAL/src/stm32g4xx_hal_tim_ex.c ****   if (status == HAL_OK)
1550:platform/HAL/src/stm32g4xx_hal_tim_ex.c ****   {
1551:platform/HAL/src/stm32g4xx_hal_tim_ex.c ****     /* Enable the complementary PWM output  */
1552:platform/HAL/src/stm32g4xx_hal_tim_ex.c ****     TIM_CCxNChannelCmd(htim->Instance, Channel, TIM_CCxN_ENABLE);
1553:platform/HAL/src/stm32g4xx_hal_tim_ex.c **** 
1554:platform/HAL/src/stm32g4xx_hal_tim_ex.c ****     /* Enable the Main Output */
1555:platform/HAL/src/stm32g4xx_hal_tim_ex.c ****     __HAL_TIM_MOE_ENABLE(htim);
1556:platform/HAL/src/stm32g4xx_hal_tim_ex.c **** 
1557:platform/HAL/src/stm32g4xx_hal_tim_ex.c ****     /* Enable the Peripheral, except in trigger mode where enable is automatically done with trigge
1558:platform/HAL/src/stm32g4xx_hal_tim_ex.c ****     if (IS_TIM_SLAVE_INSTANCE(htim->Instance))
1559:platform/HAL/src/stm32g4xx_hal_tim_ex.c ****     {
1560:platform/HAL/src/stm32g4xx_hal_tim_ex.c ****       tmpsmcr = htim->Instance->SMCR & TIM_SMCR_SMS;
1561:platform/HAL/src/stm32g4xx_hal_tim_ex.c ****       if (!IS_TIM_SLAVEMODE_TRIGGER_ENABLED(tmpsmcr))
1562:platform/HAL/src/stm32g4xx_hal_tim_ex.c ****       {
1563:platform/HAL/src/stm32g4xx_hal_tim_ex.c ****         __HAL_TIM_ENABLE(htim);
1564:platform/HAL/src/stm32g4xx_hal_tim_ex.c ****       }
1565:platform/HAL/src/stm32g4xx_hal_tim_ex.c ****     }
1566:platform/HAL/src/stm32g4xx_hal_tim_ex.c ****     else
1567:platform/HAL/src/stm32g4xx_hal_tim_ex.c ****     {
1568:platform/HAL/src/stm32g4xx_hal_tim_ex.c ****       __HAL_TIM_ENABLE(htim);
1569:platform/HAL/src/stm32g4xx_hal_tim_ex.c ****     }
ARM GAS  /tmp/cchCrvCd.s 			page 29


1570:platform/HAL/src/stm32g4xx_hal_tim_ex.c ****   }
1571:platform/HAL/src/stm32g4xx_hal_tim_ex.c **** 
1572:platform/HAL/src/stm32g4xx_hal_tim_ex.c ****   /* Return function status */
1573:platform/HAL/src/stm32g4xx_hal_tim_ex.c ****   return status;
1574:platform/HAL/src/stm32g4xx_hal_tim_ex.c **** }
1575:platform/HAL/src/stm32g4xx_hal_tim_ex.c **** 
1576:platform/HAL/src/stm32g4xx_hal_tim_ex.c **** /**
1577:platform/HAL/src/stm32g4xx_hal_tim_ex.c ****   * @brief  Stops the TIM PWM signal generation in DMA mode on the complementary
1578:platform/HAL/src/stm32g4xx_hal_tim_ex.c ****   *         output
1579:platform/HAL/src/stm32g4xx_hal_tim_ex.c ****   * @param  htim TIM handle
1580:platform/HAL/src/stm32g4xx_hal_tim_ex.c ****   * @param  Channel TIM Channel to be disabled
1581:platform/HAL/src/stm32g4xx_hal_tim_ex.c ****   *          This parameter can be one of the following values:
1582:platform/HAL/src/stm32g4xx_hal_tim_ex.c ****   *            @arg TIM_CHANNEL_1: TIM Channel 1 selected
1583:platform/HAL/src/stm32g4xx_hal_tim_ex.c ****   *            @arg TIM_CHANNEL_2: TIM Channel 2 selected
1584:platform/HAL/src/stm32g4xx_hal_tim_ex.c ****   *            @arg TIM_CHANNEL_3: TIM Channel 3 selected
1585:platform/HAL/src/stm32g4xx_hal_tim_ex.c ****   *            @arg TIM_CHANNEL_4: TIM Channel 4 selected
1586:platform/HAL/src/stm32g4xx_hal_tim_ex.c ****   * @retval HAL status
1587:platform/HAL/src/stm32g4xx_hal_tim_ex.c ****   */
1588:platform/HAL/src/stm32g4xx_hal_tim_ex.c **** HAL_StatusTypeDef HAL_TIMEx_PWMN_Stop_DMA(TIM_HandleTypeDef *htim, uint32_t Channel)
1589:platform/HAL/src/stm32g4xx_hal_tim_ex.c **** {
1590:platform/HAL/src/stm32g4xx_hal_tim_ex.c ****   HAL_StatusTypeDef status = HAL_OK;
1591:platform/HAL/src/stm32g4xx_hal_tim_ex.c **** 
1592:platform/HAL/src/stm32g4xx_hal_tim_ex.c ****   /* Check the parameters */
1593:platform/HAL/src/stm32g4xx_hal_tim_ex.c ****   assert_param(IS_TIM_CCXN_INSTANCE(htim->Instance, Channel));
1594:platform/HAL/src/stm32g4xx_hal_tim_ex.c **** 
1595:platform/HAL/src/stm32g4xx_hal_tim_ex.c ****   switch (Channel)
1596:platform/HAL/src/stm32g4xx_hal_tim_ex.c ****   {
1597:platform/HAL/src/stm32g4xx_hal_tim_ex.c ****     case TIM_CHANNEL_1:
1598:platform/HAL/src/stm32g4xx_hal_tim_ex.c ****     {
1599:platform/HAL/src/stm32g4xx_hal_tim_ex.c ****       /* Disable the TIM Capture/Compare 1 DMA request */
1600:platform/HAL/src/stm32g4xx_hal_tim_ex.c ****       __HAL_TIM_DISABLE_DMA(htim, TIM_DMA_CC1);
1601:platform/HAL/src/stm32g4xx_hal_tim_ex.c ****       (void)HAL_DMA_Abort_IT(htim->hdma[TIM_DMA_ID_CC1]);
1602:platform/HAL/src/stm32g4xx_hal_tim_ex.c ****       break;
1603:platform/HAL/src/stm32g4xx_hal_tim_ex.c ****     }
1604:platform/HAL/src/stm32g4xx_hal_tim_ex.c **** 
1605:platform/HAL/src/stm32g4xx_hal_tim_ex.c ****     case TIM_CHANNEL_2:
1606:platform/HAL/src/stm32g4xx_hal_tim_ex.c ****     {
1607:platform/HAL/src/stm32g4xx_hal_tim_ex.c ****       /* Disable the TIM Capture/Compare 2 DMA request */
1608:platform/HAL/src/stm32g4xx_hal_tim_ex.c ****       __HAL_TIM_DISABLE_DMA(htim, TIM_DMA_CC2);
1609:platform/HAL/src/stm32g4xx_hal_tim_ex.c ****       (void)HAL_DMA_Abort_IT(htim->hdma[TIM_DMA_ID_CC2]);
1610:platform/HAL/src/stm32g4xx_hal_tim_ex.c ****       break;
1611:platform/HAL/src/stm32g4xx_hal_tim_ex.c ****     }
1612:platform/HAL/src/stm32g4xx_hal_tim_ex.c **** 
1613:platform/HAL/src/stm32g4xx_hal_tim_ex.c ****     case TIM_CHANNEL_3:
1614:platform/HAL/src/stm32g4xx_hal_tim_ex.c ****     {
1615:platform/HAL/src/stm32g4xx_hal_tim_ex.c ****       /* Disable the TIM Capture/Compare 3 DMA request */
1616:platform/HAL/src/stm32g4xx_hal_tim_ex.c ****       __HAL_TIM_DISABLE_DMA(htim, TIM_DMA_CC3);
1617:platform/HAL/src/stm32g4xx_hal_tim_ex.c ****       (void)HAL_DMA_Abort_IT(htim->hdma[TIM_DMA_ID_CC3]);
1618:platform/HAL/src/stm32g4xx_hal_tim_ex.c ****       break;
1619:platform/HAL/src/stm32g4xx_hal_tim_ex.c ****     }
1620:platform/HAL/src/stm32g4xx_hal_tim_ex.c **** 
1621:platform/HAL/src/stm32g4xx_hal_tim_ex.c ****     case TIM_CHANNEL_4:
1622:platform/HAL/src/stm32g4xx_hal_tim_ex.c ****     {
1623:platform/HAL/src/stm32g4xx_hal_tim_ex.c ****       /* Disable the TIM Capture/Compare 4 DMA request */
1624:platform/HAL/src/stm32g4xx_hal_tim_ex.c ****       __HAL_TIM_DISABLE_DMA(htim, TIM_DMA_CC4);
1625:platform/HAL/src/stm32g4xx_hal_tim_ex.c ****       (void)HAL_DMA_Abort_IT(htim->hdma[TIM_DMA_ID_CC4]);
1626:platform/HAL/src/stm32g4xx_hal_tim_ex.c ****       break;
ARM GAS  /tmp/cchCrvCd.s 			page 30


1627:platform/HAL/src/stm32g4xx_hal_tim_ex.c ****     }
1628:platform/HAL/src/stm32g4xx_hal_tim_ex.c **** 
1629:platform/HAL/src/stm32g4xx_hal_tim_ex.c ****     default:
1630:platform/HAL/src/stm32g4xx_hal_tim_ex.c ****       status = HAL_ERROR;
1631:platform/HAL/src/stm32g4xx_hal_tim_ex.c ****       break;
1632:platform/HAL/src/stm32g4xx_hal_tim_ex.c ****   }
1633:platform/HAL/src/stm32g4xx_hal_tim_ex.c **** 
1634:platform/HAL/src/stm32g4xx_hal_tim_ex.c ****   if (status == HAL_OK)
1635:platform/HAL/src/stm32g4xx_hal_tim_ex.c ****   {
1636:platform/HAL/src/stm32g4xx_hal_tim_ex.c ****     /* Disable the complementary PWM output */
1637:platform/HAL/src/stm32g4xx_hal_tim_ex.c ****     TIM_CCxNChannelCmd(htim->Instance, Channel, TIM_CCxN_DISABLE);
1638:platform/HAL/src/stm32g4xx_hal_tim_ex.c **** 
1639:platform/HAL/src/stm32g4xx_hal_tim_ex.c ****     /* Disable the Main Output */
1640:platform/HAL/src/stm32g4xx_hal_tim_ex.c ****     __HAL_TIM_MOE_DISABLE(htim);
1641:platform/HAL/src/stm32g4xx_hal_tim_ex.c **** 
1642:platform/HAL/src/stm32g4xx_hal_tim_ex.c ****     /* Disable the Peripheral */
1643:platform/HAL/src/stm32g4xx_hal_tim_ex.c ****     __HAL_TIM_DISABLE(htim);
1644:platform/HAL/src/stm32g4xx_hal_tim_ex.c **** 
1645:platform/HAL/src/stm32g4xx_hal_tim_ex.c ****     /* Set the TIM complementary channel state */
1646:platform/HAL/src/stm32g4xx_hal_tim_ex.c ****     TIM_CHANNEL_N_STATE_SET(htim, Channel, HAL_TIM_CHANNEL_STATE_READY);
1647:platform/HAL/src/stm32g4xx_hal_tim_ex.c ****   }
1648:platform/HAL/src/stm32g4xx_hal_tim_ex.c **** 
1649:platform/HAL/src/stm32g4xx_hal_tim_ex.c ****   /* Return function status */
1650:platform/HAL/src/stm32g4xx_hal_tim_ex.c ****   return status;
1651:platform/HAL/src/stm32g4xx_hal_tim_ex.c **** }
1652:platform/HAL/src/stm32g4xx_hal_tim_ex.c **** 
1653:platform/HAL/src/stm32g4xx_hal_tim_ex.c **** /**
1654:platform/HAL/src/stm32g4xx_hal_tim_ex.c ****   * @}
1655:platform/HAL/src/stm32g4xx_hal_tim_ex.c ****   */
1656:platform/HAL/src/stm32g4xx_hal_tim_ex.c **** 
1657:platform/HAL/src/stm32g4xx_hal_tim_ex.c **** /** @defgroup TIMEx_Exported_Functions_Group4 Extended Timer Complementary One Pulse functions
1658:platform/HAL/src/stm32g4xx_hal_tim_ex.c ****   * @brief    Timer Complementary One Pulse functions
1659:platform/HAL/src/stm32g4xx_hal_tim_ex.c ****   *
1660:platform/HAL/src/stm32g4xx_hal_tim_ex.c **** @verbatim
1661:platform/HAL/src/stm32g4xx_hal_tim_ex.c ****   ==============================================================================
1662:platform/HAL/src/stm32g4xx_hal_tim_ex.c ****                 ##### Timer Complementary One Pulse functions #####
1663:platform/HAL/src/stm32g4xx_hal_tim_ex.c ****   ==============================================================================
1664:platform/HAL/src/stm32g4xx_hal_tim_ex.c ****   [..]
1665:platform/HAL/src/stm32g4xx_hal_tim_ex.c ****     This section provides functions allowing to:
1666:platform/HAL/src/stm32g4xx_hal_tim_ex.c ****     (+) Start the Complementary One Pulse generation.
1667:platform/HAL/src/stm32g4xx_hal_tim_ex.c ****     (+) Stop the Complementary One Pulse.
1668:platform/HAL/src/stm32g4xx_hal_tim_ex.c ****     (+) Start the Complementary One Pulse and enable interrupts.
1669:platform/HAL/src/stm32g4xx_hal_tim_ex.c ****     (+) Stop the Complementary One Pulse and disable interrupts.
1670:platform/HAL/src/stm32g4xx_hal_tim_ex.c **** 
1671:platform/HAL/src/stm32g4xx_hal_tim_ex.c **** @endverbatim
1672:platform/HAL/src/stm32g4xx_hal_tim_ex.c ****   * @{
1673:platform/HAL/src/stm32g4xx_hal_tim_ex.c ****   */
1674:platform/HAL/src/stm32g4xx_hal_tim_ex.c **** 
1675:platform/HAL/src/stm32g4xx_hal_tim_ex.c **** /**
1676:platform/HAL/src/stm32g4xx_hal_tim_ex.c ****   * @brief  Starts the TIM One Pulse signal generation on the complementary
1677:platform/HAL/src/stm32g4xx_hal_tim_ex.c ****   *         output.
1678:platform/HAL/src/stm32g4xx_hal_tim_ex.c ****   * @note OutputChannel must match the pulse output channel chosen when calling
1679:platform/HAL/src/stm32g4xx_hal_tim_ex.c ****   *       @ref HAL_TIM_OnePulse_ConfigChannel().
1680:platform/HAL/src/stm32g4xx_hal_tim_ex.c ****   * @param  htim TIM One Pulse handle
1681:platform/HAL/src/stm32g4xx_hal_tim_ex.c ****   * @param  OutputChannel pulse output channel to enable
1682:platform/HAL/src/stm32g4xx_hal_tim_ex.c ****   *          This parameter can be one of the following values:
1683:platform/HAL/src/stm32g4xx_hal_tim_ex.c ****   *            @arg TIM_CHANNEL_1: TIM Channel 1 selected
ARM GAS  /tmp/cchCrvCd.s 			page 31


1684:platform/HAL/src/stm32g4xx_hal_tim_ex.c ****   *            @arg TIM_CHANNEL_2: TIM Channel 2 selected
1685:platform/HAL/src/stm32g4xx_hal_tim_ex.c ****   * @retval HAL status
1686:platform/HAL/src/stm32g4xx_hal_tim_ex.c ****   */
1687:platform/HAL/src/stm32g4xx_hal_tim_ex.c **** HAL_StatusTypeDef HAL_TIMEx_OnePulseN_Start(TIM_HandleTypeDef *htim, uint32_t OutputChannel)
1688:platform/HAL/src/stm32g4xx_hal_tim_ex.c **** {
1689:platform/HAL/src/stm32g4xx_hal_tim_ex.c ****   uint32_t input_channel = (OutputChannel == TIM_CHANNEL_1) ? TIM_CHANNEL_2 : TIM_CHANNEL_1;
1690:platform/HAL/src/stm32g4xx_hal_tim_ex.c ****   HAL_TIM_ChannelStateTypeDef channel_1_state = TIM_CHANNEL_STATE_GET(htim, TIM_CHANNEL_1);
1691:platform/HAL/src/stm32g4xx_hal_tim_ex.c ****   HAL_TIM_ChannelStateTypeDef channel_2_state = TIM_CHANNEL_STATE_GET(htim, TIM_CHANNEL_2);
1692:platform/HAL/src/stm32g4xx_hal_tim_ex.c ****   HAL_TIM_ChannelStateTypeDef complementary_channel_1_state = TIM_CHANNEL_N_STATE_GET(htim, TIM_CHA
1693:platform/HAL/src/stm32g4xx_hal_tim_ex.c ****   HAL_TIM_ChannelStateTypeDef complementary_channel_2_state = TIM_CHANNEL_N_STATE_GET(htim, TIM_CHA
1694:platform/HAL/src/stm32g4xx_hal_tim_ex.c **** 
1695:platform/HAL/src/stm32g4xx_hal_tim_ex.c ****   /* Check the parameters */
1696:platform/HAL/src/stm32g4xx_hal_tim_ex.c ****   assert_param(IS_TIM_CCXN_INSTANCE(htim->Instance, OutputChannel));
1697:platform/HAL/src/stm32g4xx_hal_tim_ex.c **** 
1698:platform/HAL/src/stm32g4xx_hal_tim_ex.c ****   /* Check the TIM channels state */
1699:platform/HAL/src/stm32g4xx_hal_tim_ex.c ****   if ((channel_1_state != HAL_TIM_CHANNEL_STATE_READY)
1700:platform/HAL/src/stm32g4xx_hal_tim_ex.c ****       || (channel_2_state != HAL_TIM_CHANNEL_STATE_READY)
1701:platform/HAL/src/stm32g4xx_hal_tim_ex.c ****       || (complementary_channel_1_state != HAL_TIM_CHANNEL_STATE_READY)
1702:platform/HAL/src/stm32g4xx_hal_tim_ex.c ****       || (complementary_channel_2_state != HAL_TIM_CHANNEL_STATE_READY))
1703:platform/HAL/src/stm32g4xx_hal_tim_ex.c ****   {
1704:platform/HAL/src/stm32g4xx_hal_tim_ex.c ****     return HAL_ERROR;
1705:platform/HAL/src/stm32g4xx_hal_tim_ex.c ****   }
1706:platform/HAL/src/stm32g4xx_hal_tim_ex.c **** 
1707:platform/HAL/src/stm32g4xx_hal_tim_ex.c ****   /* Set the TIM channels state */
1708:platform/HAL/src/stm32g4xx_hal_tim_ex.c ****   TIM_CHANNEL_STATE_SET(htim, TIM_CHANNEL_1, HAL_TIM_CHANNEL_STATE_BUSY);
1709:platform/HAL/src/stm32g4xx_hal_tim_ex.c ****   TIM_CHANNEL_STATE_SET(htim, TIM_CHANNEL_2, HAL_TIM_CHANNEL_STATE_BUSY);
1710:platform/HAL/src/stm32g4xx_hal_tim_ex.c ****   TIM_CHANNEL_N_STATE_SET(htim, TIM_CHANNEL_1, HAL_TIM_CHANNEL_STATE_BUSY);
1711:platform/HAL/src/stm32g4xx_hal_tim_ex.c ****   TIM_CHANNEL_N_STATE_SET(htim, TIM_CHANNEL_2, HAL_TIM_CHANNEL_STATE_BUSY);
1712:platform/HAL/src/stm32g4xx_hal_tim_ex.c **** 
1713:platform/HAL/src/stm32g4xx_hal_tim_ex.c ****   /* Enable the complementary One Pulse output channel and the Input Capture channel */
1714:platform/HAL/src/stm32g4xx_hal_tim_ex.c ****   TIM_CCxNChannelCmd(htim->Instance, OutputChannel, TIM_CCxN_ENABLE);
1715:platform/HAL/src/stm32g4xx_hal_tim_ex.c ****   TIM_CCxChannelCmd(htim->Instance, input_channel, TIM_CCx_ENABLE);
1716:platform/HAL/src/stm32g4xx_hal_tim_ex.c **** 
1717:platform/HAL/src/stm32g4xx_hal_tim_ex.c ****   /* Enable the Main Output */
1718:platform/HAL/src/stm32g4xx_hal_tim_ex.c ****   __HAL_TIM_MOE_ENABLE(htim);
1719:platform/HAL/src/stm32g4xx_hal_tim_ex.c **** 
1720:platform/HAL/src/stm32g4xx_hal_tim_ex.c ****   /* Return function status */
1721:platform/HAL/src/stm32g4xx_hal_tim_ex.c ****   return HAL_OK;
1722:platform/HAL/src/stm32g4xx_hal_tim_ex.c **** }
1723:platform/HAL/src/stm32g4xx_hal_tim_ex.c **** 
1724:platform/HAL/src/stm32g4xx_hal_tim_ex.c **** /**
1725:platform/HAL/src/stm32g4xx_hal_tim_ex.c ****   * @brief  Stops the TIM One Pulse signal generation on the complementary
1726:platform/HAL/src/stm32g4xx_hal_tim_ex.c ****   *         output.
1727:platform/HAL/src/stm32g4xx_hal_tim_ex.c ****   * @note OutputChannel must match the pulse output channel chosen when calling
1728:platform/HAL/src/stm32g4xx_hal_tim_ex.c ****   *       @ref HAL_TIM_OnePulse_ConfigChannel().
1729:platform/HAL/src/stm32g4xx_hal_tim_ex.c ****   * @param  htim TIM One Pulse handle
1730:platform/HAL/src/stm32g4xx_hal_tim_ex.c ****   * @param  OutputChannel pulse output channel to disable
1731:platform/HAL/src/stm32g4xx_hal_tim_ex.c ****   *          This parameter can be one of the following values:
1732:platform/HAL/src/stm32g4xx_hal_tim_ex.c ****   *            @arg TIM_CHANNEL_1: TIM Channel 1 selected
1733:platform/HAL/src/stm32g4xx_hal_tim_ex.c ****   *            @arg TIM_CHANNEL_2: TIM Channel 2 selected
1734:platform/HAL/src/stm32g4xx_hal_tim_ex.c ****   * @retval HAL status
1735:platform/HAL/src/stm32g4xx_hal_tim_ex.c ****   */
1736:platform/HAL/src/stm32g4xx_hal_tim_ex.c **** HAL_StatusTypeDef HAL_TIMEx_OnePulseN_Stop(TIM_HandleTypeDef *htim, uint32_t OutputChannel)
1737:platform/HAL/src/stm32g4xx_hal_tim_ex.c **** {
1738:platform/HAL/src/stm32g4xx_hal_tim_ex.c ****   uint32_t input_channel = (OutputChannel == TIM_CHANNEL_1) ? TIM_CHANNEL_2 : TIM_CHANNEL_1;
1739:platform/HAL/src/stm32g4xx_hal_tim_ex.c **** 
1740:platform/HAL/src/stm32g4xx_hal_tim_ex.c ****   /* Check the parameters */
ARM GAS  /tmp/cchCrvCd.s 			page 32


1741:platform/HAL/src/stm32g4xx_hal_tim_ex.c ****   assert_param(IS_TIM_CCXN_INSTANCE(htim->Instance, OutputChannel));
1742:platform/HAL/src/stm32g4xx_hal_tim_ex.c **** 
1743:platform/HAL/src/stm32g4xx_hal_tim_ex.c ****   /* Disable the complementary One Pulse output channel and the Input Capture channel */
1744:platform/HAL/src/stm32g4xx_hal_tim_ex.c ****   TIM_CCxNChannelCmd(htim->Instance, OutputChannel, TIM_CCxN_DISABLE);
1745:platform/HAL/src/stm32g4xx_hal_tim_ex.c ****   TIM_CCxChannelCmd(htim->Instance, input_channel, TIM_CCx_DISABLE);
1746:platform/HAL/src/stm32g4xx_hal_tim_ex.c **** 
1747:platform/HAL/src/stm32g4xx_hal_tim_ex.c ****   /* Disable the Main Output */
1748:platform/HAL/src/stm32g4xx_hal_tim_ex.c ****   __HAL_TIM_MOE_DISABLE(htim);
1749:platform/HAL/src/stm32g4xx_hal_tim_ex.c **** 
1750:platform/HAL/src/stm32g4xx_hal_tim_ex.c ****   /* Disable the Peripheral */
1751:platform/HAL/src/stm32g4xx_hal_tim_ex.c ****   __HAL_TIM_DISABLE(htim);
1752:platform/HAL/src/stm32g4xx_hal_tim_ex.c **** 
1753:platform/HAL/src/stm32g4xx_hal_tim_ex.c ****   /* Set the TIM  channels state */
1754:platform/HAL/src/stm32g4xx_hal_tim_ex.c ****   TIM_CHANNEL_STATE_SET(htim, TIM_CHANNEL_1, HAL_TIM_CHANNEL_STATE_READY);
1755:platform/HAL/src/stm32g4xx_hal_tim_ex.c ****   TIM_CHANNEL_STATE_SET(htim, TIM_CHANNEL_2, HAL_TIM_CHANNEL_STATE_READY);
1756:platform/HAL/src/stm32g4xx_hal_tim_ex.c ****   TIM_CHANNEL_N_STATE_SET(htim, TIM_CHANNEL_1, HAL_TIM_CHANNEL_STATE_READY);
1757:platform/HAL/src/stm32g4xx_hal_tim_ex.c ****   TIM_CHANNEL_N_STATE_SET(htim, TIM_CHANNEL_2, HAL_TIM_CHANNEL_STATE_READY);
1758:platform/HAL/src/stm32g4xx_hal_tim_ex.c **** 
1759:platform/HAL/src/stm32g4xx_hal_tim_ex.c ****   /* Return function status */
1760:platform/HAL/src/stm32g4xx_hal_tim_ex.c ****   return HAL_OK;
1761:platform/HAL/src/stm32g4xx_hal_tim_ex.c **** }
1762:platform/HAL/src/stm32g4xx_hal_tim_ex.c **** 
1763:platform/HAL/src/stm32g4xx_hal_tim_ex.c **** /**
1764:platform/HAL/src/stm32g4xx_hal_tim_ex.c ****   * @brief  Starts the TIM One Pulse signal generation in interrupt mode on the
1765:platform/HAL/src/stm32g4xx_hal_tim_ex.c ****   *         complementary channel.
1766:platform/HAL/src/stm32g4xx_hal_tim_ex.c ****   * @note OutputChannel must match the pulse output channel chosen when calling
1767:platform/HAL/src/stm32g4xx_hal_tim_ex.c ****   *       @ref HAL_TIM_OnePulse_ConfigChannel().
1768:platform/HAL/src/stm32g4xx_hal_tim_ex.c ****   * @param  htim TIM One Pulse handle
1769:platform/HAL/src/stm32g4xx_hal_tim_ex.c ****   * @param  OutputChannel pulse output channel to enable
1770:platform/HAL/src/stm32g4xx_hal_tim_ex.c ****   *          This parameter can be one of the following values:
1771:platform/HAL/src/stm32g4xx_hal_tim_ex.c ****   *            @arg TIM_CHANNEL_1: TIM Channel 1 selected
1772:platform/HAL/src/stm32g4xx_hal_tim_ex.c ****   *            @arg TIM_CHANNEL_2: TIM Channel 2 selected
1773:platform/HAL/src/stm32g4xx_hal_tim_ex.c ****   * @retval HAL status
1774:platform/HAL/src/stm32g4xx_hal_tim_ex.c ****   */
1775:platform/HAL/src/stm32g4xx_hal_tim_ex.c **** HAL_StatusTypeDef HAL_TIMEx_OnePulseN_Start_IT(TIM_HandleTypeDef *htim, uint32_t OutputChannel)
1776:platform/HAL/src/stm32g4xx_hal_tim_ex.c **** {
1777:platform/HAL/src/stm32g4xx_hal_tim_ex.c ****   uint32_t input_channel = (OutputChannel == TIM_CHANNEL_1) ? TIM_CHANNEL_2 : TIM_CHANNEL_1;
1778:platform/HAL/src/stm32g4xx_hal_tim_ex.c ****   HAL_TIM_ChannelStateTypeDef channel_1_state = TIM_CHANNEL_STATE_GET(htim, TIM_CHANNEL_1);
1779:platform/HAL/src/stm32g4xx_hal_tim_ex.c ****   HAL_TIM_ChannelStateTypeDef channel_2_state = TIM_CHANNEL_STATE_GET(htim, TIM_CHANNEL_2);
1780:platform/HAL/src/stm32g4xx_hal_tim_ex.c ****   HAL_TIM_ChannelStateTypeDef complementary_channel_1_state = TIM_CHANNEL_N_STATE_GET(htim, TIM_CHA
1781:platform/HAL/src/stm32g4xx_hal_tim_ex.c ****   HAL_TIM_ChannelStateTypeDef complementary_channel_2_state = TIM_CHANNEL_N_STATE_GET(htim, TIM_CHA
1782:platform/HAL/src/stm32g4xx_hal_tim_ex.c **** 
1783:platform/HAL/src/stm32g4xx_hal_tim_ex.c ****   /* Check the parameters */
1784:platform/HAL/src/stm32g4xx_hal_tim_ex.c ****   assert_param(IS_TIM_CCXN_INSTANCE(htim->Instance, OutputChannel));
1785:platform/HAL/src/stm32g4xx_hal_tim_ex.c **** 
1786:platform/HAL/src/stm32g4xx_hal_tim_ex.c ****   /* Check the TIM channels state */
1787:platform/HAL/src/stm32g4xx_hal_tim_ex.c ****   if ((channel_1_state != HAL_TIM_CHANNEL_STATE_READY)
1788:platform/HAL/src/stm32g4xx_hal_tim_ex.c ****       || (channel_2_state != HAL_TIM_CHANNEL_STATE_READY)
1789:platform/HAL/src/stm32g4xx_hal_tim_ex.c ****       || (complementary_channel_1_state != HAL_TIM_CHANNEL_STATE_READY)
1790:platform/HAL/src/stm32g4xx_hal_tim_ex.c ****       || (complementary_channel_2_state != HAL_TIM_CHANNEL_STATE_READY))
1791:platform/HAL/src/stm32g4xx_hal_tim_ex.c ****   {
1792:platform/HAL/src/stm32g4xx_hal_tim_ex.c ****     return HAL_ERROR;
1793:platform/HAL/src/stm32g4xx_hal_tim_ex.c ****   }
1794:platform/HAL/src/stm32g4xx_hal_tim_ex.c **** 
1795:platform/HAL/src/stm32g4xx_hal_tim_ex.c ****   /* Set the TIM channels state */
1796:platform/HAL/src/stm32g4xx_hal_tim_ex.c ****   TIM_CHANNEL_STATE_SET(htim, TIM_CHANNEL_1, HAL_TIM_CHANNEL_STATE_BUSY);
1797:platform/HAL/src/stm32g4xx_hal_tim_ex.c ****   TIM_CHANNEL_STATE_SET(htim, TIM_CHANNEL_2, HAL_TIM_CHANNEL_STATE_BUSY);
ARM GAS  /tmp/cchCrvCd.s 			page 33


1798:platform/HAL/src/stm32g4xx_hal_tim_ex.c ****   TIM_CHANNEL_N_STATE_SET(htim, TIM_CHANNEL_1, HAL_TIM_CHANNEL_STATE_BUSY);
1799:platform/HAL/src/stm32g4xx_hal_tim_ex.c ****   TIM_CHANNEL_N_STATE_SET(htim, TIM_CHANNEL_2, HAL_TIM_CHANNEL_STATE_BUSY);
1800:platform/HAL/src/stm32g4xx_hal_tim_ex.c **** 
1801:platform/HAL/src/stm32g4xx_hal_tim_ex.c ****   /* Enable the TIM Capture/Compare 1 interrupt */
1802:platform/HAL/src/stm32g4xx_hal_tim_ex.c ****   __HAL_TIM_ENABLE_IT(htim, TIM_IT_CC1);
1803:platform/HAL/src/stm32g4xx_hal_tim_ex.c **** 
1804:platform/HAL/src/stm32g4xx_hal_tim_ex.c ****   /* Enable the TIM Capture/Compare 2 interrupt */
1805:platform/HAL/src/stm32g4xx_hal_tim_ex.c ****   __HAL_TIM_ENABLE_IT(htim, TIM_IT_CC2);
1806:platform/HAL/src/stm32g4xx_hal_tim_ex.c **** 
1807:platform/HAL/src/stm32g4xx_hal_tim_ex.c ****   /* Enable the complementary One Pulse output channel and the Input Capture channel */
1808:platform/HAL/src/stm32g4xx_hal_tim_ex.c ****   TIM_CCxNChannelCmd(htim->Instance, OutputChannel, TIM_CCxN_ENABLE);
1809:platform/HAL/src/stm32g4xx_hal_tim_ex.c ****   TIM_CCxChannelCmd(htim->Instance, input_channel, TIM_CCx_ENABLE);
1810:platform/HAL/src/stm32g4xx_hal_tim_ex.c **** 
1811:platform/HAL/src/stm32g4xx_hal_tim_ex.c ****   /* Enable the Main Output */
1812:platform/HAL/src/stm32g4xx_hal_tim_ex.c ****   __HAL_TIM_MOE_ENABLE(htim);
1813:platform/HAL/src/stm32g4xx_hal_tim_ex.c **** 
1814:platform/HAL/src/stm32g4xx_hal_tim_ex.c ****   /* Return function status */
1815:platform/HAL/src/stm32g4xx_hal_tim_ex.c ****   return HAL_OK;
1816:platform/HAL/src/stm32g4xx_hal_tim_ex.c **** }
1817:platform/HAL/src/stm32g4xx_hal_tim_ex.c **** 
1818:platform/HAL/src/stm32g4xx_hal_tim_ex.c **** /**
1819:platform/HAL/src/stm32g4xx_hal_tim_ex.c ****   * @brief  Stops the TIM One Pulse signal generation in interrupt mode on the
1820:platform/HAL/src/stm32g4xx_hal_tim_ex.c ****   *         complementary channel.
1821:platform/HAL/src/stm32g4xx_hal_tim_ex.c ****   * @note OutputChannel must match the pulse output channel chosen when calling
1822:platform/HAL/src/stm32g4xx_hal_tim_ex.c ****   *       @ref HAL_TIM_OnePulse_ConfigChannel().
1823:platform/HAL/src/stm32g4xx_hal_tim_ex.c ****   * @param  htim TIM One Pulse handle
1824:platform/HAL/src/stm32g4xx_hal_tim_ex.c ****   * @param  OutputChannel pulse output channel to disable
1825:platform/HAL/src/stm32g4xx_hal_tim_ex.c ****   *          This parameter can be one of the following values:
1826:platform/HAL/src/stm32g4xx_hal_tim_ex.c ****   *            @arg TIM_CHANNEL_1: TIM Channel 1 selected
1827:platform/HAL/src/stm32g4xx_hal_tim_ex.c ****   *            @arg TIM_CHANNEL_2: TIM Channel 2 selected
1828:platform/HAL/src/stm32g4xx_hal_tim_ex.c ****   * @retval HAL status
1829:platform/HAL/src/stm32g4xx_hal_tim_ex.c ****   */
1830:platform/HAL/src/stm32g4xx_hal_tim_ex.c **** HAL_StatusTypeDef HAL_TIMEx_OnePulseN_Stop_IT(TIM_HandleTypeDef *htim, uint32_t OutputChannel)
1831:platform/HAL/src/stm32g4xx_hal_tim_ex.c **** {
1832:platform/HAL/src/stm32g4xx_hal_tim_ex.c ****   uint32_t input_channel = (OutputChannel == TIM_CHANNEL_1) ? TIM_CHANNEL_2 : TIM_CHANNEL_1;
1833:platform/HAL/src/stm32g4xx_hal_tim_ex.c **** 
1834:platform/HAL/src/stm32g4xx_hal_tim_ex.c ****   /* Check the parameters */
1835:platform/HAL/src/stm32g4xx_hal_tim_ex.c ****   assert_param(IS_TIM_CCXN_INSTANCE(htim->Instance, OutputChannel));
1836:platform/HAL/src/stm32g4xx_hal_tim_ex.c **** 
1837:platform/HAL/src/stm32g4xx_hal_tim_ex.c ****   /* Disable the TIM Capture/Compare 1 interrupt */
1838:platform/HAL/src/stm32g4xx_hal_tim_ex.c ****   __HAL_TIM_DISABLE_IT(htim, TIM_IT_CC1);
1839:platform/HAL/src/stm32g4xx_hal_tim_ex.c **** 
1840:platform/HAL/src/stm32g4xx_hal_tim_ex.c ****   /* Disable the TIM Capture/Compare 2 interrupt */
1841:platform/HAL/src/stm32g4xx_hal_tim_ex.c ****   __HAL_TIM_DISABLE_IT(htim, TIM_IT_CC2);
1842:platform/HAL/src/stm32g4xx_hal_tim_ex.c **** 
1843:platform/HAL/src/stm32g4xx_hal_tim_ex.c ****   /* Disable the complementary One Pulse output channel and the Input Capture channel */
1844:platform/HAL/src/stm32g4xx_hal_tim_ex.c ****   TIM_CCxNChannelCmd(htim->Instance, OutputChannel, TIM_CCxN_DISABLE);
1845:platform/HAL/src/stm32g4xx_hal_tim_ex.c ****   TIM_CCxChannelCmd(htim->Instance, input_channel, TIM_CCx_DISABLE);
1846:platform/HAL/src/stm32g4xx_hal_tim_ex.c **** 
1847:platform/HAL/src/stm32g4xx_hal_tim_ex.c ****   /* Disable the Main Output */
1848:platform/HAL/src/stm32g4xx_hal_tim_ex.c ****   __HAL_TIM_MOE_DISABLE(htim);
1849:platform/HAL/src/stm32g4xx_hal_tim_ex.c **** 
1850:platform/HAL/src/stm32g4xx_hal_tim_ex.c ****   /* Disable the Peripheral */
1851:platform/HAL/src/stm32g4xx_hal_tim_ex.c ****   __HAL_TIM_DISABLE(htim);
1852:platform/HAL/src/stm32g4xx_hal_tim_ex.c **** 
1853:platform/HAL/src/stm32g4xx_hal_tim_ex.c ****   /* Set the TIM  channels state */
1854:platform/HAL/src/stm32g4xx_hal_tim_ex.c ****   TIM_CHANNEL_STATE_SET(htim, TIM_CHANNEL_1, HAL_TIM_CHANNEL_STATE_READY);
ARM GAS  /tmp/cchCrvCd.s 			page 34


1855:platform/HAL/src/stm32g4xx_hal_tim_ex.c ****   TIM_CHANNEL_STATE_SET(htim, TIM_CHANNEL_2, HAL_TIM_CHANNEL_STATE_READY);
1856:platform/HAL/src/stm32g4xx_hal_tim_ex.c ****   TIM_CHANNEL_N_STATE_SET(htim, TIM_CHANNEL_1, HAL_TIM_CHANNEL_STATE_READY);
1857:platform/HAL/src/stm32g4xx_hal_tim_ex.c ****   TIM_CHANNEL_N_STATE_SET(htim, TIM_CHANNEL_2, HAL_TIM_CHANNEL_STATE_READY);
1858:platform/HAL/src/stm32g4xx_hal_tim_ex.c **** 
1859:platform/HAL/src/stm32g4xx_hal_tim_ex.c ****   /* Return function status */
1860:platform/HAL/src/stm32g4xx_hal_tim_ex.c ****   return HAL_OK;
1861:platform/HAL/src/stm32g4xx_hal_tim_ex.c **** }
1862:platform/HAL/src/stm32g4xx_hal_tim_ex.c **** 
1863:platform/HAL/src/stm32g4xx_hal_tim_ex.c **** /**
1864:platform/HAL/src/stm32g4xx_hal_tim_ex.c ****   * @}
1865:platform/HAL/src/stm32g4xx_hal_tim_ex.c ****   */
1866:platform/HAL/src/stm32g4xx_hal_tim_ex.c **** 
1867:platform/HAL/src/stm32g4xx_hal_tim_ex.c **** /** @defgroup TIMEx_Exported_Functions_Group5 Extended Peripheral Control functions
1868:platform/HAL/src/stm32g4xx_hal_tim_ex.c ****   * @brief    Peripheral Control functions
1869:platform/HAL/src/stm32g4xx_hal_tim_ex.c ****   *
1870:platform/HAL/src/stm32g4xx_hal_tim_ex.c **** @verbatim
1871:platform/HAL/src/stm32g4xx_hal_tim_ex.c ****   ==============================================================================
1872:platform/HAL/src/stm32g4xx_hal_tim_ex.c ****                     ##### Peripheral Control functions #####
1873:platform/HAL/src/stm32g4xx_hal_tim_ex.c ****   ==============================================================================
1874:platform/HAL/src/stm32g4xx_hal_tim_ex.c ****   [..]
1875:platform/HAL/src/stm32g4xx_hal_tim_ex.c ****     This section provides functions allowing to:
1876:platform/HAL/src/stm32g4xx_hal_tim_ex.c ****       (+) Configure the commutation event in case of use of the Hall sensor interface.
1877:platform/HAL/src/stm32g4xx_hal_tim_ex.c ****       (+) Configure Output channels for OC and PWM mode.
1878:platform/HAL/src/stm32g4xx_hal_tim_ex.c **** 
1879:platform/HAL/src/stm32g4xx_hal_tim_ex.c ****       (+) Configure Complementary channels, break features and dead time.
1880:platform/HAL/src/stm32g4xx_hal_tim_ex.c ****       (+) Configure Master synchronization.
1881:platform/HAL/src/stm32g4xx_hal_tim_ex.c ****       (+) Configure timer remapping capabilities.
1882:platform/HAL/src/stm32g4xx_hal_tim_ex.c ****       (+) Select timer input source.
1883:platform/HAL/src/stm32g4xx_hal_tim_ex.c ****       (+) Enable or disable channel grouping.
1884:platform/HAL/src/stm32g4xx_hal_tim_ex.c ****       (+) Configure Pulse on compare.
1885:platform/HAL/src/stm32g4xx_hal_tim_ex.c ****       (+) Configure Encoder index.
1886:platform/HAL/src/stm32g4xx_hal_tim_ex.c **** 
1887:platform/HAL/src/stm32g4xx_hal_tim_ex.c **** @endverbatim
1888:platform/HAL/src/stm32g4xx_hal_tim_ex.c ****   * @{
1889:platform/HAL/src/stm32g4xx_hal_tim_ex.c ****   */
1890:platform/HAL/src/stm32g4xx_hal_tim_ex.c **** 
1891:platform/HAL/src/stm32g4xx_hal_tim_ex.c **** /**
1892:platform/HAL/src/stm32g4xx_hal_tim_ex.c ****   * @brief  Configure the TIM commutation event sequence.
1893:platform/HAL/src/stm32g4xx_hal_tim_ex.c ****   * @note  This function is mandatory to use the commutation event in order to
1894:platform/HAL/src/stm32g4xx_hal_tim_ex.c ****   *        update the configuration at each commutation detection on the TRGI input of the Timer,
1895:platform/HAL/src/stm32g4xx_hal_tim_ex.c ****   *        the typical use of this feature is with the use of another Timer(interface Timer)
1896:platform/HAL/src/stm32g4xx_hal_tim_ex.c ****   *        configured in Hall sensor interface, this interface Timer will generate the
1897:platform/HAL/src/stm32g4xx_hal_tim_ex.c ****   *        commutation at its TRGO output (connected to Timer used in this function) each time
1898:platform/HAL/src/stm32g4xx_hal_tim_ex.c ****   *        the TI1 of the Interface Timer detect a commutation at its input TI1.
1899:platform/HAL/src/stm32g4xx_hal_tim_ex.c ****   * @param  htim TIM handle
1900:platform/HAL/src/stm32g4xx_hal_tim_ex.c ****   * @param  InputTrigger the Internal trigger corresponding to the Timer Interfacing with the Hall 
1901:platform/HAL/src/stm32g4xx_hal_tim_ex.c ****   *          This parameter can be one of the following values:
1902:platform/HAL/src/stm32g4xx_hal_tim_ex.c ****   *            @arg TIM_TS_ITR0: Internal trigger 0 selected
1903:platform/HAL/src/stm32g4xx_hal_tim_ex.c ****   *            @arg TIM_TS_ITR1: Internal trigger 1 selected
1904:platform/HAL/src/stm32g4xx_hal_tim_ex.c ****   *            @arg TIM_TS_ITR2: Internal trigger 2 selected
1905:platform/HAL/src/stm32g4xx_hal_tim_ex.c ****   *            @arg TIM_TS_ITR3: Internal trigger 3 selected
1906:platform/HAL/src/stm32g4xx_hal_tim_ex.c ****   *            @arg TIM_TS_ITR4: Internal trigger 4 selected   (*)
1907:platform/HAL/src/stm32g4xx_hal_tim_ex.c ****   *            @arg TIM_TS_ITR5: Internal trigger 5 selected
1908:platform/HAL/src/stm32g4xx_hal_tim_ex.c ****   *            @arg TIM_TS_ITR6: Internal trigger 6 selected
1909:platform/HAL/src/stm32g4xx_hal_tim_ex.c ****   *            @arg TIM_TS_ITR7: Internal trigger 7 selected
1910:platform/HAL/src/stm32g4xx_hal_tim_ex.c ****   *            @arg TIM_TS_ITR8: Internal trigger 8 selected
1911:platform/HAL/src/stm32g4xx_hal_tim_ex.c ****   *            @arg TIM_TS_ITR9: Internal trigger 9 selected   (*)
ARM GAS  /tmp/cchCrvCd.s 			page 35


1912:platform/HAL/src/stm32g4xx_hal_tim_ex.c ****   *            @arg TIM_TS_ITR10: Internal trigger 10 selected
1913:platform/HAL/src/stm32g4xx_hal_tim_ex.c ****   *            @arg TIM_TS_ITR11: Internal trigger 11 selected
1914:platform/HAL/src/stm32g4xx_hal_tim_ex.c ****   *            @arg TIM_TS_NONE: No trigger is needed
1915:platform/HAL/src/stm32g4xx_hal_tim_ex.c ****   *
1916:platform/HAL/src/stm32g4xx_hal_tim_ex.c ****   *         (*)  Value not defined in all devices.
1917:platform/HAL/src/stm32g4xx_hal_tim_ex.c ****   *
1918:platform/HAL/src/stm32g4xx_hal_tim_ex.c ****   * @param  CommutationSource the Commutation Event source
1919:platform/HAL/src/stm32g4xx_hal_tim_ex.c ****   *          This parameter can be one of the following values:
1920:platform/HAL/src/stm32g4xx_hal_tim_ex.c ****   *            @arg TIM_COMMUTATION_TRGI: Commutation source is the TRGI of the Interface Timer
1921:platform/HAL/src/stm32g4xx_hal_tim_ex.c ****   *            @arg TIM_COMMUTATION_SOFTWARE:  Commutation source is set by software using the COMG
1922:platform/HAL/src/stm32g4xx_hal_tim_ex.c ****   * @retval HAL status
1923:platform/HAL/src/stm32g4xx_hal_tim_ex.c ****   */
1924:platform/HAL/src/stm32g4xx_hal_tim_ex.c **** HAL_StatusTypeDef HAL_TIMEx_ConfigCommutEvent(TIM_HandleTypeDef *htim, uint32_t  InputTrigger,
1925:platform/HAL/src/stm32g4xx_hal_tim_ex.c ****                                               uint32_t  CommutationSource)
1926:platform/HAL/src/stm32g4xx_hal_tim_ex.c **** {
1927:platform/HAL/src/stm32g4xx_hal_tim_ex.c ****   /* Check the parameters */
1928:platform/HAL/src/stm32g4xx_hal_tim_ex.c ****   assert_param(IS_TIM_COMMUTATION_EVENT_INSTANCE(htim->Instance));
1929:platform/HAL/src/stm32g4xx_hal_tim_ex.c ****   assert_param(IS_TIM_INTERNAL_TRIGGEREVENT_INSTANCE(htim->Instance, InputTrigger));
1930:platform/HAL/src/stm32g4xx_hal_tim_ex.c **** 
1931:platform/HAL/src/stm32g4xx_hal_tim_ex.c ****   __HAL_LOCK(htim);
1932:platform/HAL/src/stm32g4xx_hal_tim_ex.c **** 
1933:platform/HAL/src/stm32g4xx_hal_tim_ex.c **** #if defined(TIM5) && defined(TIM20)
1934:platform/HAL/src/stm32g4xx_hal_tim_ex.c ****   if ((InputTrigger == TIM_TS_ITR0)  || (InputTrigger == TIM_TS_ITR1) ||
1935:platform/HAL/src/stm32g4xx_hal_tim_ex.c ****       (InputTrigger == TIM_TS_ITR2)  || (InputTrigger == TIM_TS_ITR3) ||
1936:platform/HAL/src/stm32g4xx_hal_tim_ex.c ****       (InputTrigger == TIM_TS_ITR4)  || (InputTrigger == TIM_TS_ITR5) ||
1937:platform/HAL/src/stm32g4xx_hal_tim_ex.c ****       (InputTrigger == TIM_TS_ITR6)  || (InputTrigger == TIM_TS_ITR7) ||
1938:platform/HAL/src/stm32g4xx_hal_tim_ex.c ****       (InputTrigger == TIM_TS_ITR8)  || (InputTrigger == TIM_TS_ITR9) ||
1939:platform/HAL/src/stm32g4xx_hal_tim_ex.c ****       (InputTrigger == TIM_TS_ITR10) || (InputTrigger == TIM_TS_ITR11))
1940:platform/HAL/src/stm32g4xx_hal_tim_ex.c **** #elif defined(TIM5)
1941:platform/HAL/src/stm32g4xx_hal_tim_ex.c ****   if ((InputTrigger == TIM_TS_ITR0)  || (InputTrigger == TIM_TS_ITR1) ||
1942:platform/HAL/src/stm32g4xx_hal_tim_ex.c ****       (InputTrigger == TIM_TS_ITR2)  || (InputTrigger == TIM_TS_ITR3) ||
1943:platform/HAL/src/stm32g4xx_hal_tim_ex.c ****       (InputTrigger == TIM_TS_ITR4)  || (InputTrigger == TIM_TS_ITR5) ||
1944:platform/HAL/src/stm32g4xx_hal_tim_ex.c ****       (InputTrigger == TIM_TS_ITR6)  || (InputTrigger == TIM_TS_ITR7) ||
1945:platform/HAL/src/stm32g4xx_hal_tim_ex.c ****       (InputTrigger == TIM_TS_ITR8)  || (InputTrigger == TIM_TS_ITR11))
1946:platform/HAL/src/stm32g4xx_hal_tim_ex.c **** #elif defined(TIM20)
1947:platform/HAL/src/stm32g4xx_hal_tim_ex.c ****   if ((InputTrigger == TIM_TS_ITR0)  || (InputTrigger == TIM_TS_ITR1) ||
1948:platform/HAL/src/stm32g4xx_hal_tim_ex.c ****       (InputTrigger == TIM_TS_ITR2)  || (InputTrigger == TIM_TS_ITR3) ||
1949:platform/HAL/src/stm32g4xx_hal_tim_ex.c ****       (InputTrigger == TIM_TS_ITR5)  || (InputTrigger == TIM_TS_ITR6) ||
1950:platform/HAL/src/stm32g4xx_hal_tim_ex.c ****       (InputTrigger == TIM_TS_ITR7)  || (InputTrigger == TIM_TS_ITR8) ||
1951:platform/HAL/src/stm32g4xx_hal_tim_ex.c ****       (InputTrigger == TIM_TS_ITR9)  || (InputTrigger == TIM_TS_ITR11))
1952:platform/HAL/src/stm32g4xx_hal_tim_ex.c **** #else
1953:platform/HAL/src/stm32g4xx_hal_tim_ex.c ****   if ((InputTrigger == TIM_TS_ITR0)  || (InputTrigger == TIM_TS_ITR1) ||
1954:platform/HAL/src/stm32g4xx_hal_tim_ex.c ****       (InputTrigger == TIM_TS_ITR2)  || (InputTrigger == TIM_TS_ITR3) ||
1955:platform/HAL/src/stm32g4xx_hal_tim_ex.c ****       (InputTrigger == TIM_TS_ITR5)  || (InputTrigger == TIM_TS_ITR6) ||
1956:platform/HAL/src/stm32g4xx_hal_tim_ex.c ****       (InputTrigger == TIM_TS_ITR7)  || (InputTrigger == TIM_TS_ITR8) ||
1957:platform/HAL/src/stm32g4xx_hal_tim_ex.c ****       (InputTrigger == TIM_TS_ITR11))
1958:platform/HAL/src/stm32g4xx_hal_tim_ex.c **** #endif /* TIM5 && TIM20 */
1959:platform/HAL/src/stm32g4xx_hal_tim_ex.c ****   {
1960:platform/HAL/src/stm32g4xx_hal_tim_ex.c ****     /* Select the Input trigger */
1961:platform/HAL/src/stm32g4xx_hal_tim_ex.c ****     htim->Instance->SMCR &= ~TIM_SMCR_TS;
1962:platform/HAL/src/stm32g4xx_hal_tim_ex.c ****     htim->Instance->SMCR |= InputTrigger;
1963:platform/HAL/src/stm32g4xx_hal_tim_ex.c ****   }
1964:platform/HAL/src/stm32g4xx_hal_tim_ex.c **** 
1965:platform/HAL/src/stm32g4xx_hal_tim_ex.c ****   /* Select the Capture Compare preload feature */
1966:platform/HAL/src/stm32g4xx_hal_tim_ex.c ****   htim->Instance->CR2 |= TIM_CR2_CCPC;
1967:platform/HAL/src/stm32g4xx_hal_tim_ex.c ****   /* Select the Commutation event source */
1968:platform/HAL/src/stm32g4xx_hal_tim_ex.c ****   htim->Instance->CR2 &= ~TIM_CR2_CCUS;
ARM GAS  /tmp/cchCrvCd.s 			page 36


1969:platform/HAL/src/stm32g4xx_hal_tim_ex.c ****   htim->Instance->CR2 |= CommutationSource;
1970:platform/HAL/src/stm32g4xx_hal_tim_ex.c **** 
1971:platform/HAL/src/stm32g4xx_hal_tim_ex.c ****   /* Disable Commutation Interrupt */
1972:platform/HAL/src/stm32g4xx_hal_tim_ex.c ****   __HAL_TIM_DISABLE_IT(htim, TIM_IT_COM);
1973:platform/HAL/src/stm32g4xx_hal_tim_ex.c **** 
1974:platform/HAL/src/stm32g4xx_hal_tim_ex.c ****   /* Disable Commutation DMA request */
1975:platform/HAL/src/stm32g4xx_hal_tim_ex.c ****   __HAL_TIM_DISABLE_DMA(htim, TIM_DMA_COM);
1976:platform/HAL/src/stm32g4xx_hal_tim_ex.c **** 
1977:platform/HAL/src/stm32g4xx_hal_tim_ex.c ****   __HAL_UNLOCK(htim);
1978:platform/HAL/src/stm32g4xx_hal_tim_ex.c **** 
1979:platform/HAL/src/stm32g4xx_hal_tim_ex.c ****   return HAL_OK;
1980:platform/HAL/src/stm32g4xx_hal_tim_ex.c **** }
1981:platform/HAL/src/stm32g4xx_hal_tim_ex.c **** 
1982:platform/HAL/src/stm32g4xx_hal_tim_ex.c **** /**
1983:platform/HAL/src/stm32g4xx_hal_tim_ex.c ****   * @brief  Configure the TIM commutation event sequence with interrupt.
1984:platform/HAL/src/stm32g4xx_hal_tim_ex.c ****   * @note  This function is mandatory to use the commutation event in order to
1985:platform/HAL/src/stm32g4xx_hal_tim_ex.c ****   *        update the configuration at each commutation detection on the TRGI input of the Timer,
1986:platform/HAL/src/stm32g4xx_hal_tim_ex.c ****   *        the typical use of this feature is with the use of another Timer(interface Timer)
1987:platform/HAL/src/stm32g4xx_hal_tim_ex.c ****   *        configured in Hall sensor interface, this interface Timer will generate the
1988:platform/HAL/src/stm32g4xx_hal_tim_ex.c ****   *        commutation at its TRGO output (connected to Timer used in this function) each time
1989:platform/HAL/src/stm32g4xx_hal_tim_ex.c ****   *        the TI1 of the Interface Timer detect a commutation at its input TI1.
1990:platform/HAL/src/stm32g4xx_hal_tim_ex.c ****   * @param  htim TIM handle
1991:platform/HAL/src/stm32g4xx_hal_tim_ex.c ****   * @param  InputTrigger the Internal trigger corresponding to the Timer Interfacing with the Hall 
1992:platform/HAL/src/stm32g4xx_hal_tim_ex.c ****   *          This parameter can be one of the following values:
1993:platform/HAL/src/stm32g4xx_hal_tim_ex.c ****   *            @arg TIM_TS_ITR0: Internal trigger 0 selected
1994:platform/HAL/src/stm32g4xx_hal_tim_ex.c ****   *            @arg TIM_TS_ITR1: Internal trigger 1 selected
1995:platform/HAL/src/stm32g4xx_hal_tim_ex.c ****   *            @arg TIM_TS_ITR2: Internal trigger 2 selected
1996:platform/HAL/src/stm32g4xx_hal_tim_ex.c ****   *            @arg TIM_TS_ITR3: Internal trigger 3 selected
1997:platform/HAL/src/stm32g4xx_hal_tim_ex.c ****   *            @arg TIM_TS_ITR4: Internal trigger 4 selected   (*)
1998:platform/HAL/src/stm32g4xx_hal_tim_ex.c ****   *            @arg TIM_TS_ITR5: Internal trigger 5 selected
1999:platform/HAL/src/stm32g4xx_hal_tim_ex.c ****   *            @arg TIM_TS_ITR6: Internal trigger 6 selected
2000:platform/HAL/src/stm32g4xx_hal_tim_ex.c ****   *            @arg TIM_TS_ITR7: Internal trigger 7 selected
2001:platform/HAL/src/stm32g4xx_hal_tim_ex.c ****   *            @arg TIM_TS_ITR8: Internal trigger 8 selected
2002:platform/HAL/src/stm32g4xx_hal_tim_ex.c ****   *            @arg TIM_TS_ITR9: Internal trigger 9 selected   (*)
2003:platform/HAL/src/stm32g4xx_hal_tim_ex.c ****   *            @arg TIM_TS_ITR10: Internal trigger 10 selected
2004:platform/HAL/src/stm32g4xx_hal_tim_ex.c ****   *            @arg TIM_TS_ITR11: Internal trigger 11 selected
2005:platform/HAL/src/stm32g4xx_hal_tim_ex.c ****   *            @arg TIM_TS_NONE: No trigger is needed
2006:platform/HAL/src/stm32g4xx_hal_tim_ex.c ****   *
2007:platform/HAL/src/stm32g4xx_hal_tim_ex.c ****   *         (*)  Value not defined in all devices.
2008:platform/HAL/src/stm32g4xx_hal_tim_ex.c ****   *
2009:platform/HAL/src/stm32g4xx_hal_tim_ex.c ****   * @param  CommutationSource the Commutation Event source
2010:platform/HAL/src/stm32g4xx_hal_tim_ex.c ****   *          This parameter can be one of the following values:
2011:platform/HAL/src/stm32g4xx_hal_tim_ex.c ****   *            @arg TIM_COMMUTATION_TRGI: Commutation source is the TRGI of the Interface Timer
2012:platform/HAL/src/stm32g4xx_hal_tim_ex.c ****   *            @arg TIM_COMMUTATION_SOFTWARE:  Commutation source is set by software using the COMG
2013:platform/HAL/src/stm32g4xx_hal_tim_ex.c ****   * @retval HAL status
2014:platform/HAL/src/stm32g4xx_hal_tim_ex.c ****   */
2015:platform/HAL/src/stm32g4xx_hal_tim_ex.c **** HAL_StatusTypeDef HAL_TIMEx_ConfigCommutEvent_IT(TIM_HandleTypeDef *htim, uint32_t  InputTrigger,
2016:platform/HAL/src/stm32g4xx_hal_tim_ex.c ****                                                  uint32_t  CommutationSource)
2017:platform/HAL/src/stm32g4xx_hal_tim_ex.c **** {
2018:platform/HAL/src/stm32g4xx_hal_tim_ex.c ****   /* Check the parameters */
2019:platform/HAL/src/stm32g4xx_hal_tim_ex.c ****   assert_param(IS_TIM_COMMUTATION_EVENT_INSTANCE(htim->Instance));
2020:platform/HAL/src/stm32g4xx_hal_tim_ex.c ****   assert_param(IS_TIM_INTERNAL_TRIGGEREVENT_INSTANCE(htim->Instance, InputTrigger));
2021:platform/HAL/src/stm32g4xx_hal_tim_ex.c **** 
2022:platform/HAL/src/stm32g4xx_hal_tim_ex.c ****   __HAL_LOCK(htim);
2023:platform/HAL/src/stm32g4xx_hal_tim_ex.c **** 
2024:platform/HAL/src/stm32g4xx_hal_tim_ex.c **** #if defined(TIM5) && defined(TIM20)
2025:platform/HAL/src/stm32g4xx_hal_tim_ex.c ****   if ((InputTrigger == TIM_TS_ITR0)  || (InputTrigger == TIM_TS_ITR1) ||
ARM GAS  /tmp/cchCrvCd.s 			page 37


2026:platform/HAL/src/stm32g4xx_hal_tim_ex.c ****       (InputTrigger == TIM_TS_ITR2)  || (InputTrigger == TIM_TS_ITR3) ||
2027:platform/HAL/src/stm32g4xx_hal_tim_ex.c ****       (InputTrigger == TIM_TS_ITR4)  || (InputTrigger == TIM_TS_ITR5) ||
2028:platform/HAL/src/stm32g4xx_hal_tim_ex.c ****       (InputTrigger == TIM_TS_ITR6)  || (InputTrigger == TIM_TS_ITR7) ||
2029:platform/HAL/src/stm32g4xx_hal_tim_ex.c ****       (InputTrigger == TIM_TS_ITR8)  || (InputTrigger == TIM_TS_ITR9) ||
2030:platform/HAL/src/stm32g4xx_hal_tim_ex.c ****       (InputTrigger == TIM_TS_ITR10) || (InputTrigger == TIM_TS_ITR11))
2031:platform/HAL/src/stm32g4xx_hal_tim_ex.c **** #elif defined(TIM5)
2032:platform/HAL/src/stm32g4xx_hal_tim_ex.c ****   if ((InputTrigger == TIM_TS_ITR0)  || (InputTrigger == TIM_TS_ITR1) ||
2033:platform/HAL/src/stm32g4xx_hal_tim_ex.c ****       (InputTrigger == TIM_TS_ITR2)  || (InputTrigger == TIM_TS_ITR3) ||
2034:platform/HAL/src/stm32g4xx_hal_tim_ex.c ****       (InputTrigger == TIM_TS_ITR4)  || (InputTrigger == TIM_TS_ITR5) ||
2035:platform/HAL/src/stm32g4xx_hal_tim_ex.c ****       (InputTrigger == TIM_TS_ITR6)  || (InputTrigger == TIM_TS_ITR7) ||
2036:platform/HAL/src/stm32g4xx_hal_tim_ex.c ****       (InputTrigger == TIM_TS_ITR8)  || (InputTrigger == TIM_TS_ITR11))
2037:platform/HAL/src/stm32g4xx_hal_tim_ex.c **** #elif defined(TIM20)
2038:platform/HAL/src/stm32g4xx_hal_tim_ex.c ****   if ((InputTrigger == TIM_TS_ITR0)  || (InputTrigger == TIM_TS_ITR1) ||
2039:platform/HAL/src/stm32g4xx_hal_tim_ex.c ****       (InputTrigger == TIM_TS_ITR2)  || (InputTrigger == TIM_TS_ITR3) ||
2040:platform/HAL/src/stm32g4xx_hal_tim_ex.c ****       (InputTrigger == TIM_TS_ITR5)  || (InputTrigger == TIM_TS_ITR6) ||
2041:platform/HAL/src/stm32g4xx_hal_tim_ex.c ****       (InputTrigger == TIM_TS_ITR7)  || (InputTrigger == TIM_TS_ITR8) ||
2042:platform/HAL/src/stm32g4xx_hal_tim_ex.c ****       (InputTrigger == TIM_TS_ITR9)  || (InputTrigger == TIM_TS_ITR11))
2043:platform/HAL/src/stm32g4xx_hal_tim_ex.c **** #else
2044:platform/HAL/src/stm32g4xx_hal_tim_ex.c ****   if ((InputTrigger == TIM_TS_ITR0)  || (InputTrigger == TIM_TS_ITR1) ||
2045:platform/HAL/src/stm32g4xx_hal_tim_ex.c ****       (InputTrigger == TIM_TS_ITR2)  || (InputTrigger == TIM_TS_ITR3) ||
2046:platform/HAL/src/stm32g4xx_hal_tim_ex.c ****       (InputTrigger == TIM_TS_ITR5)  || (InputTrigger == TIM_TS_ITR6) ||
2047:platform/HAL/src/stm32g4xx_hal_tim_ex.c ****       (InputTrigger == TIM_TS_ITR7)  || (InputTrigger == TIM_TS_ITR8) ||
2048:platform/HAL/src/stm32g4xx_hal_tim_ex.c ****       (InputTrigger == TIM_TS_ITR11))
2049:platform/HAL/src/stm32g4xx_hal_tim_ex.c **** #endif /* TIM5 && TIM20 */
2050:platform/HAL/src/stm32g4xx_hal_tim_ex.c ****   {
2051:platform/HAL/src/stm32g4xx_hal_tim_ex.c ****     /* Select the Input trigger */
2052:platform/HAL/src/stm32g4xx_hal_tim_ex.c ****     htim->Instance->SMCR &= ~TIM_SMCR_TS;
2053:platform/HAL/src/stm32g4xx_hal_tim_ex.c ****     htim->Instance->SMCR |= InputTrigger;
2054:platform/HAL/src/stm32g4xx_hal_tim_ex.c ****   }
2055:platform/HAL/src/stm32g4xx_hal_tim_ex.c **** 
2056:platform/HAL/src/stm32g4xx_hal_tim_ex.c ****   /* Select the Capture Compare preload feature */
2057:platform/HAL/src/stm32g4xx_hal_tim_ex.c ****   htim->Instance->CR2 |= TIM_CR2_CCPC;
2058:platform/HAL/src/stm32g4xx_hal_tim_ex.c ****   /* Select the Commutation event source */
2059:platform/HAL/src/stm32g4xx_hal_tim_ex.c ****   htim->Instance->CR2 &= ~TIM_CR2_CCUS;
2060:platform/HAL/src/stm32g4xx_hal_tim_ex.c ****   htim->Instance->CR2 |= CommutationSource;
2061:platform/HAL/src/stm32g4xx_hal_tim_ex.c **** 
2062:platform/HAL/src/stm32g4xx_hal_tim_ex.c ****   /* Disable Commutation DMA request */
2063:platform/HAL/src/stm32g4xx_hal_tim_ex.c ****   __HAL_TIM_DISABLE_DMA(htim, TIM_DMA_COM);
2064:platform/HAL/src/stm32g4xx_hal_tim_ex.c **** 
2065:platform/HAL/src/stm32g4xx_hal_tim_ex.c ****   /* Enable the Commutation Interrupt */
2066:platform/HAL/src/stm32g4xx_hal_tim_ex.c ****   __HAL_TIM_ENABLE_IT(htim, TIM_IT_COM);
2067:platform/HAL/src/stm32g4xx_hal_tim_ex.c **** 
2068:platform/HAL/src/stm32g4xx_hal_tim_ex.c ****   __HAL_UNLOCK(htim);
2069:platform/HAL/src/stm32g4xx_hal_tim_ex.c **** 
2070:platform/HAL/src/stm32g4xx_hal_tim_ex.c ****   return HAL_OK;
2071:platform/HAL/src/stm32g4xx_hal_tim_ex.c **** }
2072:platform/HAL/src/stm32g4xx_hal_tim_ex.c **** 
2073:platform/HAL/src/stm32g4xx_hal_tim_ex.c **** /**
2074:platform/HAL/src/stm32g4xx_hal_tim_ex.c ****   * @brief  Configure the TIM commutation event sequence with DMA.
2075:platform/HAL/src/stm32g4xx_hal_tim_ex.c ****   * @note  This function is mandatory to use the commutation event in order to
2076:platform/HAL/src/stm32g4xx_hal_tim_ex.c ****   *        update the configuration at each commutation detection on the TRGI input of the Timer,
2077:platform/HAL/src/stm32g4xx_hal_tim_ex.c ****   *        the typical use of this feature is with the use of another Timer(interface Timer)
2078:platform/HAL/src/stm32g4xx_hal_tim_ex.c ****   *        configured in Hall sensor interface, this interface Timer will generate the
2079:platform/HAL/src/stm32g4xx_hal_tim_ex.c ****   *        commutation at its TRGO output (connected to Timer used in this function) each time
2080:platform/HAL/src/stm32g4xx_hal_tim_ex.c ****   *        the TI1 of the Interface Timer detect a commutation at its input TI1.
2081:platform/HAL/src/stm32g4xx_hal_tim_ex.c ****   * @note  The user should configure the DMA in his own software, in This function only the COMDE b
2082:platform/HAL/src/stm32g4xx_hal_tim_ex.c ****   * @param  htim TIM handle
ARM GAS  /tmp/cchCrvCd.s 			page 38


2083:platform/HAL/src/stm32g4xx_hal_tim_ex.c ****   * @param  InputTrigger the Internal trigger corresponding to the Timer Interfacing with the Hall 
2084:platform/HAL/src/stm32g4xx_hal_tim_ex.c ****   *          This parameter can be one of the following values:
2085:platform/HAL/src/stm32g4xx_hal_tim_ex.c ****   *            @arg TIM_TS_ITR0: Internal trigger 0 selected
2086:platform/HAL/src/stm32g4xx_hal_tim_ex.c ****   *            @arg TIM_TS_ITR1: Internal trigger 1 selected
2087:platform/HAL/src/stm32g4xx_hal_tim_ex.c ****   *            @arg TIM_TS_ITR2: Internal trigger 2 selected
2088:platform/HAL/src/stm32g4xx_hal_tim_ex.c ****   *            @arg TIM_TS_ITR3: Internal trigger 3 selected
2089:platform/HAL/src/stm32g4xx_hal_tim_ex.c ****   *            @arg TIM_TS_ITR4: Internal trigger 4 selected   (*)
2090:platform/HAL/src/stm32g4xx_hal_tim_ex.c ****   *            @arg TIM_TS_ITR5: Internal trigger 5 selected
2091:platform/HAL/src/stm32g4xx_hal_tim_ex.c ****   *            @arg TIM_TS_ITR6: Internal trigger 6 selected
2092:platform/HAL/src/stm32g4xx_hal_tim_ex.c ****   *            @arg TIM_TS_ITR7: Internal trigger 7 selected
2093:platform/HAL/src/stm32g4xx_hal_tim_ex.c ****   *            @arg TIM_TS_ITR8: Internal trigger 8 selected
2094:platform/HAL/src/stm32g4xx_hal_tim_ex.c ****   *            @arg TIM_TS_ITR9: Internal trigger 9 selected   (*)
2095:platform/HAL/src/stm32g4xx_hal_tim_ex.c ****   *            @arg TIM_TS_ITR10: Internal trigger 10 selected
2096:platform/HAL/src/stm32g4xx_hal_tim_ex.c ****   *            @arg TIM_TS_ITR11: Internal trigger 11 selected
2097:platform/HAL/src/stm32g4xx_hal_tim_ex.c ****   *            @arg TIM_TS_NONE: No trigger is needed
2098:platform/HAL/src/stm32g4xx_hal_tim_ex.c ****   *
2099:platform/HAL/src/stm32g4xx_hal_tim_ex.c ****   *         (*)  Value not defined in all devices.
2100:platform/HAL/src/stm32g4xx_hal_tim_ex.c ****   *
2101:platform/HAL/src/stm32g4xx_hal_tim_ex.c ****   * @param  CommutationSource the Commutation Event source
2102:platform/HAL/src/stm32g4xx_hal_tim_ex.c ****   *          This parameter can be one of the following values:
2103:platform/HAL/src/stm32g4xx_hal_tim_ex.c ****   *            @arg TIM_COMMUTATION_TRGI: Commutation source is the TRGI of the Interface Timer
2104:platform/HAL/src/stm32g4xx_hal_tim_ex.c ****   *            @arg TIM_COMMUTATION_SOFTWARE:  Commutation source is set by software using the COMG
2105:platform/HAL/src/stm32g4xx_hal_tim_ex.c ****   * @retval HAL status
2106:platform/HAL/src/stm32g4xx_hal_tim_ex.c ****   */
2107:platform/HAL/src/stm32g4xx_hal_tim_ex.c **** HAL_StatusTypeDef HAL_TIMEx_ConfigCommutEvent_DMA(TIM_HandleTypeDef *htim, uint32_t  InputTrigger,
2108:platform/HAL/src/stm32g4xx_hal_tim_ex.c ****                                                   uint32_t  CommutationSource)
2109:platform/HAL/src/stm32g4xx_hal_tim_ex.c **** {
2110:platform/HAL/src/stm32g4xx_hal_tim_ex.c ****   /* Check the parameters */
2111:platform/HAL/src/stm32g4xx_hal_tim_ex.c ****   assert_param(IS_TIM_COMMUTATION_EVENT_INSTANCE(htim->Instance));
2112:platform/HAL/src/stm32g4xx_hal_tim_ex.c ****   assert_param(IS_TIM_INTERNAL_TRIGGEREVENT_INSTANCE(htim->Instance, InputTrigger));
2113:platform/HAL/src/stm32g4xx_hal_tim_ex.c **** 
2114:platform/HAL/src/stm32g4xx_hal_tim_ex.c ****   __HAL_LOCK(htim);
2115:platform/HAL/src/stm32g4xx_hal_tim_ex.c **** 
2116:platform/HAL/src/stm32g4xx_hal_tim_ex.c **** #if defined(TIM5) && defined(TIM20)
2117:platform/HAL/src/stm32g4xx_hal_tim_ex.c ****   if ((InputTrigger == TIM_TS_ITR0)  || (InputTrigger == TIM_TS_ITR1) ||
2118:platform/HAL/src/stm32g4xx_hal_tim_ex.c ****       (InputTrigger == TIM_TS_ITR2)  || (InputTrigger == TIM_TS_ITR3) ||
2119:platform/HAL/src/stm32g4xx_hal_tim_ex.c ****       (InputTrigger == TIM_TS_ITR4)  || (InputTrigger == TIM_TS_ITR5) ||
2120:platform/HAL/src/stm32g4xx_hal_tim_ex.c ****       (InputTrigger == TIM_TS_ITR6)  || (InputTrigger == TIM_TS_ITR7) ||
2121:platform/HAL/src/stm32g4xx_hal_tim_ex.c ****       (InputTrigger == TIM_TS_ITR8)  || (InputTrigger == TIM_TS_ITR9) ||
2122:platform/HAL/src/stm32g4xx_hal_tim_ex.c ****       (InputTrigger == TIM_TS_ITR10) || (InputTrigger == TIM_TS_ITR11))
2123:platform/HAL/src/stm32g4xx_hal_tim_ex.c **** #elif defined(TIM5)
2124:platform/HAL/src/stm32g4xx_hal_tim_ex.c ****   if ((InputTrigger == TIM_TS_ITR0)  || (InputTrigger == TIM_TS_ITR1) ||
2125:platform/HAL/src/stm32g4xx_hal_tim_ex.c ****       (InputTrigger == TIM_TS_ITR2)  || (InputTrigger == TIM_TS_ITR3) ||
2126:platform/HAL/src/stm32g4xx_hal_tim_ex.c ****       (InputTrigger == TIM_TS_ITR4)  || (InputTrigger == TIM_TS_ITR5) ||
2127:platform/HAL/src/stm32g4xx_hal_tim_ex.c ****       (InputTrigger == TIM_TS_ITR6)  || (InputTrigger == TIM_TS_ITR7) ||
2128:platform/HAL/src/stm32g4xx_hal_tim_ex.c ****       (InputTrigger == TIM_TS_ITR8)  || (InputTrigger == TIM_TS_ITR11))
2129:platform/HAL/src/stm32g4xx_hal_tim_ex.c **** #elif defined(TIM20)
2130:platform/HAL/src/stm32g4xx_hal_tim_ex.c ****   if ((InputTrigger == TIM_TS_ITR0)  || (InputTrigger == TIM_TS_ITR1) ||
2131:platform/HAL/src/stm32g4xx_hal_tim_ex.c ****       (InputTrigger == TIM_TS_ITR2)  || (InputTrigger == TIM_TS_ITR3) ||
2132:platform/HAL/src/stm32g4xx_hal_tim_ex.c ****       (InputTrigger == TIM_TS_ITR5)  || (InputTrigger == TIM_TS_ITR6) ||
2133:platform/HAL/src/stm32g4xx_hal_tim_ex.c ****       (InputTrigger == TIM_TS_ITR7)  || (InputTrigger == TIM_TS_ITR8) ||
2134:platform/HAL/src/stm32g4xx_hal_tim_ex.c ****       (InputTrigger == TIM_TS_ITR9)  || (InputTrigger == TIM_TS_ITR11))
2135:platform/HAL/src/stm32g4xx_hal_tim_ex.c **** #else
2136:platform/HAL/src/stm32g4xx_hal_tim_ex.c ****   if ((InputTrigger == TIM_TS_ITR0)  || (InputTrigger == TIM_TS_ITR1) ||
2137:platform/HAL/src/stm32g4xx_hal_tim_ex.c ****       (InputTrigger == TIM_TS_ITR2)  || (InputTrigger == TIM_TS_ITR3) ||
2138:platform/HAL/src/stm32g4xx_hal_tim_ex.c ****       (InputTrigger == TIM_TS_ITR5)  || (InputTrigger == TIM_TS_ITR6) ||
2139:platform/HAL/src/stm32g4xx_hal_tim_ex.c ****       (InputTrigger == TIM_TS_ITR7)  || (InputTrigger == TIM_TS_ITR8) ||
ARM GAS  /tmp/cchCrvCd.s 			page 39


2140:platform/HAL/src/stm32g4xx_hal_tim_ex.c ****       (InputTrigger == TIM_TS_ITR11))
2141:platform/HAL/src/stm32g4xx_hal_tim_ex.c **** #endif /* TIM5 && TIM20 */
2142:platform/HAL/src/stm32g4xx_hal_tim_ex.c ****   {
2143:platform/HAL/src/stm32g4xx_hal_tim_ex.c ****     /* Select the Input trigger */
2144:platform/HAL/src/stm32g4xx_hal_tim_ex.c ****     htim->Instance->SMCR &= ~TIM_SMCR_TS;
2145:platform/HAL/src/stm32g4xx_hal_tim_ex.c ****     htim->Instance->SMCR |= InputTrigger;
2146:platform/HAL/src/stm32g4xx_hal_tim_ex.c ****   }
2147:platform/HAL/src/stm32g4xx_hal_tim_ex.c **** 
2148:platform/HAL/src/stm32g4xx_hal_tim_ex.c ****   /* Select the Capture Compare preload feature */
2149:platform/HAL/src/stm32g4xx_hal_tim_ex.c ****   htim->Instance->CR2 |= TIM_CR2_CCPC;
2150:platform/HAL/src/stm32g4xx_hal_tim_ex.c ****   /* Select the Commutation event source */
2151:platform/HAL/src/stm32g4xx_hal_tim_ex.c ****   htim->Instance->CR2 &= ~TIM_CR2_CCUS;
2152:platform/HAL/src/stm32g4xx_hal_tim_ex.c ****   htim->Instance->CR2 |= CommutationSource;
2153:platform/HAL/src/stm32g4xx_hal_tim_ex.c **** 
2154:platform/HAL/src/stm32g4xx_hal_tim_ex.c ****   /* Enable the Commutation DMA Request */
2155:platform/HAL/src/stm32g4xx_hal_tim_ex.c ****   /* Set the DMA Commutation Callback */
2156:platform/HAL/src/stm32g4xx_hal_tim_ex.c ****   htim->hdma[TIM_DMA_ID_COMMUTATION]->XferCpltCallback = TIMEx_DMACommutationCplt;
2157:platform/HAL/src/stm32g4xx_hal_tim_ex.c ****   htim->hdma[TIM_DMA_ID_COMMUTATION]->XferHalfCpltCallback = TIMEx_DMACommutationHalfCplt;
2158:platform/HAL/src/stm32g4xx_hal_tim_ex.c ****   /* Set the DMA error callback */
2159:platform/HAL/src/stm32g4xx_hal_tim_ex.c ****   htim->hdma[TIM_DMA_ID_COMMUTATION]->XferErrorCallback = TIM_DMAError;
2160:platform/HAL/src/stm32g4xx_hal_tim_ex.c **** 
2161:platform/HAL/src/stm32g4xx_hal_tim_ex.c ****   /* Disable Commutation Interrupt */
2162:platform/HAL/src/stm32g4xx_hal_tim_ex.c ****   __HAL_TIM_DISABLE_IT(htim, TIM_IT_COM);
2163:platform/HAL/src/stm32g4xx_hal_tim_ex.c **** 
2164:platform/HAL/src/stm32g4xx_hal_tim_ex.c ****   /* Enable the Commutation DMA Request */
2165:platform/HAL/src/stm32g4xx_hal_tim_ex.c ****   __HAL_TIM_ENABLE_DMA(htim, TIM_DMA_COM);
2166:platform/HAL/src/stm32g4xx_hal_tim_ex.c **** 
2167:platform/HAL/src/stm32g4xx_hal_tim_ex.c ****   __HAL_UNLOCK(htim);
2168:platform/HAL/src/stm32g4xx_hal_tim_ex.c **** 
2169:platform/HAL/src/stm32g4xx_hal_tim_ex.c ****   return HAL_OK;
2170:platform/HAL/src/stm32g4xx_hal_tim_ex.c **** }
2171:platform/HAL/src/stm32g4xx_hal_tim_ex.c **** 
2172:platform/HAL/src/stm32g4xx_hal_tim_ex.c **** /**
2173:platform/HAL/src/stm32g4xx_hal_tim_ex.c ****   * @brief  Configures the TIM in master mode.
2174:platform/HAL/src/stm32g4xx_hal_tim_ex.c ****   * @param  htim TIM handle.
2175:platform/HAL/src/stm32g4xx_hal_tim_ex.c ****   * @param  sMasterConfig pointer to a TIM_MasterConfigTypeDef structure that
2176:platform/HAL/src/stm32g4xx_hal_tim_ex.c ****   *         contains the selected trigger output (TRGO) and the Master/Slave
2177:platform/HAL/src/stm32g4xx_hal_tim_ex.c ****   *         mode.
2178:platform/HAL/src/stm32g4xx_hal_tim_ex.c ****   * @retval HAL status
2179:platform/HAL/src/stm32g4xx_hal_tim_ex.c ****   */
2180:platform/HAL/src/stm32g4xx_hal_tim_ex.c **** HAL_StatusTypeDef HAL_TIMEx_MasterConfigSynchronization(TIM_HandleTypeDef *htim,
2181:platform/HAL/src/stm32g4xx_hal_tim_ex.c ****                                                         const TIM_MasterConfigTypeDef *sMasterConfi
2182:platform/HAL/src/stm32g4xx_hal_tim_ex.c **** {
2183:platform/HAL/src/stm32g4xx_hal_tim_ex.c ****   uint32_t tmpcr2;
2184:platform/HAL/src/stm32g4xx_hal_tim_ex.c ****   uint32_t tmpsmcr;
2185:platform/HAL/src/stm32g4xx_hal_tim_ex.c **** 
2186:platform/HAL/src/stm32g4xx_hal_tim_ex.c ****   /* Check the parameters */
2187:platform/HAL/src/stm32g4xx_hal_tim_ex.c ****   assert_param(IS_TIM_MASTER_INSTANCE(htim->Instance));
2188:platform/HAL/src/stm32g4xx_hal_tim_ex.c ****   assert_param(IS_TIM_TRGO_SOURCE(sMasterConfig->MasterOutputTrigger));
2189:platform/HAL/src/stm32g4xx_hal_tim_ex.c ****   assert_param(IS_TIM_MSM_STATE(sMasterConfig->MasterSlaveMode));
2190:platform/HAL/src/stm32g4xx_hal_tim_ex.c **** 
2191:platform/HAL/src/stm32g4xx_hal_tim_ex.c ****   /* Check input state */
2192:platform/HAL/src/stm32g4xx_hal_tim_ex.c ****   __HAL_LOCK(htim);
2193:platform/HAL/src/stm32g4xx_hal_tim_ex.c **** 
2194:platform/HAL/src/stm32g4xx_hal_tim_ex.c ****   /* Change the handler state */
2195:platform/HAL/src/stm32g4xx_hal_tim_ex.c ****   htim->State = HAL_TIM_STATE_BUSY;
2196:platform/HAL/src/stm32g4xx_hal_tim_ex.c **** 
ARM GAS  /tmp/cchCrvCd.s 			page 40


2197:platform/HAL/src/stm32g4xx_hal_tim_ex.c ****   /* Get the TIMx CR2 register value */
2198:platform/HAL/src/stm32g4xx_hal_tim_ex.c ****   tmpcr2 = htim->Instance->CR2;
2199:platform/HAL/src/stm32g4xx_hal_tim_ex.c **** 
2200:platform/HAL/src/stm32g4xx_hal_tim_ex.c ****   /* Get the TIMx SMCR register value */
2201:platform/HAL/src/stm32g4xx_hal_tim_ex.c ****   tmpsmcr = htim->Instance->SMCR;
2202:platform/HAL/src/stm32g4xx_hal_tim_ex.c **** 
2203:platform/HAL/src/stm32g4xx_hal_tim_ex.c ****   /* If the timer supports ADC synchronization through TRGO2, set the master mode selection 2 */
2204:platform/HAL/src/stm32g4xx_hal_tim_ex.c ****   if (IS_TIM_TRGO2_INSTANCE(htim->Instance))
2205:platform/HAL/src/stm32g4xx_hal_tim_ex.c ****   {
2206:platform/HAL/src/stm32g4xx_hal_tim_ex.c ****     /* Check the parameters */
2207:platform/HAL/src/stm32g4xx_hal_tim_ex.c ****     assert_param(IS_TIM_TRGO2_SOURCE(sMasterConfig->MasterOutputTrigger2));
2208:platform/HAL/src/stm32g4xx_hal_tim_ex.c **** 
2209:platform/HAL/src/stm32g4xx_hal_tim_ex.c ****     /* Clear the MMS2 bits */
2210:platform/HAL/src/stm32g4xx_hal_tim_ex.c ****     tmpcr2 &= ~TIM_CR2_MMS2;
2211:platform/HAL/src/stm32g4xx_hal_tim_ex.c ****     /* Select the TRGO2 source*/
2212:platform/HAL/src/stm32g4xx_hal_tim_ex.c ****     tmpcr2 |= sMasterConfig->MasterOutputTrigger2;
2213:platform/HAL/src/stm32g4xx_hal_tim_ex.c ****   }
2214:platform/HAL/src/stm32g4xx_hal_tim_ex.c **** 
2215:platform/HAL/src/stm32g4xx_hal_tim_ex.c ****   /* Reset the MMS Bits */
2216:platform/HAL/src/stm32g4xx_hal_tim_ex.c ****   tmpcr2 &= ~TIM_CR2_MMS;
2217:platform/HAL/src/stm32g4xx_hal_tim_ex.c ****   /* Select the TRGO source */
2218:platform/HAL/src/stm32g4xx_hal_tim_ex.c ****   tmpcr2 |=  sMasterConfig->MasterOutputTrigger;
2219:platform/HAL/src/stm32g4xx_hal_tim_ex.c **** 
2220:platform/HAL/src/stm32g4xx_hal_tim_ex.c ****   /* Update TIMx CR2 */
2221:platform/HAL/src/stm32g4xx_hal_tim_ex.c ****   htim->Instance->CR2 = tmpcr2;
2222:platform/HAL/src/stm32g4xx_hal_tim_ex.c **** 
2223:platform/HAL/src/stm32g4xx_hal_tim_ex.c ****   if (IS_TIM_SLAVE_INSTANCE(htim->Instance))
2224:platform/HAL/src/stm32g4xx_hal_tim_ex.c ****   {
2225:platform/HAL/src/stm32g4xx_hal_tim_ex.c ****     /* Reset the MSM Bit */
2226:platform/HAL/src/stm32g4xx_hal_tim_ex.c ****     tmpsmcr &= ~TIM_SMCR_MSM;
2227:platform/HAL/src/stm32g4xx_hal_tim_ex.c ****     /* Set master mode */
2228:platform/HAL/src/stm32g4xx_hal_tim_ex.c ****     tmpsmcr |= sMasterConfig->MasterSlaveMode;
2229:platform/HAL/src/stm32g4xx_hal_tim_ex.c **** 
2230:platform/HAL/src/stm32g4xx_hal_tim_ex.c ****     /* Update TIMx SMCR */
2231:platform/HAL/src/stm32g4xx_hal_tim_ex.c ****     htim->Instance->SMCR = tmpsmcr;
2232:platform/HAL/src/stm32g4xx_hal_tim_ex.c ****   }
2233:platform/HAL/src/stm32g4xx_hal_tim_ex.c **** 
2234:platform/HAL/src/stm32g4xx_hal_tim_ex.c ****   /* Change the htim state */
2235:platform/HAL/src/stm32g4xx_hal_tim_ex.c ****   htim->State = HAL_TIM_STATE_READY;
2236:platform/HAL/src/stm32g4xx_hal_tim_ex.c **** 
2237:platform/HAL/src/stm32g4xx_hal_tim_ex.c ****   __HAL_UNLOCK(htim);
2238:platform/HAL/src/stm32g4xx_hal_tim_ex.c **** 
2239:platform/HAL/src/stm32g4xx_hal_tim_ex.c ****   return HAL_OK;
2240:platform/HAL/src/stm32g4xx_hal_tim_ex.c **** }
2241:platform/HAL/src/stm32g4xx_hal_tim_ex.c **** 
2242:platform/HAL/src/stm32g4xx_hal_tim_ex.c **** /**
2243:platform/HAL/src/stm32g4xx_hal_tim_ex.c ****   * @brief  Configures the Break feature, dead time, Lock level, OSSI/OSSR State
2244:platform/HAL/src/stm32g4xx_hal_tim_ex.c ****   *         and the AOE(automatic output enable).
2245:platform/HAL/src/stm32g4xx_hal_tim_ex.c ****   * @param  htim TIM handle
2246:platform/HAL/src/stm32g4xx_hal_tim_ex.c ****   * @param  sBreakDeadTimeConfig pointer to a TIM_ConfigBreakDeadConfigTypeDef structure that
2247:platform/HAL/src/stm32g4xx_hal_tim_ex.c ****   *         contains the BDTR Register configuration  information for the TIM peripheral.
2248:platform/HAL/src/stm32g4xx_hal_tim_ex.c ****   * @note   Interrupts can be generated when an active level is detected on the
2249:platform/HAL/src/stm32g4xx_hal_tim_ex.c ****   *         break input, the break 2 input or the system break input. Break
2250:platform/HAL/src/stm32g4xx_hal_tim_ex.c ****   *         interrupt can be enabled by calling the @ref __HAL_TIM_ENABLE_IT macro.
2251:platform/HAL/src/stm32g4xx_hal_tim_ex.c ****   * @retval HAL status
2252:platform/HAL/src/stm32g4xx_hal_tim_ex.c ****   */
2253:platform/HAL/src/stm32g4xx_hal_tim_ex.c **** HAL_StatusTypeDef HAL_TIMEx_ConfigBreakDeadTime(TIM_HandleTypeDef *htim,
ARM GAS  /tmp/cchCrvCd.s 			page 41


2254:platform/HAL/src/stm32g4xx_hal_tim_ex.c ****                                                 const TIM_BreakDeadTimeConfigTypeDef *sBreakDeadTim
2255:platform/HAL/src/stm32g4xx_hal_tim_ex.c **** {
2256:platform/HAL/src/stm32g4xx_hal_tim_ex.c ****   /* Keep this variable initialized to 0 as it is used to configure BDTR register */
2257:platform/HAL/src/stm32g4xx_hal_tim_ex.c ****   uint32_t tmpbdtr = 0U;
2258:platform/HAL/src/stm32g4xx_hal_tim_ex.c **** 
2259:platform/HAL/src/stm32g4xx_hal_tim_ex.c ****   /* Check the parameters */
2260:platform/HAL/src/stm32g4xx_hal_tim_ex.c ****   assert_param(IS_TIM_BREAK_INSTANCE(htim->Instance));
2261:platform/HAL/src/stm32g4xx_hal_tim_ex.c ****   assert_param(IS_TIM_OSSR_STATE(sBreakDeadTimeConfig->OffStateRunMode));
2262:platform/HAL/src/stm32g4xx_hal_tim_ex.c ****   assert_param(IS_TIM_OSSI_STATE(sBreakDeadTimeConfig->OffStateIDLEMode));
2263:platform/HAL/src/stm32g4xx_hal_tim_ex.c ****   assert_param(IS_TIM_LOCK_LEVEL(sBreakDeadTimeConfig->LockLevel));
2264:platform/HAL/src/stm32g4xx_hal_tim_ex.c ****   assert_param(IS_TIM_DEADTIME(sBreakDeadTimeConfig->DeadTime));
2265:platform/HAL/src/stm32g4xx_hal_tim_ex.c ****   assert_param(IS_TIM_BREAK_STATE(sBreakDeadTimeConfig->BreakState));
2266:platform/HAL/src/stm32g4xx_hal_tim_ex.c ****   assert_param(IS_TIM_BREAK_POLARITY(sBreakDeadTimeConfig->BreakPolarity));
2267:platform/HAL/src/stm32g4xx_hal_tim_ex.c ****   assert_param(IS_TIM_BREAK_FILTER(sBreakDeadTimeConfig->BreakFilter));
2268:platform/HAL/src/stm32g4xx_hal_tim_ex.c ****   assert_param(IS_TIM_AUTOMATIC_OUTPUT_STATE(sBreakDeadTimeConfig->AutomaticOutput));
2269:platform/HAL/src/stm32g4xx_hal_tim_ex.c ****   assert_param(IS_TIM_BREAK_AFMODE(sBreakDeadTimeConfig->BreakAFMode));
2270:platform/HAL/src/stm32g4xx_hal_tim_ex.c **** 
2271:platform/HAL/src/stm32g4xx_hal_tim_ex.c ****   /* Check input state */
2272:platform/HAL/src/stm32g4xx_hal_tim_ex.c ****   __HAL_LOCK(htim);
2273:platform/HAL/src/stm32g4xx_hal_tim_ex.c **** 
2274:platform/HAL/src/stm32g4xx_hal_tim_ex.c ****   /* Set the Lock level, the Break enable Bit and the Polarity, the OSSR State,
2275:platform/HAL/src/stm32g4xx_hal_tim_ex.c ****      the OSSI State, the dead time value and the Automatic Output Enable Bit */
2276:platform/HAL/src/stm32g4xx_hal_tim_ex.c **** 
2277:platform/HAL/src/stm32g4xx_hal_tim_ex.c ****   /* Set the BDTR bits */
2278:platform/HAL/src/stm32g4xx_hal_tim_ex.c ****   MODIFY_REG(tmpbdtr, TIM_BDTR_DTG, sBreakDeadTimeConfig->DeadTime);
2279:platform/HAL/src/stm32g4xx_hal_tim_ex.c ****   MODIFY_REG(tmpbdtr, TIM_BDTR_LOCK, sBreakDeadTimeConfig->LockLevel);
2280:platform/HAL/src/stm32g4xx_hal_tim_ex.c ****   MODIFY_REG(tmpbdtr, TIM_BDTR_OSSI, sBreakDeadTimeConfig->OffStateIDLEMode);
2281:platform/HAL/src/stm32g4xx_hal_tim_ex.c ****   MODIFY_REG(tmpbdtr, TIM_BDTR_OSSR, sBreakDeadTimeConfig->OffStateRunMode);
2282:platform/HAL/src/stm32g4xx_hal_tim_ex.c ****   MODIFY_REG(tmpbdtr, TIM_BDTR_BKE, sBreakDeadTimeConfig->BreakState);
2283:platform/HAL/src/stm32g4xx_hal_tim_ex.c ****   MODIFY_REG(tmpbdtr, TIM_BDTR_BKP, sBreakDeadTimeConfig->BreakPolarity);
2284:platform/HAL/src/stm32g4xx_hal_tim_ex.c ****   MODIFY_REG(tmpbdtr, TIM_BDTR_AOE, sBreakDeadTimeConfig->AutomaticOutput);
2285:platform/HAL/src/stm32g4xx_hal_tim_ex.c ****   MODIFY_REG(tmpbdtr, TIM_BDTR_BKF, (sBreakDeadTimeConfig->BreakFilter << TIM_BDTR_BKF_Pos));
2286:platform/HAL/src/stm32g4xx_hal_tim_ex.c ****   MODIFY_REG(tmpbdtr, TIM_BDTR_BKBID, sBreakDeadTimeConfig->BreakAFMode);
2287:platform/HAL/src/stm32g4xx_hal_tim_ex.c **** 
2288:platform/HAL/src/stm32g4xx_hal_tim_ex.c ****   if (IS_TIM_BKIN2_INSTANCE(htim->Instance))
2289:platform/HAL/src/stm32g4xx_hal_tim_ex.c ****   {
2290:platform/HAL/src/stm32g4xx_hal_tim_ex.c ****     /* Check the parameters */
2291:platform/HAL/src/stm32g4xx_hal_tim_ex.c ****     assert_param(IS_TIM_BREAK2_STATE(sBreakDeadTimeConfig->Break2State));
2292:platform/HAL/src/stm32g4xx_hal_tim_ex.c ****     assert_param(IS_TIM_BREAK2_POLARITY(sBreakDeadTimeConfig->Break2Polarity));
2293:platform/HAL/src/stm32g4xx_hal_tim_ex.c ****     assert_param(IS_TIM_BREAK_FILTER(sBreakDeadTimeConfig->Break2Filter));
2294:platform/HAL/src/stm32g4xx_hal_tim_ex.c ****     assert_param(IS_TIM_BREAK2_AFMODE(sBreakDeadTimeConfig->Break2AFMode));
2295:platform/HAL/src/stm32g4xx_hal_tim_ex.c **** 
2296:platform/HAL/src/stm32g4xx_hal_tim_ex.c ****     /* Set the BREAK2 input related BDTR bits */
2297:platform/HAL/src/stm32g4xx_hal_tim_ex.c ****     MODIFY_REG(tmpbdtr, TIM_BDTR_BK2F, (sBreakDeadTimeConfig->Break2Filter << TIM_BDTR_BK2F_Pos));
2298:platform/HAL/src/stm32g4xx_hal_tim_ex.c ****     MODIFY_REG(tmpbdtr, TIM_BDTR_BK2E, sBreakDeadTimeConfig->Break2State);
2299:platform/HAL/src/stm32g4xx_hal_tim_ex.c ****     MODIFY_REG(tmpbdtr, TIM_BDTR_BK2P, sBreakDeadTimeConfig->Break2Polarity);
2300:platform/HAL/src/stm32g4xx_hal_tim_ex.c ****     MODIFY_REG(tmpbdtr, TIM_BDTR_BK2BID, sBreakDeadTimeConfig->Break2AFMode);
2301:platform/HAL/src/stm32g4xx_hal_tim_ex.c ****   }
2302:platform/HAL/src/stm32g4xx_hal_tim_ex.c **** 
2303:platform/HAL/src/stm32g4xx_hal_tim_ex.c ****   /* Set TIMx_BDTR */
2304:platform/HAL/src/stm32g4xx_hal_tim_ex.c ****   htim->Instance->BDTR = tmpbdtr;
2305:platform/HAL/src/stm32g4xx_hal_tim_ex.c **** 
2306:platform/HAL/src/stm32g4xx_hal_tim_ex.c ****   __HAL_UNLOCK(htim);
2307:platform/HAL/src/stm32g4xx_hal_tim_ex.c **** 
2308:platform/HAL/src/stm32g4xx_hal_tim_ex.c ****   return HAL_OK;
2309:platform/HAL/src/stm32g4xx_hal_tim_ex.c **** }
2310:platform/HAL/src/stm32g4xx_hal_tim_ex.c **** 
ARM GAS  /tmp/cchCrvCd.s 			page 42


2311:platform/HAL/src/stm32g4xx_hal_tim_ex.c **** /**
2312:platform/HAL/src/stm32g4xx_hal_tim_ex.c ****   * @brief  Configures the break input source.
2313:platform/HAL/src/stm32g4xx_hal_tim_ex.c ****   * @param  htim TIM handle.
2314:platform/HAL/src/stm32g4xx_hal_tim_ex.c ****   * @param  BreakInput Break input to configure
2315:platform/HAL/src/stm32g4xx_hal_tim_ex.c ****   *          This parameter can be one of the following values:
2316:platform/HAL/src/stm32g4xx_hal_tim_ex.c ****   *            @arg TIM_BREAKINPUT_BRK: Timer break input
2317:platform/HAL/src/stm32g4xx_hal_tim_ex.c ****   *            @arg TIM_BREAKINPUT_BRK2: Timer break 2 input
2318:platform/HAL/src/stm32g4xx_hal_tim_ex.c ****   * @param  sBreakInputConfig Break input source configuration
2319:platform/HAL/src/stm32g4xx_hal_tim_ex.c ****   * @retval HAL status
2320:platform/HAL/src/stm32g4xx_hal_tim_ex.c ****   */
2321:platform/HAL/src/stm32g4xx_hal_tim_ex.c **** HAL_StatusTypeDef HAL_TIMEx_ConfigBreakInput(TIM_HandleTypeDef *htim,
2322:platform/HAL/src/stm32g4xx_hal_tim_ex.c ****                                              uint32_t BreakInput,
2323:platform/HAL/src/stm32g4xx_hal_tim_ex.c ****                                              const TIMEx_BreakInputConfigTypeDef *sBreakInputConfig
2324:platform/HAL/src/stm32g4xx_hal_tim_ex.c **** {
2325:platform/HAL/src/stm32g4xx_hal_tim_ex.c ****   HAL_StatusTypeDef status = HAL_OK;
2326:platform/HAL/src/stm32g4xx_hal_tim_ex.c ****   uint32_t tmporx;
2327:platform/HAL/src/stm32g4xx_hal_tim_ex.c ****   uint32_t bkin_enable_mask;
2328:platform/HAL/src/stm32g4xx_hal_tim_ex.c ****   uint32_t bkin_polarity_mask;
2329:platform/HAL/src/stm32g4xx_hal_tim_ex.c ****   uint32_t bkin_enable_bitpos;
2330:platform/HAL/src/stm32g4xx_hal_tim_ex.c ****   uint32_t bkin_polarity_bitpos;
2331:platform/HAL/src/stm32g4xx_hal_tim_ex.c **** 
2332:platform/HAL/src/stm32g4xx_hal_tim_ex.c ****   /* Check the parameters */
2333:platform/HAL/src/stm32g4xx_hal_tim_ex.c ****   assert_param(IS_TIM_BREAK_INSTANCE(htim->Instance));
2334:platform/HAL/src/stm32g4xx_hal_tim_ex.c ****   assert_param(IS_TIM_BREAKINPUT(BreakInput));
2335:platform/HAL/src/stm32g4xx_hal_tim_ex.c ****   assert_param(IS_TIM_BREAKINPUTSOURCE(sBreakInputConfig->Source));
2336:platform/HAL/src/stm32g4xx_hal_tim_ex.c ****   assert_param(IS_TIM_BREAKINPUTSOURCE_STATE(sBreakInputConfig->Enable));
2337:platform/HAL/src/stm32g4xx_hal_tim_ex.c ****   assert_param(IS_TIM_BREAKINPUTSOURCE_POLARITY(sBreakInputConfig->Polarity));
2338:platform/HAL/src/stm32g4xx_hal_tim_ex.c **** 
2339:platform/HAL/src/stm32g4xx_hal_tim_ex.c ****   /* Check input state */
2340:platform/HAL/src/stm32g4xx_hal_tim_ex.c ****   __HAL_LOCK(htim);
2341:platform/HAL/src/stm32g4xx_hal_tim_ex.c **** 
2342:platform/HAL/src/stm32g4xx_hal_tim_ex.c ****   switch (sBreakInputConfig->Source)
2343:platform/HAL/src/stm32g4xx_hal_tim_ex.c ****   {
2344:platform/HAL/src/stm32g4xx_hal_tim_ex.c ****     case TIM_BREAKINPUTSOURCE_BKIN:
2345:platform/HAL/src/stm32g4xx_hal_tim_ex.c ****     {
2346:platform/HAL/src/stm32g4xx_hal_tim_ex.c ****       bkin_enable_mask = TIM1_AF1_BKINE;
2347:platform/HAL/src/stm32g4xx_hal_tim_ex.c ****       bkin_enable_bitpos = TIM1_AF1_BKINE_Pos;
2348:platform/HAL/src/stm32g4xx_hal_tim_ex.c ****       bkin_polarity_mask = TIM1_AF1_BKINP;
2349:platform/HAL/src/stm32g4xx_hal_tim_ex.c ****       bkin_polarity_bitpos = TIM1_AF1_BKINP_Pos;
2350:platform/HAL/src/stm32g4xx_hal_tim_ex.c ****       break;
2351:platform/HAL/src/stm32g4xx_hal_tim_ex.c ****     }
2352:platform/HAL/src/stm32g4xx_hal_tim_ex.c ****     case TIM_BREAKINPUTSOURCE_COMP1:
2353:platform/HAL/src/stm32g4xx_hal_tim_ex.c ****     {
2354:platform/HAL/src/stm32g4xx_hal_tim_ex.c ****       bkin_enable_mask = TIM1_AF1_BKCMP1E;
2355:platform/HAL/src/stm32g4xx_hal_tim_ex.c ****       bkin_enable_bitpos = TIM1_AF1_BKCMP1E_Pos;
2356:platform/HAL/src/stm32g4xx_hal_tim_ex.c ****       bkin_polarity_mask = TIM1_AF1_BKCMP1P;
2357:platform/HAL/src/stm32g4xx_hal_tim_ex.c ****       bkin_polarity_bitpos = TIM1_AF1_BKCMP1P_Pos;
2358:platform/HAL/src/stm32g4xx_hal_tim_ex.c ****       break;
2359:platform/HAL/src/stm32g4xx_hal_tim_ex.c ****     }
2360:platform/HAL/src/stm32g4xx_hal_tim_ex.c **** #if defined (COMP2)
2361:platform/HAL/src/stm32g4xx_hal_tim_ex.c ****     case TIM_BREAKINPUTSOURCE_COMP2:
2362:platform/HAL/src/stm32g4xx_hal_tim_ex.c ****     {
2363:platform/HAL/src/stm32g4xx_hal_tim_ex.c ****       bkin_enable_mask = TIM1_AF1_BKCMP2E;
2364:platform/HAL/src/stm32g4xx_hal_tim_ex.c ****       bkin_enable_bitpos = TIM1_AF1_BKCMP2E_Pos;
2365:platform/HAL/src/stm32g4xx_hal_tim_ex.c ****       bkin_polarity_mask = TIM1_AF1_BKCMP2P;
2366:platform/HAL/src/stm32g4xx_hal_tim_ex.c ****       bkin_polarity_bitpos = TIM1_AF1_BKCMP2P_Pos;
2367:platform/HAL/src/stm32g4xx_hal_tim_ex.c ****       break;
ARM GAS  /tmp/cchCrvCd.s 			page 43


2368:platform/HAL/src/stm32g4xx_hal_tim_ex.c ****     }
2369:platform/HAL/src/stm32g4xx_hal_tim_ex.c **** #endif /* COMP2 */
2370:platform/HAL/src/stm32g4xx_hal_tim_ex.c ****     case TIM_BREAKINPUTSOURCE_COMP3:
2371:platform/HAL/src/stm32g4xx_hal_tim_ex.c ****     {
2372:platform/HAL/src/stm32g4xx_hal_tim_ex.c ****       bkin_enable_mask = TIM1_AF1_BKCMP3E;
2373:platform/HAL/src/stm32g4xx_hal_tim_ex.c ****       bkin_enable_bitpos = TIM1_AF1_BKCMP3E_Pos;
2374:platform/HAL/src/stm32g4xx_hal_tim_ex.c ****       bkin_polarity_mask = TIM1_AF1_BKCMP3P;
2375:platform/HAL/src/stm32g4xx_hal_tim_ex.c ****       bkin_polarity_bitpos = TIM1_AF1_BKCMP3P_Pos;
2376:platform/HAL/src/stm32g4xx_hal_tim_ex.c ****       break;
2377:platform/HAL/src/stm32g4xx_hal_tim_ex.c ****     }
2378:platform/HAL/src/stm32g4xx_hal_tim_ex.c **** #if defined (COMP4)
2379:platform/HAL/src/stm32g4xx_hal_tim_ex.c ****     case TIM_BREAKINPUTSOURCE_COMP4:
2380:platform/HAL/src/stm32g4xx_hal_tim_ex.c ****     {
2381:platform/HAL/src/stm32g4xx_hal_tim_ex.c ****       bkin_enable_mask = TIM1_AF1_BKCMP4E;
2382:platform/HAL/src/stm32g4xx_hal_tim_ex.c ****       bkin_enable_bitpos = TIM1_AF1_BKCMP4E_Pos;
2383:platform/HAL/src/stm32g4xx_hal_tim_ex.c ****       bkin_polarity_mask = TIM1_AF1_BKCMP4P;
2384:platform/HAL/src/stm32g4xx_hal_tim_ex.c ****       bkin_polarity_bitpos = TIM1_AF1_BKCMP4P_Pos;
2385:platform/HAL/src/stm32g4xx_hal_tim_ex.c ****       break;
2386:platform/HAL/src/stm32g4xx_hal_tim_ex.c ****     }
2387:platform/HAL/src/stm32g4xx_hal_tim_ex.c **** #endif /* COMP4 */
2388:platform/HAL/src/stm32g4xx_hal_tim_ex.c **** #if defined (COMP5)
2389:platform/HAL/src/stm32g4xx_hal_tim_ex.c ****     case TIM_BREAKINPUTSOURCE_COMP5:
2390:platform/HAL/src/stm32g4xx_hal_tim_ex.c ****     {
2391:platform/HAL/src/stm32g4xx_hal_tim_ex.c ****       bkin_enable_mask = TIM1_AF1_BKCMP5E;
2392:platform/HAL/src/stm32g4xx_hal_tim_ex.c ****       bkin_enable_bitpos = TIM1_AF1_BKCMP5E_Pos;
2393:platform/HAL/src/stm32g4xx_hal_tim_ex.c ****       /* No palarity bit for this COMP. Variable bkin_polarity_mask keeps its default value 0 */
2394:platform/HAL/src/stm32g4xx_hal_tim_ex.c ****       bkin_polarity_mask = 0U;
2395:platform/HAL/src/stm32g4xx_hal_tim_ex.c ****       bkin_polarity_bitpos = 0U;
2396:platform/HAL/src/stm32g4xx_hal_tim_ex.c ****       break;
2397:platform/HAL/src/stm32g4xx_hal_tim_ex.c ****     }
2398:platform/HAL/src/stm32g4xx_hal_tim_ex.c **** #endif /* COMP5 */
2399:platform/HAL/src/stm32g4xx_hal_tim_ex.c **** #if defined (COMP6)
2400:platform/HAL/src/stm32g4xx_hal_tim_ex.c ****     case TIM_BREAKINPUTSOURCE_COMP6:
2401:platform/HAL/src/stm32g4xx_hal_tim_ex.c ****     {
2402:platform/HAL/src/stm32g4xx_hal_tim_ex.c ****       bkin_enable_mask = TIM1_AF1_BKCMP6E;
2403:platform/HAL/src/stm32g4xx_hal_tim_ex.c ****       bkin_enable_bitpos = TIM1_AF1_BKCMP6E_Pos;
2404:platform/HAL/src/stm32g4xx_hal_tim_ex.c ****       /* No palarity bit for this COMP. Variable bkin_polarity_mask keeps its default value 0 */
2405:platform/HAL/src/stm32g4xx_hal_tim_ex.c ****       bkin_polarity_mask = 0U;
2406:platform/HAL/src/stm32g4xx_hal_tim_ex.c ****       bkin_polarity_bitpos = 0U;
2407:platform/HAL/src/stm32g4xx_hal_tim_ex.c ****       break;
2408:platform/HAL/src/stm32g4xx_hal_tim_ex.c ****     }
2409:platform/HAL/src/stm32g4xx_hal_tim_ex.c **** #endif /* COMP7 */
2410:platform/HAL/src/stm32g4xx_hal_tim_ex.c **** #if defined (COMP7)
2411:platform/HAL/src/stm32g4xx_hal_tim_ex.c ****     case TIM_BREAKINPUTSOURCE_COMP7:
2412:platform/HAL/src/stm32g4xx_hal_tim_ex.c ****     {
2413:platform/HAL/src/stm32g4xx_hal_tim_ex.c ****       bkin_enable_mask = TIM1_AF1_BKCMP7E;
2414:platform/HAL/src/stm32g4xx_hal_tim_ex.c ****       bkin_enable_bitpos = TIM1_AF1_BKCMP7E_Pos;
2415:platform/HAL/src/stm32g4xx_hal_tim_ex.c ****       /* No palarity bit for this COMP. Variable bkin_polarity_mask keeps its default value 0 */
2416:platform/HAL/src/stm32g4xx_hal_tim_ex.c ****       bkin_polarity_mask = 0U;
2417:platform/HAL/src/stm32g4xx_hal_tim_ex.c ****       bkin_polarity_bitpos = 0U;
2418:platform/HAL/src/stm32g4xx_hal_tim_ex.c ****       break;
2419:platform/HAL/src/stm32g4xx_hal_tim_ex.c ****     }
2420:platform/HAL/src/stm32g4xx_hal_tim_ex.c **** #endif /* COMP7 */
2421:platform/HAL/src/stm32g4xx_hal_tim_ex.c **** 
2422:platform/HAL/src/stm32g4xx_hal_tim_ex.c ****     default:
2423:platform/HAL/src/stm32g4xx_hal_tim_ex.c ****     {
2424:platform/HAL/src/stm32g4xx_hal_tim_ex.c ****       bkin_enable_mask = 0U;
ARM GAS  /tmp/cchCrvCd.s 			page 44


2425:platform/HAL/src/stm32g4xx_hal_tim_ex.c ****       bkin_polarity_mask = 0U;
2426:platform/HAL/src/stm32g4xx_hal_tim_ex.c ****       bkin_enable_bitpos = 0U;
2427:platform/HAL/src/stm32g4xx_hal_tim_ex.c ****       bkin_polarity_bitpos = 0U;
2428:platform/HAL/src/stm32g4xx_hal_tim_ex.c ****       break;
2429:platform/HAL/src/stm32g4xx_hal_tim_ex.c ****     }
2430:platform/HAL/src/stm32g4xx_hal_tim_ex.c ****   }
2431:platform/HAL/src/stm32g4xx_hal_tim_ex.c **** 
2432:platform/HAL/src/stm32g4xx_hal_tim_ex.c ****   switch (BreakInput)
2433:platform/HAL/src/stm32g4xx_hal_tim_ex.c ****   {
2434:platform/HAL/src/stm32g4xx_hal_tim_ex.c ****     case TIM_BREAKINPUT_BRK:
2435:platform/HAL/src/stm32g4xx_hal_tim_ex.c ****     {
2436:platform/HAL/src/stm32g4xx_hal_tim_ex.c ****       /* Get the TIMx_AF1 register value */
2437:platform/HAL/src/stm32g4xx_hal_tim_ex.c ****       tmporx = htim->Instance->AF1;
2438:platform/HAL/src/stm32g4xx_hal_tim_ex.c **** 
2439:platform/HAL/src/stm32g4xx_hal_tim_ex.c ****       /* Enable the break input */
2440:platform/HAL/src/stm32g4xx_hal_tim_ex.c ****       tmporx &= ~bkin_enable_mask;
2441:platform/HAL/src/stm32g4xx_hal_tim_ex.c ****       tmporx |= (sBreakInputConfig->Enable << bkin_enable_bitpos) & bkin_enable_mask;
2442:platform/HAL/src/stm32g4xx_hal_tim_ex.c **** 
2443:platform/HAL/src/stm32g4xx_hal_tim_ex.c ****       /* Set the break input polarity */
2444:platform/HAL/src/stm32g4xx_hal_tim_ex.c ****       tmporx &= ~bkin_polarity_mask;
2445:platform/HAL/src/stm32g4xx_hal_tim_ex.c ****       tmporx |= (sBreakInputConfig->Polarity << bkin_polarity_bitpos) & bkin_polarity_mask;
2446:platform/HAL/src/stm32g4xx_hal_tim_ex.c **** 
2447:platform/HAL/src/stm32g4xx_hal_tim_ex.c ****       /* Set TIMx_AF1 */
2448:platform/HAL/src/stm32g4xx_hal_tim_ex.c ****       htim->Instance->AF1 = tmporx;
2449:platform/HAL/src/stm32g4xx_hal_tim_ex.c ****       break;
2450:platform/HAL/src/stm32g4xx_hal_tim_ex.c ****     }
2451:platform/HAL/src/stm32g4xx_hal_tim_ex.c ****     case TIM_BREAKINPUT_BRK2:
2452:platform/HAL/src/stm32g4xx_hal_tim_ex.c ****     {
2453:platform/HAL/src/stm32g4xx_hal_tim_ex.c ****       /* Get the TIMx_AF2 register value */
2454:platform/HAL/src/stm32g4xx_hal_tim_ex.c ****       tmporx = htim->Instance->AF2;
2455:platform/HAL/src/stm32g4xx_hal_tim_ex.c **** 
2456:platform/HAL/src/stm32g4xx_hal_tim_ex.c ****       /* Enable the break input */
2457:platform/HAL/src/stm32g4xx_hal_tim_ex.c ****       tmporx &= ~bkin_enable_mask;
2458:platform/HAL/src/stm32g4xx_hal_tim_ex.c ****       tmporx |= (sBreakInputConfig->Enable << bkin_enable_bitpos) & bkin_enable_mask;
2459:platform/HAL/src/stm32g4xx_hal_tim_ex.c **** 
2460:platform/HAL/src/stm32g4xx_hal_tim_ex.c ****       /* Set the break input polarity */
2461:platform/HAL/src/stm32g4xx_hal_tim_ex.c ****       tmporx &= ~bkin_polarity_mask;
2462:platform/HAL/src/stm32g4xx_hal_tim_ex.c ****       tmporx |= (sBreakInputConfig->Polarity << bkin_polarity_bitpos) & bkin_polarity_mask;
2463:platform/HAL/src/stm32g4xx_hal_tim_ex.c **** 
2464:platform/HAL/src/stm32g4xx_hal_tim_ex.c ****       /* Set TIMx_AF2 */
2465:platform/HAL/src/stm32g4xx_hal_tim_ex.c ****       htim->Instance->AF2 = tmporx;
2466:platform/HAL/src/stm32g4xx_hal_tim_ex.c ****       break;
2467:platform/HAL/src/stm32g4xx_hal_tim_ex.c ****     }
2468:platform/HAL/src/stm32g4xx_hal_tim_ex.c ****     default:
2469:platform/HAL/src/stm32g4xx_hal_tim_ex.c ****       status = HAL_ERROR;
2470:platform/HAL/src/stm32g4xx_hal_tim_ex.c ****       break;
2471:platform/HAL/src/stm32g4xx_hal_tim_ex.c ****   }
2472:platform/HAL/src/stm32g4xx_hal_tim_ex.c **** 
2473:platform/HAL/src/stm32g4xx_hal_tim_ex.c ****   __HAL_UNLOCK(htim);
2474:platform/HAL/src/stm32g4xx_hal_tim_ex.c **** 
2475:platform/HAL/src/stm32g4xx_hal_tim_ex.c ****   return status;
2476:platform/HAL/src/stm32g4xx_hal_tim_ex.c **** }
2477:platform/HAL/src/stm32g4xx_hal_tim_ex.c **** 
2478:platform/HAL/src/stm32g4xx_hal_tim_ex.c **** /**
2479:platform/HAL/src/stm32g4xx_hal_tim_ex.c ****   * @brief  Configures the TIMx Remapping input capabilities.
2480:platform/HAL/src/stm32g4xx_hal_tim_ex.c ****   * @param  htim TIM handle.
2481:platform/HAL/src/stm32g4xx_hal_tim_ex.c ****   * @param  Remap specifies the TIM remapping source.
ARM GAS  /tmp/cchCrvCd.s 			page 45


2482:platform/HAL/src/stm32g4xx_hal_tim_ex.c ****   *         For TIM1, the parameter can take one of the following values:
2483:platform/HAL/src/stm32g4xx_hal_tim_ex.c ****   *            @arg TIM_TIM1_ETR_GPIO           TIM1 ETR is connected to GPIO
2484:platform/HAL/src/stm32g4xx_hal_tim_ex.c ****   *            @arg TIM_TIM1_ETR_COMP1          TIM1 ETR is connected to COMP1 output
2485:platform/HAL/src/stm32g4xx_hal_tim_ex.c ****   *            @arg TIM_TIM1_ETR_COMP2          TIM1 ETR is connected to COMP2 output
2486:platform/HAL/src/stm32g4xx_hal_tim_ex.c ****   *            @arg TIM_TIM1_ETR_COMP3          TIM1 ETR is connected to COMP3 output
2487:platform/HAL/src/stm32g4xx_hal_tim_ex.c ****   *            @arg TIM_TIM1_ETR_COMP4          TIM1 ETR is connected to COMP4 output
2488:platform/HAL/src/stm32g4xx_hal_tim_ex.c ****   *            @arg TIM_TIM1_ETR_COMP5          TIM1 ETR is connected to COMP5 output    (*)
2489:platform/HAL/src/stm32g4xx_hal_tim_ex.c ****   *            @arg TIM_TIM1_ETR_COMP6          TIM1 ETR is connected to COMP6 output    (*)
2490:platform/HAL/src/stm32g4xx_hal_tim_ex.c ****   *            @arg TIM_TIM1_ETR_COMP7          TIM1 ETR is connected to COMP7 output    (*)
2491:platform/HAL/src/stm32g4xx_hal_tim_ex.c ****   *            @arg TIM_TIM1_ETR_ADC1_AWD1      TIM1 ETR is connected to ADC1 AWD1
2492:platform/HAL/src/stm32g4xx_hal_tim_ex.c ****   *            @arg TIM_TIM1_ETR_ADC1_AWD2      TIM1 ETR is connected to ADC1 AWD2
2493:platform/HAL/src/stm32g4xx_hal_tim_ex.c ****   *            @arg TIM_TIM1_ETR_ADC1_AWD3      TIM1 ETR is connected to ADC1 AWD3
2494:platform/HAL/src/stm32g4xx_hal_tim_ex.c ****   *            @arg TIM_TIM1_ETR_ADC4_AWD1      TIM1 ETR is connected to ADC4 AWD1       (*)
2495:platform/HAL/src/stm32g4xx_hal_tim_ex.c ****   *            @arg TIM_TIM1_ETR_ADC4_AWD2      TIM1 ETR is connected to ADC4 AWD2       (*)
2496:platform/HAL/src/stm32g4xx_hal_tim_ex.c ****   *            @arg TIM_TIM1_ETR_ADC4_AWD3      TIM1 ETR is connected to ADC4 AWD3       (*)
2497:platform/HAL/src/stm32g4xx_hal_tim_ex.c ****   *
2498:platform/HAL/src/stm32g4xx_hal_tim_ex.c ****   *         For TIM2, the parameter can take one of the following values:
2499:platform/HAL/src/stm32g4xx_hal_tim_ex.c ****   *            @arg TIM_TIM2_ETR_GPIO           TIM2 ETR is connected to GPIO
2500:platform/HAL/src/stm32g4xx_hal_tim_ex.c ****   *            @arg TIM_TIM2_ETR_COMP1          TIM2 ETR is connected to COMP1 output
2501:platform/HAL/src/stm32g4xx_hal_tim_ex.c ****   *            @arg TIM_TIM2_ETR_COMP2          TIM2 ETR is connected to COMP2 output
2502:platform/HAL/src/stm32g4xx_hal_tim_ex.c ****   *            @arg TIM_TIM2_ETR_COMP3          TIM2 ETR is connected to COMP3 output
2503:platform/HAL/src/stm32g4xx_hal_tim_ex.c ****   *            @arg TIM_TIM2_ETR_COMP4          TIM2 ETR is connected to COMP4 output
2504:platform/HAL/src/stm32g4xx_hal_tim_ex.c ****   *            @arg TIM_TIM2_ETR_COMP5          TIM2 ETR is connected to COMP5 output    (*)
2505:platform/HAL/src/stm32g4xx_hal_tim_ex.c ****   *            @arg TIM_TIM2_ETR_COMP6          TIM2 ETR is connected to COMP6 output    (*)
2506:platform/HAL/src/stm32g4xx_hal_tim_ex.c ****   *            @arg TIM_TIM2_ETR_COMP7          TIM2 ETR is connected to COMP7 output    (*)
2507:platform/HAL/src/stm32g4xx_hal_tim_ex.c ****   *            @arg TIM_TIM2_ETR_TIM3_ETR       TIM2 ETR is connected to TIM3 ETR pin
2508:platform/HAL/src/stm32g4xx_hal_tim_ex.c ****   *            @arg TIM_TIM2_ETR_TIM4_ETR       TIM2 ETR is connected to TIM4 ETR pin
2509:platform/HAL/src/stm32g4xx_hal_tim_ex.c ****   *            @arg TIM_TIM2_ETR_TIM5_ETR       TIM2 ETR is connected to TIM5 ETR pin    (*)
2510:platform/HAL/src/stm32g4xx_hal_tim_ex.c ****   *            @arg TIM_TIM2_ETR_LSE
2511:platform/HAL/src/stm32g4xx_hal_tim_ex.c ****   *
2512:platform/HAL/src/stm32g4xx_hal_tim_ex.c ****   *         For TIM3, the parameter can take one of the following values:
2513:platform/HAL/src/stm32g4xx_hal_tim_ex.c ****   *            @arg TIM_TIM3_ETR_GPIO           TIM3 ETR is connected to GPIO
2514:platform/HAL/src/stm32g4xx_hal_tim_ex.c ****   *            @arg TIM_TIM3_ETR_COMP1          TIM3 ETR is connected to COMP1 output
2515:platform/HAL/src/stm32g4xx_hal_tim_ex.c ****   *            @arg TIM_TIM3_ETR_COMP2          TIM3 ETR is connected to COMP2 output
2516:platform/HAL/src/stm32g4xx_hal_tim_ex.c ****   *            @arg TIM_TIM3_ETR_COMP3          TIM3 ETR is connected to COMP3 output
2517:platform/HAL/src/stm32g4xx_hal_tim_ex.c ****   *            @arg TIM_TIM3_ETR_COMP4          TIM3 ETR is connected to COMP4 output
2518:platform/HAL/src/stm32g4xx_hal_tim_ex.c ****   *            @arg TIM_TIM3_ETR_COMP5          TIM3 ETR is connected to COMP5 output    (*)
2519:platform/HAL/src/stm32g4xx_hal_tim_ex.c ****   *            @arg TIM_TIM3_ETR_COMP6          TIM3 ETR is connected to COMP6 output    (*)
2520:platform/HAL/src/stm32g4xx_hal_tim_ex.c ****   *            @arg TIM_TIM3_ETR_COMP7          TIM3 ETR is connected to COMP7 output    (*)
2521:platform/HAL/src/stm32g4xx_hal_tim_ex.c ****   *            @arg TIM_TIM3_ETR_TIM2_ETR       TIM3 ETR is connected to TIM2 ETR pin
2522:platform/HAL/src/stm32g4xx_hal_tim_ex.c ****   *            @arg TIM_TIM3_ETR_TIM4_ETR       TIM3 ETR is connected to TIM4 ETR pin
2523:platform/HAL/src/stm32g4xx_hal_tim_ex.c ****   *            @arg TIM_TIM3_ETR_ADC2_AWD1      TIM3 ETR is connected to ADC2 AWD1
2524:platform/HAL/src/stm32g4xx_hal_tim_ex.c ****   *            @arg TIM_TIM3_ETR_ADC2_AWD2      TIM3 ETR is connected to ADC2 AWD2
2525:platform/HAL/src/stm32g4xx_hal_tim_ex.c ****   *            @arg TIM_TIM3_ETR_ADC2_AWD3      TIM3 ETR is connected to ADC2 AWD3
2526:platform/HAL/src/stm32g4xx_hal_tim_ex.c ****   *
2527:platform/HAL/src/stm32g4xx_hal_tim_ex.c ****   *         For TIM4, the parameter can take one of the following values:
2528:platform/HAL/src/stm32g4xx_hal_tim_ex.c ****   *            @arg TIM_TIM4_ETR_GPIO           TIM4 ETR is connected to GPIO
2529:platform/HAL/src/stm32g4xx_hal_tim_ex.c ****   *            @arg TIM_TIM4_ETR_COMP1          TIM4 ETR is connected to COMP1 output
2530:platform/HAL/src/stm32g4xx_hal_tim_ex.c ****   *            @arg TIM_TIM4_ETR_COMP2          TIM4 ETR is connected to COMP2 output
2531:platform/HAL/src/stm32g4xx_hal_tim_ex.c ****   *            @arg TIM_TIM4_ETR_COMP3          TIM4 ETR is connected to COMP3 output
2532:platform/HAL/src/stm32g4xx_hal_tim_ex.c ****   *            @arg TIM_TIM4_ETR_COMP4          TIM4 ETR is connected to COMP4 output
2533:platform/HAL/src/stm32g4xx_hal_tim_ex.c ****   *            @arg TIM_TIM4_ETR_COMP5          TIM4 ETR is connected to COMP5 output    (*)
2534:platform/HAL/src/stm32g4xx_hal_tim_ex.c ****   *            @arg TIM_TIM4_ETR_COMP6          TIM4 ETR is connected to COMP6 output    (*)
2535:platform/HAL/src/stm32g4xx_hal_tim_ex.c ****   *            @arg TIM_TIM4_ETR_COMP7          TIM4 ETR is connected to COMP7 output    (*)
2536:platform/HAL/src/stm32g4xx_hal_tim_ex.c ****   *            @arg TIM_TIM4_ETR_TIM3_ETR       TIM4 ETR is connected to TIM3 ETR pin
2537:platform/HAL/src/stm32g4xx_hal_tim_ex.c ****   *            @arg TIM_TIM4_ETR_TIM5_ETR       TIM4 ETR is connected to TIM5 ETR pin    (*)
2538:platform/HAL/src/stm32g4xx_hal_tim_ex.c ****   *
ARM GAS  /tmp/cchCrvCd.s 			page 46


2539:platform/HAL/src/stm32g4xx_hal_tim_ex.c ****   *         For TIM5, the parameter can take one of the following values:       (**)
2540:platform/HAL/src/stm32g4xx_hal_tim_ex.c ****   *            @arg TIM_TIM5_ETR_GPIO           TIM5 ETR is connected to GPIO            (*)
2541:platform/HAL/src/stm32g4xx_hal_tim_ex.c ****   *            @arg TIM_TIM5_ETR_COMP1          TIM5 ETR is connected to COMP1 output    (*)
2542:platform/HAL/src/stm32g4xx_hal_tim_ex.c ****   *            @arg TIM_TIM5_ETR_COMP2          TIM5 ETR is connected to COMP2 output    (*)
2543:platform/HAL/src/stm32g4xx_hal_tim_ex.c ****   *            @arg TIM_TIM5_ETR_COMP3          TIM5 ETR is connected to COMP3 output    (*)
2544:platform/HAL/src/stm32g4xx_hal_tim_ex.c ****   *            @arg TIM_TIM5_ETR_COMP4          TIM5 ETR is connected to COMP4 output    (*)
2545:platform/HAL/src/stm32g4xx_hal_tim_ex.c ****   *            @arg TIM_TIM5_ETR_COMP5          TIM5 ETR is connected to COMP5 output    (*)
2546:platform/HAL/src/stm32g4xx_hal_tim_ex.c ****   *            @arg TIM_TIM5_ETR_COMP6          TIM5 ETR is connected to COMP6 output    (*)
2547:platform/HAL/src/stm32g4xx_hal_tim_ex.c ****   *            @arg TIM_TIM5_ETR_COMP7          TIM5 ETR is connected to COMP7 output    (*)
2548:platform/HAL/src/stm32g4xx_hal_tim_ex.c ****   *            @arg TIM_TIM5_ETR_TIM2_ETR       TIM5 ETR is connected to TIM2 ETR pin    (*)
2549:platform/HAL/src/stm32g4xx_hal_tim_ex.c ****   *            @arg TIM_TIM5_ETR_TIM3_ETR       TIM5 ETR is connected to TIM3 ETR pin    (*)
2550:platform/HAL/src/stm32g4xx_hal_tim_ex.c ****   *
2551:platform/HAL/src/stm32g4xx_hal_tim_ex.c ****   *         For TIM8, the parameter can take one of the following values:
2552:platform/HAL/src/stm32g4xx_hal_tim_ex.c ****   *            @arg TIM_TIM8_ETR_GPIO            TIM8 ETR is connected to GPIO
2553:platform/HAL/src/stm32g4xx_hal_tim_ex.c ****   *            @arg TIM_TIM8_ETR_COMP1           TIM8 ETR is connected to COMP1 output
2554:platform/HAL/src/stm32g4xx_hal_tim_ex.c ****   *            @arg TIM_TIM8_ETR_COMP2           TIM8 ETR is connected to COMP2 output
2555:platform/HAL/src/stm32g4xx_hal_tim_ex.c ****   *            @arg TIM_TIM8_ETR_COMP3           TIM8 ETR is connected to COMP3 output
2556:platform/HAL/src/stm32g4xx_hal_tim_ex.c ****   *            @arg TIM_TIM8_ETR_COMP4           TIM8 ETR is connected to COMP4 output
2557:platform/HAL/src/stm32g4xx_hal_tim_ex.c ****   *            @arg TIM_TIM8_ETR_COMP5           TIM8 ETR is connected to COMP5 output    (*)
2558:platform/HAL/src/stm32g4xx_hal_tim_ex.c ****   *            @arg TIM_TIM8_ETR_COMP6           TIM8 ETR is connected to COMP6 output    (*)
2559:platform/HAL/src/stm32g4xx_hal_tim_ex.c ****   *            @arg TIM_TIM8_ETR_COMP7           TIM8 ETR is connected to COMP7 output    (*)
2560:platform/HAL/src/stm32g4xx_hal_tim_ex.c ****   *            @arg TIM_TIM8_ETR_ADC2_AWD1       TIM8 ETR is connected to ADC2 AWD1
2561:platform/HAL/src/stm32g4xx_hal_tim_ex.c ****   *            @arg TIM_TIM8_ETR_ADC2_AWD2       TIM8 ETR is connected to ADC2 AWD2
2562:platform/HAL/src/stm32g4xx_hal_tim_ex.c ****   *            @arg TIM_TIM8_ETR_ADC2_AWD3       TIM8 ETR is connected to ADC2 AWD3
2563:platform/HAL/src/stm32g4xx_hal_tim_ex.c ****   *            @arg TIM_TIM8_ETR_ADC3_AWD1       TIM8 ETR is connected to ADC3 AWD1       (*)
2564:platform/HAL/src/stm32g4xx_hal_tim_ex.c ****   *            @arg TIM_TIM8_ETR_ADC3_AWD2       TIM8 ETR is connected to ADC3 AWD2       (*)
2565:platform/HAL/src/stm32g4xx_hal_tim_ex.c ****   *            @arg TIM_TIM8_ETR_ADC3_AWD3       TIM8 ETR is connected to ADC3 AWD3       (*)
2566:platform/HAL/src/stm32g4xx_hal_tim_ex.c ****   *
2567:platform/HAL/src/stm32g4xx_hal_tim_ex.c ****   *         For TIM20, the parameter can take one of the following values:       (**)
2568:platform/HAL/src/stm32g4xx_hal_tim_ex.c ****   *            @arg TIM_TIM20_ETR_GPIO            TIM20 ETR is connected to GPIO
2569:platform/HAL/src/stm32g4xx_hal_tim_ex.c ****   *            @arg TIM_TIM20_ETR_COMP1           TIM20 ETR is connected to COMP1 output  (*)
2570:platform/HAL/src/stm32g4xx_hal_tim_ex.c ****   *            @arg TIM_TIM20_ETR_COMP2           TIM20 ETR is connected to COMP2 output  (*)
2571:platform/HAL/src/stm32g4xx_hal_tim_ex.c ****   *            @arg TIM_TIM20_ETR_COMP3           TIM20 ETR is connected to COMP3 output  (*)
2572:platform/HAL/src/stm32g4xx_hal_tim_ex.c ****   *            @arg TIM_TIM20_ETR_COMP4           TIM20 ETR is connected to COMP4 output  (*)
2573:platform/HAL/src/stm32g4xx_hal_tim_ex.c ****   *            @arg TIM_TIM20_ETR_COMP5           TIM20 ETR is connected to COMP5 output  (*)
2574:platform/HAL/src/stm32g4xx_hal_tim_ex.c ****   *            @arg TIM_TIM20_ETR_COMP6           TIM20 ETR is connected to COMP6 output  (*)
2575:platform/HAL/src/stm32g4xx_hal_tim_ex.c ****   *            @arg TIM_TIM20_ETR_COMP7           TIM20 ETR is connected to COMP7 output  (*)
2576:platform/HAL/src/stm32g4xx_hal_tim_ex.c ****   *            @arg TIM_TIM20_ETR_ADC3_AWD1       TIM20 ETR is connected to ADC3 AWD1     (*)
2577:platform/HAL/src/stm32g4xx_hal_tim_ex.c ****   *            @arg TIM_TIM20_ETR_ADC3_AWD2       TIM20 ETR is connected to ADC3 AWD2     (*)
2578:platform/HAL/src/stm32g4xx_hal_tim_ex.c ****   *            @arg TIM_TIM20_ETR_ADC3_AWD3       TIM20 ETR is connected to ADC3 AWD3     (*)
2579:platform/HAL/src/stm32g4xx_hal_tim_ex.c ****   *            @arg TIM_TIM20_ETR_ADC5_AWD1       TIM20 ETR is connected to ADC5 AWD1     (*)
2580:platform/HAL/src/stm32g4xx_hal_tim_ex.c ****   *            @arg TIM_TIM20_ETR_ADC5_AWD2       TIM20 ETR is connected to ADC5 AWD2     (*)
2581:platform/HAL/src/stm32g4xx_hal_tim_ex.c ****   *            @arg TIM_TIM20_ETR_ADC5_AWD3       TIM20 ETR is connected to ADC5 AWD3     (*)
2582:platform/HAL/src/stm32g4xx_hal_tim_ex.c ****   *
2583:platform/HAL/src/stm32g4xx_hal_tim_ex.c ****   *         (*)  Value not defined in all devices. \n
2584:platform/HAL/src/stm32g4xx_hal_tim_ex.c ****   *         (**) Register not available in all devices.
2585:platform/HAL/src/stm32g4xx_hal_tim_ex.c ****   *
2586:platform/HAL/src/stm32g4xx_hal_tim_ex.c ****   * @retval HAL status
2587:platform/HAL/src/stm32g4xx_hal_tim_ex.c ****   */
2588:platform/HAL/src/stm32g4xx_hal_tim_ex.c **** HAL_StatusTypeDef HAL_TIMEx_RemapConfig(TIM_HandleTypeDef *htim, uint32_t Remap)
2589:platform/HAL/src/stm32g4xx_hal_tim_ex.c **** {
2590:platform/HAL/src/stm32g4xx_hal_tim_ex.c ****   /* Check parameters */
2591:platform/HAL/src/stm32g4xx_hal_tim_ex.c ****   assert_param(IS_TIM_REMAP_INSTANCE(htim->Instance));
2592:platform/HAL/src/stm32g4xx_hal_tim_ex.c ****   assert_param(IS_TIM_REMAP(Remap));
2593:platform/HAL/src/stm32g4xx_hal_tim_ex.c **** 
2594:platform/HAL/src/stm32g4xx_hal_tim_ex.c ****   __HAL_LOCK(htim);
2595:platform/HAL/src/stm32g4xx_hal_tim_ex.c **** 
ARM GAS  /tmp/cchCrvCd.s 			page 47


2596:platform/HAL/src/stm32g4xx_hal_tim_ex.c ****   MODIFY_REG(htim->Instance->AF1, TIM1_AF1_ETRSEL_Msk, Remap);
2597:platform/HAL/src/stm32g4xx_hal_tim_ex.c **** 
2598:platform/HAL/src/stm32g4xx_hal_tim_ex.c ****   __HAL_UNLOCK(htim);
2599:platform/HAL/src/stm32g4xx_hal_tim_ex.c **** 
2600:platform/HAL/src/stm32g4xx_hal_tim_ex.c ****   return HAL_OK;
2601:platform/HAL/src/stm32g4xx_hal_tim_ex.c **** }
2602:platform/HAL/src/stm32g4xx_hal_tim_ex.c **** 
2603:platform/HAL/src/stm32g4xx_hal_tim_ex.c **** /**
2604:platform/HAL/src/stm32g4xx_hal_tim_ex.c ****   * @brief  Select the timer input source
2605:platform/HAL/src/stm32g4xx_hal_tim_ex.c ****   * @param  htim TIM handle.
2606:platform/HAL/src/stm32g4xx_hal_tim_ex.c ****   * @param  Channel specifies the TIM Channel
2607:platform/HAL/src/stm32g4xx_hal_tim_ex.c ****   *          This parameter can be one of the following values:
2608:platform/HAL/src/stm32g4xx_hal_tim_ex.c ****   *            @arg TIM_CHANNEL_1: TI1 input channel
2609:platform/HAL/src/stm32g4xx_hal_tim_ex.c ****   *            @arg TIM_CHANNEL_2: TI2 input channel
2610:platform/HAL/src/stm32g4xx_hal_tim_ex.c ****   *            @arg TIM_CHANNEL_3: TI3 input channel
2611:platform/HAL/src/stm32g4xx_hal_tim_ex.c ****   *            @arg TIM_CHANNEL_4: TI4 input channel
2612:platform/HAL/src/stm32g4xx_hal_tim_ex.c ****   * @param  TISelection specifies the timer input source
2613:platform/HAL/src/stm32g4xx_hal_tim_ex.c ****   *         For TIM1 this parameter can be one of the following values:
2614:platform/HAL/src/stm32g4xx_hal_tim_ex.c ****   *            @arg TIM_TIM1_TI1_GPIO:                TIM1 TI1 is connected to GPIO
2615:platform/HAL/src/stm32g4xx_hal_tim_ex.c ****   *            @arg TIM_TIM1_TI1_COMP1:               TIM1 TI1 is connected to COMP1 output
2616:platform/HAL/src/stm32g4xx_hal_tim_ex.c ****   *            @arg TIM_TIM1_TI1_COMP2:               TIM1 TI1 is connected to COMP2 output
2617:platform/HAL/src/stm32g4xx_hal_tim_ex.c ****   *            @arg TIM_TIM1_TI1_COMP3:               TIM1 TI1 is connected to COMP3 output
2618:platform/HAL/src/stm32g4xx_hal_tim_ex.c ****   *            @arg TIM_TIM1_TI1_COMP4:               TIM1 TI1 is connected to COMP4 output
2619:platform/HAL/src/stm32g4xx_hal_tim_ex.c ****   *
2620:platform/HAL/src/stm32g4xx_hal_tim_ex.c ****   *         For TIM2 this parameter can be one of the following values:
2621:platform/HAL/src/stm32g4xx_hal_tim_ex.c ****   *            @arg TIM_TIM2_TI1_GPIO:                TIM2 TI1 is connected to GPIO
2622:platform/HAL/src/stm32g4xx_hal_tim_ex.c ****   *            @arg TIM_TIM2_TI1_COMP1:               TIM2 TI1 is connected to COMP1 output
2623:platform/HAL/src/stm32g4xx_hal_tim_ex.c ****   *            @arg TIM_TIM2_TI1_COMP2:               TIM2 TI1 is connected to COMP2 output
2624:platform/HAL/src/stm32g4xx_hal_tim_ex.c ****   *            @arg TIM_TIM2_TI1_COMP3:               TIM2 TI1 is connected to COMP3 output
2625:platform/HAL/src/stm32g4xx_hal_tim_ex.c ****   *            @arg TIM_TIM2_TI1_COMP4:               TIM2 TI1 is connected to COMP4 output
2626:platform/HAL/src/stm32g4xx_hal_tim_ex.c ****   *            @arg TIM_TIM2_TI1_COMP5:               TIM2 TI1 is connected to COMP5 output     (*)
2627:platform/HAL/src/stm32g4xx_hal_tim_ex.c ****   *
2628:platform/HAL/src/stm32g4xx_hal_tim_ex.c ****   *            @arg TIM_TIM2_TI2_GPIO:                TIM1 TI2 is connected to GPIO
2629:platform/HAL/src/stm32g4xx_hal_tim_ex.c ****   *            @arg TIM_TIM2_TI2_COMP1:               TIM2 TI2 is connected to COMP1 output
2630:platform/HAL/src/stm32g4xx_hal_tim_ex.c ****   *            @arg TIM_TIM2_TI2_COMP2:               TIM2 TI2 is connected to COMP2 output
2631:platform/HAL/src/stm32g4xx_hal_tim_ex.c ****   *            @arg TIM_TIM2_TI2_COMP3:               TIM2 TI2 is connected to COMP3 output
2632:platform/HAL/src/stm32g4xx_hal_tim_ex.c ****   *            @arg TIM_TIM2_TI2_COMP4:               TIM2 TI2 is connected to COMP4 output
2633:platform/HAL/src/stm32g4xx_hal_tim_ex.c ****   *            @arg TIM_TIM2_TI2_COMP6:               TIM2 TI2 is connected to COMP6 output     (*)
2634:platform/HAL/src/stm32g4xx_hal_tim_ex.c ****   *
2635:platform/HAL/src/stm32g4xx_hal_tim_ex.c ****   *            @arg TIM_TIM2_TI3_GPIO:                TIM2 TI3 is connected to GPIO
2636:platform/HAL/src/stm32g4xx_hal_tim_ex.c ****   *            @arg TIM_TIM2_TI3_COMP4:               TIM2 TI3 is connected to COMP4 output
2637:platform/HAL/src/stm32g4xx_hal_tim_ex.c ****   *
2638:platform/HAL/src/stm32g4xx_hal_tim_ex.c ****   *            @arg TIM_TIM2_TI4_GPIO:                TIM2 TI4 is connected to GPIO
2639:platform/HAL/src/stm32g4xx_hal_tim_ex.c ****   *            @arg TIM_TIM2_TI4_COMP1:               TIM2 TI4 is connected to COMP1 output
2640:platform/HAL/src/stm32g4xx_hal_tim_ex.c ****   *            @arg TIM_TIM2_TI4_COMP2:               TIM2 TI4 is connected to COMP2 output
2641:platform/HAL/src/stm32g4xx_hal_tim_ex.c ****   *
2642:platform/HAL/src/stm32g4xx_hal_tim_ex.c ****   *         For TIM3 this parameter can be one of the following values:
2643:platform/HAL/src/stm32g4xx_hal_tim_ex.c ****   *            @arg TIM_TIM3_TI1_GPIO:                TIM3 TI1 is connected to GPIO
2644:platform/HAL/src/stm32g4xx_hal_tim_ex.c ****   *            @arg TIM_TIM3_TI1_COMP1:               TIM3 TI1 is connected to COMP1 output
2645:platform/HAL/src/stm32g4xx_hal_tim_ex.c ****   *            @arg TIM_TIM3_TI1_COMP2:               TIM3 TI1 is connected to COMP2 output
2646:platform/HAL/src/stm32g4xx_hal_tim_ex.c ****   *            @arg TIM_TIM3_TI1_COMP3:               TIM3 TI1 is connected to COMP3 output
2647:platform/HAL/src/stm32g4xx_hal_tim_ex.c ****   *            @arg TIM_TIM3_TI1_COMP4:               TIM3 TI1 is connected to COMP4 output
2648:platform/HAL/src/stm32g4xx_hal_tim_ex.c ****   *            @arg TIM_TIM3_TI1_COMP5:               TIM3 TI1 is connected to COMP5 output     (*)
2649:platform/HAL/src/stm32g4xx_hal_tim_ex.c ****   *            @arg TIM_TIM3_TI1_COMP6:               TIM3 TI1 is connected to COMP6 output     (*)
2650:platform/HAL/src/stm32g4xx_hal_tim_ex.c ****   *            @arg TIM_TIM3_TI1_COMP7:               TIM3 TI1 is connected to COMP7 output     (*)
2651:platform/HAL/src/stm32g4xx_hal_tim_ex.c ****   *
2652:platform/HAL/src/stm32g4xx_hal_tim_ex.c ****   *            @arg TIM_TIM3_TI2_GPIO:                TIM3 TI2 is connected to GPIO
ARM GAS  /tmp/cchCrvCd.s 			page 48


2653:platform/HAL/src/stm32g4xx_hal_tim_ex.c ****   *            @arg TIM_TIM3_TI2_COMP1:               TIM3 TI2 is connected to COMP1 output
2654:platform/HAL/src/stm32g4xx_hal_tim_ex.c ****   *            @arg TIM_TIM3_TI2_COMP2:               TIM3 TI2 is connected to COMP2 output
2655:platform/HAL/src/stm32g4xx_hal_tim_ex.c ****   *            @arg TIM_TIM3_TI2_COMP3:               TIM3 TI2 is connected to COMP3 output
2656:platform/HAL/src/stm32g4xx_hal_tim_ex.c ****   *            @arg TIM_TIM3_TI2_COMP4:               TIM3 TI2 is connected to COMP4 output
2657:platform/HAL/src/stm32g4xx_hal_tim_ex.c ****   *            @arg TIM_TIM3_TI2_COMP5:               TIM3 TI2 is connected to COMP5 output     (*)
2658:platform/HAL/src/stm32g4xx_hal_tim_ex.c ****   *            @arg TIM_TIM3_TI2_COMP6:               TIM3 TI2 is connected to COMP6 output     (*)
2659:platform/HAL/src/stm32g4xx_hal_tim_ex.c ****   *            @arg TIM_TIM3_TI2_COMP7:               TIM3 TI2 is connected to COMP7 output     (*)
2660:platform/HAL/src/stm32g4xx_hal_tim_ex.c ****   *
2661:platform/HAL/src/stm32g4xx_hal_tim_ex.c ****   *            @arg TIM_TIM3_TI3_GPIO:                TIM3 TI3 is connected to GPIO
2662:platform/HAL/src/stm32g4xx_hal_tim_ex.c ****   *            @arg TIM_TIM3_TI3_COMP3:               TIM3 TI3 is connected to COMP3 output
2663:platform/HAL/src/stm32g4xx_hal_tim_ex.c ****   *
2664:platform/HAL/src/stm32g4xx_hal_tim_ex.c ****   *         For TIM4 this parameter can be one of the following values:
2665:platform/HAL/src/stm32g4xx_hal_tim_ex.c ****   *            @arg TIM_TIM4_TI1_GPIO:                TIM4 TI1 is connected to GPIO
2666:platform/HAL/src/stm32g4xx_hal_tim_ex.c ****   *            @arg TIM_TIM4_TI1_COMP1:               TIM4 TI1 is connected to COMP1 output
2667:platform/HAL/src/stm32g4xx_hal_tim_ex.c ****   *            @arg TIM_TIM4_TI1_COMP2:               TIM4 TI1 is connected to COMP2 output
2668:platform/HAL/src/stm32g4xx_hal_tim_ex.c ****   *            @arg TIM_TIM4_TI1_COMP3:               TIM4 TI1 is connected to COMP3 output
2669:platform/HAL/src/stm32g4xx_hal_tim_ex.c ****   *            @arg TIM_TIM4_TI1_COMP4:               TIM4 TI1 is connected to COMP4 output
2670:platform/HAL/src/stm32g4xx_hal_tim_ex.c ****   *            @arg TIM_TIM4_TI1_COMP5:               TIM4 TI1 is connected to COMP5 output     (*)
2671:platform/HAL/src/stm32g4xx_hal_tim_ex.c ****   *            @arg TIM_TIM4_TI1_COMP6:               TIM4 TI1 is connected to COMP6 output     (*)
2672:platform/HAL/src/stm32g4xx_hal_tim_ex.c ****   *            @arg TIM_TIM4_TI1_COMP7:               TIM4 TI1 is connected to COMP7 output     (*)
2673:platform/HAL/src/stm32g4xx_hal_tim_ex.c ****   *
2674:platform/HAL/src/stm32g4xx_hal_tim_ex.c ****   *            @arg TIM_TIM4_TI2_GPIO:                TIM4 TI2 is connected to GPIO
2675:platform/HAL/src/stm32g4xx_hal_tim_ex.c ****   *            @arg TIM_TIM4_TI2_COMP1:               TIM4 TI2 is connected to COMP1 output
2676:platform/HAL/src/stm32g4xx_hal_tim_ex.c ****   *            @arg TIM_TIM4_TI2_COMP2:               TIM4 TI2 is connected to COMP2 output
2677:platform/HAL/src/stm32g4xx_hal_tim_ex.c ****   *            @arg TIM_TIM4_TI2_COMP3:               TIM4 TI2 is connected to COMP3 output
2678:platform/HAL/src/stm32g4xx_hal_tim_ex.c ****   *            @arg TIM_TIM4_TI2_COMP4:               TIM4 TI2 is connected to COMP4 output
2679:platform/HAL/src/stm32g4xx_hal_tim_ex.c ****   *            @arg TIM_TIM4_TI2_COMP5:               TIM4 TI2 is connected to COMP5 output     (*)
2680:platform/HAL/src/stm32g4xx_hal_tim_ex.c ****   *            @arg TIM_TIM4_TI2_COMP6:               TIM4 TI2 is connected to COMP6 output     (*)
2681:platform/HAL/src/stm32g4xx_hal_tim_ex.c ****   *            @arg TIM_TIM4_TI2_COMP7:               TIM4 TI2 is connected to COMP7 output     (*)
2682:platform/HAL/src/stm32g4xx_hal_tim_ex.c ****   *
2683:platform/HAL/src/stm32g4xx_hal_tim_ex.c ****   *            @arg TIM_TIM4_TI3_GPIO:                TIM4 TI3 is connected to GPIO
2684:platform/HAL/src/stm32g4xx_hal_tim_ex.c ****   *            @arg TIM_TIM4_TI3_COMP5:               TIM4 TI3 is connected to COMP5 output     (*)
2685:platform/HAL/src/stm32g4xx_hal_tim_ex.c ****   *
2686:platform/HAL/src/stm32g4xx_hal_tim_ex.c ****   *            @arg TIM_TIM4_TI4_GPIO:                TIM4 TI4 is connected to GPIO
2687:platform/HAL/src/stm32g4xx_hal_tim_ex.c ****   *            @arg TIM_TIM4_TI4_COMP6:               TIM4 TI4 is connected to COMP6 output     (*)
2688:platform/HAL/src/stm32g4xx_hal_tim_ex.c ****   *
2689:platform/HAL/src/stm32g4xx_hal_tim_ex.c ****   *         For TIM5 this parameter can be one of the following values:    (**)
2690:platform/HAL/src/stm32g4xx_hal_tim_ex.c ****   *            @arg TIM_TIM5_TI1_GPIO:                TIM5 TI1 is connected to GPIO
2691:platform/HAL/src/stm32g4xx_hal_tim_ex.c ****   *            @arg TIM_TIM5_TI1_LSI:                 TIM5 TI1 is connected to LSI clock        (*)
2692:platform/HAL/src/stm32g4xx_hal_tim_ex.c ****   *            @arg TIM_TIM5_TI1_LSE:                 TIM5 TI1 is connected to LSE clock        (*)
2693:platform/HAL/src/stm32g4xx_hal_tim_ex.c ****   *            @arg TIM_TIM5_TI1_RTC_WK:              TIM5 TI1 is connected to RTC Wakeup       (*)
2694:platform/HAL/src/stm32g4xx_hal_tim_ex.c ****   *            @arg TIM_TIM5_TI1_COMP1:               TIM5 TI1 is connected to COMP1 output     (*)
2695:platform/HAL/src/stm32g4xx_hal_tim_ex.c ****   *            @arg TIM_TIM5_TI1_COMP2:               TIM5 TI1 is connected to COMP2 output     (*)
2696:platform/HAL/src/stm32g4xx_hal_tim_ex.c ****   *            @arg TIM_TIM5_TI1_COMP3:               TIM5 TI1 is connected to COMP3 output     (*)
2697:platform/HAL/src/stm32g4xx_hal_tim_ex.c ****   *            @arg TIM_TIM5_TI1_COMP4:               TIM5 TI1 is connected to COMP4 output     (*)
2698:platform/HAL/src/stm32g4xx_hal_tim_ex.c ****   *            @arg TIM_TIM5_TI1_COMP5:               TIM5 TI1 is connected to COMP5 output     (*)
2699:platform/HAL/src/stm32g4xx_hal_tim_ex.c ****   *            @arg TIM_TIM5_TI1_COMP6:               TIM5 TI1 is connected to COMP6 output     (*)
2700:platform/HAL/src/stm32g4xx_hal_tim_ex.c ****   *            @arg TIM_TIM5_TI1_COMP7:               TIM5 TI1 is connected to COMP7 output     (*)
2701:platform/HAL/src/stm32g4xx_hal_tim_ex.c ****   *
2702:platform/HAL/src/stm32g4xx_hal_tim_ex.c ****   *            @arg TIM_TIM5_TI2_GPIO:                TIM5 TI2 is connected to GPIO
2703:platform/HAL/src/stm32g4xx_hal_tim_ex.c ****   *            @arg TIM_TIM5_TI2_COMP1:               TIM5 TI2 is connected to COMP1 output
2704:platform/HAL/src/stm32g4xx_hal_tim_ex.c ****   *            @arg TIM_TIM5_TI2_COMP2:               TIM5 TI2 is connected to COMP2 output
2705:platform/HAL/src/stm32g4xx_hal_tim_ex.c ****   *            @arg TIM_TIM5_TI2_COMP3:               TIM5 TI2 is connected to COMP3 output
2706:platform/HAL/src/stm32g4xx_hal_tim_ex.c ****   *            @arg TIM_TIM5_TI2_COMP4:               TIM5 TI2 is connected to COMP4 output
2707:platform/HAL/src/stm32g4xx_hal_tim_ex.c ****   *            @arg TIM_TIM5_TI2_COMP5:               TIM5 TI2 is connected to COMP5 output     (*)
2708:platform/HAL/src/stm32g4xx_hal_tim_ex.c ****   *            @arg TIM_TIM5_TI2_COMP6:               TIM5 TI2 is connected to COMP6 output     (*)
2709:platform/HAL/src/stm32g4xx_hal_tim_ex.c ****   *            @arg TIM_TIM5_TI2_COMP7:               TIM5 TI2 is connected to COMP7 output     (*)
ARM GAS  /tmp/cchCrvCd.s 			page 49


2710:platform/HAL/src/stm32g4xx_hal_tim_ex.c ****   *
2711:platform/HAL/src/stm32g4xx_hal_tim_ex.c ****   *         For TIM8 this parameter can be one of the following values:
2712:platform/HAL/src/stm32g4xx_hal_tim_ex.c ****   *            @arg TIM_TIM8_TI1_GPIO:                TIM8 TI1 is connected to GPIO
2713:platform/HAL/src/stm32g4xx_hal_tim_ex.c ****   *            @arg TIM_TIM8_TI1_COMP1:               TIM8 TI1 is connected to COMP1 output
2714:platform/HAL/src/stm32g4xx_hal_tim_ex.c ****   *            @arg TIM_TIM8_TI1_COMP2:               TIM8 TI1 is connected to COMP2 output
2715:platform/HAL/src/stm32g4xx_hal_tim_ex.c ****   *            @arg TIM_TIM8_TI1_COMP3:               TIM8 TI1 is connected to COMP3 output
2716:platform/HAL/src/stm32g4xx_hal_tim_ex.c ****   *            @arg TIM_TIM8_TI1_COMP4:               TIM8 TI1 is connected to COMP4 output
2717:platform/HAL/src/stm32g4xx_hal_tim_ex.c ****   *
2718:platform/HAL/src/stm32g4xx_hal_tim_ex.c ****   *         For TIM15 this parameter can be one of the following values:
2719:platform/HAL/src/stm32g4xx_hal_tim_ex.c ****   *            @arg TIM_TIM15_TI1_GPIO:                TIM15 TI1 is connected to GPIO
2720:platform/HAL/src/stm32g4xx_hal_tim_ex.c ****   *            @arg TIM_TIM15_TI1_LSE:                 TIM15 TI1 is connected to LSE clock
2721:platform/HAL/src/stm32g4xx_hal_tim_ex.c ****   *            @arg TIM_TIM15_TI1_COMP1:               TIM15 TI1 is connected to COMP1 output
2722:platform/HAL/src/stm32g4xx_hal_tim_ex.c ****   *            @arg TIM_TIM15_TI1_COMP2:               TIM15 TI1 is connected to COMP2 output
2723:platform/HAL/src/stm32g4xx_hal_tim_ex.c ****   *            @arg TIM_TIM15_TI1_COMP5:               TIM15 TI1 is connected to COMP5 output     (
2724:platform/HAL/src/stm32g4xx_hal_tim_ex.c ****   *            @arg TIM_TIM15_TI1_COMP7:               TIM15 TI1 is connected to COMP7 output     (
2725:platform/HAL/src/stm32g4xx_hal_tim_ex.c ****   *
2726:platform/HAL/src/stm32g4xx_hal_tim_ex.c ****   *            @arg TIM_TIM15_TI2_GPIO:                TIM15 TI2 is connected to GPIO
2727:platform/HAL/src/stm32g4xx_hal_tim_ex.c ****   *            @arg TIM_TIM15_TI2_COMP2:               TIM15 TI2 is connected to COMP2 output
2728:platform/HAL/src/stm32g4xx_hal_tim_ex.c ****   *            @arg TIM_TIM15_TI2_COMP3:               TIM15 TI2 is connected to COMP3 output
2729:platform/HAL/src/stm32g4xx_hal_tim_ex.c ****   *            @arg TIM_TIM15_TI2_COMP6:               TIM15 TI2 is connected to COMP6 output     (
2730:platform/HAL/src/stm32g4xx_hal_tim_ex.c ****   *            @arg TIM_TIM15_TI2_COMP7:               TIM15 TI2 is connected to COMP7 output     (
2731:platform/HAL/src/stm32g4xx_hal_tim_ex.c ****   *
2732:platform/HAL/src/stm32g4xx_hal_tim_ex.c ****   *         For TIM16 this parameter can be one of the following values:
2733:platform/HAL/src/stm32g4xx_hal_tim_ex.c ****   *            @arg TIM_TIM16_TI1_GPIO:                TIM16 TI1 is connected to GPIO
2734:platform/HAL/src/stm32g4xx_hal_tim_ex.c ****   *            @arg TIM_TIM16_TI1_COMP6:               TIM16 TI1 is connected to COMP6 output     (
2735:platform/HAL/src/stm32g4xx_hal_tim_ex.c ****   *            @arg TIM_TIM16_TI1_MCO:                 TIM15 TI1 is connected to MCO output
2736:platform/HAL/src/stm32g4xx_hal_tim_ex.c ****   *            @arg TIM_TIM16_TI1_HSE_32:              TIM15 TI1 is connected to HSE div 32
2737:platform/HAL/src/stm32g4xx_hal_tim_ex.c ****   *            @arg TIM_TIM16_TI1_RTC_WK:              TIM15 TI1 is connected to RTC wakeup
2738:platform/HAL/src/stm32g4xx_hal_tim_ex.c ****   *            @arg TIM_TIM16_TI1_LSE:                 TIM15 TI1 is connected to LSE clock
2739:platform/HAL/src/stm32g4xx_hal_tim_ex.c ****   *            @arg TIM_TIM16_TI1_LSI:                 TIM15 TI1 is connected to LSI clock
2740:platform/HAL/src/stm32g4xx_hal_tim_ex.c ****   *
2741:platform/HAL/src/stm32g4xx_hal_tim_ex.c ****   *         For TIM17 this parameter can be one of the following values:
2742:platform/HAL/src/stm32g4xx_hal_tim_ex.c ****   *            @arg TIM_TIM17_TI1_GPIO:                TIM17 TI1 is connected to GPIO
2743:platform/HAL/src/stm32g4xx_hal_tim_ex.c ****   *            @arg TIM_TIM17_TI1_COMP5:               TIM17 TI1 is connected to COMP5 output     (
2744:platform/HAL/src/stm32g4xx_hal_tim_ex.c ****   *            @arg TIM_TIM17_TI1_MCO:                 TIM17 TI1 is connected to MCO output
2745:platform/HAL/src/stm32g4xx_hal_tim_ex.c ****   *            @arg TIM_TIM17_TI1_HSE_32:              TIM17 TI1 is connected to HSE div 32
2746:platform/HAL/src/stm32g4xx_hal_tim_ex.c ****   *            @arg TIM_TIM17_TI1_RTC_WK:              TIM17 TI1 is connected to RTC wakeup
2747:platform/HAL/src/stm32g4xx_hal_tim_ex.c ****   *            @arg TIM_TIM17_TI1_LSE:                 TIM17 TI1 is connected to LSE clock
2748:platform/HAL/src/stm32g4xx_hal_tim_ex.c ****   *            @arg TIM_TIM17_TI1_LSI:                 TIM17 TI1 is connected to LSI clock
2749:platform/HAL/src/stm32g4xx_hal_tim_ex.c **** 
2750:platform/HAL/src/stm32g4xx_hal_tim_ex.c ****   *         For TIM20 this parameter can be one of the following values:    (**)
2751:platform/HAL/src/stm32g4xx_hal_tim_ex.c ****   *            @arg TIM_TIM20_TI1_GPIO:                TIM20 TI1 is connected to GPIO
2752:platform/HAL/src/stm32g4xx_hal_tim_ex.c ****   *            @arg TIM_TIM20_TI1_COMP1:               TIM20 TI1 is connected to COMP1 output     (
2753:platform/HAL/src/stm32g4xx_hal_tim_ex.c ****   *            @arg TIM_TIM20_TI1_COMP2:               TIM20 TI1 is connected to COMP2 output     (
2754:platform/HAL/src/stm32g4xx_hal_tim_ex.c ****   *            @arg TIM_TIM20_TI1_COMP3:               TIM20 TI1 is connected to COMP3 output     (
2755:platform/HAL/src/stm32g4xx_hal_tim_ex.c ****   *            @arg TIM_TIM20_TI1_COMP4:               TIM20 TI1 is connected to COMP4 output     (
2756:platform/HAL/src/stm32g4xx_hal_tim_ex.c ****   *
2757:platform/HAL/src/stm32g4xx_hal_tim_ex.c ****   *         (*)  Value not defined in all devices. \n
2758:platform/HAL/src/stm32g4xx_hal_tim_ex.c ****   *         (**) Register not available in all devices.
2759:platform/HAL/src/stm32g4xx_hal_tim_ex.c ****   *
2760:platform/HAL/src/stm32g4xx_hal_tim_ex.c ****   * @retval HAL status
2761:platform/HAL/src/stm32g4xx_hal_tim_ex.c ****   */
2762:platform/HAL/src/stm32g4xx_hal_tim_ex.c **** HAL_StatusTypeDef  HAL_TIMEx_TISelection(TIM_HandleTypeDef *htim, uint32_t TISelection, uint32_t Ch
2763:platform/HAL/src/stm32g4xx_hal_tim_ex.c **** {
2764:platform/HAL/src/stm32g4xx_hal_tim_ex.c ****   HAL_StatusTypeDef status = HAL_OK;
2765:platform/HAL/src/stm32g4xx_hal_tim_ex.c **** 
2766:platform/HAL/src/stm32g4xx_hal_tim_ex.c ****   /* Check parameters */
ARM GAS  /tmp/cchCrvCd.s 			page 50


2767:platform/HAL/src/stm32g4xx_hal_tim_ex.c ****   assert_param(IS_TIM_TISEL_TIX_INSTANCE(htim->Instance, Channel));
2768:platform/HAL/src/stm32g4xx_hal_tim_ex.c ****   assert_param(IS_TIM_TISEL(TISelection));
2769:platform/HAL/src/stm32g4xx_hal_tim_ex.c **** 
2770:platform/HAL/src/stm32g4xx_hal_tim_ex.c ****   __HAL_LOCK(htim);
2771:platform/HAL/src/stm32g4xx_hal_tim_ex.c **** 
2772:platform/HAL/src/stm32g4xx_hal_tim_ex.c ****   switch (Channel)
2773:platform/HAL/src/stm32g4xx_hal_tim_ex.c ****   {
2774:platform/HAL/src/stm32g4xx_hal_tim_ex.c ****     case TIM_CHANNEL_1:
2775:platform/HAL/src/stm32g4xx_hal_tim_ex.c ****       MODIFY_REG(htim->Instance->TISEL, TIM_TISEL_TI1SEL, TISelection);
2776:platform/HAL/src/stm32g4xx_hal_tim_ex.c **** 
2777:platform/HAL/src/stm32g4xx_hal_tim_ex.c ****       /* If required, set OR bit to request HSE/32 clock */
2778:platform/HAL/src/stm32g4xx_hal_tim_ex.c ****       if (IS_TIM_HSE32_INSTANCE(htim->Instance))
2779:platform/HAL/src/stm32g4xx_hal_tim_ex.c ****       {
2780:platform/HAL/src/stm32g4xx_hal_tim_ex.c ****         SET_BIT(htim->Instance->OR, TIM_OR_HSE32EN);
2781:platform/HAL/src/stm32g4xx_hal_tim_ex.c ****       }
2782:platform/HAL/src/stm32g4xx_hal_tim_ex.c ****       else
2783:platform/HAL/src/stm32g4xx_hal_tim_ex.c ****       {
2784:platform/HAL/src/stm32g4xx_hal_tim_ex.c ****         CLEAR_BIT(htim->Instance->OR, TIM_OR_HSE32EN);
2785:platform/HAL/src/stm32g4xx_hal_tim_ex.c ****       }
2786:platform/HAL/src/stm32g4xx_hal_tim_ex.c ****       break;
2787:platform/HAL/src/stm32g4xx_hal_tim_ex.c ****     case TIM_CHANNEL_2:
2788:platform/HAL/src/stm32g4xx_hal_tim_ex.c ****       MODIFY_REG(htim->Instance->TISEL, TIM_TISEL_TI2SEL, TISelection);
2789:platform/HAL/src/stm32g4xx_hal_tim_ex.c ****       break;
2790:platform/HAL/src/stm32g4xx_hal_tim_ex.c ****     case TIM_CHANNEL_3:
2791:platform/HAL/src/stm32g4xx_hal_tim_ex.c ****       MODIFY_REG(htim->Instance->TISEL, TIM_TISEL_TI3SEL, TISelection);
2792:platform/HAL/src/stm32g4xx_hal_tim_ex.c ****       break;
2793:platform/HAL/src/stm32g4xx_hal_tim_ex.c ****     case TIM_CHANNEL_4:
2794:platform/HAL/src/stm32g4xx_hal_tim_ex.c ****       MODIFY_REG(htim->Instance->TISEL, TIM_TISEL_TI4SEL, TISelection);
2795:platform/HAL/src/stm32g4xx_hal_tim_ex.c ****       break;
2796:platform/HAL/src/stm32g4xx_hal_tim_ex.c ****     default:
2797:platform/HAL/src/stm32g4xx_hal_tim_ex.c ****       status = HAL_ERROR;
2798:platform/HAL/src/stm32g4xx_hal_tim_ex.c ****       break;
2799:platform/HAL/src/stm32g4xx_hal_tim_ex.c ****   }
2800:platform/HAL/src/stm32g4xx_hal_tim_ex.c **** 
2801:platform/HAL/src/stm32g4xx_hal_tim_ex.c ****   __HAL_UNLOCK(htim);
2802:platform/HAL/src/stm32g4xx_hal_tim_ex.c **** 
2803:platform/HAL/src/stm32g4xx_hal_tim_ex.c ****   return status;
2804:platform/HAL/src/stm32g4xx_hal_tim_ex.c **** }
2805:platform/HAL/src/stm32g4xx_hal_tim_ex.c **** 
2806:platform/HAL/src/stm32g4xx_hal_tim_ex.c **** /**
2807:platform/HAL/src/stm32g4xx_hal_tim_ex.c ****   * @brief  Group channel 5 and channel 1, 2 or 3
2808:platform/HAL/src/stm32g4xx_hal_tim_ex.c ****   * @param  htim TIM handle.
2809:platform/HAL/src/stm32g4xx_hal_tim_ex.c ****   * @param  Channels specifies the reference signal(s) the OC5REF is combined with.
2810:platform/HAL/src/stm32g4xx_hal_tim_ex.c ****   *         This parameter can be any combination of the following values:
2811:platform/HAL/src/stm32g4xx_hal_tim_ex.c ****   *         TIM_GROUPCH5_NONE: No effect of OC5REF on OC1REFC, OC2REFC and OC3REFC
2812:platform/HAL/src/stm32g4xx_hal_tim_ex.c ****   *         TIM_GROUPCH5_OC1REFC: OC1REFC is the logical AND of OC1REFC and OC5REF
2813:platform/HAL/src/stm32g4xx_hal_tim_ex.c ****   *         TIM_GROUPCH5_OC2REFC: OC2REFC is the logical AND of OC2REFC and OC5REF
2814:platform/HAL/src/stm32g4xx_hal_tim_ex.c ****   *         TIM_GROUPCH5_OC3REFC: OC3REFC is the logical AND of OC3REFC and OC5REF
2815:platform/HAL/src/stm32g4xx_hal_tim_ex.c ****   * @retval HAL status
2816:platform/HAL/src/stm32g4xx_hal_tim_ex.c ****   */
2817:platform/HAL/src/stm32g4xx_hal_tim_ex.c **** HAL_StatusTypeDef HAL_TIMEx_GroupChannel5(TIM_HandleTypeDef *htim, uint32_t Channels)
2818:platform/HAL/src/stm32g4xx_hal_tim_ex.c **** {
2819:platform/HAL/src/stm32g4xx_hal_tim_ex.c ****   /* Check parameters */
2820:platform/HAL/src/stm32g4xx_hal_tim_ex.c ****   assert_param(IS_TIM_COMBINED3PHASEPWM_INSTANCE(htim->Instance));
2821:platform/HAL/src/stm32g4xx_hal_tim_ex.c ****   assert_param(IS_TIM_GROUPCH5(Channels));
2822:platform/HAL/src/stm32g4xx_hal_tim_ex.c **** 
2823:platform/HAL/src/stm32g4xx_hal_tim_ex.c ****   /* Process Locked */
ARM GAS  /tmp/cchCrvCd.s 			page 51


2824:platform/HAL/src/stm32g4xx_hal_tim_ex.c ****   __HAL_LOCK(htim);
2825:platform/HAL/src/stm32g4xx_hal_tim_ex.c **** 
2826:platform/HAL/src/stm32g4xx_hal_tim_ex.c ****   htim->State = HAL_TIM_STATE_BUSY;
2827:platform/HAL/src/stm32g4xx_hal_tim_ex.c **** 
2828:platform/HAL/src/stm32g4xx_hal_tim_ex.c ****   /* Clear GC5Cx bit fields */
2829:platform/HAL/src/stm32g4xx_hal_tim_ex.c ****   htim->Instance->CCR5 &= ~(TIM_CCR5_GC5C3 | TIM_CCR5_GC5C2 | TIM_CCR5_GC5C1);
2830:platform/HAL/src/stm32g4xx_hal_tim_ex.c **** 
2831:platform/HAL/src/stm32g4xx_hal_tim_ex.c ****   /* Set GC5Cx bit fields */
2832:platform/HAL/src/stm32g4xx_hal_tim_ex.c ****   htim->Instance->CCR5 |= Channels;
2833:platform/HAL/src/stm32g4xx_hal_tim_ex.c **** 
2834:platform/HAL/src/stm32g4xx_hal_tim_ex.c ****   /* Change the htim state */
2835:platform/HAL/src/stm32g4xx_hal_tim_ex.c ****   htim->State = HAL_TIM_STATE_READY;
2836:platform/HAL/src/stm32g4xx_hal_tim_ex.c **** 
2837:platform/HAL/src/stm32g4xx_hal_tim_ex.c ****   __HAL_UNLOCK(htim);
2838:platform/HAL/src/stm32g4xx_hal_tim_ex.c **** 
2839:platform/HAL/src/stm32g4xx_hal_tim_ex.c ****   return HAL_OK;
2840:platform/HAL/src/stm32g4xx_hal_tim_ex.c **** }
2841:platform/HAL/src/stm32g4xx_hal_tim_ex.c **** 
2842:platform/HAL/src/stm32g4xx_hal_tim_ex.c **** /**
2843:platform/HAL/src/stm32g4xx_hal_tim_ex.c ****   * @brief  Disarm the designated break input (when it operates in bidirectional mode).
2844:platform/HAL/src/stm32g4xx_hal_tim_ex.c ****   * @param  htim TIM handle.
2845:platform/HAL/src/stm32g4xx_hal_tim_ex.c ****   * @param  BreakInput Break input to disarm
2846:platform/HAL/src/stm32g4xx_hal_tim_ex.c ****   *          This parameter can be one of the following values:
2847:platform/HAL/src/stm32g4xx_hal_tim_ex.c ****   *            @arg TIM_BREAKINPUT_BRK: Timer break input
2848:platform/HAL/src/stm32g4xx_hal_tim_ex.c ****   *            @arg TIM_BREAKINPUT_BRK2: Timer break 2 input
2849:platform/HAL/src/stm32g4xx_hal_tim_ex.c ****   * @note  The break input can be disarmed only when it is configured in
2850:platform/HAL/src/stm32g4xx_hal_tim_ex.c ****   *        bidirectional mode and when when MOE is reset.
2851:platform/HAL/src/stm32g4xx_hal_tim_ex.c ****   * @note  Purpose is to be able to have the input voltage back to high-state,
2852:platform/HAL/src/stm32g4xx_hal_tim_ex.c ****   *        whatever the time constant on the output .
2853:platform/HAL/src/stm32g4xx_hal_tim_ex.c ****   * @retval HAL status
2854:platform/HAL/src/stm32g4xx_hal_tim_ex.c ****   */
2855:platform/HAL/src/stm32g4xx_hal_tim_ex.c **** HAL_StatusTypeDef HAL_TIMEx_DisarmBreakInput(TIM_HandleTypeDef *htim, uint32_t BreakInput)
2856:platform/HAL/src/stm32g4xx_hal_tim_ex.c **** {
2857:platform/HAL/src/stm32g4xx_hal_tim_ex.c ****   HAL_StatusTypeDef status = HAL_OK;
2858:platform/HAL/src/stm32g4xx_hal_tim_ex.c ****   uint32_t tmpbdtr;
2859:platform/HAL/src/stm32g4xx_hal_tim_ex.c **** 
2860:platform/HAL/src/stm32g4xx_hal_tim_ex.c ****   /* Check the parameters */
2861:platform/HAL/src/stm32g4xx_hal_tim_ex.c ****   assert_param(IS_TIM_BREAK_INSTANCE(htim->Instance));
2862:platform/HAL/src/stm32g4xx_hal_tim_ex.c ****   assert_param(IS_TIM_BREAKINPUT(BreakInput));
2863:platform/HAL/src/stm32g4xx_hal_tim_ex.c **** 
2864:platform/HAL/src/stm32g4xx_hal_tim_ex.c ****   switch (BreakInput)
2865:platform/HAL/src/stm32g4xx_hal_tim_ex.c ****   {
2866:platform/HAL/src/stm32g4xx_hal_tim_ex.c ****     case TIM_BREAKINPUT_BRK:
2867:platform/HAL/src/stm32g4xx_hal_tim_ex.c ****     {
2868:platform/HAL/src/stm32g4xx_hal_tim_ex.c ****       /* Check initial conditions */
2869:platform/HAL/src/stm32g4xx_hal_tim_ex.c ****       tmpbdtr = READ_REG(htim->Instance->BDTR);
2870:platform/HAL/src/stm32g4xx_hal_tim_ex.c ****       if ((READ_BIT(tmpbdtr, TIM_BDTR_BKBID) == TIM_BDTR_BKBID) &&
2871:platform/HAL/src/stm32g4xx_hal_tim_ex.c ****           (READ_BIT(tmpbdtr, TIM_BDTR_MOE) == 0U))
2872:platform/HAL/src/stm32g4xx_hal_tim_ex.c ****       {
2873:platform/HAL/src/stm32g4xx_hal_tim_ex.c ****         /* Break input BRK is disarmed */
2874:platform/HAL/src/stm32g4xx_hal_tim_ex.c ****         SET_BIT(htim->Instance->BDTR, TIM_BDTR_BKDSRM);
2875:platform/HAL/src/stm32g4xx_hal_tim_ex.c ****       }
2876:platform/HAL/src/stm32g4xx_hal_tim_ex.c ****       break;
2877:platform/HAL/src/stm32g4xx_hal_tim_ex.c ****     }
2878:platform/HAL/src/stm32g4xx_hal_tim_ex.c ****     case TIM_BREAKINPUT_BRK2:
2879:platform/HAL/src/stm32g4xx_hal_tim_ex.c ****     {
2880:platform/HAL/src/stm32g4xx_hal_tim_ex.c ****       /* Check initial conditions */
ARM GAS  /tmp/cchCrvCd.s 			page 52


2881:platform/HAL/src/stm32g4xx_hal_tim_ex.c ****       tmpbdtr = READ_REG(htim->Instance->BDTR);
2882:platform/HAL/src/stm32g4xx_hal_tim_ex.c ****       if ((READ_BIT(tmpbdtr, TIM_BDTR_BK2BID) == TIM_BDTR_BK2BID) &&
2883:platform/HAL/src/stm32g4xx_hal_tim_ex.c ****           (READ_BIT(tmpbdtr, TIM_BDTR_MOE) == 0U))
2884:platform/HAL/src/stm32g4xx_hal_tim_ex.c ****       {
2885:platform/HAL/src/stm32g4xx_hal_tim_ex.c ****         /* Break input BRK is disarmed */
2886:platform/HAL/src/stm32g4xx_hal_tim_ex.c ****         SET_BIT(htim->Instance->BDTR, TIM_BDTR_BK2DSRM);
2887:platform/HAL/src/stm32g4xx_hal_tim_ex.c ****       }
2888:platform/HAL/src/stm32g4xx_hal_tim_ex.c ****       break;
2889:platform/HAL/src/stm32g4xx_hal_tim_ex.c ****     }
2890:platform/HAL/src/stm32g4xx_hal_tim_ex.c ****     default:
2891:platform/HAL/src/stm32g4xx_hal_tim_ex.c ****       status = HAL_ERROR;
2892:platform/HAL/src/stm32g4xx_hal_tim_ex.c ****       break;
2893:platform/HAL/src/stm32g4xx_hal_tim_ex.c ****   }
2894:platform/HAL/src/stm32g4xx_hal_tim_ex.c **** 
2895:platform/HAL/src/stm32g4xx_hal_tim_ex.c ****   return status;
2896:platform/HAL/src/stm32g4xx_hal_tim_ex.c **** }
2897:platform/HAL/src/stm32g4xx_hal_tim_ex.c **** 
2898:platform/HAL/src/stm32g4xx_hal_tim_ex.c **** /**
2899:platform/HAL/src/stm32g4xx_hal_tim_ex.c ****   * @brief  Arm the designated break input (when it operates in bidirectional mode).
2900:platform/HAL/src/stm32g4xx_hal_tim_ex.c ****   * @param  htim TIM handle.
2901:platform/HAL/src/stm32g4xx_hal_tim_ex.c ****   * @param  BreakInput Break input to arm
2902:platform/HAL/src/stm32g4xx_hal_tim_ex.c ****   *          This parameter can be one of the following values:
2903:platform/HAL/src/stm32g4xx_hal_tim_ex.c ****   *            @arg TIM_BREAKINPUT_BRK: Timer break input
2904:platform/HAL/src/stm32g4xx_hal_tim_ex.c ****   *            @arg TIM_BREAKINPUT_BRK2: Timer break 2 input
2905:platform/HAL/src/stm32g4xx_hal_tim_ex.c ****   * @note  Arming is possible at anytime, even if fault is present.
2906:platform/HAL/src/stm32g4xx_hal_tim_ex.c ****   * @note  Break input is automatically armed as soon as MOE bit is set.
2907:platform/HAL/src/stm32g4xx_hal_tim_ex.c ****   * @retval HAL status
2908:platform/HAL/src/stm32g4xx_hal_tim_ex.c ****   */
2909:platform/HAL/src/stm32g4xx_hal_tim_ex.c **** HAL_StatusTypeDef HAL_TIMEx_ReArmBreakInput(const TIM_HandleTypeDef *htim, uint32_t BreakInput)
2910:platform/HAL/src/stm32g4xx_hal_tim_ex.c **** {
2911:platform/HAL/src/stm32g4xx_hal_tim_ex.c ****   HAL_StatusTypeDef status = HAL_OK;
2912:platform/HAL/src/stm32g4xx_hal_tim_ex.c ****   uint32_t tickstart;
2913:platform/HAL/src/stm32g4xx_hal_tim_ex.c **** 
2914:platform/HAL/src/stm32g4xx_hal_tim_ex.c ****   /* Check the parameters */
2915:platform/HAL/src/stm32g4xx_hal_tim_ex.c ****   assert_param(IS_TIM_BREAK_INSTANCE(htim->Instance));
2916:platform/HAL/src/stm32g4xx_hal_tim_ex.c ****   assert_param(IS_TIM_BREAKINPUT(BreakInput));
2917:platform/HAL/src/stm32g4xx_hal_tim_ex.c **** 
2918:platform/HAL/src/stm32g4xx_hal_tim_ex.c ****   switch (BreakInput)
2919:platform/HAL/src/stm32g4xx_hal_tim_ex.c ****   {
2920:platform/HAL/src/stm32g4xx_hal_tim_ex.c ****     case TIM_BREAKINPUT_BRK:
2921:platform/HAL/src/stm32g4xx_hal_tim_ex.c ****     {
2922:platform/HAL/src/stm32g4xx_hal_tim_ex.c ****       /* Check initial conditions */
2923:platform/HAL/src/stm32g4xx_hal_tim_ex.c ****       if (READ_BIT(htim->Instance->BDTR, TIM_BDTR_BKBID) == TIM_BDTR_BKBID)
2924:platform/HAL/src/stm32g4xx_hal_tim_ex.c ****       {
2925:platform/HAL/src/stm32g4xx_hal_tim_ex.c ****         /* Break input BRK is re-armed automatically by hardware. Poll to check whether fault condi
2926:platform/HAL/src/stm32g4xx_hal_tim_ex.c ****         /* Init tickstart for timeout management */
2927:platform/HAL/src/stm32g4xx_hal_tim_ex.c ****         tickstart = HAL_GetTick();
2928:platform/HAL/src/stm32g4xx_hal_tim_ex.c ****         while (READ_BIT(htim->Instance->BDTR, TIM_BDTR_BKDSRM) != 0UL)
2929:platform/HAL/src/stm32g4xx_hal_tim_ex.c ****         {
2930:platform/HAL/src/stm32g4xx_hal_tim_ex.c ****           if ((HAL_GetTick() - tickstart) > TIM_BREAKINPUT_REARM_TIMEOUT)
2931:platform/HAL/src/stm32g4xx_hal_tim_ex.c ****           {
2932:platform/HAL/src/stm32g4xx_hal_tim_ex.c ****             /* New check to avoid false timeout detection in case of preemption */
2933:platform/HAL/src/stm32g4xx_hal_tim_ex.c ****             if (READ_BIT(htim->Instance->BDTR, TIM_BDTR_BKDSRM) != 0UL)
2934:platform/HAL/src/stm32g4xx_hal_tim_ex.c ****             {
2935:platform/HAL/src/stm32g4xx_hal_tim_ex.c ****               return HAL_TIMEOUT;
2936:platform/HAL/src/stm32g4xx_hal_tim_ex.c ****             }
2937:platform/HAL/src/stm32g4xx_hal_tim_ex.c ****           }
ARM GAS  /tmp/cchCrvCd.s 			page 53


2938:platform/HAL/src/stm32g4xx_hal_tim_ex.c ****         }
2939:platform/HAL/src/stm32g4xx_hal_tim_ex.c ****       }
2940:platform/HAL/src/stm32g4xx_hal_tim_ex.c ****       break;
2941:platform/HAL/src/stm32g4xx_hal_tim_ex.c ****     }
2942:platform/HAL/src/stm32g4xx_hal_tim_ex.c **** 
2943:platform/HAL/src/stm32g4xx_hal_tim_ex.c ****     case TIM_BREAKINPUT_BRK2:
2944:platform/HAL/src/stm32g4xx_hal_tim_ex.c ****     {
2945:platform/HAL/src/stm32g4xx_hal_tim_ex.c ****       /* Check initial conditions */
2946:platform/HAL/src/stm32g4xx_hal_tim_ex.c ****       if (READ_BIT(htim->Instance->BDTR, TIM_BDTR_BK2BID) == TIM_BDTR_BK2BID)
2947:platform/HAL/src/stm32g4xx_hal_tim_ex.c ****       {
2948:platform/HAL/src/stm32g4xx_hal_tim_ex.c ****         /* Break input BRK2 is re-armed automatically by hardware. Poll to check whether fault cond
2949:platform/HAL/src/stm32g4xx_hal_tim_ex.c ****         /* Init tickstart for timeout management */
2950:platform/HAL/src/stm32g4xx_hal_tim_ex.c ****         tickstart = HAL_GetTick();
2951:platform/HAL/src/stm32g4xx_hal_tim_ex.c ****         while (READ_BIT(htim->Instance->BDTR, TIM_BDTR_BK2DSRM) != 0UL)
2952:platform/HAL/src/stm32g4xx_hal_tim_ex.c ****         {
2953:platform/HAL/src/stm32g4xx_hal_tim_ex.c ****           if ((HAL_GetTick() - tickstart) > TIM_BREAKINPUT_REARM_TIMEOUT)
2954:platform/HAL/src/stm32g4xx_hal_tim_ex.c ****           {
2955:platform/HAL/src/stm32g4xx_hal_tim_ex.c ****             /* New check to avoid false timeout detection in case of preemption */
2956:platform/HAL/src/stm32g4xx_hal_tim_ex.c ****             if (READ_BIT(htim->Instance->BDTR, TIM_BDTR_BK2DSRM) != 0UL)
2957:platform/HAL/src/stm32g4xx_hal_tim_ex.c ****             {
2958:platform/HAL/src/stm32g4xx_hal_tim_ex.c ****               return HAL_TIMEOUT;
2959:platform/HAL/src/stm32g4xx_hal_tim_ex.c ****             }
2960:platform/HAL/src/stm32g4xx_hal_tim_ex.c ****           }
2961:platform/HAL/src/stm32g4xx_hal_tim_ex.c ****         }
2962:platform/HAL/src/stm32g4xx_hal_tim_ex.c ****       }
2963:platform/HAL/src/stm32g4xx_hal_tim_ex.c ****       break;
2964:platform/HAL/src/stm32g4xx_hal_tim_ex.c ****     }
2965:platform/HAL/src/stm32g4xx_hal_tim_ex.c ****     default:
2966:platform/HAL/src/stm32g4xx_hal_tim_ex.c ****       status = HAL_ERROR;
2967:platform/HAL/src/stm32g4xx_hal_tim_ex.c ****       break;
2968:platform/HAL/src/stm32g4xx_hal_tim_ex.c ****   }
2969:platform/HAL/src/stm32g4xx_hal_tim_ex.c **** 
2970:platform/HAL/src/stm32g4xx_hal_tim_ex.c ****   return status;
2971:platform/HAL/src/stm32g4xx_hal_tim_ex.c **** }
2972:platform/HAL/src/stm32g4xx_hal_tim_ex.c **** 
2973:platform/HAL/src/stm32g4xx_hal_tim_ex.c **** /**
2974:platform/HAL/src/stm32g4xx_hal_tim_ex.c ****   * @brief  Enable dithering
2975:platform/HAL/src/stm32g4xx_hal_tim_ex.c ****   * @param  htim TIM handle
2976:platform/HAL/src/stm32g4xx_hal_tim_ex.c ****   * @note   Main usage is PWM mode
2977:platform/HAL/src/stm32g4xx_hal_tim_ex.c ****   * @note   This function must be called when timer is stopped or disabled (CEN =0)
2978:platform/HAL/src/stm32g4xx_hal_tim_ex.c ****   * @note   If dithering is activated, pay attention to ARR, CCRx, CNT interpretation:
2979:platform/HAL/src/stm32g4xx_hal_tim_ex.c ****   *           - CNT: only CNT[11:0] holds the non-dithered part for 16b timers (or CNT[26:0] for 32
2980:platform/HAL/src/stm32g4xx_hal_tim_ex.c ****   *           - ARR: ARR[15:4] holds the non-dithered part, and ARR[3:0] the dither part for 16b ti
2981:platform/HAL/src/stm32g4xx_hal_tim_ex.c ****   *           - CCRx: CCRx[15:4] holds the non-dithered part, and CCRx[3:0] the dither part for 16b
2982:platform/HAL/src/stm32g4xx_hal_tim_ex.c ****   *           - ARR and CCRx values are limited to 0xFFEF in dithering mode for 16b timers
2983:platform/HAL/src/stm32g4xx_hal_tim_ex.c ****   *             (corresponds to 4094 for the integer part and 15 for the dithered part).
2984:platform/HAL/src/stm32g4xx_hal_tim_ex.c ****   * @note   Macros @ref __HAL_TIM_CALC_PERIOD_DITHER() __HAL_TIM_CALC_DELAY_DITHER()  __HAL_TIM_CAL
2985:platform/HAL/src/stm32g4xx_hal_tim_ex.c ****   *         can be used to calculate period (ARR) and delay (CCRx) value.
2986:platform/HAL/src/stm32g4xx_hal_tim_ex.c ****   * @note   Enabling dithering, modifies automatically values of registers ARR/CCRx to keep the sam
2987:platform/HAL/src/stm32g4xx_hal_tim_ex.c ****   * @note   Enabling dithering, modifies automatically values of registers ARR/CCRx to keep the sam
2988:platform/HAL/src/stm32g4xx_hal_tim_ex.c ****   *         So it may be necessary to read ARR value or CCRx value with macros @ref __HAL_TIM_GET_A
2989:platform/HAL/src/stm32g4xx_hal_tim_ex.c ****   *         __HAL_TIM_GET_COMPARE() and if necessary update Init structure field htim->Init.Period 
2990:platform/HAL/src/stm32g4xx_hal_tim_ex.c ****   * @retval HAL status
2991:platform/HAL/src/stm32g4xx_hal_tim_ex.c ****   */
2992:platform/HAL/src/stm32g4xx_hal_tim_ex.c **** HAL_StatusTypeDef HAL_TIMEx_DitheringEnable(TIM_HandleTypeDef *htim)
2993:platform/HAL/src/stm32g4xx_hal_tim_ex.c **** {
2994:platform/HAL/src/stm32g4xx_hal_tim_ex.c ****   /* Check the parameters */
ARM GAS  /tmp/cchCrvCd.s 			page 54


2995:platform/HAL/src/stm32g4xx_hal_tim_ex.c ****   assert_param(IS_TIM_INSTANCE(htim->Instance));
2996:platform/HAL/src/stm32g4xx_hal_tim_ex.c **** 
2997:platform/HAL/src/stm32g4xx_hal_tim_ex.c ****   SET_BIT(htim->Instance->CR1, TIM_CR1_DITHEN);
2998:platform/HAL/src/stm32g4xx_hal_tim_ex.c ****   return HAL_OK;
2999:platform/HAL/src/stm32g4xx_hal_tim_ex.c **** }
3000:platform/HAL/src/stm32g4xx_hal_tim_ex.c **** 
3001:platform/HAL/src/stm32g4xx_hal_tim_ex.c **** /**
3002:platform/HAL/src/stm32g4xx_hal_tim_ex.c ****   * @brief  Disable dithering
3003:platform/HAL/src/stm32g4xx_hal_tim_ex.c ****   * @param  htim TIM handle
3004:platform/HAL/src/stm32g4xx_hal_tim_ex.c ****   * @note   This function must be called when timer is stopped or disabled (CEN =0)
3005:platform/HAL/src/stm32g4xx_hal_tim_ex.c ****   * @note   If dithering is activated, pay attention to ARR, CCRx, CNT interpretation:
3006:platform/HAL/src/stm32g4xx_hal_tim_ex.c ****   *           - CNT: only CNT[11:0] holds the non-dithered part for 16b timers (or CNT[26:0] for 32
3007:platform/HAL/src/stm32g4xx_hal_tim_ex.c ****   *           - ARR: ARR[15:4] holds the non-dithered part, and ARR[3:0] the dither part for 16b ti
3008:platform/HAL/src/stm32g4xx_hal_tim_ex.c ****   *           - CCRx: CCRx[15:4] holds the non-dithered part, and CCRx[3:0] the dither part for 16b
3009:platform/HAL/src/stm32g4xx_hal_tim_ex.c ****   *           - ARR and CCRx values are limited to 0xFFEF in dithering mode
3010:platform/HAL/src/stm32g4xx_hal_tim_ex.c ****   *             (corresponds to 4094 for the integer part and 15 for the dithered part).
3011:platform/HAL/src/stm32g4xx_hal_tim_ex.c ****   * @note   Disabling dithering, modifies automatically values of registers ARR/CCRx to keep the sa
3012:platform/HAL/src/stm32g4xx_hal_tim_ex.c ****   *         So it may be necessary to read ARR value or CCRx value with macros @ref __HAL_TIM_GET_A
3013:platform/HAL/src/stm32g4xx_hal_tim_ex.c ****   *         __HAL_TIM_GET_COMPARE() and if necessary update Init structure field htim->Init.Period 
3014:platform/HAL/src/stm32g4xx_hal_tim_ex.c ****   * @retval HAL status
3015:platform/HAL/src/stm32g4xx_hal_tim_ex.c ****   */
3016:platform/HAL/src/stm32g4xx_hal_tim_ex.c **** HAL_StatusTypeDef HAL_TIMEx_DitheringDisable(TIM_HandleTypeDef *htim)
3017:platform/HAL/src/stm32g4xx_hal_tim_ex.c **** {
3018:platform/HAL/src/stm32g4xx_hal_tim_ex.c ****   /* Check the parameters */
3019:platform/HAL/src/stm32g4xx_hal_tim_ex.c ****   assert_param(IS_TIM_INSTANCE(htim->Instance));
3020:platform/HAL/src/stm32g4xx_hal_tim_ex.c **** 
3021:platform/HAL/src/stm32g4xx_hal_tim_ex.c ****   CLEAR_BIT(htim->Instance->CR1, TIM_CR1_DITHEN);
3022:platform/HAL/src/stm32g4xx_hal_tim_ex.c ****   return HAL_OK;
3023:platform/HAL/src/stm32g4xx_hal_tim_ex.c **** }
3024:platform/HAL/src/stm32g4xx_hal_tim_ex.c **** 
3025:platform/HAL/src/stm32g4xx_hal_tim_ex.c **** /**
3026:platform/HAL/src/stm32g4xx_hal_tim_ex.c ****   * @brief  Initializes the pulse on compare pulse width and pulse prescaler
3027:platform/HAL/src/stm32g4xx_hal_tim_ex.c ****   * @param  htim TIM Output Compare handle
3028:platform/HAL/src/stm32g4xx_hal_tim_ex.c ****   * @param  PulseWidthPrescaler  Pulse width prescaler
3029:platform/HAL/src/stm32g4xx_hal_tim_ex.c ****   *         This parameter can be a number between Min_Data = 0x0 and Max_Data = 0x7
3030:platform/HAL/src/stm32g4xx_hal_tim_ex.c ****   * @param  PulseWidth  Pulse width
3031:platform/HAL/src/stm32g4xx_hal_tim_ex.c ****   *         This parameter can be a number between Min_Data = 0x00 and Max_Data = 0xFF
3032:platform/HAL/src/stm32g4xx_hal_tim_ex.c ****   * @retval HAL status
3033:platform/HAL/src/stm32g4xx_hal_tim_ex.c ****   */
3034:platform/HAL/src/stm32g4xx_hal_tim_ex.c **** HAL_StatusTypeDef HAL_TIMEx_OC_ConfigPulseOnCompare(TIM_HandleTypeDef *htim,
3035:platform/HAL/src/stm32g4xx_hal_tim_ex.c ****                                                     uint32_t PulseWidthPrescaler,
3036:platform/HAL/src/stm32g4xx_hal_tim_ex.c ****                                                     uint32_t PulseWidth)
3037:platform/HAL/src/stm32g4xx_hal_tim_ex.c **** {
3038:platform/HAL/src/stm32g4xx_hal_tim_ex.c ****   uint32_t tmpecr;
3039:platform/HAL/src/stm32g4xx_hal_tim_ex.c **** 
3040:platform/HAL/src/stm32g4xx_hal_tim_ex.c ****   /* Check the parameters */
3041:platform/HAL/src/stm32g4xx_hal_tim_ex.c ****   assert_param(IS_TIM_PULSEONCOMPARE_INSTANCE(htim->Instance));
3042:platform/HAL/src/stm32g4xx_hal_tim_ex.c ****   assert_param(IS_TIM_PULSEONCOMPARE_WIDTH(PulseWidth));
3043:platform/HAL/src/stm32g4xx_hal_tim_ex.c ****   assert_param(IS_TIM_PULSEONCOMPARE_WIDTHPRESCALER(PulseWidthPrescaler));
3044:platform/HAL/src/stm32g4xx_hal_tim_ex.c **** 
3045:platform/HAL/src/stm32g4xx_hal_tim_ex.c ****   /* Process Locked */
3046:platform/HAL/src/stm32g4xx_hal_tim_ex.c ****   __HAL_LOCK(htim);
3047:platform/HAL/src/stm32g4xx_hal_tim_ex.c **** 
3048:platform/HAL/src/stm32g4xx_hal_tim_ex.c ****   /* Set the TIM state */
3049:platform/HAL/src/stm32g4xx_hal_tim_ex.c ****   htim->State = HAL_TIM_STATE_BUSY;
3050:platform/HAL/src/stm32g4xx_hal_tim_ex.c **** 
3051:platform/HAL/src/stm32g4xx_hal_tim_ex.c ****   /* Get the TIMx ECR register value */
ARM GAS  /tmp/cchCrvCd.s 			page 55


3052:platform/HAL/src/stm32g4xx_hal_tim_ex.c ****   tmpecr = htim->Instance->ECR;
3053:platform/HAL/src/stm32g4xx_hal_tim_ex.c ****   /* Reset the Pulse width prescaler and the Pulse width */
3054:platform/HAL/src/stm32g4xx_hal_tim_ex.c ****   tmpecr &= ~(TIM_ECR_PWPRSC | TIM_ECR_PW);
3055:platform/HAL/src/stm32g4xx_hal_tim_ex.c ****   /* Set the Pulse width prescaler and Pulse width*/
3056:platform/HAL/src/stm32g4xx_hal_tim_ex.c ****   tmpecr |= PulseWidthPrescaler << TIM_ECR_PWPRSC_Pos;
3057:platform/HAL/src/stm32g4xx_hal_tim_ex.c ****   tmpecr |= PulseWidth << TIM_ECR_PW_Pos;
3058:platform/HAL/src/stm32g4xx_hal_tim_ex.c ****   /* Write to TIMx ECR */
3059:platform/HAL/src/stm32g4xx_hal_tim_ex.c ****   htim->Instance->ECR = tmpecr;
3060:platform/HAL/src/stm32g4xx_hal_tim_ex.c **** 
3061:platform/HAL/src/stm32g4xx_hal_tim_ex.c ****   /* Change the TIM state */
3062:platform/HAL/src/stm32g4xx_hal_tim_ex.c ****   htim->State = HAL_TIM_STATE_READY;
3063:platform/HAL/src/stm32g4xx_hal_tim_ex.c **** 
3064:platform/HAL/src/stm32g4xx_hal_tim_ex.c ****   /* Release Lock */
3065:platform/HAL/src/stm32g4xx_hal_tim_ex.c ****   __HAL_UNLOCK(htim);
3066:platform/HAL/src/stm32g4xx_hal_tim_ex.c **** 
3067:platform/HAL/src/stm32g4xx_hal_tim_ex.c ****   return HAL_OK;
3068:platform/HAL/src/stm32g4xx_hal_tim_ex.c **** }
3069:platform/HAL/src/stm32g4xx_hal_tim_ex.c **** 
3070:platform/HAL/src/stm32g4xx_hal_tim_ex.c **** /**
3071:platform/HAL/src/stm32g4xx_hal_tim_ex.c ****   * @brief  Configure preload source of Slave Mode Selection bitfield (SMS in SMCR register)
3072:platform/HAL/src/stm32g4xx_hal_tim_ex.c ****   * @param  htim TIM handle
3073:platform/HAL/src/stm32g4xx_hal_tim_ex.c ****   * @param  Source Source of slave mode selection preload
3074:platform/HAL/src/stm32g4xx_hal_tim_ex.c ****   *         This parameter can be one of the following values:
3075:platform/HAL/src/stm32g4xx_hal_tim_ex.c ****   *            @arg TIM_SMS_PRELOAD_SOURCE_UPDATE: Timer update event is used as source of Slave Mo
3076:platform/HAL/src/stm32g4xx_hal_tim_ex.c ****   *            @arg TIM_SMS_PRELOAD_SOURCE_INDEX: Timer index event is used as source of Slave Mode
3077:platform/HAL/src/stm32g4xx_hal_tim_ex.c ****   * @retval HAL status
3078:platform/HAL/src/stm32g4xx_hal_tim_ex.c ****   */
3079:platform/HAL/src/stm32g4xx_hal_tim_ex.c **** HAL_StatusTypeDef HAL_TIMEx_ConfigSlaveModePreload(TIM_HandleTypeDef *htim, uint32_t Source)
3080:platform/HAL/src/stm32g4xx_hal_tim_ex.c **** {
3081:platform/HAL/src/stm32g4xx_hal_tim_ex.c ****   /* Check the parameters */
3082:platform/HAL/src/stm32g4xx_hal_tim_ex.c ****   assert_param(IS_TIM_SLAVE_INSTANCE(htim->Instance));
3083:platform/HAL/src/stm32g4xx_hal_tim_ex.c ****   assert_param(IS_TIM_SLAVE_PRELOAD_SOURCE(Source));
3084:platform/HAL/src/stm32g4xx_hal_tim_ex.c **** 
3085:platform/HAL/src/stm32g4xx_hal_tim_ex.c ****   MODIFY_REG(htim->Instance->SMCR, TIM_SMCR_SMSPS, Source);
3086:platform/HAL/src/stm32g4xx_hal_tim_ex.c ****   return HAL_OK;
3087:platform/HAL/src/stm32g4xx_hal_tim_ex.c **** }
3088:platform/HAL/src/stm32g4xx_hal_tim_ex.c **** 
3089:platform/HAL/src/stm32g4xx_hal_tim_ex.c **** /**
3090:platform/HAL/src/stm32g4xx_hal_tim_ex.c ****   * @brief  Enable preload of Slave Mode Selection bitfield (SMS in SMCR register)
3091:platform/HAL/src/stm32g4xx_hal_tim_ex.c ****   * @param  htim TIM handle
3092:platform/HAL/src/stm32g4xx_hal_tim_ex.c ****   * @retval HAL status
3093:platform/HAL/src/stm32g4xx_hal_tim_ex.c ****   */
3094:platform/HAL/src/stm32g4xx_hal_tim_ex.c **** HAL_StatusTypeDef HAL_TIMEx_EnableSlaveModePreload(TIM_HandleTypeDef *htim)
3095:platform/HAL/src/stm32g4xx_hal_tim_ex.c **** {
3096:platform/HAL/src/stm32g4xx_hal_tim_ex.c ****   /* Check the parameters */
3097:platform/HAL/src/stm32g4xx_hal_tim_ex.c ****   assert_param(IS_TIM_SLAVE_INSTANCE(htim->Instance));
3098:platform/HAL/src/stm32g4xx_hal_tim_ex.c **** 
3099:platform/HAL/src/stm32g4xx_hal_tim_ex.c ****   SET_BIT(htim->Instance->SMCR, TIM_SMCR_SMSPE);
3100:platform/HAL/src/stm32g4xx_hal_tim_ex.c ****   return HAL_OK;
3101:platform/HAL/src/stm32g4xx_hal_tim_ex.c **** }
3102:platform/HAL/src/stm32g4xx_hal_tim_ex.c **** 
3103:platform/HAL/src/stm32g4xx_hal_tim_ex.c **** /**
3104:platform/HAL/src/stm32g4xx_hal_tim_ex.c ****   * @brief  Disable preload of Slave Mode Selection bitfield (SMS in SMCR register)
3105:platform/HAL/src/stm32g4xx_hal_tim_ex.c ****   * @param  htim TIM handle
3106:platform/HAL/src/stm32g4xx_hal_tim_ex.c ****   * @retval HAL status
3107:platform/HAL/src/stm32g4xx_hal_tim_ex.c ****   */
3108:platform/HAL/src/stm32g4xx_hal_tim_ex.c **** HAL_StatusTypeDef HAL_TIMEx_DisableSlaveModePreload(TIM_HandleTypeDef *htim)
ARM GAS  /tmp/cchCrvCd.s 			page 56


3109:platform/HAL/src/stm32g4xx_hal_tim_ex.c **** {
3110:platform/HAL/src/stm32g4xx_hal_tim_ex.c ****   /* Check the parameters */
3111:platform/HAL/src/stm32g4xx_hal_tim_ex.c ****   assert_param(IS_TIM_SLAVE_INSTANCE(htim->Instance));
3112:platform/HAL/src/stm32g4xx_hal_tim_ex.c **** 
3113:platform/HAL/src/stm32g4xx_hal_tim_ex.c ****   CLEAR_BIT(htim->Instance->SMCR, TIM_SMCR_SMSPE);
3114:platform/HAL/src/stm32g4xx_hal_tim_ex.c ****   return HAL_OK;
3115:platform/HAL/src/stm32g4xx_hal_tim_ex.c **** }
3116:platform/HAL/src/stm32g4xx_hal_tim_ex.c **** 
3117:platform/HAL/src/stm32g4xx_hal_tim_ex.c **** /**
3118:platform/HAL/src/stm32g4xx_hal_tim_ex.c ****   * @brief  Enable deadtime preload
3119:platform/HAL/src/stm32g4xx_hal_tim_ex.c ****   * @param  htim TIM handle
3120:platform/HAL/src/stm32g4xx_hal_tim_ex.c ****   * @retval HAL status
3121:platform/HAL/src/stm32g4xx_hal_tim_ex.c ****   */
3122:platform/HAL/src/stm32g4xx_hal_tim_ex.c **** HAL_StatusTypeDef HAL_TIMEx_EnableDeadTimePreload(TIM_HandleTypeDef *htim)
3123:platform/HAL/src/stm32g4xx_hal_tim_ex.c **** {
3124:platform/HAL/src/stm32g4xx_hal_tim_ex.c ****   /* Check the parameters */
3125:platform/HAL/src/stm32g4xx_hal_tim_ex.c ****   assert_param(IS_TIM_BREAK_INSTANCE(htim->Instance));
3126:platform/HAL/src/stm32g4xx_hal_tim_ex.c **** 
3127:platform/HAL/src/stm32g4xx_hal_tim_ex.c ****   SET_BIT(htim->Instance->DTR2, TIM_DTR2_DTPE);
3128:platform/HAL/src/stm32g4xx_hal_tim_ex.c ****   return HAL_OK;
3129:platform/HAL/src/stm32g4xx_hal_tim_ex.c **** }
3130:platform/HAL/src/stm32g4xx_hal_tim_ex.c **** 
3131:platform/HAL/src/stm32g4xx_hal_tim_ex.c **** /**
3132:platform/HAL/src/stm32g4xx_hal_tim_ex.c ****   * @brief  Disable deadtime preload
3133:platform/HAL/src/stm32g4xx_hal_tim_ex.c ****   * @param  htim TIM handle
3134:platform/HAL/src/stm32g4xx_hal_tim_ex.c ****   * @retval HAL status
3135:platform/HAL/src/stm32g4xx_hal_tim_ex.c ****   */
3136:platform/HAL/src/stm32g4xx_hal_tim_ex.c **** HAL_StatusTypeDef HAL_TIMEx_DisableDeadTimePreload(TIM_HandleTypeDef *htim)
3137:platform/HAL/src/stm32g4xx_hal_tim_ex.c **** {
3138:platform/HAL/src/stm32g4xx_hal_tim_ex.c ****   /* Check the parameters */
3139:platform/HAL/src/stm32g4xx_hal_tim_ex.c ****   assert_param(IS_TIM_BREAK_INSTANCE(htim->Instance));
3140:platform/HAL/src/stm32g4xx_hal_tim_ex.c **** 
3141:platform/HAL/src/stm32g4xx_hal_tim_ex.c ****   CLEAR_BIT(htim->Instance->DTR2, TIM_DTR2_DTPE);
3142:platform/HAL/src/stm32g4xx_hal_tim_ex.c ****   return HAL_OK;
3143:platform/HAL/src/stm32g4xx_hal_tim_ex.c **** }
3144:platform/HAL/src/stm32g4xx_hal_tim_ex.c **** 
3145:platform/HAL/src/stm32g4xx_hal_tim_ex.c **** /**
3146:platform/HAL/src/stm32g4xx_hal_tim_ex.c ****   * @brief  Configure deadtime
3147:platform/HAL/src/stm32g4xx_hal_tim_ex.c ****   * @param  htim TIM handle
3148:platform/HAL/src/stm32g4xx_hal_tim_ex.c ****   * @param  Deadtime Deadtime value
3149:platform/HAL/src/stm32g4xx_hal_tim_ex.c ****   * @note   This parameter can be a number between Min_Data = 0x00 and Max_Data = 0xFF
3150:platform/HAL/src/stm32g4xx_hal_tim_ex.c ****   * @retval HAL status
3151:platform/HAL/src/stm32g4xx_hal_tim_ex.c ****   */
3152:platform/HAL/src/stm32g4xx_hal_tim_ex.c **** HAL_StatusTypeDef HAL_TIMEx_ConfigDeadTime(TIM_HandleTypeDef *htim, uint32_t Deadtime)
3153:platform/HAL/src/stm32g4xx_hal_tim_ex.c **** {
3154:platform/HAL/src/stm32g4xx_hal_tim_ex.c ****   /* Check the parameters */
3155:platform/HAL/src/stm32g4xx_hal_tim_ex.c ****   assert_param(IS_TIM_BREAK_INSTANCE(htim->Instance));
3156:platform/HAL/src/stm32g4xx_hal_tim_ex.c ****   assert_param(IS_TIM_DEADTIME(Deadtime));
3157:platform/HAL/src/stm32g4xx_hal_tim_ex.c **** 
3158:platform/HAL/src/stm32g4xx_hal_tim_ex.c ****   MODIFY_REG(htim->Instance->BDTR, TIM_BDTR_DTG, Deadtime);
3159:platform/HAL/src/stm32g4xx_hal_tim_ex.c ****   return HAL_OK;
3160:platform/HAL/src/stm32g4xx_hal_tim_ex.c **** }
3161:platform/HAL/src/stm32g4xx_hal_tim_ex.c **** 
3162:platform/HAL/src/stm32g4xx_hal_tim_ex.c **** /**
3163:platform/HAL/src/stm32g4xx_hal_tim_ex.c ****   * @brief  Configure asymmetrical deadtime
3164:platform/HAL/src/stm32g4xx_hal_tim_ex.c ****   * @param  htim TIM handle
3165:platform/HAL/src/stm32g4xx_hal_tim_ex.c ****   * @param  FallingDeadtime Falling edge deadtime value
ARM GAS  /tmp/cchCrvCd.s 			page 57


3166:platform/HAL/src/stm32g4xx_hal_tim_ex.c ****   * @note   This parameter can be a number between Min_Data = 0x00 and Max_Data = 0xFF
3167:platform/HAL/src/stm32g4xx_hal_tim_ex.c ****   * @retval HAL status
3168:platform/HAL/src/stm32g4xx_hal_tim_ex.c ****   */
3169:platform/HAL/src/stm32g4xx_hal_tim_ex.c **** HAL_StatusTypeDef HAL_TIMEx_ConfigAsymmetricalDeadTime(TIM_HandleTypeDef *htim, uint32_t FallingDea
3170:platform/HAL/src/stm32g4xx_hal_tim_ex.c **** {
3171:platform/HAL/src/stm32g4xx_hal_tim_ex.c ****   /* Check the parameters */
3172:platform/HAL/src/stm32g4xx_hal_tim_ex.c ****   assert_param(IS_TIM_BREAK_INSTANCE(htim->Instance));
3173:platform/HAL/src/stm32g4xx_hal_tim_ex.c ****   assert_param(IS_TIM_DEADTIME(FallingDeadtime));
3174:platform/HAL/src/stm32g4xx_hal_tim_ex.c **** 
3175:platform/HAL/src/stm32g4xx_hal_tim_ex.c ****   MODIFY_REG(htim->Instance->DTR2, TIM_DTR2_DTGF, FallingDeadtime);
3176:platform/HAL/src/stm32g4xx_hal_tim_ex.c ****   return HAL_OK;
3177:platform/HAL/src/stm32g4xx_hal_tim_ex.c **** }
3178:platform/HAL/src/stm32g4xx_hal_tim_ex.c **** 
3179:platform/HAL/src/stm32g4xx_hal_tim_ex.c **** /**
3180:platform/HAL/src/stm32g4xx_hal_tim_ex.c ****   * @brief  Enable asymmetrical deadtime
3181:platform/HAL/src/stm32g4xx_hal_tim_ex.c ****   * @param  htim TIM handle
3182:platform/HAL/src/stm32g4xx_hal_tim_ex.c ****   * @retval HAL status
3183:platform/HAL/src/stm32g4xx_hal_tim_ex.c ****   */
3184:platform/HAL/src/stm32g4xx_hal_tim_ex.c **** HAL_StatusTypeDef HAL_TIMEx_EnableAsymmetricalDeadTime(TIM_HandleTypeDef *htim)
3185:platform/HAL/src/stm32g4xx_hal_tim_ex.c **** {
3186:platform/HAL/src/stm32g4xx_hal_tim_ex.c ****   /* Check the parameters */
3187:platform/HAL/src/stm32g4xx_hal_tim_ex.c ****   assert_param(IS_TIM_BREAK_INSTANCE(htim->Instance));
3188:platform/HAL/src/stm32g4xx_hal_tim_ex.c **** 
3189:platform/HAL/src/stm32g4xx_hal_tim_ex.c ****   SET_BIT(htim->Instance->DTR2, TIM_DTR2_DTAE);
3190:platform/HAL/src/stm32g4xx_hal_tim_ex.c ****   return HAL_OK;
3191:platform/HAL/src/stm32g4xx_hal_tim_ex.c **** }
3192:platform/HAL/src/stm32g4xx_hal_tim_ex.c **** 
3193:platform/HAL/src/stm32g4xx_hal_tim_ex.c **** /**
3194:platform/HAL/src/stm32g4xx_hal_tim_ex.c ****   * @brief  Disable asymmetrical deadtime
3195:platform/HAL/src/stm32g4xx_hal_tim_ex.c ****   * @param  htim TIM handle
3196:platform/HAL/src/stm32g4xx_hal_tim_ex.c ****   * @retval HAL status
3197:platform/HAL/src/stm32g4xx_hal_tim_ex.c ****   */
3198:platform/HAL/src/stm32g4xx_hal_tim_ex.c **** HAL_StatusTypeDef HAL_TIMEx_DisableAsymmetricalDeadTime(TIM_HandleTypeDef *htim)
3199:platform/HAL/src/stm32g4xx_hal_tim_ex.c **** {
3200:platform/HAL/src/stm32g4xx_hal_tim_ex.c ****   /* Check the parameters */
3201:platform/HAL/src/stm32g4xx_hal_tim_ex.c ****   assert_param(IS_TIM_BREAK_INSTANCE(htim->Instance));
3202:platform/HAL/src/stm32g4xx_hal_tim_ex.c **** 
3203:platform/HAL/src/stm32g4xx_hal_tim_ex.c ****   CLEAR_BIT(htim->Instance->DTR2, TIM_DTR2_DTAE);
3204:platform/HAL/src/stm32g4xx_hal_tim_ex.c ****   return HAL_OK;
3205:platform/HAL/src/stm32g4xx_hal_tim_ex.c **** }
3206:platform/HAL/src/stm32g4xx_hal_tim_ex.c **** 
3207:platform/HAL/src/stm32g4xx_hal_tim_ex.c **** /**
3208:platform/HAL/src/stm32g4xx_hal_tim_ex.c ****   * @brief  Configures the encoder index.
3209:platform/HAL/src/stm32g4xx_hal_tim_ex.c ****   * @note   warning in case of encoder mode clock plus direction
3210:platform/HAL/src/stm32g4xx_hal_tim_ex.c ****   *                    @ref TIM_ENCODERMODE_CLOCKPLUSDIRECTION_X1 or @ref TIM_ENCODERMODE_CLOCKPLUS
3211:platform/HAL/src/stm32g4xx_hal_tim_ex.c ****   *         Direction must be set to @ref TIM_ENCODERINDEX_DIRECTION_UP_DOWN
3212:platform/HAL/src/stm32g4xx_hal_tim_ex.c ****   * @param  htim TIM handle.
3213:platform/HAL/src/stm32g4xx_hal_tim_ex.c ****   * @param  sEncoderIndexConfig Encoder index configuration
3214:platform/HAL/src/stm32g4xx_hal_tim_ex.c ****   * @retval HAL status
3215:platform/HAL/src/stm32g4xx_hal_tim_ex.c ****   */
3216:platform/HAL/src/stm32g4xx_hal_tim_ex.c **** HAL_StatusTypeDef HAL_TIMEx_ConfigEncoderIndex(TIM_HandleTypeDef *htim,
3217:platform/HAL/src/stm32g4xx_hal_tim_ex.c ****                                                TIMEx_EncoderIndexConfigTypeDef *sEncoderIndexConfig
3218:platform/HAL/src/stm32g4xx_hal_tim_ex.c **** {
3219:platform/HAL/src/stm32g4xx_hal_tim_ex.c ****   /* Check the parameters */
3220:platform/HAL/src/stm32g4xx_hal_tim_ex.c ****   assert_param(IS_TIM_ENCODER_INTERFACE_INSTANCE(htim->Instance));
3221:platform/HAL/src/stm32g4xx_hal_tim_ex.c ****   assert_param(IS_TIM_ENCODERINDEX_POLARITY(sEncoderIndexConfig->Polarity));
3222:platform/HAL/src/stm32g4xx_hal_tim_ex.c ****   assert_param(IS_TIM_ENCODERINDEX_PRESCALER(sEncoderIndexConfig->Prescaler));
ARM GAS  /tmp/cchCrvCd.s 			page 58


3223:platform/HAL/src/stm32g4xx_hal_tim_ex.c ****   assert_param(IS_TIM_ENCODERINDEX_FILTER(sEncoderIndexConfig->Filter));
3224:platform/HAL/src/stm32g4xx_hal_tim_ex.c ****   assert_param(IS_FUNCTIONAL_STATE(sEncoderIndexConfig->FirstIndexEnable));
3225:platform/HAL/src/stm32g4xx_hal_tim_ex.c ****   assert_param(IS_TIM_ENCODERINDEX_POSITION(sEncoderIndexConfig->Position));
3226:platform/HAL/src/stm32g4xx_hal_tim_ex.c ****   assert_param(IS_TIM_ENCODERINDEX_DIRECTION(sEncoderIndexConfig->Direction));
3227:platform/HAL/src/stm32g4xx_hal_tim_ex.c **** 
3228:platform/HAL/src/stm32g4xx_hal_tim_ex.c ****   /* Process Locked */
3229:platform/HAL/src/stm32g4xx_hal_tim_ex.c ****   __HAL_LOCK(htim);
3230:platform/HAL/src/stm32g4xx_hal_tim_ex.c **** 
3231:platform/HAL/src/stm32g4xx_hal_tim_ex.c ****   /* Configures the TIMx External Trigger (ETR) which is used as Index input */
3232:platform/HAL/src/stm32g4xx_hal_tim_ex.c ****   TIM_ETR_SetConfig(htim->Instance,
3233:platform/HAL/src/stm32g4xx_hal_tim_ex.c ****                     sEncoderIndexConfig->Prescaler,
3234:platform/HAL/src/stm32g4xx_hal_tim_ex.c ****                     sEncoderIndexConfig->Polarity,
3235:platform/HAL/src/stm32g4xx_hal_tim_ex.c ****                     sEncoderIndexConfig->Filter);
3236:platform/HAL/src/stm32g4xx_hal_tim_ex.c **** 
3237:platform/HAL/src/stm32g4xx_hal_tim_ex.c ****   /* Configures the encoder index */
3238:platform/HAL/src/stm32g4xx_hal_tim_ex.c ****   MODIFY_REG(htim->Instance->ECR,
3239:platform/HAL/src/stm32g4xx_hal_tim_ex.c ****              TIM_ECR_IDIR_Msk | TIM_ECR_FIDX_Msk | TIM_ECR_IPOS_Msk,
3240:platform/HAL/src/stm32g4xx_hal_tim_ex.c ****              (sEncoderIndexConfig->Direction |
3241:platform/HAL/src/stm32g4xx_hal_tim_ex.c ****               ((sEncoderIndexConfig->FirstIndexEnable == ENABLE) ? (0x1U << TIM_ECR_FIDX_Pos) : 0U)
3242:platform/HAL/src/stm32g4xx_hal_tim_ex.c ****               sEncoderIndexConfig->Position |
3243:platform/HAL/src/stm32g4xx_hal_tim_ex.c ****               TIM_ECR_IE));
3244:platform/HAL/src/stm32g4xx_hal_tim_ex.c **** 
3245:platform/HAL/src/stm32g4xx_hal_tim_ex.c ****   __HAL_UNLOCK(htim);
3246:platform/HAL/src/stm32g4xx_hal_tim_ex.c **** 
3247:platform/HAL/src/stm32g4xx_hal_tim_ex.c ****   return HAL_OK;
3248:platform/HAL/src/stm32g4xx_hal_tim_ex.c **** }
3249:platform/HAL/src/stm32g4xx_hal_tim_ex.c **** 
3250:platform/HAL/src/stm32g4xx_hal_tim_ex.c **** /**
3251:platform/HAL/src/stm32g4xx_hal_tim_ex.c ****   * @brief  Enable encoder index
3252:platform/HAL/src/stm32g4xx_hal_tim_ex.c ****   * @param  htim TIM handle
3253:platform/HAL/src/stm32g4xx_hal_tim_ex.c ****   * @retval HAL status
3254:platform/HAL/src/stm32g4xx_hal_tim_ex.c ****   */
3255:platform/HAL/src/stm32g4xx_hal_tim_ex.c **** HAL_StatusTypeDef HAL_TIMEx_EnableEncoderIndex(TIM_HandleTypeDef *htim)
3256:platform/HAL/src/stm32g4xx_hal_tim_ex.c **** {
3257:platform/HAL/src/stm32g4xx_hal_tim_ex.c ****   /* Check the parameters */
3258:platform/HAL/src/stm32g4xx_hal_tim_ex.c ****   assert_param(IS_TIM_ENCODER_INTERFACE_INSTANCE(htim->Instance));
3259:platform/HAL/src/stm32g4xx_hal_tim_ex.c **** 
3260:platform/HAL/src/stm32g4xx_hal_tim_ex.c ****   SET_BIT(htim->Instance->ECR, TIM_ECR_IE);
3261:platform/HAL/src/stm32g4xx_hal_tim_ex.c ****   return HAL_OK;
3262:platform/HAL/src/stm32g4xx_hal_tim_ex.c **** }
3263:platform/HAL/src/stm32g4xx_hal_tim_ex.c **** 
3264:platform/HAL/src/stm32g4xx_hal_tim_ex.c **** /**
3265:platform/HAL/src/stm32g4xx_hal_tim_ex.c ****   * @brief  Disable encoder index
3266:platform/HAL/src/stm32g4xx_hal_tim_ex.c ****   * @param  htim TIM handle
3267:platform/HAL/src/stm32g4xx_hal_tim_ex.c ****   * @retval HAL status
3268:platform/HAL/src/stm32g4xx_hal_tim_ex.c ****   */
3269:platform/HAL/src/stm32g4xx_hal_tim_ex.c **** HAL_StatusTypeDef HAL_TIMEx_DisableEncoderIndex(TIM_HandleTypeDef *htim)
3270:platform/HAL/src/stm32g4xx_hal_tim_ex.c **** {
3271:platform/HAL/src/stm32g4xx_hal_tim_ex.c ****   /* Check the parameters */
3272:platform/HAL/src/stm32g4xx_hal_tim_ex.c ****   assert_param(IS_TIM_ENCODER_INTERFACE_INSTANCE(htim->Instance));
3273:platform/HAL/src/stm32g4xx_hal_tim_ex.c **** 
3274:platform/HAL/src/stm32g4xx_hal_tim_ex.c ****   CLEAR_BIT(htim->Instance->ECR, TIM_ECR_IE);
3275:platform/HAL/src/stm32g4xx_hal_tim_ex.c ****   return HAL_OK;
3276:platform/HAL/src/stm32g4xx_hal_tim_ex.c **** }
3277:platform/HAL/src/stm32g4xx_hal_tim_ex.c **** 
3278:platform/HAL/src/stm32g4xx_hal_tim_ex.c **** /**
3279:platform/HAL/src/stm32g4xx_hal_tim_ex.c ****   * @brief  Enable encoder first index
ARM GAS  /tmp/cchCrvCd.s 			page 59


3280:platform/HAL/src/stm32g4xx_hal_tim_ex.c ****   * @param  htim TIM handle
3281:platform/HAL/src/stm32g4xx_hal_tim_ex.c ****   * @retval HAL status
3282:platform/HAL/src/stm32g4xx_hal_tim_ex.c ****   */
3283:platform/HAL/src/stm32g4xx_hal_tim_ex.c **** HAL_StatusTypeDef HAL_TIMEx_EnableEncoderFirstIndex(TIM_HandleTypeDef *htim)
3284:platform/HAL/src/stm32g4xx_hal_tim_ex.c **** {
3285:platform/HAL/src/stm32g4xx_hal_tim_ex.c ****   /* Check the parameters */
3286:platform/HAL/src/stm32g4xx_hal_tim_ex.c ****   assert_param(IS_TIM_ENCODER_INTERFACE_INSTANCE(htim->Instance));
3287:platform/HAL/src/stm32g4xx_hal_tim_ex.c **** 
3288:platform/HAL/src/stm32g4xx_hal_tim_ex.c ****   SET_BIT(htim->Instance->ECR, TIM_ECR_FIDX);
3289:platform/HAL/src/stm32g4xx_hal_tim_ex.c ****   return HAL_OK;
3290:platform/HAL/src/stm32g4xx_hal_tim_ex.c **** }
3291:platform/HAL/src/stm32g4xx_hal_tim_ex.c **** 
3292:platform/HAL/src/stm32g4xx_hal_tim_ex.c **** /**
3293:platform/HAL/src/stm32g4xx_hal_tim_ex.c ****   * @brief  Disable encoder first index
3294:platform/HAL/src/stm32g4xx_hal_tim_ex.c ****   * @param  htim TIM handle
3295:platform/HAL/src/stm32g4xx_hal_tim_ex.c ****   * @retval HAL status
3296:platform/HAL/src/stm32g4xx_hal_tim_ex.c ****   */
3297:platform/HAL/src/stm32g4xx_hal_tim_ex.c **** HAL_StatusTypeDef HAL_TIMEx_DisableEncoderFirstIndex(TIM_HandleTypeDef *htim)
3298:platform/HAL/src/stm32g4xx_hal_tim_ex.c **** {
3299:platform/HAL/src/stm32g4xx_hal_tim_ex.c ****   /* Check the parameters */
3300:platform/HAL/src/stm32g4xx_hal_tim_ex.c ****   assert_param(IS_TIM_ENCODER_INTERFACE_INSTANCE(htim->Instance));
3301:platform/HAL/src/stm32g4xx_hal_tim_ex.c **** 
3302:platform/HAL/src/stm32g4xx_hal_tim_ex.c ****   CLEAR_BIT(htim->Instance->ECR, TIM_ECR_FIDX);
3303:platform/HAL/src/stm32g4xx_hal_tim_ex.c ****   return HAL_OK;
3304:platform/HAL/src/stm32g4xx_hal_tim_ex.c **** }
3305:platform/HAL/src/stm32g4xx_hal_tim_ex.c **** 
3306:platform/HAL/src/stm32g4xx_hal_tim_ex.c **** /**
3307:platform/HAL/src/stm32g4xx_hal_tim_ex.c ****   * @}
3308:platform/HAL/src/stm32g4xx_hal_tim_ex.c ****   */
3309:platform/HAL/src/stm32g4xx_hal_tim_ex.c **** 
3310:platform/HAL/src/stm32g4xx_hal_tim_ex.c **** /** @defgroup TIMEx_Exported_Functions_Group6 Extended Callbacks functions
3311:platform/HAL/src/stm32g4xx_hal_tim_ex.c ****   * @brief    Extended Callbacks functions
3312:platform/HAL/src/stm32g4xx_hal_tim_ex.c ****   *
3313:platform/HAL/src/stm32g4xx_hal_tim_ex.c **** @verbatim
3314:platform/HAL/src/stm32g4xx_hal_tim_ex.c ****   ==============================================================================
3315:platform/HAL/src/stm32g4xx_hal_tim_ex.c ****                     ##### Extended Callbacks functions #####
3316:platform/HAL/src/stm32g4xx_hal_tim_ex.c ****   ==============================================================================
3317:platform/HAL/src/stm32g4xx_hal_tim_ex.c ****   [..]
3318:platform/HAL/src/stm32g4xx_hal_tim_ex.c ****     This section provides Extended TIM callback functions:
3319:platform/HAL/src/stm32g4xx_hal_tim_ex.c ****     (+) Timer Commutation callback
3320:platform/HAL/src/stm32g4xx_hal_tim_ex.c ****     (+) Timer Break callback
3321:platform/HAL/src/stm32g4xx_hal_tim_ex.c **** 
3322:platform/HAL/src/stm32g4xx_hal_tim_ex.c **** @endverbatim
3323:platform/HAL/src/stm32g4xx_hal_tim_ex.c ****   * @{
3324:platform/HAL/src/stm32g4xx_hal_tim_ex.c ****   */
3325:platform/HAL/src/stm32g4xx_hal_tim_ex.c **** 
3326:platform/HAL/src/stm32g4xx_hal_tim_ex.c **** /**
3327:platform/HAL/src/stm32g4xx_hal_tim_ex.c ****   * @brief  Commutation callback in non-blocking mode
3328:platform/HAL/src/stm32g4xx_hal_tim_ex.c ****   * @param  htim TIM handle
3329:platform/HAL/src/stm32g4xx_hal_tim_ex.c ****   * @retval None
3330:platform/HAL/src/stm32g4xx_hal_tim_ex.c ****   */
3331:platform/HAL/src/stm32g4xx_hal_tim_ex.c **** __weak void HAL_TIMEx_CommutCallback(TIM_HandleTypeDef *htim)
3332:platform/HAL/src/stm32g4xx_hal_tim_ex.c **** {
3333:platform/HAL/src/stm32g4xx_hal_tim_ex.c ****   /* Prevent unused argument(s) compilation warning */
3334:platform/HAL/src/stm32g4xx_hal_tim_ex.c ****   UNUSED(htim);
3335:platform/HAL/src/stm32g4xx_hal_tim_ex.c **** 
3336:platform/HAL/src/stm32g4xx_hal_tim_ex.c ****   /* NOTE : This function should not be modified, when the callback is needed,
ARM GAS  /tmp/cchCrvCd.s 			page 60


3337:platform/HAL/src/stm32g4xx_hal_tim_ex.c ****             the HAL_TIMEx_CommutCallback could be implemented in the user file
3338:platform/HAL/src/stm32g4xx_hal_tim_ex.c ****    */
3339:platform/HAL/src/stm32g4xx_hal_tim_ex.c **** }
3340:platform/HAL/src/stm32g4xx_hal_tim_ex.c **** /**
3341:platform/HAL/src/stm32g4xx_hal_tim_ex.c ****   * @brief  Commutation half complete callback in non-blocking mode
3342:platform/HAL/src/stm32g4xx_hal_tim_ex.c ****   * @param  htim TIM handle
3343:platform/HAL/src/stm32g4xx_hal_tim_ex.c ****   * @retval None
3344:platform/HAL/src/stm32g4xx_hal_tim_ex.c ****   */
3345:platform/HAL/src/stm32g4xx_hal_tim_ex.c **** __weak void HAL_TIMEx_CommutHalfCpltCallback(TIM_HandleTypeDef *htim)
3346:platform/HAL/src/stm32g4xx_hal_tim_ex.c **** {
3347:platform/HAL/src/stm32g4xx_hal_tim_ex.c ****   /* Prevent unused argument(s) compilation warning */
3348:platform/HAL/src/stm32g4xx_hal_tim_ex.c ****   UNUSED(htim);
3349:platform/HAL/src/stm32g4xx_hal_tim_ex.c **** 
3350:platform/HAL/src/stm32g4xx_hal_tim_ex.c ****   /* NOTE : This function should not be modified, when the callback is needed,
3351:platform/HAL/src/stm32g4xx_hal_tim_ex.c ****             the HAL_TIMEx_CommutHalfCpltCallback could be implemented in the user file
3352:platform/HAL/src/stm32g4xx_hal_tim_ex.c ****    */
3353:platform/HAL/src/stm32g4xx_hal_tim_ex.c **** }
3354:platform/HAL/src/stm32g4xx_hal_tim_ex.c **** 
3355:platform/HAL/src/stm32g4xx_hal_tim_ex.c **** /**
3356:platform/HAL/src/stm32g4xx_hal_tim_ex.c ****   * @brief  Break detection callback in non-blocking mode
3357:platform/HAL/src/stm32g4xx_hal_tim_ex.c ****   * @param  htim TIM handle
3358:platform/HAL/src/stm32g4xx_hal_tim_ex.c ****   * @retval None
3359:platform/HAL/src/stm32g4xx_hal_tim_ex.c ****   */
3360:platform/HAL/src/stm32g4xx_hal_tim_ex.c **** __weak void HAL_TIMEx_BreakCallback(TIM_HandleTypeDef *htim)
3361:platform/HAL/src/stm32g4xx_hal_tim_ex.c **** {
3362:platform/HAL/src/stm32g4xx_hal_tim_ex.c ****   /* Prevent unused argument(s) compilation warning */
3363:platform/HAL/src/stm32g4xx_hal_tim_ex.c ****   UNUSED(htim);
3364:platform/HAL/src/stm32g4xx_hal_tim_ex.c **** 
3365:platform/HAL/src/stm32g4xx_hal_tim_ex.c ****   /* NOTE : This function should not be modified, when the callback is needed,
3366:platform/HAL/src/stm32g4xx_hal_tim_ex.c ****             the HAL_TIMEx_BreakCallback could be implemented in the user file
3367:platform/HAL/src/stm32g4xx_hal_tim_ex.c ****    */
3368:platform/HAL/src/stm32g4xx_hal_tim_ex.c **** }
3369:platform/HAL/src/stm32g4xx_hal_tim_ex.c **** 
3370:platform/HAL/src/stm32g4xx_hal_tim_ex.c **** /**
3371:platform/HAL/src/stm32g4xx_hal_tim_ex.c ****   * @brief  Break2 detection callback in non blocking mode
3372:platform/HAL/src/stm32g4xx_hal_tim_ex.c ****   * @param  htim: TIM handle
3373:platform/HAL/src/stm32g4xx_hal_tim_ex.c ****   * @retval None
3374:platform/HAL/src/stm32g4xx_hal_tim_ex.c ****   */
3375:platform/HAL/src/stm32g4xx_hal_tim_ex.c **** __weak void HAL_TIMEx_Break2Callback(TIM_HandleTypeDef *htim)
3376:platform/HAL/src/stm32g4xx_hal_tim_ex.c **** {
3377:platform/HAL/src/stm32g4xx_hal_tim_ex.c ****   /* Prevent unused argument(s) compilation warning */
3378:platform/HAL/src/stm32g4xx_hal_tim_ex.c ****   UNUSED(htim);
3379:platform/HAL/src/stm32g4xx_hal_tim_ex.c **** 
3380:platform/HAL/src/stm32g4xx_hal_tim_ex.c ****   /* NOTE : This function Should not be modified, when the callback is needed,
3381:platform/HAL/src/stm32g4xx_hal_tim_ex.c ****             the HAL_TIMEx_Break2Callback could be implemented in the user file
3382:platform/HAL/src/stm32g4xx_hal_tim_ex.c ****    */
3383:platform/HAL/src/stm32g4xx_hal_tim_ex.c **** }
3384:platform/HAL/src/stm32g4xx_hal_tim_ex.c **** 
3385:platform/HAL/src/stm32g4xx_hal_tim_ex.c **** /**
3386:platform/HAL/src/stm32g4xx_hal_tim_ex.c ****   * @brief  Encoder index callback in non-blocking mode
3387:platform/HAL/src/stm32g4xx_hal_tim_ex.c ****   * @param  htim TIM handle
3388:platform/HAL/src/stm32g4xx_hal_tim_ex.c ****   * @retval None
3389:platform/HAL/src/stm32g4xx_hal_tim_ex.c ****   */
3390:platform/HAL/src/stm32g4xx_hal_tim_ex.c **** __weak void HAL_TIMEx_EncoderIndexCallback(TIM_HandleTypeDef *htim)
3391:platform/HAL/src/stm32g4xx_hal_tim_ex.c **** {
3392:platform/HAL/src/stm32g4xx_hal_tim_ex.c ****   /* Prevent unused argument(s) compilation warning */
3393:platform/HAL/src/stm32g4xx_hal_tim_ex.c ****   UNUSED(htim);
ARM GAS  /tmp/cchCrvCd.s 			page 61


3394:platform/HAL/src/stm32g4xx_hal_tim_ex.c **** 
3395:platform/HAL/src/stm32g4xx_hal_tim_ex.c ****   /* NOTE : This function should not be modified, when the callback is needed,
3396:platform/HAL/src/stm32g4xx_hal_tim_ex.c ****             the HAL_TIMEx_EncoderIndexCallback could be implemented in the user file
3397:platform/HAL/src/stm32g4xx_hal_tim_ex.c ****    */
3398:platform/HAL/src/stm32g4xx_hal_tim_ex.c **** }
3399:platform/HAL/src/stm32g4xx_hal_tim_ex.c **** 
3400:platform/HAL/src/stm32g4xx_hal_tim_ex.c **** /**
3401:platform/HAL/src/stm32g4xx_hal_tim_ex.c ****   * @brief  Direction change callback in non-blocking mode
3402:platform/HAL/src/stm32g4xx_hal_tim_ex.c ****   * @param  htim TIM handle
3403:platform/HAL/src/stm32g4xx_hal_tim_ex.c ****   * @retval None
3404:platform/HAL/src/stm32g4xx_hal_tim_ex.c ****   */
3405:platform/HAL/src/stm32g4xx_hal_tim_ex.c **** __weak void HAL_TIMEx_DirectionChangeCallback(TIM_HandleTypeDef *htim)
3406:platform/HAL/src/stm32g4xx_hal_tim_ex.c **** {
3407:platform/HAL/src/stm32g4xx_hal_tim_ex.c ****   /* Prevent unused argument(s) compilation warning */
3408:platform/HAL/src/stm32g4xx_hal_tim_ex.c ****   UNUSED(htim);
3409:platform/HAL/src/stm32g4xx_hal_tim_ex.c **** 
3410:platform/HAL/src/stm32g4xx_hal_tim_ex.c ****   /* NOTE : This function should not be modified, when the callback is needed,
3411:platform/HAL/src/stm32g4xx_hal_tim_ex.c ****             the HAL_TIMEx_DirectionChangeCallback could be implemented in the user file
3412:platform/HAL/src/stm32g4xx_hal_tim_ex.c ****    */
3413:platform/HAL/src/stm32g4xx_hal_tim_ex.c **** }
3414:platform/HAL/src/stm32g4xx_hal_tim_ex.c **** 
3415:platform/HAL/src/stm32g4xx_hal_tim_ex.c **** /**
3416:platform/HAL/src/stm32g4xx_hal_tim_ex.c ****   * @brief  Index error callback in non-blocking mode
3417:platform/HAL/src/stm32g4xx_hal_tim_ex.c ****   * @param  htim TIM handle
3418:platform/HAL/src/stm32g4xx_hal_tim_ex.c ****   * @retval None
3419:platform/HAL/src/stm32g4xx_hal_tim_ex.c ****   */
3420:platform/HAL/src/stm32g4xx_hal_tim_ex.c **** __weak void HAL_TIMEx_IndexErrorCallback(TIM_HandleTypeDef *htim)
3421:platform/HAL/src/stm32g4xx_hal_tim_ex.c **** {
3422:platform/HAL/src/stm32g4xx_hal_tim_ex.c ****   /* Prevent unused argument(s) compilation warning */
3423:platform/HAL/src/stm32g4xx_hal_tim_ex.c ****   UNUSED(htim);
3424:platform/HAL/src/stm32g4xx_hal_tim_ex.c **** 
3425:platform/HAL/src/stm32g4xx_hal_tim_ex.c ****   /* NOTE : This function should not be modified, when the callback is needed,
3426:platform/HAL/src/stm32g4xx_hal_tim_ex.c ****             the HAL_TIMEx_IndexErrorCallback could be implemented in the user file
3427:platform/HAL/src/stm32g4xx_hal_tim_ex.c ****    */
3428:platform/HAL/src/stm32g4xx_hal_tim_ex.c **** }
3429:platform/HAL/src/stm32g4xx_hal_tim_ex.c **** 
3430:platform/HAL/src/stm32g4xx_hal_tim_ex.c **** /**
3431:platform/HAL/src/stm32g4xx_hal_tim_ex.c ****   * @brief  Transition error callback in non-blocking mode
3432:platform/HAL/src/stm32g4xx_hal_tim_ex.c ****   * @param  htim TIM handle
3433:platform/HAL/src/stm32g4xx_hal_tim_ex.c ****   * @retval None
3434:platform/HAL/src/stm32g4xx_hal_tim_ex.c ****   */
3435:platform/HAL/src/stm32g4xx_hal_tim_ex.c **** __weak void HAL_TIMEx_TransitionErrorCallback(TIM_HandleTypeDef *htim)
3436:platform/HAL/src/stm32g4xx_hal_tim_ex.c **** {
3437:platform/HAL/src/stm32g4xx_hal_tim_ex.c ****   /* Prevent unused argument(s) compilation warning */
3438:platform/HAL/src/stm32g4xx_hal_tim_ex.c ****   UNUSED(htim);
3439:platform/HAL/src/stm32g4xx_hal_tim_ex.c **** 
3440:platform/HAL/src/stm32g4xx_hal_tim_ex.c ****   /* NOTE : This function should not be modified, when the callback is needed,
3441:platform/HAL/src/stm32g4xx_hal_tim_ex.c ****             the HAL_TIMEx_TransitionErrorCallback could be implemented in the user file
3442:platform/HAL/src/stm32g4xx_hal_tim_ex.c ****    */
3443:platform/HAL/src/stm32g4xx_hal_tim_ex.c **** }
3444:platform/HAL/src/stm32g4xx_hal_tim_ex.c **** 
3445:platform/HAL/src/stm32g4xx_hal_tim_ex.c **** /**
3446:platform/HAL/src/stm32g4xx_hal_tim_ex.c ****   * @}
3447:platform/HAL/src/stm32g4xx_hal_tim_ex.c ****   */
3448:platform/HAL/src/stm32g4xx_hal_tim_ex.c **** 
3449:platform/HAL/src/stm32g4xx_hal_tim_ex.c **** /** @defgroup TIMEx_Exported_Functions_Group7 Extended Peripheral State functions
3450:platform/HAL/src/stm32g4xx_hal_tim_ex.c ****   * @brief    Extended Peripheral State functions
ARM GAS  /tmp/cchCrvCd.s 			page 62


3451:platform/HAL/src/stm32g4xx_hal_tim_ex.c ****   *
3452:platform/HAL/src/stm32g4xx_hal_tim_ex.c **** @verbatim
3453:platform/HAL/src/stm32g4xx_hal_tim_ex.c ****   ==============================================================================
3454:platform/HAL/src/stm32g4xx_hal_tim_ex.c ****                 ##### Extended Peripheral State functions #####
3455:platform/HAL/src/stm32g4xx_hal_tim_ex.c ****   ==============================================================================
3456:platform/HAL/src/stm32g4xx_hal_tim_ex.c ****   [..]
3457:platform/HAL/src/stm32g4xx_hal_tim_ex.c ****     This subsection permits to get in run-time the status of the peripheral
3458:platform/HAL/src/stm32g4xx_hal_tim_ex.c ****     and the data flow.
3459:platform/HAL/src/stm32g4xx_hal_tim_ex.c **** 
3460:platform/HAL/src/stm32g4xx_hal_tim_ex.c **** @endverbatim
3461:platform/HAL/src/stm32g4xx_hal_tim_ex.c ****   * @{
3462:platform/HAL/src/stm32g4xx_hal_tim_ex.c ****   */
3463:platform/HAL/src/stm32g4xx_hal_tim_ex.c **** 
3464:platform/HAL/src/stm32g4xx_hal_tim_ex.c **** /**
3465:platform/HAL/src/stm32g4xx_hal_tim_ex.c ****   * @brief  Return the TIM Hall Sensor interface handle state.
3466:platform/HAL/src/stm32g4xx_hal_tim_ex.c ****   * @param  htim TIM Hall Sensor handle
3467:platform/HAL/src/stm32g4xx_hal_tim_ex.c ****   * @retval HAL state
3468:platform/HAL/src/stm32g4xx_hal_tim_ex.c ****   */
3469:platform/HAL/src/stm32g4xx_hal_tim_ex.c **** HAL_TIM_StateTypeDef HAL_TIMEx_HallSensor_GetState(const TIM_HandleTypeDef *htim)
3470:platform/HAL/src/stm32g4xx_hal_tim_ex.c **** {
3471:platform/HAL/src/stm32g4xx_hal_tim_ex.c ****   return htim->State;
3472:platform/HAL/src/stm32g4xx_hal_tim_ex.c **** }
3473:platform/HAL/src/stm32g4xx_hal_tim_ex.c **** 
3474:platform/HAL/src/stm32g4xx_hal_tim_ex.c **** /**
3475:platform/HAL/src/stm32g4xx_hal_tim_ex.c ****   * @brief  Return actual state of the TIM complementary channel.
3476:platform/HAL/src/stm32g4xx_hal_tim_ex.c ****   * @param  htim TIM handle
3477:platform/HAL/src/stm32g4xx_hal_tim_ex.c ****   * @param  ChannelN TIM Complementary channel
3478:platform/HAL/src/stm32g4xx_hal_tim_ex.c ****   *          This parameter can be one of the following values:
3479:platform/HAL/src/stm32g4xx_hal_tim_ex.c ****   *            @arg TIM_CHANNEL_1: TIM Channel 1
3480:platform/HAL/src/stm32g4xx_hal_tim_ex.c ****   *            @arg TIM_CHANNEL_2: TIM Channel 2
3481:platform/HAL/src/stm32g4xx_hal_tim_ex.c ****   *            @arg TIM_CHANNEL_3: TIM Channel 3
3482:platform/HAL/src/stm32g4xx_hal_tim_ex.c ****   *            @arg TIM_CHANNEL_4: TIM Channel 4
3483:platform/HAL/src/stm32g4xx_hal_tim_ex.c ****   * @retval TIM Complementary channel state
3484:platform/HAL/src/stm32g4xx_hal_tim_ex.c ****   */
3485:platform/HAL/src/stm32g4xx_hal_tim_ex.c **** HAL_TIM_ChannelStateTypeDef HAL_TIMEx_GetChannelNState(const TIM_HandleTypeDef *htim,  uint32_t Cha
3486:platform/HAL/src/stm32g4xx_hal_tim_ex.c **** {
3487:platform/HAL/src/stm32g4xx_hal_tim_ex.c ****   HAL_TIM_ChannelStateTypeDef channel_state;
3488:platform/HAL/src/stm32g4xx_hal_tim_ex.c **** 
3489:platform/HAL/src/stm32g4xx_hal_tim_ex.c ****   /* Check the parameters */
3490:platform/HAL/src/stm32g4xx_hal_tim_ex.c ****   assert_param(IS_TIM_CCXN_INSTANCE(htim->Instance, ChannelN));
3491:platform/HAL/src/stm32g4xx_hal_tim_ex.c **** 
3492:platform/HAL/src/stm32g4xx_hal_tim_ex.c ****   channel_state = TIM_CHANNEL_N_STATE_GET(htim, ChannelN);
3493:platform/HAL/src/stm32g4xx_hal_tim_ex.c **** 
3494:platform/HAL/src/stm32g4xx_hal_tim_ex.c ****   return channel_state;
3495:platform/HAL/src/stm32g4xx_hal_tim_ex.c **** }
3496:platform/HAL/src/stm32g4xx_hal_tim_ex.c **** /**
3497:platform/HAL/src/stm32g4xx_hal_tim_ex.c ****   * @}
3498:platform/HAL/src/stm32g4xx_hal_tim_ex.c ****   */
3499:platform/HAL/src/stm32g4xx_hal_tim_ex.c **** 
3500:platform/HAL/src/stm32g4xx_hal_tim_ex.c **** /**
3501:platform/HAL/src/stm32g4xx_hal_tim_ex.c ****   * @}
3502:platform/HAL/src/stm32g4xx_hal_tim_ex.c ****   */
3503:platform/HAL/src/stm32g4xx_hal_tim_ex.c **** 
3504:platform/HAL/src/stm32g4xx_hal_tim_ex.c **** /* Private functions ---------------------------------------------------------*/
3505:platform/HAL/src/stm32g4xx_hal_tim_ex.c **** /** @defgroup TIMEx_Private_Functions TIM Extended Private Functions
3506:platform/HAL/src/stm32g4xx_hal_tim_ex.c ****   * @{
3507:platform/HAL/src/stm32g4xx_hal_tim_ex.c ****   */
ARM GAS  /tmp/cchCrvCd.s 			page 63


3508:platform/HAL/src/stm32g4xx_hal_tim_ex.c **** 
3509:platform/HAL/src/stm32g4xx_hal_tim_ex.c **** /**
3510:platform/HAL/src/stm32g4xx_hal_tim_ex.c ****   * @brief  TIM DMA Commutation callback.
3511:platform/HAL/src/stm32g4xx_hal_tim_ex.c ****   * @param  hdma pointer to DMA handle.
3512:platform/HAL/src/stm32g4xx_hal_tim_ex.c ****   * @retval None
3513:platform/HAL/src/stm32g4xx_hal_tim_ex.c ****   */
3514:platform/HAL/src/stm32g4xx_hal_tim_ex.c **** void TIMEx_DMACommutationCplt(DMA_HandleTypeDef *hdma)
3515:platform/HAL/src/stm32g4xx_hal_tim_ex.c **** {
3516:platform/HAL/src/stm32g4xx_hal_tim_ex.c ****   TIM_HandleTypeDef *htim = (TIM_HandleTypeDef *)((DMA_HandleTypeDef *)hdma)->Parent;
3517:platform/HAL/src/stm32g4xx_hal_tim_ex.c **** 
3518:platform/HAL/src/stm32g4xx_hal_tim_ex.c ****   /* Change the htim state */
3519:platform/HAL/src/stm32g4xx_hal_tim_ex.c ****   htim->State = HAL_TIM_STATE_READY;
3520:platform/HAL/src/stm32g4xx_hal_tim_ex.c **** 
3521:platform/HAL/src/stm32g4xx_hal_tim_ex.c **** #if (USE_HAL_TIM_REGISTER_CALLBACKS == 1)
3522:platform/HAL/src/stm32g4xx_hal_tim_ex.c ****   htim->CommutationCallback(htim);
3523:platform/HAL/src/stm32g4xx_hal_tim_ex.c **** #else
3524:platform/HAL/src/stm32g4xx_hal_tim_ex.c ****   HAL_TIMEx_CommutCallback(htim);
3525:platform/HAL/src/stm32g4xx_hal_tim_ex.c **** #endif /* USE_HAL_TIM_REGISTER_CALLBACKS */
3526:platform/HAL/src/stm32g4xx_hal_tim_ex.c **** }
3527:platform/HAL/src/stm32g4xx_hal_tim_ex.c **** 
3528:platform/HAL/src/stm32g4xx_hal_tim_ex.c **** /**
3529:platform/HAL/src/stm32g4xx_hal_tim_ex.c ****   * @brief  TIM DMA Commutation half complete callback.
3530:platform/HAL/src/stm32g4xx_hal_tim_ex.c ****   * @param  hdma pointer to DMA handle.
3531:platform/HAL/src/stm32g4xx_hal_tim_ex.c ****   * @retval None
3532:platform/HAL/src/stm32g4xx_hal_tim_ex.c ****   */
3533:platform/HAL/src/stm32g4xx_hal_tim_ex.c **** void TIMEx_DMACommutationHalfCplt(DMA_HandleTypeDef *hdma)
3534:platform/HAL/src/stm32g4xx_hal_tim_ex.c **** {
3535:platform/HAL/src/stm32g4xx_hal_tim_ex.c ****   TIM_HandleTypeDef *htim = (TIM_HandleTypeDef *)((DMA_HandleTypeDef *)hdma)->Parent;
3536:platform/HAL/src/stm32g4xx_hal_tim_ex.c **** 
3537:platform/HAL/src/stm32g4xx_hal_tim_ex.c ****   /* Change the htim state */
3538:platform/HAL/src/stm32g4xx_hal_tim_ex.c ****   htim->State = HAL_TIM_STATE_READY;
3539:platform/HAL/src/stm32g4xx_hal_tim_ex.c **** 
3540:platform/HAL/src/stm32g4xx_hal_tim_ex.c **** #if (USE_HAL_TIM_REGISTER_CALLBACKS == 1)
3541:platform/HAL/src/stm32g4xx_hal_tim_ex.c ****   htim->CommutationHalfCpltCallback(htim);
3542:platform/HAL/src/stm32g4xx_hal_tim_ex.c **** #else
3543:platform/HAL/src/stm32g4xx_hal_tim_ex.c ****   HAL_TIMEx_CommutHalfCpltCallback(htim);
3544:platform/HAL/src/stm32g4xx_hal_tim_ex.c **** #endif /* USE_HAL_TIM_REGISTER_CALLBACKS */
3545:platform/HAL/src/stm32g4xx_hal_tim_ex.c **** }
3546:platform/HAL/src/stm32g4xx_hal_tim_ex.c **** 
3547:platform/HAL/src/stm32g4xx_hal_tim_ex.c **** 
3548:platform/HAL/src/stm32g4xx_hal_tim_ex.c **** /**
3549:platform/HAL/src/stm32g4xx_hal_tim_ex.c ****   * @brief  TIM DMA Delay Pulse complete callback (complementary channel).
3550:platform/HAL/src/stm32g4xx_hal_tim_ex.c ****   * @param  hdma pointer to DMA handle.
3551:platform/HAL/src/stm32g4xx_hal_tim_ex.c ****   * @retval None
3552:platform/HAL/src/stm32g4xx_hal_tim_ex.c ****   */
3553:platform/HAL/src/stm32g4xx_hal_tim_ex.c **** static void TIM_DMADelayPulseNCplt(DMA_HandleTypeDef *hdma)
3554:platform/HAL/src/stm32g4xx_hal_tim_ex.c **** {
3555:platform/HAL/src/stm32g4xx_hal_tim_ex.c ****   TIM_HandleTypeDef *htim = (TIM_HandleTypeDef *)((DMA_HandleTypeDef *)hdma)->Parent;
3556:platform/HAL/src/stm32g4xx_hal_tim_ex.c **** 
3557:platform/HAL/src/stm32g4xx_hal_tim_ex.c ****   if (hdma == htim->hdma[TIM_DMA_ID_CC1])
3558:platform/HAL/src/stm32g4xx_hal_tim_ex.c ****   {
3559:platform/HAL/src/stm32g4xx_hal_tim_ex.c ****     htim->Channel = HAL_TIM_ACTIVE_CHANNEL_1;
3560:platform/HAL/src/stm32g4xx_hal_tim_ex.c **** 
3561:platform/HAL/src/stm32g4xx_hal_tim_ex.c ****     if (hdma->Init.Mode == DMA_NORMAL)
3562:platform/HAL/src/stm32g4xx_hal_tim_ex.c ****     {
3563:platform/HAL/src/stm32g4xx_hal_tim_ex.c ****       TIM_CHANNEL_N_STATE_SET(htim, TIM_CHANNEL_1, HAL_TIM_CHANNEL_STATE_READY);
3564:platform/HAL/src/stm32g4xx_hal_tim_ex.c ****     }
ARM GAS  /tmp/cchCrvCd.s 			page 64


3565:platform/HAL/src/stm32g4xx_hal_tim_ex.c ****   }
3566:platform/HAL/src/stm32g4xx_hal_tim_ex.c ****   else if (hdma == htim->hdma[TIM_DMA_ID_CC2])
3567:platform/HAL/src/stm32g4xx_hal_tim_ex.c ****   {
3568:platform/HAL/src/stm32g4xx_hal_tim_ex.c ****     htim->Channel = HAL_TIM_ACTIVE_CHANNEL_2;
3569:platform/HAL/src/stm32g4xx_hal_tim_ex.c **** 
3570:platform/HAL/src/stm32g4xx_hal_tim_ex.c ****     if (hdma->Init.Mode == DMA_NORMAL)
3571:platform/HAL/src/stm32g4xx_hal_tim_ex.c ****     {
3572:platform/HAL/src/stm32g4xx_hal_tim_ex.c ****       TIM_CHANNEL_N_STATE_SET(htim, TIM_CHANNEL_2, HAL_TIM_CHANNEL_STATE_READY);
3573:platform/HAL/src/stm32g4xx_hal_tim_ex.c ****     }
3574:platform/HAL/src/stm32g4xx_hal_tim_ex.c ****   }
3575:platform/HAL/src/stm32g4xx_hal_tim_ex.c ****   else if (hdma == htim->hdma[TIM_DMA_ID_CC3])
3576:platform/HAL/src/stm32g4xx_hal_tim_ex.c ****   {
3577:platform/HAL/src/stm32g4xx_hal_tim_ex.c ****     htim->Channel = HAL_TIM_ACTIVE_CHANNEL_3;
3578:platform/HAL/src/stm32g4xx_hal_tim_ex.c **** 
3579:platform/HAL/src/stm32g4xx_hal_tim_ex.c ****     if (hdma->Init.Mode == DMA_NORMAL)
3580:platform/HAL/src/stm32g4xx_hal_tim_ex.c ****     {
3581:platform/HAL/src/stm32g4xx_hal_tim_ex.c ****       TIM_CHANNEL_N_STATE_SET(htim, TIM_CHANNEL_3, HAL_TIM_CHANNEL_STATE_READY);
3582:platform/HAL/src/stm32g4xx_hal_tim_ex.c ****     }
3583:platform/HAL/src/stm32g4xx_hal_tim_ex.c ****   }
3584:platform/HAL/src/stm32g4xx_hal_tim_ex.c ****   else if (hdma == htim->hdma[TIM_DMA_ID_CC4])
3585:platform/HAL/src/stm32g4xx_hal_tim_ex.c ****   {
3586:platform/HAL/src/stm32g4xx_hal_tim_ex.c ****     htim->Channel = HAL_TIM_ACTIVE_CHANNEL_4;
3587:platform/HAL/src/stm32g4xx_hal_tim_ex.c **** 
3588:platform/HAL/src/stm32g4xx_hal_tim_ex.c ****     if (hdma->Init.Mode == DMA_NORMAL)
3589:platform/HAL/src/stm32g4xx_hal_tim_ex.c ****     {
3590:platform/HAL/src/stm32g4xx_hal_tim_ex.c ****       TIM_CHANNEL_N_STATE_SET(htim, TIM_CHANNEL_4, HAL_TIM_CHANNEL_STATE_READY);
3591:platform/HAL/src/stm32g4xx_hal_tim_ex.c ****     }
3592:platform/HAL/src/stm32g4xx_hal_tim_ex.c ****   }
3593:platform/HAL/src/stm32g4xx_hal_tim_ex.c ****   else
3594:platform/HAL/src/stm32g4xx_hal_tim_ex.c ****   {
3595:platform/HAL/src/stm32g4xx_hal_tim_ex.c ****     /* nothing to do */
3596:platform/HAL/src/stm32g4xx_hal_tim_ex.c ****   }
3597:platform/HAL/src/stm32g4xx_hal_tim_ex.c **** 
3598:platform/HAL/src/stm32g4xx_hal_tim_ex.c **** #if (USE_HAL_TIM_REGISTER_CALLBACKS == 1)
3599:platform/HAL/src/stm32g4xx_hal_tim_ex.c ****   htim->PWM_PulseFinishedCallback(htim);
3600:platform/HAL/src/stm32g4xx_hal_tim_ex.c **** #else
3601:platform/HAL/src/stm32g4xx_hal_tim_ex.c ****   HAL_TIM_PWM_PulseFinishedCallback(htim);
3602:platform/HAL/src/stm32g4xx_hal_tim_ex.c **** #endif /* USE_HAL_TIM_REGISTER_CALLBACKS */
3603:platform/HAL/src/stm32g4xx_hal_tim_ex.c **** 
3604:platform/HAL/src/stm32g4xx_hal_tim_ex.c ****   htim->Channel = HAL_TIM_ACTIVE_CHANNEL_CLEARED;
3605:platform/HAL/src/stm32g4xx_hal_tim_ex.c **** }
3606:platform/HAL/src/stm32g4xx_hal_tim_ex.c **** 
3607:platform/HAL/src/stm32g4xx_hal_tim_ex.c **** /**
3608:platform/HAL/src/stm32g4xx_hal_tim_ex.c ****   * @brief  TIM DMA error callback (complementary channel)
3609:platform/HAL/src/stm32g4xx_hal_tim_ex.c ****   * @param  hdma pointer to DMA handle.
3610:platform/HAL/src/stm32g4xx_hal_tim_ex.c ****   * @retval None
3611:platform/HAL/src/stm32g4xx_hal_tim_ex.c ****   */
3612:platform/HAL/src/stm32g4xx_hal_tim_ex.c **** static void TIM_DMAErrorCCxN(DMA_HandleTypeDef *hdma)
3613:platform/HAL/src/stm32g4xx_hal_tim_ex.c **** {
3614:platform/HAL/src/stm32g4xx_hal_tim_ex.c ****   TIM_HandleTypeDef *htim = (TIM_HandleTypeDef *)((DMA_HandleTypeDef *)hdma)->Parent;
3615:platform/HAL/src/stm32g4xx_hal_tim_ex.c **** 
3616:platform/HAL/src/stm32g4xx_hal_tim_ex.c ****   if (hdma == htim->hdma[TIM_DMA_ID_CC1])
3617:platform/HAL/src/stm32g4xx_hal_tim_ex.c ****   {
3618:platform/HAL/src/stm32g4xx_hal_tim_ex.c ****     htim->Channel = HAL_TIM_ACTIVE_CHANNEL_1;
3619:platform/HAL/src/stm32g4xx_hal_tim_ex.c ****     TIM_CHANNEL_N_STATE_SET(htim, TIM_CHANNEL_1, HAL_TIM_CHANNEL_STATE_READY);
3620:platform/HAL/src/stm32g4xx_hal_tim_ex.c ****   }
3621:platform/HAL/src/stm32g4xx_hal_tim_ex.c ****   else if (hdma == htim->hdma[TIM_DMA_ID_CC2])
ARM GAS  /tmp/cchCrvCd.s 			page 65


3622:platform/HAL/src/stm32g4xx_hal_tim_ex.c ****   {
3623:platform/HAL/src/stm32g4xx_hal_tim_ex.c ****     htim->Channel = HAL_TIM_ACTIVE_CHANNEL_2;
3624:platform/HAL/src/stm32g4xx_hal_tim_ex.c ****     TIM_CHANNEL_N_STATE_SET(htim, TIM_CHANNEL_2, HAL_TIM_CHANNEL_STATE_READY);
3625:platform/HAL/src/stm32g4xx_hal_tim_ex.c ****   }
3626:platform/HAL/src/stm32g4xx_hal_tim_ex.c ****   else if (hdma == htim->hdma[TIM_DMA_ID_CC3])
3627:platform/HAL/src/stm32g4xx_hal_tim_ex.c ****   {
3628:platform/HAL/src/stm32g4xx_hal_tim_ex.c ****     htim->Channel = HAL_TIM_ACTIVE_CHANNEL_3;
3629:platform/HAL/src/stm32g4xx_hal_tim_ex.c ****     TIM_CHANNEL_N_STATE_SET(htim, TIM_CHANNEL_3, HAL_TIM_CHANNEL_STATE_READY);
3630:platform/HAL/src/stm32g4xx_hal_tim_ex.c ****   }
3631:platform/HAL/src/stm32g4xx_hal_tim_ex.c ****   else if (hdma == htim->hdma[TIM_DMA_ID_CC4])
3632:platform/HAL/src/stm32g4xx_hal_tim_ex.c ****   {
3633:platform/HAL/src/stm32g4xx_hal_tim_ex.c ****     htim->Channel = HAL_TIM_ACTIVE_CHANNEL_4;
3634:platform/HAL/src/stm32g4xx_hal_tim_ex.c ****     TIM_CHANNEL_N_STATE_SET(htim, TIM_CHANNEL_4, HAL_TIM_CHANNEL_STATE_READY);
3635:platform/HAL/src/stm32g4xx_hal_tim_ex.c ****   }
3636:platform/HAL/src/stm32g4xx_hal_tim_ex.c ****   else
3637:platform/HAL/src/stm32g4xx_hal_tim_ex.c ****   {
3638:platform/HAL/src/stm32g4xx_hal_tim_ex.c ****     /* nothing to do */
3639:platform/HAL/src/stm32g4xx_hal_tim_ex.c ****   }
3640:platform/HAL/src/stm32g4xx_hal_tim_ex.c **** 
3641:platform/HAL/src/stm32g4xx_hal_tim_ex.c **** #if (USE_HAL_TIM_REGISTER_CALLBACKS == 1)
3642:platform/HAL/src/stm32g4xx_hal_tim_ex.c ****   htim->ErrorCallback(htim);
3643:platform/HAL/src/stm32g4xx_hal_tim_ex.c **** #else
3644:platform/HAL/src/stm32g4xx_hal_tim_ex.c ****   HAL_TIM_ErrorCallback(htim);
3645:platform/HAL/src/stm32g4xx_hal_tim_ex.c **** #endif /* USE_HAL_TIM_REGISTER_CALLBACKS */
3646:platform/HAL/src/stm32g4xx_hal_tim_ex.c **** 
3647:platform/HAL/src/stm32g4xx_hal_tim_ex.c ****   htim->Channel = HAL_TIM_ACTIVE_CHANNEL_CLEARED;
3648:platform/HAL/src/stm32g4xx_hal_tim_ex.c **** }
3649:platform/HAL/src/stm32g4xx_hal_tim_ex.c **** 
3650:platform/HAL/src/stm32g4xx_hal_tim_ex.c **** /**
3651:platform/HAL/src/stm32g4xx_hal_tim_ex.c ****   * @brief  Enables or disables the TIM Capture Compare Channel xN.
3652:platform/HAL/src/stm32g4xx_hal_tim_ex.c ****   * @param  TIMx to select the TIM peripheral
3653:platform/HAL/src/stm32g4xx_hal_tim_ex.c ****   * @param  Channel specifies the TIM Channel
3654:platform/HAL/src/stm32g4xx_hal_tim_ex.c ****   *          This parameter can be one of the following values:
3655:platform/HAL/src/stm32g4xx_hal_tim_ex.c ****   *            @arg TIM_CHANNEL_1: TIM Channel 1
3656:platform/HAL/src/stm32g4xx_hal_tim_ex.c ****   *            @arg TIM_CHANNEL_2: TIM Channel 2
3657:platform/HAL/src/stm32g4xx_hal_tim_ex.c ****   *            @arg TIM_CHANNEL_3: TIM Channel 3
3658:platform/HAL/src/stm32g4xx_hal_tim_ex.c ****   *            @arg TIM_CHANNEL_4: TIM Channel 4
3659:platform/HAL/src/stm32g4xx_hal_tim_ex.c ****   * @param  ChannelNState specifies the TIM Channel CCxNE bit new state.
3660:platform/HAL/src/stm32g4xx_hal_tim_ex.c ****   *          This parameter can be: TIM_CCxN_ENABLE or TIM_CCxN_Disable.
3661:platform/HAL/src/stm32g4xx_hal_tim_ex.c ****   * @retval None
3662:platform/HAL/src/stm32g4xx_hal_tim_ex.c ****   */
3663:platform/HAL/src/stm32g4xx_hal_tim_ex.c **** static void TIM_CCxNChannelCmd(TIM_TypeDef *TIMx, uint32_t Channel, uint32_t ChannelNState)
3664:platform/HAL/src/stm32g4xx_hal_tim_ex.c **** {
  29              		.loc 1 3664 1 view -0
  30              		.cfi_startproc
  31              		@ args = 0, pretend = 0, frame = 0
  32              		@ frame_needed = 0, uses_anonymous_args = 0
  33              		@ link register save eliminated.
3665:platform/HAL/src/stm32g4xx_hal_tim_ex.c ****   uint32_t tmp;
  34              		.loc 1 3665 3 view .LVU1
3666:platform/HAL/src/stm32g4xx_hal_tim_ex.c **** 
3667:platform/HAL/src/stm32g4xx_hal_tim_ex.c ****   tmp = TIM_CCER_CC1NE << (Channel & 0xFU); /* 0xFU = 15 bits max shift */
  35              		.loc 1 3667 3 view .LVU2
  36              		.loc 1 3667 36 is_stmt 0 view .LVU3
  37 0000 01F00F01 		and	r1, r1, #15
  38              	.LVL1:
  39              		.loc 1 3667 7 view .LVU4
ARM GAS  /tmp/cchCrvCd.s 			page 66


  40 0004 4FF0040C 		mov	ip, #4
  41 0008 0CFA01FC 		lsl	ip, ip, r1
  42              	.LVL2:
3668:platform/HAL/src/stm32g4xx_hal_tim_ex.c **** 
3669:platform/HAL/src/stm32g4xx_hal_tim_ex.c ****   /* Reset the CCxNE Bit */
3670:platform/HAL/src/stm32g4xx_hal_tim_ex.c ****   TIMx->CCER &=  ~tmp;
  43              		.loc 1 3670 3 is_stmt 1 view .LVU5
  44              		.loc 1 3670 7 is_stmt 0 view .LVU6
  45 000c 036A     		ldr	r3, [r0, #32]
  46              		.loc 1 3670 14 view .LVU7
  47 000e 23EA0C03 		bic	r3, r3, ip
  48 0012 0362     		str	r3, [r0, #32]
3671:platform/HAL/src/stm32g4xx_hal_tim_ex.c **** 
3672:platform/HAL/src/stm32g4xx_hal_tim_ex.c ****   /* Set or reset the CCxNE Bit */
3673:platform/HAL/src/stm32g4xx_hal_tim_ex.c ****   TIMx->CCER |= (uint32_t)(ChannelNState << (Channel & 0xFU)); /* 0xFU = 15 bits max shift */
  49              		.loc 1 3673 3 is_stmt 1 view .LVU8
  50              		.loc 1 3673 7 is_stmt 0 view .LVU9
  51 0014 036A     		ldr	r3, [r0, #32]
  52              		.loc 1 3673 42 view .LVU10
  53 0016 8A40     		lsls	r2, r2, r1
  54              	.LVL3:
  55              		.loc 1 3673 14 view .LVU11
  56 0018 1343     		orrs	r3, r3, r2
  57 001a 0362     		str	r3, [r0, #32]
3674:platform/HAL/src/stm32g4xx_hal_tim_ex.c **** }
  58              		.loc 1 3674 1 view .LVU12
  59 001c 7047     		bx	lr
  60              		.cfi_endproc
  61              	.LFE397:
  63              		.section	.text.TIM_DMAErrorCCxN,"ax",%progbits
  64              		.align	1
  65              		.syntax unified
  66              		.thumb
  67              		.thumb_func
  69              	TIM_DMAErrorCCxN:
  70              	.LVL4:
  71              	.LFB396:
3613:platform/HAL/src/stm32g4xx_hal_tim_ex.c ****   TIM_HandleTypeDef *htim = (TIM_HandleTypeDef *)((DMA_HandleTypeDef *)hdma)->Parent;
  72              		.loc 1 3613 1 is_stmt 1 view -0
  73              		.cfi_startproc
  74              		@ args = 0, pretend = 0, frame = 0
  75              		@ frame_needed = 0, uses_anonymous_args = 0
3613:platform/HAL/src/stm32g4xx_hal_tim_ex.c ****   TIM_HandleTypeDef *htim = (TIM_HandleTypeDef *)((DMA_HandleTypeDef *)hdma)->Parent;
  76              		.loc 1 3613 1 is_stmt 0 view .LVU14
  77 0000 10B5     		push	{r4, lr}
  78              	.LCFI0:
  79              		.cfi_def_cfa_offset 8
  80              		.cfi_offset 4, -8
  81              		.cfi_offset 14, -4
3614:platform/HAL/src/stm32g4xx_hal_tim_ex.c **** 
  82              		.loc 1 3614 3 is_stmt 1 view .LVU15
3614:platform/HAL/src/stm32g4xx_hal_tim_ex.c **** 
  83              		.loc 1 3614 22 is_stmt 0 view .LVU16
  84 0002 846A     		ldr	r4, [r0, #40]
  85              	.LVL5:
3616:platform/HAL/src/stm32g4xx_hal_tim_ex.c ****   {
  86              		.loc 1 3616 3 is_stmt 1 view .LVU17
ARM GAS  /tmp/cchCrvCd.s 			page 67


3616:platform/HAL/src/stm32g4xx_hal_tim_ex.c ****   {
  87              		.loc 1 3616 25 is_stmt 0 view .LVU18
  88 0004 636A     		ldr	r3, [r4, #36]
3616:platform/HAL/src/stm32g4xx_hal_tim_ex.c ****   {
  89              		.loc 1 3616 6 view .LVU19
  90 0006 8342     		cmp	r3, r0
  91 0008 0ED0     		beq	.L8
3621:platform/HAL/src/stm32g4xx_hal_tim_ex.c ****   {
  92              		.loc 1 3621 8 is_stmt 1 view .LVU20
3621:platform/HAL/src/stm32g4xx_hal_tim_ex.c ****   {
  93              		.loc 1 3621 30 is_stmt 0 view .LVU21
  94 000a A36A     		ldr	r3, [r4, #40]
3621:platform/HAL/src/stm32g4xx_hal_tim_ex.c ****   {
  95              		.loc 1 3621 11 view .LVU22
  96 000c 8342     		cmp	r3, r0
  97 000e 15D0     		beq	.L9
3626:platform/HAL/src/stm32g4xx_hal_tim_ex.c ****   {
  98              		.loc 1 3626 8 is_stmt 1 view .LVU23
3626:platform/HAL/src/stm32g4xx_hal_tim_ex.c ****   {
  99              		.loc 1 3626 30 is_stmt 0 view .LVU24
 100 0010 E36A     		ldr	r3, [r4, #44]
3626:platform/HAL/src/stm32g4xx_hal_tim_ex.c ****   {
 101              		.loc 1 3626 11 view .LVU25
 102 0012 8342     		cmp	r3, r0
 103 0014 18D0     		beq	.L10
3631:platform/HAL/src/stm32g4xx_hal_tim_ex.c ****   {
 104              		.loc 1 3631 8 is_stmt 1 view .LVU26
3631:platform/HAL/src/stm32g4xx_hal_tim_ex.c ****   {
 105              		.loc 1 3631 30 is_stmt 0 view .LVU27
 106 0016 236B     		ldr	r3, [r4, #48]
3631:platform/HAL/src/stm32g4xx_hal_tim_ex.c ****   {
 107              		.loc 1 3631 11 view .LVU28
 108 0018 8342     		cmp	r3, r0
 109 001a 09D1     		bne	.L4
3633:platform/HAL/src/stm32g4xx_hal_tim_ex.c ****     TIM_CHANNEL_N_STATE_SET(htim, TIM_CHANNEL_4, HAL_TIM_CHANNEL_STATE_READY);
 110              		.loc 1 3633 5 is_stmt 1 view .LVU29
3633:platform/HAL/src/stm32g4xx_hal_tim_ex.c ****     TIM_CHANNEL_N_STATE_SET(htim, TIM_CHANNEL_4, HAL_TIM_CHANNEL_STATE_READY);
 111              		.loc 1 3633 19 is_stmt 0 view .LVU30
 112 001c 0823     		movs	r3, #8
 113 001e 2377     		strb	r3, [r4, #28]
3634:platform/HAL/src/stm32g4xx_hal_tim_ex.c ****   }
 114              		.loc 1 3634 5 is_stmt 1 view .LVU31
 115 0020 0123     		movs	r3, #1
 116 0022 84F84730 		strb	r3, [r4, #71]
 117 0026 03E0     		b	.L4
 118              	.L8:
3618:platform/HAL/src/stm32g4xx_hal_tim_ex.c ****     TIM_CHANNEL_N_STATE_SET(htim, TIM_CHANNEL_1, HAL_TIM_CHANNEL_STATE_READY);
 119              		.loc 1 3618 5 view .LVU32
3618:platform/HAL/src/stm32g4xx_hal_tim_ex.c ****     TIM_CHANNEL_N_STATE_SET(htim, TIM_CHANNEL_1, HAL_TIM_CHANNEL_STATE_READY);
 120              		.loc 1 3618 19 is_stmt 0 view .LVU33
 121 0028 0123     		movs	r3, #1
 122 002a 2377     		strb	r3, [r4, #28]
3619:platform/HAL/src/stm32g4xx_hal_tim_ex.c ****   }
 123              		.loc 1 3619 5 is_stmt 1 view .LVU34
 124 002c 84F84430 		strb	r3, [r4, #68]
 125              	.L4:
3639:platform/HAL/src/stm32g4xx_hal_tim_ex.c **** 
ARM GAS  /tmp/cchCrvCd.s 			page 68


 126              		.loc 1 3639 3 view .LVU35
3644:platform/HAL/src/stm32g4xx_hal_tim_ex.c **** #endif /* USE_HAL_TIM_REGISTER_CALLBACKS */
 127              		.loc 1 3644 3 view .LVU36
 128 0030 2046     		mov	r0, r4
 129              	.LVL6:
3644:platform/HAL/src/stm32g4xx_hal_tim_ex.c **** #endif /* USE_HAL_TIM_REGISTER_CALLBACKS */
 130              		.loc 1 3644 3 is_stmt 0 view .LVU37
 131 0032 FFF7FEFF 		bl	HAL_TIM_ErrorCallback
 132              	.LVL7:
3647:platform/HAL/src/stm32g4xx_hal_tim_ex.c **** }
 133              		.loc 1 3647 3 is_stmt 1 view .LVU38
3647:platform/HAL/src/stm32g4xx_hal_tim_ex.c **** }
 134              		.loc 1 3647 17 is_stmt 0 view .LVU39
 135 0036 0023     		movs	r3, #0
 136 0038 2377     		strb	r3, [r4, #28]
3648:platform/HAL/src/stm32g4xx_hal_tim_ex.c **** 
 137              		.loc 1 3648 1 view .LVU40
 138 003a 10BD     		pop	{r4, pc}
 139              	.LVL8:
 140              	.L9:
3623:platform/HAL/src/stm32g4xx_hal_tim_ex.c ****     TIM_CHANNEL_N_STATE_SET(htim, TIM_CHANNEL_2, HAL_TIM_CHANNEL_STATE_READY);
 141              		.loc 1 3623 5 is_stmt 1 view .LVU41
3623:platform/HAL/src/stm32g4xx_hal_tim_ex.c ****     TIM_CHANNEL_N_STATE_SET(htim, TIM_CHANNEL_2, HAL_TIM_CHANNEL_STATE_READY);
 142              		.loc 1 3623 19 is_stmt 0 view .LVU42
 143 003c 0223     		movs	r3, #2
 144 003e 2377     		strb	r3, [r4, #28]
3624:platform/HAL/src/stm32g4xx_hal_tim_ex.c ****   }
 145              		.loc 1 3624 5 is_stmt 1 view .LVU43
 146 0040 0123     		movs	r3, #1
 147 0042 84F84530 		strb	r3, [r4, #69]
 148 0046 F3E7     		b	.L4
 149              	.L10:
3628:platform/HAL/src/stm32g4xx_hal_tim_ex.c ****     TIM_CHANNEL_N_STATE_SET(htim, TIM_CHANNEL_3, HAL_TIM_CHANNEL_STATE_READY);
 150              		.loc 1 3628 5 view .LVU44
3628:platform/HAL/src/stm32g4xx_hal_tim_ex.c ****     TIM_CHANNEL_N_STATE_SET(htim, TIM_CHANNEL_3, HAL_TIM_CHANNEL_STATE_READY);
 151              		.loc 1 3628 19 is_stmt 0 view .LVU45
 152 0048 0423     		movs	r3, #4
 153 004a 2377     		strb	r3, [r4, #28]
3629:platform/HAL/src/stm32g4xx_hal_tim_ex.c ****   }
 154              		.loc 1 3629 5 is_stmt 1 view .LVU46
 155 004c 0123     		movs	r3, #1
 156 004e 84F84630 		strb	r3, [r4, #70]
 157 0052 EDE7     		b	.L4
 158              		.cfi_endproc
 159              	.LFE396:
 161              		.section	.text.TIM_DMADelayPulseNCplt,"ax",%progbits
 162              		.align	1
 163              		.syntax unified
 164              		.thumb
 165              		.thumb_func
 167              	TIM_DMADelayPulseNCplt:
 168              	.LVL9:
 169              	.LFB395:
3554:platform/HAL/src/stm32g4xx_hal_tim_ex.c ****   TIM_HandleTypeDef *htim = (TIM_HandleTypeDef *)((DMA_HandleTypeDef *)hdma)->Parent;
 170              		.loc 1 3554 1 view -0
 171              		.cfi_startproc
 172              		@ args = 0, pretend = 0, frame = 0
ARM GAS  /tmp/cchCrvCd.s 			page 69


 173              		@ frame_needed = 0, uses_anonymous_args = 0
3554:platform/HAL/src/stm32g4xx_hal_tim_ex.c ****   TIM_HandleTypeDef *htim = (TIM_HandleTypeDef *)((DMA_HandleTypeDef *)hdma)->Parent;
 174              		.loc 1 3554 1 is_stmt 0 view .LVU48
 175 0000 10B5     		push	{r4, lr}
 176              	.LCFI1:
 177              		.cfi_def_cfa_offset 8
 178              		.cfi_offset 4, -8
 179              		.cfi_offset 14, -4
3555:platform/HAL/src/stm32g4xx_hal_tim_ex.c **** 
 180              		.loc 1 3555 3 is_stmt 1 view .LVU49
3555:platform/HAL/src/stm32g4xx_hal_tim_ex.c **** 
 181              		.loc 1 3555 22 is_stmt 0 view .LVU50
 182 0002 846A     		ldr	r4, [r0, #40]
 183              	.LVL10:
3557:platform/HAL/src/stm32g4xx_hal_tim_ex.c ****   {
 184              		.loc 1 3557 3 is_stmt 1 view .LVU51
3557:platform/HAL/src/stm32g4xx_hal_tim_ex.c ****   {
 185              		.loc 1 3557 25 is_stmt 0 view .LVU52
 186 0004 636A     		ldr	r3, [r4, #36]
3557:platform/HAL/src/stm32g4xx_hal_tim_ex.c ****   {
 187              		.loc 1 3557 6 view .LVU53
 188 0006 8342     		cmp	r3, r0
 189 0008 0ED0     		beq	.L17
3566:platform/HAL/src/stm32g4xx_hal_tim_ex.c ****   {
 190              		.loc 1 3566 8 is_stmt 1 view .LVU54
3566:platform/HAL/src/stm32g4xx_hal_tim_ex.c ****   {
 191              		.loc 1 3566 30 is_stmt 0 view .LVU55
 192 000a A36A     		ldr	r3, [r4, #40]
3566:platform/HAL/src/stm32g4xx_hal_tim_ex.c ****   {
 193              		.loc 1 3566 11 view .LVU56
 194 000c 8342     		cmp	r3, r0
 195 000e 14D0     		beq	.L18
3575:platform/HAL/src/stm32g4xx_hal_tim_ex.c ****   {
 196              		.loc 1 3575 8 is_stmt 1 view .LVU57
3575:platform/HAL/src/stm32g4xx_hal_tim_ex.c ****   {
 197              		.loc 1 3575 30 is_stmt 0 view .LVU58
 198 0010 E36A     		ldr	r3, [r4, #44]
3575:platform/HAL/src/stm32g4xx_hal_tim_ex.c ****   {
 199              		.loc 1 3575 11 view .LVU59
 200 0012 8342     		cmp	r3, r0
 201 0014 1AD0     		beq	.L19
3584:platform/HAL/src/stm32g4xx_hal_tim_ex.c ****   {
 202              		.loc 1 3584 8 is_stmt 1 view .LVU60
3584:platform/HAL/src/stm32g4xx_hal_tim_ex.c ****   {
 203              		.loc 1 3584 30 is_stmt 0 view .LVU61
 204 0016 236B     		ldr	r3, [r4, #48]
3584:platform/HAL/src/stm32g4xx_hal_tim_ex.c ****   {
 205              		.loc 1 3584 11 view .LVU62
 206 0018 8342     		cmp	r3, r0
 207 001a 20D0     		beq	.L20
 208              	.L13:
3596:platform/HAL/src/stm32g4xx_hal_tim_ex.c **** 
 209              		.loc 1 3596 3 is_stmt 1 view .LVU63
3601:platform/HAL/src/stm32g4xx_hal_tim_ex.c **** #endif /* USE_HAL_TIM_REGISTER_CALLBACKS */
 210              		.loc 1 3601 3 view .LVU64
 211 001c 2046     		mov	r0, r4
 212              	.LVL11:
ARM GAS  /tmp/cchCrvCd.s 			page 70


3601:platform/HAL/src/stm32g4xx_hal_tim_ex.c **** #endif /* USE_HAL_TIM_REGISTER_CALLBACKS */
 213              		.loc 1 3601 3 is_stmt 0 view .LVU65
 214 001e FFF7FEFF 		bl	HAL_TIM_PWM_PulseFinishedCallback
 215              	.LVL12:
3604:platform/HAL/src/stm32g4xx_hal_tim_ex.c **** }
 216              		.loc 1 3604 3 is_stmt 1 view .LVU66
3604:platform/HAL/src/stm32g4xx_hal_tim_ex.c **** }
 217              		.loc 1 3604 17 is_stmt 0 view .LVU67
 218 0022 0023     		movs	r3, #0
 219 0024 2377     		strb	r3, [r4, #28]
3605:platform/HAL/src/stm32g4xx_hal_tim_ex.c **** 
 220              		.loc 1 3605 1 view .LVU68
 221 0026 10BD     		pop	{r4, pc}
 222              	.LVL13:
 223              	.L17:
3559:platform/HAL/src/stm32g4xx_hal_tim_ex.c **** 
 224              		.loc 1 3559 5 is_stmt 1 view .LVU69
3559:platform/HAL/src/stm32g4xx_hal_tim_ex.c **** 
 225              		.loc 1 3559 19 is_stmt 0 view .LVU70
 226 0028 0123     		movs	r3, #1
 227 002a 2377     		strb	r3, [r4, #28]
3561:platform/HAL/src/stm32g4xx_hal_tim_ex.c ****     {
 228              		.loc 1 3561 5 is_stmt 1 view .LVU71
3561:platform/HAL/src/stm32g4xx_hal_tim_ex.c ****     {
 229              		.loc 1 3561 19 is_stmt 0 view .LVU72
 230 002c C369     		ldr	r3, [r0, #28]
3561:platform/HAL/src/stm32g4xx_hal_tim_ex.c ****     {
 231              		.loc 1 3561 8 view .LVU73
 232 002e 002B     		cmp	r3, #0
 233 0030 F4D1     		bne	.L13
3563:platform/HAL/src/stm32g4xx_hal_tim_ex.c ****     }
 234              		.loc 1 3563 7 is_stmt 1 view .LVU74
 235 0032 0123     		movs	r3, #1
 236 0034 84F84430 		strb	r3, [r4, #68]
 237 0038 F0E7     		b	.L13
 238              	.L18:
3568:platform/HAL/src/stm32g4xx_hal_tim_ex.c **** 
 239              		.loc 1 3568 5 view .LVU75
3568:platform/HAL/src/stm32g4xx_hal_tim_ex.c **** 
 240              		.loc 1 3568 19 is_stmt 0 view .LVU76
 241 003a 0223     		movs	r3, #2
 242 003c 2377     		strb	r3, [r4, #28]
3570:platform/HAL/src/stm32g4xx_hal_tim_ex.c ****     {
 243              		.loc 1 3570 5 is_stmt 1 view .LVU77
3570:platform/HAL/src/stm32g4xx_hal_tim_ex.c ****     {
 244              		.loc 1 3570 19 is_stmt 0 view .LVU78
 245 003e C369     		ldr	r3, [r0, #28]
3570:platform/HAL/src/stm32g4xx_hal_tim_ex.c ****     {
 246              		.loc 1 3570 8 view .LVU79
 247 0040 002B     		cmp	r3, #0
 248 0042 EBD1     		bne	.L13
3572:platform/HAL/src/stm32g4xx_hal_tim_ex.c ****     }
 249              		.loc 1 3572 7 is_stmt 1 view .LVU80
 250 0044 0123     		movs	r3, #1
 251 0046 84F84530 		strb	r3, [r4, #69]
 252 004a E7E7     		b	.L13
 253              	.L19:
ARM GAS  /tmp/cchCrvCd.s 			page 71


3577:platform/HAL/src/stm32g4xx_hal_tim_ex.c **** 
 254              		.loc 1 3577 5 view .LVU81
3577:platform/HAL/src/stm32g4xx_hal_tim_ex.c **** 
 255              		.loc 1 3577 19 is_stmt 0 view .LVU82
 256 004c 0423     		movs	r3, #4
 257 004e 2377     		strb	r3, [r4, #28]
3579:platform/HAL/src/stm32g4xx_hal_tim_ex.c ****     {
 258              		.loc 1 3579 5 is_stmt 1 view .LVU83
3579:platform/HAL/src/stm32g4xx_hal_tim_ex.c ****     {
 259              		.loc 1 3579 19 is_stmt 0 view .LVU84
 260 0050 C369     		ldr	r3, [r0, #28]
3579:platform/HAL/src/stm32g4xx_hal_tim_ex.c ****     {
 261              		.loc 1 3579 8 view .LVU85
 262 0052 002B     		cmp	r3, #0
 263 0054 E2D1     		bne	.L13
3581:platform/HAL/src/stm32g4xx_hal_tim_ex.c ****     }
 264              		.loc 1 3581 7 is_stmt 1 view .LVU86
 265 0056 0123     		movs	r3, #1
 266 0058 84F84630 		strb	r3, [r4, #70]
 267 005c DEE7     		b	.L13
 268              	.L20:
3586:platform/HAL/src/stm32g4xx_hal_tim_ex.c **** 
 269              		.loc 1 3586 5 view .LVU87
3586:platform/HAL/src/stm32g4xx_hal_tim_ex.c **** 
 270              		.loc 1 3586 19 is_stmt 0 view .LVU88
 271 005e 0823     		movs	r3, #8
 272 0060 2377     		strb	r3, [r4, #28]
3588:platform/HAL/src/stm32g4xx_hal_tim_ex.c ****     {
 273              		.loc 1 3588 5 is_stmt 1 view .LVU89
3588:platform/HAL/src/stm32g4xx_hal_tim_ex.c ****     {
 274              		.loc 1 3588 19 is_stmt 0 view .LVU90
 275 0062 C369     		ldr	r3, [r0, #28]
3588:platform/HAL/src/stm32g4xx_hal_tim_ex.c ****     {
 276              		.loc 1 3588 8 view .LVU91
 277 0064 002B     		cmp	r3, #0
 278 0066 D9D1     		bne	.L13
3590:platform/HAL/src/stm32g4xx_hal_tim_ex.c ****     }
 279              		.loc 1 3590 7 is_stmt 1 view .LVU92
 280 0068 0123     		movs	r3, #1
 281 006a 84F84730 		strb	r3, [r4, #71]
 282 006e D5E7     		b	.L13
 283              		.cfi_endproc
 284              	.LFE395:
 286              		.section	.text.HAL_TIMEx_HallSensor_MspInit,"ax",%progbits
 287              		.align	1
 288              		.weak	HAL_TIMEx_HallSensor_MspInit
 289              		.syntax unified
 290              		.thumb
 291              		.thumb_func
 293              	HAL_TIMEx_HallSensor_MspInit:
 294              	.LVL14:
 295              	.LFB331:
 305:platform/HAL/src/stm32g4xx_hal_tim_ex.c ****   /* Prevent unused argument(s) compilation warning */
 296              		.loc 1 305 1 view -0
 297              		.cfi_startproc
 298              		@ args = 0, pretend = 0, frame = 0
 299              		@ frame_needed = 0, uses_anonymous_args = 0
ARM GAS  /tmp/cchCrvCd.s 			page 72


 300              		@ link register save eliminated.
 307:platform/HAL/src/stm32g4xx_hal_tim_ex.c **** 
 301              		.loc 1 307 3 view .LVU94
 312:platform/HAL/src/stm32g4xx_hal_tim_ex.c **** 
 302              		.loc 1 312 1 is_stmt 0 view .LVU95
 303 0000 7047     		bx	lr
 304              		.cfi_endproc
 305              	.LFE331:
 307              		.section	.text.HAL_TIMEx_HallSensor_Init,"ax",%progbits
 308              		.align	1
 309              		.global	HAL_TIMEx_HallSensor_Init
 310              		.syntax unified
 311              		.thumb
 312              		.thumb_func
 314              	HAL_TIMEx_HallSensor_Init:
 315              	.LVL15:
 316              	.LFB329:
 158:platform/HAL/src/stm32g4xx_hal_tim_ex.c ****   TIM_OC_InitTypeDef OC_Config;
 317              		.loc 1 158 1 is_stmt 1 view -0
 318              		.cfi_startproc
 319              		@ args = 0, pretend = 0, frame = 32
 320              		@ frame_needed = 0, uses_anonymous_args = 0
 159:platform/HAL/src/stm32g4xx_hal_tim_ex.c **** 
 321              		.loc 1 159 3 view .LVU97
 162:platform/HAL/src/stm32g4xx_hal_tim_ex.c ****   {
 322              		.loc 1 162 3 view .LVU98
 162:platform/HAL/src/stm32g4xx_hal_tim_ex.c ****   {
 323              		.loc 1 162 6 is_stmt 0 view .LVU99
 324 0000 0028     		cmp	r0, #0
 325 0002 6BD0     		beq	.L25
 158:platform/HAL/src/stm32g4xx_hal_tim_ex.c ****   TIM_OC_InitTypeDef OC_Config;
 326              		.loc 1 158 1 view .LVU100
 327 0004 70B5     		push	{r4, r5, r6, lr}
 328              	.LCFI2:
 329              		.cfi_def_cfa_offset 16
 330              		.cfi_offset 4, -16
 331              		.cfi_offset 5, -12
 332              		.cfi_offset 6, -8
 333              		.cfi_offset 14, -4
 334 0006 88B0     		sub	sp, sp, #32
 335              	.LCFI3:
 336              		.cfi_def_cfa_offset 48
 337 0008 0E46     		mov	r6, r1
 338 000a 0446     		mov	r4, r0
 168:platform/HAL/src/stm32g4xx_hal_tim_ex.c ****   assert_param(IS_TIM_COUNTER_MODE(htim->Init.CounterMode));
 339              		.loc 1 168 3 is_stmt 1 view .LVU101
 169:platform/HAL/src/stm32g4xx_hal_tim_ex.c ****   assert_param(IS_TIM_CLOCKDIVISION_DIV(htim->Init.ClockDivision));
 340              		.loc 1 169 3 view .LVU102
 170:platform/HAL/src/stm32g4xx_hal_tim_ex.c ****   assert_param(IS_TIM_AUTORELOAD_PRELOAD(htim->Init.AutoReloadPreload));
 341              		.loc 1 170 3 view .LVU103
 171:platform/HAL/src/stm32g4xx_hal_tim_ex.c ****   assert_param(IS_TIM_IC_POLARITY(sConfig->IC1Polarity));
 342              		.loc 1 171 3 view .LVU104
 172:platform/HAL/src/stm32g4xx_hal_tim_ex.c ****   assert_param(IS_TIM_PERIOD(htim, htim->Init.Period));
 343              		.loc 1 172 3 view .LVU105
 173:platform/HAL/src/stm32g4xx_hal_tim_ex.c ****   assert_param(IS_TIM_IC_PRESCALER(sConfig->IC1Prescaler));
 344              		.loc 1 173 3 view .LVU106
 174:platform/HAL/src/stm32g4xx_hal_tim_ex.c ****   assert_param(IS_TIM_IC_FILTER(sConfig->IC1Filter));
ARM GAS  /tmp/cchCrvCd.s 			page 73


 345              		.loc 1 174 3 view .LVU107
 175:platform/HAL/src/stm32g4xx_hal_tim_ex.c **** 
 346              		.loc 1 175 3 view .LVU108
 177:platform/HAL/src/stm32g4xx_hal_tim_ex.c ****   {
 347              		.loc 1 177 3 view .LVU109
 177:platform/HAL/src/stm32g4xx_hal_tim_ex.c ****   {
 348              		.loc 1 177 11 is_stmt 0 view .LVU110
 349 000c 90F83D30 		ldrb	r3, [r0, #61]	@ zero_extendqisi2
 177:platform/HAL/src/stm32g4xx_hal_tim_ex.c ****   {
 350              		.loc 1 177 6 view .LVU111
 351 0010 002B     		cmp	r3, #0
 352 0012 5ED0     		beq	.L30
 353              	.LVL16:
 354              	.L24:
 199:platform/HAL/src/stm32g4xx_hal_tim_ex.c **** 
 355              		.loc 1 199 3 is_stmt 1 view .LVU112
 199:platform/HAL/src/stm32g4xx_hal_tim_ex.c **** 
 356              		.loc 1 199 15 is_stmt 0 view .LVU113
 357 0014 0223     		movs	r3, #2
 358 0016 84F83D30 		strb	r3, [r4, #61]
 202:platform/HAL/src/stm32g4xx_hal_tim_ex.c **** 
 359              		.loc 1 202 3 is_stmt 1 view .LVU114
 202:platform/HAL/src/stm32g4xx_hal_tim_ex.c **** 
 360              		.loc 1 202 38 is_stmt 0 view .LVU115
 361 001a 2146     		mov	r1, r4
 202:platform/HAL/src/stm32g4xx_hal_tim_ex.c **** 
 362              		.loc 1 202 3 view .LVU116
 363 001c 51F8040B 		ldr	r0, [r1], #4
 364 0020 FFF7FEFF 		bl	TIM_Base_SetConfig
 365              	.LVL17:
 205:platform/HAL/src/stm32g4xx_hal_tim_ex.c **** 
 366              		.loc 1 205 3 is_stmt 1 view .LVU117
 367 0024 B368     		ldr	r3, [r6, #8]
 368 0026 0322     		movs	r2, #3
 369 0028 3168     		ldr	r1, [r6]
 370 002a 2068     		ldr	r0, [r4]
 371 002c FFF7FEFF 		bl	TIM_TI1_SetConfig
 372              	.LVL18:
 208:platform/HAL/src/stm32g4xx_hal_tim_ex.c ****   /* Set the IC1PSC value */
 373              		.loc 1 208 3 view .LVU118
 208:platform/HAL/src/stm32g4xx_hal_tim_ex.c ****   /* Set the IC1PSC value */
 374              		.loc 1 208 7 is_stmt 0 view .LVU119
 375 0030 2268     		ldr	r2, [r4]
 208:platform/HAL/src/stm32g4xx_hal_tim_ex.c ****   /* Set the IC1PSC value */
 376              		.loc 1 208 17 view .LVU120
 377 0032 9369     		ldr	r3, [r2, #24]
 208:platform/HAL/src/stm32g4xx_hal_tim_ex.c ****   /* Set the IC1PSC value */
 378              		.loc 1 208 25 view .LVU121
 379 0034 23F00C03 		bic	r3, r3, #12
 380 0038 9361     		str	r3, [r2, #24]
 210:platform/HAL/src/stm32g4xx_hal_tim_ex.c **** 
 381              		.loc 1 210 3 is_stmt 1 view .LVU122
 210:platform/HAL/src/stm32g4xx_hal_tim_ex.c **** 
 382              		.loc 1 210 7 is_stmt 0 view .LVU123
 383 003a 2268     		ldr	r2, [r4]
 210:platform/HAL/src/stm32g4xx_hal_tim_ex.c **** 
 384              		.loc 1 210 17 view .LVU124
ARM GAS  /tmp/cchCrvCd.s 			page 74


 385 003c 9369     		ldr	r3, [r2, #24]
 210:platform/HAL/src/stm32g4xx_hal_tim_ex.c **** 
 386              		.loc 1 210 35 view .LVU125
 387 003e 7168     		ldr	r1, [r6, #4]
 210:platform/HAL/src/stm32g4xx_hal_tim_ex.c **** 
 388              		.loc 1 210 25 view .LVU126
 389 0040 0B43     		orrs	r3, r3, r1
 390 0042 9361     		str	r3, [r2, #24]
 213:platform/HAL/src/stm32g4xx_hal_tim_ex.c **** 
 391              		.loc 1 213 3 is_stmt 1 view .LVU127
 213:platform/HAL/src/stm32g4xx_hal_tim_ex.c **** 
 392              		.loc 1 213 7 is_stmt 0 view .LVU128
 393 0044 2268     		ldr	r2, [r4]
 213:platform/HAL/src/stm32g4xx_hal_tim_ex.c **** 
 394              		.loc 1 213 17 view .LVU129
 395 0046 5368     		ldr	r3, [r2, #4]
 213:platform/HAL/src/stm32g4xx_hal_tim_ex.c **** 
 396              		.loc 1 213 23 view .LVU130
 397 0048 43F08003 		orr	r3, r3, #128
 398 004c 5360     		str	r3, [r2, #4]
 216:platform/HAL/src/stm32g4xx_hal_tim_ex.c ****   htim->Instance->SMCR |= TIM_TS_TI1F_ED;
 399              		.loc 1 216 3 is_stmt 1 view .LVU131
 216:platform/HAL/src/stm32g4xx_hal_tim_ex.c ****   htim->Instance->SMCR |= TIM_TS_TI1F_ED;
 400              		.loc 1 216 7 is_stmt 0 view .LVU132
 401 004e 2268     		ldr	r2, [r4]
 216:platform/HAL/src/stm32g4xx_hal_tim_ex.c ****   htim->Instance->SMCR |= TIM_TS_TI1F_ED;
 402              		.loc 1 216 17 view .LVU133
 403 0050 9368     		ldr	r3, [r2, #8]
 216:platform/HAL/src/stm32g4xx_hal_tim_ex.c ****   htim->Instance->SMCR |= TIM_TS_TI1F_ED;
 404              		.loc 1 216 24 view .LVU134
 405 0052 23F44013 		bic	r3, r3, #3145728
 406 0056 23F07003 		bic	r3, r3, #112
 407 005a 9360     		str	r3, [r2, #8]
 217:platform/HAL/src/stm32g4xx_hal_tim_ex.c **** 
 408              		.loc 1 217 3 is_stmt 1 view .LVU135
 217:platform/HAL/src/stm32g4xx_hal_tim_ex.c **** 
 409              		.loc 1 217 7 is_stmt 0 view .LVU136
 410 005c 2268     		ldr	r2, [r4]
 217:platform/HAL/src/stm32g4xx_hal_tim_ex.c **** 
 411              		.loc 1 217 17 view .LVU137
 412 005e 9368     		ldr	r3, [r2, #8]
 217:platform/HAL/src/stm32g4xx_hal_tim_ex.c **** 
 413              		.loc 1 217 24 view .LVU138
 414 0060 43F04003 		orr	r3, r3, #64
 415 0064 9360     		str	r3, [r2, #8]
 220:platform/HAL/src/stm32g4xx_hal_tim_ex.c ****   htim->Instance->SMCR |= TIM_SLAVEMODE_RESET;
 416              		.loc 1 220 3 is_stmt 1 view .LVU139
 220:platform/HAL/src/stm32g4xx_hal_tim_ex.c ****   htim->Instance->SMCR |= TIM_SLAVEMODE_RESET;
 417              		.loc 1 220 7 is_stmt 0 view .LVU140
 418 0066 2268     		ldr	r2, [r4]
 220:platform/HAL/src/stm32g4xx_hal_tim_ex.c ****   htim->Instance->SMCR |= TIM_SLAVEMODE_RESET;
 419              		.loc 1 220 17 view .LVU141
 420 0068 9368     		ldr	r3, [r2, #8]
 220:platform/HAL/src/stm32g4xx_hal_tim_ex.c ****   htim->Instance->SMCR |= TIM_SLAVEMODE_RESET;
 421              		.loc 1 220 24 view .LVU142
 422 006a 23F48033 		bic	r3, r3, #65536
 423 006e 23F00703 		bic	r3, r3, #7
ARM GAS  /tmp/cchCrvCd.s 			page 75


 424 0072 9360     		str	r3, [r2, #8]
 221:platform/HAL/src/stm32g4xx_hal_tim_ex.c **** 
 425              		.loc 1 221 3 is_stmt 1 view .LVU143
 221:platform/HAL/src/stm32g4xx_hal_tim_ex.c **** 
 426              		.loc 1 221 7 is_stmt 0 view .LVU144
 427 0074 2268     		ldr	r2, [r4]
 221:platform/HAL/src/stm32g4xx_hal_tim_ex.c **** 
 428              		.loc 1 221 17 view .LVU145
 429 0076 9368     		ldr	r3, [r2, #8]
 221:platform/HAL/src/stm32g4xx_hal_tim_ex.c **** 
 430              		.loc 1 221 24 view .LVU146
 431 0078 43F00403 		orr	r3, r3, #4
 432 007c 9360     		str	r3, [r2, #8]
 224:platform/HAL/src/stm32g4xx_hal_tim_ex.c ****   OC_Config.OCIdleState = TIM_OCIDLESTATE_RESET;
 433              		.loc 1 224 3 is_stmt 1 view .LVU147
 224:platform/HAL/src/stm32g4xx_hal_tim_ex.c ****   OC_Config.OCIdleState = TIM_OCIDLESTATE_RESET;
 434              		.loc 1 224 24 is_stmt 0 view .LVU148
 435 007e 0025     		movs	r5, #0
 436 0080 0595     		str	r5, [sp, #20]
 225:platform/HAL/src/stm32g4xx_hal_tim_ex.c ****   OC_Config.OCMode = TIM_OCMODE_PWM2;
 437              		.loc 1 225 3 is_stmt 1 view .LVU149
 225:platform/HAL/src/stm32g4xx_hal_tim_ex.c ****   OC_Config.OCMode = TIM_OCMODE_PWM2;
 438              		.loc 1 225 25 is_stmt 0 view .LVU150
 439 0082 0695     		str	r5, [sp, #24]
 226:platform/HAL/src/stm32g4xx_hal_tim_ex.c ****   OC_Config.OCNIdleState = TIM_OCNIDLESTATE_RESET;
 440              		.loc 1 226 3 is_stmt 1 view .LVU151
 226:platform/HAL/src/stm32g4xx_hal_tim_ex.c ****   OC_Config.OCNIdleState = TIM_OCNIDLESTATE_RESET;
 441              		.loc 1 226 20 is_stmt 0 view .LVU152
 442 0084 7023     		movs	r3, #112
 443 0086 0193     		str	r3, [sp, #4]
 227:platform/HAL/src/stm32g4xx_hal_tim_ex.c ****   OC_Config.OCNPolarity = TIM_OCNPOLARITY_HIGH;
 444              		.loc 1 227 3 is_stmt 1 view .LVU153
 227:platform/HAL/src/stm32g4xx_hal_tim_ex.c ****   OC_Config.OCNPolarity = TIM_OCNPOLARITY_HIGH;
 445              		.loc 1 227 26 is_stmt 0 view .LVU154
 446 0088 0795     		str	r5, [sp, #28]
 228:platform/HAL/src/stm32g4xx_hal_tim_ex.c ****   OC_Config.OCPolarity = TIM_OCPOLARITY_HIGH;
 447              		.loc 1 228 3 is_stmt 1 view .LVU155
 228:platform/HAL/src/stm32g4xx_hal_tim_ex.c ****   OC_Config.OCPolarity = TIM_OCPOLARITY_HIGH;
 448              		.loc 1 228 25 is_stmt 0 view .LVU156
 449 008a 0495     		str	r5, [sp, #16]
 229:platform/HAL/src/stm32g4xx_hal_tim_ex.c ****   OC_Config.Pulse = sConfig->Commutation_Delay;
 450              		.loc 1 229 3 is_stmt 1 view .LVU157
 229:platform/HAL/src/stm32g4xx_hal_tim_ex.c ****   OC_Config.Pulse = sConfig->Commutation_Delay;
 451              		.loc 1 229 24 is_stmt 0 view .LVU158
 452 008c 0395     		str	r5, [sp, #12]
 230:platform/HAL/src/stm32g4xx_hal_tim_ex.c **** 
 453              		.loc 1 230 3 is_stmt 1 view .LVU159
 230:platform/HAL/src/stm32g4xx_hal_tim_ex.c **** 
 454              		.loc 1 230 28 is_stmt 0 view .LVU160
 455 008e F368     		ldr	r3, [r6, #12]
 230:platform/HAL/src/stm32g4xx_hal_tim_ex.c **** 
 456              		.loc 1 230 19 view .LVU161
 457 0090 0293     		str	r3, [sp, #8]
 232:platform/HAL/src/stm32g4xx_hal_tim_ex.c **** 
 458              		.loc 1 232 3 is_stmt 1 view .LVU162
 459 0092 01A9     		add	r1, sp, #4
 460 0094 2068     		ldr	r0, [r4]
ARM GAS  /tmp/cchCrvCd.s 			page 76


 461 0096 FFF7FEFF 		bl	TIM_OC2_SetConfig
 462              	.LVL19:
 236:platform/HAL/src/stm32g4xx_hal_tim_ex.c ****   htim->Instance->CR2 |= TIM_TRGO_OC2REF;
 463              		.loc 1 236 3 view .LVU163
 236:platform/HAL/src/stm32g4xx_hal_tim_ex.c ****   htim->Instance->CR2 |= TIM_TRGO_OC2REF;
 464              		.loc 1 236 7 is_stmt 0 view .LVU164
 465 009a 2268     		ldr	r2, [r4]
 236:platform/HAL/src/stm32g4xx_hal_tim_ex.c ****   htim->Instance->CR2 |= TIM_TRGO_OC2REF;
 466              		.loc 1 236 17 view .LVU165
 467 009c 5368     		ldr	r3, [r2, #4]
 236:platform/HAL/src/stm32g4xx_hal_tim_ex.c ****   htim->Instance->CR2 |= TIM_TRGO_OC2REF;
 468              		.loc 1 236 23 view .LVU166
 469 009e 23F00073 		bic	r3, r3, #33554432
 470 00a2 23F07003 		bic	r3, r3, #112
 471 00a6 5360     		str	r3, [r2, #4]
 237:platform/HAL/src/stm32g4xx_hal_tim_ex.c **** 
 472              		.loc 1 237 3 is_stmt 1 view .LVU167
 237:platform/HAL/src/stm32g4xx_hal_tim_ex.c **** 
 473              		.loc 1 237 7 is_stmt 0 view .LVU168
 474 00a8 2268     		ldr	r2, [r4]
 237:platform/HAL/src/stm32g4xx_hal_tim_ex.c **** 
 475              		.loc 1 237 17 view .LVU169
 476 00aa 5368     		ldr	r3, [r2, #4]
 237:platform/HAL/src/stm32g4xx_hal_tim_ex.c **** 
 477              		.loc 1 237 23 view .LVU170
 478 00ac 43F05003 		orr	r3, r3, #80
 479 00b0 5360     		str	r3, [r2, #4]
 240:platform/HAL/src/stm32g4xx_hal_tim_ex.c **** 
 480              		.loc 1 240 3 is_stmt 1 view .LVU171
 240:platform/HAL/src/stm32g4xx_hal_tim_ex.c **** 
 481              		.loc 1 240 23 is_stmt 0 view .LVU172
 482 00b2 0123     		movs	r3, #1
 483 00b4 84F84830 		strb	r3, [r4, #72]
 243:platform/HAL/src/stm32g4xx_hal_tim_ex.c ****   TIM_CHANNEL_STATE_SET(htim, TIM_CHANNEL_2, HAL_TIM_CHANNEL_STATE_READY);
 484              		.loc 1 243 3 is_stmt 1 view .LVU173
 485 00b8 84F83E30 		strb	r3, [r4, #62]
 244:platform/HAL/src/stm32g4xx_hal_tim_ex.c ****   TIM_CHANNEL_N_STATE_SET(htim, TIM_CHANNEL_1, HAL_TIM_CHANNEL_STATE_READY);
 486              		.loc 1 244 3 view .LVU174
 487 00bc 84F83F30 		strb	r3, [r4, #63]
 245:platform/HAL/src/stm32g4xx_hal_tim_ex.c ****   TIM_CHANNEL_N_STATE_SET(htim, TIM_CHANNEL_2, HAL_TIM_CHANNEL_STATE_READY);
 488              		.loc 1 245 3 view .LVU175
 489 00c0 84F84430 		strb	r3, [r4, #68]
 246:platform/HAL/src/stm32g4xx_hal_tim_ex.c **** 
 490              		.loc 1 246 3 view .LVU176
 491 00c4 84F84530 		strb	r3, [r4, #69]
 249:platform/HAL/src/stm32g4xx_hal_tim_ex.c **** 
 492              		.loc 1 249 3 view .LVU177
 249:platform/HAL/src/stm32g4xx_hal_tim_ex.c **** 
 493              		.loc 1 249 15 is_stmt 0 view .LVU178
 494 00c8 84F83D30 		strb	r3, [r4, #61]
 251:platform/HAL/src/stm32g4xx_hal_tim_ex.c **** }
 495              		.loc 1 251 3 is_stmt 1 view .LVU179
 251:platform/HAL/src/stm32g4xx_hal_tim_ex.c **** }
 496              		.loc 1 251 10 is_stmt 0 view .LVU180
 497 00cc 2846     		mov	r0, r5
 252:platform/HAL/src/stm32g4xx_hal_tim_ex.c **** 
 498              		.loc 1 252 1 view .LVU181
ARM GAS  /tmp/cchCrvCd.s 			page 77


 499 00ce 08B0     		add	sp, sp, #32
 500              	.LCFI4:
 501              		.cfi_remember_state
 502              		.cfi_def_cfa_offset 16
 503              		@ sp needed
 504 00d0 70BD     		pop	{r4, r5, r6, pc}
 505              	.LVL20:
 506              	.L30:
 507              	.LCFI5:
 508              		.cfi_restore_state
 180:platform/HAL/src/stm32g4xx_hal_tim_ex.c **** 
 509              		.loc 1 180 5 is_stmt 1 view .LVU182
 180:platform/HAL/src/stm32g4xx_hal_tim_ex.c **** 
 510              		.loc 1 180 16 is_stmt 0 view .LVU183
 511 00d2 80F83C30 		strb	r3, [r0, #60]
 194:platform/HAL/src/stm32g4xx_hal_tim_ex.c **** #endif /* USE_HAL_TIM_REGISTER_CALLBACKS */
 512              		.loc 1 194 5 is_stmt 1 view .LVU184
 513 00d6 FFF7FEFF 		bl	HAL_TIMEx_HallSensor_MspInit
 514              	.LVL21:
 194:platform/HAL/src/stm32g4xx_hal_tim_ex.c **** #endif /* USE_HAL_TIM_REGISTER_CALLBACKS */
 515              		.loc 1 194 5 is_stmt 0 view .LVU185
 516 00da 9BE7     		b	.L24
 517              	.LVL22:
 518              	.L25:
 519              	.LCFI6:
 520              		.cfi_def_cfa_offset 0
 521              		.cfi_restore 4
 522              		.cfi_restore 5
 523              		.cfi_restore 6
 524              		.cfi_restore 14
 164:platform/HAL/src/stm32g4xx_hal_tim_ex.c ****   }
 525              		.loc 1 164 12 view .LVU186
 526 00dc 0120     		movs	r0, #1
 527              	.LVL23:
 252:platform/HAL/src/stm32g4xx_hal_tim_ex.c **** 
 528              		.loc 1 252 1 view .LVU187
 529 00de 7047     		bx	lr
 530              		.cfi_endproc
 531              	.LFE329:
 533              		.section	.text.HAL_TIMEx_HallSensor_MspDeInit,"ax",%progbits
 534              		.align	1
 535              		.weak	HAL_TIMEx_HallSensor_MspDeInit
 536              		.syntax unified
 537              		.thumb
 538              		.thumb_func
 540              	HAL_TIMEx_HallSensor_MspDeInit:
 541              	.LVL24:
 542              	.LFB332:
 320:platform/HAL/src/stm32g4xx_hal_tim_ex.c ****   /* Prevent unused argument(s) compilation warning */
 543              		.loc 1 320 1 is_stmt 1 view -0
 544              		.cfi_startproc
 545              		@ args = 0, pretend = 0, frame = 0
 546              		@ frame_needed = 0, uses_anonymous_args = 0
 547              		@ link register save eliminated.
 322:platform/HAL/src/stm32g4xx_hal_tim_ex.c **** 
 548              		.loc 1 322 3 view .LVU189
 327:platform/HAL/src/stm32g4xx_hal_tim_ex.c **** 
ARM GAS  /tmp/cchCrvCd.s 			page 78


 549              		.loc 1 327 1 is_stmt 0 view .LVU190
 550 0000 7047     		bx	lr
 551              		.cfi_endproc
 552              	.LFE332:
 554              		.section	.text.HAL_TIMEx_HallSensor_DeInit,"ax",%progbits
 555              		.align	1
 556              		.global	HAL_TIMEx_HallSensor_DeInit
 557              		.syntax unified
 558              		.thumb
 559              		.thumb_func
 561              	HAL_TIMEx_HallSensor_DeInit:
 562              	.LVL25:
 563              	.LFB330:
 260:platform/HAL/src/stm32g4xx_hal_tim_ex.c ****   /* Check the parameters */
 564              		.loc 1 260 1 is_stmt 1 view -0
 565              		.cfi_startproc
 566              		@ args = 0, pretend = 0, frame = 0
 567              		@ frame_needed = 0, uses_anonymous_args = 0
 260:platform/HAL/src/stm32g4xx_hal_tim_ex.c ****   /* Check the parameters */
 568              		.loc 1 260 1 is_stmt 0 view .LVU192
 569 0000 10B5     		push	{r4, lr}
 570              	.LCFI7:
 571              		.cfi_def_cfa_offset 8
 572              		.cfi_offset 4, -8
 573              		.cfi_offset 14, -4
 574 0002 0446     		mov	r4, r0
 262:platform/HAL/src/stm32g4xx_hal_tim_ex.c **** 
 575              		.loc 1 262 3 is_stmt 1 view .LVU193
 264:platform/HAL/src/stm32g4xx_hal_tim_ex.c **** 
 576              		.loc 1 264 3 view .LVU194
 264:platform/HAL/src/stm32g4xx_hal_tim_ex.c **** 
 577              		.loc 1 264 15 is_stmt 0 view .LVU195
 578 0004 0223     		movs	r3, #2
 579 0006 80F83D30 		strb	r3, [r0, #61]
 267:platform/HAL/src/stm32g4xx_hal_tim_ex.c **** 
 580              		.loc 1 267 3 is_stmt 1 view .LVU196
 267:platform/HAL/src/stm32g4xx_hal_tim_ex.c **** 
 581              		.loc 1 267 3 view .LVU197
 582 000a 0268     		ldr	r2, [r0]
 583 000c 136A     		ldr	r3, [r2, #32]
 584 000e 03F01133 		and	r3, r3, #286331153
 585 0012 23F08853 		bic	r3, r3, #285212672
 586 0016 43B9     		cbnz	r3, .L33
 267:platform/HAL/src/stm32g4xx_hal_tim_ex.c **** 
 587              		.loc 1 267 3 discriminator 1 view .LVU198
 588 0018 116A     		ldr	r1, [r2, #32]
 589 001a 44F24443 		movw	r3, #17476
 590 001e 1942     		tst	r1, r3
 591 0020 03D1     		bne	.L33
 267:platform/HAL/src/stm32g4xx_hal_tim_ex.c **** 
 592              		.loc 1 267 3 discriminator 3 view .LVU199
 593 0022 1368     		ldr	r3, [r2]
 594 0024 23F00103 		bic	r3, r3, #1
 595 0028 1360     		str	r3, [r2]
 596              	.L33:
 267:platform/HAL/src/stm32g4xx_hal_tim_ex.c **** 
 597              		.loc 1 267 3 discriminator 5 view .LVU200
ARM GAS  /tmp/cchCrvCd.s 			page 79


 278:platform/HAL/src/stm32g4xx_hal_tim_ex.c **** #endif /* USE_HAL_TIM_REGISTER_CALLBACKS */
 598              		.loc 1 278 3 view .LVU201
 599 002a 2046     		mov	r0, r4
 600              	.LVL26:
 278:platform/HAL/src/stm32g4xx_hal_tim_ex.c **** #endif /* USE_HAL_TIM_REGISTER_CALLBACKS */
 601              		.loc 1 278 3 is_stmt 0 view .LVU202
 602 002c FFF7FEFF 		bl	HAL_TIMEx_HallSensor_MspDeInit
 603              	.LVL27:
 282:platform/HAL/src/stm32g4xx_hal_tim_ex.c **** 
 604              		.loc 1 282 3 is_stmt 1 view .LVU203
 282:platform/HAL/src/stm32g4xx_hal_tim_ex.c **** 
 605              		.loc 1 282 23 is_stmt 0 view .LVU204
 606 0030 0020     		movs	r0, #0
 607 0032 84F84800 		strb	r0, [r4, #72]
 285:platform/HAL/src/stm32g4xx_hal_tim_ex.c ****   TIM_CHANNEL_STATE_SET(htim, TIM_CHANNEL_2, HAL_TIM_CHANNEL_STATE_RESET);
 608              		.loc 1 285 3 is_stmt 1 view .LVU205
 609 0036 84F83E00 		strb	r0, [r4, #62]
 286:platform/HAL/src/stm32g4xx_hal_tim_ex.c ****   TIM_CHANNEL_N_STATE_SET(htim, TIM_CHANNEL_1, HAL_TIM_CHANNEL_STATE_RESET);
 610              		.loc 1 286 3 view .LVU206
 611 003a 84F83F00 		strb	r0, [r4, #63]
 287:platform/HAL/src/stm32g4xx_hal_tim_ex.c ****   TIM_CHANNEL_N_STATE_SET(htim, TIM_CHANNEL_2, HAL_TIM_CHANNEL_STATE_RESET);
 612              		.loc 1 287 3 view .LVU207
 613 003e 84F84400 		strb	r0, [r4, #68]
 288:platform/HAL/src/stm32g4xx_hal_tim_ex.c **** 
 614              		.loc 1 288 3 view .LVU208
 615 0042 84F84500 		strb	r0, [r4, #69]
 291:platform/HAL/src/stm32g4xx_hal_tim_ex.c **** 
 616              		.loc 1 291 3 view .LVU209
 291:platform/HAL/src/stm32g4xx_hal_tim_ex.c **** 
 617              		.loc 1 291 15 is_stmt 0 view .LVU210
 618 0046 84F83D00 		strb	r0, [r4, #61]
 294:platform/HAL/src/stm32g4xx_hal_tim_ex.c **** 
 619              		.loc 1 294 3 is_stmt 1 view .LVU211
 294:platform/HAL/src/stm32g4xx_hal_tim_ex.c **** 
 620              		.loc 1 294 3 view .LVU212
 621 004a 84F83C00 		strb	r0, [r4, #60]
 294:platform/HAL/src/stm32g4xx_hal_tim_ex.c **** 
 622              		.loc 1 294 3 view .LVU213
 296:platform/HAL/src/stm32g4xx_hal_tim_ex.c **** }
 623              		.loc 1 296 3 view .LVU214
 297:platform/HAL/src/stm32g4xx_hal_tim_ex.c **** 
 624              		.loc 1 297 1 is_stmt 0 view .LVU215
 625 004e 10BD     		pop	{r4, pc}
 297:platform/HAL/src/stm32g4xx_hal_tim_ex.c **** 
 626              		.loc 1 297 1 view .LVU216
 627              		.cfi_endproc
 628              	.LFE330:
 630              		.section	.text.HAL_TIMEx_HallSensor_Start,"ax",%progbits
 631              		.align	1
 632              		.global	HAL_TIMEx_HallSensor_Start
 633              		.syntax unified
 634              		.thumb
 635              		.thumb_func
 637              	HAL_TIMEx_HallSensor_Start:
 638              	.LVL28:
 639              	.LFB333:
 335:platform/HAL/src/stm32g4xx_hal_tim_ex.c ****   uint32_t tmpsmcr;
ARM GAS  /tmp/cchCrvCd.s 			page 80


 640              		.loc 1 335 1 is_stmt 1 view -0
 641              		.cfi_startproc
 642              		@ args = 0, pretend = 0, frame = 0
 643              		@ frame_needed = 0, uses_anonymous_args = 0
 335:platform/HAL/src/stm32g4xx_hal_tim_ex.c ****   uint32_t tmpsmcr;
 644              		.loc 1 335 1 is_stmt 0 view .LVU218
 645 0000 10B5     		push	{r4, lr}
 646              	.LCFI8:
 647              		.cfi_def_cfa_offset 8
 648              		.cfi_offset 4, -8
 649              		.cfi_offset 14, -4
 650 0002 0446     		mov	r4, r0
 336:platform/HAL/src/stm32g4xx_hal_tim_ex.c ****   HAL_TIM_ChannelStateTypeDef channel_1_state = TIM_CHANNEL_STATE_GET(htim, TIM_CHANNEL_1);
 651              		.loc 1 336 3 is_stmt 1 view .LVU219
 337:platform/HAL/src/stm32g4xx_hal_tim_ex.c ****   HAL_TIM_ChannelStateTypeDef channel_2_state = TIM_CHANNEL_STATE_GET(htim, TIM_CHANNEL_2);
 652              		.loc 1 337 3 view .LVU220
 337:platform/HAL/src/stm32g4xx_hal_tim_ex.c ****   HAL_TIM_ChannelStateTypeDef channel_2_state = TIM_CHANNEL_STATE_GET(htim, TIM_CHANNEL_2);
 653              		.loc 1 337 31 is_stmt 0 view .LVU221
 654 0004 90F83EC0 		ldrb	ip, [r0, #62]	@ zero_extendqisi2
 655              	.LVL29:
 338:platform/HAL/src/stm32g4xx_hal_tim_ex.c ****   HAL_TIM_ChannelStateTypeDef complementary_channel_1_state = TIM_CHANNEL_N_STATE_GET(htim, TIM_CHA
 656              		.loc 1 338 3 is_stmt 1 view .LVU222
 338:platform/HAL/src/stm32g4xx_hal_tim_ex.c ****   HAL_TIM_ChannelStateTypeDef complementary_channel_1_state = TIM_CHANNEL_N_STATE_GET(htim, TIM_CHA
 657              		.loc 1 338 31 is_stmt 0 view .LVU223
 658 0008 90F83F30 		ldrb	r3, [r0, #63]	@ zero_extendqisi2
 659              	.LVL30:
 339:platform/HAL/src/stm32g4xx_hal_tim_ex.c ****   HAL_TIM_ChannelStateTypeDef complementary_channel_2_state = TIM_CHANNEL_N_STATE_GET(htim, TIM_CHA
 660              		.loc 1 339 3 is_stmt 1 view .LVU224
 339:platform/HAL/src/stm32g4xx_hal_tim_ex.c ****   HAL_TIM_ChannelStateTypeDef complementary_channel_2_state = TIM_CHANNEL_N_STATE_GET(htim, TIM_CHA
 661              		.loc 1 339 31 is_stmt 0 view .LVU225
 662 000c 90F84420 		ldrb	r2, [r0, #68]	@ zero_extendqisi2
 663              	.LVL31:
 340:platform/HAL/src/stm32g4xx_hal_tim_ex.c **** 
 664              		.loc 1 340 3 is_stmt 1 view .LVU226
 340:platform/HAL/src/stm32g4xx_hal_tim_ex.c **** 
 665              		.loc 1 340 31 is_stmt 0 view .LVU227
 666 0010 90F84510 		ldrb	r1, [r0, #69]	@ zero_extendqisi2
 667              	.LVL32:
 343:platform/HAL/src/stm32g4xx_hal_tim_ex.c **** 
 668              		.loc 1 343 3 is_stmt 1 view .LVU228
 346:platform/HAL/src/stm32g4xx_hal_tim_ex.c ****       || (channel_2_state != HAL_TIM_CHANNEL_STATE_READY)
 669              		.loc 1 346 3 view .LVU229
 346:platform/HAL/src/stm32g4xx_hal_tim_ex.c ****       || (channel_2_state != HAL_TIM_CHANNEL_STATE_READY)
 670              		.loc 1 346 6 is_stmt 0 view .LVU230
 671 0014 BCF1010F 		cmp	ip, #1
 672 0018 4CD1     		bne	.L39
 673 001a 5FFA8CF0 		uxtb	r0, ip
 674              	.LVL33:
 346:platform/HAL/src/stm32g4xx_hal_tim_ex.c ****       || (channel_2_state != HAL_TIM_CHANNEL_STATE_READY)
 675              		.loc 1 346 6 view .LVU231
 676 001e DBB2     		uxtb	r3, r3
 346:platform/HAL/src/stm32g4xx_hal_tim_ex.c ****       || (channel_2_state != HAL_TIM_CHANNEL_STATE_READY)
 677              		.loc 1 346 6 view .LVU232
 678 0020 D2B2     		uxtb	r2, r2
 346:platform/HAL/src/stm32g4xx_hal_tim_ex.c ****       || (channel_2_state != HAL_TIM_CHANNEL_STATE_READY)
 679              		.loc 1 346 6 view .LVU233
 680 0022 C9B2     		uxtb	r1, r1
ARM GAS  /tmp/cchCrvCd.s 			page 81


 347:platform/HAL/src/stm32g4xx_hal_tim_ex.c ****       || (complementary_channel_1_state != HAL_TIM_CHANNEL_STATE_READY)
 681              		.loc 1 347 7 view .LVU234
 682 0024 012B     		cmp	r3, #1
 683 0026 46D1     		bne	.L36
 348:platform/HAL/src/stm32g4xx_hal_tim_ex.c ****       || (complementary_channel_2_state != HAL_TIM_CHANNEL_STATE_READY))
 684              		.loc 1 348 7 view .LVU235
 685 0028 012A     		cmp	r2, #1
 686 002a 45D1     		bne	.L40
 349:platform/HAL/src/stm32g4xx_hal_tim_ex.c ****   {
 687              		.loc 1 349 7 view .LVU236
 688 002c 0129     		cmp	r1, #1
 689 002e 01D0     		beq	.L45
 351:platform/HAL/src/stm32g4xx_hal_tim_ex.c ****   }
 690              		.loc 1 351 12 view .LVU237
 691 0030 1046     		mov	r0, r2
 692 0032 40E0     		b	.L36
 693              	.L45:
 355:platform/HAL/src/stm32g4xx_hal_tim_ex.c ****   TIM_CHANNEL_STATE_SET(htim, TIM_CHANNEL_2, HAL_TIM_CHANNEL_STATE_BUSY);
 694              		.loc 1 355 3 is_stmt 1 view .LVU238
 695 0034 0223     		movs	r3, #2
 696              	.LVL34:
 355:platform/HAL/src/stm32g4xx_hal_tim_ex.c ****   TIM_CHANNEL_STATE_SET(htim, TIM_CHANNEL_2, HAL_TIM_CHANNEL_STATE_BUSY);
 697              		.loc 1 355 3 is_stmt 0 view .LVU239
 698 0036 84F83E30 		strb	r3, [r4, #62]
 356:platform/HAL/src/stm32g4xx_hal_tim_ex.c ****   TIM_CHANNEL_N_STATE_SET(htim, TIM_CHANNEL_1, HAL_TIM_CHANNEL_STATE_BUSY);
 699              		.loc 1 356 3 is_stmt 1 view .LVU240
 700 003a 84F83F30 		strb	r3, [r4, #63]
 357:platform/HAL/src/stm32g4xx_hal_tim_ex.c ****   TIM_CHANNEL_N_STATE_SET(htim, TIM_CHANNEL_2, HAL_TIM_CHANNEL_STATE_BUSY);
 701              		.loc 1 357 3 view .LVU241
 702 003e 84F84430 		strb	r3, [r4, #68]
 358:platform/HAL/src/stm32g4xx_hal_tim_ex.c **** 
 703              		.loc 1 358 3 view .LVU242
 704 0042 84F84530 		strb	r3, [r4, #69]
 363:platform/HAL/src/stm32g4xx_hal_tim_ex.c **** 
 705              		.loc 1 363 3 view .LVU243
 706 0046 0021     		movs	r1, #0
 707              	.LVL35:
 363:platform/HAL/src/stm32g4xx_hal_tim_ex.c **** 
 708              		.loc 1 363 3 is_stmt 0 view .LVU244
 709 0048 2068     		ldr	r0, [r4]
 710 004a FFF7FEFF 		bl	TIM_CCxChannelCmd
 711              	.LVL36:
 366:platform/HAL/src/stm32g4xx_hal_tim_ex.c ****   {
 712              		.loc 1 366 3 is_stmt 1 view .LVU245
 366:platform/HAL/src/stm32g4xx_hal_tim_ex.c ****   {
 713              		.loc 1 366 7 is_stmt 0 view .LVU246
 714 004e 2368     		ldr	r3, [r4]
 366:platform/HAL/src/stm32g4xx_hal_tim_ex.c ****   {
 715              		.loc 1 366 6 view .LVU247
 716 0050 1C4A     		ldr	r2, .L46
 717 0052 9342     		cmp	r3, r2
 718 0054 20D0     		beq	.L37
 366:platform/HAL/src/stm32g4xx_hal_tim_ex.c ****   {
 719              		.loc 1 366 7 discriminator 1 view .LVU248
 720 0056 B3F1804F 		cmp	r3, #1073741824
 721 005a 1DD0     		beq	.L37
 366:platform/HAL/src/stm32g4xx_hal_tim_ex.c ****   {
ARM GAS  /tmp/cchCrvCd.s 			page 82


 722              		.loc 1 366 7 discriminator 2 view .LVU249
 723 005c A2F59432 		sub	r2, r2, #75776
 724 0060 9342     		cmp	r3, r2
 725 0062 19D0     		beq	.L37
 366:platform/HAL/src/stm32g4xx_hal_tim_ex.c ****   {
 726              		.loc 1 366 7 discriminator 3 view .LVU250
 727 0064 02F58062 		add	r2, r2, #1024
 728 0068 9342     		cmp	r3, r2
 729 006a 15D0     		beq	.L37
 366:platform/HAL/src/stm32g4xx_hal_tim_ex.c ****   {
 730              		.loc 1 366 7 discriminator 4 view .LVU251
 731 006c 02F58062 		add	r2, r2, #1024
 732 0070 9342     		cmp	r3, r2
 733 0072 11D0     		beq	.L37
 366:platform/HAL/src/stm32g4xx_hal_tim_ex.c ****   {
 734              		.loc 1 366 7 discriminator 5 view .LVU252
 735 0074 02F59432 		add	r2, r2, #75776
 736 0078 9342     		cmp	r3, r2
 737 007a 0DD0     		beq	.L37
 366:platform/HAL/src/stm32g4xx_hal_tim_ex.c ****   {
 738              		.loc 1 366 7 discriminator 6 view .LVU253
 739 007c 02F54062 		add	r2, r2, #3072
 740 0080 9342     		cmp	r3, r2
 741 0082 09D0     		beq	.L37
 366:platform/HAL/src/stm32g4xx_hal_tim_ex.c ****   {
 742              		.loc 1 366 7 discriminator 7 view .LVU254
 743 0084 02F58052 		add	r2, r2, #4096
 744 0088 9342     		cmp	r3, r2
 745 008a 05D0     		beq	.L37
 376:platform/HAL/src/stm32g4xx_hal_tim_ex.c ****   }
 746              		.loc 1 376 5 is_stmt 1 view .LVU255
 747 008c 1A68     		ldr	r2, [r3]
 748 008e 42F00102 		orr	r2, r2, #1
 749 0092 1A60     		str	r2, [r3]
 380:platform/HAL/src/stm32g4xx_hal_tim_ex.c **** }
 750              		.loc 1 380 10 is_stmt 0 view .LVU256
 751 0094 0020     		movs	r0, #0
 752 0096 0EE0     		b	.L36
 753              	.L37:
 368:platform/HAL/src/stm32g4xx_hal_tim_ex.c ****     if (!IS_TIM_SLAVEMODE_TRIGGER_ENABLED(tmpsmcr))
 754              		.loc 1 368 5 is_stmt 1 view .LVU257
 368:platform/HAL/src/stm32g4xx_hal_tim_ex.c ****     if (!IS_TIM_SLAVEMODE_TRIGGER_ENABLED(tmpsmcr))
 755              		.loc 1 368 29 is_stmt 0 view .LVU258
 756 0098 9968     		ldr	r1, [r3, #8]
 368:platform/HAL/src/stm32g4xx_hal_tim_ex.c ****     if (!IS_TIM_SLAVEMODE_TRIGGER_ENABLED(tmpsmcr))
 757              		.loc 1 368 13 view .LVU259
 758 009a 0B4A     		ldr	r2, .L46+4
 759 009c 0A40     		ands	r2, r2, r1
 760              	.LVL37:
 369:platform/HAL/src/stm32g4xx_hal_tim_ex.c ****     {
 761              		.loc 1 369 5 is_stmt 1 view .LVU260
 369:platform/HAL/src/stm32g4xx_hal_tim_ex.c ****     {
 762              		.loc 1 369 8 is_stmt 0 view .LVU261
 763 009e 062A     		cmp	r2, #6
 764 00a0 0CD0     		beq	.L42
 369:platform/HAL/src/stm32g4xx_hal_tim_ex.c ****     {
 765              		.loc 1 369 9 discriminator 1 view .LVU262
ARM GAS  /tmp/cchCrvCd.s 			page 83


 766 00a2 B2F5803F 		cmp	r2, #65536
 767 00a6 0BD0     		beq	.L43
 371:platform/HAL/src/stm32g4xx_hal_tim_ex.c ****     }
 768              		.loc 1 371 7 is_stmt 1 view .LVU263
 769 00a8 1A68     		ldr	r2, [r3]
 770              	.LVL38:
 371:platform/HAL/src/stm32g4xx_hal_tim_ex.c ****     }
 771              		.loc 1 371 7 is_stmt 0 view .LVU264
 772 00aa 42F00102 		orr	r2, r2, #1
 773 00ae 1A60     		str	r2, [r3]
 380:platform/HAL/src/stm32g4xx_hal_tim_ex.c **** }
 774              		.loc 1 380 10 view .LVU265
 775 00b0 0020     		movs	r0, #0
 776 00b2 00E0     		b	.L36
 777              	.LVL39:
 778              	.L39:
 351:platform/HAL/src/stm32g4xx_hal_tim_ex.c ****   }
 779              		.loc 1 351 12 view .LVU266
 780 00b4 0120     		movs	r0, #1
 781              	.LVL40:
 782              	.L36:
 381:platform/HAL/src/stm32g4xx_hal_tim_ex.c **** 
 783              		.loc 1 381 1 view .LVU267
 784 00b6 10BD     		pop	{r4, pc}
 785              	.LVL41:
 786              	.L40:
 351:platform/HAL/src/stm32g4xx_hal_tim_ex.c ****   }
 787              		.loc 1 351 12 view .LVU268
 788 00b8 1846     		mov	r0, r3
 789 00ba FCE7     		b	.L36
 790              	.LVL42:
 791              	.L42:
 380:platform/HAL/src/stm32g4xx_hal_tim_ex.c **** }
 792              		.loc 1 380 10 view .LVU269
 793 00bc 0020     		movs	r0, #0
 794 00be FAE7     		b	.L36
 795              	.L43:
 796 00c0 0020     		movs	r0, #0
 797 00c2 F8E7     		b	.L36
 798              	.L47:
 799              		.align	2
 800              	.L46:
 801 00c4 002C0140 		.word	1073818624
 802 00c8 07000100 		.word	65543
 803              		.cfi_endproc
 804              	.LFE333:
 806              		.section	.text.HAL_TIMEx_HallSensor_Stop,"ax",%progbits
 807              		.align	1
 808              		.global	HAL_TIMEx_HallSensor_Stop
 809              		.syntax unified
 810              		.thumb
 811              		.thumb_func
 813              	HAL_TIMEx_HallSensor_Stop:
 814              	.LVL43:
 815              	.LFB334:
 389:platform/HAL/src/stm32g4xx_hal_tim_ex.c ****   /* Check the parameters */
 816              		.loc 1 389 1 is_stmt 1 view -0
ARM GAS  /tmp/cchCrvCd.s 			page 84


 817              		.cfi_startproc
 818              		@ args = 0, pretend = 0, frame = 0
 819              		@ frame_needed = 0, uses_anonymous_args = 0
 389:platform/HAL/src/stm32g4xx_hal_tim_ex.c ****   /* Check the parameters */
 820              		.loc 1 389 1 is_stmt 0 view .LVU271
 821 0000 10B5     		push	{r4, lr}
 822              	.LCFI9:
 823              		.cfi_def_cfa_offset 8
 824              		.cfi_offset 4, -8
 825              		.cfi_offset 14, -4
 826 0002 0446     		mov	r4, r0
 391:platform/HAL/src/stm32g4xx_hal_tim_ex.c **** 
 827              		.loc 1 391 3 is_stmt 1 view .LVU272
 396:platform/HAL/src/stm32g4xx_hal_tim_ex.c **** 
 828              		.loc 1 396 3 view .LVU273
 829 0004 0022     		movs	r2, #0
 830 0006 1146     		mov	r1, r2
 831 0008 0068     		ldr	r0, [r0]
 832              	.LVL44:
 396:platform/HAL/src/stm32g4xx_hal_tim_ex.c **** 
 833              		.loc 1 396 3 is_stmt 0 view .LVU274
 834 000a FFF7FEFF 		bl	TIM_CCxChannelCmd
 835              	.LVL45:
 399:platform/HAL/src/stm32g4xx_hal_tim_ex.c **** 
 836              		.loc 1 399 3 is_stmt 1 view .LVU275
 399:platform/HAL/src/stm32g4xx_hal_tim_ex.c **** 
 837              		.loc 1 399 3 view .LVU276
 838 000e 2268     		ldr	r2, [r4]
 839 0010 136A     		ldr	r3, [r2, #32]
 840 0012 03F01133 		and	r3, r3, #286331153
 841 0016 23F08853 		bic	r3, r3, #285212672
 842 001a 43B9     		cbnz	r3, .L49
 399:platform/HAL/src/stm32g4xx_hal_tim_ex.c **** 
 843              		.loc 1 399 3 discriminator 1 view .LVU277
 844 001c 116A     		ldr	r1, [r2, #32]
 845 001e 44F24443 		movw	r3, #17476
 846 0022 1942     		tst	r1, r3
 847 0024 03D1     		bne	.L49
 399:platform/HAL/src/stm32g4xx_hal_tim_ex.c **** 
 848              		.loc 1 399 3 discriminator 3 view .LVU278
 849 0026 1368     		ldr	r3, [r2]
 850 0028 23F00103 		bic	r3, r3, #1
 851 002c 1360     		str	r3, [r2]
 852              	.L49:
 399:platform/HAL/src/stm32g4xx_hal_tim_ex.c **** 
 853              		.loc 1 399 3 discriminator 5 view .LVU279
 402:platform/HAL/src/stm32g4xx_hal_tim_ex.c ****   TIM_CHANNEL_STATE_SET(htim, TIM_CHANNEL_2, HAL_TIM_CHANNEL_STATE_READY);
 854              		.loc 1 402 3 view .LVU280
 855 002e 0123     		movs	r3, #1
 856 0030 84F83E30 		strb	r3, [r4, #62]
 403:platform/HAL/src/stm32g4xx_hal_tim_ex.c ****   TIM_CHANNEL_N_STATE_SET(htim, TIM_CHANNEL_1, HAL_TIM_CHANNEL_STATE_READY);
 857              		.loc 1 403 3 view .LVU281
 858 0034 84F83F30 		strb	r3, [r4, #63]
 404:platform/HAL/src/stm32g4xx_hal_tim_ex.c ****   TIM_CHANNEL_N_STATE_SET(htim, TIM_CHANNEL_2, HAL_TIM_CHANNEL_STATE_READY);
 859              		.loc 1 404 3 view .LVU282
 860 0038 84F84430 		strb	r3, [r4, #68]
 405:platform/HAL/src/stm32g4xx_hal_tim_ex.c **** 
ARM GAS  /tmp/cchCrvCd.s 			page 85


 861              		.loc 1 405 3 view .LVU283
 862 003c 84F84530 		strb	r3, [r4, #69]
 408:platform/HAL/src/stm32g4xx_hal_tim_ex.c **** }
 863              		.loc 1 408 3 view .LVU284
 409:platform/HAL/src/stm32g4xx_hal_tim_ex.c **** 
 864              		.loc 1 409 1 is_stmt 0 view .LVU285
 865 0040 0020     		movs	r0, #0
 866 0042 10BD     		pop	{r4, pc}
 409:platform/HAL/src/stm32g4xx_hal_tim_ex.c **** 
 867              		.loc 1 409 1 view .LVU286
 868              		.cfi_endproc
 869              	.LFE334:
 871              		.section	.text.HAL_TIMEx_HallSensor_Start_IT,"ax",%progbits
 872              		.align	1
 873              		.global	HAL_TIMEx_HallSensor_Start_IT
 874              		.syntax unified
 875              		.thumb
 876              		.thumb_func
 878              	HAL_TIMEx_HallSensor_Start_IT:
 879              	.LVL46:
 880              	.LFB335:
 417:platform/HAL/src/stm32g4xx_hal_tim_ex.c ****   uint32_t tmpsmcr;
 881              		.loc 1 417 1 is_stmt 1 view -0
 882              		.cfi_startproc
 883              		@ args = 0, pretend = 0, frame = 0
 884              		@ frame_needed = 0, uses_anonymous_args = 0
 417:platform/HAL/src/stm32g4xx_hal_tim_ex.c ****   uint32_t tmpsmcr;
 885              		.loc 1 417 1 is_stmt 0 view .LVU288
 886 0000 10B5     		push	{r4, lr}
 887              	.LCFI10:
 888              		.cfi_def_cfa_offset 8
 889              		.cfi_offset 4, -8
 890              		.cfi_offset 14, -4
 891 0002 0446     		mov	r4, r0
 418:platform/HAL/src/stm32g4xx_hal_tim_ex.c ****   HAL_TIM_ChannelStateTypeDef channel_1_state = TIM_CHANNEL_STATE_GET(htim, TIM_CHANNEL_1);
 892              		.loc 1 418 3 is_stmt 1 view .LVU289
 419:platform/HAL/src/stm32g4xx_hal_tim_ex.c ****   HAL_TIM_ChannelStateTypeDef channel_2_state = TIM_CHANNEL_STATE_GET(htim, TIM_CHANNEL_2);
 893              		.loc 1 419 3 view .LVU290
 419:platform/HAL/src/stm32g4xx_hal_tim_ex.c ****   HAL_TIM_ChannelStateTypeDef channel_2_state = TIM_CHANNEL_STATE_GET(htim, TIM_CHANNEL_2);
 894              		.loc 1 419 31 is_stmt 0 view .LVU291
 895 0004 90F83EC0 		ldrb	ip, [r0, #62]	@ zero_extendqisi2
 896              	.LVL47:
 420:platform/HAL/src/stm32g4xx_hal_tim_ex.c ****   HAL_TIM_ChannelStateTypeDef complementary_channel_1_state = TIM_CHANNEL_N_STATE_GET(htim, TIM_CHA
 897              		.loc 1 420 3 is_stmt 1 view .LVU292
 420:platform/HAL/src/stm32g4xx_hal_tim_ex.c ****   HAL_TIM_ChannelStateTypeDef complementary_channel_1_state = TIM_CHANNEL_N_STATE_GET(htim, TIM_CHA
 898              		.loc 1 420 31 is_stmt 0 view .LVU293
 899 0008 90F83F30 		ldrb	r3, [r0, #63]	@ zero_extendqisi2
 900              	.LVL48:
 421:platform/HAL/src/stm32g4xx_hal_tim_ex.c ****   HAL_TIM_ChannelStateTypeDef complementary_channel_2_state = TIM_CHANNEL_N_STATE_GET(htim, TIM_CHA
 901              		.loc 1 421 3 is_stmt 1 view .LVU294
 421:platform/HAL/src/stm32g4xx_hal_tim_ex.c ****   HAL_TIM_ChannelStateTypeDef complementary_channel_2_state = TIM_CHANNEL_N_STATE_GET(htim, TIM_CHA
 902              		.loc 1 421 31 is_stmt 0 view .LVU295
 903 000c 90F84420 		ldrb	r2, [r0, #68]	@ zero_extendqisi2
 904              	.LVL49:
 422:platform/HAL/src/stm32g4xx_hal_tim_ex.c **** 
 905              		.loc 1 422 3 is_stmt 1 view .LVU296
 422:platform/HAL/src/stm32g4xx_hal_tim_ex.c **** 
ARM GAS  /tmp/cchCrvCd.s 			page 86


 906              		.loc 1 422 31 is_stmt 0 view .LVU297
 907 0010 90F84510 		ldrb	r1, [r0, #69]	@ zero_extendqisi2
 908              	.LVL50:
 425:platform/HAL/src/stm32g4xx_hal_tim_ex.c **** 
 909              		.loc 1 425 3 is_stmt 1 view .LVU298
 428:platform/HAL/src/stm32g4xx_hal_tim_ex.c ****       || (channel_2_state != HAL_TIM_CHANNEL_STATE_READY)
 910              		.loc 1 428 3 view .LVU299
 428:platform/HAL/src/stm32g4xx_hal_tim_ex.c ****       || (channel_2_state != HAL_TIM_CHANNEL_STATE_READY)
 911              		.loc 1 428 6 is_stmt 0 view .LVU300
 912 0014 BCF1010F 		cmp	ip, #1
 913 0018 52D1     		bne	.L55
 914 001a 5FFA8CF0 		uxtb	r0, ip
 915              	.LVL51:
 428:platform/HAL/src/stm32g4xx_hal_tim_ex.c ****       || (channel_2_state != HAL_TIM_CHANNEL_STATE_READY)
 916              		.loc 1 428 6 view .LVU301
 917 001e DBB2     		uxtb	r3, r3
 428:platform/HAL/src/stm32g4xx_hal_tim_ex.c ****       || (channel_2_state != HAL_TIM_CHANNEL_STATE_READY)
 918              		.loc 1 428 6 view .LVU302
 919 0020 D2B2     		uxtb	r2, r2
 428:platform/HAL/src/stm32g4xx_hal_tim_ex.c ****       || (channel_2_state != HAL_TIM_CHANNEL_STATE_READY)
 920              		.loc 1 428 6 view .LVU303
 921 0022 C9B2     		uxtb	r1, r1
 429:platform/HAL/src/stm32g4xx_hal_tim_ex.c ****       || (complementary_channel_1_state != HAL_TIM_CHANNEL_STATE_READY)
 922              		.loc 1 429 7 view .LVU304
 923 0024 012B     		cmp	r3, #1
 924 0026 4CD1     		bne	.L52
 430:platform/HAL/src/stm32g4xx_hal_tim_ex.c ****       || (complementary_channel_2_state != HAL_TIM_CHANNEL_STATE_READY))
 925              		.loc 1 430 7 view .LVU305
 926 0028 012A     		cmp	r2, #1
 927 002a 4BD1     		bne	.L56
 431:platform/HAL/src/stm32g4xx_hal_tim_ex.c ****   {
 928              		.loc 1 431 7 view .LVU306
 929 002c 0129     		cmp	r1, #1
 930 002e 01D0     		beq	.L61
 433:platform/HAL/src/stm32g4xx_hal_tim_ex.c ****   }
 931              		.loc 1 433 12 view .LVU307
 932 0030 1046     		mov	r0, r2
 933 0032 46E0     		b	.L52
 934              	.L61:
 437:platform/HAL/src/stm32g4xx_hal_tim_ex.c ****   TIM_CHANNEL_STATE_SET(htim, TIM_CHANNEL_2, HAL_TIM_CHANNEL_STATE_BUSY);
 935              		.loc 1 437 3 is_stmt 1 view .LVU308
 936 0034 0223     		movs	r3, #2
 937              	.LVL52:
 437:platform/HAL/src/stm32g4xx_hal_tim_ex.c ****   TIM_CHANNEL_STATE_SET(htim, TIM_CHANNEL_2, HAL_TIM_CHANNEL_STATE_BUSY);
 938              		.loc 1 437 3 is_stmt 0 view .LVU309
 939 0036 84F83E30 		strb	r3, [r4, #62]
 438:platform/HAL/src/stm32g4xx_hal_tim_ex.c ****   TIM_CHANNEL_N_STATE_SET(htim, TIM_CHANNEL_1, HAL_TIM_CHANNEL_STATE_BUSY);
 940              		.loc 1 438 3 is_stmt 1 view .LVU310
 941 003a 84F83F30 		strb	r3, [r4, #63]
 439:platform/HAL/src/stm32g4xx_hal_tim_ex.c ****   TIM_CHANNEL_N_STATE_SET(htim, TIM_CHANNEL_2, HAL_TIM_CHANNEL_STATE_BUSY);
 942              		.loc 1 439 3 view .LVU311
 943 003e 84F84430 		strb	r3, [r4, #68]
 440:platform/HAL/src/stm32g4xx_hal_tim_ex.c **** 
 944              		.loc 1 440 3 view .LVU312
 945 0042 84F84530 		strb	r3, [r4, #69]
 443:platform/HAL/src/stm32g4xx_hal_tim_ex.c **** 
 946              		.loc 1 443 3 view .LVU313
ARM GAS  /tmp/cchCrvCd.s 			page 87


 947 0046 2268     		ldr	r2, [r4]
 948              	.LVL53:
 443:platform/HAL/src/stm32g4xx_hal_tim_ex.c **** 
 949              		.loc 1 443 3 is_stmt 0 view .LVU314
 950 0048 D368     		ldr	r3, [r2, #12]
 951 004a 43F00203 		orr	r3, r3, #2
 952 004e D360     		str	r3, [r2, #12]
 448:platform/HAL/src/stm32g4xx_hal_tim_ex.c **** 
 953              		.loc 1 448 3 is_stmt 1 view .LVU315
 954 0050 0122     		movs	r2, #1
 955 0052 0021     		movs	r1, #0
 956              	.LVL54:
 448:platform/HAL/src/stm32g4xx_hal_tim_ex.c **** 
 957              		.loc 1 448 3 is_stmt 0 view .LVU316
 958 0054 2068     		ldr	r0, [r4]
 959 0056 FFF7FEFF 		bl	TIM_CCxChannelCmd
 960              	.LVL55:
 451:platform/HAL/src/stm32g4xx_hal_tim_ex.c ****   {
 961              		.loc 1 451 3 is_stmt 1 view .LVU317
 451:platform/HAL/src/stm32g4xx_hal_tim_ex.c ****   {
 962              		.loc 1 451 7 is_stmt 0 view .LVU318
 963 005a 2368     		ldr	r3, [r4]
 451:platform/HAL/src/stm32g4xx_hal_tim_ex.c ****   {
 964              		.loc 1 451 6 view .LVU319
 965 005c 1C4A     		ldr	r2, .L62
 966 005e 9342     		cmp	r3, r2
 967 0060 20D0     		beq	.L53
 451:platform/HAL/src/stm32g4xx_hal_tim_ex.c ****   {
 968              		.loc 1 451 7 discriminator 1 view .LVU320
 969 0062 B3F1804F 		cmp	r3, #1073741824
 970 0066 1DD0     		beq	.L53
 451:platform/HAL/src/stm32g4xx_hal_tim_ex.c ****   {
 971              		.loc 1 451 7 discriminator 2 view .LVU321
 972 0068 A2F59432 		sub	r2, r2, #75776
 973 006c 9342     		cmp	r3, r2
 974 006e 19D0     		beq	.L53
 451:platform/HAL/src/stm32g4xx_hal_tim_ex.c ****   {
 975              		.loc 1 451 7 discriminator 3 view .LVU322
 976 0070 02F58062 		add	r2, r2, #1024
 977 0074 9342     		cmp	r3, r2
 978 0076 15D0     		beq	.L53
 451:platform/HAL/src/stm32g4xx_hal_tim_ex.c ****   {
 979              		.loc 1 451 7 discriminator 4 view .LVU323
 980 0078 02F58062 		add	r2, r2, #1024
 981 007c 9342     		cmp	r3, r2
 982 007e 11D0     		beq	.L53
 451:platform/HAL/src/stm32g4xx_hal_tim_ex.c ****   {
 983              		.loc 1 451 7 discriminator 5 view .LVU324
 984 0080 02F59432 		add	r2, r2, #75776
 985 0084 9342     		cmp	r3, r2
 986 0086 0DD0     		beq	.L53
 451:platform/HAL/src/stm32g4xx_hal_tim_ex.c ****   {
 987              		.loc 1 451 7 discriminator 6 view .LVU325
 988 0088 02F54062 		add	r2, r2, #3072
 989 008c 9342     		cmp	r3, r2
 990 008e 09D0     		beq	.L53
 451:platform/HAL/src/stm32g4xx_hal_tim_ex.c ****   {
ARM GAS  /tmp/cchCrvCd.s 			page 88


 991              		.loc 1 451 7 discriminator 7 view .LVU326
 992 0090 02F58052 		add	r2, r2, #4096
 993 0094 9342     		cmp	r3, r2
 994 0096 05D0     		beq	.L53
 461:platform/HAL/src/stm32g4xx_hal_tim_ex.c ****   }
 995              		.loc 1 461 5 is_stmt 1 view .LVU327
 996 0098 1A68     		ldr	r2, [r3]
 997 009a 42F00102 		orr	r2, r2, #1
 998 009e 1A60     		str	r2, [r3]
 465:platform/HAL/src/stm32g4xx_hal_tim_ex.c **** }
 999              		.loc 1 465 10 is_stmt 0 view .LVU328
 1000 00a0 0020     		movs	r0, #0
 1001 00a2 0EE0     		b	.L52
 1002              	.L53:
 453:platform/HAL/src/stm32g4xx_hal_tim_ex.c ****     if (!IS_TIM_SLAVEMODE_TRIGGER_ENABLED(tmpsmcr))
 1003              		.loc 1 453 5 is_stmt 1 view .LVU329
 453:platform/HAL/src/stm32g4xx_hal_tim_ex.c ****     if (!IS_TIM_SLAVEMODE_TRIGGER_ENABLED(tmpsmcr))
 1004              		.loc 1 453 29 is_stmt 0 view .LVU330
 1005 00a4 9968     		ldr	r1, [r3, #8]
 453:platform/HAL/src/stm32g4xx_hal_tim_ex.c ****     if (!IS_TIM_SLAVEMODE_TRIGGER_ENABLED(tmpsmcr))
 1006              		.loc 1 453 13 view .LVU331
 1007 00a6 0B4A     		ldr	r2, .L62+4
 1008 00a8 0A40     		ands	r2, r2, r1
 1009              	.LVL56:
 454:platform/HAL/src/stm32g4xx_hal_tim_ex.c ****     {
 1010              		.loc 1 454 5 is_stmt 1 view .LVU332
 454:platform/HAL/src/stm32g4xx_hal_tim_ex.c ****     {
 1011              		.loc 1 454 8 is_stmt 0 view .LVU333
 1012 00aa 062A     		cmp	r2, #6
 1013 00ac 0CD0     		beq	.L58
 454:platform/HAL/src/stm32g4xx_hal_tim_ex.c ****     {
 1014              		.loc 1 454 9 discriminator 1 view .LVU334
 1015 00ae B2F5803F 		cmp	r2, #65536
 1016 00b2 0BD0     		beq	.L59
 456:platform/HAL/src/stm32g4xx_hal_tim_ex.c ****     }
 1017              		.loc 1 456 7 is_stmt 1 view .LVU335
 1018 00b4 1A68     		ldr	r2, [r3]
 1019              	.LVL57:
 456:platform/HAL/src/stm32g4xx_hal_tim_ex.c ****     }
 1020              		.loc 1 456 7 is_stmt 0 view .LVU336
 1021 00b6 42F00102 		orr	r2, r2, #1
 1022 00ba 1A60     		str	r2, [r3]
 465:platform/HAL/src/stm32g4xx_hal_tim_ex.c **** }
 1023              		.loc 1 465 10 view .LVU337
 1024 00bc 0020     		movs	r0, #0
 1025 00be 00E0     		b	.L52
 1026              	.LVL58:
 1027              	.L55:
 433:platform/HAL/src/stm32g4xx_hal_tim_ex.c ****   }
 1028              		.loc 1 433 12 view .LVU338
 1029 00c0 0120     		movs	r0, #1
 1030              	.LVL59:
 1031              	.L52:
 466:platform/HAL/src/stm32g4xx_hal_tim_ex.c **** 
 1032              		.loc 1 466 1 view .LVU339
 1033 00c2 10BD     		pop	{r4, pc}
 1034              	.LVL60:
ARM GAS  /tmp/cchCrvCd.s 			page 89


 1035              	.L56:
 433:platform/HAL/src/stm32g4xx_hal_tim_ex.c ****   }
 1036              		.loc 1 433 12 view .LVU340
 1037 00c4 1846     		mov	r0, r3
 1038 00c6 FCE7     		b	.L52
 1039              	.LVL61:
 1040              	.L58:
 465:platform/HAL/src/stm32g4xx_hal_tim_ex.c **** }
 1041              		.loc 1 465 10 view .LVU341
 1042 00c8 0020     		movs	r0, #0
 1043 00ca FAE7     		b	.L52
 1044              	.L59:
 1045 00cc 0020     		movs	r0, #0
 1046 00ce F8E7     		b	.L52
 1047              	.L63:
 1048              		.align	2
 1049              	.L62:
 1050 00d0 002C0140 		.word	1073818624
 1051 00d4 07000100 		.word	65543
 1052              		.cfi_endproc
 1053              	.LFE335:
 1055              		.section	.text.HAL_TIMEx_HallSensor_Stop_IT,"ax",%progbits
 1056              		.align	1
 1057              		.global	HAL_TIMEx_HallSensor_Stop_IT
 1058              		.syntax unified
 1059              		.thumb
 1060              		.thumb_func
 1062              	HAL_TIMEx_HallSensor_Stop_IT:
 1063              	.LVL62:
 1064              	.LFB336:
 474:platform/HAL/src/stm32g4xx_hal_tim_ex.c ****   /* Check the parameters */
 1065              		.loc 1 474 1 is_stmt 1 view -0
 1066              		.cfi_startproc
 1067              		@ args = 0, pretend = 0, frame = 0
 1068              		@ frame_needed = 0, uses_anonymous_args = 0
 474:platform/HAL/src/stm32g4xx_hal_tim_ex.c ****   /* Check the parameters */
 1069              		.loc 1 474 1 is_stmt 0 view .LVU343
 1070 0000 10B5     		push	{r4, lr}
 1071              	.LCFI11:
 1072              		.cfi_def_cfa_offset 8
 1073              		.cfi_offset 4, -8
 1074              		.cfi_offset 14, -4
 1075 0002 0446     		mov	r4, r0
 476:platform/HAL/src/stm32g4xx_hal_tim_ex.c **** 
 1076              		.loc 1 476 3 is_stmt 1 view .LVU344
 481:platform/HAL/src/stm32g4xx_hal_tim_ex.c **** 
 1077              		.loc 1 481 3 view .LVU345
 1078 0004 0022     		movs	r2, #0
 1079 0006 1146     		mov	r1, r2
 1080 0008 0068     		ldr	r0, [r0]
 1081              	.LVL63:
 481:platform/HAL/src/stm32g4xx_hal_tim_ex.c **** 
 1082              		.loc 1 481 3 is_stmt 0 view .LVU346
 1083 000a FFF7FEFF 		bl	TIM_CCxChannelCmd
 1084              	.LVL64:
 484:platform/HAL/src/stm32g4xx_hal_tim_ex.c **** 
 1085              		.loc 1 484 3 is_stmt 1 view .LVU347
ARM GAS  /tmp/cchCrvCd.s 			page 90


 1086 000e 2268     		ldr	r2, [r4]
 1087 0010 D368     		ldr	r3, [r2, #12]
 1088 0012 23F00203 		bic	r3, r3, #2
 1089 0016 D360     		str	r3, [r2, #12]
 487:platform/HAL/src/stm32g4xx_hal_tim_ex.c **** 
 1090              		.loc 1 487 3 view .LVU348
 487:platform/HAL/src/stm32g4xx_hal_tim_ex.c **** 
 1091              		.loc 1 487 3 view .LVU349
 1092 0018 2268     		ldr	r2, [r4]
 1093 001a 136A     		ldr	r3, [r2, #32]
 1094 001c 03F01133 		and	r3, r3, #286331153
 1095 0020 23F08853 		bic	r3, r3, #285212672
 1096 0024 43B9     		cbnz	r3, .L65
 487:platform/HAL/src/stm32g4xx_hal_tim_ex.c **** 
 1097              		.loc 1 487 3 discriminator 1 view .LVU350
 1098 0026 116A     		ldr	r1, [r2, #32]
 1099 0028 44F24443 		movw	r3, #17476
 1100 002c 1942     		tst	r1, r3
 1101 002e 03D1     		bne	.L65
 487:platform/HAL/src/stm32g4xx_hal_tim_ex.c **** 
 1102              		.loc 1 487 3 discriminator 3 view .LVU351
 1103 0030 1368     		ldr	r3, [r2]
 1104 0032 23F00103 		bic	r3, r3, #1
 1105 0036 1360     		str	r3, [r2]
 1106              	.L65:
 487:platform/HAL/src/stm32g4xx_hal_tim_ex.c **** 
 1107              		.loc 1 487 3 discriminator 5 view .LVU352
 490:platform/HAL/src/stm32g4xx_hal_tim_ex.c ****   TIM_CHANNEL_STATE_SET(htim, TIM_CHANNEL_2, HAL_TIM_CHANNEL_STATE_READY);
 1108              		.loc 1 490 3 view .LVU353
 1109 0038 0123     		movs	r3, #1
 1110 003a 84F83E30 		strb	r3, [r4, #62]
 491:platform/HAL/src/stm32g4xx_hal_tim_ex.c ****   TIM_CHANNEL_N_STATE_SET(htim, TIM_CHANNEL_1, HAL_TIM_CHANNEL_STATE_READY);
 1111              		.loc 1 491 3 view .LVU354
 1112 003e 84F83F30 		strb	r3, [r4, #63]
 492:platform/HAL/src/stm32g4xx_hal_tim_ex.c ****   TIM_CHANNEL_N_STATE_SET(htim, TIM_CHANNEL_2, HAL_TIM_CHANNEL_STATE_READY);
 1113              		.loc 1 492 3 view .LVU355
 1114 0042 84F84430 		strb	r3, [r4, #68]
 493:platform/HAL/src/stm32g4xx_hal_tim_ex.c **** 
 1115              		.loc 1 493 3 view .LVU356
 1116 0046 84F84530 		strb	r3, [r4, #69]
 496:platform/HAL/src/stm32g4xx_hal_tim_ex.c **** }
 1117              		.loc 1 496 3 view .LVU357
 497:platform/HAL/src/stm32g4xx_hal_tim_ex.c **** 
 1118              		.loc 1 497 1 is_stmt 0 view .LVU358
 1119 004a 0020     		movs	r0, #0
 1120 004c 10BD     		pop	{r4, pc}
 497:platform/HAL/src/stm32g4xx_hal_tim_ex.c **** 
 1121              		.loc 1 497 1 view .LVU359
 1122              		.cfi_endproc
 1123              	.LFE336:
 1125              		.section	.text.HAL_TIMEx_HallSensor_Start_DMA,"ax",%progbits
 1126              		.align	1
 1127              		.global	HAL_TIMEx_HallSensor_Start_DMA
 1128              		.syntax unified
 1129              		.thumb
 1130              		.thumb_func
 1132              	HAL_TIMEx_HallSensor_Start_DMA:
ARM GAS  /tmp/cchCrvCd.s 			page 91


 1133              	.LVL65:
 1134              	.LFB337:
 507:platform/HAL/src/stm32g4xx_hal_tim_ex.c ****   uint32_t tmpsmcr;
 1135              		.loc 1 507 1 is_stmt 1 view -0
 1136              		.cfi_startproc
 1137              		@ args = 0, pretend = 0, frame = 0
 1138              		@ frame_needed = 0, uses_anonymous_args = 0
 507:platform/HAL/src/stm32g4xx_hal_tim_ex.c ****   uint32_t tmpsmcr;
 1139              		.loc 1 507 1 is_stmt 0 view .LVU361
 1140 0000 F8B5     		push	{r3, r4, r5, r6, r7, lr}
 1141              	.LCFI12:
 1142              		.cfi_def_cfa_offset 24
 1143              		.cfi_offset 3, -24
 1144              		.cfi_offset 4, -20
 1145              		.cfi_offset 5, -16
 1146              		.cfi_offset 6, -12
 1147              		.cfi_offset 7, -8
 1148              		.cfi_offset 14, -4
 1149 0002 0446     		mov	r4, r0
 508:platform/HAL/src/stm32g4xx_hal_tim_ex.c ****   HAL_TIM_ChannelStateTypeDef channel_1_state = TIM_CHANNEL_STATE_GET(htim, TIM_CHANNEL_1);
 1150              		.loc 1 508 3 is_stmt 1 view .LVU362
 509:platform/HAL/src/stm32g4xx_hal_tim_ex.c ****   HAL_TIM_ChannelStateTypeDef complementary_channel_1_state = TIM_CHANNEL_N_STATE_GET(htim, TIM_CHA
 1151              		.loc 1 509 3 view .LVU363
 509:platform/HAL/src/stm32g4xx_hal_tim_ex.c ****   HAL_TIM_ChannelStateTypeDef complementary_channel_1_state = TIM_CHANNEL_N_STATE_GET(htim, TIM_CHA
 1152              		.loc 1 509 31 is_stmt 0 view .LVU364
 1153 0004 90F83EC0 		ldrb	ip, [r0, #62]	@ zero_extendqisi2
 1154 0008 5FFA8CF0 		uxtb	r0, ip
 1155              	.LVL66:
 510:platform/HAL/src/stm32g4xx_hal_tim_ex.c **** 
 1156              		.loc 1 510 3 is_stmt 1 view .LVU365
 510:platform/HAL/src/stm32g4xx_hal_tim_ex.c **** 
 1157              		.loc 1 510 31 is_stmt 0 view .LVU366
 1158 000c 94F84450 		ldrb	r5, [r4, #68]	@ zero_extendqisi2
 1159              	.LVL67:
 513:platform/HAL/src/stm32g4xx_hal_tim_ex.c **** 
 1160              		.loc 1 513 3 is_stmt 1 view .LVU367
 516:platform/HAL/src/stm32g4xx_hal_tim_ex.c ****       || (complementary_channel_1_state == HAL_TIM_CHANNEL_STATE_BUSY))
 1161              		.loc 1 516 3 view .LVU368
 516:platform/HAL/src/stm32g4xx_hal_tim_ex.c ****       || (complementary_channel_1_state == HAL_TIM_CHANNEL_STATE_BUSY))
 1162              		.loc 1 516 6 is_stmt 0 view .LVU369
 1163 0010 BCF1020F 		cmp	ip, #2
 1164 0014 62D0     		beq	.L68
 1165 0016 0F46     		mov	r7, r1
 1166 0018 1646     		mov	r6, r2
 1167 001a EDB2     		uxtb	r5, r5
 517:platform/HAL/src/stm32g4xx_hal_tim_ex.c ****   {
 1168              		.loc 1 517 7 view .LVU370
 1169 001c 022D     		cmp	r5, #2
 1170 001e 5AD0     		beq	.L71
 521:platform/HAL/src/stm32g4xx_hal_tim_ex.c ****            && (complementary_channel_1_state == HAL_TIM_CHANNEL_STATE_READY))
 1171              		.loc 1 521 8 is_stmt 1 view .LVU371
 521:platform/HAL/src/stm32g4xx_hal_tim_ex.c ****            && (complementary_channel_1_state == HAL_TIM_CHANNEL_STATE_READY))
 1172              		.loc 1 521 11 is_stmt 0 view .LVU372
 1173 0020 0128     		cmp	r0, #1
 1174 0022 5AD1     		bne	.L72
 522:platform/HAL/src/stm32g4xx_hal_tim_ex.c ****   {
 1175              		.loc 1 522 12 view .LVU373
ARM GAS  /tmp/cchCrvCd.s 			page 92


 1176 0024 012D     		cmp	r5, #1
 1177 0026 59D1     		bne	.L68
 524:platform/HAL/src/stm32g4xx_hal_tim_ex.c ****     {
 1178              		.loc 1 524 5 is_stmt 1 view .LVU374
 524:platform/HAL/src/stm32g4xx_hal_tim_ex.c ****     {
 1179              		.loc 1 524 8 is_stmt 0 view .LVU375
 1180 0028 0029     		cmp	r1, #0
 1181 002a 58D0     		beq	.L73
 524:platform/HAL/src/stm32g4xx_hal_tim_ex.c ****     {
 1182              		.loc 1 524 25 discriminator 1 view .LVU376
 1183 002c 0AB9     		cbnz	r2, .L77
 526:platform/HAL/src/stm32g4xx_hal_tim_ex.c ****     }
 1184              		.loc 1 526 14 view .LVU377
 1185 002e 2846     		mov	r0, r5
 1186              	.LVL68:
 526:platform/HAL/src/stm32g4xx_hal_tim_ex.c ****     }
 1187              		.loc 1 526 14 view .LVU378
 1188 0030 54E0     		b	.L68
 1189              	.LVL69:
 1190              	.L77:
 530:platform/HAL/src/stm32g4xx_hal_tim_ex.c ****       TIM_CHANNEL_N_STATE_SET(htim, TIM_CHANNEL_1, HAL_TIM_CHANNEL_STATE_BUSY);
 1191              		.loc 1 530 7 is_stmt 1 view .LVU379
 1192 0032 0223     		movs	r3, #2
 1193 0034 84F83E30 		strb	r3, [r4, #62]
 531:platform/HAL/src/stm32g4xx_hal_tim_ex.c ****     }
 1194              		.loc 1 531 7 view .LVU380
 1195 0038 84F84430 		strb	r3, [r4, #68]
 542:platform/HAL/src/stm32g4xx_hal_tim_ex.c **** 
 1196              		.loc 1 542 3 view .LVU381
 1197 003c 0122     		movs	r2, #1
 1198              	.LVL70:
 542:platform/HAL/src/stm32g4xx_hal_tim_ex.c **** 
 1199              		.loc 1 542 3 is_stmt 0 view .LVU382
 1200 003e 0021     		movs	r1, #0
 1201              	.LVL71:
 542:platform/HAL/src/stm32g4xx_hal_tim_ex.c **** 
 1202              		.loc 1 542 3 view .LVU383
 1203 0040 2068     		ldr	r0, [r4]
 1204              	.LVL72:
 542:platform/HAL/src/stm32g4xx_hal_tim_ex.c **** 
 1205              		.loc 1 542 3 view .LVU384
 1206 0042 FFF7FEFF 		bl	TIM_CCxChannelCmd
 1207              	.LVL73:
 545:platform/HAL/src/stm32g4xx_hal_tim_ex.c ****   htim->hdma[TIM_DMA_ID_CC1]->XferHalfCpltCallback = TIM_DMACaptureHalfCplt;
 1208              		.loc 1 545 3 is_stmt 1 view .LVU385
 545:platform/HAL/src/stm32g4xx_hal_tim_ex.c ****   htim->hdma[TIM_DMA_ID_CC1]->XferHalfCpltCallback = TIM_DMACaptureHalfCplt;
 1209              		.loc 1 545 13 is_stmt 0 view .LVU386
 1210 0046 636A     		ldr	r3, [r4, #36]
 545:platform/HAL/src/stm32g4xx_hal_tim_ex.c ****   htim->hdma[TIM_DMA_ID_CC1]->XferHalfCpltCallback = TIM_DMACaptureHalfCplt;
 1211              		.loc 1 545 48 view .LVU387
 1212 0048 274A     		ldr	r2, .L78
 1213 004a DA62     		str	r2, [r3, #44]
 546:platform/HAL/src/stm32g4xx_hal_tim_ex.c ****   /* Set the DMA error callback */
 1214              		.loc 1 546 3 is_stmt 1 view .LVU388
 546:platform/HAL/src/stm32g4xx_hal_tim_ex.c ****   /* Set the DMA error callback */
 1215              		.loc 1 546 13 is_stmt 0 view .LVU389
 1216 004c 636A     		ldr	r3, [r4, #36]
ARM GAS  /tmp/cchCrvCd.s 			page 93


 546:platform/HAL/src/stm32g4xx_hal_tim_ex.c ****   /* Set the DMA error callback */
 1217              		.loc 1 546 52 view .LVU390
 1218 004e 274A     		ldr	r2, .L78+4
 1219 0050 1A63     		str	r2, [r3, #48]
 548:platform/HAL/src/stm32g4xx_hal_tim_ex.c **** 
 1220              		.loc 1 548 3 is_stmt 1 view .LVU391
 548:platform/HAL/src/stm32g4xx_hal_tim_ex.c **** 
 1221              		.loc 1 548 13 is_stmt 0 view .LVU392
 1222 0052 636A     		ldr	r3, [r4, #36]
 548:platform/HAL/src/stm32g4xx_hal_tim_ex.c **** 
 1223              		.loc 1 548 49 view .LVU393
 1224 0054 264A     		ldr	r2, .L78+8
 1225 0056 5A63     		str	r2, [r3, #52]
 551:platform/HAL/src/stm32g4xx_hal_tim_ex.c ****   {
 1226              		.loc 1 551 3 is_stmt 1 view .LVU394
 551:platform/HAL/src/stm32g4xx_hal_tim_ex.c ****   {
 1227              		.loc 1 551 67 is_stmt 0 view .LVU395
 1228 0058 2168     		ldr	r1, [r4]
 551:platform/HAL/src/stm32g4xx_hal_tim_ex.c ****   {
 1229              		.loc 1 551 7 view .LVU396
 1230 005a 3346     		mov	r3, r6
 1231 005c 3A46     		mov	r2, r7
 1232 005e 3431     		adds	r1, r1, #52
 1233 0060 606A     		ldr	r0, [r4, #36]
 1234 0062 FFF7FEFF 		bl	HAL_DMA_Start_IT
 1235              	.LVL74:
 551:platform/HAL/src/stm32g4xx_hal_tim_ex.c ****   {
 1236              		.loc 1 551 6 discriminator 1 view .LVU397
 1237 0066 0028     		cmp	r0, #0
 1238 0068 3BD1     		bne	.L75
 557:platform/HAL/src/stm32g4xx_hal_tim_ex.c **** 
 1239              		.loc 1 557 3 is_stmt 1 view .LVU398
 1240 006a 2268     		ldr	r2, [r4]
 1241 006c D368     		ldr	r3, [r2, #12]
 1242 006e 43F40073 		orr	r3, r3, #512
 1243 0072 D360     		str	r3, [r2, #12]
 560:platform/HAL/src/stm32g4xx_hal_tim_ex.c ****   {
 1244              		.loc 1 560 3 view .LVU399
 560:platform/HAL/src/stm32g4xx_hal_tim_ex.c ****   {
 1245              		.loc 1 560 7 is_stmt 0 view .LVU400
 1246 0074 2368     		ldr	r3, [r4]
 560:platform/HAL/src/stm32g4xx_hal_tim_ex.c ****   {
 1247              		.loc 1 560 6 view .LVU401
 1248 0076 1F4A     		ldr	r2, .L78+12
 1249 0078 9342     		cmp	r3, r2
 1250 007a 1FD0     		beq	.L69
 560:platform/HAL/src/stm32g4xx_hal_tim_ex.c ****   {
 1251              		.loc 1 560 7 discriminator 1 view .LVU402
 1252 007c B3F1804F 		cmp	r3, #1073741824
 1253 0080 1CD0     		beq	.L69
 560:platform/HAL/src/stm32g4xx_hal_tim_ex.c ****   {
 1254              		.loc 1 560 7 discriminator 2 view .LVU403
 1255 0082 A2F59432 		sub	r2, r2, #75776
 1256 0086 9342     		cmp	r3, r2
 1257 0088 18D0     		beq	.L69
 560:platform/HAL/src/stm32g4xx_hal_tim_ex.c ****   {
 1258              		.loc 1 560 7 discriminator 3 view .LVU404
ARM GAS  /tmp/cchCrvCd.s 			page 94


 1259 008a 02F58062 		add	r2, r2, #1024
 1260 008e 9342     		cmp	r3, r2
 1261 0090 14D0     		beq	.L69
 560:platform/HAL/src/stm32g4xx_hal_tim_ex.c ****   {
 1262              		.loc 1 560 7 discriminator 4 view .LVU405
 1263 0092 02F58062 		add	r2, r2, #1024
 1264 0096 9342     		cmp	r3, r2
 1265 0098 10D0     		beq	.L69
 560:platform/HAL/src/stm32g4xx_hal_tim_ex.c ****   {
 1266              		.loc 1 560 7 discriminator 5 view .LVU406
 1267 009a 02F59432 		add	r2, r2, #75776
 1268 009e 9342     		cmp	r3, r2
 1269 00a0 0CD0     		beq	.L69
 560:platform/HAL/src/stm32g4xx_hal_tim_ex.c ****   {
 1270              		.loc 1 560 7 discriminator 6 view .LVU407
 1271 00a2 02F54062 		add	r2, r2, #3072
 1272 00a6 9342     		cmp	r3, r2
 1273 00a8 08D0     		beq	.L69
 560:platform/HAL/src/stm32g4xx_hal_tim_ex.c ****   {
 1274              		.loc 1 560 7 discriminator 7 view .LVU408
 1275 00aa 02F58052 		add	r2, r2, #4096
 1276 00ae 9342     		cmp	r3, r2
 1277 00b0 04D0     		beq	.L69
 570:platform/HAL/src/stm32g4xx_hal_tim_ex.c ****   }
 1278              		.loc 1 570 5 is_stmt 1 view .LVU409
 1279 00b2 1A68     		ldr	r2, [r3]
 1280 00b4 42F00102 		orr	r2, r2, #1
 1281 00b8 1A60     		str	r2, [r3]
 1282 00ba 0FE0     		b	.L68
 1283              	.L69:
 562:platform/HAL/src/stm32g4xx_hal_tim_ex.c ****     if (!IS_TIM_SLAVEMODE_TRIGGER_ENABLED(tmpsmcr))
 1284              		.loc 1 562 5 view .LVU410
 562:platform/HAL/src/stm32g4xx_hal_tim_ex.c ****     if (!IS_TIM_SLAVEMODE_TRIGGER_ENABLED(tmpsmcr))
 1285              		.loc 1 562 29 is_stmt 0 view .LVU411
 1286 00bc 9968     		ldr	r1, [r3, #8]
 562:platform/HAL/src/stm32g4xx_hal_tim_ex.c ****     if (!IS_TIM_SLAVEMODE_TRIGGER_ENABLED(tmpsmcr))
 1287              		.loc 1 562 13 view .LVU412
 1288 00be 0E4A     		ldr	r2, .L78+16
 1289 00c0 0A40     		ands	r2, r2, r1
 1290              	.LVL75:
 563:platform/HAL/src/stm32g4xx_hal_tim_ex.c ****     {
 1291              		.loc 1 563 5 is_stmt 1 view .LVU413
 563:platform/HAL/src/stm32g4xx_hal_tim_ex.c ****     {
 1292              		.loc 1 563 8 is_stmt 0 view .LVU414
 1293 00c2 062A     		cmp	r2, #6
 1294 00c4 0AD0     		beq	.L68
 563:platform/HAL/src/stm32g4xx_hal_tim_ex.c ****     {
 1295              		.loc 1 563 9 discriminator 1 view .LVU415
 1296 00c6 B2F5803F 		cmp	r2, #65536
 1297 00ca 07D0     		beq	.L68
 565:platform/HAL/src/stm32g4xx_hal_tim_ex.c ****     }
 1298              		.loc 1 565 7 is_stmt 1 view .LVU416
 1299 00cc 1A68     		ldr	r2, [r3]
 1300              	.LVL76:
 565:platform/HAL/src/stm32g4xx_hal_tim_ex.c ****     }
 1301              		.loc 1 565 7 is_stmt 0 view .LVU417
 1302 00ce 42F00102 		orr	r2, r2, #1
ARM GAS  /tmp/cchCrvCd.s 			page 95


 1303 00d2 1A60     		str	r2, [r3]
 1304 00d4 02E0     		b	.L68
 1305              	.LVL77:
 1306              	.L71:
 519:platform/HAL/src/stm32g4xx_hal_tim_ex.c ****   }
 1307              		.loc 1 519 12 view .LVU418
 1308 00d6 2846     		mov	r0, r5
 1309              	.LVL78:
 519:platform/HAL/src/stm32g4xx_hal_tim_ex.c ****   }
 1310              		.loc 1 519 12 view .LVU419
 1311 00d8 00E0     		b	.L68
 1312              	.LVL79:
 1313              	.L72:
 536:platform/HAL/src/stm32g4xx_hal_tim_ex.c ****   }
 1314              		.loc 1 536 12 view .LVU420
 1315 00da 0120     		movs	r0, #1
 1316              	.LVL80:
 1317              	.L68:
 575:platform/HAL/src/stm32g4xx_hal_tim_ex.c **** 
 1318              		.loc 1 575 1 view .LVU421
 1319 00dc F8BD     		pop	{r3, r4, r5, r6, r7, pc}
 1320              	.LVL81:
 1321              	.L73:
 526:platform/HAL/src/stm32g4xx_hal_tim_ex.c ****     }
 1322              		.loc 1 526 14 view .LVU422
 1323 00de 2846     		mov	r0, r5
 1324              	.LVL82:
 526:platform/HAL/src/stm32g4xx_hal_tim_ex.c ****     }
 1325              		.loc 1 526 14 view .LVU423
 1326 00e0 FCE7     		b	.L68
 1327              	.LVL83:
 1328              	.L75:
 554:platform/HAL/src/stm32g4xx_hal_tim_ex.c ****   }
 1329              		.loc 1 554 12 view .LVU424
 1330 00e2 2846     		mov	r0, r5
 1331 00e4 FAE7     		b	.L68
 1332              	.L79:
 1333 00e6 00BF     		.align	2
 1334              	.L78:
 1335 00e8 00000000 		.word	TIM_DMACaptureCplt
 1336 00ec 00000000 		.word	TIM_DMACaptureHalfCplt
 1337 00f0 00000000 		.word	TIM_DMAError
 1338 00f4 002C0140 		.word	1073818624
 1339 00f8 07000100 		.word	65543
 1340              		.cfi_endproc
 1341              	.LFE337:
 1343              		.section	.text.HAL_TIMEx_HallSensor_Stop_DMA,"ax",%progbits
 1344              		.align	1
 1345              		.global	HAL_TIMEx_HallSensor_Stop_DMA
 1346              		.syntax unified
 1347              		.thumb
 1348              		.thumb_func
 1350              	HAL_TIMEx_HallSensor_Stop_DMA:
 1351              	.LVL84:
 1352              	.LFB338:
 583:platform/HAL/src/stm32g4xx_hal_tim_ex.c ****   /* Check the parameters */
 1353              		.loc 1 583 1 is_stmt 1 view -0
ARM GAS  /tmp/cchCrvCd.s 			page 96


 1354              		.cfi_startproc
 1355              		@ args = 0, pretend = 0, frame = 0
 1356              		@ frame_needed = 0, uses_anonymous_args = 0
 583:platform/HAL/src/stm32g4xx_hal_tim_ex.c ****   /* Check the parameters */
 1357              		.loc 1 583 1 is_stmt 0 view .LVU426
 1358 0000 10B5     		push	{r4, lr}
 1359              	.LCFI13:
 1360              		.cfi_def_cfa_offset 8
 1361              		.cfi_offset 4, -8
 1362              		.cfi_offset 14, -4
 1363 0002 0446     		mov	r4, r0
 585:platform/HAL/src/stm32g4xx_hal_tim_ex.c **** 
 1364              		.loc 1 585 3 is_stmt 1 view .LVU427
 590:platform/HAL/src/stm32g4xx_hal_tim_ex.c **** 
 1365              		.loc 1 590 3 view .LVU428
 1366 0004 0022     		movs	r2, #0
 1367 0006 1146     		mov	r1, r2
 1368 0008 0068     		ldr	r0, [r0]
 1369              	.LVL85:
 590:platform/HAL/src/stm32g4xx_hal_tim_ex.c **** 
 1370              		.loc 1 590 3 is_stmt 0 view .LVU429
 1371 000a FFF7FEFF 		bl	TIM_CCxChannelCmd
 1372              	.LVL86:
 594:platform/HAL/src/stm32g4xx_hal_tim_ex.c **** 
 1373              		.loc 1 594 3 is_stmt 1 view .LVU430
 1374 000e 2268     		ldr	r2, [r4]
 1375 0010 D368     		ldr	r3, [r2, #12]
 1376 0012 23F40073 		bic	r3, r3, #512
 1377 0016 D360     		str	r3, [r2, #12]
 596:platform/HAL/src/stm32g4xx_hal_tim_ex.c **** 
 1378              		.loc 1 596 3 view .LVU431
 596:platform/HAL/src/stm32g4xx_hal_tim_ex.c **** 
 1379              		.loc 1 596 9 is_stmt 0 view .LVU432
 1380 0018 606A     		ldr	r0, [r4, #36]
 1381 001a FFF7FEFF 		bl	HAL_DMA_Abort_IT
 1382              	.LVL87:
 599:platform/HAL/src/stm32g4xx_hal_tim_ex.c **** 
 1383              		.loc 1 599 3 is_stmt 1 view .LVU433
 599:platform/HAL/src/stm32g4xx_hal_tim_ex.c **** 
 1384              		.loc 1 599 3 view .LVU434
 1385 001e 2268     		ldr	r2, [r4]
 1386 0020 136A     		ldr	r3, [r2, #32]
 1387 0022 03F01133 		and	r3, r3, #286331153
 1388 0026 23F08853 		bic	r3, r3, #285212672
 1389 002a 43B9     		cbnz	r3, .L81
 599:platform/HAL/src/stm32g4xx_hal_tim_ex.c **** 
 1390              		.loc 1 599 3 discriminator 1 view .LVU435
 1391 002c 116A     		ldr	r1, [r2, #32]
 1392 002e 44F24443 		movw	r3, #17476
 1393 0032 1942     		tst	r1, r3
 1394 0034 03D1     		bne	.L81
 599:platform/HAL/src/stm32g4xx_hal_tim_ex.c **** 
 1395              		.loc 1 599 3 discriminator 3 view .LVU436
 1396 0036 1368     		ldr	r3, [r2]
 1397 0038 23F00103 		bic	r3, r3, #1
 1398 003c 1360     		str	r3, [r2]
 1399              	.L81:
ARM GAS  /tmp/cchCrvCd.s 			page 97


 599:platform/HAL/src/stm32g4xx_hal_tim_ex.c **** 
 1400              		.loc 1 599 3 discriminator 5 view .LVU437
 602:platform/HAL/src/stm32g4xx_hal_tim_ex.c ****   TIM_CHANNEL_N_STATE_SET(htim, TIM_CHANNEL_1, HAL_TIM_CHANNEL_STATE_READY);
 1401              		.loc 1 602 3 view .LVU438
 1402 003e 0123     		movs	r3, #1
 1403 0040 84F83E30 		strb	r3, [r4, #62]
 603:platform/HAL/src/stm32g4xx_hal_tim_ex.c **** 
 1404              		.loc 1 603 3 view .LVU439
 1405 0044 84F84430 		strb	r3, [r4, #68]
 606:platform/HAL/src/stm32g4xx_hal_tim_ex.c **** }
 1406              		.loc 1 606 3 view .LVU440
 607:platform/HAL/src/stm32g4xx_hal_tim_ex.c **** 
 1407              		.loc 1 607 1 is_stmt 0 view .LVU441
 1408 0048 0020     		movs	r0, #0
 1409 004a 10BD     		pop	{r4, pc}
 607:platform/HAL/src/stm32g4xx_hal_tim_ex.c **** 
 1410              		.loc 1 607 1 view .LVU442
 1411              		.cfi_endproc
 1412              	.LFE338:
 1414              		.section	.text.HAL_TIMEx_OCN_Start,"ax",%progbits
 1415              		.align	1
 1416              		.global	HAL_TIMEx_OCN_Start
 1417              		.syntax unified
 1418              		.thumb
 1419              		.thumb_func
 1421              	HAL_TIMEx_OCN_Start:
 1422              	.LVL88:
 1423              	.LFB339:
 646:platform/HAL/src/stm32g4xx_hal_tim_ex.c ****   uint32_t tmpsmcr;
 1424              		.loc 1 646 1 is_stmt 1 view -0
 1425              		.cfi_startproc
 1426              		@ args = 0, pretend = 0, frame = 0
 1427              		@ frame_needed = 0, uses_anonymous_args = 0
 646:platform/HAL/src/stm32g4xx_hal_tim_ex.c ****   uint32_t tmpsmcr;
 1428              		.loc 1 646 1 is_stmt 0 view .LVU444
 1429 0000 10B5     		push	{r4, lr}
 1430              	.LCFI14:
 1431              		.cfi_def_cfa_offset 8
 1432              		.cfi_offset 4, -8
 1433              		.cfi_offset 14, -4
 1434 0002 0446     		mov	r4, r0
 647:platform/HAL/src/stm32g4xx_hal_tim_ex.c **** 
 1435              		.loc 1 647 3 is_stmt 1 view .LVU445
 650:platform/HAL/src/stm32g4xx_hal_tim_ex.c **** 
 1436              		.loc 1 650 3 view .LVU446
 653:platform/HAL/src/stm32g4xx_hal_tim_ex.c ****   {
 1437              		.loc 1 653 3 view .LVU447
 653:platform/HAL/src/stm32g4xx_hal_tim_ex.c ****   {
 1438              		.loc 1 653 46 is_stmt 0 view .LVU448
 1439 0004 0846     		mov	r0, r1
 1440              	.LVL89:
 653:platform/HAL/src/stm32g4xx_hal_tim_ex.c ****   {
 1441              		.loc 1 653 46 view .LVU449
 1442 0006 0029     		cmp	r1, #0
 1443 0008 3AD1     		bne	.L84
 653:platform/HAL/src/stm32g4xx_hal_tim_ex.c ****   {
 1444              		.loc 1 653 7 discriminator 1 view .LVU450
ARM GAS  /tmp/cchCrvCd.s 			page 98


 1445 000a 94F84430 		ldrb	r3, [r4, #68]	@ zero_extendqisi2
 653:platform/HAL/src/stm32g4xx_hal_tim_ex.c ****   {
 1446              		.loc 1 653 46 discriminator 1 view .LVU451
 1447 000e 013B     		subs	r3, r3, #1
 1448 0010 18BF     		it	ne
 1449 0012 0123     		movne	r3, #1
 1450              	.L85:
 653:platform/HAL/src/stm32g4xx_hal_tim_ex.c ****   {
 1451              		.loc 1 653 6 discriminator 12 view .LVU452
 1452 0014 002B     		cmp	r3, #0
 1453 0016 67D1     		bne	.L95
 659:platform/HAL/src/stm32g4xx_hal_tim_ex.c **** 
 1454              		.loc 1 659 3 is_stmt 1 view .LVU453
 1455 0018 0028     		cmp	r0, #0
 1456 001a 47D1     		bne	.L89
 659:platform/HAL/src/stm32g4xx_hal_tim_ex.c **** 
 1457              		.loc 1 659 3 is_stmt 0 discriminator 1 view .LVU454
 1458 001c 0223     		movs	r3, #2
 1459 001e 84F84430 		strb	r3, [r4, #68]
 1460              	.L90:
 662:platform/HAL/src/stm32g4xx_hal_tim_ex.c **** 
 1461              		.loc 1 662 3 is_stmt 1 view .LVU455
 1462 0022 0422     		movs	r2, #4
 1463 0024 0146     		mov	r1, r0
 1464              	.LVL90:
 662:platform/HAL/src/stm32g4xx_hal_tim_ex.c **** 
 1465              		.loc 1 662 3 is_stmt 0 view .LVU456
 1466 0026 2068     		ldr	r0, [r4]
 1467              	.LVL91:
 662:platform/HAL/src/stm32g4xx_hal_tim_ex.c **** 
 1468              		.loc 1 662 3 view .LVU457
 1469 0028 FFF7FEFF 		bl	TIM_CCxNChannelCmd
 1470              	.LVL92:
 665:platform/HAL/src/stm32g4xx_hal_tim_ex.c **** 
 1471              		.loc 1 665 3 is_stmt 1 view .LVU458
 1472 002c 2268     		ldr	r2, [r4]
 1473 002e 536C     		ldr	r3, [r2, #68]
 1474 0030 43F40043 		orr	r3, r3, #32768
 1475 0034 5364     		str	r3, [r2, #68]
 668:platform/HAL/src/stm32g4xx_hal_tim_ex.c ****   {
 1476              		.loc 1 668 3 view .LVU459
 668:platform/HAL/src/stm32g4xx_hal_tim_ex.c ****   {
 1477              		.loc 1 668 7 is_stmt 0 view .LVU460
 1478 0036 2368     		ldr	r3, [r4]
 668:platform/HAL/src/stm32g4xx_hal_tim_ex.c ****   {
 1479              		.loc 1 668 6 view .LVU461
 1480 0038 2E4A     		ldr	r2, .L103
 1481 003a 9342     		cmp	r3, r2
 1482 003c 46D0     		beq	.L93
 668:platform/HAL/src/stm32g4xx_hal_tim_ex.c ****   {
 1483              		.loc 1 668 7 discriminator 1 view .LVU462
 1484 003e B3F1804F 		cmp	r3, #1073741824
 1485 0042 43D0     		beq	.L93
 668:platform/HAL/src/stm32g4xx_hal_tim_ex.c ****   {
 1486              		.loc 1 668 7 discriminator 2 view .LVU463
 1487 0044 A2F59432 		sub	r2, r2, #75776
 1488 0048 9342     		cmp	r3, r2
ARM GAS  /tmp/cchCrvCd.s 			page 99


 1489 004a 3FD0     		beq	.L93
 668:platform/HAL/src/stm32g4xx_hal_tim_ex.c ****   {
 1490              		.loc 1 668 7 discriminator 3 view .LVU464
 1491 004c 02F58062 		add	r2, r2, #1024
 1492 0050 9342     		cmp	r3, r2
 1493 0052 3BD0     		beq	.L93
 668:platform/HAL/src/stm32g4xx_hal_tim_ex.c ****   {
 1494              		.loc 1 668 7 discriminator 4 view .LVU465
 1495 0054 02F58062 		add	r2, r2, #1024
 1496 0058 9342     		cmp	r3, r2
 1497 005a 37D0     		beq	.L93
 668:platform/HAL/src/stm32g4xx_hal_tim_ex.c ****   {
 1498              		.loc 1 668 7 discriminator 5 view .LVU466
 1499 005c 02F59432 		add	r2, r2, #75776
 1500 0060 9342     		cmp	r3, r2
 1501 0062 33D0     		beq	.L93
 668:platform/HAL/src/stm32g4xx_hal_tim_ex.c ****   {
 1502              		.loc 1 668 7 discriminator 6 view .LVU467
 1503 0064 02F54062 		add	r2, r2, #3072
 1504 0068 9342     		cmp	r3, r2
 1505 006a 2FD0     		beq	.L93
 668:platform/HAL/src/stm32g4xx_hal_tim_ex.c ****   {
 1506              		.loc 1 668 7 discriminator 7 view .LVU468
 1507 006c 02F58052 		add	r2, r2, #4096
 1508 0070 9342     		cmp	r3, r2
 1509 0072 2BD0     		beq	.L93
 678:platform/HAL/src/stm32g4xx_hal_tim_ex.c ****   }
 1510              		.loc 1 678 5 is_stmt 1 view .LVU469
 1511 0074 1A68     		ldr	r2, [r3]
 1512 0076 42F00102 		orr	r2, r2, #1
 1513 007a 1A60     		str	r2, [r3]
 682:platform/HAL/src/stm32g4xx_hal_tim_ex.c **** }
 1514              		.loc 1 682 10 is_stmt 0 view .LVU470
 1515 007c 0020     		movs	r0, #0
 1516 007e 34E0     		b	.L88
 1517              	.LVL93:
 1518              	.L84:
 653:platform/HAL/src/stm32g4xx_hal_tim_ex.c ****   {
 1519              		.loc 1 653 46 discriminator 2 view .LVU471
 1520 0080 0429     		cmp	r1, #4
 1521 0082 07D0     		beq	.L99
 653:platform/HAL/src/stm32g4xx_hal_tim_ex.c ****   {
 1522              		.loc 1 653 46 discriminator 5 view .LVU472
 1523 0084 0829     		cmp	r1, #8
 1524 0086 0BD0     		beq	.L100
 653:platform/HAL/src/stm32g4xx_hal_tim_ex.c ****   {
 1525              		.loc 1 653 7 discriminator 8 view .LVU473
 1526 0088 94F84730 		ldrb	r3, [r4, #71]	@ zero_extendqisi2
 653:platform/HAL/src/stm32g4xx_hal_tim_ex.c ****   {
 1527              		.loc 1 653 46 discriminator 8 view .LVU474
 1528 008c 013B     		subs	r3, r3, #1
 1529 008e 18BF     		it	ne
 1530 0090 0123     		movne	r3, #1
 1531 0092 BFE7     		b	.L85
 1532              	.L99:
 653:platform/HAL/src/stm32g4xx_hal_tim_ex.c ****   {
 1533              		.loc 1 653 7 discriminator 4 view .LVU475
ARM GAS  /tmp/cchCrvCd.s 			page 100


 1534 0094 94F84530 		ldrb	r3, [r4, #69]	@ zero_extendqisi2
 653:platform/HAL/src/stm32g4xx_hal_tim_ex.c ****   {
 1535              		.loc 1 653 46 discriminator 4 view .LVU476
 1536 0098 013B     		subs	r3, r3, #1
 1537 009a 18BF     		it	ne
 1538 009c 0123     		movne	r3, #1
 1539 009e B9E7     		b	.L85
 1540              	.L100:
 653:platform/HAL/src/stm32g4xx_hal_tim_ex.c ****   {
 1541              		.loc 1 653 7 discriminator 7 view .LVU477
 1542 00a0 94F84630 		ldrb	r3, [r4, #70]	@ zero_extendqisi2
 653:platform/HAL/src/stm32g4xx_hal_tim_ex.c ****   {
 1543              		.loc 1 653 46 discriminator 7 view .LVU478
 1544 00a4 013B     		subs	r3, r3, #1
 1545 00a6 18BF     		it	ne
 1546 00a8 0123     		movne	r3, #1
 1547 00aa B3E7     		b	.L85
 1548              	.L89:
 659:platform/HAL/src/stm32g4xx_hal_tim_ex.c **** 
 1549              		.loc 1 659 3 discriminator 2 view .LVU479
 1550 00ac 0428     		cmp	r0, #4
 1551 00ae 05D0     		beq	.L101
 659:platform/HAL/src/stm32g4xx_hal_tim_ex.c **** 
 1552              		.loc 1 659 3 discriminator 4 view .LVU480
 1553 00b0 0828     		cmp	r0, #8
 1554 00b2 07D0     		beq	.L102
 659:platform/HAL/src/stm32g4xx_hal_tim_ex.c **** 
 1555              		.loc 1 659 3 discriminator 7 view .LVU481
 1556 00b4 0223     		movs	r3, #2
 1557 00b6 84F84730 		strb	r3, [r4, #71]
 1558 00ba B2E7     		b	.L90
 1559              	.L101:
 659:platform/HAL/src/stm32g4xx_hal_tim_ex.c **** 
 1560              		.loc 1 659 3 discriminator 3 view .LVU482
 1561 00bc 0223     		movs	r3, #2
 1562 00be 84F84530 		strb	r3, [r4, #69]
 1563 00c2 AEE7     		b	.L90
 1564              	.L102:
 659:platform/HAL/src/stm32g4xx_hal_tim_ex.c **** 
 1565              		.loc 1 659 3 discriminator 6 view .LVU483
 1566 00c4 0223     		movs	r3, #2
 1567 00c6 84F84630 		strb	r3, [r4, #70]
 1568 00ca AAE7     		b	.L90
 1569              	.LVL94:
 1570              	.L93:
 670:platform/HAL/src/stm32g4xx_hal_tim_ex.c ****     if (!IS_TIM_SLAVEMODE_TRIGGER_ENABLED(tmpsmcr))
 1571              		.loc 1 670 5 is_stmt 1 view .LVU484
 670:platform/HAL/src/stm32g4xx_hal_tim_ex.c ****     if (!IS_TIM_SLAVEMODE_TRIGGER_ENABLED(tmpsmcr))
 1572              		.loc 1 670 29 is_stmt 0 view .LVU485
 1573 00cc 9968     		ldr	r1, [r3, #8]
 670:platform/HAL/src/stm32g4xx_hal_tim_ex.c ****     if (!IS_TIM_SLAVEMODE_TRIGGER_ENABLED(tmpsmcr))
 1574              		.loc 1 670 13 view .LVU486
 1575 00ce 0A4A     		ldr	r2, .L103+4
 1576 00d0 0A40     		ands	r2, r2, r1
 1577              	.LVL95:
 671:platform/HAL/src/stm32g4xx_hal_tim_ex.c ****     {
 1578              		.loc 1 671 5 is_stmt 1 view .LVU487
ARM GAS  /tmp/cchCrvCd.s 			page 101


 671:platform/HAL/src/stm32g4xx_hal_tim_ex.c ****     {
 1579              		.loc 1 671 8 is_stmt 0 view .LVU488
 1580 00d2 062A     		cmp	r2, #6
 1581 00d4 0AD0     		beq	.L96
 671:platform/HAL/src/stm32g4xx_hal_tim_ex.c ****     {
 1582              		.loc 1 671 9 discriminator 1 view .LVU489
 1583 00d6 B2F5803F 		cmp	r2, #65536
 1584 00da 09D0     		beq	.L97
 673:platform/HAL/src/stm32g4xx_hal_tim_ex.c ****     }
 1585              		.loc 1 673 7 is_stmt 1 view .LVU490
 1586 00dc 1A68     		ldr	r2, [r3]
 1587              	.LVL96:
 673:platform/HAL/src/stm32g4xx_hal_tim_ex.c ****     }
 1588              		.loc 1 673 7 is_stmt 0 view .LVU491
 1589 00de 42F00102 		orr	r2, r2, #1
 1590 00e2 1A60     		str	r2, [r3]
 682:platform/HAL/src/stm32g4xx_hal_tim_ex.c **** }
 1591              		.loc 1 682 10 view .LVU492
 1592 00e4 0020     		movs	r0, #0
 1593 00e6 00E0     		b	.L88
 1594              	.LVL97:
 1595              	.L95:
 655:platform/HAL/src/stm32g4xx_hal_tim_ex.c ****   }
 1596              		.loc 1 655 12 view .LVU493
 1597 00e8 0120     		movs	r0, #1
 1598              	.LVL98:
 1599              	.L88:
 683:platform/HAL/src/stm32g4xx_hal_tim_ex.c **** 
 1600              		.loc 1 683 1 view .LVU494
 1601 00ea 10BD     		pop	{r4, pc}
 1602              	.LVL99:
 1603              	.L96:
 682:platform/HAL/src/stm32g4xx_hal_tim_ex.c **** }
 1604              		.loc 1 682 10 view .LVU495
 1605 00ec 0020     		movs	r0, #0
 1606 00ee FCE7     		b	.L88
 1607              	.L97:
 1608 00f0 0020     		movs	r0, #0
 1609 00f2 FAE7     		b	.L88
 1610              	.L104:
 1611              		.align	2
 1612              	.L103:
 1613 00f4 002C0140 		.word	1073818624
 1614 00f8 07000100 		.word	65543
 1615              		.cfi_endproc
 1616              	.LFE339:
 1618              		.section	.text.HAL_TIMEx_OCN_Stop,"ax",%progbits
 1619              		.align	1
 1620              		.global	HAL_TIMEx_OCN_Stop
 1621              		.syntax unified
 1622              		.thumb
 1623              		.thumb_func
 1625              	HAL_TIMEx_OCN_Stop:
 1626              	.LVL100:
 1627              	.LFB340:
 698:platform/HAL/src/stm32g4xx_hal_tim_ex.c ****   /* Check the parameters */
 1628              		.loc 1 698 1 is_stmt 1 view -0
ARM GAS  /tmp/cchCrvCd.s 			page 102


 1629              		.cfi_startproc
 1630              		@ args = 0, pretend = 0, frame = 0
 1631              		@ frame_needed = 0, uses_anonymous_args = 0
 698:platform/HAL/src/stm32g4xx_hal_tim_ex.c ****   /* Check the parameters */
 1632              		.loc 1 698 1 is_stmt 0 view .LVU497
 1633 0000 38B5     		push	{r3, r4, r5, lr}
 1634              	.LCFI15:
 1635              		.cfi_def_cfa_offset 16
 1636              		.cfi_offset 3, -16
 1637              		.cfi_offset 4, -12
 1638              		.cfi_offset 5, -8
 1639              		.cfi_offset 14, -4
 1640 0002 0446     		mov	r4, r0
 1641 0004 0D46     		mov	r5, r1
 700:platform/HAL/src/stm32g4xx_hal_tim_ex.c **** 
 1642              		.loc 1 700 3 is_stmt 1 view .LVU498
 703:platform/HAL/src/stm32g4xx_hal_tim_ex.c **** 
 1643              		.loc 1 703 3 view .LVU499
 1644 0006 0022     		movs	r2, #0
 1645 0008 0068     		ldr	r0, [r0]
 1646              	.LVL101:
 703:platform/HAL/src/stm32g4xx_hal_tim_ex.c **** 
 1647              		.loc 1 703 3 is_stmt 0 view .LVU500
 1648 000a FFF7FEFF 		bl	TIM_CCxNChannelCmd
 1649              	.LVL102:
 706:platform/HAL/src/stm32g4xx_hal_tim_ex.c **** 
 1650              		.loc 1 706 3 is_stmt 1 view .LVU501
 706:platform/HAL/src/stm32g4xx_hal_tim_ex.c **** 
 1651              		.loc 1 706 3 view .LVU502
 1652 000e 2268     		ldr	r2, [r4]
 1653 0010 136A     		ldr	r3, [r2, #32]
 1654 0012 03F01133 		and	r3, r3, #286331153
 1655 0016 23F08853 		bic	r3, r3, #285212672
 1656 001a 43B9     		cbnz	r3, .L106
 706:platform/HAL/src/stm32g4xx_hal_tim_ex.c **** 
 1657              		.loc 1 706 3 discriminator 1 view .LVU503
 1658 001c 116A     		ldr	r1, [r2, #32]
 1659 001e 44F24443 		movw	r3, #17476
 1660 0022 1942     		tst	r1, r3
 1661 0024 03D1     		bne	.L106
 706:platform/HAL/src/stm32g4xx_hal_tim_ex.c **** 
 1662              		.loc 1 706 3 discriminator 3 view .LVU504
 1663 0026 536C     		ldr	r3, [r2, #68]
 1664 0028 23F40043 		bic	r3, r3, #32768
 1665 002c 5364     		str	r3, [r2, #68]
 1666              	.L106:
 706:platform/HAL/src/stm32g4xx_hal_tim_ex.c **** 
 1667              		.loc 1 706 3 discriminator 5 view .LVU505
 709:platform/HAL/src/stm32g4xx_hal_tim_ex.c **** 
 1668              		.loc 1 709 3 view .LVU506
 709:platform/HAL/src/stm32g4xx_hal_tim_ex.c **** 
 1669              		.loc 1 709 3 view .LVU507
 1670 002e 2268     		ldr	r2, [r4]
 1671 0030 136A     		ldr	r3, [r2, #32]
 1672 0032 03F01133 		and	r3, r3, #286331153
 1673 0036 23F08853 		bic	r3, r3, #285212672
 1674 003a 43B9     		cbnz	r3, .L107
ARM GAS  /tmp/cchCrvCd.s 			page 103


 709:platform/HAL/src/stm32g4xx_hal_tim_ex.c **** 
 1675              		.loc 1 709 3 discriminator 1 view .LVU508
 1676 003c 116A     		ldr	r1, [r2, #32]
 1677 003e 44F24443 		movw	r3, #17476
 1678 0042 1942     		tst	r1, r3
 1679 0044 03D1     		bne	.L107
 709:platform/HAL/src/stm32g4xx_hal_tim_ex.c **** 
 1680              		.loc 1 709 3 discriminator 3 view .LVU509
 1681 0046 1368     		ldr	r3, [r2]
 1682 0048 23F00103 		bic	r3, r3, #1
 1683 004c 1360     		str	r3, [r2]
 1684              	.L107:
 709:platform/HAL/src/stm32g4xx_hal_tim_ex.c **** 
 1685              		.loc 1 709 3 discriminator 5 view .LVU510
 712:platform/HAL/src/stm32g4xx_hal_tim_ex.c **** 
 1686              		.loc 1 712 3 view .LVU511
 1687 004e 25B9     		cbnz	r5, .L108
 712:platform/HAL/src/stm32g4xx_hal_tim_ex.c **** 
 1688              		.loc 1 712 3 is_stmt 0 discriminator 1 view .LVU512
 1689 0050 0123     		movs	r3, #1
 1690 0052 84F84430 		strb	r3, [r4, #68]
 1691              	.L109:
 715:platform/HAL/src/stm32g4xx_hal_tim_ex.c **** }
 1692              		.loc 1 715 3 is_stmt 1 view .LVU513
 716:platform/HAL/src/stm32g4xx_hal_tim_ex.c **** 
 1693              		.loc 1 716 1 is_stmt 0 view .LVU514
 1694 0056 0020     		movs	r0, #0
 1695 0058 38BD     		pop	{r3, r4, r5, pc}
 1696              	.LVL103:
 1697              	.L108:
 712:platform/HAL/src/stm32g4xx_hal_tim_ex.c **** 
 1698              		.loc 1 712 3 discriminator 2 view .LVU515
 1699 005a 042D     		cmp	r5, #4
 1700 005c 05D0     		beq	.L113
 712:platform/HAL/src/stm32g4xx_hal_tim_ex.c **** 
 1701              		.loc 1 712 3 discriminator 4 view .LVU516
 1702 005e 082D     		cmp	r5, #8
 1703 0060 07D0     		beq	.L114
 712:platform/HAL/src/stm32g4xx_hal_tim_ex.c **** 
 1704              		.loc 1 712 3 discriminator 7 view .LVU517
 1705 0062 0123     		movs	r3, #1
 1706 0064 84F84730 		strb	r3, [r4, #71]
 1707 0068 F5E7     		b	.L109
 1708              	.L113:
 712:platform/HAL/src/stm32g4xx_hal_tim_ex.c **** 
 1709              		.loc 1 712 3 discriminator 3 view .LVU518
 1710 006a 0123     		movs	r3, #1
 1711 006c 84F84530 		strb	r3, [r4, #69]
 1712 0070 F1E7     		b	.L109
 1713              	.L114:
 712:platform/HAL/src/stm32g4xx_hal_tim_ex.c **** 
 1714              		.loc 1 712 3 discriminator 6 view .LVU519
 1715 0072 0123     		movs	r3, #1
 1716 0074 84F84630 		strb	r3, [r4, #70]
 1717 0078 EDE7     		b	.L109
 1718              		.cfi_endproc
 1719              	.LFE340:
ARM GAS  /tmp/cchCrvCd.s 			page 104


 1721              		.section	.text.HAL_TIMEx_OCN_Start_IT,"ax",%progbits
 1722              		.align	1
 1723              		.global	HAL_TIMEx_OCN_Start_IT
 1724              		.syntax unified
 1725              		.thumb
 1726              		.thumb_func
 1728              	HAL_TIMEx_OCN_Start_IT:
 1729              	.LVL104:
 1730              	.LFB341:
 731:platform/HAL/src/stm32g4xx_hal_tim_ex.c ****   HAL_StatusTypeDef status = HAL_OK;
 1731              		.loc 1 731 1 is_stmt 1 view -0
 1732              		.cfi_startproc
 1733              		@ args = 0, pretend = 0, frame = 0
 1734              		@ frame_needed = 0, uses_anonymous_args = 0
 731:platform/HAL/src/stm32g4xx_hal_tim_ex.c ****   HAL_StatusTypeDef status = HAL_OK;
 1735              		.loc 1 731 1 is_stmt 0 view .LVU521
 1736 0000 10B5     		push	{r4, lr}
 1737              	.LCFI16:
 1738              		.cfi_def_cfa_offset 8
 1739              		.cfi_offset 4, -8
 1740              		.cfi_offset 14, -4
 1741 0002 0446     		mov	r4, r0
 732:platform/HAL/src/stm32g4xx_hal_tim_ex.c ****   uint32_t tmpsmcr;
 1742              		.loc 1 732 3 is_stmt 1 view .LVU522
 1743              	.LVL105:
 733:platform/HAL/src/stm32g4xx_hal_tim_ex.c **** 
 1744              		.loc 1 733 3 view .LVU523
 736:platform/HAL/src/stm32g4xx_hal_tim_ex.c **** 
 1745              		.loc 1 736 3 view .LVU524
 739:platform/HAL/src/stm32g4xx_hal_tim_ex.c ****   {
 1746              		.loc 1 739 3 view .LVU525
 739:platform/HAL/src/stm32g4xx_hal_tim_ex.c ****   {
 1747              		.loc 1 739 46 is_stmt 0 view .LVU526
 1748 0004 0846     		mov	r0, r1
 1749              	.LVL106:
 739:platform/HAL/src/stm32g4xx_hal_tim_ex.c ****   {
 1750              		.loc 1 739 46 view .LVU527
 1751 0006 0029     		cmp	r1, #0
 1752 0008 45D1     		bne	.L116
 739:platform/HAL/src/stm32g4xx_hal_tim_ex.c ****   {
 1753              		.loc 1 739 7 discriminator 1 view .LVU528
 1754 000a 94F84430 		ldrb	r3, [r4, #68]	@ zero_extendqisi2
 739:platform/HAL/src/stm32g4xx_hal_tim_ex.c ****   {
 1755              		.loc 1 739 46 discriminator 1 view .LVU529
 1756 000e 013B     		subs	r3, r3, #1
 1757 0010 18BF     		it	ne
 1758 0012 0123     		movne	r3, #1
 1759              	.L117:
 739:platform/HAL/src/stm32g4xx_hal_tim_ex.c ****   {
 1760              		.loc 1 739 6 discriminator 12 view .LVU530
 1761 0014 002B     		cmp	r3, #0
 1762 0016 40F0A180 		bne	.L132
 745:platform/HAL/src/stm32g4xx_hal_tim_ex.c **** 
 1763              		.loc 1 745 3 is_stmt 1 view .LVU531
 1764 001a 0028     		cmp	r0, #0
 1765 001c 51D1     		bne	.L121
 745:platform/HAL/src/stm32g4xx_hal_tim_ex.c **** 
ARM GAS  /tmp/cchCrvCd.s 			page 105


 1766              		.loc 1 745 3 is_stmt 0 discriminator 1 view .LVU532
 1767 001e 0223     		movs	r3, #2
 1768 0020 84F84430 		strb	r3, [r4, #68]
 747:platform/HAL/src/stm32g4xx_hal_tim_ex.c ****   {
 1769              		.loc 1 747 3 is_stmt 1 view .LVU533
 1770              	.L122:
 752:platform/HAL/src/stm32g4xx_hal_tim_ex.c ****       break;
 1771              		.loc 1 752 7 view .LVU534
 1772 0024 2268     		ldr	r2, [r4]
 1773 0026 D368     		ldr	r3, [r2, #12]
 1774 0028 43F00203 		orr	r3, r3, #2
 1775 002c D360     		str	r3, [r2, #12]
 753:platform/HAL/src/stm32g4xx_hal_tim_ex.c ****     }
 1776              		.loc 1 753 7 view .LVU535
 783:platform/HAL/src/stm32g4xx_hal_tim_ex.c ****   {
 1777              		.loc 1 783 3 view .LVU536
 1778              	.L129:
 786:platform/HAL/src/stm32g4xx_hal_tim_ex.c **** 
 1779              		.loc 1 786 5 view .LVU537
 1780 002e 2268     		ldr	r2, [r4]
 1781 0030 D368     		ldr	r3, [r2, #12]
 1782 0032 43F08003 		orr	r3, r3, #128
 1783 0036 D360     		str	r3, [r2, #12]
 789:platform/HAL/src/stm32g4xx_hal_tim_ex.c **** 
 1784              		.loc 1 789 5 view .LVU538
 1785 0038 0422     		movs	r2, #4
 1786 003a 0146     		mov	r1, r0
 1787              	.LVL107:
 789:platform/HAL/src/stm32g4xx_hal_tim_ex.c **** 
 1788              		.loc 1 789 5 is_stmt 0 view .LVU539
 1789 003c 2068     		ldr	r0, [r4]
 1790              	.LVL108:
 789:platform/HAL/src/stm32g4xx_hal_tim_ex.c **** 
 1791              		.loc 1 789 5 view .LVU540
 1792 003e FFF7FEFF 		bl	TIM_CCxNChannelCmd
 1793              	.LVL109:
 792:platform/HAL/src/stm32g4xx_hal_tim_ex.c **** 
 1794              		.loc 1 792 5 is_stmt 1 view .LVU541
 1795 0042 2268     		ldr	r2, [r4]
 1796 0044 536C     		ldr	r3, [r2, #68]
 1797 0046 43F40043 		orr	r3, r3, #32768
 1798 004a 5364     		str	r3, [r2, #68]
 795:platform/HAL/src/stm32g4xx_hal_tim_ex.c ****     {
 1799              		.loc 1 795 5 view .LVU542
 795:platform/HAL/src/stm32g4xx_hal_tim_ex.c ****     {
 1800              		.loc 1 795 9 is_stmt 0 view .LVU543
 1801 004c 2368     		ldr	r3, [r4]
 795:platform/HAL/src/stm32g4xx_hal_tim_ex.c ****     {
 1802              		.loc 1 795 8 view .LVU544
 1803 004e 474A     		ldr	r2, .L144
 1804 0050 9342     		cmp	r3, r2
 1805 0052 75D0     		beq	.L130
 795:platform/HAL/src/stm32g4xx_hal_tim_ex.c ****     {
 1806              		.loc 1 795 9 discriminator 1 view .LVU545
 1807 0054 B3F1804F 		cmp	r3, #1073741824
 1808 0058 72D0     		beq	.L130
 795:platform/HAL/src/stm32g4xx_hal_tim_ex.c ****     {
ARM GAS  /tmp/cchCrvCd.s 			page 106


 1809              		.loc 1 795 9 discriminator 2 view .LVU546
 1810 005a A2F59432 		sub	r2, r2, #75776
 1811 005e 9342     		cmp	r3, r2
 1812 0060 6ED0     		beq	.L130
 795:platform/HAL/src/stm32g4xx_hal_tim_ex.c ****     {
 1813              		.loc 1 795 9 discriminator 3 view .LVU547
 1814 0062 02F58062 		add	r2, r2, #1024
 1815 0066 9342     		cmp	r3, r2
 1816 0068 6AD0     		beq	.L130
 795:platform/HAL/src/stm32g4xx_hal_tim_ex.c ****     {
 1817              		.loc 1 795 9 discriminator 4 view .LVU548
 1818 006a 02F58062 		add	r2, r2, #1024
 1819 006e 9342     		cmp	r3, r2
 1820 0070 66D0     		beq	.L130
 795:platform/HAL/src/stm32g4xx_hal_tim_ex.c ****     {
 1821              		.loc 1 795 9 discriminator 5 view .LVU549
 1822 0072 02F59432 		add	r2, r2, #75776
 1823 0076 9342     		cmp	r3, r2
 1824 0078 62D0     		beq	.L130
 795:platform/HAL/src/stm32g4xx_hal_tim_ex.c ****     {
 1825              		.loc 1 795 9 discriminator 6 view .LVU550
 1826 007a 02F54062 		add	r2, r2, #3072
 1827 007e 9342     		cmp	r3, r2
 1828 0080 5ED0     		beq	.L130
 795:platform/HAL/src/stm32g4xx_hal_tim_ex.c ****     {
 1829              		.loc 1 795 9 discriminator 7 view .LVU551
 1830 0082 02F58052 		add	r2, r2, #4096
 1831 0086 9342     		cmp	r3, r2
 1832 0088 5AD0     		beq	.L130
 805:platform/HAL/src/stm32g4xx_hal_tim_ex.c ****     }
 1833              		.loc 1 805 7 is_stmt 1 view .LVU552
 1834 008a 1A68     		ldr	r2, [r3]
 1835 008c 42F00102 		orr	r2, r2, #1
 1836 0090 1A60     		str	r2, [r3]
 1837 0092 0020     		movs	r0, #0
 1838 0094 63E0     		b	.L120
 1839              	.LVL110:
 1840              	.L116:
 739:platform/HAL/src/stm32g4xx_hal_tim_ex.c ****   {
 1841              		.loc 1 739 46 is_stmt 0 discriminator 2 view .LVU553
 1842 0096 0429     		cmp	r1, #4
 1843 0098 07D0     		beq	.L140
 739:platform/HAL/src/stm32g4xx_hal_tim_ex.c ****   {
 1844              		.loc 1 739 46 discriminator 5 view .LVU554
 1845 009a 0829     		cmp	r1, #8
 1846 009c 0BD0     		beq	.L141
 739:platform/HAL/src/stm32g4xx_hal_tim_ex.c ****   {
 1847              		.loc 1 739 7 discriminator 8 view .LVU555
 1848 009e 94F84730 		ldrb	r3, [r4, #71]	@ zero_extendqisi2
 739:platform/HAL/src/stm32g4xx_hal_tim_ex.c ****   {
 1849              		.loc 1 739 46 discriminator 8 view .LVU556
 1850 00a2 013B     		subs	r3, r3, #1
 1851 00a4 18BF     		it	ne
 1852 00a6 0123     		movne	r3, #1
 1853 00a8 B4E7     		b	.L117
 1854              	.L140:
 739:platform/HAL/src/stm32g4xx_hal_tim_ex.c ****   {
ARM GAS  /tmp/cchCrvCd.s 			page 107


 1855              		.loc 1 739 7 discriminator 4 view .LVU557
 1856 00aa 94F84530 		ldrb	r3, [r4, #69]	@ zero_extendqisi2
 739:platform/HAL/src/stm32g4xx_hal_tim_ex.c ****   {
 1857              		.loc 1 739 46 discriminator 4 view .LVU558
 1858 00ae 013B     		subs	r3, r3, #1
 1859 00b0 18BF     		it	ne
 1860 00b2 0123     		movne	r3, #1
 1861 00b4 AEE7     		b	.L117
 1862              	.L141:
 739:platform/HAL/src/stm32g4xx_hal_tim_ex.c ****   {
 1863              		.loc 1 739 7 discriminator 7 view .LVU559
 1864 00b6 94F84630 		ldrb	r3, [r4, #70]	@ zero_extendqisi2
 739:platform/HAL/src/stm32g4xx_hal_tim_ex.c ****   {
 1865              		.loc 1 739 46 discriminator 7 view .LVU560
 1866 00ba 013B     		subs	r3, r3, #1
 1867 00bc 18BF     		it	ne
 1868 00be 0123     		movne	r3, #1
 1869 00c0 A8E7     		b	.L117
 1870              	.L121:
 745:platform/HAL/src/stm32g4xx_hal_tim_ex.c **** 
 1871              		.loc 1 745 3 discriminator 2 view .LVU561
 1872 00c2 0428     		cmp	r0, #4
 1873 00c4 24D0     		beq	.L142
 745:platform/HAL/src/stm32g4xx_hal_tim_ex.c **** 
 1874              		.loc 1 745 3 discriminator 4 view .LVU562
 1875 00c6 0828     		cmp	r0, #8
 1876 00c8 2BD0     		beq	.L143
 745:platform/HAL/src/stm32g4xx_hal_tim_ex.c **** 
 1877              		.loc 1 745 3 discriminator 7 view .LVU563
 1878 00ca 0223     		movs	r3, #2
 1879 00cc 84F84730 		strb	r3, [r4, #71]
 747:platform/HAL/src/stm32g4xx_hal_tim_ex.c ****   {
 1880              		.loc 1 747 3 is_stmt 1 view .LVU564
 1881 00d0 0C28     		cmp	r0, #12
 1882 00d2 45D8     		bhi	.L133
 1883 00d4 01A3     		adr	r3, .L128
 1884 00d6 53F820F0 		ldr	pc, [r3, r0, lsl #2]
 1885 00da 00BF     		.p2align 2
 1886              	.L128:
 1887 00dc 25000000 		.word	.L122+1
 1888 00e0 61010000 		.word	.L133+1
 1889 00e4 61010000 		.word	.L133+1
 1890 00e8 61010000 		.word	.L133+1
 1891 00ec 17010000 		.word	.L124+1
 1892 00f0 61010000 		.word	.L133+1
 1893 00f4 61010000 		.word	.L133+1
 1894 00f8 61010000 		.word	.L133+1
 1895 00fc 29010000 		.word	.L126+1
 1896 0100 61010000 		.word	.L133+1
 1897 0104 61010000 		.word	.L133+1
 1898 0108 61010000 		.word	.L133+1
 1899 010c 35010000 		.word	.L127+1
 1900              		.p2align 1
 1901              	.L142:
 745:platform/HAL/src/stm32g4xx_hal_tim_ex.c **** 
 1902              		.loc 1 745 3 is_stmt 0 discriminator 3 view .LVU565
 1903 0110 0223     		movs	r3, #2
ARM GAS  /tmp/cchCrvCd.s 			page 108


 1904 0112 84F84530 		strb	r3, [r4, #69]
 747:platform/HAL/src/stm32g4xx_hal_tim_ex.c ****   {
 1905              		.loc 1 747 3 is_stmt 1 view .LVU566
 1906              	.L124:
 759:platform/HAL/src/stm32g4xx_hal_tim_ex.c ****       break;
 1907              		.loc 1 759 7 view .LVU567
 1908 0116 2268     		ldr	r2, [r4]
 1909 0118 D368     		ldr	r3, [r2, #12]
 1910 011a 43F00403 		orr	r3, r3, #4
 1911 011e D360     		str	r3, [r2, #12]
 760:platform/HAL/src/stm32g4xx_hal_tim_ex.c ****     }
 1912              		.loc 1 760 7 view .LVU568
 783:platform/HAL/src/stm32g4xx_hal_tim_ex.c ****   {
 1913              		.loc 1 783 3 view .LVU569
 1914 0120 85E7     		b	.L129
 1915              	.L143:
 745:platform/HAL/src/stm32g4xx_hal_tim_ex.c **** 
 1916              		.loc 1 745 3 is_stmt 0 discriminator 6 view .LVU570
 1917 0122 0223     		movs	r3, #2
 1918 0124 84F84630 		strb	r3, [r4, #70]
 747:platform/HAL/src/stm32g4xx_hal_tim_ex.c ****   {
 1919              		.loc 1 747 3 is_stmt 1 view .LVU571
 1920              	.L126:
 766:platform/HAL/src/stm32g4xx_hal_tim_ex.c ****       break;
 1921              		.loc 1 766 7 view .LVU572
 1922 0128 2268     		ldr	r2, [r4]
 1923 012a D368     		ldr	r3, [r2, #12]
 1924 012c 43F00803 		orr	r3, r3, #8
 1925 0130 D360     		str	r3, [r2, #12]
 767:platform/HAL/src/stm32g4xx_hal_tim_ex.c ****     }
 1926              		.loc 1 767 7 view .LVU573
 783:platform/HAL/src/stm32g4xx_hal_tim_ex.c ****   {
 1927              		.loc 1 783 3 view .LVU574
 1928 0132 7CE7     		b	.L129
 1929              	.L127:
 774:platform/HAL/src/stm32g4xx_hal_tim_ex.c ****       break;
 1930              		.loc 1 774 7 view .LVU575
 1931 0134 2268     		ldr	r2, [r4]
 1932 0136 D368     		ldr	r3, [r2, #12]
 1933 0138 43F01003 		orr	r3, r3, #16
 1934 013c D360     		str	r3, [r2, #12]
 775:platform/HAL/src/stm32g4xx_hal_tim_ex.c ****     }
 1935              		.loc 1 775 7 view .LVU576
 783:platform/HAL/src/stm32g4xx_hal_tim_ex.c ****   {
 1936              		.loc 1 783 3 view .LVU577
 1937 013e 76E7     		b	.L129
 1938              	.LVL111:
 1939              	.L130:
 797:platform/HAL/src/stm32g4xx_hal_tim_ex.c ****       if (!IS_TIM_SLAVEMODE_TRIGGER_ENABLED(tmpsmcr))
 1940              		.loc 1 797 7 view .LVU578
 797:platform/HAL/src/stm32g4xx_hal_tim_ex.c ****       if (!IS_TIM_SLAVEMODE_TRIGGER_ENABLED(tmpsmcr))
 1941              		.loc 1 797 31 is_stmt 0 view .LVU579
 1942 0140 9968     		ldr	r1, [r3, #8]
 797:platform/HAL/src/stm32g4xx_hal_tim_ex.c ****       if (!IS_TIM_SLAVEMODE_TRIGGER_ENABLED(tmpsmcr))
 1943              		.loc 1 797 15 view .LVU580
 1944 0142 0B4A     		ldr	r2, .L144+4
 1945 0144 0A40     		ands	r2, r2, r1
ARM GAS  /tmp/cchCrvCd.s 			page 109


 1946              	.LVL112:
 798:platform/HAL/src/stm32g4xx_hal_tim_ex.c ****       {
 1947              		.loc 1 798 7 is_stmt 1 view .LVU581
 798:platform/HAL/src/stm32g4xx_hal_tim_ex.c ****       {
 1948              		.loc 1 798 10 is_stmt 0 view .LVU582
 1949 0146 062A     		cmp	r2, #6
 1950 0148 0CD0     		beq	.L134
 798:platform/HAL/src/stm32g4xx_hal_tim_ex.c ****       {
 1951              		.loc 1 798 11 discriminator 1 view .LVU583
 1952 014a B2F5803F 		cmp	r2, #65536
 1953 014e 0BD0     		beq	.L135
 800:platform/HAL/src/stm32g4xx_hal_tim_ex.c ****       }
 1954              		.loc 1 800 9 is_stmt 1 view .LVU584
 1955 0150 1A68     		ldr	r2, [r3]
 1956              	.LVL113:
 800:platform/HAL/src/stm32g4xx_hal_tim_ex.c ****       }
 1957              		.loc 1 800 9 is_stmt 0 view .LVU585
 1958 0152 42F00102 		orr	r2, r2, #1
 1959 0156 1A60     		str	r2, [r3]
 1960 0158 0020     		movs	r0, #0
 1961 015a 00E0     		b	.L120
 1962              	.LVL114:
 1963              	.L132:
 741:platform/HAL/src/stm32g4xx_hal_tim_ex.c ****   }
 1964              		.loc 1 741 12 view .LVU586
 1965 015c 0120     		movs	r0, #1
 1966              	.LVL115:
 1967              	.L120:
 811:platform/HAL/src/stm32g4xx_hal_tim_ex.c **** 
 1968              		.loc 1 811 1 view .LVU587
 1969 015e 10BD     		pop	{r4, pc}
 1970              	.LVL116:
 1971              	.L133:
 747:platform/HAL/src/stm32g4xx_hal_tim_ex.c ****   {
 1972              		.loc 1 747 3 view .LVU588
 1973 0160 0120     		movs	r0, #1
 1974              	.LVL117:
 747:platform/HAL/src/stm32g4xx_hal_tim_ex.c ****   {
 1975              		.loc 1 747 3 view .LVU589
 1976 0162 FCE7     		b	.L120
 1977              	.LVL118:
 1978              	.L134:
 747:platform/HAL/src/stm32g4xx_hal_tim_ex.c ****   {
 1979              		.loc 1 747 3 view .LVU590
 1980 0164 0020     		movs	r0, #0
 1981 0166 FAE7     		b	.L120
 1982              	.L135:
 1983 0168 0020     		movs	r0, #0
 1984 016a F8E7     		b	.L120
 1985              	.L145:
 1986              		.align	2
 1987              	.L144:
 1988 016c 002C0140 		.word	1073818624
 1989 0170 07000100 		.word	65543
 1990              		.cfi_endproc
 1991              	.LFE341:
 1993              		.section	.text.HAL_TIMEx_OCN_Stop_IT,"ax",%progbits
ARM GAS  /tmp/cchCrvCd.s 			page 110


 1994              		.align	1
 1995              		.global	HAL_TIMEx_OCN_Stop_IT
 1996              		.syntax unified
 1997              		.thumb
 1998              		.thumb_func
 2000              	HAL_TIMEx_OCN_Stop_IT:
 2001              	.LVL119:
 2002              	.LFB342:
 826:platform/HAL/src/stm32g4xx_hal_tim_ex.c ****   HAL_StatusTypeDef status = HAL_OK;
 2003              		.loc 1 826 1 is_stmt 1 view -0
 2004              		.cfi_startproc
 2005              		@ args = 0, pretend = 0, frame = 0
 2006              		@ frame_needed = 0, uses_anonymous_args = 0
 826:platform/HAL/src/stm32g4xx_hal_tim_ex.c ****   HAL_StatusTypeDef status = HAL_OK;
 2007              		.loc 1 826 1 is_stmt 0 view .LVU592
 2008 0000 38B5     		push	{r3, r4, r5, lr}
 2009              	.LCFI17:
 2010              		.cfi_def_cfa_offset 16
 2011              		.cfi_offset 3, -16
 2012              		.cfi_offset 4, -12
 2013              		.cfi_offset 5, -8
 2014              		.cfi_offset 14, -4
 2015 0002 0546     		mov	r5, r0
 2016 0004 0C46     		mov	r4, r1
 827:platform/HAL/src/stm32g4xx_hal_tim_ex.c ****   uint32_t tmpccer;
 2017              		.loc 1 827 3 is_stmt 1 view .LVU593
 2018              	.LVL120:
 828:platform/HAL/src/stm32g4xx_hal_tim_ex.c **** 
 2019              		.loc 1 828 3 view .LVU594
 831:platform/HAL/src/stm32g4xx_hal_tim_ex.c **** 
 2020              		.loc 1 831 3 view .LVU595
 833:platform/HAL/src/stm32g4xx_hal_tim_ex.c ****   {
 2021              		.loc 1 833 3 view .LVU596
 2022 0006 0C29     		cmp	r1, #12
 2023 0008 67D8     		bhi	.L160
 2024 000a DFE801F0 		tbb	[pc, r1]
 2025              	.L149:
 2026 000e 07       		.byte	(.L152-.L149)/2
 2027 000f 66       		.byte	(.L160-.L149)/2
 2028 0010 66       		.byte	(.L160-.L149)/2
 2029 0011 66       		.byte	(.L160-.L149)/2
 2030 0012 41       		.byte	(.L151-.L149)/2
 2031 0013 66       		.byte	(.L160-.L149)/2
 2032 0014 66       		.byte	(.L160-.L149)/2
 2033 0015 66       		.byte	(.L160-.L149)/2
 2034 0016 47       		.byte	(.L150-.L149)/2
 2035 0017 66       		.byte	(.L160-.L149)/2
 2036 0018 66       		.byte	(.L160-.L149)/2
 2037 0019 66       		.byte	(.L160-.L149)/2
 2038 001a 4D       		.byte	(.L148-.L149)/2
 2039 001b 00       		.p2align 1
 2040              	.L152:
 838:platform/HAL/src/stm32g4xx_hal_tim_ex.c ****       break;
 2041              		.loc 1 838 7 view .LVU597
 2042 001c 0268     		ldr	r2, [r0]
 2043 001e D368     		ldr	r3, [r2, #12]
 2044 0020 23F00203 		bic	r3, r3, #2
ARM GAS  /tmp/cchCrvCd.s 			page 111


 2045 0024 D360     		str	r3, [r2, #12]
 839:platform/HAL/src/stm32g4xx_hal_tim_ex.c ****     }
 2046              		.loc 1 839 7 view .LVU598
 868:platform/HAL/src/stm32g4xx_hal_tim_ex.c ****   {
 2047              		.loc 1 868 3 view .LVU599
 2048              	.L153:
 871:platform/HAL/src/stm32g4xx_hal_tim_ex.c **** 
 2049              		.loc 1 871 5 view .LVU600
 2050 0026 0022     		movs	r2, #0
 2051 0028 2146     		mov	r1, r4
 2052              	.LVL121:
 871:platform/HAL/src/stm32g4xx_hal_tim_ex.c **** 
 2053              		.loc 1 871 5 is_stmt 0 view .LVU601
 2054 002a 2868     		ldr	r0, [r5]
 2055              	.LVL122:
 871:platform/HAL/src/stm32g4xx_hal_tim_ex.c **** 
 2056              		.loc 1 871 5 view .LVU602
 2057 002c FFF7FEFF 		bl	TIM_CCxNChannelCmd
 2058              	.LVL123:
 874:platform/HAL/src/stm32g4xx_hal_tim_ex.c ****     if ((tmpccer & TIM_CCER_CCxNE_MASK) == (uint32_t)RESET)
 2059              		.loc 1 874 5 is_stmt 1 view .LVU603
 874:platform/HAL/src/stm32g4xx_hal_tim_ex.c ****     if ((tmpccer & TIM_CCER_CCxNE_MASK) == (uint32_t)RESET)
 2060              		.loc 1 874 19 is_stmt 0 view .LVU604
 2061 0030 2B68     		ldr	r3, [r5]
 874:platform/HAL/src/stm32g4xx_hal_tim_ex.c ****     if ((tmpccer & TIM_CCER_CCxNE_MASK) == (uint32_t)RESET)
 2062              		.loc 1 874 13 view .LVU605
 2063 0032 196A     		ldr	r1, [r3, #32]
 2064              	.LVL124:
 875:platform/HAL/src/stm32g4xx_hal_tim_ex.c ****     {
 2065              		.loc 1 875 5 is_stmt 1 view .LVU606
 875:platform/HAL/src/stm32g4xx_hal_tim_ex.c ****     {
 2066              		.loc 1 875 8 is_stmt 0 view .LVU607
 2067 0034 44F24442 		movw	r2, #17476
 2068 0038 1142     		tst	r1, r2
 2069 003a 03D1     		bne	.L154
 877:platform/HAL/src/stm32g4xx_hal_tim_ex.c ****     }
 2070              		.loc 1 877 7 is_stmt 1 view .LVU608
 2071 003c DA68     		ldr	r2, [r3, #12]
 2072 003e 22F08002 		bic	r2, r2, #128
 2073 0042 DA60     		str	r2, [r3, #12]
 2074              	.L154:
 881:platform/HAL/src/stm32g4xx_hal_tim_ex.c **** 
 2075              		.loc 1 881 5 view .LVU609
 881:platform/HAL/src/stm32g4xx_hal_tim_ex.c **** 
 2076              		.loc 1 881 5 view .LVU610
 2077 0044 2A68     		ldr	r2, [r5]
 2078 0046 136A     		ldr	r3, [r2, #32]
 2079 0048 03F01133 		and	r3, r3, #286331153
 2080 004c 23F08853 		bic	r3, r3, #285212672
 2081 0050 43B9     		cbnz	r3, .L155
 881:platform/HAL/src/stm32g4xx_hal_tim_ex.c **** 
 2082              		.loc 1 881 5 discriminator 1 view .LVU611
 2083 0052 116A     		ldr	r1, [r2, #32]
 2084              	.LVL125:
 881:platform/HAL/src/stm32g4xx_hal_tim_ex.c **** 
 2085              		.loc 1 881 5 is_stmt 0 discriminator 1 view .LVU612
 2086 0054 44F24443 		movw	r3, #17476
ARM GAS  /tmp/cchCrvCd.s 			page 112


 2087 0058 1942     		tst	r1, r3
 2088 005a 03D1     		bne	.L155
 881:platform/HAL/src/stm32g4xx_hal_tim_ex.c **** 
 2089              		.loc 1 881 5 is_stmt 1 discriminator 3 view .LVU613
 2090 005c 536C     		ldr	r3, [r2, #68]
 2091 005e 23F40043 		bic	r3, r3, #32768
 2092 0062 5364     		str	r3, [r2, #68]
 2093              	.L155:
 881:platform/HAL/src/stm32g4xx_hal_tim_ex.c **** 
 2094              		.loc 1 881 5 discriminator 5 view .LVU614
 884:platform/HAL/src/stm32g4xx_hal_tim_ex.c **** 
 2095              		.loc 1 884 5 view .LVU615
 884:platform/HAL/src/stm32g4xx_hal_tim_ex.c **** 
 2096              		.loc 1 884 5 view .LVU616
 2097 0064 2A68     		ldr	r2, [r5]
 2098 0066 136A     		ldr	r3, [r2, #32]
 2099 0068 03F01133 		and	r3, r3, #286331153
 2100 006c 23F08853 		bic	r3, r3, #285212672
 2101 0070 43B9     		cbnz	r3, .L156
 884:platform/HAL/src/stm32g4xx_hal_tim_ex.c **** 
 2102              		.loc 1 884 5 discriminator 1 view .LVU617
 2103 0072 116A     		ldr	r1, [r2, #32]
 2104 0074 44F24443 		movw	r3, #17476
 2105 0078 1942     		tst	r1, r3
 2106 007a 03D1     		bne	.L156
 884:platform/HAL/src/stm32g4xx_hal_tim_ex.c **** 
 2107              		.loc 1 884 5 discriminator 3 view .LVU618
 2108 007c 1368     		ldr	r3, [r2]
 2109 007e 23F00103 		bic	r3, r3, #1
 2110 0082 1360     		str	r3, [r2]
 2111              	.L156:
 884:platform/HAL/src/stm32g4xx_hal_tim_ex.c **** 
 2112              		.loc 1 884 5 discriminator 5 view .LVU619
 887:platform/HAL/src/stm32g4xx_hal_tim_ex.c ****   }
 2113              		.loc 1 887 5 view .LVU620
 2114 0084 B4B9     		cbnz	r4, .L157
 887:platform/HAL/src/stm32g4xx_hal_tim_ex.c ****   }
 2115              		.loc 1 887 5 is_stmt 0 discriminator 1 view .LVU621
 2116 0086 0123     		movs	r3, #1
 2117 0088 85F84430 		strb	r3, [r5, #68]
 2118 008c 0020     		movs	r0, #0
 2119 008e 25E0     		b	.L147
 2120              	.LVL126:
 2121              	.L151:
 845:platform/HAL/src/stm32g4xx_hal_tim_ex.c ****       break;
 2122              		.loc 1 845 7 is_stmt 1 view .LVU622
 2123 0090 0268     		ldr	r2, [r0]
 2124 0092 D368     		ldr	r3, [r2, #12]
 2125 0094 23F00403 		bic	r3, r3, #4
 2126 0098 D360     		str	r3, [r2, #12]
 846:platform/HAL/src/stm32g4xx_hal_tim_ex.c ****     }
 2127              		.loc 1 846 7 view .LVU623
 868:platform/HAL/src/stm32g4xx_hal_tim_ex.c ****   {
 2128              		.loc 1 868 3 view .LVU624
 2129 009a C4E7     		b	.L153
 2130              	.L150:
 852:platform/HAL/src/stm32g4xx_hal_tim_ex.c ****       break;
ARM GAS  /tmp/cchCrvCd.s 			page 113


 2131              		.loc 1 852 7 view .LVU625
 2132 009c 0268     		ldr	r2, [r0]
 2133 009e D368     		ldr	r3, [r2, #12]
 2134 00a0 23F00803 		bic	r3, r3, #8
 2135 00a4 D360     		str	r3, [r2, #12]
 853:platform/HAL/src/stm32g4xx_hal_tim_ex.c ****     }
 2136              		.loc 1 853 7 view .LVU626
 868:platform/HAL/src/stm32g4xx_hal_tim_ex.c ****   {
 2137              		.loc 1 868 3 view .LVU627
 2138 00a6 BEE7     		b	.L153
 2139              	.L148:
 859:platform/HAL/src/stm32g4xx_hal_tim_ex.c ****       break;
 2140              		.loc 1 859 7 view .LVU628
 2141 00a8 0268     		ldr	r2, [r0]
 2142 00aa D368     		ldr	r3, [r2, #12]
 2143 00ac 23F01003 		bic	r3, r3, #16
 2144 00b0 D360     		str	r3, [r2, #12]
 860:platform/HAL/src/stm32g4xx_hal_tim_ex.c ****     }
 2145              		.loc 1 860 7 view .LVU629
 868:platform/HAL/src/stm32g4xx_hal_tim_ex.c ****   {
 2146              		.loc 1 868 3 view .LVU630
 2147 00b2 B8E7     		b	.L153
 2148              	.LVL127:
 2149              	.L157:
 887:platform/HAL/src/stm32g4xx_hal_tim_ex.c ****   }
 2150              		.loc 1 887 5 is_stmt 0 discriminator 2 view .LVU631
 2151 00b4 042C     		cmp	r4, #4
 2152 00b6 06D0     		beq	.L162
 887:platform/HAL/src/stm32g4xx_hal_tim_ex.c ****   }
 2153              		.loc 1 887 5 discriminator 4 view .LVU632
 2154 00b8 082C     		cmp	r4, #8
 2155 00ba 09D0     		beq	.L163
 887:platform/HAL/src/stm32g4xx_hal_tim_ex.c ****   }
 2156              		.loc 1 887 5 discriminator 7 view .LVU633
 2157 00bc 0123     		movs	r3, #1
 2158 00be 85F84730 		strb	r3, [r5, #71]
 2159 00c2 0020     		movs	r0, #0
 2160 00c4 0AE0     		b	.L147
 2161              	.L162:
 887:platform/HAL/src/stm32g4xx_hal_tim_ex.c ****   }
 2162              		.loc 1 887 5 discriminator 3 view .LVU634
 2163 00c6 0123     		movs	r3, #1
 2164 00c8 85F84530 		strb	r3, [r5, #69]
 2165 00cc 0020     		movs	r0, #0
 2166 00ce 05E0     		b	.L147
 2167              	.L163:
 887:platform/HAL/src/stm32g4xx_hal_tim_ex.c ****   }
 2168              		.loc 1 887 5 discriminator 6 view .LVU635
 2169 00d0 0123     		movs	r3, #1
 2170 00d2 85F84630 		strb	r3, [r5, #70]
 2171 00d6 0020     		movs	r0, #0
 2172 00d8 00E0     		b	.L147
 2173              	.LVL128:
 2174              	.L160:
 833:platform/HAL/src/stm32g4xx_hal_tim_ex.c ****   {
 2175              		.loc 1 833 3 view .LVU636
 2176 00da 0120     		movs	r0, #1
ARM GAS  /tmp/cchCrvCd.s 			page 114


 2177              	.LVL129:
 2178              	.L147:
 891:platform/HAL/src/stm32g4xx_hal_tim_ex.c **** }
 2179              		.loc 1 891 3 is_stmt 1 view .LVU637
 892:platform/HAL/src/stm32g4xx_hal_tim_ex.c **** 
 2180              		.loc 1 892 1 is_stmt 0 view .LVU638
 2181 00dc 38BD     		pop	{r3, r4, r5, pc}
 892:platform/HAL/src/stm32g4xx_hal_tim_ex.c **** 
 2182              		.loc 1 892 1 view .LVU639
 2183              		.cfi_endproc
 2184              	.LFE342:
 2186              		.section	.text.HAL_TIMEx_OCN_Start_DMA,"ax",%progbits
 2187              		.align	1
 2188              		.global	HAL_TIMEx_OCN_Start_DMA
 2189              		.syntax unified
 2190              		.thumb
 2191              		.thumb_func
 2193              	HAL_TIMEx_OCN_Start_DMA:
 2194              	.LVL130:
 2195              	.LFB343:
 910:platform/HAL/src/stm32g4xx_hal_tim_ex.c ****   HAL_StatusTypeDef status = HAL_OK;
 2196              		.loc 1 910 1 is_stmt 1 view -0
 2197              		.cfi_startproc
 2198              		@ args = 0, pretend = 0, frame = 0
 2199              		@ frame_needed = 0, uses_anonymous_args = 0
 910:platform/HAL/src/stm32g4xx_hal_tim_ex.c ****   HAL_StatusTypeDef status = HAL_OK;
 2200              		.loc 1 910 1 is_stmt 0 view .LVU641
 2201 0000 70B5     		push	{r4, r5, r6, lr}
 2202              	.LCFI18:
 2203              		.cfi_def_cfa_offset 16
 2204              		.cfi_offset 4, -16
 2205              		.cfi_offset 5, -12
 2206              		.cfi_offset 6, -8
 2207              		.cfi_offset 14, -4
 2208 0002 0446     		mov	r4, r0
 2209 0004 1646     		mov	r6, r2
 911:platform/HAL/src/stm32g4xx_hal_tim_ex.c ****   uint32_t tmpsmcr;
 2210              		.loc 1 911 3 is_stmt 1 view .LVU642
 2211              	.LVL131:
 912:platform/HAL/src/stm32g4xx_hal_tim_ex.c **** 
 2212              		.loc 1 912 3 view .LVU643
 915:platform/HAL/src/stm32g4xx_hal_tim_ex.c **** 
 2213              		.loc 1 915 3 view .LVU644
 918:platform/HAL/src/stm32g4xx_hal_tim_ex.c ****   {
 2214              		.loc 1 918 3 view .LVU645
 918:platform/HAL/src/stm32g4xx_hal_tim_ex.c ****   {
 2215              		.loc 1 918 46 is_stmt 0 view .LVU646
 2216 0006 0D46     		mov	r5, r1
 2217 0008 0029     		cmp	r1, #0
 2218 000a 6DD1     		bne	.L165
 918:platform/HAL/src/stm32g4xx_hal_tim_ex.c ****   {
 2219              		.loc 1 918 7 discriminator 1 view .LVU647
 2220 000c 90F84400 		ldrb	r0, [r0, #68]	@ zero_extendqisi2
 2221              	.LVL132:
 918:platform/HAL/src/stm32g4xx_hal_tim_ex.c ****   {
 2222              		.loc 1 918 46 discriminator 1 view .LVU648
 2223 0010 0228     		cmp	r0, #2
ARM GAS  /tmp/cchCrvCd.s 			page 115


 2224 0012 14BF     		ite	ne
 2225 0014 0020     		movne	r0, #0
 2226 0016 0120     		moveq	r0, #1
 2227              	.L166:
 918:platform/HAL/src/stm32g4xx_hal_tim_ex.c ****   {
 2228              		.loc 1 918 6 discriminator 12 view .LVU649
 2229 0018 0028     		cmp	r0, #0
 2230 001a 40F01581 		bne	.L185
 922:platform/HAL/src/stm32g4xx_hal_tim_ex.c ****   {
 2231              		.loc 1 922 8 is_stmt 1 view .LVU650
 922:platform/HAL/src/stm32g4xx_hal_tim_ex.c ****   {
 2232              		.loc 1 922 51 is_stmt 0 view .LVU651
 2233 001e 002D     		cmp	r5, #0
 2234 0020 7BD1     		bne	.L170
 922:platform/HAL/src/stm32g4xx_hal_tim_ex.c ****   {
 2235              		.loc 1 922 12 discriminator 1 view .LVU652
 2236 0022 94F84420 		ldrb	r2, [r4, #68]	@ zero_extendqisi2
 2237              	.LVL133:
 922:platform/HAL/src/stm32g4xx_hal_tim_ex.c ****   {
 2238              		.loc 1 922 51 discriminator 1 view .LVU653
 2239 0026 012A     		cmp	r2, #1
 2240 0028 14BF     		ite	ne
 2241 002a 0022     		movne	r2, #0
 2242 002c 0122     		moveq	r2, #1
 2243              	.L171:
 922:platform/HAL/src/stm32g4xx_hal_tim_ex.c ****   {
 2244              		.loc 1 922 11 discriminator 12 view .LVU654
 2245 002e 002A     		cmp	r2, #0
 2246 0030 00F00C81 		beq	.L186
 924:platform/HAL/src/stm32g4xx_hal_tim_ex.c ****     {
 2247              		.loc 1 924 5 is_stmt 1 view .LVU655
 924:platform/HAL/src/stm32g4xx_hal_tim_ex.c ****     {
 2248              		.loc 1 924 8 is_stmt 0 view .LVU656
 2249 0034 002E     		cmp	r6, #0
 2250 0036 00F00B81 		beq	.L187
 924:platform/HAL/src/stm32g4xx_hal_tim_ex.c ****     {
 2251              		.loc 1 924 25 discriminator 1 view .LVU657
 2252 003a 002B     		cmp	r3, #0
 2253 003c 00F00A81 		beq	.L188
 930:platform/HAL/src/stm32g4xx_hal_tim_ex.c ****     }
 2254              		.loc 1 930 7 is_stmt 1 view .LVU658
 2255 0040 002D     		cmp	r5, #0
 2256 0042 40F08380 		bne	.L174
 930:platform/HAL/src/stm32g4xx_hal_tim_ex.c ****     }
 2257              		.loc 1 930 7 is_stmt 0 discriminator 1 view .LVU659
 2258 0046 0222     		movs	r2, #2
 2259 0048 84F84420 		strb	r2, [r4, #68]
 938:platform/HAL/src/stm32g4xx_hal_tim_ex.c ****   {
 2260              		.loc 1 938 3 is_stmt 1 view .LVU660
 2261              	.L175:
 943:platform/HAL/src/stm32g4xx_hal_tim_ex.c ****       htim->hdma[TIM_DMA_ID_CC1]->XferHalfCpltCallback = TIM_DMADelayPulseHalfCplt;
 2262              		.loc 1 943 7 view .LVU661
 943:platform/HAL/src/stm32g4xx_hal_tim_ex.c ****       htim->hdma[TIM_DMA_ID_CC1]->XferHalfCpltCallback = TIM_DMADelayPulseHalfCplt;
 2263              		.loc 1 943 17 is_stmt 0 view .LVU662
 2264 004c 626A     		ldr	r2, [r4, #36]
 943:platform/HAL/src/stm32g4xx_hal_tim_ex.c ****       htim->hdma[TIM_DMA_ID_CC1]->XferHalfCpltCallback = TIM_DMADelayPulseHalfCplt;
 2265              		.loc 1 943 52 view .LVU663
ARM GAS  /tmp/cchCrvCd.s 			page 116


 2266 004e 8949     		ldr	r1, .L206
 2267              	.LVL134:
 943:platform/HAL/src/stm32g4xx_hal_tim_ex.c ****       htim->hdma[TIM_DMA_ID_CC1]->XferHalfCpltCallback = TIM_DMADelayPulseHalfCplt;
 2268              		.loc 1 943 52 view .LVU664
 2269 0050 D162     		str	r1, [r2, #44]
 944:platform/HAL/src/stm32g4xx_hal_tim_ex.c **** 
 2270              		.loc 1 944 7 is_stmt 1 view .LVU665
 944:platform/HAL/src/stm32g4xx_hal_tim_ex.c **** 
 2271              		.loc 1 944 17 is_stmt 0 view .LVU666
 2272 0052 626A     		ldr	r2, [r4, #36]
 944:platform/HAL/src/stm32g4xx_hal_tim_ex.c **** 
 2273              		.loc 1 944 56 view .LVU667
 2274 0054 8849     		ldr	r1, .L206+4
 2275 0056 1163     		str	r1, [r2, #48]
 947:platform/HAL/src/stm32g4xx_hal_tim_ex.c **** 
 2276              		.loc 1 947 7 is_stmt 1 view .LVU668
 947:platform/HAL/src/stm32g4xx_hal_tim_ex.c **** 
 2277              		.loc 1 947 17 is_stmt 0 view .LVU669
 2278 0058 626A     		ldr	r2, [r4, #36]
 947:platform/HAL/src/stm32g4xx_hal_tim_ex.c **** 
 2279              		.loc 1 947 53 view .LVU670
 2280 005a 8849     		ldr	r1, .L206+8
 2281 005c 5163     		str	r1, [r2, #52]
 950:platform/HAL/src/stm32g4xx_hal_tim_ex.c ****                            Length) != HAL_OK)
 2282              		.loc 1 950 7 is_stmt 1 view .LVU671
 950:platform/HAL/src/stm32g4xx_hal_tim_ex.c ****                            Length) != HAL_OK)
 2283              		.loc 1 950 88 is_stmt 0 view .LVU672
 2284 005e 2268     		ldr	r2, [r4]
 950:platform/HAL/src/stm32g4xx_hal_tim_ex.c ****                            Length) != HAL_OK)
 2285              		.loc 1 950 11 view .LVU673
 2286 0060 3432     		adds	r2, r2, #52
 2287 0062 3146     		mov	r1, r6
 2288 0064 606A     		ldr	r0, [r4, #36]
 2289 0066 FFF7FEFF 		bl	HAL_DMA_Start_IT
 2290              	.LVL135:
 950:platform/HAL/src/stm32g4xx_hal_tim_ex.c ****                            Length) != HAL_OK)
 2291              		.loc 1 950 10 discriminator 1 view .LVU674
 2292 006a 0028     		cmp	r0, #0
 2293 006c 40F0F680 		bne	.L190
 957:platform/HAL/src/stm32g4xx_hal_tim_ex.c ****       break;
 2294              		.loc 1 957 7 is_stmt 1 view .LVU675
 2295 0070 2268     		ldr	r2, [r4]
 2296 0072 D368     		ldr	r3, [r2, #12]
 2297 0074 43F40073 		orr	r3, r3, #512
 2298 0078 D360     		str	r3, [r2, #12]
 958:platform/HAL/src/stm32g4xx_hal_tim_ex.c ****     }
 2299              		.loc 1 958 7 view .LVU676
1029:platform/HAL/src/stm32g4xx_hal_tim_ex.c ****   {
 2300              		.loc 1 1029 3 view .LVU677
 2301              	.L182:
1032:platform/HAL/src/stm32g4xx_hal_tim_ex.c **** 
 2302              		.loc 1 1032 5 view .LVU678
 2303 007a 0422     		movs	r2, #4
 2304 007c 2946     		mov	r1, r5
 2305 007e 2068     		ldr	r0, [r4]
 2306 0080 FFF7FEFF 		bl	TIM_CCxNChannelCmd
 2307              	.LVL136:
ARM GAS  /tmp/cchCrvCd.s 			page 117


1035:platform/HAL/src/stm32g4xx_hal_tim_ex.c **** 
 2308              		.loc 1 1035 5 view .LVU679
 2309 0084 2268     		ldr	r2, [r4]
 2310 0086 536C     		ldr	r3, [r2, #68]
 2311 0088 43F40043 		orr	r3, r3, #32768
 2312 008c 5364     		str	r3, [r2, #68]
1038:platform/HAL/src/stm32g4xx_hal_tim_ex.c ****     {
 2313              		.loc 1 1038 5 view .LVU680
1038:platform/HAL/src/stm32g4xx_hal_tim_ex.c ****     {
 2314              		.loc 1 1038 9 is_stmt 0 view .LVU681
 2315 008e 2368     		ldr	r3, [r4]
1038:platform/HAL/src/stm32g4xx_hal_tim_ex.c ****     {
 2316              		.loc 1 1038 8 view .LVU682
 2317 0090 7B4A     		ldr	r2, .L206+12
 2318 0092 9342     		cmp	r3, r2
 2319 0094 00F0CA80 		beq	.L183
1038:platform/HAL/src/stm32g4xx_hal_tim_ex.c ****     {
 2320              		.loc 1 1038 9 discriminator 1 view .LVU683
 2321 0098 B3F1804F 		cmp	r3, #1073741824
 2322 009c 00F0C680 		beq	.L183
1038:platform/HAL/src/stm32g4xx_hal_tim_ex.c ****     {
 2323              		.loc 1 1038 9 discriminator 2 view .LVU684
 2324 00a0 A2F59432 		sub	r2, r2, #75776
 2325 00a4 9342     		cmp	r3, r2
 2326 00a6 00F0C180 		beq	.L183
1038:platform/HAL/src/stm32g4xx_hal_tim_ex.c ****     {
 2327              		.loc 1 1038 9 discriminator 3 view .LVU685
 2328 00aa 02F58062 		add	r2, r2, #1024
 2329 00ae 9342     		cmp	r3, r2
 2330 00b0 00F0BC80 		beq	.L183
1038:platform/HAL/src/stm32g4xx_hal_tim_ex.c ****     {
 2331              		.loc 1 1038 9 discriminator 4 view .LVU686
 2332 00b4 02F58062 		add	r2, r2, #1024
 2333 00b8 9342     		cmp	r3, r2
 2334 00ba 00F0B780 		beq	.L183
1038:platform/HAL/src/stm32g4xx_hal_tim_ex.c ****     {
 2335              		.loc 1 1038 9 discriminator 5 view .LVU687
 2336 00be 02F59432 		add	r2, r2, #75776
 2337 00c2 9342     		cmp	r3, r2
 2338 00c4 00F0B280 		beq	.L183
1038:platform/HAL/src/stm32g4xx_hal_tim_ex.c ****     {
 2339              		.loc 1 1038 9 discriminator 6 view .LVU688
 2340 00c8 02F54062 		add	r2, r2, #3072
 2341 00cc 9342     		cmp	r3, r2
 2342 00ce 00F0AD80 		beq	.L183
1038:platform/HAL/src/stm32g4xx_hal_tim_ex.c ****     {
 2343              		.loc 1 1038 9 discriminator 7 view .LVU689
 2344 00d2 02F58052 		add	r2, r2, #4096
 2345 00d6 9342     		cmp	r3, r2
 2346 00d8 00F0A880 		beq	.L183
1048:platform/HAL/src/stm32g4xx_hal_tim_ex.c ****     }
 2347              		.loc 1 1048 7 is_stmt 1 view .LVU690
 2348 00dc 1A68     		ldr	r2, [r3]
 2349 00de 42F00102 		orr	r2, r2, #1
 2350 00e2 1A60     		str	r2, [r3]
 2351 00e4 0020     		movs	r0, #0
 2352 00e6 B2E0     		b	.L169
ARM GAS  /tmp/cchCrvCd.s 			page 118


 2353              	.LVL137:
 2354              	.L165:
 918:platform/HAL/src/stm32g4xx_hal_tim_ex.c ****   {
 2355              		.loc 1 918 46 is_stmt 0 discriminator 2 view .LVU691
 2356 00e8 0429     		cmp	r1, #4
 2357 00ea 08D0     		beq	.L200
 918:platform/HAL/src/stm32g4xx_hal_tim_ex.c ****   {
 2358              		.loc 1 918 46 discriminator 5 view .LVU692
 2359 00ec 0829     		cmp	r1, #8
 2360 00ee 0DD0     		beq	.L201
 918:platform/HAL/src/stm32g4xx_hal_tim_ex.c ****   {
 2361              		.loc 1 918 7 discriminator 8 view .LVU693
 2362 00f0 90F84700 		ldrb	r0, [r0, #71]	@ zero_extendqisi2
 2363              	.LVL138:
 918:platform/HAL/src/stm32g4xx_hal_tim_ex.c ****   {
 2364              		.loc 1 918 46 discriminator 8 view .LVU694
 2365 00f4 0228     		cmp	r0, #2
 2366 00f6 14BF     		ite	ne
 2367 00f8 0020     		movne	r0, #0
 2368 00fa 0120     		moveq	r0, #1
 2369 00fc 8CE7     		b	.L166
 2370              	.LVL139:
 2371              	.L200:
 918:platform/HAL/src/stm32g4xx_hal_tim_ex.c ****   {
 2372              		.loc 1 918 7 discriminator 4 view .LVU695
 2373 00fe 90F84500 		ldrb	r0, [r0, #69]	@ zero_extendqisi2
 2374              	.LVL140:
 918:platform/HAL/src/stm32g4xx_hal_tim_ex.c ****   {
 2375              		.loc 1 918 46 discriminator 4 view .LVU696
 2376 0102 0228     		cmp	r0, #2
 2377 0104 14BF     		ite	ne
 2378 0106 0020     		movne	r0, #0
 2379 0108 0120     		moveq	r0, #1
 2380 010a 85E7     		b	.L166
 2381              	.LVL141:
 2382              	.L201:
 918:platform/HAL/src/stm32g4xx_hal_tim_ex.c ****   {
 2383              		.loc 1 918 7 discriminator 7 view .LVU697
 2384 010c 90F84600 		ldrb	r0, [r0, #70]	@ zero_extendqisi2
 2385              	.LVL142:
 918:platform/HAL/src/stm32g4xx_hal_tim_ex.c ****   {
 2386              		.loc 1 918 46 discriminator 7 view .LVU698
 2387 0110 0228     		cmp	r0, #2
 2388 0112 14BF     		ite	ne
 2389 0114 0020     		movne	r0, #0
 2390 0116 0120     		moveq	r0, #1
 2391 0118 7EE7     		b	.L166
 2392              	.L170:
 922:platform/HAL/src/stm32g4xx_hal_tim_ex.c ****   {
 2393              		.loc 1 922 51 discriminator 2 view .LVU699
 2394 011a 042D     		cmp	r5, #4
 2395 011c 08D0     		beq	.L202
 922:platform/HAL/src/stm32g4xx_hal_tim_ex.c ****   {
 2396              		.loc 1 922 51 discriminator 5 view .LVU700
 2397 011e 082D     		cmp	r5, #8
 2398 0120 0DD0     		beq	.L203
 922:platform/HAL/src/stm32g4xx_hal_tim_ex.c ****   {
ARM GAS  /tmp/cchCrvCd.s 			page 119


 2399              		.loc 1 922 12 discriminator 8 view .LVU701
 2400 0122 94F84720 		ldrb	r2, [r4, #71]	@ zero_extendqisi2
 2401              	.LVL143:
 922:platform/HAL/src/stm32g4xx_hal_tim_ex.c ****   {
 2402              		.loc 1 922 51 discriminator 8 view .LVU702
 2403 0126 012A     		cmp	r2, #1
 2404 0128 14BF     		ite	ne
 2405 012a 0022     		movne	r2, #0
 2406 012c 0122     		moveq	r2, #1
 2407 012e 7EE7     		b	.L171
 2408              	.LVL144:
 2409              	.L202:
 922:platform/HAL/src/stm32g4xx_hal_tim_ex.c ****   {
 2410              		.loc 1 922 12 discriminator 4 view .LVU703
 2411 0130 94F84520 		ldrb	r2, [r4, #69]	@ zero_extendqisi2
 2412              	.LVL145:
 922:platform/HAL/src/stm32g4xx_hal_tim_ex.c ****   {
 2413              		.loc 1 922 51 discriminator 4 view .LVU704
 2414 0134 012A     		cmp	r2, #1
 2415 0136 14BF     		ite	ne
 2416 0138 0022     		movne	r2, #0
 2417 013a 0122     		moveq	r2, #1
 2418 013c 77E7     		b	.L171
 2419              	.LVL146:
 2420              	.L203:
 922:platform/HAL/src/stm32g4xx_hal_tim_ex.c ****   {
 2421              		.loc 1 922 12 discriminator 7 view .LVU705
 2422 013e 94F84620 		ldrb	r2, [r4, #70]	@ zero_extendqisi2
 2423              	.LVL147:
 922:platform/HAL/src/stm32g4xx_hal_tim_ex.c ****   {
 2424              		.loc 1 922 51 discriminator 7 view .LVU706
 2425 0142 012A     		cmp	r2, #1
 2426 0144 14BF     		ite	ne
 2427 0146 0022     		movne	r2, #0
 2428 0148 0122     		moveq	r2, #1
 2429 014a 70E7     		b	.L171
 2430              	.L174:
 930:platform/HAL/src/stm32g4xx_hal_tim_ex.c ****     }
 2431              		.loc 1 930 7 discriminator 2 view .LVU707
 2432 014c 042D     		cmp	r5, #4
 2433 014e 23D0     		beq	.L204
 930:platform/HAL/src/stm32g4xx_hal_tim_ex.c ****     }
 2434              		.loc 1 930 7 discriminator 4 view .LVU708
 2435 0150 082D     		cmp	r5, #8
 2436 0152 3BD0     		beq	.L205
 930:platform/HAL/src/stm32g4xx_hal_tim_ex.c ****     }
 2437              		.loc 1 930 7 discriminator 7 view .LVU709
 2438 0154 0222     		movs	r2, #2
 2439 0156 84F84720 		strb	r2, [r4, #71]
 938:platform/HAL/src/stm32g4xx_hal_tim_ex.c ****   {
 2440              		.loc 1 938 3 is_stmt 1 view .LVU710
 2441 015a 0C2D     		cmp	r5, #12
 2442 015c 7CD8     		bhi	.L189
 2443 015e 01A2     		adr	r2, .L181
 2444 0160 52F825F0 		ldr	pc, [r2, r5, lsl #2]
 2445              		.p2align 2
 2446              	.L181:
ARM GAS  /tmp/cchCrvCd.s 			page 120


 2447 0164 4D000000 		.word	.L175+1
 2448 0168 59020000 		.word	.L189+1
 2449 016c 59020000 		.word	.L189+1
 2450 0170 59020000 		.word	.L189+1
 2451 0174 9F010000 		.word	.L177+1
 2452 0178 59020000 		.word	.L189+1
 2453 017c 59020000 		.word	.L189+1
 2454 0180 59020000 		.word	.L189+1
 2455 0184 D3010000 		.word	.L179+1
 2456 0188 59020000 		.word	.L189+1
 2457 018c 59020000 		.word	.L189+1
 2458 0190 59020000 		.word	.L189+1
 2459 0194 01020000 		.word	.L180+1
 2460              		.p2align 1
 2461              	.L204:
 930:platform/HAL/src/stm32g4xx_hal_tim_ex.c ****     }
 2462              		.loc 1 930 7 is_stmt 0 discriminator 3 view .LVU711
 2463 0198 0222     		movs	r2, #2
 2464 019a 84F84520 		strb	r2, [r4, #69]
 938:platform/HAL/src/stm32g4xx_hal_tim_ex.c ****   {
 2465              		.loc 1 938 3 is_stmt 1 view .LVU712
 2466              	.L177:
 964:platform/HAL/src/stm32g4xx_hal_tim_ex.c ****       htim->hdma[TIM_DMA_ID_CC2]->XferHalfCpltCallback = TIM_DMADelayPulseHalfCplt;
 2467              		.loc 1 964 7 view .LVU713
 964:platform/HAL/src/stm32g4xx_hal_tim_ex.c ****       htim->hdma[TIM_DMA_ID_CC2]->XferHalfCpltCallback = TIM_DMADelayPulseHalfCplt;
 2468              		.loc 1 964 17 is_stmt 0 view .LVU714
 2469 019e A26A     		ldr	r2, [r4, #40]
 964:platform/HAL/src/stm32g4xx_hal_tim_ex.c ****       htim->hdma[TIM_DMA_ID_CC2]->XferHalfCpltCallback = TIM_DMADelayPulseHalfCplt;
 2470              		.loc 1 964 52 view .LVU715
 2471 01a0 3449     		ldr	r1, .L206
 2472              	.LVL148:
 964:platform/HAL/src/stm32g4xx_hal_tim_ex.c ****       htim->hdma[TIM_DMA_ID_CC2]->XferHalfCpltCallback = TIM_DMADelayPulseHalfCplt;
 2473              		.loc 1 964 52 view .LVU716
 2474 01a2 D162     		str	r1, [r2, #44]
 965:platform/HAL/src/stm32g4xx_hal_tim_ex.c **** 
 2475              		.loc 1 965 7 is_stmt 1 view .LVU717
 965:platform/HAL/src/stm32g4xx_hal_tim_ex.c **** 
 2476              		.loc 1 965 17 is_stmt 0 view .LVU718
 2477 01a4 A26A     		ldr	r2, [r4, #40]
 965:platform/HAL/src/stm32g4xx_hal_tim_ex.c **** 
 2478              		.loc 1 965 56 view .LVU719
 2479 01a6 3449     		ldr	r1, .L206+4
 2480 01a8 1163     		str	r1, [r2, #48]
 968:platform/HAL/src/stm32g4xx_hal_tim_ex.c **** 
 2481              		.loc 1 968 7 is_stmt 1 view .LVU720
 968:platform/HAL/src/stm32g4xx_hal_tim_ex.c **** 
 2482              		.loc 1 968 17 is_stmt 0 view .LVU721
 2483 01aa A26A     		ldr	r2, [r4, #40]
 968:platform/HAL/src/stm32g4xx_hal_tim_ex.c **** 
 2484              		.loc 1 968 53 view .LVU722
 2485 01ac 3349     		ldr	r1, .L206+8
 2486 01ae 5163     		str	r1, [r2, #52]
 971:platform/HAL/src/stm32g4xx_hal_tim_ex.c ****                            Length) != HAL_OK)
 2487              		.loc 1 971 7 is_stmt 1 view .LVU723
 971:platform/HAL/src/stm32g4xx_hal_tim_ex.c ****                            Length) != HAL_OK)
 2488              		.loc 1 971 88 is_stmt 0 view .LVU724
 2489 01b0 2268     		ldr	r2, [r4]
ARM GAS  /tmp/cchCrvCd.s 			page 121


 971:platform/HAL/src/stm32g4xx_hal_tim_ex.c ****                            Length) != HAL_OK)
 2490              		.loc 1 971 11 view .LVU725
 2491 01b2 3832     		adds	r2, r2, #56
 2492 01b4 3146     		mov	r1, r6
 2493 01b6 A06A     		ldr	r0, [r4, #40]
 2494 01b8 FFF7FEFF 		bl	HAL_DMA_Start_IT
 2495              	.LVL149:
 971:platform/HAL/src/stm32g4xx_hal_tim_ex.c ****                            Length) != HAL_OK)
 2496              		.loc 1 971 10 discriminator 1 view .LVU726
 2497 01bc 0028     		cmp	r0, #0
 2498 01be 4FD1     		bne	.L191
 978:platform/HAL/src/stm32g4xx_hal_tim_ex.c ****       break;
 2499              		.loc 1 978 7 is_stmt 1 view .LVU727
 2500 01c0 2268     		ldr	r2, [r4]
 2501 01c2 D368     		ldr	r3, [r2, #12]
 2502 01c4 43F48063 		orr	r3, r3, #1024
 2503 01c8 D360     		str	r3, [r2, #12]
 979:platform/HAL/src/stm32g4xx_hal_tim_ex.c ****     }
 2504              		.loc 1 979 7 view .LVU728
1029:platform/HAL/src/stm32g4xx_hal_tim_ex.c ****   {
 2505              		.loc 1 1029 3 view .LVU729
 2506 01ca 56E7     		b	.L182
 2507              	.LVL150:
 2508              	.L205:
 930:platform/HAL/src/stm32g4xx_hal_tim_ex.c ****     }
 2509              		.loc 1 930 7 is_stmt 0 discriminator 6 view .LVU730
 2510 01cc 0222     		movs	r2, #2
 2511 01ce 84F84620 		strb	r2, [r4, #70]
 938:platform/HAL/src/stm32g4xx_hal_tim_ex.c ****   {
 2512              		.loc 1 938 3 is_stmt 1 view .LVU731
 2513              	.L179:
 985:platform/HAL/src/stm32g4xx_hal_tim_ex.c ****       htim->hdma[TIM_DMA_ID_CC3]->XferHalfCpltCallback = TIM_DMADelayPulseHalfCplt;
 2514              		.loc 1 985 7 view .LVU732
 985:platform/HAL/src/stm32g4xx_hal_tim_ex.c ****       htim->hdma[TIM_DMA_ID_CC3]->XferHalfCpltCallback = TIM_DMADelayPulseHalfCplt;
 2515              		.loc 1 985 17 is_stmt 0 view .LVU733
 2516 01d2 E26A     		ldr	r2, [r4, #44]
 985:platform/HAL/src/stm32g4xx_hal_tim_ex.c ****       htim->hdma[TIM_DMA_ID_CC3]->XferHalfCpltCallback = TIM_DMADelayPulseHalfCplt;
 2517              		.loc 1 985 52 view .LVU734
 2518 01d4 2749     		ldr	r1, .L206
 2519              	.LVL151:
 985:platform/HAL/src/stm32g4xx_hal_tim_ex.c ****       htim->hdma[TIM_DMA_ID_CC3]->XferHalfCpltCallback = TIM_DMADelayPulseHalfCplt;
 2520              		.loc 1 985 52 view .LVU735
 2521 01d6 D162     		str	r1, [r2, #44]
 986:platform/HAL/src/stm32g4xx_hal_tim_ex.c **** 
 2522              		.loc 1 986 7 is_stmt 1 view .LVU736
 986:platform/HAL/src/stm32g4xx_hal_tim_ex.c **** 
 2523              		.loc 1 986 17 is_stmt 0 view .LVU737
 2524 01d8 E26A     		ldr	r2, [r4, #44]
 986:platform/HAL/src/stm32g4xx_hal_tim_ex.c **** 
 2525              		.loc 1 986 56 view .LVU738
 2526 01da 2749     		ldr	r1, .L206+4
 2527 01dc 1163     		str	r1, [r2, #48]
 989:platform/HAL/src/stm32g4xx_hal_tim_ex.c **** 
 2528              		.loc 1 989 7 is_stmt 1 view .LVU739
 989:platform/HAL/src/stm32g4xx_hal_tim_ex.c **** 
 2529              		.loc 1 989 17 is_stmt 0 view .LVU740
 2530 01de E26A     		ldr	r2, [r4, #44]
ARM GAS  /tmp/cchCrvCd.s 			page 122


 989:platform/HAL/src/stm32g4xx_hal_tim_ex.c **** 
 2531              		.loc 1 989 53 view .LVU741
 2532 01e0 2649     		ldr	r1, .L206+8
 2533 01e2 5163     		str	r1, [r2, #52]
 992:platform/HAL/src/stm32g4xx_hal_tim_ex.c ****                            Length) != HAL_OK)
 2534              		.loc 1 992 7 is_stmt 1 view .LVU742
 992:platform/HAL/src/stm32g4xx_hal_tim_ex.c ****                            Length) != HAL_OK)
 2535              		.loc 1 992 88 is_stmt 0 view .LVU743
 2536 01e4 2268     		ldr	r2, [r4]
 992:platform/HAL/src/stm32g4xx_hal_tim_ex.c ****                            Length) != HAL_OK)
 2537              		.loc 1 992 11 view .LVU744
 2538 01e6 3C32     		adds	r2, r2, #60
 2539 01e8 3146     		mov	r1, r6
 2540 01ea E06A     		ldr	r0, [r4, #44]
 2541 01ec FFF7FEFF 		bl	HAL_DMA_Start_IT
 2542              	.LVL152:
 992:platform/HAL/src/stm32g4xx_hal_tim_ex.c ****                            Length) != HAL_OK)
 2543              		.loc 1 992 10 discriminator 1 view .LVU745
 2544 01f0 0028     		cmp	r0, #0
 2545 01f2 37D1     		bne	.L192
 999:platform/HAL/src/stm32g4xx_hal_tim_ex.c ****       break;
 2546              		.loc 1 999 7 is_stmt 1 view .LVU746
 2547 01f4 2268     		ldr	r2, [r4]
 2548 01f6 D368     		ldr	r3, [r2, #12]
 2549 01f8 43F40063 		orr	r3, r3, #2048
 2550 01fc D360     		str	r3, [r2, #12]
1000:platform/HAL/src/stm32g4xx_hal_tim_ex.c ****     }
 2551              		.loc 1 1000 7 view .LVU747
1029:platform/HAL/src/stm32g4xx_hal_tim_ex.c ****   {
 2552              		.loc 1 1029 3 view .LVU748
 2553 01fe 3CE7     		b	.L182
 2554              	.LVL153:
 2555              	.L180:
1006:platform/HAL/src/stm32g4xx_hal_tim_ex.c ****       htim->hdma[TIM_DMA_ID_CC4]->XferHalfCpltCallback = TIM_DMADelayPulseHalfCplt;
 2556              		.loc 1 1006 7 view .LVU749
1006:platform/HAL/src/stm32g4xx_hal_tim_ex.c ****       htim->hdma[TIM_DMA_ID_CC4]->XferHalfCpltCallback = TIM_DMADelayPulseHalfCplt;
 2557              		.loc 1 1006 17 is_stmt 0 view .LVU750
 2558 0200 226B     		ldr	r2, [r4, #48]
1006:platform/HAL/src/stm32g4xx_hal_tim_ex.c ****       htim->hdma[TIM_DMA_ID_CC4]->XferHalfCpltCallback = TIM_DMADelayPulseHalfCplt;
 2559              		.loc 1 1006 52 view .LVU751
 2560 0202 1C49     		ldr	r1, .L206
 2561              	.LVL154:
1006:platform/HAL/src/stm32g4xx_hal_tim_ex.c ****       htim->hdma[TIM_DMA_ID_CC4]->XferHalfCpltCallback = TIM_DMADelayPulseHalfCplt;
 2562              		.loc 1 1006 52 view .LVU752
 2563 0204 D162     		str	r1, [r2, #44]
1007:platform/HAL/src/stm32g4xx_hal_tim_ex.c **** 
 2564              		.loc 1 1007 7 is_stmt 1 view .LVU753
1007:platform/HAL/src/stm32g4xx_hal_tim_ex.c **** 
 2565              		.loc 1 1007 17 is_stmt 0 view .LVU754
 2566 0206 226B     		ldr	r2, [r4, #48]
1007:platform/HAL/src/stm32g4xx_hal_tim_ex.c **** 
 2567              		.loc 1 1007 56 view .LVU755
 2568 0208 1B49     		ldr	r1, .L206+4
 2569 020a 1163     		str	r1, [r2, #48]
1010:platform/HAL/src/stm32g4xx_hal_tim_ex.c **** 
 2570              		.loc 1 1010 7 is_stmt 1 view .LVU756
1010:platform/HAL/src/stm32g4xx_hal_tim_ex.c **** 
ARM GAS  /tmp/cchCrvCd.s 			page 123


 2571              		.loc 1 1010 17 is_stmt 0 view .LVU757
 2572 020c 226B     		ldr	r2, [r4, #48]
1010:platform/HAL/src/stm32g4xx_hal_tim_ex.c **** 
 2573              		.loc 1 1010 53 view .LVU758
 2574 020e 1B49     		ldr	r1, .L206+8
 2575 0210 5163     		str	r1, [r2, #52]
1013:platform/HAL/src/stm32g4xx_hal_tim_ex.c ****                            Length) != HAL_OK)
 2576              		.loc 1 1013 7 is_stmt 1 view .LVU759
1013:platform/HAL/src/stm32g4xx_hal_tim_ex.c ****                            Length) != HAL_OK)
 2577              		.loc 1 1013 88 is_stmt 0 view .LVU760
 2578 0212 2268     		ldr	r2, [r4]
1013:platform/HAL/src/stm32g4xx_hal_tim_ex.c ****                            Length) != HAL_OK)
 2579              		.loc 1 1013 11 view .LVU761
 2580 0214 4032     		adds	r2, r2, #64
 2581 0216 3146     		mov	r1, r6
 2582 0218 206B     		ldr	r0, [r4, #48]
 2583 021a FFF7FEFF 		bl	HAL_DMA_Start_IT
 2584              	.LVL155:
1013:platform/HAL/src/stm32g4xx_hal_tim_ex.c ****                            Length) != HAL_OK)
 2585              		.loc 1 1013 10 discriminator 1 view .LVU762
 2586 021e 18BB     		cbnz	r0, .L193
1020:platform/HAL/src/stm32g4xx_hal_tim_ex.c ****       break;
 2587              		.loc 1 1020 7 is_stmt 1 view .LVU763
 2588 0220 2268     		ldr	r2, [r4]
 2589 0222 D368     		ldr	r3, [r2, #12]
 2590 0224 43F48053 		orr	r3, r3, #4096
 2591 0228 D360     		str	r3, [r2, #12]
1021:platform/HAL/src/stm32g4xx_hal_tim_ex.c ****     }
 2592              		.loc 1 1021 7 view .LVU764
1029:platform/HAL/src/stm32g4xx_hal_tim_ex.c ****   {
 2593              		.loc 1 1029 3 view .LVU765
 2594 022a 26E7     		b	.L182
 2595              	.L183:
1040:platform/HAL/src/stm32g4xx_hal_tim_ex.c ****       if (!IS_TIM_SLAVEMODE_TRIGGER_ENABLED(tmpsmcr))
 2596              		.loc 1 1040 7 view .LVU766
1040:platform/HAL/src/stm32g4xx_hal_tim_ex.c ****       if (!IS_TIM_SLAVEMODE_TRIGGER_ENABLED(tmpsmcr))
 2597              		.loc 1 1040 31 is_stmt 0 view .LVU767
 2598 022c 9968     		ldr	r1, [r3, #8]
1040:platform/HAL/src/stm32g4xx_hal_tim_ex.c ****       if (!IS_TIM_SLAVEMODE_TRIGGER_ENABLED(tmpsmcr))
 2599              		.loc 1 1040 15 view .LVU768
 2600 022e 154A     		ldr	r2, .L206+16
 2601 0230 0A40     		ands	r2, r2, r1
 2602              	.LVL156:
1041:platform/HAL/src/stm32g4xx_hal_tim_ex.c ****       {
 2603              		.loc 1 1041 7 is_stmt 1 view .LVU769
1041:platform/HAL/src/stm32g4xx_hal_tim_ex.c ****       {
 2604              		.loc 1 1041 10 is_stmt 0 view .LVU770
 2605 0232 062A     		cmp	r2, #6
 2606 0234 1AD0     		beq	.L194
1041:platform/HAL/src/stm32g4xx_hal_tim_ex.c ****       {
 2607              		.loc 1 1041 11 discriminator 1 view .LVU771
 2608 0236 B2F5803F 		cmp	r2, #65536
 2609 023a 19D0     		beq	.L195
1043:platform/HAL/src/stm32g4xx_hal_tim_ex.c ****       }
 2610              		.loc 1 1043 9 is_stmt 1 view .LVU772
 2611 023c 1A68     		ldr	r2, [r3]
 2612              	.LVL157:
ARM GAS  /tmp/cchCrvCd.s 			page 124


1043:platform/HAL/src/stm32g4xx_hal_tim_ex.c ****       }
 2613              		.loc 1 1043 9 is_stmt 0 view .LVU773
 2614 023e 42F00102 		orr	r2, r2, #1
 2615 0242 1A60     		str	r2, [r3]
 2616 0244 0020     		movs	r0, #0
 2617 0246 02E0     		b	.L169
 2618              	.LVL158:
 2619              	.L185:
 920:platform/HAL/src/stm32g4xx_hal_tim_ex.c ****   }
 2620              		.loc 1 920 12 view .LVU774
 2621 0248 0220     		movs	r0, #2
 2622 024a 00E0     		b	.L169
 2623              	.LVL159:
 2624              	.L186:
 935:platform/HAL/src/stm32g4xx_hal_tim_ex.c ****   }
 2625              		.loc 1 935 12 view .LVU775
 2626 024c 0120     		movs	r0, #1
 2627              	.LVL160:
 2628              	.L169:
1054:platform/HAL/src/stm32g4xx_hal_tim_ex.c **** 
 2629              		.loc 1 1054 1 view .LVU776
 2630 024e 70BD     		pop	{r4, r5, r6, pc}
 2631              	.LVL161:
 2632              	.L187:
 926:platform/HAL/src/stm32g4xx_hal_tim_ex.c ****     }
 2633              		.loc 1 926 14 view .LVU777
 2634 0250 0120     		movs	r0, #1
 2635 0252 FCE7     		b	.L169
 2636              	.L188:
 2637 0254 0120     		movs	r0, #1
 2638 0256 FAE7     		b	.L169
 2639              	.L189:
 938:platform/HAL/src/stm32g4xx_hal_tim_ex.c ****   {
 2640              		.loc 1 938 3 view .LVU778
 2641 0258 0120     		movs	r0, #1
 2642 025a F8E7     		b	.L169
 2643              	.LVL162:
 2644              	.L190:
 954:platform/HAL/src/stm32g4xx_hal_tim_ex.c ****       }
 2645              		.loc 1 954 16 view .LVU779
 2646 025c 0120     		movs	r0, #1
 2647 025e F6E7     		b	.L169
 2648              	.L191:
 975:platform/HAL/src/stm32g4xx_hal_tim_ex.c ****       }
 2649              		.loc 1 975 16 view .LVU780
 2650 0260 0120     		movs	r0, #1
 2651 0262 F4E7     		b	.L169
 2652              	.L192:
 996:platform/HAL/src/stm32g4xx_hal_tim_ex.c ****       }
 2653              		.loc 1 996 16 view .LVU781
 2654 0264 0120     		movs	r0, #1
 2655 0266 F2E7     		b	.L169
 2656              	.L193:
1017:platform/HAL/src/stm32g4xx_hal_tim_ex.c ****       }
 2657              		.loc 1 1017 16 view .LVU782
 2658 0268 0120     		movs	r0, #1
 2659 026a F0E7     		b	.L169
ARM GAS  /tmp/cchCrvCd.s 			page 125


 2660              	.LVL163:
 2661              	.L194:
1017:platform/HAL/src/stm32g4xx_hal_tim_ex.c ****       }
 2662              		.loc 1 1017 16 view .LVU783
 2663 026c 0020     		movs	r0, #0
 2664 026e EEE7     		b	.L169
 2665              	.L195:
 2666 0270 0020     		movs	r0, #0
 2667 0272 ECE7     		b	.L169
 2668              	.L207:
 2669              		.align	2
 2670              	.L206:
 2671 0274 00000000 		.word	TIM_DMADelayPulseNCplt
 2672 0278 00000000 		.word	TIM_DMADelayPulseHalfCplt
 2673 027c 00000000 		.word	TIM_DMAErrorCCxN
 2674 0280 002C0140 		.word	1073818624
 2675 0284 07000100 		.word	65543
 2676              		.cfi_endproc
 2677              	.LFE343:
 2679              		.section	.text.HAL_TIMEx_OCN_Stop_DMA,"ax",%progbits
 2680              		.align	1
 2681              		.global	HAL_TIMEx_OCN_Stop_DMA
 2682              		.syntax unified
 2683              		.thumb
 2684              		.thumb_func
 2686              	HAL_TIMEx_OCN_Stop_DMA:
 2687              	.LVL164:
 2688              	.LFB344:
1069:platform/HAL/src/stm32g4xx_hal_tim_ex.c ****   HAL_StatusTypeDef status = HAL_OK;
 2689              		.loc 1 1069 1 is_stmt 1 view -0
 2690              		.cfi_startproc
 2691              		@ args = 0, pretend = 0, frame = 0
 2692              		@ frame_needed = 0, uses_anonymous_args = 0
1069:platform/HAL/src/stm32g4xx_hal_tim_ex.c ****   HAL_StatusTypeDef status = HAL_OK;
 2693              		.loc 1 1069 1 is_stmt 0 view .LVU785
 2694 0000 38B5     		push	{r3, r4, r5, lr}
 2695              	.LCFI19:
 2696              		.cfi_def_cfa_offset 16
 2697              		.cfi_offset 3, -16
 2698              		.cfi_offset 4, -12
 2699              		.cfi_offset 5, -8
 2700              		.cfi_offset 14, -4
 2701 0002 0546     		mov	r5, r0
 2702 0004 0C46     		mov	r4, r1
1070:platform/HAL/src/stm32g4xx_hal_tim_ex.c **** 
 2703              		.loc 1 1070 3 is_stmt 1 view .LVU786
 2704              	.LVL165:
1073:platform/HAL/src/stm32g4xx_hal_tim_ex.c **** 
 2705              		.loc 1 1073 3 view .LVU787
1075:platform/HAL/src/stm32g4xx_hal_tim_ex.c ****   {
 2706              		.loc 1 1075 3 view .LVU788
 2707 0006 0C29     		cmp	r1, #12
 2708 0008 69D8     		bhi	.L221
 2709 000a DFE801F0 		tbb	[pc, r1]
 2710              	.L211:
 2711 000e 07       		.byte	(.L214-.L211)/2
 2712 000f 68       		.byte	(.L221-.L211)/2
ARM GAS  /tmp/cchCrvCd.s 			page 126


 2713 0010 68       		.byte	(.L221-.L211)/2
 2714 0011 68       		.byte	(.L221-.L211)/2
 2715 0012 3A       		.byte	(.L213-.L211)/2
 2716 0013 68       		.byte	(.L221-.L211)/2
 2717 0014 68       		.byte	(.L221-.L211)/2
 2718 0015 68       		.byte	(.L221-.L211)/2
 2719 0016 43       		.byte	(.L212-.L211)/2
 2720 0017 68       		.byte	(.L221-.L211)/2
 2721 0018 68       		.byte	(.L221-.L211)/2
 2722 0019 68       		.byte	(.L221-.L211)/2
 2723 001a 4C       		.byte	(.L210-.L211)/2
 2724 001b 00       		.p2align 1
 2725              	.L214:
1080:platform/HAL/src/stm32g4xx_hal_tim_ex.c ****       (void)HAL_DMA_Abort_IT(htim->hdma[TIM_DMA_ID_CC1]);
 2726              		.loc 1 1080 7 view .LVU789
 2727 001c 0268     		ldr	r2, [r0]
 2728 001e D368     		ldr	r3, [r2, #12]
 2729 0020 23F40073 		bic	r3, r3, #512
 2730 0024 D360     		str	r3, [r2, #12]
1081:platform/HAL/src/stm32g4xx_hal_tim_ex.c ****       break;
 2731              		.loc 1 1081 7 view .LVU790
1081:platform/HAL/src/stm32g4xx_hal_tim_ex.c ****       break;
 2732              		.loc 1 1081 13 is_stmt 0 view .LVU791
 2733 0026 406A     		ldr	r0, [r0, #36]
 2734              	.LVL166:
1081:platform/HAL/src/stm32g4xx_hal_tim_ex.c ****       break;
 2735              		.loc 1 1081 13 view .LVU792
 2736 0028 FFF7FEFF 		bl	HAL_DMA_Abort_IT
 2737              	.LVL167:
1082:platform/HAL/src/stm32g4xx_hal_tim_ex.c ****     }
 2738              		.loc 1 1082 7 is_stmt 1 view .LVU793
1114:platform/HAL/src/stm32g4xx_hal_tim_ex.c ****   {
 2739              		.loc 1 1114 3 view .LVU794
 2740              	.L215:
1117:platform/HAL/src/stm32g4xx_hal_tim_ex.c **** 
 2741              		.loc 1 1117 5 view .LVU795
 2742 002c 0022     		movs	r2, #0
 2743 002e 2146     		mov	r1, r4
 2744 0030 2868     		ldr	r0, [r5]
 2745 0032 FFF7FEFF 		bl	TIM_CCxNChannelCmd
 2746              	.LVL168:
1120:platform/HAL/src/stm32g4xx_hal_tim_ex.c **** 
 2747              		.loc 1 1120 5 view .LVU796
1120:platform/HAL/src/stm32g4xx_hal_tim_ex.c **** 
 2748              		.loc 1 1120 5 view .LVU797
 2749 0036 2A68     		ldr	r2, [r5]
 2750 0038 136A     		ldr	r3, [r2, #32]
 2751 003a 03F01133 		and	r3, r3, #286331153
 2752 003e 23F08853 		bic	r3, r3, #285212672
 2753 0042 43B9     		cbnz	r3, .L216
1120:platform/HAL/src/stm32g4xx_hal_tim_ex.c **** 
 2754              		.loc 1 1120 5 discriminator 1 view .LVU798
 2755 0044 116A     		ldr	r1, [r2, #32]
 2756 0046 44F24443 		movw	r3, #17476
 2757 004a 1942     		tst	r1, r3
 2758 004c 03D1     		bne	.L216
1120:platform/HAL/src/stm32g4xx_hal_tim_ex.c **** 
ARM GAS  /tmp/cchCrvCd.s 			page 127


 2759              		.loc 1 1120 5 discriminator 3 view .LVU799
 2760 004e 536C     		ldr	r3, [r2, #68]
 2761 0050 23F40043 		bic	r3, r3, #32768
 2762 0054 5364     		str	r3, [r2, #68]
 2763              	.L216:
1120:platform/HAL/src/stm32g4xx_hal_tim_ex.c **** 
 2764              		.loc 1 1120 5 discriminator 5 view .LVU800
1123:platform/HAL/src/stm32g4xx_hal_tim_ex.c **** 
 2765              		.loc 1 1123 5 view .LVU801
1123:platform/HAL/src/stm32g4xx_hal_tim_ex.c **** 
 2766              		.loc 1 1123 5 view .LVU802
 2767 0056 2A68     		ldr	r2, [r5]
 2768 0058 136A     		ldr	r3, [r2, #32]
 2769 005a 03F01133 		and	r3, r3, #286331153
 2770 005e 23F08853 		bic	r3, r3, #285212672
 2771 0062 43B9     		cbnz	r3, .L217
1123:platform/HAL/src/stm32g4xx_hal_tim_ex.c **** 
 2772              		.loc 1 1123 5 discriminator 1 view .LVU803
 2773 0064 116A     		ldr	r1, [r2, #32]
 2774 0066 44F24443 		movw	r3, #17476
 2775 006a 1942     		tst	r1, r3
 2776 006c 03D1     		bne	.L217
1123:platform/HAL/src/stm32g4xx_hal_tim_ex.c **** 
 2777              		.loc 1 1123 5 discriminator 3 view .LVU804
 2778 006e 1368     		ldr	r3, [r2]
 2779 0070 23F00103 		bic	r3, r3, #1
 2780 0074 1360     		str	r3, [r2]
 2781              	.L217:
1123:platform/HAL/src/stm32g4xx_hal_tim_ex.c **** 
 2782              		.loc 1 1123 5 discriminator 5 view .LVU805
1126:platform/HAL/src/stm32g4xx_hal_tim_ex.c ****   }
 2783              		.loc 1 1126 5 view .LVU806
 2784 0076 FCB9     		cbnz	r4, .L218
1126:platform/HAL/src/stm32g4xx_hal_tim_ex.c ****   }
 2785              		.loc 1 1126 5 is_stmt 0 discriminator 1 view .LVU807
 2786 0078 0123     		movs	r3, #1
 2787 007a 85F84430 		strb	r3, [r5, #68]
 2788 007e 0020     		movs	r0, #0
 2789 0080 2EE0     		b	.L209
 2790              	.LVL169:
 2791              	.L213:
1088:platform/HAL/src/stm32g4xx_hal_tim_ex.c ****       (void)HAL_DMA_Abort_IT(htim->hdma[TIM_DMA_ID_CC2]);
 2792              		.loc 1 1088 7 is_stmt 1 view .LVU808
 2793 0082 0268     		ldr	r2, [r0]
 2794 0084 D368     		ldr	r3, [r2, #12]
 2795 0086 23F48063 		bic	r3, r3, #1024
 2796 008a D360     		str	r3, [r2, #12]
1089:platform/HAL/src/stm32g4xx_hal_tim_ex.c ****       break;
 2797              		.loc 1 1089 7 view .LVU809
1089:platform/HAL/src/stm32g4xx_hal_tim_ex.c ****       break;
 2798              		.loc 1 1089 13 is_stmt 0 view .LVU810
 2799 008c 806A     		ldr	r0, [r0, #40]
 2800              	.LVL170:
1089:platform/HAL/src/stm32g4xx_hal_tim_ex.c ****       break;
 2801              		.loc 1 1089 13 view .LVU811
 2802 008e FFF7FEFF 		bl	HAL_DMA_Abort_IT
 2803              	.LVL171:
ARM GAS  /tmp/cchCrvCd.s 			page 128


1090:platform/HAL/src/stm32g4xx_hal_tim_ex.c ****     }
 2804              		.loc 1 1090 7 is_stmt 1 view .LVU812
1114:platform/HAL/src/stm32g4xx_hal_tim_ex.c ****   {
 2805              		.loc 1 1114 3 view .LVU813
 2806 0092 CBE7     		b	.L215
 2807              	.LVL172:
 2808              	.L212:
1096:platform/HAL/src/stm32g4xx_hal_tim_ex.c ****       (void)HAL_DMA_Abort_IT(htim->hdma[TIM_DMA_ID_CC3]);
 2809              		.loc 1 1096 7 view .LVU814
 2810 0094 0268     		ldr	r2, [r0]
 2811 0096 D368     		ldr	r3, [r2, #12]
 2812 0098 23F40063 		bic	r3, r3, #2048
 2813 009c D360     		str	r3, [r2, #12]
1097:platform/HAL/src/stm32g4xx_hal_tim_ex.c ****       break;
 2814              		.loc 1 1097 7 view .LVU815
1097:platform/HAL/src/stm32g4xx_hal_tim_ex.c ****       break;
 2815              		.loc 1 1097 13 is_stmt 0 view .LVU816
 2816 009e C06A     		ldr	r0, [r0, #44]
 2817              	.LVL173:
1097:platform/HAL/src/stm32g4xx_hal_tim_ex.c ****       break;
 2818              		.loc 1 1097 13 view .LVU817
 2819 00a0 FFF7FEFF 		bl	HAL_DMA_Abort_IT
 2820              	.LVL174:
1098:platform/HAL/src/stm32g4xx_hal_tim_ex.c ****     }
 2821              		.loc 1 1098 7 is_stmt 1 view .LVU818
1114:platform/HAL/src/stm32g4xx_hal_tim_ex.c ****   {
 2822              		.loc 1 1114 3 view .LVU819
 2823 00a4 C2E7     		b	.L215
 2824              	.LVL175:
 2825              	.L210:
1104:platform/HAL/src/stm32g4xx_hal_tim_ex.c ****       (void)HAL_DMA_Abort_IT(htim->hdma[TIM_DMA_ID_CC4]);
 2826              		.loc 1 1104 7 view .LVU820
 2827 00a6 0268     		ldr	r2, [r0]
 2828 00a8 D368     		ldr	r3, [r2, #12]
 2829 00aa 23F48053 		bic	r3, r3, #4096
 2830 00ae D360     		str	r3, [r2, #12]
1105:platform/HAL/src/stm32g4xx_hal_tim_ex.c ****       break;
 2831              		.loc 1 1105 7 view .LVU821
1105:platform/HAL/src/stm32g4xx_hal_tim_ex.c ****       break;
 2832              		.loc 1 1105 13 is_stmt 0 view .LVU822
 2833 00b0 006B     		ldr	r0, [r0, #48]
 2834              	.LVL176:
1105:platform/HAL/src/stm32g4xx_hal_tim_ex.c ****       break;
 2835              		.loc 1 1105 13 view .LVU823
 2836 00b2 FFF7FEFF 		bl	HAL_DMA_Abort_IT
 2837              	.LVL177:
1106:platform/HAL/src/stm32g4xx_hal_tim_ex.c ****     }
 2838              		.loc 1 1106 7 is_stmt 1 view .LVU824
1114:platform/HAL/src/stm32g4xx_hal_tim_ex.c ****   {
 2839              		.loc 1 1114 3 view .LVU825
 2840 00b6 B9E7     		b	.L215
 2841              	.L218:
1126:platform/HAL/src/stm32g4xx_hal_tim_ex.c ****   }
 2842              		.loc 1 1126 5 is_stmt 0 discriminator 2 view .LVU826
 2843 00b8 042C     		cmp	r4, #4
 2844 00ba 06D0     		beq	.L223
1126:platform/HAL/src/stm32g4xx_hal_tim_ex.c ****   }
ARM GAS  /tmp/cchCrvCd.s 			page 129


 2845              		.loc 1 1126 5 discriminator 4 view .LVU827
 2846 00bc 082C     		cmp	r4, #8
 2847 00be 09D0     		beq	.L224
1126:platform/HAL/src/stm32g4xx_hal_tim_ex.c ****   }
 2848              		.loc 1 1126 5 discriminator 7 view .LVU828
 2849 00c0 0123     		movs	r3, #1
 2850 00c2 85F84730 		strb	r3, [r5, #71]
 2851 00c6 0020     		movs	r0, #0
 2852 00c8 0AE0     		b	.L209
 2853              	.L223:
1126:platform/HAL/src/stm32g4xx_hal_tim_ex.c ****   }
 2854              		.loc 1 1126 5 discriminator 3 view .LVU829
 2855 00ca 0123     		movs	r3, #1
 2856 00cc 85F84530 		strb	r3, [r5, #69]
 2857 00d0 0020     		movs	r0, #0
 2858 00d2 05E0     		b	.L209
 2859              	.L224:
1126:platform/HAL/src/stm32g4xx_hal_tim_ex.c ****   }
 2860              		.loc 1 1126 5 discriminator 6 view .LVU830
 2861 00d4 0123     		movs	r3, #1
 2862 00d6 85F84630 		strb	r3, [r5, #70]
 2863 00da 0020     		movs	r0, #0
 2864 00dc 00E0     		b	.L209
 2865              	.LVL178:
 2866              	.L221:
1075:platform/HAL/src/stm32g4xx_hal_tim_ex.c ****   {
 2867              		.loc 1 1075 3 view .LVU831
 2868 00de 0120     		movs	r0, #1
 2869              	.LVL179:
 2870              	.L209:
1130:platform/HAL/src/stm32g4xx_hal_tim_ex.c **** }
 2871              		.loc 1 1130 3 is_stmt 1 view .LVU832
1131:platform/HAL/src/stm32g4xx_hal_tim_ex.c **** 
 2872              		.loc 1 1131 1 is_stmt 0 view .LVU833
 2873 00e0 38BD     		pop	{r3, r4, r5, pc}
1131:platform/HAL/src/stm32g4xx_hal_tim_ex.c **** 
 2874              		.loc 1 1131 1 view .LVU834
 2875              		.cfi_endproc
 2876              	.LFE344:
 2878              		.section	.text.HAL_TIMEx_PWMN_Start,"ax",%progbits
 2879              		.align	1
 2880              		.global	HAL_TIMEx_PWMN_Start
 2881              		.syntax unified
 2882              		.thumb
 2883              		.thumb_func
 2885              	HAL_TIMEx_PWMN_Start:
 2886              	.LVL180:
 2887              	.LFB345:
1168:platform/HAL/src/stm32g4xx_hal_tim_ex.c ****   uint32_t tmpsmcr;
 2888              		.loc 1 1168 1 is_stmt 1 view -0
 2889              		.cfi_startproc
 2890              		@ args = 0, pretend = 0, frame = 0
 2891              		@ frame_needed = 0, uses_anonymous_args = 0
1168:platform/HAL/src/stm32g4xx_hal_tim_ex.c ****   uint32_t tmpsmcr;
 2892              		.loc 1 1168 1 is_stmt 0 view .LVU836
 2893 0000 10B5     		push	{r4, lr}
 2894              	.LCFI20:
ARM GAS  /tmp/cchCrvCd.s 			page 130


 2895              		.cfi_def_cfa_offset 8
 2896              		.cfi_offset 4, -8
 2897              		.cfi_offset 14, -4
 2898 0002 0446     		mov	r4, r0
1169:platform/HAL/src/stm32g4xx_hal_tim_ex.c **** 
 2899              		.loc 1 1169 3 is_stmt 1 view .LVU837
1172:platform/HAL/src/stm32g4xx_hal_tim_ex.c **** 
 2900              		.loc 1 1172 3 view .LVU838
1175:platform/HAL/src/stm32g4xx_hal_tim_ex.c ****   {
 2901              		.loc 1 1175 3 view .LVU839
1175:platform/HAL/src/stm32g4xx_hal_tim_ex.c ****   {
 2902              		.loc 1 1175 46 is_stmt 0 view .LVU840
 2903 0004 0846     		mov	r0, r1
 2904              	.LVL181:
1175:platform/HAL/src/stm32g4xx_hal_tim_ex.c ****   {
 2905              		.loc 1 1175 46 view .LVU841
 2906 0006 0029     		cmp	r1, #0
 2907 0008 3AD1     		bne	.L226
1175:platform/HAL/src/stm32g4xx_hal_tim_ex.c ****   {
 2908              		.loc 1 1175 7 discriminator 1 view .LVU842
 2909 000a 94F84430 		ldrb	r3, [r4, #68]	@ zero_extendqisi2
1175:platform/HAL/src/stm32g4xx_hal_tim_ex.c ****   {
 2910              		.loc 1 1175 46 discriminator 1 view .LVU843
 2911 000e 013B     		subs	r3, r3, #1
 2912 0010 18BF     		it	ne
 2913 0012 0123     		movne	r3, #1
 2914              	.L227:
1175:platform/HAL/src/stm32g4xx_hal_tim_ex.c ****   {
 2915              		.loc 1 1175 6 discriminator 12 view .LVU844
 2916 0014 002B     		cmp	r3, #0
 2917 0016 67D1     		bne	.L237
1181:platform/HAL/src/stm32g4xx_hal_tim_ex.c **** 
 2918              		.loc 1 1181 3 is_stmt 1 view .LVU845
 2919 0018 0028     		cmp	r0, #0
 2920 001a 47D1     		bne	.L231
1181:platform/HAL/src/stm32g4xx_hal_tim_ex.c **** 
 2921              		.loc 1 1181 3 is_stmt 0 discriminator 1 view .LVU846
 2922 001c 0223     		movs	r3, #2
 2923 001e 84F84430 		strb	r3, [r4, #68]
 2924              	.L232:
1184:platform/HAL/src/stm32g4xx_hal_tim_ex.c **** 
 2925              		.loc 1 1184 3 is_stmt 1 view .LVU847
 2926 0022 0422     		movs	r2, #4
 2927 0024 0146     		mov	r1, r0
 2928              	.LVL182:
1184:platform/HAL/src/stm32g4xx_hal_tim_ex.c **** 
 2929              		.loc 1 1184 3 is_stmt 0 view .LVU848
 2930 0026 2068     		ldr	r0, [r4]
 2931              	.LVL183:
1184:platform/HAL/src/stm32g4xx_hal_tim_ex.c **** 
 2932              		.loc 1 1184 3 view .LVU849
 2933 0028 FFF7FEFF 		bl	TIM_CCxNChannelCmd
 2934              	.LVL184:
1187:platform/HAL/src/stm32g4xx_hal_tim_ex.c **** 
 2935              		.loc 1 1187 3 is_stmt 1 view .LVU850
 2936 002c 2268     		ldr	r2, [r4]
 2937 002e 536C     		ldr	r3, [r2, #68]
ARM GAS  /tmp/cchCrvCd.s 			page 131


 2938 0030 43F40043 		orr	r3, r3, #32768
 2939 0034 5364     		str	r3, [r2, #68]
1190:platform/HAL/src/stm32g4xx_hal_tim_ex.c ****   {
 2940              		.loc 1 1190 3 view .LVU851
1190:platform/HAL/src/stm32g4xx_hal_tim_ex.c ****   {
 2941              		.loc 1 1190 7 is_stmt 0 view .LVU852
 2942 0036 2368     		ldr	r3, [r4]
1190:platform/HAL/src/stm32g4xx_hal_tim_ex.c ****   {
 2943              		.loc 1 1190 6 view .LVU853
 2944 0038 2E4A     		ldr	r2, .L245
 2945 003a 9342     		cmp	r3, r2
 2946 003c 46D0     		beq	.L235
1190:platform/HAL/src/stm32g4xx_hal_tim_ex.c ****   {
 2947              		.loc 1 1190 7 discriminator 1 view .LVU854
 2948 003e B3F1804F 		cmp	r3, #1073741824
 2949 0042 43D0     		beq	.L235
1190:platform/HAL/src/stm32g4xx_hal_tim_ex.c ****   {
 2950              		.loc 1 1190 7 discriminator 2 view .LVU855
 2951 0044 A2F59432 		sub	r2, r2, #75776
 2952 0048 9342     		cmp	r3, r2
 2953 004a 3FD0     		beq	.L235
1190:platform/HAL/src/stm32g4xx_hal_tim_ex.c ****   {
 2954              		.loc 1 1190 7 discriminator 3 view .LVU856
 2955 004c 02F58062 		add	r2, r2, #1024
 2956 0050 9342     		cmp	r3, r2
 2957 0052 3BD0     		beq	.L235
1190:platform/HAL/src/stm32g4xx_hal_tim_ex.c ****   {
 2958              		.loc 1 1190 7 discriminator 4 view .LVU857
 2959 0054 02F58062 		add	r2, r2, #1024
 2960 0058 9342     		cmp	r3, r2
 2961 005a 37D0     		beq	.L235
1190:platform/HAL/src/stm32g4xx_hal_tim_ex.c ****   {
 2962              		.loc 1 1190 7 discriminator 5 view .LVU858
 2963 005c 02F59432 		add	r2, r2, #75776
 2964 0060 9342     		cmp	r3, r2
 2965 0062 33D0     		beq	.L235
1190:platform/HAL/src/stm32g4xx_hal_tim_ex.c ****   {
 2966              		.loc 1 1190 7 discriminator 6 view .LVU859
 2967 0064 02F54062 		add	r2, r2, #3072
 2968 0068 9342     		cmp	r3, r2
 2969 006a 2FD0     		beq	.L235
1190:platform/HAL/src/stm32g4xx_hal_tim_ex.c ****   {
 2970              		.loc 1 1190 7 discriminator 7 view .LVU860
 2971 006c 02F58052 		add	r2, r2, #4096
 2972 0070 9342     		cmp	r3, r2
 2973 0072 2BD0     		beq	.L235
1200:platform/HAL/src/stm32g4xx_hal_tim_ex.c ****   }
 2974              		.loc 1 1200 5 is_stmt 1 view .LVU861
 2975 0074 1A68     		ldr	r2, [r3]
 2976 0076 42F00102 		orr	r2, r2, #1
 2977 007a 1A60     		str	r2, [r3]
1204:platform/HAL/src/stm32g4xx_hal_tim_ex.c **** }
 2978              		.loc 1 1204 10 is_stmt 0 view .LVU862
 2979 007c 0020     		movs	r0, #0
 2980 007e 34E0     		b	.L230
 2981              	.LVL185:
 2982              	.L226:
ARM GAS  /tmp/cchCrvCd.s 			page 132


1175:platform/HAL/src/stm32g4xx_hal_tim_ex.c ****   {
 2983              		.loc 1 1175 46 discriminator 2 view .LVU863
 2984 0080 0429     		cmp	r1, #4
 2985 0082 07D0     		beq	.L241
1175:platform/HAL/src/stm32g4xx_hal_tim_ex.c ****   {
 2986              		.loc 1 1175 46 discriminator 5 view .LVU864
 2987 0084 0829     		cmp	r1, #8
 2988 0086 0BD0     		beq	.L242
1175:platform/HAL/src/stm32g4xx_hal_tim_ex.c ****   {
 2989              		.loc 1 1175 7 discriminator 8 view .LVU865
 2990 0088 94F84730 		ldrb	r3, [r4, #71]	@ zero_extendqisi2
1175:platform/HAL/src/stm32g4xx_hal_tim_ex.c ****   {
 2991              		.loc 1 1175 46 discriminator 8 view .LVU866
 2992 008c 013B     		subs	r3, r3, #1
 2993 008e 18BF     		it	ne
 2994 0090 0123     		movne	r3, #1
 2995 0092 BFE7     		b	.L227
 2996              	.L241:
1175:platform/HAL/src/stm32g4xx_hal_tim_ex.c ****   {
 2997              		.loc 1 1175 7 discriminator 4 view .LVU867
 2998 0094 94F84530 		ldrb	r3, [r4, #69]	@ zero_extendqisi2
1175:platform/HAL/src/stm32g4xx_hal_tim_ex.c ****   {
 2999              		.loc 1 1175 46 discriminator 4 view .LVU868
 3000 0098 013B     		subs	r3, r3, #1
 3001 009a 18BF     		it	ne
 3002 009c 0123     		movne	r3, #1
 3003 009e B9E7     		b	.L227
 3004              	.L242:
1175:platform/HAL/src/stm32g4xx_hal_tim_ex.c ****   {
 3005              		.loc 1 1175 7 discriminator 7 view .LVU869
 3006 00a0 94F84630 		ldrb	r3, [r4, #70]	@ zero_extendqisi2
1175:platform/HAL/src/stm32g4xx_hal_tim_ex.c ****   {
 3007              		.loc 1 1175 46 discriminator 7 view .LVU870
 3008 00a4 013B     		subs	r3, r3, #1
 3009 00a6 18BF     		it	ne
 3010 00a8 0123     		movne	r3, #1
 3011 00aa B3E7     		b	.L227
 3012              	.L231:
1181:platform/HAL/src/stm32g4xx_hal_tim_ex.c **** 
 3013              		.loc 1 1181 3 discriminator 2 view .LVU871
 3014 00ac 0428     		cmp	r0, #4
 3015 00ae 05D0     		beq	.L243
1181:platform/HAL/src/stm32g4xx_hal_tim_ex.c **** 
 3016              		.loc 1 1181 3 discriminator 4 view .LVU872
 3017 00b0 0828     		cmp	r0, #8
 3018 00b2 07D0     		beq	.L244
1181:platform/HAL/src/stm32g4xx_hal_tim_ex.c **** 
 3019              		.loc 1 1181 3 discriminator 7 view .LVU873
 3020 00b4 0223     		movs	r3, #2
 3021 00b6 84F84730 		strb	r3, [r4, #71]
 3022 00ba B2E7     		b	.L232
 3023              	.L243:
1181:platform/HAL/src/stm32g4xx_hal_tim_ex.c **** 
 3024              		.loc 1 1181 3 discriminator 3 view .LVU874
 3025 00bc 0223     		movs	r3, #2
 3026 00be 84F84530 		strb	r3, [r4, #69]
 3027 00c2 AEE7     		b	.L232
ARM GAS  /tmp/cchCrvCd.s 			page 133


 3028              	.L244:
1181:platform/HAL/src/stm32g4xx_hal_tim_ex.c **** 
 3029              		.loc 1 1181 3 discriminator 6 view .LVU875
 3030 00c4 0223     		movs	r3, #2
 3031 00c6 84F84630 		strb	r3, [r4, #70]
 3032 00ca AAE7     		b	.L232
 3033              	.LVL186:
 3034              	.L235:
1192:platform/HAL/src/stm32g4xx_hal_tim_ex.c ****     if (!IS_TIM_SLAVEMODE_TRIGGER_ENABLED(tmpsmcr))
 3035              		.loc 1 1192 5 is_stmt 1 view .LVU876
1192:platform/HAL/src/stm32g4xx_hal_tim_ex.c ****     if (!IS_TIM_SLAVEMODE_TRIGGER_ENABLED(tmpsmcr))
 3036              		.loc 1 1192 29 is_stmt 0 view .LVU877
 3037 00cc 9968     		ldr	r1, [r3, #8]
1192:platform/HAL/src/stm32g4xx_hal_tim_ex.c ****     if (!IS_TIM_SLAVEMODE_TRIGGER_ENABLED(tmpsmcr))
 3038              		.loc 1 1192 13 view .LVU878
 3039 00ce 0A4A     		ldr	r2, .L245+4
 3040 00d0 0A40     		ands	r2, r2, r1
 3041              	.LVL187:
1193:platform/HAL/src/stm32g4xx_hal_tim_ex.c ****     {
 3042              		.loc 1 1193 5 is_stmt 1 view .LVU879
1193:platform/HAL/src/stm32g4xx_hal_tim_ex.c ****     {
 3043              		.loc 1 1193 8 is_stmt 0 view .LVU880
 3044 00d2 062A     		cmp	r2, #6
 3045 00d4 0AD0     		beq	.L238
1193:platform/HAL/src/stm32g4xx_hal_tim_ex.c ****     {
 3046              		.loc 1 1193 9 discriminator 1 view .LVU881
 3047 00d6 B2F5803F 		cmp	r2, #65536
 3048 00da 09D0     		beq	.L239
1195:platform/HAL/src/stm32g4xx_hal_tim_ex.c ****     }
 3049              		.loc 1 1195 7 is_stmt 1 view .LVU882
 3050 00dc 1A68     		ldr	r2, [r3]
 3051              	.LVL188:
1195:platform/HAL/src/stm32g4xx_hal_tim_ex.c ****     }
 3052              		.loc 1 1195 7 is_stmt 0 view .LVU883
 3053 00de 42F00102 		orr	r2, r2, #1
 3054 00e2 1A60     		str	r2, [r3]
1204:platform/HAL/src/stm32g4xx_hal_tim_ex.c **** }
 3055              		.loc 1 1204 10 view .LVU884
 3056 00e4 0020     		movs	r0, #0
 3057 00e6 00E0     		b	.L230
 3058              	.LVL189:
 3059              	.L237:
1177:platform/HAL/src/stm32g4xx_hal_tim_ex.c ****   }
 3060              		.loc 1 1177 12 view .LVU885
 3061 00e8 0120     		movs	r0, #1
 3062              	.LVL190:
 3063              	.L230:
1205:platform/HAL/src/stm32g4xx_hal_tim_ex.c **** 
 3064              		.loc 1 1205 1 view .LVU886
 3065 00ea 10BD     		pop	{r4, pc}
 3066              	.LVL191:
 3067              	.L238:
1204:platform/HAL/src/stm32g4xx_hal_tim_ex.c **** }
 3068              		.loc 1 1204 10 view .LVU887
 3069 00ec 0020     		movs	r0, #0
 3070 00ee FCE7     		b	.L230
 3071              	.L239:
ARM GAS  /tmp/cchCrvCd.s 			page 134


 3072 00f0 0020     		movs	r0, #0
 3073 00f2 FAE7     		b	.L230
 3074              	.L246:
 3075              		.align	2
 3076              	.L245:
 3077 00f4 002C0140 		.word	1073818624
 3078 00f8 07000100 		.word	65543
 3079              		.cfi_endproc
 3080              	.LFE345:
 3082              		.section	.text.HAL_TIMEx_PWMN_Stop,"ax",%progbits
 3083              		.align	1
 3084              		.global	HAL_TIMEx_PWMN_Stop
 3085              		.syntax unified
 3086              		.thumb
 3087              		.thumb_func
 3089              	HAL_TIMEx_PWMN_Stop:
 3090              	.LVL192:
 3091              	.LFB346:
1219:platform/HAL/src/stm32g4xx_hal_tim_ex.c ****   /* Check the parameters */
 3092              		.loc 1 1219 1 is_stmt 1 view -0
 3093              		.cfi_startproc
 3094              		@ args = 0, pretend = 0, frame = 0
 3095              		@ frame_needed = 0, uses_anonymous_args = 0
1219:platform/HAL/src/stm32g4xx_hal_tim_ex.c ****   /* Check the parameters */
 3096              		.loc 1 1219 1 is_stmt 0 view .LVU889
 3097 0000 38B5     		push	{r3, r4, r5, lr}
 3098              	.LCFI21:
 3099              		.cfi_def_cfa_offset 16
 3100              		.cfi_offset 3, -16
 3101              		.cfi_offset 4, -12
 3102              		.cfi_offset 5, -8
 3103              		.cfi_offset 14, -4
 3104 0002 0446     		mov	r4, r0
 3105 0004 0D46     		mov	r5, r1
1221:platform/HAL/src/stm32g4xx_hal_tim_ex.c **** 
 3106              		.loc 1 1221 3 is_stmt 1 view .LVU890
1224:platform/HAL/src/stm32g4xx_hal_tim_ex.c **** 
 3107              		.loc 1 1224 3 view .LVU891
 3108 0006 0022     		movs	r2, #0
 3109 0008 0068     		ldr	r0, [r0]
 3110              	.LVL193:
1224:platform/HAL/src/stm32g4xx_hal_tim_ex.c **** 
 3111              		.loc 1 1224 3 is_stmt 0 view .LVU892
 3112 000a FFF7FEFF 		bl	TIM_CCxNChannelCmd
 3113              	.LVL194:
1227:platform/HAL/src/stm32g4xx_hal_tim_ex.c **** 
 3114              		.loc 1 1227 3 is_stmt 1 view .LVU893
1227:platform/HAL/src/stm32g4xx_hal_tim_ex.c **** 
 3115              		.loc 1 1227 3 view .LVU894
 3116 000e 2268     		ldr	r2, [r4]
 3117 0010 136A     		ldr	r3, [r2, #32]
 3118 0012 03F01133 		and	r3, r3, #286331153
 3119 0016 23F08853 		bic	r3, r3, #285212672
 3120 001a 43B9     		cbnz	r3, .L248
1227:platform/HAL/src/stm32g4xx_hal_tim_ex.c **** 
 3121              		.loc 1 1227 3 discriminator 1 view .LVU895
 3122 001c 116A     		ldr	r1, [r2, #32]
ARM GAS  /tmp/cchCrvCd.s 			page 135


 3123 001e 44F24443 		movw	r3, #17476
 3124 0022 1942     		tst	r1, r3
 3125 0024 03D1     		bne	.L248
1227:platform/HAL/src/stm32g4xx_hal_tim_ex.c **** 
 3126              		.loc 1 1227 3 discriminator 3 view .LVU896
 3127 0026 536C     		ldr	r3, [r2, #68]
 3128 0028 23F40043 		bic	r3, r3, #32768
 3129 002c 5364     		str	r3, [r2, #68]
 3130              	.L248:
1227:platform/HAL/src/stm32g4xx_hal_tim_ex.c **** 
 3131              		.loc 1 1227 3 discriminator 5 view .LVU897
1230:platform/HAL/src/stm32g4xx_hal_tim_ex.c **** 
 3132              		.loc 1 1230 3 view .LVU898
1230:platform/HAL/src/stm32g4xx_hal_tim_ex.c **** 
 3133              		.loc 1 1230 3 view .LVU899
 3134 002e 2268     		ldr	r2, [r4]
 3135 0030 136A     		ldr	r3, [r2, #32]
 3136 0032 03F01133 		and	r3, r3, #286331153
 3137 0036 23F08853 		bic	r3, r3, #285212672
 3138 003a 43B9     		cbnz	r3, .L249
1230:platform/HAL/src/stm32g4xx_hal_tim_ex.c **** 
 3139              		.loc 1 1230 3 discriminator 1 view .LVU900
 3140 003c 116A     		ldr	r1, [r2, #32]
 3141 003e 44F24443 		movw	r3, #17476
 3142 0042 1942     		tst	r1, r3
 3143 0044 03D1     		bne	.L249
1230:platform/HAL/src/stm32g4xx_hal_tim_ex.c **** 
 3144              		.loc 1 1230 3 discriminator 3 view .LVU901
 3145 0046 1368     		ldr	r3, [r2]
 3146 0048 23F00103 		bic	r3, r3, #1
 3147 004c 1360     		str	r3, [r2]
 3148              	.L249:
1230:platform/HAL/src/stm32g4xx_hal_tim_ex.c **** 
 3149              		.loc 1 1230 3 discriminator 5 view .LVU902
1233:platform/HAL/src/stm32g4xx_hal_tim_ex.c **** 
 3150              		.loc 1 1233 3 view .LVU903
 3151 004e 25B9     		cbnz	r5, .L250
1233:platform/HAL/src/stm32g4xx_hal_tim_ex.c **** 
 3152              		.loc 1 1233 3 is_stmt 0 discriminator 1 view .LVU904
 3153 0050 0123     		movs	r3, #1
 3154 0052 84F84430 		strb	r3, [r4, #68]
 3155              	.L251:
1236:platform/HAL/src/stm32g4xx_hal_tim_ex.c **** }
 3156              		.loc 1 1236 3 is_stmt 1 view .LVU905
1237:platform/HAL/src/stm32g4xx_hal_tim_ex.c **** 
 3157              		.loc 1 1237 1 is_stmt 0 view .LVU906
 3158 0056 0020     		movs	r0, #0
 3159 0058 38BD     		pop	{r3, r4, r5, pc}
 3160              	.LVL195:
 3161              	.L250:
1233:platform/HAL/src/stm32g4xx_hal_tim_ex.c **** 
 3162              		.loc 1 1233 3 discriminator 2 view .LVU907
 3163 005a 042D     		cmp	r5, #4
 3164 005c 05D0     		beq	.L255
1233:platform/HAL/src/stm32g4xx_hal_tim_ex.c **** 
 3165              		.loc 1 1233 3 discriminator 4 view .LVU908
 3166 005e 082D     		cmp	r5, #8
ARM GAS  /tmp/cchCrvCd.s 			page 136


 3167 0060 07D0     		beq	.L256
1233:platform/HAL/src/stm32g4xx_hal_tim_ex.c **** 
 3168              		.loc 1 1233 3 discriminator 7 view .LVU909
 3169 0062 0123     		movs	r3, #1
 3170 0064 84F84730 		strb	r3, [r4, #71]
 3171 0068 F5E7     		b	.L251
 3172              	.L255:
1233:platform/HAL/src/stm32g4xx_hal_tim_ex.c **** 
 3173              		.loc 1 1233 3 discriminator 3 view .LVU910
 3174 006a 0123     		movs	r3, #1
 3175 006c 84F84530 		strb	r3, [r4, #69]
 3176 0070 F1E7     		b	.L251
 3177              	.L256:
1233:platform/HAL/src/stm32g4xx_hal_tim_ex.c **** 
 3178              		.loc 1 1233 3 discriminator 6 view .LVU911
 3179 0072 0123     		movs	r3, #1
 3180 0074 84F84630 		strb	r3, [r4, #70]
 3181 0078 EDE7     		b	.L251
 3182              		.cfi_endproc
 3183              	.LFE346:
 3185              		.section	.text.HAL_TIMEx_PWMN_Start_IT,"ax",%progbits
 3186              		.align	1
 3187              		.global	HAL_TIMEx_PWMN_Start_IT
 3188              		.syntax unified
 3189              		.thumb
 3190              		.thumb_func
 3192              	HAL_TIMEx_PWMN_Start_IT:
 3193              	.LVL196:
 3194              	.LFB347:
1252:platform/HAL/src/stm32g4xx_hal_tim_ex.c ****   HAL_StatusTypeDef status = HAL_OK;
 3195              		.loc 1 1252 1 is_stmt 1 view -0
 3196              		.cfi_startproc
 3197              		@ args = 0, pretend = 0, frame = 0
 3198              		@ frame_needed = 0, uses_anonymous_args = 0
1252:platform/HAL/src/stm32g4xx_hal_tim_ex.c ****   HAL_StatusTypeDef status = HAL_OK;
 3199              		.loc 1 1252 1 is_stmt 0 view .LVU913
 3200 0000 10B5     		push	{r4, lr}
 3201              	.LCFI22:
 3202              		.cfi_def_cfa_offset 8
 3203              		.cfi_offset 4, -8
 3204              		.cfi_offset 14, -4
 3205 0002 0446     		mov	r4, r0
1253:platform/HAL/src/stm32g4xx_hal_tim_ex.c ****   uint32_t tmpsmcr;
 3206              		.loc 1 1253 3 is_stmt 1 view .LVU914
 3207              	.LVL197:
1254:platform/HAL/src/stm32g4xx_hal_tim_ex.c **** 
 3208              		.loc 1 1254 3 view .LVU915
1257:platform/HAL/src/stm32g4xx_hal_tim_ex.c **** 
 3209              		.loc 1 1257 3 view .LVU916
1260:platform/HAL/src/stm32g4xx_hal_tim_ex.c ****   {
 3210              		.loc 1 1260 3 view .LVU917
1260:platform/HAL/src/stm32g4xx_hal_tim_ex.c ****   {
 3211              		.loc 1 1260 46 is_stmt 0 view .LVU918
 3212 0004 0846     		mov	r0, r1
 3213              	.LVL198:
1260:platform/HAL/src/stm32g4xx_hal_tim_ex.c ****   {
 3214              		.loc 1 1260 46 view .LVU919
ARM GAS  /tmp/cchCrvCd.s 			page 137


 3215 0006 0029     		cmp	r1, #0
 3216 0008 45D1     		bne	.L258
1260:platform/HAL/src/stm32g4xx_hal_tim_ex.c ****   {
 3217              		.loc 1 1260 7 discriminator 1 view .LVU920
 3218 000a 94F84430 		ldrb	r3, [r4, #68]	@ zero_extendqisi2
1260:platform/HAL/src/stm32g4xx_hal_tim_ex.c ****   {
 3219              		.loc 1 1260 46 discriminator 1 view .LVU921
 3220 000e 013B     		subs	r3, r3, #1
 3221 0010 18BF     		it	ne
 3222 0012 0123     		movne	r3, #1
 3223              	.L259:
1260:platform/HAL/src/stm32g4xx_hal_tim_ex.c ****   {
 3224              		.loc 1 1260 6 discriminator 12 view .LVU922
 3225 0014 002B     		cmp	r3, #0
 3226 0016 40F0A180 		bne	.L274
1266:platform/HAL/src/stm32g4xx_hal_tim_ex.c **** 
 3227              		.loc 1 1266 3 is_stmt 1 view .LVU923
 3228 001a 0028     		cmp	r0, #0
 3229 001c 51D1     		bne	.L263
1266:platform/HAL/src/stm32g4xx_hal_tim_ex.c **** 
 3230              		.loc 1 1266 3 is_stmt 0 discriminator 1 view .LVU924
 3231 001e 0223     		movs	r3, #2
 3232 0020 84F84430 		strb	r3, [r4, #68]
1268:platform/HAL/src/stm32g4xx_hal_tim_ex.c ****   {
 3233              		.loc 1 1268 3 is_stmt 1 view .LVU925
 3234              	.L264:
1273:platform/HAL/src/stm32g4xx_hal_tim_ex.c ****       break;
 3235              		.loc 1 1273 7 view .LVU926
 3236 0024 2268     		ldr	r2, [r4]
 3237 0026 D368     		ldr	r3, [r2, #12]
 3238 0028 43F00203 		orr	r3, r3, #2
 3239 002c D360     		str	r3, [r2, #12]
1274:platform/HAL/src/stm32g4xx_hal_tim_ex.c ****     }
 3240              		.loc 1 1274 7 view .LVU927
1303:platform/HAL/src/stm32g4xx_hal_tim_ex.c ****   {
 3241              		.loc 1 1303 3 view .LVU928
 3242              	.L271:
1306:platform/HAL/src/stm32g4xx_hal_tim_ex.c **** 
 3243              		.loc 1 1306 5 view .LVU929
 3244 002e 2268     		ldr	r2, [r4]
 3245 0030 D368     		ldr	r3, [r2, #12]
 3246 0032 43F08003 		orr	r3, r3, #128
 3247 0036 D360     		str	r3, [r2, #12]
1309:platform/HAL/src/stm32g4xx_hal_tim_ex.c **** 
 3248              		.loc 1 1309 5 view .LVU930
 3249 0038 0422     		movs	r2, #4
 3250 003a 0146     		mov	r1, r0
 3251              	.LVL199:
1309:platform/HAL/src/stm32g4xx_hal_tim_ex.c **** 
 3252              		.loc 1 1309 5 is_stmt 0 view .LVU931
 3253 003c 2068     		ldr	r0, [r4]
 3254              	.LVL200:
1309:platform/HAL/src/stm32g4xx_hal_tim_ex.c **** 
 3255              		.loc 1 1309 5 view .LVU932
 3256 003e FFF7FEFF 		bl	TIM_CCxNChannelCmd
 3257              	.LVL201:
1312:platform/HAL/src/stm32g4xx_hal_tim_ex.c **** 
ARM GAS  /tmp/cchCrvCd.s 			page 138


 3258              		.loc 1 1312 5 is_stmt 1 view .LVU933
 3259 0042 2268     		ldr	r2, [r4]
 3260 0044 536C     		ldr	r3, [r2, #68]
 3261 0046 43F40043 		orr	r3, r3, #32768
 3262 004a 5364     		str	r3, [r2, #68]
1315:platform/HAL/src/stm32g4xx_hal_tim_ex.c ****     {
 3263              		.loc 1 1315 5 view .LVU934
1315:platform/HAL/src/stm32g4xx_hal_tim_ex.c ****     {
 3264              		.loc 1 1315 9 is_stmt 0 view .LVU935
 3265 004c 2368     		ldr	r3, [r4]
1315:platform/HAL/src/stm32g4xx_hal_tim_ex.c ****     {
 3266              		.loc 1 1315 8 view .LVU936
 3267 004e 474A     		ldr	r2, .L286
 3268 0050 9342     		cmp	r3, r2
 3269 0052 75D0     		beq	.L272
1315:platform/HAL/src/stm32g4xx_hal_tim_ex.c ****     {
 3270              		.loc 1 1315 9 discriminator 1 view .LVU937
 3271 0054 B3F1804F 		cmp	r3, #1073741824
 3272 0058 72D0     		beq	.L272
1315:platform/HAL/src/stm32g4xx_hal_tim_ex.c ****     {
 3273              		.loc 1 1315 9 discriminator 2 view .LVU938
 3274 005a A2F59432 		sub	r2, r2, #75776
 3275 005e 9342     		cmp	r3, r2
 3276 0060 6ED0     		beq	.L272
1315:platform/HAL/src/stm32g4xx_hal_tim_ex.c ****     {
 3277              		.loc 1 1315 9 discriminator 3 view .LVU939
 3278 0062 02F58062 		add	r2, r2, #1024
 3279 0066 9342     		cmp	r3, r2
 3280 0068 6AD0     		beq	.L272
1315:platform/HAL/src/stm32g4xx_hal_tim_ex.c ****     {
 3281              		.loc 1 1315 9 discriminator 4 view .LVU940
 3282 006a 02F58062 		add	r2, r2, #1024
 3283 006e 9342     		cmp	r3, r2
 3284 0070 66D0     		beq	.L272
1315:platform/HAL/src/stm32g4xx_hal_tim_ex.c ****     {
 3285              		.loc 1 1315 9 discriminator 5 view .LVU941
 3286 0072 02F59432 		add	r2, r2, #75776
 3287 0076 9342     		cmp	r3, r2
 3288 0078 62D0     		beq	.L272
1315:platform/HAL/src/stm32g4xx_hal_tim_ex.c ****     {
 3289              		.loc 1 1315 9 discriminator 6 view .LVU942
 3290 007a 02F54062 		add	r2, r2, #3072
 3291 007e 9342     		cmp	r3, r2
 3292 0080 5ED0     		beq	.L272
1315:platform/HAL/src/stm32g4xx_hal_tim_ex.c ****     {
 3293              		.loc 1 1315 9 discriminator 7 view .LVU943
 3294 0082 02F58052 		add	r2, r2, #4096
 3295 0086 9342     		cmp	r3, r2
 3296 0088 5AD0     		beq	.L272
1325:platform/HAL/src/stm32g4xx_hal_tim_ex.c ****     }
 3297              		.loc 1 1325 7 is_stmt 1 view .LVU944
 3298 008a 1A68     		ldr	r2, [r3]
 3299 008c 42F00102 		orr	r2, r2, #1
 3300 0090 1A60     		str	r2, [r3]
 3301 0092 0020     		movs	r0, #0
 3302 0094 63E0     		b	.L262
 3303              	.LVL202:
ARM GAS  /tmp/cchCrvCd.s 			page 139


 3304              	.L258:
1260:platform/HAL/src/stm32g4xx_hal_tim_ex.c ****   {
 3305              		.loc 1 1260 46 is_stmt 0 discriminator 2 view .LVU945
 3306 0096 0429     		cmp	r1, #4
 3307 0098 07D0     		beq	.L282
1260:platform/HAL/src/stm32g4xx_hal_tim_ex.c ****   {
 3308              		.loc 1 1260 46 discriminator 5 view .LVU946
 3309 009a 0829     		cmp	r1, #8
 3310 009c 0BD0     		beq	.L283
1260:platform/HAL/src/stm32g4xx_hal_tim_ex.c ****   {
 3311              		.loc 1 1260 7 discriminator 8 view .LVU947
 3312 009e 94F84730 		ldrb	r3, [r4, #71]	@ zero_extendqisi2
1260:platform/HAL/src/stm32g4xx_hal_tim_ex.c ****   {
 3313              		.loc 1 1260 46 discriminator 8 view .LVU948
 3314 00a2 013B     		subs	r3, r3, #1
 3315 00a4 18BF     		it	ne
 3316 00a6 0123     		movne	r3, #1
 3317 00a8 B4E7     		b	.L259
 3318              	.L282:
1260:platform/HAL/src/stm32g4xx_hal_tim_ex.c ****   {
 3319              		.loc 1 1260 7 discriminator 4 view .LVU949
 3320 00aa 94F84530 		ldrb	r3, [r4, #69]	@ zero_extendqisi2
1260:platform/HAL/src/stm32g4xx_hal_tim_ex.c ****   {
 3321              		.loc 1 1260 46 discriminator 4 view .LVU950
 3322 00ae 013B     		subs	r3, r3, #1
 3323 00b0 18BF     		it	ne
 3324 00b2 0123     		movne	r3, #1
 3325 00b4 AEE7     		b	.L259
 3326              	.L283:
1260:platform/HAL/src/stm32g4xx_hal_tim_ex.c ****   {
 3327              		.loc 1 1260 7 discriminator 7 view .LVU951
 3328 00b6 94F84630 		ldrb	r3, [r4, #70]	@ zero_extendqisi2
1260:platform/HAL/src/stm32g4xx_hal_tim_ex.c ****   {
 3329              		.loc 1 1260 46 discriminator 7 view .LVU952
 3330 00ba 013B     		subs	r3, r3, #1
 3331 00bc 18BF     		it	ne
 3332 00be 0123     		movne	r3, #1
 3333 00c0 A8E7     		b	.L259
 3334              	.L263:
1266:platform/HAL/src/stm32g4xx_hal_tim_ex.c **** 
 3335              		.loc 1 1266 3 discriminator 2 view .LVU953
 3336 00c2 0428     		cmp	r0, #4
 3337 00c4 24D0     		beq	.L284
1266:platform/HAL/src/stm32g4xx_hal_tim_ex.c **** 
 3338              		.loc 1 1266 3 discriminator 4 view .LVU954
 3339 00c6 0828     		cmp	r0, #8
 3340 00c8 2BD0     		beq	.L285
1266:platform/HAL/src/stm32g4xx_hal_tim_ex.c **** 
 3341              		.loc 1 1266 3 discriminator 7 view .LVU955
 3342 00ca 0223     		movs	r3, #2
 3343 00cc 84F84730 		strb	r3, [r4, #71]
1268:platform/HAL/src/stm32g4xx_hal_tim_ex.c ****   {
 3344              		.loc 1 1268 3 is_stmt 1 view .LVU956
 3345 00d0 0C28     		cmp	r0, #12
 3346 00d2 45D8     		bhi	.L275
 3347 00d4 01A3     		adr	r3, .L270
 3348 00d6 53F820F0 		ldr	pc, [r3, r0, lsl #2]
ARM GAS  /tmp/cchCrvCd.s 			page 140


 3349 00da 00BF     		.p2align 2
 3350              	.L270:
 3351 00dc 25000000 		.word	.L264+1
 3352 00e0 61010000 		.word	.L275+1
 3353 00e4 61010000 		.word	.L275+1
 3354 00e8 61010000 		.word	.L275+1
 3355 00ec 17010000 		.word	.L266+1
 3356 00f0 61010000 		.word	.L275+1
 3357 00f4 61010000 		.word	.L275+1
 3358 00f8 61010000 		.word	.L275+1
 3359 00fc 29010000 		.word	.L268+1
 3360 0100 61010000 		.word	.L275+1
 3361 0104 61010000 		.word	.L275+1
 3362 0108 61010000 		.word	.L275+1
 3363 010c 35010000 		.word	.L269+1
 3364              		.p2align 1
 3365              	.L284:
1266:platform/HAL/src/stm32g4xx_hal_tim_ex.c **** 
 3366              		.loc 1 1266 3 is_stmt 0 discriminator 3 view .LVU957
 3367 0110 0223     		movs	r3, #2
 3368 0112 84F84530 		strb	r3, [r4, #69]
1268:platform/HAL/src/stm32g4xx_hal_tim_ex.c ****   {
 3369              		.loc 1 1268 3 is_stmt 1 view .LVU958
 3370              	.L266:
1280:platform/HAL/src/stm32g4xx_hal_tim_ex.c ****       break;
 3371              		.loc 1 1280 7 view .LVU959
 3372 0116 2268     		ldr	r2, [r4]
 3373 0118 D368     		ldr	r3, [r2, #12]
 3374 011a 43F00403 		orr	r3, r3, #4
 3375 011e D360     		str	r3, [r2, #12]
1281:platform/HAL/src/stm32g4xx_hal_tim_ex.c ****     }
 3376              		.loc 1 1281 7 view .LVU960
1303:platform/HAL/src/stm32g4xx_hal_tim_ex.c ****   {
 3377              		.loc 1 1303 3 view .LVU961
 3378 0120 85E7     		b	.L271
 3379              	.L285:
1266:platform/HAL/src/stm32g4xx_hal_tim_ex.c **** 
 3380              		.loc 1 1266 3 is_stmt 0 discriminator 6 view .LVU962
 3381 0122 0223     		movs	r3, #2
 3382 0124 84F84630 		strb	r3, [r4, #70]
1268:platform/HAL/src/stm32g4xx_hal_tim_ex.c ****   {
 3383              		.loc 1 1268 3 is_stmt 1 view .LVU963
 3384              	.L268:
1287:platform/HAL/src/stm32g4xx_hal_tim_ex.c ****       break;
 3385              		.loc 1 1287 7 view .LVU964
 3386 0128 2268     		ldr	r2, [r4]
 3387 012a D368     		ldr	r3, [r2, #12]
 3388 012c 43F00803 		orr	r3, r3, #8
 3389 0130 D360     		str	r3, [r2, #12]
1288:platform/HAL/src/stm32g4xx_hal_tim_ex.c ****     }
 3390              		.loc 1 1288 7 view .LVU965
1303:platform/HAL/src/stm32g4xx_hal_tim_ex.c ****   {
 3391              		.loc 1 1303 3 view .LVU966
 3392 0132 7CE7     		b	.L271
 3393              	.L269:
1294:platform/HAL/src/stm32g4xx_hal_tim_ex.c ****       break;
 3394              		.loc 1 1294 7 view .LVU967
ARM GAS  /tmp/cchCrvCd.s 			page 141


 3395 0134 2268     		ldr	r2, [r4]
 3396 0136 D368     		ldr	r3, [r2, #12]
 3397 0138 43F01003 		orr	r3, r3, #16
 3398 013c D360     		str	r3, [r2, #12]
1295:platform/HAL/src/stm32g4xx_hal_tim_ex.c ****     }
 3399              		.loc 1 1295 7 view .LVU968
1303:platform/HAL/src/stm32g4xx_hal_tim_ex.c ****   {
 3400              		.loc 1 1303 3 view .LVU969
 3401 013e 76E7     		b	.L271
 3402              	.LVL203:
 3403              	.L272:
1317:platform/HAL/src/stm32g4xx_hal_tim_ex.c ****       if (!IS_TIM_SLAVEMODE_TRIGGER_ENABLED(tmpsmcr))
 3404              		.loc 1 1317 7 view .LVU970
1317:platform/HAL/src/stm32g4xx_hal_tim_ex.c ****       if (!IS_TIM_SLAVEMODE_TRIGGER_ENABLED(tmpsmcr))
 3405              		.loc 1 1317 31 is_stmt 0 view .LVU971
 3406 0140 9968     		ldr	r1, [r3, #8]
1317:platform/HAL/src/stm32g4xx_hal_tim_ex.c ****       if (!IS_TIM_SLAVEMODE_TRIGGER_ENABLED(tmpsmcr))
 3407              		.loc 1 1317 15 view .LVU972
 3408 0142 0B4A     		ldr	r2, .L286+4
 3409 0144 0A40     		ands	r2, r2, r1
 3410              	.LVL204:
1318:platform/HAL/src/stm32g4xx_hal_tim_ex.c ****       {
 3411              		.loc 1 1318 7 is_stmt 1 view .LVU973
1318:platform/HAL/src/stm32g4xx_hal_tim_ex.c ****       {
 3412              		.loc 1 1318 10 is_stmt 0 view .LVU974
 3413 0146 062A     		cmp	r2, #6
 3414 0148 0CD0     		beq	.L276
1318:platform/HAL/src/stm32g4xx_hal_tim_ex.c ****       {
 3415              		.loc 1 1318 11 discriminator 1 view .LVU975
 3416 014a B2F5803F 		cmp	r2, #65536
 3417 014e 0BD0     		beq	.L277
1320:platform/HAL/src/stm32g4xx_hal_tim_ex.c ****       }
 3418              		.loc 1 1320 9 is_stmt 1 view .LVU976
 3419 0150 1A68     		ldr	r2, [r3]
 3420              	.LVL205:
1320:platform/HAL/src/stm32g4xx_hal_tim_ex.c ****       }
 3421              		.loc 1 1320 9 is_stmt 0 view .LVU977
 3422 0152 42F00102 		orr	r2, r2, #1
 3423 0156 1A60     		str	r2, [r3]
 3424 0158 0020     		movs	r0, #0
 3425 015a 00E0     		b	.L262
 3426              	.LVL206:
 3427              	.L274:
1262:platform/HAL/src/stm32g4xx_hal_tim_ex.c ****   }
 3428              		.loc 1 1262 12 view .LVU978
 3429 015c 0120     		movs	r0, #1
 3430              	.LVL207:
 3431              	.L262:
1331:platform/HAL/src/stm32g4xx_hal_tim_ex.c **** 
 3432              		.loc 1 1331 1 view .LVU979
 3433 015e 10BD     		pop	{r4, pc}
 3434              	.LVL208:
 3435              	.L275:
1268:platform/HAL/src/stm32g4xx_hal_tim_ex.c ****   {
 3436              		.loc 1 1268 3 view .LVU980
 3437 0160 0120     		movs	r0, #1
 3438              	.LVL209:
ARM GAS  /tmp/cchCrvCd.s 			page 142


1268:platform/HAL/src/stm32g4xx_hal_tim_ex.c ****   {
 3439              		.loc 1 1268 3 view .LVU981
 3440 0162 FCE7     		b	.L262
 3441              	.LVL210:
 3442              	.L276:
1268:platform/HAL/src/stm32g4xx_hal_tim_ex.c ****   {
 3443              		.loc 1 1268 3 view .LVU982
 3444 0164 0020     		movs	r0, #0
 3445 0166 FAE7     		b	.L262
 3446              	.L277:
 3447 0168 0020     		movs	r0, #0
 3448 016a F8E7     		b	.L262
 3449              	.L287:
 3450              		.align	2
 3451              	.L286:
 3452 016c 002C0140 		.word	1073818624
 3453 0170 07000100 		.word	65543
 3454              		.cfi_endproc
 3455              	.LFE347:
 3457              		.section	.text.HAL_TIMEx_PWMN_Stop_IT,"ax",%progbits
 3458              		.align	1
 3459              		.global	HAL_TIMEx_PWMN_Stop_IT
 3460              		.syntax unified
 3461              		.thumb
 3462              		.thumb_func
 3464              	HAL_TIMEx_PWMN_Stop_IT:
 3465              	.LVL211:
 3466              	.LFB348:
1346:platform/HAL/src/stm32g4xx_hal_tim_ex.c ****   HAL_StatusTypeDef status = HAL_OK;
 3467              		.loc 1 1346 1 is_stmt 1 view -0
 3468              		.cfi_startproc
 3469              		@ args = 0, pretend = 0, frame = 0
 3470              		@ frame_needed = 0, uses_anonymous_args = 0
1346:platform/HAL/src/stm32g4xx_hal_tim_ex.c ****   HAL_StatusTypeDef status = HAL_OK;
 3471              		.loc 1 1346 1 is_stmt 0 view .LVU984
 3472 0000 38B5     		push	{r3, r4, r5, lr}
 3473              	.LCFI23:
 3474              		.cfi_def_cfa_offset 16
 3475              		.cfi_offset 3, -16
 3476              		.cfi_offset 4, -12
 3477              		.cfi_offset 5, -8
 3478              		.cfi_offset 14, -4
 3479 0002 0546     		mov	r5, r0
 3480 0004 0C46     		mov	r4, r1
1347:platform/HAL/src/stm32g4xx_hal_tim_ex.c ****   uint32_t tmpccer;
 3481              		.loc 1 1347 3 is_stmt 1 view .LVU985
 3482              	.LVL212:
1348:platform/HAL/src/stm32g4xx_hal_tim_ex.c **** 
 3483              		.loc 1 1348 3 view .LVU986
1351:platform/HAL/src/stm32g4xx_hal_tim_ex.c **** 
 3484              		.loc 1 1351 3 view .LVU987
1353:platform/HAL/src/stm32g4xx_hal_tim_ex.c ****   {
 3485              		.loc 1 1353 3 view .LVU988
 3486 0006 0C29     		cmp	r1, #12
 3487 0008 67D8     		bhi	.L302
 3488 000a DFE801F0 		tbb	[pc, r1]
 3489              	.L291:
ARM GAS  /tmp/cchCrvCd.s 			page 143


 3490 000e 07       		.byte	(.L294-.L291)/2
 3491 000f 66       		.byte	(.L302-.L291)/2
 3492 0010 66       		.byte	(.L302-.L291)/2
 3493 0011 66       		.byte	(.L302-.L291)/2
 3494 0012 41       		.byte	(.L293-.L291)/2
 3495 0013 66       		.byte	(.L302-.L291)/2
 3496 0014 66       		.byte	(.L302-.L291)/2
 3497 0015 66       		.byte	(.L302-.L291)/2
 3498 0016 47       		.byte	(.L292-.L291)/2
 3499 0017 66       		.byte	(.L302-.L291)/2
 3500 0018 66       		.byte	(.L302-.L291)/2
 3501 0019 66       		.byte	(.L302-.L291)/2
 3502 001a 4D       		.byte	(.L290-.L291)/2
 3503 001b 00       		.p2align 1
 3504              	.L294:
1358:platform/HAL/src/stm32g4xx_hal_tim_ex.c ****       break;
 3505              		.loc 1 1358 7 view .LVU989
 3506 001c 0268     		ldr	r2, [r0]
 3507 001e D368     		ldr	r3, [r2, #12]
 3508 0020 23F00203 		bic	r3, r3, #2
 3509 0024 D360     		str	r3, [r2, #12]
1359:platform/HAL/src/stm32g4xx_hal_tim_ex.c ****     }
 3510              		.loc 1 1359 7 view .LVU990
1388:platform/HAL/src/stm32g4xx_hal_tim_ex.c ****   {
 3511              		.loc 1 1388 3 view .LVU991
 3512              	.L295:
1391:platform/HAL/src/stm32g4xx_hal_tim_ex.c **** 
 3513              		.loc 1 1391 5 view .LVU992
 3514 0026 0022     		movs	r2, #0
 3515 0028 2146     		mov	r1, r4
 3516              	.LVL213:
1391:platform/HAL/src/stm32g4xx_hal_tim_ex.c **** 
 3517              		.loc 1 1391 5 is_stmt 0 view .LVU993
 3518 002a 2868     		ldr	r0, [r5]
 3519              	.LVL214:
1391:platform/HAL/src/stm32g4xx_hal_tim_ex.c **** 
 3520              		.loc 1 1391 5 view .LVU994
 3521 002c FFF7FEFF 		bl	TIM_CCxNChannelCmd
 3522              	.LVL215:
1394:platform/HAL/src/stm32g4xx_hal_tim_ex.c ****     if ((tmpccer & TIM_CCER_CCxNE_MASK) == (uint32_t)RESET)
 3523              		.loc 1 1394 5 is_stmt 1 view .LVU995
1394:platform/HAL/src/stm32g4xx_hal_tim_ex.c ****     if ((tmpccer & TIM_CCER_CCxNE_MASK) == (uint32_t)RESET)
 3524              		.loc 1 1394 19 is_stmt 0 view .LVU996
 3525 0030 2B68     		ldr	r3, [r5]
1394:platform/HAL/src/stm32g4xx_hal_tim_ex.c ****     if ((tmpccer & TIM_CCER_CCxNE_MASK) == (uint32_t)RESET)
 3526              		.loc 1 1394 13 view .LVU997
 3527 0032 196A     		ldr	r1, [r3, #32]
 3528              	.LVL216:
1395:platform/HAL/src/stm32g4xx_hal_tim_ex.c ****     {
 3529              		.loc 1 1395 5 is_stmt 1 view .LVU998
1395:platform/HAL/src/stm32g4xx_hal_tim_ex.c ****     {
 3530              		.loc 1 1395 8 is_stmt 0 view .LVU999
 3531 0034 44F24442 		movw	r2, #17476
 3532 0038 1142     		tst	r1, r2
 3533 003a 03D1     		bne	.L296
1397:platform/HAL/src/stm32g4xx_hal_tim_ex.c ****     }
 3534              		.loc 1 1397 7 is_stmt 1 view .LVU1000
ARM GAS  /tmp/cchCrvCd.s 			page 144


 3535 003c DA68     		ldr	r2, [r3, #12]
 3536 003e 22F08002 		bic	r2, r2, #128
 3537 0042 DA60     		str	r2, [r3, #12]
 3538              	.L296:
1401:platform/HAL/src/stm32g4xx_hal_tim_ex.c **** 
 3539              		.loc 1 1401 5 view .LVU1001
1401:platform/HAL/src/stm32g4xx_hal_tim_ex.c **** 
 3540              		.loc 1 1401 5 view .LVU1002
 3541 0044 2A68     		ldr	r2, [r5]
 3542 0046 136A     		ldr	r3, [r2, #32]
 3543 0048 03F01133 		and	r3, r3, #286331153
 3544 004c 23F08853 		bic	r3, r3, #285212672
 3545 0050 43B9     		cbnz	r3, .L297
1401:platform/HAL/src/stm32g4xx_hal_tim_ex.c **** 
 3546              		.loc 1 1401 5 discriminator 1 view .LVU1003
 3547 0052 116A     		ldr	r1, [r2, #32]
 3548              	.LVL217:
1401:platform/HAL/src/stm32g4xx_hal_tim_ex.c **** 
 3549              		.loc 1 1401 5 is_stmt 0 discriminator 1 view .LVU1004
 3550 0054 44F24443 		movw	r3, #17476
 3551 0058 1942     		tst	r1, r3
 3552 005a 03D1     		bne	.L297
1401:platform/HAL/src/stm32g4xx_hal_tim_ex.c **** 
 3553              		.loc 1 1401 5 is_stmt 1 discriminator 3 view .LVU1005
 3554 005c 536C     		ldr	r3, [r2, #68]
 3555 005e 23F40043 		bic	r3, r3, #32768
 3556 0062 5364     		str	r3, [r2, #68]
 3557              	.L297:
1401:platform/HAL/src/stm32g4xx_hal_tim_ex.c **** 
 3558              		.loc 1 1401 5 discriminator 5 view .LVU1006
1404:platform/HAL/src/stm32g4xx_hal_tim_ex.c **** 
 3559              		.loc 1 1404 5 view .LVU1007
1404:platform/HAL/src/stm32g4xx_hal_tim_ex.c **** 
 3560              		.loc 1 1404 5 view .LVU1008
 3561 0064 2A68     		ldr	r2, [r5]
 3562 0066 136A     		ldr	r3, [r2, #32]
 3563 0068 03F01133 		and	r3, r3, #286331153
 3564 006c 23F08853 		bic	r3, r3, #285212672
 3565 0070 43B9     		cbnz	r3, .L298
1404:platform/HAL/src/stm32g4xx_hal_tim_ex.c **** 
 3566              		.loc 1 1404 5 discriminator 1 view .LVU1009
 3567 0072 116A     		ldr	r1, [r2, #32]
 3568 0074 44F24443 		movw	r3, #17476
 3569 0078 1942     		tst	r1, r3
 3570 007a 03D1     		bne	.L298
1404:platform/HAL/src/stm32g4xx_hal_tim_ex.c **** 
 3571              		.loc 1 1404 5 discriminator 3 view .LVU1010
 3572 007c 1368     		ldr	r3, [r2]
 3573 007e 23F00103 		bic	r3, r3, #1
 3574 0082 1360     		str	r3, [r2]
 3575              	.L298:
1404:platform/HAL/src/stm32g4xx_hal_tim_ex.c **** 
 3576              		.loc 1 1404 5 discriminator 5 view .LVU1011
1407:platform/HAL/src/stm32g4xx_hal_tim_ex.c ****   }
 3577              		.loc 1 1407 5 view .LVU1012
 3578 0084 B4B9     		cbnz	r4, .L299
1407:platform/HAL/src/stm32g4xx_hal_tim_ex.c ****   }
ARM GAS  /tmp/cchCrvCd.s 			page 145


 3579              		.loc 1 1407 5 is_stmt 0 discriminator 1 view .LVU1013
 3580 0086 0123     		movs	r3, #1
 3581 0088 85F84430 		strb	r3, [r5, #68]
 3582 008c 0020     		movs	r0, #0
 3583 008e 25E0     		b	.L289
 3584              	.LVL218:
 3585              	.L293:
1365:platform/HAL/src/stm32g4xx_hal_tim_ex.c ****       break;
 3586              		.loc 1 1365 7 is_stmt 1 view .LVU1014
 3587 0090 0268     		ldr	r2, [r0]
 3588 0092 D368     		ldr	r3, [r2, #12]
 3589 0094 23F00403 		bic	r3, r3, #4
 3590 0098 D360     		str	r3, [r2, #12]
1366:platform/HAL/src/stm32g4xx_hal_tim_ex.c ****     }
 3591              		.loc 1 1366 7 view .LVU1015
1388:platform/HAL/src/stm32g4xx_hal_tim_ex.c ****   {
 3592              		.loc 1 1388 3 view .LVU1016
 3593 009a C4E7     		b	.L295
 3594              	.L292:
1372:platform/HAL/src/stm32g4xx_hal_tim_ex.c ****       break;
 3595              		.loc 1 1372 7 view .LVU1017
 3596 009c 0268     		ldr	r2, [r0]
 3597 009e D368     		ldr	r3, [r2, #12]
 3598 00a0 23F00803 		bic	r3, r3, #8
 3599 00a4 D360     		str	r3, [r2, #12]
1373:platform/HAL/src/stm32g4xx_hal_tim_ex.c ****     }
 3600              		.loc 1 1373 7 view .LVU1018
1388:platform/HAL/src/stm32g4xx_hal_tim_ex.c ****   {
 3601              		.loc 1 1388 3 view .LVU1019
 3602 00a6 BEE7     		b	.L295
 3603              	.L290:
1379:platform/HAL/src/stm32g4xx_hal_tim_ex.c ****       break;
 3604              		.loc 1 1379 7 view .LVU1020
 3605 00a8 0268     		ldr	r2, [r0]
 3606 00aa D368     		ldr	r3, [r2, #12]
 3607 00ac 23F01003 		bic	r3, r3, #16
 3608 00b0 D360     		str	r3, [r2, #12]
1380:platform/HAL/src/stm32g4xx_hal_tim_ex.c ****     }
 3609              		.loc 1 1380 7 view .LVU1021
1388:platform/HAL/src/stm32g4xx_hal_tim_ex.c ****   {
 3610              		.loc 1 1388 3 view .LVU1022
 3611 00b2 B8E7     		b	.L295
 3612              	.LVL219:
 3613              	.L299:
1407:platform/HAL/src/stm32g4xx_hal_tim_ex.c ****   }
 3614              		.loc 1 1407 5 is_stmt 0 discriminator 2 view .LVU1023
 3615 00b4 042C     		cmp	r4, #4
 3616 00b6 06D0     		beq	.L304
1407:platform/HAL/src/stm32g4xx_hal_tim_ex.c ****   }
 3617              		.loc 1 1407 5 discriminator 4 view .LVU1024
 3618 00b8 082C     		cmp	r4, #8
 3619 00ba 09D0     		beq	.L305
1407:platform/HAL/src/stm32g4xx_hal_tim_ex.c ****   }
 3620              		.loc 1 1407 5 discriminator 7 view .LVU1025
 3621 00bc 0123     		movs	r3, #1
 3622 00be 85F84730 		strb	r3, [r5, #71]
 3623 00c2 0020     		movs	r0, #0
ARM GAS  /tmp/cchCrvCd.s 			page 146


 3624 00c4 0AE0     		b	.L289
 3625              	.L304:
1407:platform/HAL/src/stm32g4xx_hal_tim_ex.c ****   }
 3626              		.loc 1 1407 5 discriminator 3 view .LVU1026
 3627 00c6 0123     		movs	r3, #1
 3628 00c8 85F84530 		strb	r3, [r5, #69]
 3629 00cc 0020     		movs	r0, #0
 3630 00ce 05E0     		b	.L289
 3631              	.L305:
1407:platform/HAL/src/stm32g4xx_hal_tim_ex.c ****   }
 3632              		.loc 1 1407 5 discriminator 6 view .LVU1027
 3633 00d0 0123     		movs	r3, #1
 3634 00d2 85F84630 		strb	r3, [r5, #70]
 3635 00d6 0020     		movs	r0, #0
 3636 00d8 00E0     		b	.L289
 3637              	.LVL220:
 3638              	.L302:
1353:platform/HAL/src/stm32g4xx_hal_tim_ex.c ****   {
 3639              		.loc 1 1353 3 view .LVU1028
 3640 00da 0120     		movs	r0, #1
 3641              	.LVL221:
 3642              	.L289:
1411:platform/HAL/src/stm32g4xx_hal_tim_ex.c **** }
 3643              		.loc 1 1411 3 is_stmt 1 view .LVU1029
1412:platform/HAL/src/stm32g4xx_hal_tim_ex.c **** 
 3644              		.loc 1 1412 1 is_stmt 0 view .LVU1030
 3645 00dc 38BD     		pop	{r3, r4, r5, pc}
1412:platform/HAL/src/stm32g4xx_hal_tim_ex.c **** 
 3646              		.loc 1 1412 1 view .LVU1031
 3647              		.cfi_endproc
 3648              	.LFE348:
 3650              		.section	.text.HAL_TIMEx_PWMN_Start_DMA,"ax",%progbits
 3651              		.align	1
 3652              		.global	HAL_TIMEx_PWMN_Start_DMA
 3653              		.syntax unified
 3654              		.thumb
 3655              		.thumb_func
 3657              	HAL_TIMEx_PWMN_Start_DMA:
 3658              	.LVL222:
 3659              	.LFB349:
1430:platform/HAL/src/stm32g4xx_hal_tim_ex.c ****   HAL_StatusTypeDef status = HAL_OK;
 3660              		.loc 1 1430 1 is_stmt 1 view -0
 3661              		.cfi_startproc
 3662              		@ args = 0, pretend = 0, frame = 0
 3663              		@ frame_needed = 0, uses_anonymous_args = 0
1430:platform/HAL/src/stm32g4xx_hal_tim_ex.c ****   HAL_StatusTypeDef status = HAL_OK;
 3664              		.loc 1 1430 1 is_stmt 0 view .LVU1033
 3665 0000 70B5     		push	{r4, r5, r6, lr}
 3666              	.LCFI24:
 3667              		.cfi_def_cfa_offset 16
 3668              		.cfi_offset 4, -16
 3669              		.cfi_offset 5, -12
 3670              		.cfi_offset 6, -8
 3671              		.cfi_offset 14, -4
 3672 0002 0446     		mov	r4, r0
 3673 0004 1646     		mov	r6, r2
1431:platform/HAL/src/stm32g4xx_hal_tim_ex.c ****   uint32_t tmpsmcr;
ARM GAS  /tmp/cchCrvCd.s 			page 147


 3674              		.loc 1 1431 3 is_stmt 1 view .LVU1034
 3675              	.LVL223:
1432:platform/HAL/src/stm32g4xx_hal_tim_ex.c **** 
 3676              		.loc 1 1432 3 view .LVU1035
1435:platform/HAL/src/stm32g4xx_hal_tim_ex.c **** 
 3677              		.loc 1 1435 3 view .LVU1036
1438:platform/HAL/src/stm32g4xx_hal_tim_ex.c ****   {
 3678              		.loc 1 1438 3 view .LVU1037
1438:platform/HAL/src/stm32g4xx_hal_tim_ex.c ****   {
 3679              		.loc 1 1438 46 is_stmt 0 view .LVU1038
 3680 0006 0D46     		mov	r5, r1
 3681 0008 0029     		cmp	r1, #0
 3682 000a 6DD1     		bne	.L307
1438:platform/HAL/src/stm32g4xx_hal_tim_ex.c ****   {
 3683              		.loc 1 1438 7 discriminator 1 view .LVU1039
 3684 000c 90F84400 		ldrb	r0, [r0, #68]	@ zero_extendqisi2
 3685              	.LVL224:
1438:platform/HAL/src/stm32g4xx_hal_tim_ex.c ****   {
 3686              		.loc 1 1438 46 discriminator 1 view .LVU1040
 3687 0010 0228     		cmp	r0, #2
 3688 0012 14BF     		ite	ne
 3689 0014 0020     		movne	r0, #0
 3690 0016 0120     		moveq	r0, #1
 3691              	.L308:
1438:platform/HAL/src/stm32g4xx_hal_tim_ex.c ****   {
 3692              		.loc 1 1438 6 discriminator 12 view .LVU1041
 3693 0018 0028     		cmp	r0, #0
 3694 001a 40F01581 		bne	.L327
1442:platform/HAL/src/stm32g4xx_hal_tim_ex.c ****   {
 3695              		.loc 1 1442 8 is_stmt 1 view .LVU1042
1442:platform/HAL/src/stm32g4xx_hal_tim_ex.c ****   {
 3696              		.loc 1 1442 51 is_stmt 0 view .LVU1043
 3697 001e 002D     		cmp	r5, #0
 3698 0020 7BD1     		bne	.L312
1442:platform/HAL/src/stm32g4xx_hal_tim_ex.c ****   {
 3699              		.loc 1 1442 12 discriminator 1 view .LVU1044
 3700 0022 94F84420 		ldrb	r2, [r4, #68]	@ zero_extendqisi2
 3701              	.LVL225:
1442:platform/HAL/src/stm32g4xx_hal_tim_ex.c ****   {
 3702              		.loc 1 1442 51 discriminator 1 view .LVU1045
 3703 0026 012A     		cmp	r2, #1
 3704 0028 14BF     		ite	ne
 3705 002a 0022     		movne	r2, #0
 3706 002c 0122     		moveq	r2, #1
 3707              	.L313:
1442:platform/HAL/src/stm32g4xx_hal_tim_ex.c ****   {
 3708              		.loc 1 1442 11 discriminator 12 view .LVU1046
 3709 002e 002A     		cmp	r2, #0
 3710 0030 00F00C81 		beq	.L328
1444:platform/HAL/src/stm32g4xx_hal_tim_ex.c ****     {
 3711              		.loc 1 1444 5 is_stmt 1 view .LVU1047
1444:platform/HAL/src/stm32g4xx_hal_tim_ex.c ****     {
 3712              		.loc 1 1444 8 is_stmt 0 view .LVU1048
 3713 0034 002E     		cmp	r6, #0
 3714 0036 00F00B81 		beq	.L329
1444:platform/HAL/src/stm32g4xx_hal_tim_ex.c ****     {
 3715              		.loc 1 1444 25 discriminator 1 view .LVU1049
ARM GAS  /tmp/cchCrvCd.s 			page 148


 3716 003a 002B     		cmp	r3, #0
 3717 003c 00F00A81 		beq	.L330
1450:platform/HAL/src/stm32g4xx_hal_tim_ex.c ****     }
 3718              		.loc 1 1450 7 is_stmt 1 view .LVU1050
 3719 0040 002D     		cmp	r5, #0
 3720 0042 40F08380 		bne	.L316
1450:platform/HAL/src/stm32g4xx_hal_tim_ex.c ****     }
 3721              		.loc 1 1450 7 is_stmt 0 discriminator 1 view .LVU1051
 3722 0046 0222     		movs	r2, #2
 3723 0048 84F84420 		strb	r2, [r4, #68]
1458:platform/HAL/src/stm32g4xx_hal_tim_ex.c ****   {
 3724              		.loc 1 1458 3 is_stmt 1 view .LVU1052
 3725              	.L317:
1463:platform/HAL/src/stm32g4xx_hal_tim_ex.c ****       htim->hdma[TIM_DMA_ID_CC1]->XferHalfCpltCallback = TIM_DMADelayPulseHalfCplt;
 3726              		.loc 1 1463 7 view .LVU1053
1463:platform/HAL/src/stm32g4xx_hal_tim_ex.c ****       htim->hdma[TIM_DMA_ID_CC1]->XferHalfCpltCallback = TIM_DMADelayPulseHalfCplt;
 3727              		.loc 1 1463 17 is_stmt 0 view .LVU1054
 3728 004c 626A     		ldr	r2, [r4, #36]
1463:platform/HAL/src/stm32g4xx_hal_tim_ex.c ****       htim->hdma[TIM_DMA_ID_CC1]->XferHalfCpltCallback = TIM_DMADelayPulseHalfCplt;
 3729              		.loc 1 1463 52 view .LVU1055
 3730 004e 8949     		ldr	r1, .L348
 3731              	.LVL226:
1463:platform/HAL/src/stm32g4xx_hal_tim_ex.c ****       htim->hdma[TIM_DMA_ID_CC1]->XferHalfCpltCallback = TIM_DMADelayPulseHalfCplt;
 3732              		.loc 1 1463 52 view .LVU1056
 3733 0050 D162     		str	r1, [r2, #44]
1464:platform/HAL/src/stm32g4xx_hal_tim_ex.c **** 
 3734              		.loc 1 1464 7 is_stmt 1 view .LVU1057
1464:platform/HAL/src/stm32g4xx_hal_tim_ex.c **** 
 3735              		.loc 1 1464 17 is_stmt 0 view .LVU1058
 3736 0052 626A     		ldr	r2, [r4, #36]
1464:platform/HAL/src/stm32g4xx_hal_tim_ex.c **** 
 3737              		.loc 1 1464 56 view .LVU1059
 3738 0054 8849     		ldr	r1, .L348+4
 3739 0056 1163     		str	r1, [r2, #48]
1467:platform/HAL/src/stm32g4xx_hal_tim_ex.c **** 
 3740              		.loc 1 1467 7 is_stmt 1 view .LVU1060
1467:platform/HAL/src/stm32g4xx_hal_tim_ex.c **** 
 3741              		.loc 1 1467 17 is_stmt 0 view .LVU1061
 3742 0058 626A     		ldr	r2, [r4, #36]
1467:platform/HAL/src/stm32g4xx_hal_tim_ex.c **** 
 3743              		.loc 1 1467 53 view .LVU1062
 3744 005a 8849     		ldr	r1, .L348+8
 3745 005c 5163     		str	r1, [r2, #52]
1470:platform/HAL/src/stm32g4xx_hal_tim_ex.c ****                            Length) != HAL_OK)
 3746              		.loc 1 1470 7 is_stmt 1 view .LVU1063
1470:platform/HAL/src/stm32g4xx_hal_tim_ex.c ****                            Length) != HAL_OK)
 3747              		.loc 1 1470 88 is_stmt 0 view .LVU1064
 3748 005e 2268     		ldr	r2, [r4]
1470:platform/HAL/src/stm32g4xx_hal_tim_ex.c ****                            Length) != HAL_OK)
 3749              		.loc 1 1470 11 view .LVU1065
 3750 0060 3432     		adds	r2, r2, #52
 3751 0062 3146     		mov	r1, r6
 3752 0064 606A     		ldr	r0, [r4, #36]
 3753 0066 FFF7FEFF 		bl	HAL_DMA_Start_IT
 3754              	.LVL227:
1470:platform/HAL/src/stm32g4xx_hal_tim_ex.c ****                            Length) != HAL_OK)
 3755              		.loc 1 1470 10 discriminator 1 view .LVU1066
ARM GAS  /tmp/cchCrvCd.s 			page 149


 3756 006a 0028     		cmp	r0, #0
 3757 006c 40F0F680 		bne	.L332
1477:platform/HAL/src/stm32g4xx_hal_tim_ex.c ****       break;
 3758              		.loc 1 1477 7 is_stmt 1 view .LVU1067
 3759 0070 2268     		ldr	r2, [r4]
 3760 0072 D368     		ldr	r3, [r2, #12]
 3761 0074 43F40073 		orr	r3, r3, #512
 3762 0078 D360     		str	r3, [r2, #12]
1478:platform/HAL/src/stm32g4xx_hal_tim_ex.c ****     }
 3763              		.loc 1 1478 7 view .LVU1068
1549:platform/HAL/src/stm32g4xx_hal_tim_ex.c ****   {
 3764              		.loc 1 1549 3 view .LVU1069
 3765              	.L324:
1552:platform/HAL/src/stm32g4xx_hal_tim_ex.c **** 
 3766              		.loc 1 1552 5 view .LVU1070
 3767 007a 0422     		movs	r2, #4
 3768 007c 2946     		mov	r1, r5
 3769 007e 2068     		ldr	r0, [r4]
 3770 0080 FFF7FEFF 		bl	TIM_CCxNChannelCmd
 3771              	.LVL228:
1555:platform/HAL/src/stm32g4xx_hal_tim_ex.c **** 
 3772              		.loc 1 1555 5 view .LVU1071
 3773 0084 2268     		ldr	r2, [r4]
 3774 0086 536C     		ldr	r3, [r2, #68]
 3775 0088 43F40043 		orr	r3, r3, #32768
 3776 008c 5364     		str	r3, [r2, #68]
1558:platform/HAL/src/stm32g4xx_hal_tim_ex.c ****     {
 3777              		.loc 1 1558 5 view .LVU1072
1558:platform/HAL/src/stm32g4xx_hal_tim_ex.c ****     {
 3778              		.loc 1 1558 9 is_stmt 0 view .LVU1073
 3779 008e 2368     		ldr	r3, [r4]
1558:platform/HAL/src/stm32g4xx_hal_tim_ex.c ****     {
 3780              		.loc 1 1558 8 view .LVU1074
 3781 0090 7B4A     		ldr	r2, .L348+12
 3782 0092 9342     		cmp	r3, r2
 3783 0094 00F0CA80 		beq	.L325
1558:platform/HAL/src/stm32g4xx_hal_tim_ex.c ****     {
 3784              		.loc 1 1558 9 discriminator 1 view .LVU1075
 3785 0098 B3F1804F 		cmp	r3, #1073741824
 3786 009c 00F0C680 		beq	.L325
1558:platform/HAL/src/stm32g4xx_hal_tim_ex.c ****     {
 3787              		.loc 1 1558 9 discriminator 2 view .LVU1076
 3788 00a0 A2F59432 		sub	r2, r2, #75776
 3789 00a4 9342     		cmp	r3, r2
 3790 00a6 00F0C180 		beq	.L325
1558:platform/HAL/src/stm32g4xx_hal_tim_ex.c ****     {
 3791              		.loc 1 1558 9 discriminator 3 view .LVU1077
 3792 00aa 02F58062 		add	r2, r2, #1024
 3793 00ae 9342     		cmp	r3, r2
 3794 00b0 00F0BC80 		beq	.L325
1558:platform/HAL/src/stm32g4xx_hal_tim_ex.c ****     {
 3795              		.loc 1 1558 9 discriminator 4 view .LVU1078
 3796 00b4 02F58062 		add	r2, r2, #1024
 3797 00b8 9342     		cmp	r3, r2
 3798 00ba 00F0B780 		beq	.L325
1558:platform/HAL/src/stm32g4xx_hal_tim_ex.c ****     {
 3799              		.loc 1 1558 9 discriminator 5 view .LVU1079
ARM GAS  /tmp/cchCrvCd.s 			page 150


 3800 00be 02F59432 		add	r2, r2, #75776
 3801 00c2 9342     		cmp	r3, r2
 3802 00c4 00F0B280 		beq	.L325
1558:platform/HAL/src/stm32g4xx_hal_tim_ex.c ****     {
 3803              		.loc 1 1558 9 discriminator 6 view .LVU1080
 3804 00c8 02F54062 		add	r2, r2, #3072
 3805 00cc 9342     		cmp	r3, r2
 3806 00ce 00F0AD80 		beq	.L325
1558:platform/HAL/src/stm32g4xx_hal_tim_ex.c ****     {
 3807              		.loc 1 1558 9 discriminator 7 view .LVU1081
 3808 00d2 02F58052 		add	r2, r2, #4096
 3809 00d6 9342     		cmp	r3, r2
 3810 00d8 00F0A880 		beq	.L325
1568:platform/HAL/src/stm32g4xx_hal_tim_ex.c ****     }
 3811              		.loc 1 1568 7 is_stmt 1 view .LVU1082
 3812 00dc 1A68     		ldr	r2, [r3]
 3813 00de 42F00102 		orr	r2, r2, #1
 3814 00e2 1A60     		str	r2, [r3]
 3815 00e4 0020     		movs	r0, #0
 3816 00e6 B2E0     		b	.L311
 3817              	.LVL229:
 3818              	.L307:
1438:platform/HAL/src/stm32g4xx_hal_tim_ex.c ****   {
 3819              		.loc 1 1438 46 is_stmt 0 discriminator 2 view .LVU1083
 3820 00e8 0429     		cmp	r1, #4
 3821 00ea 08D0     		beq	.L342
1438:platform/HAL/src/stm32g4xx_hal_tim_ex.c ****   {
 3822              		.loc 1 1438 46 discriminator 5 view .LVU1084
 3823 00ec 0829     		cmp	r1, #8
 3824 00ee 0DD0     		beq	.L343
1438:platform/HAL/src/stm32g4xx_hal_tim_ex.c ****   {
 3825              		.loc 1 1438 7 discriminator 8 view .LVU1085
 3826 00f0 90F84700 		ldrb	r0, [r0, #71]	@ zero_extendqisi2
 3827              	.LVL230:
1438:platform/HAL/src/stm32g4xx_hal_tim_ex.c ****   {
 3828              		.loc 1 1438 46 discriminator 8 view .LVU1086
 3829 00f4 0228     		cmp	r0, #2
 3830 00f6 14BF     		ite	ne
 3831 00f8 0020     		movne	r0, #0
 3832 00fa 0120     		moveq	r0, #1
 3833 00fc 8CE7     		b	.L308
 3834              	.LVL231:
 3835              	.L342:
1438:platform/HAL/src/stm32g4xx_hal_tim_ex.c ****   {
 3836              		.loc 1 1438 7 discriminator 4 view .LVU1087
 3837 00fe 90F84500 		ldrb	r0, [r0, #69]	@ zero_extendqisi2
 3838              	.LVL232:
1438:platform/HAL/src/stm32g4xx_hal_tim_ex.c ****   {
 3839              		.loc 1 1438 46 discriminator 4 view .LVU1088
 3840 0102 0228     		cmp	r0, #2
 3841 0104 14BF     		ite	ne
 3842 0106 0020     		movne	r0, #0
 3843 0108 0120     		moveq	r0, #1
 3844 010a 85E7     		b	.L308
 3845              	.LVL233:
 3846              	.L343:
1438:platform/HAL/src/stm32g4xx_hal_tim_ex.c ****   {
ARM GAS  /tmp/cchCrvCd.s 			page 151


 3847              		.loc 1 1438 7 discriminator 7 view .LVU1089
 3848 010c 90F84600 		ldrb	r0, [r0, #70]	@ zero_extendqisi2
 3849              	.LVL234:
1438:platform/HAL/src/stm32g4xx_hal_tim_ex.c ****   {
 3850              		.loc 1 1438 46 discriminator 7 view .LVU1090
 3851 0110 0228     		cmp	r0, #2
 3852 0112 14BF     		ite	ne
 3853 0114 0020     		movne	r0, #0
 3854 0116 0120     		moveq	r0, #1
 3855 0118 7EE7     		b	.L308
 3856              	.L312:
1442:platform/HAL/src/stm32g4xx_hal_tim_ex.c ****   {
 3857              		.loc 1 1442 51 discriminator 2 view .LVU1091
 3858 011a 042D     		cmp	r5, #4
 3859 011c 08D0     		beq	.L344
1442:platform/HAL/src/stm32g4xx_hal_tim_ex.c ****   {
 3860              		.loc 1 1442 51 discriminator 5 view .LVU1092
 3861 011e 082D     		cmp	r5, #8
 3862 0120 0DD0     		beq	.L345
1442:platform/HAL/src/stm32g4xx_hal_tim_ex.c ****   {
 3863              		.loc 1 1442 12 discriminator 8 view .LVU1093
 3864 0122 94F84720 		ldrb	r2, [r4, #71]	@ zero_extendqisi2
 3865              	.LVL235:
1442:platform/HAL/src/stm32g4xx_hal_tim_ex.c ****   {
 3866              		.loc 1 1442 51 discriminator 8 view .LVU1094
 3867 0126 012A     		cmp	r2, #1
 3868 0128 14BF     		ite	ne
 3869 012a 0022     		movne	r2, #0
 3870 012c 0122     		moveq	r2, #1
 3871 012e 7EE7     		b	.L313
 3872              	.LVL236:
 3873              	.L344:
1442:platform/HAL/src/stm32g4xx_hal_tim_ex.c ****   {
 3874              		.loc 1 1442 12 discriminator 4 view .LVU1095
 3875 0130 94F84520 		ldrb	r2, [r4, #69]	@ zero_extendqisi2
 3876              	.LVL237:
1442:platform/HAL/src/stm32g4xx_hal_tim_ex.c ****   {
 3877              		.loc 1 1442 51 discriminator 4 view .LVU1096
 3878 0134 012A     		cmp	r2, #1
 3879 0136 14BF     		ite	ne
 3880 0138 0022     		movne	r2, #0
 3881 013a 0122     		moveq	r2, #1
 3882 013c 77E7     		b	.L313
 3883              	.LVL238:
 3884              	.L345:
1442:platform/HAL/src/stm32g4xx_hal_tim_ex.c ****   {
 3885              		.loc 1 1442 12 discriminator 7 view .LVU1097
 3886 013e 94F84620 		ldrb	r2, [r4, #70]	@ zero_extendqisi2
 3887              	.LVL239:
1442:platform/HAL/src/stm32g4xx_hal_tim_ex.c ****   {
 3888              		.loc 1 1442 51 discriminator 7 view .LVU1098
 3889 0142 012A     		cmp	r2, #1
 3890 0144 14BF     		ite	ne
 3891 0146 0022     		movne	r2, #0
 3892 0148 0122     		moveq	r2, #1
 3893 014a 70E7     		b	.L313
 3894              	.L316:
ARM GAS  /tmp/cchCrvCd.s 			page 152


1450:platform/HAL/src/stm32g4xx_hal_tim_ex.c ****     }
 3895              		.loc 1 1450 7 discriminator 2 view .LVU1099
 3896 014c 042D     		cmp	r5, #4
 3897 014e 23D0     		beq	.L346
1450:platform/HAL/src/stm32g4xx_hal_tim_ex.c ****     }
 3898              		.loc 1 1450 7 discriminator 4 view .LVU1100
 3899 0150 082D     		cmp	r5, #8
 3900 0152 3BD0     		beq	.L347
1450:platform/HAL/src/stm32g4xx_hal_tim_ex.c ****     }
 3901              		.loc 1 1450 7 discriminator 7 view .LVU1101
 3902 0154 0222     		movs	r2, #2
 3903 0156 84F84720 		strb	r2, [r4, #71]
1458:platform/HAL/src/stm32g4xx_hal_tim_ex.c ****   {
 3904              		.loc 1 1458 3 is_stmt 1 view .LVU1102
 3905 015a 0C2D     		cmp	r5, #12
 3906 015c 7CD8     		bhi	.L331
 3907 015e 01A2     		adr	r2, .L323
 3908 0160 52F825F0 		ldr	pc, [r2, r5, lsl #2]
 3909              		.p2align 2
 3910              	.L323:
 3911 0164 4D000000 		.word	.L317+1
 3912 0168 59020000 		.word	.L331+1
 3913 016c 59020000 		.word	.L331+1
 3914 0170 59020000 		.word	.L331+1
 3915 0174 9F010000 		.word	.L319+1
 3916 0178 59020000 		.word	.L331+1
 3917 017c 59020000 		.word	.L331+1
 3918 0180 59020000 		.word	.L331+1
 3919 0184 D3010000 		.word	.L321+1
 3920 0188 59020000 		.word	.L331+1
 3921 018c 59020000 		.word	.L331+1
 3922 0190 59020000 		.word	.L331+1
 3923 0194 01020000 		.word	.L322+1
 3924              		.p2align 1
 3925              	.L346:
1450:platform/HAL/src/stm32g4xx_hal_tim_ex.c ****     }
 3926              		.loc 1 1450 7 is_stmt 0 discriminator 3 view .LVU1103
 3927 0198 0222     		movs	r2, #2
 3928 019a 84F84520 		strb	r2, [r4, #69]
1458:platform/HAL/src/stm32g4xx_hal_tim_ex.c ****   {
 3929              		.loc 1 1458 3 is_stmt 1 view .LVU1104
 3930              	.L319:
1484:platform/HAL/src/stm32g4xx_hal_tim_ex.c ****       htim->hdma[TIM_DMA_ID_CC2]->XferHalfCpltCallback = TIM_DMADelayPulseHalfCplt;
 3931              		.loc 1 1484 7 view .LVU1105
1484:platform/HAL/src/stm32g4xx_hal_tim_ex.c ****       htim->hdma[TIM_DMA_ID_CC2]->XferHalfCpltCallback = TIM_DMADelayPulseHalfCplt;
 3932              		.loc 1 1484 17 is_stmt 0 view .LVU1106
 3933 019e A26A     		ldr	r2, [r4, #40]
1484:platform/HAL/src/stm32g4xx_hal_tim_ex.c ****       htim->hdma[TIM_DMA_ID_CC2]->XferHalfCpltCallback = TIM_DMADelayPulseHalfCplt;
 3934              		.loc 1 1484 52 view .LVU1107
 3935 01a0 3449     		ldr	r1, .L348
 3936              	.LVL240:
1484:platform/HAL/src/stm32g4xx_hal_tim_ex.c ****       htim->hdma[TIM_DMA_ID_CC2]->XferHalfCpltCallback = TIM_DMADelayPulseHalfCplt;
 3937              		.loc 1 1484 52 view .LVU1108
 3938 01a2 D162     		str	r1, [r2, #44]
1485:platform/HAL/src/stm32g4xx_hal_tim_ex.c **** 
 3939              		.loc 1 1485 7 is_stmt 1 view .LVU1109
1485:platform/HAL/src/stm32g4xx_hal_tim_ex.c **** 
ARM GAS  /tmp/cchCrvCd.s 			page 153


 3940              		.loc 1 1485 17 is_stmt 0 view .LVU1110
 3941 01a4 A26A     		ldr	r2, [r4, #40]
1485:platform/HAL/src/stm32g4xx_hal_tim_ex.c **** 
 3942              		.loc 1 1485 56 view .LVU1111
 3943 01a6 3449     		ldr	r1, .L348+4
 3944 01a8 1163     		str	r1, [r2, #48]
1488:platform/HAL/src/stm32g4xx_hal_tim_ex.c **** 
 3945              		.loc 1 1488 7 is_stmt 1 view .LVU1112
1488:platform/HAL/src/stm32g4xx_hal_tim_ex.c **** 
 3946              		.loc 1 1488 17 is_stmt 0 view .LVU1113
 3947 01aa A26A     		ldr	r2, [r4, #40]
1488:platform/HAL/src/stm32g4xx_hal_tim_ex.c **** 
 3948              		.loc 1 1488 53 view .LVU1114
 3949 01ac 3349     		ldr	r1, .L348+8
 3950 01ae 5163     		str	r1, [r2, #52]
1491:platform/HAL/src/stm32g4xx_hal_tim_ex.c ****                            Length) != HAL_OK)
 3951              		.loc 1 1491 7 is_stmt 1 view .LVU1115
1491:platform/HAL/src/stm32g4xx_hal_tim_ex.c ****                            Length) != HAL_OK)
 3952              		.loc 1 1491 88 is_stmt 0 view .LVU1116
 3953 01b0 2268     		ldr	r2, [r4]
1491:platform/HAL/src/stm32g4xx_hal_tim_ex.c ****                            Length) != HAL_OK)
 3954              		.loc 1 1491 11 view .LVU1117
 3955 01b2 3832     		adds	r2, r2, #56
 3956 01b4 3146     		mov	r1, r6
 3957 01b6 A06A     		ldr	r0, [r4, #40]
 3958 01b8 FFF7FEFF 		bl	HAL_DMA_Start_IT
 3959              	.LVL241:
1491:platform/HAL/src/stm32g4xx_hal_tim_ex.c ****                            Length) != HAL_OK)
 3960              		.loc 1 1491 10 discriminator 1 view .LVU1118
 3961 01bc 0028     		cmp	r0, #0
 3962 01be 4FD1     		bne	.L333
1498:platform/HAL/src/stm32g4xx_hal_tim_ex.c ****       break;
 3963              		.loc 1 1498 7 is_stmt 1 view .LVU1119
 3964 01c0 2268     		ldr	r2, [r4]
 3965 01c2 D368     		ldr	r3, [r2, #12]
 3966 01c4 43F48063 		orr	r3, r3, #1024
 3967 01c8 D360     		str	r3, [r2, #12]
1499:platform/HAL/src/stm32g4xx_hal_tim_ex.c ****     }
 3968              		.loc 1 1499 7 view .LVU1120
1549:platform/HAL/src/stm32g4xx_hal_tim_ex.c ****   {
 3969              		.loc 1 1549 3 view .LVU1121
 3970 01ca 56E7     		b	.L324
 3971              	.LVL242:
 3972              	.L347:
1450:platform/HAL/src/stm32g4xx_hal_tim_ex.c ****     }
 3973              		.loc 1 1450 7 is_stmt 0 discriminator 6 view .LVU1122
 3974 01cc 0222     		movs	r2, #2
 3975 01ce 84F84620 		strb	r2, [r4, #70]
1458:platform/HAL/src/stm32g4xx_hal_tim_ex.c ****   {
 3976              		.loc 1 1458 3 is_stmt 1 view .LVU1123
 3977              	.L321:
1505:platform/HAL/src/stm32g4xx_hal_tim_ex.c ****       htim->hdma[TIM_DMA_ID_CC3]->XferHalfCpltCallback = TIM_DMADelayPulseHalfCplt;
 3978              		.loc 1 1505 7 view .LVU1124
1505:platform/HAL/src/stm32g4xx_hal_tim_ex.c ****       htim->hdma[TIM_DMA_ID_CC3]->XferHalfCpltCallback = TIM_DMADelayPulseHalfCplt;
 3979              		.loc 1 1505 17 is_stmt 0 view .LVU1125
 3980 01d2 E26A     		ldr	r2, [r4, #44]
1505:platform/HAL/src/stm32g4xx_hal_tim_ex.c ****       htim->hdma[TIM_DMA_ID_CC3]->XferHalfCpltCallback = TIM_DMADelayPulseHalfCplt;
ARM GAS  /tmp/cchCrvCd.s 			page 154


 3981              		.loc 1 1505 52 view .LVU1126
 3982 01d4 2749     		ldr	r1, .L348
 3983              	.LVL243:
1505:platform/HAL/src/stm32g4xx_hal_tim_ex.c ****       htim->hdma[TIM_DMA_ID_CC3]->XferHalfCpltCallback = TIM_DMADelayPulseHalfCplt;
 3984              		.loc 1 1505 52 view .LVU1127
 3985 01d6 D162     		str	r1, [r2, #44]
1506:platform/HAL/src/stm32g4xx_hal_tim_ex.c **** 
 3986              		.loc 1 1506 7 is_stmt 1 view .LVU1128
1506:platform/HAL/src/stm32g4xx_hal_tim_ex.c **** 
 3987              		.loc 1 1506 17 is_stmt 0 view .LVU1129
 3988 01d8 E26A     		ldr	r2, [r4, #44]
1506:platform/HAL/src/stm32g4xx_hal_tim_ex.c **** 
 3989              		.loc 1 1506 56 view .LVU1130
 3990 01da 2749     		ldr	r1, .L348+4
 3991 01dc 1163     		str	r1, [r2, #48]
1509:platform/HAL/src/stm32g4xx_hal_tim_ex.c **** 
 3992              		.loc 1 1509 7 is_stmt 1 view .LVU1131
1509:platform/HAL/src/stm32g4xx_hal_tim_ex.c **** 
 3993              		.loc 1 1509 17 is_stmt 0 view .LVU1132
 3994 01de E26A     		ldr	r2, [r4, #44]
1509:platform/HAL/src/stm32g4xx_hal_tim_ex.c **** 
 3995              		.loc 1 1509 53 view .LVU1133
 3996 01e0 2649     		ldr	r1, .L348+8
 3997 01e2 5163     		str	r1, [r2, #52]
1512:platform/HAL/src/stm32g4xx_hal_tim_ex.c ****                            Length) != HAL_OK)
 3998              		.loc 1 1512 7 is_stmt 1 view .LVU1134
1512:platform/HAL/src/stm32g4xx_hal_tim_ex.c ****                            Length) != HAL_OK)
 3999              		.loc 1 1512 88 is_stmt 0 view .LVU1135
 4000 01e4 2268     		ldr	r2, [r4]
1512:platform/HAL/src/stm32g4xx_hal_tim_ex.c ****                            Length) != HAL_OK)
 4001              		.loc 1 1512 11 view .LVU1136
 4002 01e6 3C32     		adds	r2, r2, #60
 4003 01e8 3146     		mov	r1, r6
 4004 01ea E06A     		ldr	r0, [r4, #44]
 4005 01ec FFF7FEFF 		bl	HAL_DMA_Start_IT
 4006              	.LVL244:
1512:platform/HAL/src/stm32g4xx_hal_tim_ex.c ****                            Length) != HAL_OK)
 4007              		.loc 1 1512 10 discriminator 1 view .LVU1137
 4008 01f0 0028     		cmp	r0, #0
 4009 01f2 37D1     		bne	.L334
1519:platform/HAL/src/stm32g4xx_hal_tim_ex.c ****       break;
 4010              		.loc 1 1519 7 is_stmt 1 view .LVU1138
 4011 01f4 2268     		ldr	r2, [r4]
 4012 01f6 D368     		ldr	r3, [r2, #12]
 4013 01f8 43F40063 		orr	r3, r3, #2048
 4014 01fc D360     		str	r3, [r2, #12]
1520:platform/HAL/src/stm32g4xx_hal_tim_ex.c ****     }
 4015              		.loc 1 1520 7 view .LVU1139
1549:platform/HAL/src/stm32g4xx_hal_tim_ex.c ****   {
 4016              		.loc 1 1549 3 view .LVU1140
 4017 01fe 3CE7     		b	.L324
 4018              	.LVL245:
 4019              	.L322:
1526:platform/HAL/src/stm32g4xx_hal_tim_ex.c ****       htim->hdma[TIM_DMA_ID_CC4]->XferHalfCpltCallback = TIM_DMADelayPulseHalfCplt;
 4020              		.loc 1 1526 7 view .LVU1141
1526:platform/HAL/src/stm32g4xx_hal_tim_ex.c ****       htim->hdma[TIM_DMA_ID_CC4]->XferHalfCpltCallback = TIM_DMADelayPulseHalfCplt;
 4021              		.loc 1 1526 17 is_stmt 0 view .LVU1142
ARM GAS  /tmp/cchCrvCd.s 			page 155


 4022 0200 226B     		ldr	r2, [r4, #48]
1526:platform/HAL/src/stm32g4xx_hal_tim_ex.c ****       htim->hdma[TIM_DMA_ID_CC4]->XferHalfCpltCallback = TIM_DMADelayPulseHalfCplt;
 4023              		.loc 1 1526 52 view .LVU1143
 4024 0202 1C49     		ldr	r1, .L348
 4025              	.LVL246:
1526:platform/HAL/src/stm32g4xx_hal_tim_ex.c ****       htim->hdma[TIM_DMA_ID_CC4]->XferHalfCpltCallback = TIM_DMADelayPulseHalfCplt;
 4026              		.loc 1 1526 52 view .LVU1144
 4027 0204 D162     		str	r1, [r2, #44]
1527:platform/HAL/src/stm32g4xx_hal_tim_ex.c **** 
 4028              		.loc 1 1527 7 is_stmt 1 view .LVU1145
1527:platform/HAL/src/stm32g4xx_hal_tim_ex.c **** 
 4029              		.loc 1 1527 17 is_stmt 0 view .LVU1146
 4030 0206 226B     		ldr	r2, [r4, #48]
1527:platform/HAL/src/stm32g4xx_hal_tim_ex.c **** 
 4031              		.loc 1 1527 56 view .LVU1147
 4032 0208 1B49     		ldr	r1, .L348+4
 4033 020a 1163     		str	r1, [r2, #48]
1530:platform/HAL/src/stm32g4xx_hal_tim_ex.c **** 
 4034              		.loc 1 1530 7 is_stmt 1 view .LVU1148
1530:platform/HAL/src/stm32g4xx_hal_tim_ex.c **** 
 4035              		.loc 1 1530 17 is_stmt 0 view .LVU1149
 4036 020c 226B     		ldr	r2, [r4, #48]
1530:platform/HAL/src/stm32g4xx_hal_tim_ex.c **** 
 4037              		.loc 1 1530 53 view .LVU1150
 4038 020e 1B49     		ldr	r1, .L348+8
 4039 0210 5163     		str	r1, [r2, #52]
1533:platform/HAL/src/stm32g4xx_hal_tim_ex.c ****                            Length) != HAL_OK)
 4040              		.loc 1 1533 7 is_stmt 1 view .LVU1151
1533:platform/HAL/src/stm32g4xx_hal_tim_ex.c ****                            Length) != HAL_OK)
 4041              		.loc 1 1533 88 is_stmt 0 view .LVU1152
 4042 0212 2268     		ldr	r2, [r4]
1533:platform/HAL/src/stm32g4xx_hal_tim_ex.c ****                            Length) != HAL_OK)
 4043              		.loc 1 1533 11 view .LVU1153
 4044 0214 4032     		adds	r2, r2, #64
 4045 0216 3146     		mov	r1, r6
 4046 0218 206B     		ldr	r0, [r4, #48]
 4047 021a FFF7FEFF 		bl	HAL_DMA_Start_IT
 4048              	.LVL247:
1533:platform/HAL/src/stm32g4xx_hal_tim_ex.c ****                            Length) != HAL_OK)
 4049              		.loc 1 1533 10 discriminator 1 view .LVU1154
 4050 021e 18BB     		cbnz	r0, .L335
1540:platform/HAL/src/stm32g4xx_hal_tim_ex.c ****       break;
 4051              		.loc 1 1540 7 is_stmt 1 view .LVU1155
 4052 0220 2268     		ldr	r2, [r4]
 4053 0222 D368     		ldr	r3, [r2, #12]
 4054 0224 43F48053 		orr	r3, r3, #4096
 4055 0228 D360     		str	r3, [r2, #12]
1541:platform/HAL/src/stm32g4xx_hal_tim_ex.c ****     }
 4056              		.loc 1 1541 7 view .LVU1156
1549:platform/HAL/src/stm32g4xx_hal_tim_ex.c ****   {
 4057              		.loc 1 1549 3 view .LVU1157
 4058 022a 26E7     		b	.L324
 4059              	.L325:
1560:platform/HAL/src/stm32g4xx_hal_tim_ex.c ****       if (!IS_TIM_SLAVEMODE_TRIGGER_ENABLED(tmpsmcr))
 4060              		.loc 1 1560 7 view .LVU1158
1560:platform/HAL/src/stm32g4xx_hal_tim_ex.c ****       if (!IS_TIM_SLAVEMODE_TRIGGER_ENABLED(tmpsmcr))
 4061              		.loc 1 1560 31 is_stmt 0 view .LVU1159
ARM GAS  /tmp/cchCrvCd.s 			page 156


 4062 022c 9968     		ldr	r1, [r3, #8]
1560:platform/HAL/src/stm32g4xx_hal_tim_ex.c ****       if (!IS_TIM_SLAVEMODE_TRIGGER_ENABLED(tmpsmcr))
 4063              		.loc 1 1560 15 view .LVU1160
 4064 022e 154A     		ldr	r2, .L348+16
 4065 0230 0A40     		ands	r2, r2, r1
 4066              	.LVL248:
1561:platform/HAL/src/stm32g4xx_hal_tim_ex.c ****       {
 4067              		.loc 1 1561 7 is_stmt 1 view .LVU1161
1561:platform/HAL/src/stm32g4xx_hal_tim_ex.c ****       {
 4068              		.loc 1 1561 10 is_stmt 0 view .LVU1162
 4069 0232 062A     		cmp	r2, #6
 4070 0234 1AD0     		beq	.L336
1561:platform/HAL/src/stm32g4xx_hal_tim_ex.c ****       {
 4071              		.loc 1 1561 11 discriminator 1 view .LVU1163
 4072 0236 B2F5803F 		cmp	r2, #65536
 4073 023a 19D0     		beq	.L337
1563:platform/HAL/src/stm32g4xx_hal_tim_ex.c ****       }
 4074              		.loc 1 1563 9 is_stmt 1 view .LVU1164
 4075 023c 1A68     		ldr	r2, [r3]
 4076              	.LVL249:
1563:platform/HAL/src/stm32g4xx_hal_tim_ex.c ****       }
 4077              		.loc 1 1563 9 is_stmt 0 view .LVU1165
 4078 023e 42F00102 		orr	r2, r2, #1
 4079 0242 1A60     		str	r2, [r3]
 4080 0244 0020     		movs	r0, #0
 4081 0246 02E0     		b	.L311
 4082              	.LVL250:
 4083              	.L327:
1440:platform/HAL/src/stm32g4xx_hal_tim_ex.c ****   }
 4084              		.loc 1 1440 12 view .LVU1166
 4085 0248 0220     		movs	r0, #2
 4086 024a 00E0     		b	.L311
 4087              	.LVL251:
 4088              	.L328:
1455:platform/HAL/src/stm32g4xx_hal_tim_ex.c ****   }
 4089              		.loc 1 1455 12 view .LVU1167
 4090 024c 0120     		movs	r0, #1
 4091              	.LVL252:
 4092              	.L311:
1574:platform/HAL/src/stm32g4xx_hal_tim_ex.c **** 
 4093              		.loc 1 1574 1 view .LVU1168
 4094 024e 70BD     		pop	{r4, r5, r6, pc}
 4095              	.LVL253:
 4096              	.L329:
1446:platform/HAL/src/stm32g4xx_hal_tim_ex.c ****     }
 4097              		.loc 1 1446 14 view .LVU1169
 4098 0250 0120     		movs	r0, #1
 4099 0252 FCE7     		b	.L311
 4100              	.L330:
 4101 0254 0120     		movs	r0, #1
 4102 0256 FAE7     		b	.L311
 4103              	.L331:
1458:platform/HAL/src/stm32g4xx_hal_tim_ex.c ****   {
 4104              		.loc 1 1458 3 view .LVU1170
 4105 0258 0120     		movs	r0, #1
 4106 025a F8E7     		b	.L311
 4107              	.LVL254:
ARM GAS  /tmp/cchCrvCd.s 			page 157


 4108              	.L332:
1474:platform/HAL/src/stm32g4xx_hal_tim_ex.c ****       }
 4109              		.loc 1 1474 16 view .LVU1171
 4110 025c 0120     		movs	r0, #1
 4111 025e F6E7     		b	.L311
 4112              	.L333:
1495:platform/HAL/src/stm32g4xx_hal_tim_ex.c ****       }
 4113              		.loc 1 1495 16 view .LVU1172
 4114 0260 0120     		movs	r0, #1
 4115 0262 F4E7     		b	.L311
 4116              	.L334:
1516:platform/HAL/src/stm32g4xx_hal_tim_ex.c ****       }
 4117              		.loc 1 1516 16 view .LVU1173
 4118 0264 0120     		movs	r0, #1
 4119 0266 F2E7     		b	.L311
 4120              	.L335:
1537:platform/HAL/src/stm32g4xx_hal_tim_ex.c ****       }
 4121              		.loc 1 1537 16 view .LVU1174
 4122 0268 0120     		movs	r0, #1
 4123 026a F0E7     		b	.L311
 4124              	.LVL255:
 4125              	.L336:
1537:platform/HAL/src/stm32g4xx_hal_tim_ex.c ****       }
 4126              		.loc 1 1537 16 view .LVU1175
 4127 026c 0020     		movs	r0, #0
 4128 026e EEE7     		b	.L311
 4129              	.L337:
 4130 0270 0020     		movs	r0, #0
 4131 0272 ECE7     		b	.L311
 4132              	.L349:
 4133              		.align	2
 4134              	.L348:
 4135 0274 00000000 		.word	TIM_DMADelayPulseNCplt
 4136 0278 00000000 		.word	TIM_DMADelayPulseHalfCplt
 4137 027c 00000000 		.word	TIM_DMAErrorCCxN
 4138 0280 002C0140 		.word	1073818624
 4139 0284 07000100 		.word	65543
 4140              		.cfi_endproc
 4141              	.LFE349:
 4143              		.section	.text.HAL_TIMEx_PWMN_Stop_DMA,"ax",%progbits
 4144              		.align	1
 4145              		.global	HAL_TIMEx_PWMN_Stop_DMA
 4146              		.syntax unified
 4147              		.thumb
 4148              		.thumb_func
 4150              	HAL_TIMEx_PWMN_Stop_DMA:
 4151              	.LVL256:
 4152              	.LFB350:
1589:platform/HAL/src/stm32g4xx_hal_tim_ex.c ****   HAL_StatusTypeDef status = HAL_OK;
 4153              		.loc 1 1589 1 is_stmt 1 view -0
 4154              		.cfi_startproc
 4155              		@ args = 0, pretend = 0, frame = 0
 4156              		@ frame_needed = 0, uses_anonymous_args = 0
1589:platform/HAL/src/stm32g4xx_hal_tim_ex.c ****   HAL_StatusTypeDef status = HAL_OK;
 4157              		.loc 1 1589 1 is_stmt 0 view .LVU1177
 4158 0000 38B5     		push	{r3, r4, r5, lr}
 4159              	.LCFI25:
ARM GAS  /tmp/cchCrvCd.s 			page 158


 4160              		.cfi_def_cfa_offset 16
 4161              		.cfi_offset 3, -16
 4162              		.cfi_offset 4, -12
 4163              		.cfi_offset 5, -8
 4164              		.cfi_offset 14, -4
 4165 0002 0546     		mov	r5, r0
 4166 0004 0C46     		mov	r4, r1
1590:platform/HAL/src/stm32g4xx_hal_tim_ex.c **** 
 4167              		.loc 1 1590 3 is_stmt 1 view .LVU1178
 4168              	.LVL257:
1593:platform/HAL/src/stm32g4xx_hal_tim_ex.c **** 
 4169              		.loc 1 1593 3 view .LVU1179
1595:platform/HAL/src/stm32g4xx_hal_tim_ex.c ****   {
 4170              		.loc 1 1595 3 view .LVU1180
 4171 0006 0C29     		cmp	r1, #12
 4172 0008 69D8     		bhi	.L363
 4173 000a DFE801F0 		tbb	[pc, r1]
 4174              	.L353:
 4175 000e 07       		.byte	(.L356-.L353)/2
 4176 000f 68       		.byte	(.L363-.L353)/2
 4177 0010 68       		.byte	(.L363-.L353)/2
 4178 0011 68       		.byte	(.L363-.L353)/2
 4179 0012 3A       		.byte	(.L355-.L353)/2
 4180 0013 68       		.byte	(.L363-.L353)/2
 4181 0014 68       		.byte	(.L363-.L353)/2
 4182 0015 68       		.byte	(.L363-.L353)/2
 4183 0016 43       		.byte	(.L354-.L353)/2
 4184 0017 68       		.byte	(.L363-.L353)/2
 4185 0018 68       		.byte	(.L363-.L353)/2
 4186 0019 68       		.byte	(.L363-.L353)/2
 4187 001a 4C       		.byte	(.L352-.L353)/2
 4188 001b 00       		.p2align 1
 4189              	.L356:
1600:platform/HAL/src/stm32g4xx_hal_tim_ex.c ****       (void)HAL_DMA_Abort_IT(htim->hdma[TIM_DMA_ID_CC1]);
 4190              		.loc 1 1600 7 view .LVU1181
 4191 001c 0268     		ldr	r2, [r0]
 4192 001e D368     		ldr	r3, [r2, #12]
 4193 0020 23F40073 		bic	r3, r3, #512
 4194 0024 D360     		str	r3, [r2, #12]
1601:platform/HAL/src/stm32g4xx_hal_tim_ex.c ****       break;
 4195              		.loc 1 1601 7 view .LVU1182
1601:platform/HAL/src/stm32g4xx_hal_tim_ex.c ****       break;
 4196              		.loc 1 1601 13 is_stmt 0 view .LVU1183
 4197 0026 406A     		ldr	r0, [r0, #36]
 4198              	.LVL258:
1601:platform/HAL/src/stm32g4xx_hal_tim_ex.c ****       break;
 4199              		.loc 1 1601 13 view .LVU1184
 4200 0028 FFF7FEFF 		bl	HAL_DMA_Abort_IT
 4201              	.LVL259:
1602:platform/HAL/src/stm32g4xx_hal_tim_ex.c ****     }
 4202              		.loc 1 1602 7 is_stmt 1 view .LVU1185
1634:platform/HAL/src/stm32g4xx_hal_tim_ex.c ****   {
 4203              		.loc 1 1634 3 view .LVU1186
 4204              	.L357:
1637:platform/HAL/src/stm32g4xx_hal_tim_ex.c **** 
 4205              		.loc 1 1637 5 view .LVU1187
 4206 002c 0022     		movs	r2, #0
ARM GAS  /tmp/cchCrvCd.s 			page 159


 4207 002e 2146     		mov	r1, r4
 4208 0030 2868     		ldr	r0, [r5]
 4209 0032 FFF7FEFF 		bl	TIM_CCxNChannelCmd
 4210              	.LVL260:
1640:platform/HAL/src/stm32g4xx_hal_tim_ex.c **** 
 4211              		.loc 1 1640 5 view .LVU1188
1640:platform/HAL/src/stm32g4xx_hal_tim_ex.c **** 
 4212              		.loc 1 1640 5 view .LVU1189
 4213 0036 2A68     		ldr	r2, [r5]
 4214 0038 136A     		ldr	r3, [r2, #32]
 4215 003a 03F01133 		and	r3, r3, #286331153
 4216 003e 23F08853 		bic	r3, r3, #285212672
 4217 0042 43B9     		cbnz	r3, .L358
1640:platform/HAL/src/stm32g4xx_hal_tim_ex.c **** 
 4218              		.loc 1 1640 5 discriminator 1 view .LVU1190
 4219 0044 116A     		ldr	r1, [r2, #32]
 4220 0046 44F24443 		movw	r3, #17476
 4221 004a 1942     		tst	r1, r3
 4222 004c 03D1     		bne	.L358
1640:platform/HAL/src/stm32g4xx_hal_tim_ex.c **** 
 4223              		.loc 1 1640 5 discriminator 3 view .LVU1191
 4224 004e 536C     		ldr	r3, [r2, #68]
 4225 0050 23F40043 		bic	r3, r3, #32768
 4226 0054 5364     		str	r3, [r2, #68]
 4227              	.L358:
1640:platform/HAL/src/stm32g4xx_hal_tim_ex.c **** 
 4228              		.loc 1 1640 5 discriminator 5 view .LVU1192
1643:platform/HAL/src/stm32g4xx_hal_tim_ex.c **** 
 4229              		.loc 1 1643 5 view .LVU1193
1643:platform/HAL/src/stm32g4xx_hal_tim_ex.c **** 
 4230              		.loc 1 1643 5 view .LVU1194
 4231 0056 2A68     		ldr	r2, [r5]
 4232 0058 136A     		ldr	r3, [r2, #32]
 4233 005a 03F01133 		and	r3, r3, #286331153
 4234 005e 23F08853 		bic	r3, r3, #285212672
 4235 0062 43B9     		cbnz	r3, .L359
1643:platform/HAL/src/stm32g4xx_hal_tim_ex.c **** 
 4236              		.loc 1 1643 5 discriminator 1 view .LVU1195
 4237 0064 116A     		ldr	r1, [r2, #32]
 4238 0066 44F24443 		movw	r3, #17476
 4239 006a 1942     		tst	r1, r3
 4240 006c 03D1     		bne	.L359
1643:platform/HAL/src/stm32g4xx_hal_tim_ex.c **** 
 4241              		.loc 1 1643 5 discriminator 3 view .LVU1196
 4242 006e 1368     		ldr	r3, [r2]
 4243 0070 23F00103 		bic	r3, r3, #1
 4244 0074 1360     		str	r3, [r2]
 4245              	.L359:
1643:platform/HAL/src/stm32g4xx_hal_tim_ex.c **** 
 4246              		.loc 1 1643 5 discriminator 5 view .LVU1197
1646:platform/HAL/src/stm32g4xx_hal_tim_ex.c ****   }
 4247              		.loc 1 1646 5 view .LVU1198
 4248 0076 FCB9     		cbnz	r4, .L360
1646:platform/HAL/src/stm32g4xx_hal_tim_ex.c ****   }
 4249              		.loc 1 1646 5 is_stmt 0 discriminator 1 view .LVU1199
 4250 0078 0123     		movs	r3, #1
 4251 007a 85F84430 		strb	r3, [r5, #68]
ARM GAS  /tmp/cchCrvCd.s 			page 160


 4252 007e 0020     		movs	r0, #0
 4253 0080 2EE0     		b	.L351
 4254              	.LVL261:
 4255              	.L355:
1608:platform/HAL/src/stm32g4xx_hal_tim_ex.c ****       (void)HAL_DMA_Abort_IT(htim->hdma[TIM_DMA_ID_CC2]);
 4256              		.loc 1 1608 7 is_stmt 1 view .LVU1200
 4257 0082 0268     		ldr	r2, [r0]
 4258 0084 D368     		ldr	r3, [r2, #12]
 4259 0086 23F48063 		bic	r3, r3, #1024
 4260 008a D360     		str	r3, [r2, #12]
1609:platform/HAL/src/stm32g4xx_hal_tim_ex.c ****       break;
 4261              		.loc 1 1609 7 view .LVU1201
1609:platform/HAL/src/stm32g4xx_hal_tim_ex.c ****       break;
 4262              		.loc 1 1609 13 is_stmt 0 view .LVU1202
 4263 008c 806A     		ldr	r0, [r0, #40]
 4264              	.LVL262:
1609:platform/HAL/src/stm32g4xx_hal_tim_ex.c ****       break;
 4265              		.loc 1 1609 13 view .LVU1203
 4266 008e FFF7FEFF 		bl	HAL_DMA_Abort_IT
 4267              	.LVL263:
1610:platform/HAL/src/stm32g4xx_hal_tim_ex.c ****     }
 4268              		.loc 1 1610 7 is_stmt 1 view .LVU1204
1634:platform/HAL/src/stm32g4xx_hal_tim_ex.c ****   {
 4269              		.loc 1 1634 3 view .LVU1205
 4270 0092 CBE7     		b	.L357
 4271              	.LVL264:
 4272              	.L354:
1616:platform/HAL/src/stm32g4xx_hal_tim_ex.c ****       (void)HAL_DMA_Abort_IT(htim->hdma[TIM_DMA_ID_CC3]);
 4273              		.loc 1 1616 7 view .LVU1206
 4274 0094 0268     		ldr	r2, [r0]
 4275 0096 D368     		ldr	r3, [r2, #12]
 4276 0098 23F40063 		bic	r3, r3, #2048
 4277 009c D360     		str	r3, [r2, #12]
1617:platform/HAL/src/stm32g4xx_hal_tim_ex.c ****       break;
 4278              		.loc 1 1617 7 view .LVU1207
1617:platform/HAL/src/stm32g4xx_hal_tim_ex.c ****       break;
 4279              		.loc 1 1617 13 is_stmt 0 view .LVU1208
 4280 009e C06A     		ldr	r0, [r0, #44]
 4281              	.LVL265:
1617:platform/HAL/src/stm32g4xx_hal_tim_ex.c ****       break;
 4282              		.loc 1 1617 13 view .LVU1209
 4283 00a0 FFF7FEFF 		bl	HAL_DMA_Abort_IT
 4284              	.LVL266:
1618:platform/HAL/src/stm32g4xx_hal_tim_ex.c ****     }
 4285              		.loc 1 1618 7 is_stmt 1 view .LVU1210
1634:platform/HAL/src/stm32g4xx_hal_tim_ex.c ****   {
 4286              		.loc 1 1634 3 view .LVU1211
 4287 00a4 C2E7     		b	.L357
 4288              	.LVL267:
 4289              	.L352:
1624:platform/HAL/src/stm32g4xx_hal_tim_ex.c ****       (void)HAL_DMA_Abort_IT(htim->hdma[TIM_DMA_ID_CC4]);
 4290              		.loc 1 1624 7 view .LVU1212
 4291 00a6 0268     		ldr	r2, [r0]
 4292 00a8 D368     		ldr	r3, [r2, #12]
 4293 00aa 23F48053 		bic	r3, r3, #4096
 4294 00ae D360     		str	r3, [r2, #12]
1625:platform/HAL/src/stm32g4xx_hal_tim_ex.c ****       break;
ARM GAS  /tmp/cchCrvCd.s 			page 161


 4295              		.loc 1 1625 7 view .LVU1213
1625:platform/HAL/src/stm32g4xx_hal_tim_ex.c ****       break;
 4296              		.loc 1 1625 13 is_stmt 0 view .LVU1214
 4297 00b0 006B     		ldr	r0, [r0, #48]
 4298              	.LVL268:
1625:platform/HAL/src/stm32g4xx_hal_tim_ex.c ****       break;
 4299              		.loc 1 1625 13 view .LVU1215
 4300 00b2 FFF7FEFF 		bl	HAL_DMA_Abort_IT
 4301              	.LVL269:
1626:platform/HAL/src/stm32g4xx_hal_tim_ex.c ****     }
 4302              		.loc 1 1626 7 is_stmt 1 view .LVU1216
1634:platform/HAL/src/stm32g4xx_hal_tim_ex.c ****   {
 4303              		.loc 1 1634 3 view .LVU1217
 4304 00b6 B9E7     		b	.L357
 4305              	.L360:
1646:platform/HAL/src/stm32g4xx_hal_tim_ex.c ****   }
 4306              		.loc 1 1646 5 is_stmt 0 discriminator 2 view .LVU1218
 4307 00b8 042C     		cmp	r4, #4
 4308 00ba 06D0     		beq	.L365
1646:platform/HAL/src/stm32g4xx_hal_tim_ex.c ****   }
 4309              		.loc 1 1646 5 discriminator 4 view .LVU1219
 4310 00bc 082C     		cmp	r4, #8
 4311 00be 09D0     		beq	.L366
1646:platform/HAL/src/stm32g4xx_hal_tim_ex.c ****   }
 4312              		.loc 1 1646 5 discriminator 7 view .LVU1220
 4313 00c0 0123     		movs	r3, #1
 4314 00c2 85F84730 		strb	r3, [r5, #71]
 4315 00c6 0020     		movs	r0, #0
 4316 00c8 0AE0     		b	.L351
 4317              	.L365:
1646:platform/HAL/src/stm32g4xx_hal_tim_ex.c ****   }
 4318              		.loc 1 1646 5 discriminator 3 view .LVU1221
 4319 00ca 0123     		movs	r3, #1
 4320 00cc 85F84530 		strb	r3, [r5, #69]
 4321 00d0 0020     		movs	r0, #0
 4322 00d2 05E0     		b	.L351
 4323              	.L366:
1646:platform/HAL/src/stm32g4xx_hal_tim_ex.c ****   }
 4324              		.loc 1 1646 5 discriminator 6 view .LVU1222
 4325 00d4 0123     		movs	r3, #1
 4326 00d6 85F84630 		strb	r3, [r5, #70]
 4327 00da 0020     		movs	r0, #0
 4328 00dc 00E0     		b	.L351
 4329              	.LVL270:
 4330              	.L363:
1595:platform/HAL/src/stm32g4xx_hal_tim_ex.c ****   {
 4331              		.loc 1 1595 3 view .LVU1223
 4332 00de 0120     		movs	r0, #1
 4333              	.LVL271:
 4334              	.L351:
1650:platform/HAL/src/stm32g4xx_hal_tim_ex.c **** }
 4335              		.loc 1 1650 3 is_stmt 1 view .LVU1224
1651:platform/HAL/src/stm32g4xx_hal_tim_ex.c **** 
 4336              		.loc 1 1651 1 is_stmt 0 view .LVU1225
 4337 00e0 38BD     		pop	{r3, r4, r5, pc}
1651:platform/HAL/src/stm32g4xx_hal_tim_ex.c **** 
 4338              		.loc 1 1651 1 view .LVU1226
ARM GAS  /tmp/cchCrvCd.s 			page 162


 4339              		.cfi_endproc
 4340              	.LFE350:
 4342              		.section	.text.HAL_TIMEx_OnePulseN_Start,"ax",%progbits
 4343              		.align	1
 4344              		.global	HAL_TIMEx_OnePulseN_Start
 4345              		.syntax unified
 4346              		.thumb
 4347              		.thumb_func
 4349              	HAL_TIMEx_OnePulseN_Start:
 4350              	.LVL272:
 4351              	.LFB351:
1688:platform/HAL/src/stm32g4xx_hal_tim_ex.c ****   uint32_t input_channel = (OutputChannel == TIM_CHANNEL_1) ? TIM_CHANNEL_2 : TIM_CHANNEL_1;
 4352              		.loc 1 1688 1 is_stmt 1 view -0
 4353              		.cfi_startproc
 4354              		@ args = 0, pretend = 0, frame = 0
 4355              		@ frame_needed = 0, uses_anonymous_args = 0
1688:platform/HAL/src/stm32g4xx_hal_tim_ex.c ****   uint32_t input_channel = (OutputChannel == TIM_CHANNEL_1) ? TIM_CHANNEL_2 : TIM_CHANNEL_1;
 4356              		.loc 1 1688 1 is_stmt 0 view .LVU1228
 4357 0000 70B5     		push	{r4, r5, r6, lr}
 4358              	.LCFI26:
 4359              		.cfi_def_cfa_offset 16
 4360              		.cfi_offset 4, -16
 4361              		.cfi_offset 5, -12
 4362              		.cfi_offset 6, -8
 4363              		.cfi_offset 14, -4
 4364 0002 0446     		mov	r4, r0
1689:platform/HAL/src/stm32g4xx_hal_tim_ex.c ****   HAL_TIM_ChannelStateTypeDef channel_1_state = TIM_CHANNEL_STATE_GET(htim, TIM_CHANNEL_1);
 4365              		.loc 1 1689 3 is_stmt 1 view .LVU1229
1689:platform/HAL/src/stm32g4xx_hal_tim_ex.c ****   HAL_TIM_ChannelStateTypeDef channel_1_state = TIM_CHANNEL_STATE_GET(htim, TIM_CHANNEL_1);
 4366              		.loc 1 1689 77 is_stmt 0 view .LVU1230
 4367 0004 0E46     		mov	r6, r1
 4368 0006 D1B9     		cbnz	r1, .L370
1689:platform/HAL/src/stm32g4xx_hal_tim_ex.c ****   HAL_TIM_ChannelStateTypeDef channel_1_state = TIM_CHANNEL_STATE_GET(htim, TIM_CHANNEL_1);
 4369              		.loc 1 1689 77 discriminator 1 view .LVU1231
 4370 0008 0425     		movs	r5, #4
 4371              	.L368:
 4372              	.LVL273:
1690:platform/HAL/src/stm32g4xx_hal_tim_ex.c ****   HAL_TIM_ChannelStateTypeDef channel_2_state = TIM_CHANNEL_STATE_GET(htim, TIM_CHANNEL_2);
 4373              		.loc 1 1690 3 is_stmt 1 view .LVU1232
1690:platform/HAL/src/stm32g4xx_hal_tim_ex.c ****   HAL_TIM_ChannelStateTypeDef channel_2_state = TIM_CHANNEL_STATE_GET(htim, TIM_CHANNEL_2);
 4374              		.loc 1 1690 31 is_stmt 0 view .LVU1233
 4375 000a 94F83EE0 		ldrb	lr, [r4, #62]	@ zero_extendqisi2
 4376 000e 5FFA8EF0 		uxtb	r0, lr
 4377              	.LVL274:
1691:platform/HAL/src/stm32g4xx_hal_tim_ex.c ****   HAL_TIM_ChannelStateTypeDef complementary_channel_1_state = TIM_CHANNEL_N_STATE_GET(htim, TIM_CHA
 4378              		.loc 1 1691 3 is_stmt 1 view .LVU1234
1691:platform/HAL/src/stm32g4xx_hal_tim_ex.c ****   HAL_TIM_ChannelStateTypeDef complementary_channel_1_state = TIM_CHANNEL_N_STATE_GET(htim, TIM_CHA
 4379              		.loc 1 1691 31 is_stmt 0 view .LVU1235
 4380 0012 94F83F30 		ldrb	r3, [r4, #63]	@ zero_extendqisi2
 4381 0016 DBB2     		uxtb	r3, r3
 4382              	.LVL275:
1692:platform/HAL/src/stm32g4xx_hal_tim_ex.c ****   HAL_TIM_ChannelStateTypeDef complementary_channel_2_state = TIM_CHANNEL_N_STATE_GET(htim, TIM_CHA
 4383              		.loc 1 1692 3 is_stmt 1 view .LVU1236
1692:platform/HAL/src/stm32g4xx_hal_tim_ex.c ****   HAL_TIM_ChannelStateTypeDef complementary_channel_2_state = TIM_CHANNEL_N_STATE_GET(htim, TIM_CHA
 4384              		.loc 1 1692 31 is_stmt 0 view .LVU1237
 4385 0018 94F84420 		ldrb	r2, [r4, #68]	@ zero_extendqisi2
 4386 001c D2B2     		uxtb	r2, r2
ARM GAS  /tmp/cchCrvCd.s 			page 163


 4387              	.LVL276:
1693:platform/HAL/src/stm32g4xx_hal_tim_ex.c **** 
 4388              		.loc 1 1693 3 is_stmt 1 view .LVU1238
1693:platform/HAL/src/stm32g4xx_hal_tim_ex.c **** 
 4389              		.loc 1 1693 31 is_stmt 0 view .LVU1239
 4390 001e 94F845C0 		ldrb	ip, [r4, #69]	@ zero_extendqisi2
 4391 0022 5FFA8CFC 		uxtb	ip, ip
 4392              	.LVL277:
1696:platform/HAL/src/stm32g4xx_hal_tim_ex.c **** 
 4393              		.loc 1 1696 3 is_stmt 1 view .LVU1240
1699:platform/HAL/src/stm32g4xx_hal_tim_ex.c ****       || (channel_2_state != HAL_TIM_CHANNEL_STATE_READY)
 4394              		.loc 1 1699 3 view .LVU1241
1699:platform/HAL/src/stm32g4xx_hal_tim_ex.c ****       || (channel_2_state != HAL_TIM_CHANNEL_STATE_READY)
 4395              		.loc 1 1699 6 is_stmt 0 view .LVU1242
 4396 0026 BEF1010F 		cmp	lr, #1
 4397 002a 24D1     		bne	.L371
1700:platform/HAL/src/stm32g4xx_hal_tim_ex.c ****       || (complementary_channel_1_state != HAL_TIM_CHANNEL_STATE_READY)
 4398              		.loc 1 1700 7 view .LVU1243
 4399 002c 012B     		cmp	r3, #1
 4400 002e 23D1     		bne	.L369
1701:platform/HAL/src/stm32g4xx_hal_tim_ex.c ****       || (complementary_channel_2_state != HAL_TIM_CHANNEL_STATE_READY))
 4401              		.loc 1 1701 7 view .LVU1244
 4402 0030 012A     		cmp	r2, #1
 4403 0032 22D1     		bne	.L372
1702:platform/HAL/src/stm32g4xx_hal_tim_ex.c ****   {
 4404              		.loc 1 1702 7 view .LVU1245
 4405 0034 BCF1010F 		cmp	ip, #1
 4406 0038 03D0     		beq	.L375
1704:platform/HAL/src/stm32g4xx_hal_tim_ex.c ****   }
 4407              		.loc 1 1704 12 view .LVU1246
 4408 003a 1046     		mov	r0, r2
 4409              	.LVL278:
1704:platform/HAL/src/stm32g4xx_hal_tim_ex.c ****   }
 4410              		.loc 1 1704 12 view .LVU1247
 4411 003c 1CE0     		b	.L369
 4412              	.LVL279:
 4413              	.L370:
1689:platform/HAL/src/stm32g4xx_hal_tim_ex.c ****   HAL_TIM_ChannelStateTypeDef channel_1_state = TIM_CHANNEL_STATE_GET(htim, TIM_CHANNEL_1);
 4414              		.loc 1 1689 77 discriminator 2 view .LVU1248
 4415 003e 0025     		movs	r5, #0
 4416 0040 E3E7     		b	.L368
 4417              	.LVL280:
 4418              	.L375:
1708:platform/HAL/src/stm32g4xx_hal_tim_ex.c ****   TIM_CHANNEL_STATE_SET(htim, TIM_CHANNEL_2, HAL_TIM_CHANNEL_STATE_BUSY);
 4419              		.loc 1 1708 3 is_stmt 1 view .LVU1249
 4420 0042 0223     		movs	r3, #2
 4421              	.LVL281:
1708:platform/HAL/src/stm32g4xx_hal_tim_ex.c ****   TIM_CHANNEL_STATE_SET(htim, TIM_CHANNEL_2, HAL_TIM_CHANNEL_STATE_BUSY);
 4422              		.loc 1 1708 3 is_stmt 0 view .LVU1250
 4423 0044 84F83E30 		strb	r3, [r4, #62]
1709:platform/HAL/src/stm32g4xx_hal_tim_ex.c ****   TIM_CHANNEL_N_STATE_SET(htim, TIM_CHANNEL_1, HAL_TIM_CHANNEL_STATE_BUSY);
 4424              		.loc 1 1709 3 is_stmt 1 view .LVU1251
 4425 0048 84F83F30 		strb	r3, [r4, #63]
1710:platform/HAL/src/stm32g4xx_hal_tim_ex.c ****   TIM_CHANNEL_N_STATE_SET(htim, TIM_CHANNEL_2, HAL_TIM_CHANNEL_STATE_BUSY);
 4426              		.loc 1 1710 3 view .LVU1252
 4427 004c 84F84430 		strb	r3, [r4, #68]
1711:platform/HAL/src/stm32g4xx_hal_tim_ex.c **** 
ARM GAS  /tmp/cchCrvCd.s 			page 164


 4428              		.loc 1 1711 3 view .LVU1253
 4429 0050 84F84530 		strb	r3, [r4, #69]
1714:platform/HAL/src/stm32g4xx_hal_tim_ex.c ****   TIM_CCxChannelCmd(htim->Instance, input_channel, TIM_CCx_ENABLE);
 4430              		.loc 1 1714 3 view .LVU1254
 4431 0054 0422     		movs	r2, #4
 4432              	.LVL282:
1714:platform/HAL/src/stm32g4xx_hal_tim_ex.c ****   TIM_CCxChannelCmd(htim->Instance, input_channel, TIM_CCx_ENABLE);
 4433              		.loc 1 1714 3 is_stmt 0 view .LVU1255
 4434 0056 3146     		mov	r1, r6
 4435              	.LVL283:
1714:platform/HAL/src/stm32g4xx_hal_tim_ex.c ****   TIM_CCxChannelCmd(htim->Instance, input_channel, TIM_CCx_ENABLE);
 4436              		.loc 1 1714 3 view .LVU1256
 4437 0058 2068     		ldr	r0, [r4]
 4438              	.LVL284:
1714:platform/HAL/src/stm32g4xx_hal_tim_ex.c ****   TIM_CCxChannelCmd(htim->Instance, input_channel, TIM_CCx_ENABLE);
 4439              		.loc 1 1714 3 view .LVU1257
 4440 005a FFF7FEFF 		bl	TIM_CCxNChannelCmd
 4441              	.LVL285:
1715:platform/HAL/src/stm32g4xx_hal_tim_ex.c **** 
 4442              		.loc 1 1715 3 is_stmt 1 view .LVU1258
 4443 005e 0122     		movs	r2, #1
 4444 0060 2946     		mov	r1, r5
 4445 0062 2068     		ldr	r0, [r4]
 4446 0064 FFF7FEFF 		bl	TIM_CCxChannelCmd
 4447              	.LVL286:
1718:platform/HAL/src/stm32g4xx_hal_tim_ex.c **** 
 4448              		.loc 1 1718 3 view .LVU1259
 4449 0068 2268     		ldr	r2, [r4]
 4450 006a 536C     		ldr	r3, [r2, #68]
 4451 006c 43F40043 		orr	r3, r3, #32768
 4452 0070 5364     		str	r3, [r2, #68]
1721:platform/HAL/src/stm32g4xx_hal_tim_ex.c **** }
 4453              		.loc 1 1721 3 view .LVU1260
1721:platform/HAL/src/stm32g4xx_hal_tim_ex.c **** }
 4454              		.loc 1 1721 10 is_stmt 0 view .LVU1261
 4455 0072 0020     		movs	r0, #0
 4456 0074 00E0     		b	.L369
 4457              	.LVL287:
 4458              	.L371:
1704:platform/HAL/src/stm32g4xx_hal_tim_ex.c ****   }
 4459              		.loc 1 1704 12 view .LVU1262
 4460 0076 0120     		movs	r0, #1
 4461              	.LVL288:
 4462              	.L369:
1722:platform/HAL/src/stm32g4xx_hal_tim_ex.c **** 
 4463              		.loc 1 1722 1 view .LVU1263
 4464 0078 70BD     		pop	{r4, r5, r6, pc}
 4465              	.LVL289:
 4466              	.L372:
1704:platform/HAL/src/stm32g4xx_hal_tim_ex.c ****   }
 4467              		.loc 1 1704 12 view .LVU1264
 4468 007a 1846     		mov	r0, r3
 4469              	.LVL290:
1704:platform/HAL/src/stm32g4xx_hal_tim_ex.c ****   }
 4470              		.loc 1 1704 12 view .LVU1265
 4471 007c FCE7     		b	.L369
 4472              		.cfi_endproc
ARM GAS  /tmp/cchCrvCd.s 			page 165


 4473              	.LFE351:
 4475              		.section	.text.HAL_TIMEx_OnePulseN_Stop,"ax",%progbits
 4476              		.align	1
 4477              		.global	HAL_TIMEx_OnePulseN_Stop
 4478              		.syntax unified
 4479              		.thumb
 4480              		.thumb_func
 4482              	HAL_TIMEx_OnePulseN_Stop:
 4483              	.LVL291:
 4484              	.LFB352:
1737:platform/HAL/src/stm32g4xx_hal_tim_ex.c ****   uint32_t input_channel = (OutputChannel == TIM_CHANNEL_1) ? TIM_CHANNEL_2 : TIM_CHANNEL_1;
 4485              		.loc 1 1737 1 is_stmt 1 view -0
 4486              		.cfi_startproc
 4487              		@ args = 0, pretend = 0, frame = 0
 4488              		@ frame_needed = 0, uses_anonymous_args = 0
1737:platform/HAL/src/stm32g4xx_hal_tim_ex.c ****   uint32_t input_channel = (OutputChannel == TIM_CHANNEL_1) ? TIM_CHANNEL_2 : TIM_CHANNEL_1;
 4489              		.loc 1 1737 1 is_stmt 0 view .LVU1267
 4490 0000 38B5     		push	{r3, r4, r5, lr}
 4491              	.LCFI27:
 4492              		.cfi_def_cfa_offset 16
 4493              		.cfi_offset 3, -16
 4494              		.cfi_offset 4, -12
 4495              		.cfi_offset 5, -8
 4496              		.cfi_offset 14, -4
 4497 0002 0446     		mov	r4, r0
1738:platform/HAL/src/stm32g4xx_hal_tim_ex.c **** 
 4498              		.loc 1 1738 3 is_stmt 1 view .LVU1268
1738:platform/HAL/src/stm32g4xx_hal_tim_ex.c **** 
 4499              		.loc 1 1738 77 is_stmt 0 view .LVU1269
 4500 0004 0029     		cmp	r1, #0
 4501 0006 34D1     		bne	.L380
1738:platform/HAL/src/stm32g4xx_hal_tim_ex.c **** 
 4502              		.loc 1 1738 77 discriminator 1 view .LVU1270
 4503 0008 0425     		movs	r5, #4
 4504              	.L377:
 4505              	.LVL292:
1741:platform/HAL/src/stm32g4xx_hal_tim_ex.c **** 
 4506              		.loc 1 1741 3 is_stmt 1 view .LVU1271
1744:platform/HAL/src/stm32g4xx_hal_tim_ex.c ****   TIM_CCxChannelCmd(htim->Instance, input_channel, TIM_CCx_DISABLE);
 4507              		.loc 1 1744 3 view .LVU1272
 4508 000a 0022     		movs	r2, #0
 4509 000c 2068     		ldr	r0, [r4]
 4510              	.LVL293:
1744:platform/HAL/src/stm32g4xx_hal_tim_ex.c ****   TIM_CCxChannelCmd(htim->Instance, input_channel, TIM_CCx_DISABLE);
 4511              		.loc 1 1744 3 is_stmt 0 view .LVU1273
 4512 000e FFF7FEFF 		bl	TIM_CCxNChannelCmd
 4513              	.LVL294:
1745:platform/HAL/src/stm32g4xx_hal_tim_ex.c **** 
 4514              		.loc 1 1745 3 is_stmt 1 view .LVU1274
 4515 0012 0022     		movs	r2, #0
 4516 0014 2946     		mov	r1, r5
 4517 0016 2068     		ldr	r0, [r4]
 4518 0018 FFF7FEFF 		bl	TIM_CCxChannelCmd
 4519              	.LVL295:
1748:platform/HAL/src/stm32g4xx_hal_tim_ex.c **** 
 4520              		.loc 1 1748 3 view .LVU1275
1748:platform/HAL/src/stm32g4xx_hal_tim_ex.c **** 
ARM GAS  /tmp/cchCrvCd.s 			page 166


 4521              		.loc 1 1748 3 view .LVU1276
 4522 001c 2268     		ldr	r2, [r4]
 4523 001e 136A     		ldr	r3, [r2, #32]
 4524 0020 03F01133 		and	r3, r3, #286331153
 4525 0024 23F08853 		bic	r3, r3, #285212672
 4526 0028 43B9     		cbnz	r3, .L378
1748:platform/HAL/src/stm32g4xx_hal_tim_ex.c **** 
 4527              		.loc 1 1748 3 discriminator 1 view .LVU1277
 4528 002a 116A     		ldr	r1, [r2, #32]
 4529 002c 44F24443 		movw	r3, #17476
 4530 0030 1942     		tst	r1, r3
 4531 0032 03D1     		bne	.L378
1748:platform/HAL/src/stm32g4xx_hal_tim_ex.c **** 
 4532              		.loc 1 1748 3 discriminator 3 view .LVU1278
 4533 0034 536C     		ldr	r3, [r2, #68]
 4534 0036 23F40043 		bic	r3, r3, #32768
 4535 003a 5364     		str	r3, [r2, #68]
 4536              	.L378:
1748:platform/HAL/src/stm32g4xx_hal_tim_ex.c **** 
 4537              		.loc 1 1748 3 discriminator 5 view .LVU1279
1751:platform/HAL/src/stm32g4xx_hal_tim_ex.c **** 
 4538              		.loc 1 1751 3 view .LVU1280
1751:platform/HAL/src/stm32g4xx_hal_tim_ex.c **** 
 4539              		.loc 1 1751 3 view .LVU1281
 4540 003c 2268     		ldr	r2, [r4]
 4541 003e 136A     		ldr	r3, [r2, #32]
 4542 0040 03F01133 		and	r3, r3, #286331153
 4543 0044 23F08853 		bic	r3, r3, #285212672
 4544 0048 43B9     		cbnz	r3, .L379
1751:platform/HAL/src/stm32g4xx_hal_tim_ex.c **** 
 4545              		.loc 1 1751 3 discriminator 1 view .LVU1282
 4546 004a 116A     		ldr	r1, [r2, #32]
 4547 004c 44F24443 		movw	r3, #17476
 4548 0050 1942     		tst	r1, r3
 4549 0052 03D1     		bne	.L379
1751:platform/HAL/src/stm32g4xx_hal_tim_ex.c **** 
 4550              		.loc 1 1751 3 discriminator 3 view .LVU1283
 4551 0054 1368     		ldr	r3, [r2]
 4552 0056 23F00103 		bic	r3, r3, #1
 4553 005a 1360     		str	r3, [r2]
 4554              	.L379:
1751:platform/HAL/src/stm32g4xx_hal_tim_ex.c **** 
 4555              		.loc 1 1751 3 discriminator 5 view .LVU1284
1754:platform/HAL/src/stm32g4xx_hal_tim_ex.c ****   TIM_CHANNEL_STATE_SET(htim, TIM_CHANNEL_2, HAL_TIM_CHANNEL_STATE_READY);
 4556              		.loc 1 1754 3 view .LVU1285
 4557 005c 0123     		movs	r3, #1
 4558 005e 84F83E30 		strb	r3, [r4, #62]
1755:platform/HAL/src/stm32g4xx_hal_tim_ex.c ****   TIM_CHANNEL_N_STATE_SET(htim, TIM_CHANNEL_1, HAL_TIM_CHANNEL_STATE_READY);
 4559              		.loc 1 1755 3 view .LVU1286
 4560 0062 84F83F30 		strb	r3, [r4, #63]
1756:platform/HAL/src/stm32g4xx_hal_tim_ex.c ****   TIM_CHANNEL_N_STATE_SET(htim, TIM_CHANNEL_2, HAL_TIM_CHANNEL_STATE_READY);
 4561              		.loc 1 1756 3 view .LVU1287
 4562 0066 84F84430 		strb	r3, [r4, #68]
1757:platform/HAL/src/stm32g4xx_hal_tim_ex.c **** 
 4563              		.loc 1 1757 3 view .LVU1288
 4564 006a 84F84530 		strb	r3, [r4, #69]
1760:platform/HAL/src/stm32g4xx_hal_tim_ex.c **** }
ARM GAS  /tmp/cchCrvCd.s 			page 167


 4565              		.loc 1 1760 3 view .LVU1289
1761:platform/HAL/src/stm32g4xx_hal_tim_ex.c **** 
 4566              		.loc 1 1761 1 is_stmt 0 view .LVU1290
 4567 006e 0020     		movs	r0, #0
 4568 0070 38BD     		pop	{r3, r4, r5, pc}
 4569              	.LVL296:
 4570              	.L380:
1738:platform/HAL/src/stm32g4xx_hal_tim_ex.c **** 
 4571              		.loc 1 1738 77 discriminator 2 view .LVU1291
 4572 0072 0025     		movs	r5, #0
 4573 0074 C9E7     		b	.L377
 4574              		.cfi_endproc
 4575              	.LFE352:
 4577              		.section	.text.HAL_TIMEx_OnePulseN_Start_IT,"ax",%progbits
 4578              		.align	1
 4579              		.global	HAL_TIMEx_OnePulseN_Start_IT
 4580              		.syntax unified
 4581              		.thumb
 4582              		.thumb_func
 4584              	HAL_TIMEx_OnePulseN_Start_IT:
 4585              	.LVL297:
 4586              	.LFB353:
1776:platform/HAL/src/stm32g4xx_hal_tim_ex.c ****   uint32_t input_channel = (OutputChannel == TIM_CHANNEL_1) ? TIM_CHANNEL_2 : TIM_CHANNEL_1;
 4587              		.loc 1 1776 1 is_stmt 1 view -0
 4588              		.cfi_startproc
 4589              		@ args = 0, pretend = 0, frame = 0
 4590              		@ frame_needed = 0, uses_anonymous_args = 0
1776:platform/HAL/src/stm32g4xx_hal_tim_ex.c ****   uint32_t input_channel = (OutputChannel == TIM_CHANNEL_1) ? TIM_CHANNEL_2 : TIM_CHANNEL_1;
 4591              		.loc 1 1776 1 is_stmt 0 view .LVU1293
 4592 0000 70B5     		push	{r4, r5, r6, lr}
 4593              	.LCFI28:
 4594              		.cfi_def_cfa_offset 16
 4595              		.cfi_offset 4, -16
 4596              		.cfi_offset 5, -12
 4597              		.cfi_offset 6, -8
 4598              		.cfi_offset 14, -4
 4599 0002 0446     		mov	r4, r0
1777:platform/HAL/src/stm32g4xx_hal_tim_ex.c ****   HAL_TIM_ChannelStateTypeDef channel_1_state = TIM_CHANNEL_STATE_GET(htim, TIM_CHANNEL_1);
 4600              		.loc 1 1777 3 is_stmt 1 view .LVU1294
1777:platform/HAL/src/stm32g4xx_hal_tim_ex.c ****   HAL_TIM_ChannelStateTypeDef channel_1_state = TIM_CHANNEL_STATE_GET(htim, TIM_CHANNEL_1);
 4601              		.loc 1 1777 77 is_stmt 0 view .LVU1295
 4602 0004 0E46     		mov	r6, r1
 4603 0006 D1B9     		cbnz	r1, .L385
1777:platform/HAL/src/stm32g4xx_hal_tim_ex.c ****   HAL_TIM_ChannelStateTypeDef channel_1_state = TIM_CHANNEL_STATE_GET(htim, TIM_CHANNEL_1);
 4604              		.loc 1 1777 77 discriminator 1 view .LVU1296
 4605 0008 0425     		movs	r5, #4
 4606              	.L383:
 4607              	.LVL298:
1778:platform/HAL/src/stm32g4xx_hal_tim_ex.c ****   HAL_TIM_ChannelStateTypeDef channel_2_state = TIM_CHANNEL_STATE_GET(htim, TIM_CHANNEL_2);
 4608              		.loc 1 1778 3 is_stmt 1 view .LVU1297
1778:platform/HAL/src/stm32g4xx_hal_tim_ex.c ****   HAL_TIM_ChannelStateTypeDef channel_2_state = TIM_CHANNEL_STATE_GET(htim, TIM_CHANNEL_2);
 4609              		.loc 1 1778 31 is_stmt 0 view .LVU1298
 4610 000a 94F83EE0 		ldrb	lr, [r4, #62]	@ zero_extendqisi2
 4611 000e 5FFA8EF0 		uxtb	r0, lr
 4612              	.LVL299:
1779:platform/HAL/src/stm32g4xx_hal_tim_ex.c ****   HAL_TIM_ChannelStateTypeDef complementary_channel_1_state = TIM_CHANNEL_N_STATE_GET(htim, TIM_CHA
 4613              		.loc 1 1779 3 is_stmt 1 view .LVU1299
ARM GAS  /tmp/cchCrvCd.s 			page 168


1779:platform/HAL/src/stm32g4xx_hal_tim_ex.c ****   HAL_TIM_ChannelStateTypeDef complementary_channel_1_state = TIM_CHANNEL_N_STATE_GET(htim, TIM_CHA
 4614              		.loc 1 1779 31 is_stmt 0 view .LVU1300
 4615 0012 94F83F30 		ldrb	r3, [r4, #63]	@ zero_extendqisi2
 4616 0016 DBB2     		uxtb	r3, r3
 4617              	.LVL300:
1780:platform/HAL/src/stm32g4xx_hal_tim_ex.c ****   HAL_TIM_ChannelStateTypeDef complementary_channel_2_state = TIM_CHANNEL_N_STATE_GET(htim, TIM_CHA
 4618              		.loc 1 1780 3 is_stmt 1 view .LVU1301
1780:platform/HAL/src/stm32g4xx_hal_tim_ex.c ****   HAL_TIM_ChannelStateTypeDef complementary_channel_2_state = TIM_CHANNEL_N_STATE_GET(htim, TIM_CHA
 4619              		.loc 1 1780 31 is_stmt 0 view .LVU1302
 4620 0018 94F84420 		ldrb	r2, [r4, #68]	@ zero_extendqisi2
 4621 001c D2B2     		uxtb	r2, r2
 4622              	.LVL301:
1781:platform/HAL/src/stm32g4xx_hal_tim_ex.c **** 
 4623              		.loc 1 1781 3 is_stmt 1 view .LVU1303
1781:platform/HAL/src/stm32g4xx_hal_tim_ex.c **** 
 4624              		.loc 1 1781 31 is_stmt 0 view .LVU1304
 4625 001e 94F845C0 		ldrb	ip, [r4, #69]	@ zero_extendqisi2
 4626 0022 5FFA8CFC 		uxtb	ip, ip
 4627              	.LVL302:
1784:platform/HAL/src/stm32g4xx_hal_tim_ex.c **** 
 4628              		.loc 1 1784 3 is_stmt 1 view .LVU1305
1787:platform/HAL/src/stm32g4xx_hal_tim_ex.c ****       || (channel_2_state != HAL_TIM_CHANNEL_STATE_READY)
 4629              		.loc 1 1787 3 view .LVU1306
1787:platform/HAL/src/stm32g4xx_hal_tim_ex.c ****       || (channel_2_state != HAL_TIM_CHANNEL_STATE_READY)
 4630              		.loc 1 1787 6 is_stmt 0 view .LVU1307
 4631 0026 BEF1010F 		cmp	lr, #1
 4632 002a 2ED1     		bne	.L386
1788:platform/HAL/src/stm32g4xx_hal_tim_ex.c ****       || (complementary_channel_1_state != HAL_TIM_CHANNEL_STATE_READY)
 4633              		.loc 1 1788 7 view .LVU1308
 4634 002c 012B     		cmp	r3, #1
 4635 002e 2DD1     		bne	.L384
1789:platform/HAL/src/stm32g4xx_hal_tim_ex.c ****       || (complementary_channel_2_state != HAL_TIM_CHANNEL_STATE_READY))
 4636              		.loc 1 1789 7 view .LVU1309
 4637 0030 012A     		cmp	r2, #1
 4638 0032 2CD1     		bne	.L387
1790:platform/HAL/src/stm32g4xx_hal_tim_ex.c ****   {
 4639              		.loc 1 1790 7 view .LVU1310
 4640 0034 BCF1010F 		cmp	ip, #1
 4641 0038 03D0     		beq	.L390
1792:platform/HAL/src/stm32g4xx_hal_tim_ex.c ****   }
 4642              		.loc 1 1792 12 view .LVU1311
 4643 003a 1046     		mov	r0, r2
 4644              	.LVL303:
1792:platform/HAL/src/stm32g4xx_hal_tim_ex.c ****   }
 4645              		.loc 1 1792 12 view .LVU1312
 4646 003c 26E0     		b	.L384
 4647              	.LVL304:
 4648              	.L385:
1777:platform/HAL/src/stm32g4xx_hal_tim_ex.c ****   HAL_TIM_ChannelStateTypeDef channel_1_state = TIM_CHANNEL_STATE_GET(htim, TIM_CHANNEL_1);
 4649              		.loc 1 1777 77 discriminator 2 view .LVU1313
 4650 003e 0025     		movs	r5, #0
 4651 0040 E3E7     		b	.L383
 4652              	.LVL305:
 4653              	.L390:
1796:platform/HAL/src/stm32g4xx_hal_tim_ex.c ****   TIM_CHANNEL_STATE_SET(htim, TIM_CHANNEL_2, HAL_TIM_CHANNEL_STATE_BUSY);
 4654              		.loc 1 1796 3 is_stmt 1 view .LVU1314
 4655 0042 0223     		movs	r3, #2
ARM GAS  /tmp/cchCrvCd.s 			page 169


 4656              	.LVL306:
1796:platform/HAL/src/stm32g4xx_hal_tim_ex.c ****   TIM_CHANNEL_STATE_SET(htim, TIM_CHANNEL_2, HAL_TIM_CHANNEL_STATE_BUSY);
 4657              		.loc 1 1796 3 is_stmt 0 view .LVU1315
 4658 0044 84F83E30 		strb	r3, [r4, #62]
1797:platform/HAL/src/stm32g4xx_hal_tim_ex.c ****   TIM_CHANNEL_N_STATE_SET(htim, TIM_CHANNEL_1, HAL_TIM_CHANNEL_STATE_BUSY);
 4659              		.loc 1 1797 3 is_stmt 1 view .LVU1316
 4660 0048 84F83F30 		strb	r3, [r4, #63]
1798:platform/HAL/src/stm32g4xx_hal_tim_ex.c ****   TIM_CHANNEL_N_STATE_SET(htim, TIM_CHANNEL_2, HAL_TIM_CHANNEL_STATE_BUSY);
 4661              		.loc 1 1798 3 view .LVU1317
 4662 004c 84F84430 		strb	r3, [r4, #68]
1799:platform/HAL/src/stm32g4xx_hal_tim_ex.c **** 
 4663              		.loc 1 1799 3 view .LVU1318
 4664 0050 84F84530 		strb	r3, [r4, #69]
1802:platform/HAL/src/stm32g4xx_hal_tim_ex.c **** 
 4665              		.loc 1 1802 3 view .LVU1319
 4666 0054 2268     		ldr	r2, [r4]
 4667              	.LVL307:
1802:platform/HAL/src/stm32g4xx_hal_tim_ex.c **** 
 4668              		.loc 1 1802 3 is_stmt 0 view .LVU1320
 4669 0056 D368     		ldr	r3, [r2, #12]
 4670 0058 43F00203 		orr	r3, r3, #2
 4671 005c D360     		str	r3, [r2, #12]
1805:platform/HAL/src/stm32g4xx_hal_tim_ex.c **** 
 4672              		.loc 1 1805 3 is_stmt 1 view .LVU1321
 4673 005e 2268     		ldr	r2, [r4]
 4674 0060 D368     		ldr	r3, [r2, #12]
 4675 0062 43F00403 		orr	r3, r3, #4
 4676 0066 D360     		str	r3, [r2, #12]
1808:platform/HAL/src/stm32g4xx_hal_tim_ex.c ****   TIM_CCxChannelCmd(htim->Instance, input_channel, TIM_CCx_ENABLE);
 4677              		.loc 1 1808 3 view .LVU1322
 4678 0068 0422     		movs	r2, #4
 4679 006a 3146     		mov	r1, r6
 4680              	.LVL308:
1808:platform/HAL/src/stm32g4xx_hal_tim_ex.c ****   TIM_CCxChannelCmd(htim->Instance, input_channel, TIM_CCx_ENABLE);
 4681              		.loc 1 1808 3 is_stmt 0 view .LVU1323
 4682 006c 2068     		ldr	r0, [r4]
 4683              	.LVL309:
1808:platform/HAL/src/stm32g4xx_hal_tim_ex.c ****   TIM_CCxChannelCmd(htim->Instance, input_channel, TIM_CCx_ENABLE);
 4684              		.loc 1 1808 3 view .LVU1324
 4685 006e FFF7FEFF 		bl	TIM_CCxNChannelCmd
 4686              	.LVL310:
1809:platform/HAL/src/stm32g4xx_hal_tim_ex.c **** 
 4687              		.loc 1 1809 3 is_stmt 1 view .LVU1325
 4688 0072 0122     		movs	r2, #1
 4689 0074 2946     		mov	r1, r5
 4690 0076 2068     		ldr	r0, [r4]
 4691 0078 FFF7FEFF 		bl	TIM_CCxChannelCmd
 4692              	.LVL311:
1812:platform/HAL/src/stm32g4xx_hal_tim_ex.c **** 
 4693              		.loc 1 1812 3 view .LVU1326
 4694 007c 2268     		ldr	r2, [r4]
 4695 007e 536C     		ldr	r3, [r2, #68]
 4696 0080 43F40043 		orr	r3, r3, #32768
 4697 0084 5364     		str	r3, [r2, #68]
1815:platform/HAL/src/stm32g4xx_hal_tim_ex.c **** }
 4698              		.loc 1 1815 3 view .LVU1327
1815:platform/HAL/src/stm32g4xx_hal_tim_ex.c **** }
ARM GAS  /tmp/cchCrvCd.s 			page 170


 4699              		.loc 1 1815 10 is_stmt 0 view .LVU1328
 4700 0086 0020     		movs	r0, #0
 4701 0088 00E0     		b	.L384
 4702              	.LVL312:
 4703              	.L386:
1792:platform/HAL/src/stm32g4xx_hal_tim_ex.c ****   }
 4704              		.loc 1 1792 12 view .LVU1329
 4705 008a 0120     		movs	r0, #1
 4706              	.LVL313:
 4707              	.L384:
1816:platform/HAL/src/stm32g4xx_hal_tim_ex.c **** 
 4708              		.loc 1 1816 1 view .LVU1330
 4709 008c 70BD     		pop	{r4, r5, r6, pc}
 4710              	.LVL314:
 4711              	.L387:
1792:platform/HAL/src/stm32g4xx_hal_tim_ex.c ****   }
 4712              		.loc 1 1792 12 view .LVU1331
 4713 008e 1846     		mov	r0, r3
 4714              	.LVL315:
1792:platform/HAL/src/stm32g4xx_hal_tim_ex.c ****   }
 4715              		.loc 1 1792 12 view .LVU1332
 4716 0090 FCE7     		b	.L384
 4717              		.cfi_endproc
 4718              	.LFE353:
 4720              		.section	.text.HAL_TIMEx_OnePulseN_Stop_IT,"ax",%progbits
 4721              		.align	1
 4722              		.global	HAL_TIMEx_OnePulseN_Stop_IT
 4723              		.syntax unified
 4724              		.thumb
 4725              		.thumb_func
 4727              	HAL_TIMEx_OnePulseN_Stop_IT:
 4728              	.LVL316:
 4729              	.LFB354:
1831:platform/HAL/src/stm32g4xx_hal_tim_ex.c ****   uint32_t input_channel = (OutputChannel == TIM_CHANNEL_1) ? TIM_CHANNEL_2 : TIM_CHANNEL_1;
 4730              		.loc 1 1831 1 is_stmt 1 view -0
 4731              		.cfi_startproc
 4732              		@ args = 0, pretend = 0, frame = 0
 4733              		@ frame_needed = 0, uses_anonymous_args = 0
1831:platform/HAL/src/stm32g4xx_hal_tim_ex.c ****   uint32_t input_channel = (OutputChannel == TIM_CHANNEL_1) ? TIM_CHANNEL_2 : TIM_CHANNEL_1;
 4734              		.loc 1 1831 1 is_stmt 0 view .LVU1334
 4735 0000 38B5     		push	{r3, r4, r5, lr}
 4736              	.LCFI29:
 4737              		.cfi_def_cfa_offset 16
 4738              		.cfi_offset 3, -16
 4739              		.cfi_offset 4, -12
 4740              		.cfi_offset 5, -8
 4741              		.cfi_offset 14, -4
 4742 0002 0446     		mov	r4, r0
1832:platform/HAL/src/stm32g4xx_hal_tim_ex.c **** 
 4743              		.loc 1 1832 3 is_stmt 1 view .LVU1335
1832:platform/HAL/src/stm32g4xx_hal_tim_ex.c **** 
 4744              		.loc 1 1832 77 is_stmt 0 view .LVU1336
 4745 0004 0029     		cmp	r1, #0
 4746 0006 3ED1     		bne	.L395
1832:platform/HAL/src/stm32g4xx_hal_tim_ex.c **** 
 4747              		.loc 1 1832 77 discriminator 1 view .LVU1337
 4748 0008 0425     		movs	r5, #4
ARM GAS  /tmp/cchCrvCd.s 			page 171


 4749              	.L392:
 4750              	.LVL317:
1835:platform/HAL/src/stm32g4xx_hal_tim_ex.c **** 
 4751              		.loc 1 1835 3 is_stmt 1 view .LVU1338
1838:platform/HAL/src/stm32g4xx_hal_tim_ex.c **** 
 4752              		.loc 1 1838 3 view .LVU1339
 4753 000a 2268     		ldr	r2, [r4]
 4754 000c D368     		ldr	r3, [r2, #12]
 4755 000e 23F00203 		bic	r3, r3, #2
 4756 0012 D360     		str	r3, [r2, #12]
1841:platform/HAL/src/stm32g4xx_hal_tim_ex.c **** 
 4757              		.loc 1 1841 3 view .LVU1340
 4758 0014 2268     		ldr	r2, [r4]
 4759 0016 D368     		ldr	r3, [r2, #12]
 4760 0018 23F00403 		bic	r3, r3, #4
 4761 001c D360     		str	r3, [r2, #12]
1844:platform/HAL/src/stm32g4xx_hal_tim_ex.c ****   TIM_CCxChannelCmd(htim->Instance, input_channel, TIM_CCx_DISABLE);
 4762              		.loc 1 1844 3 view .LVU1341
 4763 001e 0022     		movs	r2, #0
 4764 0020 2068     		ldr	r0, [r4]
 4765              	.LVL318:
1844:platform/HAL/src/stm32g4xx_hal_tim_ex.c ****   TIM_CCxChannelCmd(htim->Instance, input_channel, TIM_CCx_DISABLE);
 4766              		.loc 1 1844 3 is_stmt 0 view .LVU1342
 4767 0022 FFF7FEFF 		bl	TIM_CCxNChannelCmd
 4768              	.LVL319:
1845:platform/HAL/src/stm32g4xx_hal_tim_ex.c **** 
 4769              		.loc 1 1845 3 is_stmt 1 view .LVU1343
 4770 0026 0022     		movs	r2, #0
 4771 0028 2946     		mov	r1, r5
 4772 002a 2068     		ldr	r0, [r4]
 4773 002c FFF7FEFF 		bl	TIM_CCxChannelCmd
 4774              	.LVL320:
1848:platform/HAL/src/stm32g4xx_hal_tim_ex.c **** 
 4775              		.loc 1 1848 3 view .LVU1344
1848:platform/HAL/src/stm32g4xx_hal_tim_ex.c **** 
 4776              		.loc 1 1848 3 view .LVU1345
 4777 0030 2268     		ldr	r2, [r4]
 4778 0032 136A     		ldr	r3, [r2, #32]
 4779 0034 03F01133 		and	r3, r3, #286331153
 4780 0038 23F08853 		bic	r3, r3, #285212672
 4781 003c 43B9     		cbnz	r3, .L393
1848:platform/HAL/src/stm32g4xx_hal_tim_ex.c **** 
 4782              		.loc 1 1848 3 discriminator 1 view .LVU1346
 4783 003e 116A     		ldr	r1, [r2, #32]
 4784 0040 44F24443 		movw	r3, #17476
 4785 0044 1942     		tst	r1, r3
 4786 0046 03D1     		bne	.L393
1848:platform/HAL/src/stm32g4xx_hal_tim_ex.c **** 
 4787              		.loc 1 1848 3 discriminator 3 view .LVU1347
 4788 0048 536C     		ldr	r3, [r2, #68]
 4789 004a 23F40043 		bic	r3, r3, #32768
 4790 004e 5364     		str	r3, [r2, #68]
 4791              	.L393:
1848:platform/HAL/src/stm32g4xx_hal_tim_ex.c **** 
 4792              		.loc 1 1848 3 discriminator 5 view .LVU1348
1851:platform/HAL/src/stm32g4xx_hal_tim_ex.c **** 
 4793              		.loc 1 1851 3 view .LVU1349
ARM GAS  /tmp/cchCrvCd.s 			page 172


1851:platform/HAL/src/stm32g4xx_hal_tim_ex.c **** 
 4794              		.loc 1 1851 3 view .LVU1350
 4795 0050 2268     		ldr	r2, [r4]
 4796 0052 136A     		ldr	r3, [r2, #32]
 4797 0054 03F01133 		and	r3, r3, #286331153
 4798 0058 23F08853 		bic	r3, r3, #285212672
 4799 005c 43B9     		cbnz	r3, .L394
1851:platform/HAL/src/stm32g4xx_hal_tim_ex.c **** 
 4800              		.loc 1 1851 3 discriminator 1 view .LVU1351
 4801 005e 116A     		ldr	r1, [r2, #32]
 4802 0060 44F24443 		movw	r3, #17476
 4803 0064 1942     		tst	r1, r3
 4804 0066 03D1     		bne	.L394
1851:platform/HAL/src/stm32g4xx_hal_tim_ex.c **** 
 4805              		.loc 1 1851 3 discriminator 3 view .LVU1352
 4806 0068 1368     		ldr	r3, [r2]
 4807 006a 23F00103 		bic	r3, r3, #1
 4808 006e 1360     		str	r3, [r2]
 4809              	.L394:
1851:platform/HAL/src/stm32g4xx_hal_tim_ex.c **** 
 4810              		.loc 1 1851 3 discriminator 5 view .LVU1353
1854:platform/HAL/src/stm32g4xx_hal_tim_ex.c ****   TIM_CHANNEL_STATE_SET(htim, TIM_CHANNEL_2, HAL_TIM_CHANNEL_STATE_READY);
 4811              		.loc 1 1854 3 view .LVU1354
 4812 0070 0123     		movs	r3, #1
 4813 0072 84F83E30 		strb	r3, [r4, #62]
1855:platform/HAL/src/stm32g4xx_hal_tim_ex.c ****   TIM_CHANNEL_N_STATE_SET(htim, TIM_CHANNEL_1, HAL_TIM_CHANNEL_STATE_READY);
 4814              		.loc 1 1855 3 view .LVU1355
 4815 0076 84F83F30 		strb	r3, [r4, #63]
1856:platform/HAL/src/stm32g4xx_hal_tim_ex.c ****   TIM_CHANNEL_N_STATE_SET(htim, TIM_CHANNEL_2, HAL_TIM_CHANNEL_STATE_READY);
 4816              		.loc 1 1856 3 view .LVU1356
 4817 007a 84F84430 		strb	r3, [r4, #68]
1857:platform/HAL/src/stm32g4xx_hal_tim_ex.c **** 
 4818              		.loc 1 1857 3 view .LVU1357
 4819 007e 84F84530 		strb	r3, [r4, #69]
1860:platform/HAL/src/stm32g4xx_hal_tim_ex.c **** }
 4820              		.loc 1 1860 3 view .LVU1358
1861:platform/HAL/src/stm32g4xx_hal_tim_ex.c **** 
 4821              		.loc 1 1861 1 is_stmt 0 view .LVU1359
 4822 0082 0020     		movs	r0, #0
 4823 0084 38BD     		pop	{r3, r4, r5, pc}
 4824              	.LVL321:
 4825              	.L395:
1832:platform/HAL/src/stm32g4xx_hal_tim_ex.c **** 
 4826              		.loc 1 1832 77 discriminator 2 view .LVU1360
 4827 0086 0025     		movs	r5, #0
 4828 0088 BFE7     		b	.L392
 4829              		.cfi_endproc
 4830              	.LFE354:
 4832              		.section	.text.HAL_TIMEx_ConfigCommutEvent,"ax",%progbits
 4833              		.align	1
 4834              		.global	HAL_TIMEx_ConfigCommutEvent
 4835              		.syntax unified
 4836              		.thumb
 4837              		.thumb_func
 4839              	HAL_TIMEx_ConfigCommutEvent:
 4840              	.LVL322:
 4841              	.LFB355:
ARM GAS  /tmp/cchCrvCd.s 			page 173


1926:platform/HAL/src/stm32g4xx_hal_tim_ex.c ****   /* Check the parameters */
 4842              		.loc 1 1926 1 is_stmt 1 view -0
 4843              		.cfi_startproc
 4844              		@ args = 0, pretend = 0, frame = 0
 4845              		@ frame_needed = 0, uses_anonymous_args = 0
 4846              		@ link register save eliminated.
1926:platform/HAL/src/stm32g4xx_hal_tim_ex.c ****   /* Check the parameters */
 4847              		.loc 1 1926 1 is_stmt 0 view .LVU1362
 4848 0000 0346     		mov	r3, r0
1928:platform/HAL/src/stm32g4xx_hal_tim_ex.c ****   assert_param(IS_TIM_INTERNAL_TRIGGEREVENT_INSTANCE(htim->Instance, InputTrigger));
 4849              		.loc 1 1928 3 is_stmt 1 view .LVU1363
1929:platform/HAL/src/stm32g4xx_hal_tim_ex.c **** 
 4850              		.loc 1 1929 3 view .LVU1364
1931:platform/HAL/src/stm32g4xx_hal_tim_ex.c **** 
 4851              		.loc 1 1931 3 view .LVU1365
1931:platform/HAL/src/stm32g4xx_hal_tim_ex.c **** 
 4852              		.loc 1 1931 3 view .LVU1366
 4853 0002 90F83C00 		ldrb	r0, [r0, #60]	@ zero_extendqisi2
 4854              	.LVL323:
1931:platform/HAL/src/stm32g4xx_hal_tim_ex.c **** 
 4855              		.loc 1 1931 3 is_stmt 0 view .LVU1367
 4856 0006 0128     		cmp	r0, #1
 4857 0008 51D0     		beq	.L404
1926:platform/HAL/src/stm32g4xx_hal_tim_ex.c ****   /* Check the parameters */
 4858              		.loc 1 1926 1 view .LVU1368
 4859 000a 10B4     		push	{r4}
 4860              	.LCFI30:
 4861              		.cfi_def_cfa_offset 4
 4862              		.cfi_offset 4, -4
1931:platform/HAL/src/stm32g4xx_hal_tim_ex.c **** 
 4863              		.loc 1 1931 3 is_stmt 1 discriminator 2 view .LVU1369
 4864 000c 0120     		movs	r0, #1
 4865 000e 83F83C00 		strb	r0, [r3, #60]
1931:platform/HAL/src/stm32g4xx_hal_tim_ex.c **** 
 4866              		.loc 1 1931 3 view .LVU1370
1934:platform/HAL/src/stm32g4xx_hal_tim_ex.c ****       (InputTrigger == TIM_TS_ITR2)  || (InputTrigger == TIM_TS_ITR3) ||
 4867              		.loc 1 1934 3 view .LVU1371
 4868 0012 2848     		ldr	r0, .L409
 4869 0014 8142     		cmp	r1, r0
 4870 0016 08D0     		beq	.L399
 4871 0018 37D8     		bhi	.L400
 4872 001a 3029     		cmp	r1, #48
 4873 001c 05D0     		beq	.L399
 4874 001e 2DD8     		bhi	.L401
 4875 0020 1029     		cmp	r1, #16
 4876 0022 02D0     		beq	.L399
 4877 0024 2029     		cmp	r1, #32
 4878 0026 00D0     		beq	.L399
 4879 0028 51B9     		cbnz	r1, .L402
 4880              	.L399:
1961:platform/HAL/src/stm32g4xx_hal_tim_ex.c ****     htim->Instance->SMCR |= InputTrigger;
 4881              		.loc 1 1961 5 view .LVU1372
1961:platform/HAL/src/stm32g4xx_hal_tim_ex.c ****     htim->Instance->SMCR |= InputTrigger;
 4882              		.loc 1 1961 9 is_stmt 0 view .LVU1373
 4883 002a 1C68     		ldr	r4, [r3]
1961:platform/HAL/src/stm32g4xx_hal_tim_ex.c ****     htim->Instance->SMCR |= InputTrigger;
 4884              		.loc 1 1961 19 view .LVU1374
ARM GAS  /tmp/cchCrvCd.s 			page 174


 4885 002c A068     		ldr	r0, [r4, #8]
1961:platform/HAL/src/stm32g4xx_hal_tim_ex.c ****     htim->Instance->SMCR |= InputTrigger;
 4886              		.loc 1 1961 26 view .LVU1375
 4887 002e 20F44010 		bic	r0, r0, #3145728
 4888 0032 20F07000 		bic	r0, r0, #112
 4889 0036 A060     		str	r0, [r4, #8]
1962:platform/HAL/src/stm32g4xx_hal_tim_ex.c ****   }
 4890              		.loc 1 1962 5 is_stmt 1 view .LVU1376
1962:platform/HAL/src/stm32g4xx_hal_tim_ex.c ****   }
 4891              		.loc 1 1962 9 is_stmt 0 view .LVU1377
 4892 0038 1C68     		ldr	r4, [r3]
1962:platform/HAL/src/stm32g4xx_hal_tim_ex.c ****   }
 4893              		.loc 1 1962 19 view .LVU1378
 4894 003a A068     		ldr	r0, [r4, #8]
1962:platform/HAL/src/stm32g4xx_hal_tim_ex.c ****   }
 4895              		.loc 1 1962 26 view .LVU1379
 4896 003c 0143     		orrs	r1, r1, r0
 4897              	.LVL324:
1962:platform/HAL/src/stm32g4xx_hal_tim_ex.c ****   }
 4898              		.loc 1 1962 26 view .LVU1380
 4899 003e A160     		str	r1, [r4, #8]
 4900              	.L402:
1966:platform/HAL/src/stm32g4xx_hal_tim_ex.c ****   /* Select the Commutation event source */
 4901              		.loc 1 1966 3 is_stmt 1 view .LVU1381
1966:platform/HAL/src/stm32g4xx_hal_tim_ex.c ****   /* Select the Commutation event source */
 4902              		.loc 1 1966 7 is_stmt 0 view .LVU1382
 4903 0040 1868     		ldr	r0, [r3]
1966:platform/HAL/src/stm32g4xx_hal_tim_ex.c ****   /* Select the Commutation event source */
 4904              		.loc 1 1966 17 view .LVU1383
 4905 0042 4168     		ldr	r1, [r0, #4]
1966:platform/HAL/src/stm32g4xx_hal_tim_ex.c ****   /* Select the Commutation event source */
 4906              		.loc 1 1966 23 view .LVU1384
 4907 0044 41F00101 		orr	r1, r1, #1
 4908 0048 4160     		str	r1, [r0, #4]
1968:platform/HAL/src/stm32g4xx_hal_tim_ex.c ****   htim->Instance->CR2 |= CommutationSource;
 4909              		.loc 1 1968 3 is_stmt 1 view .LVU1385
1968:platform/HAL/src/stm32g4xx_hal_tim_ex.c ****   htim->Instance->CR2 |= CommutationSource;
 4910              		.loc 1 1968 7 is_stmt 0 view .LVU1386
 4911 004a 1868     		ldr	r0, [r3]
1968:platform/HAL/src/stm32g4xx_hal_tim_ex.c ****   htim->Instance->CR2 |= CommutationSource;
 4912              		.loc 1 1968 17 view .LVU1387
 4913 004c 4168     		ldr	r1, [r0, #4]
1968:platform/HAL/src/stm32g4xx_hal_tim_ex.c ****   htim->Instance->CR2 |= CommutationSource;
 4914              		.loc 1 1968 23 view .LVU1388
 4915 004e 21F00401 		bic	r1, r1, #4
 4916 0052 4160     		str	r1, [r0, #4]
1969:platform/HAL/src/stm32g4xx_hal_tim_ex.c **** 
 4917              		.loc 1 1969 3 is_stmt 1 view .LVU1389
1969:platform/HAL/src/stm32g4xx_hal_tim_ex.c **** 
 4918              		.loc 1 1969 7 is_stmt 0 view .LVU1390
 4919 0054 1868     		ldr	r0, [r3]
1969:platform/HAL/src/stm32g4xx_hal_tim_ex.c **** 
 4920              		.loc 1 1969 17 view .LVU1391
 4921 0056 4168     		ldr	r1, [r0, #4]
1969:platform/HAL/src/stm32g4xx_hal_tim_ex.c **** 
 4922              		.loc 1 1969 23 view .LVU1392
 4923 0058 0A43     		orrs	r2, r2, r1
ARM GAS  /tmp/cchCrvCd.s 			page 175


 4924              	.LVL325:
1969:platform/HAL/src/stm32g4xx_hal_tim_ex.c **** 
 4925              		.loc 1 1969 23 view .LVU1393
 4926 005a 4260     		str	r2, [r0, #4]
1972:platform/HAL/src/stm32g4xx_hal_tim_ex.c **** 
 4927              		.loc 1 1972 3 is_stmt 1 view .LVU1394
 4928 005c 1968     		ldr	r1, [r3]
 4929 005e CA68     		ldr	r2, [r1, #12]
 4930 0060 22F02002 		bic	r2, r2, #32
 4931 0064 CA60     		str	r2, [r1, #12]
1975:platform/HAL/src/stm32g4xx_hal_tim_ex.c **** 
 4932              		.loc 1 1975 3 view .LVU1395
 4933 0066 1968     		ldr	r1, [r3]
 4934 0068 CA68     		ldr	r2, [r1, #12]
 4935 006a 22F40052 		bic	r2, r2, #8192
 4936 006e CA60     		str	r2, [r1, #12]
1977:platform/HAL/src/stm32g4xx_hal_tim_ex.c **** 
 4937              		.loc 1 1977 3 view .LVU1396
1977:platform/HAL/src/stm32g4xx_hal_tim_ex.c **** 
 4938              		.loc 1 1977 3 view .LVU1397
 4939 0070 0020     		movs	r0, #0
 4940 0072 83F83C00 		strb	r0, [r3, #60]
1977:platform/HAL/src/stm32g4xx_hal_tim_ex.c **** 
 4941              		.loc 1 1977 3 view .LVU1398
1979:platform/HAL/src/stm32g4xx_hal_tim_ex.c **** }
 4942              		.loc 1 1979 3 view .LVU1399
1980:platform/HAL/src/stm32g4xx_hal_tim_ex.c **** 
 4943              		.loc 1 1980 1 is_stmt 0 view .LVU1400
 4944 0076 5DF8044B 		ldr	r4, [sp], #4
 4945              	.LCFI31:
 4946              		.cfi_remember_state
 4947              		.cfi_restore 4
 4948              		.cfi_def_cfa_offset 0
 4949 007a 7047     		bx	lr
 4950              	.LVL326:
 4951              	.L401:
 4952              	.LCFI32:
 4953              		.cfi_restore_state
1980:platform/HAL/src/stm32g4xx_hal_tim_ex.c **** 
 4954              		.loc 1 1980 1 view .LVU1401
 4955 007c B1F5801F 		cmp	r1, #1048576
 4956 0080 D3D0     		beq	.L399
 4957 0082 B1F1101F 		cmp	r1, #1048592
 4958 0086 DBD1     		bne	.L402
 4959 0088 CFE7     		b	.L399
 4960              	.L400:
1980:platform/HAL/src/stm32g4xx_hal_tim_ex.c **** 
 4961              		.loc 1 1980 1 view .LVU1402
 4962 008a 0B48     		ldr	r0, .L409+4
 4963 008c 8142     		cmp	r1, r0
 4964 008e CCD0     		beq	.L399
 4965 0090 06D8     		bhi	.L403
 4966 0092 2038     		subs	r0, r0, #32
 4967 0094 8142     		cmp	r1, r0
 4968 0096 C8D0     		beq	.L399
 4969 0098 1030     		adds	r0, r0, #16
 4970 009a 8142     		cmp	r1, r0
ARM GAS  /tmp/cchCrvCd.s 			page 176


 4971 009c D0D1     		bne	.L402
 4972 009e C4E7     		b	.L399
 4973              	.L403:
 4974 00a0 0648     		ldr	r0, .L409+8
 4975 00a2 8142     		cmp	r1, r0
 4976 00a4 C1D0     		beq	.L399
 4977 00a6 1030     		adds	r0, r0, #16
 4978 00a8 8142     		cmp	r1, r0
 4979 00aa C9D1     		bne	.L402
 4980 00ac BDE7     		b	.L399
 4981              	.L404:
 4982              	.LCFI33:
 4983              		.cfi_def_cfa_offset 0
 4984              		.cfi_restore 4
1931:platform/HAL/src/stm32g4xx_hal_tim_ex.c **** 
 4985              		.loc 1 1931 3 discriminator 1 view .LVU1403
 4986 00ae 0220     		movs	r0, #2
1980:platform/HAL/src/stm32g4xx_hal_tim_ex.c **** 
 4987              		.loc 1 1980 1 view .LVU1404
 4988 00b0 7047     		bx	lr
 4989              	.L410:
 4990 00b2 00BF     		.align	2
 4991              	.L409:
 4992 00b4 20001000 		.word	1048608
 4993 00b8 50001000 		.word	1048656
 4994 00bc 60001000 		.word	1048672
 4995              		.cfi_endproc
 4996              	.LFE355:
 4998              		.section	.text.HAL_TIMEx_ConfigCommutEvent_IT,"ax",%progbits
 4999              		.align	1
 5000              		.global	HAL_TIMEx_ConfigCommutEvent_IT
 5001              		.syntax unified
 5002              		.thumb
 5003              		.thumb_func
 5005              	HAL_TIMEx_ConfigCommutEvent_IT:
 5006              	.LVL327:
 5007              	.LFB356:
2017:platform/HAL/src/stm32g4xx_hal_tim_ex.c ****   /* Check the parameters */
 5008              		.loc 1 2017 1 is_stmt 1 view -0
 5009              		.cfi_startproc
 5010              		@ args = 0, pretend = 0, frame = 0
 5011              		@ frame_needed = 0, uses_anonymous_args = 0
 5012              		@ link register save eliminated.
2017:platform/HAL/src/stm32g4xx_hal_tim_ex.c ****   /* Check the parameters */
 5013              		.loc 1 2017 1 is_stmt 0 view .LVU1406
 5014 0000 0346     		mov	r3, r0
2019:platform/HAL/src/stm32g4xx_hal_tim_ex.c ****   assert_param(IS_TIM_INTERNAL_TRIGGEREVENT_INSTANCE(htim->Instance, InputTrigger));
 5015              		.loc 1 2019 3 is_stmt 1 view .LVU1407
2020:platform/HAL/src/stm32g4xx_hal_tim_ex.c **** 
 5016              		.loc 1 2020 3 view .LVU1408
2022:platform/HAL/src/stm32g4xx_hal_tim_ex.c **** 
 5017              		.loc 1 2022 3 view .LVU1409
2022:platform/HAL/src/stm32g4xx_hal_tim_ex.c **** 
 5018              		.loc 1 2022 3 view .LVU1410
 5019 0002 90F83C00 		ldrb	r0, [r0, #60]	@ zero_extendqisi2
 5020              	.LVL328:
2022:platform/HAL/src/stm32g4xx_hal_tim_ex.c **** 
ARM GAS  /tmp/cchCrvCd.s 			page 177


 5021              		.loc 1 2022 3 is_stmt 0 view .LVU1411
 5022 0006 0128     		cmp	r0, #1
 5023 0008 51D0     		beq	.L418
2017:platform/HAL/src/stm32g4xx_hal_tim_ex.c ****   /* Check the parameters */
 5024              		.loc 1 2017 1 view .LVU1412
 5025 000a 10B4     		push	{r4}
 5026              	.LCFI34:
 5027              		.cfi_def_cfa_offset 4
 5028              		.cfi_offset 4, -4
2022:platform/HAL/src/stm32g4xx_hal_tim_ex.c **** 
 5029              		.loc 1 2022 3 is_stmt 1 discriminator 2 view .LVU1413
 5030 000c 0120     		movs	r0, #1
 5031 000e 83F83C00 		strb	r0, [r3, #60]
2022:platform/HAL/src/stm32g4xx_hal_tim_ex.c **** 
 5032              		.loc 1 2022 3 view .LVU1414
2025:platform/HAL/src/stm32g4xx_hal_tim_ex.c ****       (InputTrigger == TIM_TS_ITR2)  || (InputTrigger == TIM_TS_ITR3) ||
 5033              		.loc 1 2025 3 view .LVU1415
 5034 0012 2848     		ldr	r0, .L423
 5035 0014 8142     		cmp	r1, r0
 5036 0016 08D0     		beq	.L413
 5037 0018 37D8     		bhi	.L414
 5038 001a 3029     		cmp	r1, #48
 5039 001c 05D0     		beq	.L413
 5040 001e 2DD8     		bhi	.L415
 5041 0020 1029     		cmp	r1, #16
 5042 0022 02D0     		beq	.L413
 5043 0024 2029     		cmp	r1, #32
 5044 0026 00D0     		beq	.L413
 5045 0028 51B9     		cbnz	r1, .L416
 5046              	.L413:
2052:platform/HAL/src/stm32g4xx_hal_tim_ex.c ****     htim->Instance->SMCR |= InputTrigger;
 5047              		.loc 1 2052 5 view .LVU1416
2052:platform/HAL/src/stm32g4xx_hal_tim_ex.c ****     htim->Instance->SMCR |= InputTrigger;
 5048              		.loc 1 2052 9 is_stmt 0 view .LVU1417
 5049 002a 1C68     		ldr	r4, [r3]
2052:platform/HAL/src/stm32g4xx_hal_tim_ex.c ****     htim->Instance->SMCR |= InputTrigger;
 5050              		.loc 1 2052 19 view .LVU1418
 5051 002c A068     		ldr	r0, [r4, #8]
2052:platform/HAL/src/stm32g4xx_hal_tim_ex.c ****     htim->Instance->SMCR |= InputTrigger;
 5052              		.loc 1 2052 26 view .LVU1419
 5053 002e 20F44010 		bic	r0, r0, #3145728
 5054 0032 20F07000 		bic	r0, r0, #112
 5055 0036 A060     		str	r0, [r4, #8]
2053:platform/HAL/src/stm32g4xx_hal_tim_ex.c ****   }
 5056              		.loc 1 2053 5 is_stmt 1 view .LVU1420
2053:platform/HAL/src/stm32g4xx_hal_tim_ex.c ****   }
 5057              		.loc 1 2053 9 is_stmt 0 view .LVU1421
 5058 0038 1C68     		ldr	r4, [r3]
2053:platform/HAL/src/stm32g4xx_hal_tim_ex.c ****   }
 5059              		.loc 1 2053 19 view .LVU1422
 5060 003a A068     		ldr	r0, [r4, #8]
2053:platform/HAL/src/stm32g4xx_hal_tim_ex.c ****   }
 5061              		.loc 1 2053 26 view .LVU1423
 5062 003c 0143     		orrs	r1, r1, r0
 5063              	.LVL329:
2053:platform/HAL/src/stm32g4xx_hal_tim_ex.c ****   }
 5064              		.loc 1 2053 26 view .LVU1424
ARM GAS  /tmp/cchCrvCd.s 			page 178


 5065 003e A160     		str	r1, [r4, #8]
 5066              	.L416:
2057:platform/HAL/src/stm32g4xx_hal_tim_ex.c ****   /* Select the Commutation event source */
 5067              		.loc 1 2057 3 is_stmt 1 view .LVU1425
2057:platform/HAL/src/stm32g4xx_hal_tim_ex.c ****   /* Select the Commutation event source */
 5068              		.loc 1 2057 7 is_stmt 0 view .LVU1426
 5069 0040 1868     		ldr	r0, [r3]
2057:platform/HAL/src/stm32g4xx_hal_tim_ex.c ****   /* Select the Commutation event source */
 5070              		.loc 1 2057 17 view .LVU1427
 5071 0042 4168     		ldr	r1, [r0, #4]
2057:platform/HAL/src/stm32g4xx_hal_tim_ex.c ****   /* Select the Commutation event source */
 5072              		.loc 1 2057 23 view .LVU1428
 5073 0044 41F00101 		orr	r1, r1, #1
 5074 0048 4160     		str	r1, [r0, #4]
2059:platform/HAL/src/stm32g4xx_hal_tim_ex.c ****   htim->Instance->CR2 |= CommutationSource;
 5075              		.loc 1 2059 3 is_stmt 1 view .LVU1429
2059:platform/HAL/src/stm32g4xx_hal_tim_ex.c ****   htim->Instance->CR2 |= CommutationSource;
 5076              		.loc 1 2059 7 is_stmt 0 view .LVU1430
 5077 004a 1868     		ldr	r0, [r3]
2059:platform/HAL/src/stm32g4xx_hal_tim_ex.c ****   htim->Instance->CR2 |= CommutationSource;
 5078              		.loc 1 2059 17 view .LVU1431
 5079 004c 4168     		ldr	r1, [r0, #4]
2059:platform/HAL/src/stm32g4xx_hal_tim_ex.c ****   htim->Instance->CR2 |= CommutationSource;
 5080              		.loc 1 2059 23 view .LVU1432
 5081 004e 21F00401 		bic	r1, r1, #4
 5082 0052 4160     		str	r1, [r0, #4]
2060:platform/HAL/src/stm32g4xx_hal_tim_ex.c **** 
 5083              		.loc 1 2060 3 is_stmt 1 view .LVU1433
2060:platform/HAL/src/stm32g4xx_hal_tim_ex.c **** 
 5084              		.loc 1 2060 7 is_stmt 0 view .LVU1434
 5085 0054 1868     		ldr	r0, [r3]
2060:platform/HAL/src/stm32g4xx_hal_tim_ex.c **** 
 5086              		.loc 1 2060 17 view .LVU1435
 5087 0056 4168     		ldr	r1, [r0, #4]
2060:platform/HAL/src/stm32g4xx_hal_tim_ex.c **** 
 5088              		.loc 1 2060 23 view .LVU1436
 5089 0058 0A43     		orrs	r2, r2, r1
 5090              	.LVL330:
2060:platform/HAL/src/stm32g4xx_hal_tim_ex.c **** 
 5091              		.loc 1 2060 23 view .LVU1437
 5092 005a 4260     		str	r2, [r0, #4]
2063:platform/HAL/src/stm32g4xx_hal_tim_ex.c **** 
 5093              		.loc 1 2063 3 is_stmt 1 view .LVU1438
 5094 005c 1968     		ldr	r1, [r3]
 5095 005e CA68     		ldr	r2, [r1, #12]
 5096 0060 22F40052 		bic	r2, r2, #8192
 5097 0064 CA60     		str	r2, [r1, #12]
2066:platform/HAL/src/stm32g4xx_hal_tim_ex.c **** 
 5098              		.loc 1 2066 3 view .LVU1439
 5099 0066 1968     		ldr	r1, [r3]
 5100 0068 CA68     		ldr	r2, [r1, #12]
 5101 006a 42F02002 		orr	r2, r2, #32
 5102 006e CA60     		str	r2, [r1, #12]
2068:platform/HAL/src/stm32g4xx_hal_tim_ex.c **** 
 5103              		.loc 1 2068 3 view .LVU1440
2068:platform/HAL/src/stm32g4xx_hal_tim_ex.c **** 
 5104              		.loc 1 2068 3 view .LVU1441
ARM GAS  /tmp/cchCrvCd.s 			page 179


 5105 0070 0020     		movs	r0, #0
 5106 0072 83F83C00 		strb	r0, [r3, #60]
2068:platform/HAL/src/stm32g4xx_hal_tim_ex.c **** 
 5107              		.loc 1 2068 3 view .LVU1442
2070:platform/HAL/src/stm32g4xx_hal_tim_ex.c **** }
 5108              		.loc 1 2070 3 view .LVU1443
2071:platform/HAL/src/stm32g4xx_hal_tim_ex.c **** 
 5109              		.loc 1 2071 1 is_stmt 0 view .LVU1444
 5110 0076 5DF8044B 		ldr	r4, [sp], #4
 5111              	.LCFI35:
 5112              		.cfi_remember_state
 5113              		.cfi_restore 4
 5114              		.cfi_def_cfa_offset 0
 5115 007a 7047     		bx	lr
 5116              	.LVL331:
 5117              	.L415:
 5118              	.LCFI36:
 5119              		.cfi_restore_state
2071:platform/HAL/src/stm32g4xx_hal_tim_ex.c **** 
 5120              		.loc 1 2071 1 view .LVU1445
 5121 007c B1F5801F 		cmp	r1, #1048576
 5122 0080 D3D0     		beq	.L413
 5123 0082 B1F1101F 		cmp	r1, #1048592
 5124 0086 DBD1     		bne	.L416
 5125 0088 CFE7     		b	.L413
 5126              	.L414:
2071:platform/HAL/src/stm32g4xx_hal_tim_ex.c **** 
 5127              		.loc 1 2071 1 view .LVU1446
 5128 008a 0B48     		ldr	r0, .L423+4
 5129 008c 8142     		cmp	r1, r0
 5130 008e CCD0     		beq	.L413
 5131 0090 06D8     		bhi	.L417
 5132 0092 2038     		subs	r0, r0, #32
 5133 0094 8142     		cmp	r1, r0
 5134 0096 C8D0     		beq	.L413
 5135 0098 1030     		adds	r0, r0, #16
 5136 009a 8142     		cmp	r1, r0
 5137 009c D0D1     		bne	.L416
 5138 009e C4E7     		b	.L413
 5139              	.L417:
 5140 00a0 0648     		ldr	r0, .L423+8
 5141 00a2 8142     		cmp	r1, r0
 5142 00a4 C1D0     		beq	.L413
 5143 00a6 1030     		adds	r0, r0, #16
 5144 00a8 8142     		cmp	r1, r0
 5145 00aa C9D1     		bne	.L416
 5146 00ac BDE7     		b	.L413
 5147              	.L418:
 5148              	.LCFI37:
 5149              		.cfi_def_cfa_offset 0
 5150              		.cfi_restore 4
2022:platform/HAL/src/stm32g4xx_hal_tim_ex.c **** 
 5151              		.loc 1 2022 3 discriminator 1 view .LVU1447
 5152 00ae 0220     		movs	r0, #2
2071:platform/HAL/src/stm32g4xx_hal_tim_ex.c **** 
 5153              		.loc 1 2071 1 view .LVU1448
 5154 00b0 7047     		bx	lr
ARM GAS  /tmp/cchCrvCd.s 			page 180


 5155              	.L424:
 5156 00b2 00BF     		.align	2
 5157              	.L423:
 5158 00b4 20001000 		.word	1048608
 5159 00b8 50001000 		.word	1048656
 5160 00bc 60001000 		.word	1048672
 5161              		.cfi_endproc
 5162              	.LFE356:
 5164              		.section	.text.HAL_TIMEx_ConfigCommutEvent_DMA,"ax",%progbits
 5165              		.align	1
 5166              		.global	HAL_TIMEx_ConfigCommutEvent_DMA
 5167              		.syntax unified
 5168              		.thumb
 5169              		.thumb_func
 5171              	HAL_TIMEx_ConfigCommutEvent_DMA:
 5172              	.LVL332:
 5173              	.LFB357:
2109:platform/HAL/src/stm32g4xx_hal_tim_ex.c ****   /* Check the parameters */
 5174              		.loc 1 2109 1 is_stmt 1 view -0
 5175              		.cfi_startproc
 5176              		@ args = 0, pretend = 0, frame = 0
 5177              		@ frame_needed = 0, uses_anonymous_args = 0
 5178              		@ link register save eliminated.
2109:platform/HAL/src/stm32g4xx_hal_tim_ex.c ****   /* Check the parameters */
 5179              		.loc 1 2109 1 is_stmt 0 view .LVU1450
 5180 0000 0346     		mov	r3, r0
2111:platform/HAL/src/stm32g4xx_hal_tim_ex.c ****   assert_param(IS_TIM_INTERNAL_TRIGGEREVENT_INSTANCE(htim->Instance, InputTrigger));
 5181              		.loc 1 2111 3 is_stmt 1 view .LVU1451
2112:platform/HAL/src/stm32g4xx_hal_tim_ex.c **** 
 5182              		.loc 1 2112 3 view .LVU1452
2114:platform/HAL/src/stm32g4xx_hal_tim_ex.c **** 
 5183              		.loc 1 2114 3 view .LVU1453
2114:platform/HAL/src/stm32g4xx_hal_tim_ex.c **** 
 5184              		.loc 1 2114 3 view .LVU1454
 5185 0002 90F83C00 		ldrb	r0, [r0, #60]	@ zero_extendqisi2
 5186              	.LVL333:
2114:platform/HAL/src/stm32g4xx_hal_tim_ex.c **** 
 5187              		.loc 1 2114 3 is_stmt 0 view .LVU1455
 5188 0006 0128     		cmp	r0, #1
 5189 0008 5AD0     		beq	.L432
2109:platform/HAL/src/stm32g4xx_hal_tim_ex.c ****   /* Check the parameters */
 5190              		.loc 1 2109 1 view .LVU1456
 5191 000a 10B4     		push	{r4}
 5192              	.LCFI38:
 5193              		.cfi_def_cfa_offset 4
 5194              		.cfi_offset 4, -4
2114:platform/HAL/src/stm32g4xx_hal_tim_ex.c **** 
 5195              		.loc 1 2114 3 is_stmt 1 discriminator 2 view .LVU1457
 5196 000c 0120     		movs	r0, #1
 5197 000e 83F83C00 		strb	r0, [r3, #60]
2114:platform/HAL/src/stm32g4xx_hal_tim_ex.c **** 
 5198              		.loc 1 2114 3 view .LVU1458
2117:platform/HAL/src/stm32g4xx_hal_tim_ex.c ****       (InputTrigger == TIM_TS_ITR2)  || (InputTrigger == TIM_TS_ITR3) ||
 5199              		.loc 1 2117 3 view .LVU1459
 5200 0012 2C48     		ldr	r0, .L437
 5201 0014 8142     		cmp	r1, r0
 5202 0016 08D0     		beq	.L427
ARM GAS  /tmp/cchCrvCd.s 			page 181


 5203 0018 40D8     		bhi	.L428
 5204 001a 3029     		cmp	r1, #48
 5205 001c 05D0     		beq	.L427
 5206 001e 36D8     		bhi	.L429
 5207 0020 1029     		cmp	r1, #16
 5208 0022 02D0     		beq	.L427
 5209 0024 2029     		cmp	r1, #32
 5210 0026 00D0     		beq	.L427
 5211 0028 51B9     		cbnz	r1, .L430
 5212              	.L427:
2144:platform/HAL/src/stm32g4xx_hal_tim_ex.c ****     htim->Instance->SMCR |= InputTrigger;
 5213              		.loc 1 2144 5 view .LVU1460
2144:platform/HAL/src/stm32g4xx_hal_tim_ex.c ****     htim->Instance->SMCR |= InputTrigger;
 5214              		.loc 1 2144 9 is_stmt 0 view .LVU1461
 5215 002a 1C68     		ldr	r4, [r3]
2144:platform/HAL/src/stm32g4xx_hal_tim_ex.c ****     htim->Instance->SMCR |= InputTrigger;
 5216              		.loc 1 2144 19 view .LVU1462
 5217 002c A068     		ldr	r0, [r4, #8]
2144:platform/HAL/src/stm32g4xx_hal_tim_ex.c ****     htim->Instance->SMCR |= InputTrigger;
 5218              		.loc 1 2144 26 view .LVU1463
 5219 002e 20F44010 		bic	r0, r0, #3145728
 5220 0032 20F07000 		bic	r0, r0, #112
 5221 0036 A060     		str	r0, [r4, #8]
2145:platform/HAL/src/stm32g4xx_hal_tim_ex.c ****   }
 5222              		.loc 1 2145 5 is_stmt 1 view .LVU1464
2145:platform/HAL/src/stm32g4xx_hal_tim_ex.c ****   }
 5223              		.loc 1 2145 9 is_stmt 0 view .LVU1465
 5224 0038 1C68     		ldr	r4, [r3]
2145:platform/HAL/src/stm32g4xx_hal_tim_ex.c ****   }
 5225              		.loc 1 2145 19 view .LVU1466
 5226 003a A068     		ldr	r0, [r4, #8]
2145:platform/HAL/src/stm32g4xx_hal_tim_ex.c ****   }
 5227              		.loc 1 2145 26 view .LVU1467
 5228 003c 0143     		orrs	r1, r1, r0
 5229              	.LVL334:
2145:platform/HAL/src/stm32g4xx_hal_tim_ex.c ****   }
 5230              		.loc 1 2145 26 view .LVU1468
 5231 003e A160     		str	r1, [r4, #8]
 5232              	.L430:
2149:platform/HAL/src/stm32g4xx_hal_tim_ex.c ****   /* Select the Commutation event source */
 5233              		.loc 1 2149 3 is_stmt 1 view .LVU1469
2149:platform/HAL/src/stm32g4xx_hal_tim_ex.c ****   /* Select the Commutation event source */
 5234              		.loc 1 2149 7 is_stmt 0 view .LVU1470
 5235 0040 1868     		ldr	r0, [r3]
2149:platform/HAL/src/stm32g4xx_hal_tim_ex.c ****   /* Select the Commutation event source */
 5236              		.loc 1 2149 17 view .LVU1471
 5237 0042 4168     		ldr	r1, [r0, #4]
2149:platform/HAL/src/stm32g4xx_hal_tim_ex.c ****   /* Select the Commutation event source */
 5238              		.loc 1 2149 23 view .LVU1472
 5239 0044 41F00101 		orr	r1, r1, #1
 5240 0048 4160     		str	r1, [r0, #4]
2151:platform/HAL/src/stm32g4xx_hal_tim_ex.c ****   htim->Instance->CR2 |= CommutationSource;
 5241              		.loc 1 2151 3 is_stmt 1 view .LVU1473
2151:platform/HAL/src/stm32g4xx_hal_tim_ex.c ****   htim->Instance->CR2 |= CommutationSource;
 5242              		.loc 1 2151 7 is_stmt 0 view .LVU1474
 5243 004a 1868     		ldr	r0, [r3]
2151:platform/HAL/src/stm32g4xx_hal_tim_ex.c ****   htim->Instance->CR2 |= CommutationSource;
ARM GAS  /tmp/cchCrvCd.s 			page 182


 5244              		.loc 1 2151 17 view .LVU1475
 5245 004c 4168     		ldr	r1, [r0, #4]
2151:platform/HAL/src/stm32g4xx_hal_tim_ex.c ****   htim->Instance->CR2 |= CommutationSource;
 5246              		.loc 1 2151 23 view .LVU1476
 5247 004e 21F00401 		bic	r1, r1, #4
 5248 0052 4160     		str	r1, [r0, #4]
2152:platform/HAL/src/stm32g4xx_hal_tim_ex.c **** 
 5249              		.loc 1 2152 3 is_stmt 1 view .LVU1477
2152:platform/HAL/src/stm32g4xx_hal_tim_ex.c **** 
 5250              		.loc 1 2152 7 is_stmt 0 view .LVU1478
 5251 0054 1868     		ldr	r0, [r3]
2152:platform/HAL/src/stm32g4xx_hal_tim_ex.c **** 
 5252              		.loc 1 2152 17 view .LVU1479
 5253 0056 4168     		ldr	r1, [r0, #4]
2152:platform/HAL/src/stm32g4xx_hal_tim_ex.c **** 
 5254              		.loc 1 2152 23 view .LVU1480
 5255 0058 0A43     		orrs	r2, r2, r1
 5256              	.LVL335:
2152:platform/HAL/src/stm32g4xx_hal_tim_ex.c **** 
 5257              		.loc 1 2152 23 view .LVU1481
 5258 005a 4260     		str	r2, [r0, #4]
2156:platform/HAL/src/stm32g4xx_hal_tim_ex.c ****   htim->hdma[TIM_DMA_ID_COMMUTATION]->XferHalfCpltCallback = TIMEx_DMACommutationHalfCplt;
 5259              		.loc 1 2156 3 is_stmt 1 view .LVU1482
2156:platform/HAL/src/stm32g4xx_hal_tim_ex.c ****   htim->hdma[TIM_DMA_ID_COMMUTATION]->XferHalfCpltCallback = TIMEx_DMACommutationHalfCplt;
 5260              		.loc 1 2156 13 is_stmt 0 view .LVU1483
 5261 005c 5A6B     		ldr	r2, [r3, #52]
2156:platform/HAL/src/stm32g4xx_hal_tim_ex.c ****   htim->hdma[TIM_DMA_ID_COMMUTATION]->XferHalfCpltCallback = TIMEx_DMACommutationHalfCplt;
 5262              		.loc 1 2156 56 view .LVU1484
 5263 005e 1A49     		ldr	r1, .L437+4
 5264 0060 D162     		str	r1, [r2, #44]
2157:platform/HAL/src/stm32g4xx_hal_tim_ex.c ****   /* Set the DMA error callback */
 5265              		.loc 1 2157 3 is_stmt 1 view .LVU1485
2157:platform/HAL/src/stm32g4xx_hal_tim_ex.c ****   /* Set the DMA error callback */
 5266              		.loc 1 2157 13 is_stmt 0 view .LVU1486
 5267 0062 5A6B     		ldr	r2, [r3, #52]
2157:platform/HAL/src/stm32g4xx_hal_tim_ex.c ****   /* Set the DMA error callback */
 5268              		.loc 1 2157 60 view .LVU1487
 5269 0064 1949     		ldr	r1, .L437+8
 5270 0066 1163     		str	r1, [r2, #48]
2159:platform/HAL/src/stm32g4xx_hal_tim_ex.c **** 
 5271              		.loc 1 2159 3 is_stmt 1 view .LVU1488
2159:platform/HAL/src/stm32g4xx_hal_tim_ex.c **** 
 5272              		.loc 1 2159 13 is_stmt 0 view .LVU1489
 5273 0068 5A6B     		ldr	r2, [r3, #52]
2159:platform/HAL/src/stm32g4xx_hal_tim_ex.c **** 
 5274              		.loc 1 2159 57 view .LVU1490
 5275 006a 1949     		ldr	r1, .L437+12
 5276 006c 5163     		str	r1, [r2, #52]
2162:platform/HAL/src/stm32g4xx_hal_tim_ex.c **** 
 5277              		.loc 1 2162 3 is_stmt 1 view .LVU1491
 5278 006e 1968     		ldr	r1, [r3]
 5279 0070 CA68     		ldr	r2, [r1, #12]
 5280 0072 22F02002 		bic	r2, r2, #32
 5281 0076 CA60     		str	r2, [r1, #12]
2165:platform/HAL/src/stm32g4xx_hal_tim_ex.c **** 
 5282              		.loc 1 2165 3 view .LVU1492
 5283 0078 1968     		ldr	r1, [r3]
ARM GAS  /tmp/cchCrvCd.s 			page 183


 5284 007a CA68     		ldr	r2, [r1, #12]
 5285 007c 42F40052 		orr	r2, r2, #8192
 5286 0080 CA60     		str	r2, [r1, #12]
2167:platform/HAL/src/stm32g4xx_hal_tim_ex.c **** 
 5287              		.loc 1 2167 3 view .LVU1493
2167:platform/HAL/src/stm32g4xx_hal_tim_ex.c **** 
 5288              		.loc 1 2167 3 view .LVU1494
 5289 0082 0020     		movs	r0, #0
 5290 0084 83F83C00 		strb	r0, [r3, #60]
2167:platform/HAL/src/stm32g4xx_hal_tim_ex.c **** 
 5291              		.loc 1 2167 3 view .LVU1495
2169:platform/HAL/src/stm32g4xx_hal_tim_ex.c **** }
 5292              		.loc 1 2169 3 view .LVU1496
2170:platform/HAL/src/stm32g4xx_hal_tim_ex.c **** 
 5293              		.loc 1 2170 1 is_stmt 0 view .LVU1497
 5294 0088 5DF8044B 		ldr	r4, [sp], #4
 5295              	.LCFI39:
 5296              		.cfi_remember_state
 5297              		.cfi_restore 4
 5298              		.cfi_def_cfa_offset 0
 5299 008c 7047     		bx	lr
 5300              	.LVL336:
 5301              	.L429:
 5302              	.LCFI40:
 5303              		.cfi_restore_state
2170:platform/HAL/src/stm32g4xx_hal_tim_ex.c **** 
 5304              		.loc 1 2170 1 view .LVU1498
 5305 008e B1F5801F 		cmp	r1, #1048576
 5306 0092 CAD0     		beq	.L427
 5307 0094 B1F1101F 		cmp	r1, #1048592
 5308 0098 D2D1     		bne	.L430
 5309 009a C6E7     		b	.L427
 5310              	.L428:
2170:platform/HAL/src/stm32g4xx_hal_tim_ex.c **** 
 5311              		.loc 1 2170 1 view .LVU1499
 5312 009c 0D48     		ldr	r0, .L437+16
 5313 009e 8142     		cmp	r1, r0
 5314 00a0 C3D0     		beq	.L427
 5315 00a2 06D8     		bhi	.L431
 5316 00a4 2038     		subs	r0, r0, #32
 5317 00a6 8142     		cmp	r1, r0
 5318 00a8 BFD0     		beq	.L427
 5319 00aa 1030     		adds	r0, r0, #16
 5320 00ac 8142     		cmp	r1, r0
 5321 00ae C7D1     		bne	.L430
 5322 00b0 BBE7     		b	.L427
 5323              	.L431:
 5324 00b2 0948     		ldr	r0, .L437+20
 5325 00b4 8142     		cmp	r1, r0
 5326 00b6 B8D0     		beq	.L427
 5327 00b8 1030     		adds	r0, r0, #16
 5328 00ba 8142     		cmp	r1, r0
 5329 00bc C0D1     		bne	.L430
 5330 00be B4E7     		b	.L427
 5331              	.L432:
 5332              	.LCFI41:
 5333              		.cfi_def_cfa_offset 0
ARM GAS  /tmp/cchCrvCd.s 			page 184


 5334              		.cfi_restore 4
2114:platform/HAL/src/stm32g4xx_hal_tim_ex.c **** 
 5335              		.loc 1 2114 3 discriminator 1 view .LVU1500
 5336 00c0 0220     		movs	r0, #2
2170:platform/HAL/src/stm32g4xx_hal_tim_ex.c **** 
 5337              		.loc 1 2170 1 view .LVU1501
 5338 00c2 7047     		bx	lr
 5339              	.L438:
 5340              		.align	2
 5341              	.L437:
 5342 00c4 20001000 		.word	1048608
 5343 00c8 00000000 		.word	TIMEx_DMACommutationCplt
 5344 00cc 00000000 		.word	TIMEx_DMACommutationHalfCplt
 5345 00d0 00000000 		.word	TIM_DMAError
 5346 00d4 50001000 		.word	1048656
 5347 00d8 60001000 		.word	1048672
 5348              		.cfi_endproc
 5349              	.LFE357:
 5351              		.section	.text.HAL_TIMEx_MasterConfigSynchronization,"ax",%progbits
 5352              		.align	1
 5353              		.global	HAL_TIMEx_MasterConfigSynchronization
 5354              		.syntax unified
 5355              		.thumb
 5356              		.thumb_func
 5358              	HAL_TIMEx_MasterConfigSynchronization:
 5359              	.LVL337:
 5360              	.LFB358:
2182:platform/HAL/src/stm32g4xx_hal_tim_ex.c ****   uint32_t tmpcr2;
 5361              		.loc 1 2182 1 is_stmt 1 view -0
 5362              		.cfi_startproc
 5363              		@ args = 0, pretend = 0, frame = 0
 5364              		@ frame_needed = 0, uses_anonymous_args = 0
 5365              		@ link register save eliminated.
2183:platform/HAL/src/stm32g4xx_hal_tim_ex.c ****   uint32_t tmpsmcr;
 5366              		.loc 1 2183 3 view .LVU1503
2184:platform/HAL/src/stm32g4xx_hal_tim_ex.c **** 
 5367              		.loc 1 2184 3 view .LVU1504
2187:platform/HAL/src/stm32g4xx_hal_tim_ex.c ****   assert_param(IS_TIM_TRGO_SOURCE(sMasterConfig->MasterOutputTrigger));
 5368              		.loc 1 2187 3 view .LVU1505
2188:platform/HAL/src/stm32g4xx_hal_tim_ex.c ****   assert_param(IS_TIM_MSM_STATE(sMasterConfig->MasterSlaveMode));
 5369              		.loc 1 2188 3 view .LVU1506
2189:platform/HAL/src/stm32g4xx_hal_tim_ex.c **** 
 5370              		.loc 1 2189 3 view .LVU1507
2192:platform/HAL/src/stm32g4xx_hal_tim_ex.c **** 
 5371              		.loc 1 2192 3 view .LVU1508
2192:platform/HAL/src/stm32g4xx_hal_tim_ex.c **** 
 5372              		.loc 1 2192 3 view .LVU1509
 5373 0000 90F83C20 		ldrb	r2, [r0, #60]	@ zero_extendqisi2
 5374 0004 012A     		cmp	r2, #1
 5375 0006 4CD0     		beq	.L445
2182:platform/HAL/src/stm32g4xx_hal_tim_ex.c ****   uint32_t tmpcr2;
 5376              		.loc 1 2182 1 is_stmt 0 view .LVU1510
 5377 0008 30B4     		push	{r4, r5}
 5378              	.LCFI42:
 5379              		.cfi_def_cfa_offset 8
 5380              		.cfi_offset 4, -8
 5381              		.cfi_offset 5, -4
ARM GAS  /tmp/cchCrvCd.s 			page 185


 5382 000a 0346     		mov	r3, r0
2192:platform/HAL/src/stm32g4xx_hal_tim_ex.c **** 
 5383              		.loc 1 2192 3 is_stmt 1 discriminator 2 view .LVU1511
 5384 000c 0122     		movs	r2, #1
 5385 000e 80F83C20 		strb	r2, [r0, #60]
2192:platform/HAL/src/stm32g4xx_hal_tim_ex.c **** 
 5386              		.loc 1 2192 3 view .LVU1512
2195:platform/HAL/src/stm32g4xx_hal_tim_ex.c **** 
 5387              		.loc 1 2195 3 view .LVU1513
2195:platform/HAL/src/stm32g4xx_hal_tim_ex.c **** 
 5388              		.loc 1 2195 15 is_stmt 0 view .LVU1514
 5389 0012 0222     		movs	r2, #2
 5390 0014 80F83D20 		strb	r2, [r0, #61]
2198:platform/HAL/src/stm32g4xx_hal_tim_ex.c **** 
 5391              		.loc 1 2198 3 is_stmt 1 view .LVU1515
2198:platform/HAL/src/stm32g4xx_hal_tim_ex.c **** 
 5392              		.loc 1 2198 16 is_stmt 0 view .LVU1516
 5393 0018 0068     		ldr	r0, [r0]
 5394              	.LVL338:
2198:platform/HAL/src/stm32g4xx_hal_tim_ex.c **** 
 5395              		.loc 1 2198 10 view .LVU1517
 5396 001a 4268     		ldr	r2, [r0, #4]
 5397              	.LVL339:
2201:platform/HAL/src/stm32g4xx_hal_tim_ex.c **** 
 5398              		.loc 1 2201 3 is_stmt 1 view .LVU1518
2201:platform/HAL/src/stm32g4xx_hal_tim_ex.c **** 
 5399              		.loc 1 2201 11 is_stmt 0 view .LVU1519
 5400 001c 8468     		ldr	r4, [r0, #8]
 5401              	.LVL340:
2204:platform/HAL/src/stm32g4xx_hal_tim_ex.c ****   {
 5402              		.loc 1 2204 3 is_stmt 1 view .LVU1520
2204:platform/HAL/src/stm32g4xx_hal_tim_ex.c ****   {
 5403              		.loc 1 2204 6 is_stmt 0 view .LVU1521
 5404 001e 224D     		ldr	r5, .L450
 5405 0020 A842     		cmp	r0, r5
 5406 0022 07D0     		beq	.L441
2204:platform/HAL/src/stm32g4xx_hal_tim_ex.c ****   {
 5407              		.loc 1 2204 7 discriminator 1 view .LVU1522
 5408 0024 05F50065 		add	r5, r5, #2048
 5409 0028 A842     		cmp	r0, r5
 5410 002a 03D0     		beq	.L441
2204:platform/HAL/src/stm32g4xx_hal_tim_ex.c ****   {
 5411              		.loc 1 2204 7 discriminator 2 view .LVU1523
 5412 002c 05F5E055 		add	r5, r5, #7168
 5413 0030 A842     		cmp	r0, r5
 5414 0032 03D1     		bne	.L442
 5415              	.L441:
2207:platform/HAL/src/stm32g4xx_hal_tim_ex.c **** 
 5416              		.loc 1 2207 5 is_stmt 1 view .LVU1524
2210:platform/HAL/src/stm32g4xx_hal_tim_ex.c ****     /* Select the TRGO2 source*/
 5417              		.loc 1 2210 5 view .LVU1525
2210:platform/HAL/src/stm32g4xx_hal_tim_ex.c ****     /* Select the TRGO2 source*/
 5418              		.loc 1 2210 12 is_stmt 0 view .LVU1526
 5419 0034 22F47002 		bic	r2, r2, #15728640
 5420              	.LVL341:
2212:platform/HAL/src/stm32g4xx_hal_tim_ex.c ****   }
 5421              		.loc 1 2212 5 is_stmt 1 view .LVU1527
ARM GAS  /tmp/cchCrvCd.s 			page 186


2212:platform/HAL/src/stm32g4xx_hal_tim_ex.c ****   }
 5422              		.loc 1 2212 28 is_stmt 0 view .LVU1528
 5423 0038 4D68     		ldr	r5, [r1, #4]
2212:platform/HAL/src/stm32g4xx_hal_tim_ex.c ****   }
 5424              		.loc 1 2212 12 view .LVU1529
 5425 003a 2A43     		orrs	r2, r2, r5
 5426              	.LVL342:
 5427              	.L442:
2216:platform/HAL/src/stm32g4xx_hal_tim_ex.c ****   /* Select the TRGO source */
 5428              		.loc 1 2216 3 is_stmt 1 view .LVU1530
2216:platform/HAL/src/stm32g4xx_hal_tim_ex.c ****   /* Select the TRGO source */
 5429              		.loc 1 2216 10 is_stmt 0 view .LVU1531
 5430 003c 22F00072 		bic	r2, r2, #33554432
 5431              	.LVL343:
2216:platform/HAL/src/stm32g4xx_hal_tim_ex.c ****   /* Select the TRGO source */
 5432              		.loc 1 2216 10 view .LVU1532
 5433 0040 22F07002 		bic	r2, r2, #112
 5434              	.LVL344:
2218:platform/HAL/src/stm32g4xx_hal_tim_ex.c **** 
 5435              		.loc 1 2218 3 is_stmt 1 view .LVU1533
2218:platform/HAL/src/stm32g4xx_hal_tim_ex.c **** 
 5436              		.loc 1 2218 10 is_stmt 0 view .LVU1534
 5437 0044 0D68     		ldr	r5, [r1]
 5438 0046 2A43     		orrs	r2, r2, r5
 5439              	.LVL345:
2221:platform/HAL/src/stm32g4xx_hal_tim_ex.c **** 
 5440              		.loc 1 2221 3 is_stmt 1 view .LVU1535
2221:platform/HAL/src/stm32g4xx_hal_tim_ex.c **** 
 5441              		.loc 1 2221 23 is_stmt 0 view .LVU1536
 5442 0048 4260     		str	r2, [r0, #4]
2223:platform/HAL/src/stm32g4xx_hal_tim_ex.c ****   {
 5443              		.loc 1 2223 3 is_stmt 1 view .LVU1537
2223:platform/HAL/src/stm32g4xx_hal_tim_ex.c ****   {
 5444              		.loc 1 2223 7 is_stmt 0 view .LVU1538
 5445 004a 1A68     		ldr	r2, [r3]
 5446              	.LVL346:
2223:platform/HAL/src/stm32g4xx_hal_tim_ex.c ****   {
 5447              		.loc 1 2223 6 view .LVU1539
 5448 004c 1648     		ldr	r0, .L450
 5449              	.LVL347:
2223:platform/HAL/src/stm32g4xx_hal_tim_ex.c ****   {
 5450              		.loc 1 2223 6 view .LVU1540
 5451 004e 8242     		cmp	r2, r0
 5452 0050 1AD0     		beq	.L443
2223:platform/HAL/src/stm32g4xx_hal_tim_ex.c ****   {
 5453              		.loc 1 2223 7 discriminator 1 view .LVU1541
 5454 0052 B2F1804F 		cmp	r2, #1073741824
 5455 0056 17D0     		beq	.L443
2223:platform/HAL/src/stm32g4xx_hal_tim_ex.c ****   {
 5456              		.loc 1 2223 7 discriminator 2 view .LVU1542
 5457 0058 A0F59430 		sub	r0, r0, #75776
 5458 005c 8242     		cmp	r2, r0
 5459 005e 13D0     		beq	.L443
2223:platform/HAL/src/stm32g4xx_hal_tim_ex.c ****   {
 5460              		.loc 1 2223 7 discriminator 3 view .LVU1543
 5461 0060 00F58060 		add	r0, r0, #1024
 5462 0064 8242     		cmp	r2, r0
ARM GAS  /tmp/cchCrvCd.s 			page 187


 5463 0066 0FD0     		beq	.L443
2223:platform/HAL/src/stm32g4xx_hal_tim_ex.c ****   {
 5464              		.loc 1 2223 7 discriminator 4 view .LVU1544
 5465 0068 00F58060 		add	r0, r0, #1024
 5466 006c 8242     		cmp	r2, r0
 5467 006e 0BD0     		beq	.L443
2223:platform/HAL/src/stm32g4xx_hal_tim_ex.c ****   {
 5468              		.loc 1 2223 7 discriminator 5 view .LVU1545
 5469 0070 00F59430 		add	r0, r0, #75776
 5470 0074 8242     		cmp	r2, r0
 5471 0076 07D0     		beq	.L443
2223:platform/HAL/src/stm32g4xx_hal_tim_ex.c ****   {
 5472              		.loc 1 2223 7 discriminator 6 view .LVU1546
 5473 0078 00F54060 		add	r0, r0, #3072
 5474 007c 8242     		cmp	r2, r0
 5475 007e 03D0     		beq	.L443
2223:platform/HAL/src/stm32g4xx_hal_tim_ex.c ****   {
 5476              		.loc 1 2223 7 discriminator 7 view .LVU1547
 5477 0080 00F58050 		add	r0, r0, #4096
 5478 0084 8242     		cmp	r2, r0
 5479 0086 04D1     		bne	.L444
 5480              	.L443:
2226:platform/HAL/src/stm32g4xx_hal_tim_ex.c ****     /* Set master mode */
 5481              		.loc 1 2226 5 is_stmt 1 view .LVU1548
2226:platform/HAL/src/stm32g4xx_hal_tim_ex.c ****     /* Set master mode */
 5482              		.loc 1 2226 13 is_stmt 0 view .LVU1549
 5483 0088 24F08004 		bic	r4, r4, #128
 5484              	.LVL348:
2228:platform/HAL/src/stm32g4xx_hal_tim_ex.c **** 
 5485              		.loc 1 2228 5 is_stmt 1 view .LVU1550
2228:platform/HAL/src/stm32g4xx_hal_tim_ex.c **** 
 5486              		.loc 1 2228 29 is_stmt 0 view .LVU1551
 5487 008c 8968     		ldr	r1, [r1, #8]
 5488              	.LVL349:
2228:platform/HAL/src/stm32g4xx_hal_tim_ex.c **** 
 5489              		.loc 1 2228 13 view .LVU1552
 5490 008e 2143     		orrs	r1, r1, r4
 5491              	.LVL350:
2231:platform/HAL/src/stm32g4xx_hal_tim_ex.c ****   }
 5492              		.loc 1 2231 5 is_stmt 1 view .LVU1553
2231:platform/HAL/src/stm32g4xx_hal_tim_ex.c ****   }
 5493              		.loc 1 2231 26 is_stmt 0 view .LVU1554
 5494 0090 9160     		str	r1, [r2, #8]
 5495              	.LVL351:
 5496              	.L444:
2235:platform/HAL/src/stm32g4xx_hal_tim_ex.c **** 
 5497              		.loc 1 2235 3 is_stmt 1 view .LVU1555
2235:platform/HAL/src/stm32g4xx_hal_tim_ex.c **** 
 5498              		.loc 1 2235 15 is_stmt 0 view .LVU1556
 5499 0092 0122     		movs	r2, #1
 5500 0094 83F83D20 		strb	r2, [r3, #61]
2237:platform/HAL/src/stm32g4xx_hal_tim_ex.c **** 
 5501              		.loc 1 2237 3 is_stmt 1 view .LVU1557
2237:platform/HAL/src/stm32g4xx_hal_tim_ex.c **** 
 5502              		.loc 1 2237 3 view .LVU1558
 5503 0098 0020     		movs	r0, #0
 5504 009a 83F83C00 		strb	r0, [r3, #60]
ARM GAS  /tmp/cchCrvCd.s 			page 188


2237:platform/HAL/src/stm32g4xx_hal_tim_ex.c **** 
 5505              		.loc 1 2237 3 view .LVU1559
2239:platform/HAL/src/stm32g4xx_hal_tim_ex.c **** }
 5506              		.loc 1 2239 3 view .LVU1560
2240:platform/HAL/src/stm32g4xx_hal_tim_ex.c **** 
 5507              		.loc 1 2240 1 is_stmt 0 view .LVU1561
 5508 009e 30BC     		pop	{r4, r5}
 5509              	.LCFI43:
 5510              		.cfi_restore 5
 5511              		.cfi_restore 4
 5512              		.cfi_def_cfa_offset 0
 5513 00a0 7047     		bx	lr
 5514              	.LVL352:
 5515              	.L445:
2192:platform/HAL/src/stm32g4xx_hal_tim_ex.c **** 
 5516              		.loc 1 2192 3 discriminator 1 view .LVU1562
 5517 00a2 0220     		movs	r0, #2
 5518              	.LVL353:
2240:platform/HAL/src/stm32g4xx_hal_tim_ex.c **** 
 5519              		.loc 1 2240 1 view .LVU1563
 5520 00a4 7047     		bx	lr
 5521              	.L451:
 5522 00a6 00BF     		.align	2
 5523              	.L450:
 5524 00a8 002C0140 		.word	1073818624
 5525              		.cfi_endproc
 5526              	.LFE358:
 5528              		.section	.text.HAL_TIMEx_ConfigBreakDeadTime,"ax",%progbits
 5529              		.align	1
 5530              		.global	HAL_TIMEx_ConfigBreakDeadTime
 5531              		.syntax unified
 5532              		.thumb
 5533              		.thumb_func
 5535              	HAL_TIMEx_ConfigBreakDeadTime:
 5536              	.LVL354:
 5537              	.LFB359:
2255:platform/HAL/src/stm32g4xx_hal_tim_ex.c ****   /* Keep this variable initialized to 0 as it is used to configure BDTR register */
 5538              		.loc 1 2255 1 is_stmt 1 view -0
 5539              		.cfi_startproc
 5540              		@ args = 0, pretend = 0, frame = 0
 5541              		@ frame_needed = 0, uses_anonymous_args = 0
 5542              		@ link register save eliminated.
2257:platform/HAL/src/stm32g4xx_hal_tim_ex.c **** 
 5543              		.loc 1 2257 3 view .LVU1565
2260:platform/HAL/src/stm32g4xx_hal_tim_ex.c ****   assert_param(IS_TIM_OSSR_STATE(sBreakDeadTimeConfig->OffStateRunMode));
 5544              		.loc 1 2260 3 view .LVU1566
2261:platform/HAL/src/stm32g4xx_hal_tim_ex.c ****   assert_param(IS_TIM_OSSI_STATE(sBreakDeadTimeConfig->OffStateIDLEMode));
 5545              		.loc 1 2261 3 view .LVU1567
2262:platform/HAL/src/stm32g4xx_hal_tim_ex.c ****   assert_param(IS_TIM_LOCK_LEVEL(sBreakDeadTimeConfig->LockLevel));
 5546              		.loc 1 2262 3 view .LVU1568
2263:platform/HAL/src/stm32g4xx_hal_tim_ex.c ****   assert_param(IS_TIM_DEADTIME(sBreakDeadTimeConfig->DeadTime));
 5547              		.loc 1 2263 3 view .LVU1569
2264:platform/HAL/src/stm32g4xx_hal_tim_ex.c ****   assert_param(IS_TIM_BREAK_STATE(sBreakDeadTimeConfig->BreakState));
 5548              		.loc 1 2264 3 view .LVU1570
2265:platform/HAL/src/stm32g4xx_hal_tim_ex.c ****   assert_param(IS_TIM_BREAK_POLARITY(sBreakDeadTimeConfig->BreakPolarity));
 5549              		.loc 1 2265 3 view .LVU1571
2266:platform/HAL/src/stm32g4xx_hal_tim_ex.c ****   assert_param(IS_TIM_BREAK_FILTER(sBreakDeadTimeConfig->BreakFilter));
ARM GAS  /tmp/cchCrvCd.s 			page 189


 5550              		.loc 1 2266 3 view .LVU1572
2267:platform/HAL/src/stm32g4xx_hal_tim_ex.c ****   assert_param(IS_TIM_AUTOMATIC_OUTPUT_STATE(sBreakDeadTimeConfig->AutomaticOutput));
 5551              		.loc 1 2267 3 view .LVU1573
2268:platform/HAL/src/stm32g4xx_hal_tim_ex.c ****   assert_param(IS_TIM_BREAK_AFMODE(sBreakDeadTimeConfig->BreakAFMode));
 5552              		.loc 1 2268 3 view .LVU1574
2269:platform/HAL/src/stm32g4xx_hal_tim_ex.c **** 
 5553              		.loc 1 2269 3 view .LVU1575
2272:platform/HAL/src/stm32g4xx_hal_tim_ex.c **** 
 5554              		.loc 1 2272 3 view .LVU1576
2272:platform/HAL/src/stm32g4xx_hal_tim_ex.c **** 
 5555              		.loc 1 2272 3 view .LVU1577
 5556 0000 90F83C30 		ldrb	r3, [r0, #60]	@ zero_extendqisi2
 5557 0004 012B     		cmp	r3, #1
 5558 0006 4AD0     		beq	.L456
2255:platform/HAL/src/stm32g4xx_hal_tim_ex.c ****   /* Keep this variable initialized to 0 as it is used to configure BDTR register */
 5559              		.loc 1 2255 1 is_stmt 0 view .LVU1578
 5560 0008 10B4     		push	{r4}
 5561              	.LCFI44:
 5562              		.cfi_def_cfa_offset 4
 5563              		.cfi_offset 4, -4
 5564 000a 0246     		mov	r2, r0
2272:platform/HAL/src/stm32g4xx_hal_tim_ex.c **** 
 5565              		.loc 1 2272 3 is_stmt 1 discriminator 2 view .LVU1579
 5566 000c 0123     		movs	r3, #1
 5567 000e 80F83C30 		strb	r3, [r0, #60]
2272:platform/HAL/src/stm32g4xx_hal_tim_ex.c **** 
 5568              		.loc 1 2272 3 view .LVU1580
2278:platform/HAL/src/stm32g4xx_hal_tim_ex.c ****   MODIFY_REG(tmpbdtr, TIM_BDTR_LOCK, sBreakDeadTimeConfig->LockLevel);
 5569              		.loc 1 2278 3 view .LVU1581
 5570 0012 CB68     		ldr	r3, [r1, #12]
 5571              	.LVL355:
2279:platform/HAL/src/stm32g4xx_hal_tim_ex.c ****   MODIFY_REG(tmpbdtr, TIM_BDTR_OSSI, sBreakDeadTimeConfig->OffStateIDLEMode);
 5572              		.loc 1 2279 3 view .LVU1582
 5573 0014 23F44073 		bic	r3, r3, #768
 5574              	.LVL356:
2279:platform/HAL/src/stm32g4xx_hal_tim_ex.c ****   MODIFY_REG(tmpbdtr, TIM_BDTR_OSSI, sBreakDeadTimeConfig->OffStateIDLEMode);
 5575              		.loc 1 2279 3 is_stmt 0 view .LVU1583
 5576 0018 8868     		ldr	r0, [r1, #8]
 5577              	.LVL357:
2279:platform/HAL/src/stm32g4xx_hal_tim_ex.c ****   MODIFY_REG(tmpbdtr, TIM_BDTR_OSSI, sBreakDeadTimeConfig->OffStateIDLEMode);
 5578              		.loc 1 2279 3 view .LVU1584
 5579 001a 0343     		orrs	r3, r3, r0
 5580              	.LVL358:
2280:platform/HAL/src/stm32g4xx_hal_tim_ex.c ****   MODIFY_REG(tmpbdtr, TIM_BDTR_OSSR, sBreakDeadTimeConfig->OffStateRunMode);
 5581              		.loc 1 2280 3 is_stmt 1 view .LVU1585
 5582 001c 23F48063 		bic	r3, r3, #1024
 5583              	.LVL359:
2280:platform/HAL/src/stm32g4xx_hal_tim_ex.c ****   MODIFY_REG(tmpbdtr, TIM_BDTR_OSSR, sBreakDeadTimeConfig->OffStateRunMode);
 5584              		.loc 1 2280 3 is_stmt 0 view .LVU1586
 5585 0020 4868     		ldr	r0, [r1, #4]
 5586              	.LVL360:
2280:platform/HAL/src/stm32g4xx_hal_tim_ex.c ****   MODIFY_REG(tmpbdtr, TIM_BDTR_OSSR, sBreakDeadTimeConfig->OffStateRunMode);
 5587              		.loc 1 2280 3 view .LVU1587
 5588 0022 0343     		orrs	r3, r3, r0
 5589              	.LVL361:
2281:platform/HAL/src/stm32g4xx_hal_tim_ex.c ****   MODIFY_REG(tmpbdtr, TIM_BDTR_BKE, sBreakDeadTimeConfig->BreakState);
 5590              		.loc 1 2281 3 is_stmt 1 view .LVU1588
ARM GAS  /tmp/cchCrvCd.s 			page 190


 5591 0024 23F40063 		bic	r3, r3, #2048
 5592              	.LVL362:
2281:platform/HAL/src/stm32g4xx_hal_tim_ex.c ****   MODIFY_REG(tmpbdtr, TIM_BDTR_BKE, sBreakDeadTimeConfig->BreakState);
 5593              		.loc 1 2281 3 is_stmt 0 view .LVU1589
 5594 0028 0868     		ldr	r0, [r1]
 5595              	.LVL363:
2281:platform/HAL/src/stm32g4xx_hal_tim_ex.c ****   MODIFY_REG(tmpbdtr, TIM_BDTR_BKE, sBreakDeadTimeConfig->BreakState);
 5596              		.loc 1 2281 3 view .LVU1590
 5597 002a 0343     		orrs	r3, r3, r0
 5598              	.LVL364:
2282:platform/HAL/src/stm32g4xx_hal_tim_ex.c ****   MODIFY_REG(tmpbdtr, TIM_BDTR_BKP, sBreakDeadTimeConfig->BreakPolarity);
 5599              		.loc 1 2282 3 is_stmt 1 view .LVU1591
 5600 002c 23F48053 		bic	r3, r3, #4096
 5601              	.LVL365:
2282:platform/HAL/src/stm32g4xx_hal_tim_ex.c ****   MODIFY_REG(tmpbdtr, TIM_BDTR_BKP, sBreakDeadTimeConfig->BreakPolarity);
 5602              		.loc 1 2282 3 is_stmt 0 view .LVU1592
 5603 0030 0869     		ldr	r0, [r1, #16]
 5604              	.LVL366:
2282:platform/HAL/src/stm32g4xx_hal_tim_ex.c ****   MODIFY_REG(tmpbdtr, TIM_BDTR_BKP, sBreakDeadTimeConfig->BreakPolarity);
 5605              		.loc 1 2282 3 view .LVU1593
 5606 0032 0343     		orrs	r3, r3, r0
 5607              	.LVL367:
2283:platform/HAL/src/stm32g4xx_hal_tim_ex.c ****   MODIFY_REG(tmpbdtr, TIM_BDTR_AOE, sBreakDeadTimeConfig->AutomaticOutput);
 5608              		.loc 1 2283 3 is_stmt 1 view .LVU1594
 5609 0034 23F40053 		bic	r3, r3, #8192
 5610              	.LVL368:
2283:platform/HAL/src/stm32g4xx_hal_tim_ex.c ****   MODIFY_REG(tmpbdtr, TIM_BDTR_AOE, sBreakDeadTimeConfig->AutomaticOutput);
 5611              		.loc 1 2283 3 is_stmt 0 view .LVU1595
 5612 0038 4869     		ldr	r0, [r1, #20]
 5613              	.LVL369:
2283:platform/HAL/src/stm32g4xx_hal_tim_ex.c ****   MODIFY_REG(tmpbdtr, TIM_BDTR_AOE, sBreakDeadTimeConfig->AutomaticOutput);
 5614              		.loc 1 2283 3 view .LVU1596
 5615 003a 0343     		orrs	r3, r3, r0
 5616              	.LVL370:
2284:platform/HAL/src/stm32g4xx_hal_tim_ex.c ****   MODIFY_REG(tmpbdtr, TIM_BDTR_BKF, (sBreakDeadTimeConfig->BreakFilter << TIM_BDTR_BKF_Pos));
 5617              		.loc 1 2284 3 is_stmt 1 view .LVU1597
 5618 003c 23F48043 		bic	r3, r3, #16384
 5619              	.LVL371:
2284:platform/HAL/src/stm32g4xx_hal_tim_ex.c ****   MODIFY_REG(tmpbdtr, TIM_BDTR_BKF, (sBreakDeadTimeConfig->BreakFilter << TIM_BDTR_BKF_Pos));
 5620              		.loc 1 2284 3 is_stmt 0 view .LVU1598
 5621 0040 086B     		ldr	r0, [r1, #48]
 5622              	.LVL372:
2284:platform/HAL/src/stm32g4xx_hal_tim_ex.c ****   MODIFY_REG(tmpbdtr, TIM_BDTR_BKF, (sBreakDeadTimeConfig->BreakFilter << TIM_BDTR_BKF_Pos));
 5623              		.loc 1 2284 3 view .LVU1599
 5624 0042 0343     		orrs	r3, r3, r0
 5625              	.LVL373:
2285:platform/HAL/src/stm32g4xx_hal_tim_ex.c ****   MODIFY_REG(tmpbdtr, TIM_BDTR_BKBID, sBreakDeadTimeConfig->BreakAFMode);
 5626              		.loc 1 2285 3 is_stmt 1 view .LVU1600
 5627 0044 23F47023 		bic	r3, r3, #983040
 5628              	.LVL374:
2285:platform/HAL/src/stm32g4xx_hal_tim_ex.c ****   MODIFY_REG(tmpbdtr, TIM_BDTR_BKBID, sBreakDeadTimeConfig->BreakAFMode);
 5629              		.loc 1 2285 3 is_stmt 0 view .LVU1601
 5630 0048 8869     		ldr	r0, [r1, #24]
 5631              	.LVL375:
2285:platform/HAL/src/stm32g4xx_hal_tim_ex.c ****   MODIFY_REG(tmpbdtr, TIM_BDTR_BKBID, sBreakDeadTimeConfig->BreakAFMode);
 5632              		.loc 1 2285 3 view .LVU1602
 5633 004a 43EA0043 		orr	r3, r3, r0, lsl #16
ARM GAS  /tmp/cchCrvCd.s 			page 191


 5634              	.LVL376:
2286:platform/HAL/src/stm32g4xx_hal_tim_ex.c **** 
 5635              		.loc 1 2286 3 is_stmt 1 view .LVU1603
 5636 004e 23F08053 		bic	r3, r3, #268435456
 5637              	.LVL377:
2286:platform/HAL/src/stm32g4xx_hal_tim_ex.c **** 
 5638              		.loc 1 2286 3 is_stmt 0 view .LVU1604
 5639 0052 C869     		ldr	r0, [r1, #28]
 5640              	.LVL378:
2286:platform/HAL/src/stm32g4xx_hal_tim_ex.c **** 
 5641              		.loc 1 2286 3 view .LVU1605
 5642 0054 0343     		orrs	r3, r3, r0
 5643              	.LVL379:
2288:platform/HAL/src/stm32g4xx_hal_tim_ex.c ****   {
 5644              		.loc 1 2288 3 is_stmt 1 view .LVU1606
2288:platform/HAL/src/stm32g4xx_hal_tim_ex.c ****   {
 5645              		.loc 1 2288 7 is_stmt 0 view .LVU1607
 5646 0056 1068     		ldr	r0, [r2]
2288:platform/HAL/src/stm32g4xx_hal_tim_ex.c ****   {
 5647              		.loc 1 2288 6 view .LVU1608
 5648 0058 124C     		ldr	r4, .L461
 5649 005a A042     		cmp	r0, r4
 5650 005c 07D0     		beq	.L454
2288:platform/HAL/src/stm32g4xx_hal_tim_ex.c ****   {
 5651              		.loc 1 2288 7 discriminator 1 view .LVU1609
 5652 005e 04F50064 		add	r4, r4, #2048
 5653 0062 A042     		cmp	r0, r4
 5654 0064 03D0     		beq	.L454
2288:platform/HAL/src/stm32g4xx_hal_tim_ex.c ****   {
 5655              		.loc 1 2288 7 discriminator 2 view .LVU1610
 5656 0066 04F5E054 		add	r4, r4, #7168
 5657 006a A042     		cmp	r0, r4
 5658 006c 10D1     		bne	.L455
 5659              	.L454:
2291:platform/HAL/src/stm32g4xx_hal_tim_ex.c ****     assert_param(IS_TIM_BREAK2_POLARITY(sBreakDeadTimeConfig->Break2Polarity));
 5660              		.loc 1 2291 5 is_stmt 1 view .LVU1611
2292:platform/HAL/src/stm32g4xx_hal_tim_ex.c ****     assert_param(IS_TIM_BREAK_FILTER(sBreakDeadTimeConfig->Break2Filter));
 5661              		.loc 1 2292 5 view .LVU1612
2293:platform/HAL/src/stm32g4xx_hal_tim_ex.c ****     assert_param(IS_TIM_BREAK2_AFMODE(sBreakDeadTimeConfig->Break2AFMode));
 5662              		.loc 1 2293 5 view .LVU1613
2294:platform/HAL/src/stm32g4xx_hal_tim_ex.c **** 
 5663              		.loc 1 2294 5 view .LVU1614
2297:platform/HAL/src/stm32g4xx_hal_tim_ex.c ****     MODIFY_REG(tmpbdtr, TIM_BDTR_BK2E, sBreakDeadTimeConfig->Break2State);
 5664              		.loc 1 2297 5 view .LVU1615
 5665 006e 23F47003 		bic	r3, r3, #15728640
 5666              	.LVL380:
2297:platform/HAL/src/stm32g4xx_hal_tim_ex.c ****     MODIFY_REG(tmpbdtr, TIM_BDTR_BK2E, sBreakDeadTimeConfig->Break2State);
 5667              		.loc 1 2297 5 is_stmt 0 view .LVU1616
 5668 0072 8C6A     		ldr	r4, [r1, #40]
 5669 0074 43EA0453 		orr	r3, r3, r4, lsl #20
 5670              	.LVL381:
2298:platform/HAL/src/stm32g4xx_hal_tim_ex.c ****     MODIFY_REG(tmpbdtr, TIM_BDTR_BK2P, sBreakDeadTimeConfig->Break2Polarity);
 5671              		.loc 1 2298 5 is_stmt 1 view .LVU1617
 5672 0078 23F08073 		bic	r3, r3, #16777216
 5673              	.LVL382:
2298:platform/HAL/src/stm32g4xx_hal_tim_ex.c ****     MODIFY_REG(tmpbdtr, TIM_BDTR_BK2P, sBreakDeadTimeConfig->Break2Polarity);
 5674              		.loc 1 2298 5 is_stmt 0 view .LVU1618
ARM GAS  /tmp/cchCrvCd.s 			page 192


 5675 007c 0C6A     		ldr	r4, [r1, #32]
 5676              	.LVL383:
2298:platform/HAL/src/stm32g4xx_hal_tim_ex.c ****     MODIFY_REG(tmpbdtr, TIM_BDTR_BK2P, sBreakDeadTimeConfig->Break2Polarity);
 5677              		.loc 1 2298 5 view .LVU1619
 5678 007e 2343     		orrs	r3, r3, r4
 5679              	.LVL384:
2299:platform/HAL/src/stm32g4xx_hal_tim_ex.c ****     MODIFY_REG(tmpbdtr, TIM_BDTR_BK2BID, sBreakDeadTimeConfig->Break2AFMode);
 5680              		.loc 1 2299 5 is_stmt 1 view .LVU1620
 5681 0080 23F00073 		bic	r3, r3, #33554432
 5682              	.LVL385:
2299:platform/HAL/src/stm32g4xx_hal_tim_ex.c ****     MODIFY_REG(tmpbdtr, TIM_BDTR_BK2BID, sBreakDeadTimeConfig->Break2AFMode);
 5683              		.loc 1 2299 5 is_stmt 0 view .LVU1621
 5684 0084 4C6A     		ldr	r4, [r1, #36]
 5685              	.LVL386:
2299:platform/HAL/src/stm32g4xx_hal_tim_ex.c ****     MODIFY_REG(tmpbdtr, TIM_BDTR_BK2BID, sBreakDeadTimeConfig->Break2AFMode);
 5686              		.loc 1 2299 5 view .LVU1622
 5687 0086 2343     		orrs	r3, r3, r4
 5688              	.LVL387:
2300:platform/HAL/src/stm32g4xx_hal_tim_ex.c ****   }
 5689              		.loc 1 2300 5 is_stmt 1 view .LVU1623
 5690 0088 23F00053 		bic	r3, r3, #536870912
 5691              	.LVL388:
2300:platform/HAL/src/stm32g4xx_hal_tim_ex.c ****   }
 5692              		.loc 1 2300 5 is_stmt 0 view .LVU1624
 5693 008c C96A     		ldr	r1, [r1, #44]
 5694              	.LVL389:
2300:platform/HAL/src/stm32g4xx_hal_tim_ex.c ****   }
 5695              		.loc 1 2300 5 view .LVU1625
 5696 008e 0B43     		orrs	r3, r3, r1
 5697              	.LVL390:
 5698              	.L455:
2304:platform/HAL/src/stm32g4xx_hal_tim_ex.c **** 
 5699              		.loc 1 2304 3 is_stmt 1 view .LVU1626
2304:platform/HAL/src/stm32g4xx_hal_tim_ex.c **** 
 5700              		.loc 1 2304 24 is_stmt 0 view .LVU1627
 5701 0090 4364     		str	r3, [r0, #68]
2306:platform/HAL/src/stm32g4xx_hal_tim_ex.c **** 
 5702              		.loc 1 2306 3 is_stmt 1 view .LVU1628
2306:platform/HAL/src/stm32g4xx_hal_tim_ex.c **** 
 5703              		.loc 1 2306 3 view .LVU1629
 5704 0092 0020     		movs	r0, #0
 5705 0094 82F83C00 		strb	r0, [r2, #60]
2306:platform/HAL/src/stm32g4xx_hal_tim_ex.c **** 
 5706              		.loc 1 2306 3 view .LVU1630
2308:platform/HAL/src/stm32g4xx_hal_tim_ex.c **** }
 5707              		.loc 1 2308 3 view .LVU1631
2309:platform/HAL/src/stm32g4xx_hal_tim_ex.c **** 
 5708              		.loc 1 2309 1 is_stmt 0 view .LVU1632
 5709 0098 5DF8044B 		ldr	r4, [sp], #4
 5710              	.LCFI45:
 5711              		.cfi_restore 4
 5712              		.cfi_def_cfa_offset 0
 5713 009c 7047     		bx	lr
 5714              	.LVL391:
 5715              	.L456:
2272:platform/HAL/src/stm32g4xx_hal_tim_ex.c **** 
 5716              		.loc 1 2272 3 discriminator 1 view .LVU1633
ARM GAS  /tmp/cchCrvCd.s 			page 193


 5717 009e 0220     		movs	r0, #2
 5718              	.LVL392:
2309:platform/HAL/src/stm32g4xx_hal_tim_ex.c **** 
 5719              		.loc 1 2309 1 view .LVU1634
 5720 00a0 7047     		bx	lr
 5721              	.L462:
 5722 00a2 00BF     		.align	2
 5723              	.L461:
 5724 00a4 002C0140 		.word	1073818624
 5725              		.cfi_endproc
 5726              	.LFE359:
 5728              		.section	.text.HAL_TIMEx_ConfigBreakInput,"ax",%progbits
 5729              		.align	1
 5730              		.global	HAL_TIMEx_ConfigBreakInput
 5731              		.syntax unified
 5732              		.thumb
 5733              		.thumb_func
 5735              	HAL_TIMEx_ConfigBreakInput:
 5736              	.LVL393:
 5737              	.LFB360:
2324:platform/HAL/src/stm32g4xx_hal_tim_ex.c ****   HAL_StatusTypeDef status = HAL_OK;
 5738              		.loc 1 2324 1 is_stmt 1 view -0
 5739              		.cfi_startproc
 5740              		@ args = 0, pretend = 0, frame = 0
 5741              		@ frame_needed = 0, uses_anonymous_args = 0
2324:platform/HAL/src/stm32g4xx_hal_tim_ex.c ****   HAL_StatusTypeDef status = HAL_OK;
 5742              		.loc 1 2324 1 is_stmt 0 view .LVU1636
 5743 0000 0346     		mov	r3, r0
2325:platform/HAL/src/stm32g4xx_hal_tim_ex.c ****   uint32_t tmporx;
 5744              		.loc 1 2325 3 is_stmt 1 view .LVU1637
 5745              	.LVL394:
2326:platform/HAL/src/stm32g4xx_hal_tim_ex.c ****   uint32_t bkin_enable_mask;
 5746              		.loc 1 2326 3 view .LVU1638
2327:platform/HAL/src/stm32g4xx_hal_tim_ex.c ****   uint32_t bkin_polarity_mask;
 5747              		.loc 1 2327 3 view .LVU1639
2328:platform/HAL/src/stm32g4xx_hal_tim_ex.c ****   uint32_t bkin_enable_bitpos;
 5748              		.loc 1 2328 3 view .LVU1640
2329:platform/HAL/src/stm32g4xx_hal_tim_ex.c ****   uint32_t bkin_polarity_bitpos;
 5749              		.loc 1 2329 3 view .LVU1641
2330:platform/HAL/src/stm32g4xx_hal_tim_ex.c **** 
 5750              		.loc 1 2330 3 view .LVU1642
2333:platform/HAL/src/stm32g4xx_hal_tim_ex.c ****   assert_param(IS_TIM_BREAKINPUT(BreakInput));
 5751              		.loc 1 2333 3 view .LVU1643
2334:platform/HAL/src/stm32g4xx_hal_tim_ex.c ****   assert_param(IS_TIM_BREAKINPUTSOURCE(sBreakInputConfig->Source));
 5752              		.loc 1 2334 3 view .LVU1644
2335:platform/HAL/src/stm32g4xx_hal_tim_ex.c ****   assert_param(IS_TIM_BREAKINPUTSOURCE_STATE(sBreakInputConfig->Enable));
 5753              		.loc 1 2335 3 view .LVU1645
2336:platform/HAL/src/stm32g4xx_hal_tim_ex.c ****   assert_param(IS_TIM_BREAKINPUTSOURCE_POLARITY(sBreakInputConfig->Polarity));
 5754              		.loc 1 2336 3 view .LVU1646
2337:platform/HAL/src/stm32g4xx_hal_tim_ex.c **** 
 5755              		.loc 1 2337 3 view .LVU1647
2340:platform/HAL/src/stm32g4xx_hal_tim_ex.c **** 
 5756              		.loc 1 2340 3 view .LVU1648
2340:platform/HAL/src/stm32g4xx_hal_tim_ex.c **** 
 5757              		.loc 1 2340 3 view .LVU1649
 5758 0002 90F83C00 		ldrb	r0, [r0, #60]	@ zero_extendqisi2
 5759              	.LVL395:
ARM GAS  /tmp/cchCrvCd.s 			page 194


2340:platform/HAL/src/stm32g4xx_hal_tim_ex.c **** 
 5760              		.loc 1 2340 3 is_stmt 0 view .LVU1650
 5761 0006 0128     		cmp	r0, #1
 5762 0008 00F08B80 		beq	.L477
2324:platform/HAL/src/stm32g4xx_hal_tim_ex.c ****   HAL_StatusTypeDef status = HAL_OK;
 5763              		.loc 1 2324 1 view .LVU1651
 5764 000c 70B5     		push	{r4, r5, r6, lr}
 5765              	.LCFI46:
 5766              		.cfi_def_cfa_offset 16
 5767              		.cfi_offset 4, -16
 5768              		.cfi_offset 5, -12
 5769              		.cfi_offset 6, -8
 5770              		.cfi_offset 14, -4
2340:platform/HAL/src/stm32g4xx_hal_tim_ex.c **** 
 5771              		.loc 1 2340 3 is_stmt 1 discriminator 2 view .LVU1652
 5772 000e 0120     		movs	r0, #1
 5773 0010 83F83C00 		strb	r0, [r3, #60]
2340:platform/HAL/src/stm32g4xx_hal_tim_ex.c **** 
 5774              		.loc 1 2340 3 view .LVU1653
2342:platform/HAL/src/stm32g4xx_hal_tim_ex.c ****   {
 5775              		.loc 1 2342 3 view .LVU1654
2342:platform/HAL/src/stm32g4xx_hal_tim_ex.c ****   {
 5776              		.loc 1 2342 28 is_stmt 0 view .LVU1655
 5777 0014 1068     		ldr	r0, [r2]
2342:platform/HAL/src/stm32g4xx_hal_tim_ex.c ****   {
 5778              		.loc 1 2342 3 view .LVU1656
 5779 0016 2028     		cmp	r0, #32
 5780 0018 27D8     		bhi	.L465
 5781 001a 0028     		cmp	r0, #0
 5782 001c 45D0     		beq	.L478
 5783 001e 441E     		subs	r4, r0, #1
 5784 0020 1F2C     		cmp	r4, #31
 5785 0022 17D8     		bhi	.L467
 5786 0024 DFE804F0 		tbb	[pc, r4]
 5787              	.L469:
 5788 0028 10       		.byte	(.L473-.L469)/2
 5789 0029 47       		.byte	(.L479-.L469)/2
 5790 002a 16       		.byte	(.L467-.L469)/2
 5791 002b 2A       		.byte	(.L472-.L469)/2
 5792 002c 16       		.byte	(.L467-.L469)/2
 5793 002d 16       		.byte	(.L467-.L469)/2
 5794 002e 16       		.byte	(.L467-.L469)/2
 5795 002f 30       		.byte	(.L471-.L469)/2
 5796 0030 16       		.byte	(.L467-.L469)/2
 5797 0031 16       		.byte	(.L467-.L469)/2
 5798 0032 16       		.byte	(.L467-.L469)/2
 5799 0033 16       		.byte	(.L467-.L469)/2
 5800 0034 16       		.byte	(.L467-.L469)/2
 5801 0035 16       		.byte	(.L467-.L469)/2
 5802 0036 16       		.byte	(.L467-.L469)/2
 5803 0037 36       		.byte	(.L470-.L469)/2
 5804 0038 16       		.byte	(.L467-.L469)/2
 5805 0039 16       		.byte	(.L467-.L469)/2
 5806 003a 16       		.byte	(.L467-.L469)/2
 5807 003b 16       		.byte	(.L467-.L469)/2
 5808 003c 16       		.byte	(.L467-.L469)/2
 5809 003d 16       		.byte	(.L467-.L469)/2
ARM GAS  /tmp/cchCrvCd.s 			page 195


 5810 003e 16       		.byte	(.L467-.L469)/2
 5811 003f 16       		.byte	(.L467-.L469)/2
 5812 0040 16       		.byte	(.L467-.L469)/2
 5813 0041 16       		.byte	(.L467-.L469)/2
 5814 0042 16       		.byte	(.L467-.L469)/2
 5815 0043 16       		.byte	(.L467-.L469)/2
 5816 0044 16       		.byte	(.L467-.L469)/2
 5817 0045 16       		.byte	(.L467-.L469)/2
 5818 0046 16       		.byte	(.L467-.L469)/2
 5819 0047 3C       		.byte	(.L468-.L469)/2
 5820              		.p2align 1
 5821              	.L473:
 5822 0048 4FF0090C 		mov	ip, #9
 5823 004c 0026     		movs	r6, #0
 5824 004e 4FF4007E 		mov	lr, #512
 5825 0052 04E0     		b	.L466
 5826              	.L467:
2427:platform/HAL/src/stm32g4xx_hal_tim_ex.c ****       break;
 5827              		.loc 1 2427 28 view .LVU1657
 5828 0054 4FF0000C 		mov	ip, #0
2426:platform/HAL/src/stm32g4xx_hal_tim_ex.c ****       bkin_polarity_bitpos = 0U;
 5829              		.loc 1 2426 26 view .LVU1658
 5830 0058 6646     		mov	r6, ip
2425:platform/HAL/src/stm32g4xx_hal_tim_ex.c ****       bkin_enable_bitpos = 0U;
 5831              		.loc 1 2425 26 view .LVU1659
 5832 005a E646     		mov	lr, ip
2424:platform/HAL/src/stm32g4xx_hal_tim_ex.c ****       bkin_polarity_mask = 0U;
 5833              		.loc 1 2424 24 view .LVU1660
 5834 005c 6046     		mov	r0, ip
 5835              	.L466:
 5836              	.LVL396:
2432:platform/HAL/src/stm32g4xx_hal_tim_ex.c ****   {
 5837              		.loc 1 2432 3 is_stmt 1 view .LVU1661
 5838 005e 0129     		cmp	r1, #1
 5839 0060 3AD0     		beq	.L474
 5840 0062 0229     		cmp	r1, #2
 5841 0064 4CD0     		beq	.L475
 5842 0066 0120     		movs	r0, #1
 5843              	.LVL397:
2432:platform/HAL/src/stm32g4xx_hal_tim_ex.c ****   {
 5844              		.loc 1 2432 3 is_stmt 0 view .LVU1662
 5845 0068 46E0     		b	.L476
 5846              	.LVL398:
 5847              	.L465:
2342:platform/HAL/src/stm32g4xx_hal_tim_ex.c ****   {
 5848              		.loc 1 2342 3 view .LVU1663
 5849 006a 4028     		cmp	r0, #64
 5850 006c 29D0     		beq	.L480
 5851 006e 8028     		cmp	r0, #128
 5852 0070 2CD1     		bne	.L481
2417:platform/HAL/src/stm32g4xx_hal_tim_ex.c ****       break;
 5853              		.loc 1 2417 28 view .LVU1664
 5854 0072 4FF0000C 		mov	ip, #0
2414:platform/HAL/src/stm32g4xx_hal_tim_ex.c ****       /* No palarity bit for this COMP. Variable bkin_polarity_mask keeps its default value 0 */
 5855              		.loc 1 2414 26 view .LVU1665
 5856 0076 0726     		movs	r6, #7
2416:platform/HAL/src/stm32g4xx_hal_tim_ex.c ****       bkin_polarity_bitpos = 0U;
ARM GAS  /tmp/cchCrvCd.s 			page 196


 5857              		.loc 1 2416 26 view .LVU1666
 5858 0078 E646     		mov	lr, ip
 5859 007a F0E7     		b	.L466
 5860              	.L472:
2363:platform/HAL/src/stm32g4xx_hal_tim_ex.c ****       bkin_enable_bitpos = TIM1_AF1_BKCMP2E_Pos;
 5861              		.loc 1 2363 7 is_stmt 1 view .LVU1667
 5862              	.LVL399:
2364:platform/HAL/src/stm32g4xx_hal_tim_ex.c ****       bkin_polarity_mask = TIM1_AF1_BKCMP2P;
 5863              		.loc 1 2364 7 view .LVU1668
2365:platform/HAL/src/stm32g4xx_hal_tim_ex.c ****       bkin_polarity_bitpos = TIM1_AF1_BKCMP2P_Pos;
 5864              		.loc 1 2365 7 view .LVU1669
2366:platform/HAL/src/stm32g4xx_hal_tim_ex.c ****       break;
 5865              		.loc 1 2366 7 view .LVU1670
2367:platform/HAL/src/stm32g4xx_hal_tim_ex.c ****     }
 5866              		.loc 1 2367 7 view .LVU1671
2366:platform/HAL/src/stm32g4xx_hal_tim_ex.c ****       break;
 5867              		.loc 1 2366 28 is_stmt 0 view .LVU1672
 5868 007c 4FF00B0C 		mov	ip, #11
2364:platform/HAL/src/stm32g4xx_hal_tim_ex.c ****       bkin_polarity_mask = TIM1_AF1_BKCMP2P;
 5869              		.loc 1 2364 26 view .LVU1673
 5870 0080 0226     		movs	r6, #2
2365:platform/HAL/src/stm32g4xx_hal_tim_ex.c ****       bkin_polarity_bitpos = TIM1_AF1_BKCMP2P_Pos;
 5871              		.loc 1 2365 26 view .LVU1674
 5872 0082 4FF4006E 		mov	lr, #2048
2367:platform/HAL/src/stm32g4xx_hal_tim_ex.c ****     }
 5873              		.loc 1 2367 7 view .LVU1675
 5874 0086 EAE7     		b	.L466
 5875              	.LVL400:
 5876              	.L471:
2372:platform/HAL/src/stm32g4xx_hal_tim_ex.c ****       bkin_enable_bitpos = TIM1_AF1_BKCMP3E_Pos;
 5877              		.loc 1 2372 7 is_stmt 1 view .LVU1676
2373:platform/HAL/src/stm32g4xx_hal_tim_ex.c ****       bkin_polarity_mask = TIM1_AF1_BKCMP3P;
 5878              		.loc 1 2373 7 view .LVU1677
2374:platform/HAL/src/stm32g4xx_hal_tim_ex.c ****       bkin_polarity_bitpos = TIM1_AF1_BKCMP3P_Pos;
 5879              		.loc 1 2374 7 view .LVU1678
2375:platform/HAL/src/stm32g4xx_hal_tim_ex.c ****       break;
 5880              		.loc 1 2375 7 view .LVU1679
2376:platform/HAL/src/stm32g4xx_hal_tim_ex.c ****     }
 5881              		.loc 1 2376 7 view .LVU1680
2375:platform/HAL/src/stm32g4xx_hal_tim_ex.c ****       break;
 5882              		.loc 1 2375 28 is_stmt 0 view .LVU1681
 5883 0088 4FF00C0C 		mov	ip, #12
2373:platform/HAL/src/stm32g4xx_hal_tim_ex.c ****       bkin_polarity_mask = TIM1_AF1_BKCMP3P;
 5884              		.loc 1 2373 26 view .LVU1682
 5885 008c 0326     		movs	r6, #3
2374:platform/HAL/src/stm32g4xx_hal_tim_ex.c ****       bkin_polarity_bitpos = TIM1_AF1_BKCMP3P_Pos;
 5886              		.loc 1 2374 26 view .LVU1683
 5887 008e 4FF4805E 		mov	lr, #4096
2376:platform/HAL/src/stm32g4xx_hal_tim_ex.c ****     }
 5888              		.loc 1 2376 7 view .LVU1684
 5889 0092 E4E7     		b	.L466
 5890              	.LVL401:
 5891              	.L470:
2381:platform/HAL/src/stm32g4xx_hal_tim_ex.c ****       bkin_enable_bitpos = TIM1_AF1_BKCMP4E_Pos;
 5892              		.loc 1 2381 7 is_stmt 1 view .LVU1685
2382:platform/HAL/src/stm32g4xx_hal_tim_ex.c ****       bkin_polarity_mask = TIM1_AF1_BKCMP4P;
 5893              		.loc 1 2382 7 view .LVU1686
ARM GAS  /tmp/cchCrvCd.s 			page 197


2383:platform/HAL/src/stm32g4xx_hal_tim_ex.c ****       bkin_polarity_bitpos = TIM1_AF1_BKCMP4P_Pos;
 5894              		.loc 1 2383 7 view .LVU1687
2384:platform/HAL/src/stm32g4xx_hal_tim_ex.c ****       break;
 5895              		.loc 1 2384 7 view .LVU1688
2385:platform/HAL/src/stm32g4xx_hal_tim_ex.c ****     }
 5896              		.loc 1 2385 7 view .LVU1689
2384:platform/HAL/src/stm32g4xx_hal_tim_ex.c ****       break;
 5897              		.loc 1 2384 28 is_stmt 0 view .LVU1690
 5898 0094 4FF00D0C 		mov	ip, #13
2382:platform/HAL/src/stm32g4xx_hal_tim_ex.c ****       bkin_polarity_mask = TIM1_AF1_BKCMP4P;
 5899              		.loc 1 2382 26 view .LVU1691
 5900 0098 0426     		movs	r6, #4
2383:platform/HAL/src/stm32g4xx_hal_tim_ex.c ****       bkin_polarity_bitpos = TIM1_AF1_BKCMP4P_Pos;
 5901              		.loc 1 2383 26 view .LVU1692
 5902 009a 4FF4005E 		mov	lr, #8192
2385:platform/HAL/src/stm32g4xx_hal_tim_ex.c ****     }
 5903              		.loc 1 2385 7 view .LVU1693
 5904 009e DEE7     		b	.L466
 5905              	.LVL402:
 5906              	.L468:
2391:platform/HAL/src/stm32g4xx_hal_tim_ex.c ****       bkin_enable_bitpos = TIM1_AF1_BKCMP5E_Pos;
 5907              		.loc 1 2391 7 is_stmt 1 view .LVU1694
2392:platform/HAL/src/stm32g4xx_hal_tim_ex.c ****       /* No palarity bit for this COMP. Variable bkin_polarity_mask keeps its default value 0 */
 5908              		.loc 1 2392 7 view .LVU1695
2394:platform/HAL/src/stm32g4xx_hal_tim_ex.c ****       bkin_polarity_bitpos = 0U;
 5909              		.loc 1 2394 7 view .LVU1696
2395:platform/HAL/src/stm32g4xx_hal_tim_ex.c ****       break;
 5910              		.loc 1 2395 7 view .LVU1697
2396:platform/HAL/src/stm32g4xx_hal_tim_ex.c ****     }
 5911              		.loc 1 2396 7 view .LVU1698
2395:platform/HAL/src/stm32g4xx_hal_tim_ex.c ****       break;
 5912              		.loc 1 2395 28 is_stmt 0 view .LVU1699
 5913 00a0 4FF0000C 		mov	ip, #0
2392:platform/HAL/src/stm32g4xx_hal_tim_ex.c ****       /* No palarity bit for this COMP. Variable bkin_polarity_mask keeps its default value 0 */
 5914              		.loc 1 2392 26 view .LVU1700
 5915 00a4 0526     		movs	r6, #5
2394:platform/HAL/src/stm32g4xx_hal_tim_ex.c ****       bkin_polarity_bitpos = 0U;
 5916              		.loc 1 2394 26 view .LVU1701
 5917 00a6 E646     		mov	lr, ip
2396:platform/HAL/src/stm32g4xx_hal_tim_ex.c ****     }
 5918              		.loc 1 2396 7 view .LVU1702
 5919 00a8 D9E7     		b	.L466
 5920              	.LVL403:
 5921              	.L478:
2427:platform/HAL/src/stm32g4xx_hal_tim_ex.c ****       break;
 5922              		.loc 1 2427 28 view .LVU1703
 5923 00aa 4FF0000C 		mov	ip, #0
2426:platform/HAL/src/stm32g4xx_hal_tim_ex.c ****       bkin_polarity_bitpos = 0U;
 5924              		.loc 1 2426 26 view .LVU1704
 5925 00ae 6646     		mov	r6, ip
2425:platform/HAL/src/stm32g4xx_hal_tim_ex.c ****       bkin_enable_bitpos = 0U;
 5926              		.loc 1 2425 26 view .LVU1705
 5927 00b0 E646     		mov	lr, ip
2424:platform/HAL/src/stm32g4xx_hal_tim_ex.c ****       bkin_polarity_mask = 0U;
 5928              		.loc 1 2424 24 view .LVU1706
 5929 00b2 6046     		mov	r0, ip
 5930 00b4 D3E7     		b	.L466
ARM GAS  /tmp/cchCrvCd.s 			page 198


 5931              	.L479:
2357:platform/HAL/src/stm32g4xx_hal_tim_ex.c ****       break;
 5932              		.loc 1 2357 28 view .LVU1707
 5933 00b6 4FF00A0C 		mov	ip, #10
2355:platform/HAL/src/stm32g4xx_hal_tim_ex.c ****       bkin_polarity_mask = TIM1_AF1_BKCMP1P;
 5934              		.loc 1 2355 26 view .LVU1708
 5935 00ba 0126     		movs	r6, #1
2356:platform/HAL/src/stm32g4xx_hal_tim_ex.c ****       bkin_polarity_bitpos = TIM1_AF1_BKCMP1P_Pos;
 5936              		.loc 1 2356 26 view .LVU1709
 5937 00bc 4FF4806E 		mov	lr, #1024
 5938 00c0 CDE7     		b	.L466
 5939              	.L480:
2406:platform/HAL/src/stm32g4xx_hal_tim_ex.c ****       break;
 5940              		.loc 1 2406 28 view .LVU1710
 5941 00c2 4FF0000C 		mov	ip, #0
2403:platform/HAL/src/stm32g4xx_hal_tim_ex.c ****       /* No palarity bit for this COMP. Variable bkin_polarity_mask keeps its default value 0 */
 5942              		.loc 1 2403 26 view .LVU1711
 5943 00c6 0626     		movs	r6, #6
2405:platform/HAL/src/stm32g4xx_hal_tim_ex.c ****       bkin_polarity_bitpos = 0U;
 5944              		.loc 1 2405 26 view .LVU1712
 5945 00c8 E646     		mov	lr, ip
 5946 00ca C8E7     		b	.L466
 5947              	.L481:
2427:platform/HAL/src/stm32g4xx_hal_tim_ex.c ****       break;
 5948              		.loc 1 2427 28 view .LVU1713
 5949 00cc 4FF0000C 		mov	ip, #0
2426:platform/HAL/src/stm32g4xx_hal_tim_ex.c ****       bkin_polarity_bitpos = 0U;
 5950              		.loc 1 2426 26 view .LVU1714
 5951 00d0 6646     		mov	r6, ip
2425:platform/HAL/src/stm32g4xx_hal_tim_ex.c ****       bkin_enable_bitpos = 0U;
 5952              		.loc 1 2425 26 view .LVU1715
 5953 00d2 E646     		mov	lr, ip
2424:platform/HAL/src/stm32g4xx_hal_tim_ex.c ****       bkin_polarity_mask = 0U;
 5954              		.loc 1 2424 24 view .LVU1716
 5955 00d4 6046     		mov	r0, ip
 5956 00d6 C2E7     		b	.L466
 5957              	.LVL404:
 5958              	.L474:
2437:platform/HAL/src/stm32g4xx_hal_tim_ex.c **** 
 5959              		.loc 1 2437 7 is_stmt 1 view .LVU1717
2437:platform/HAL/src/stm32g4xx_hal_tim_ex.c **** 
 5960              		.loc 1 2437 20 is_stmt 0 view .LVU1718
 5961 00d8 1C68     		ldr	r4, [r3]
2437:platform/HAL/src/stm32g4xx_hal_tim_ex.c **** 
 5962              		.loc 1 2437 14 view .LVU1719
 5963 00da 256E     		ldr	r5, [r4, #96]
 5964              	.LVL405:
2440:platform/HAL/src/stm32g4xx_hal_tim_ex.c ****       tmporx |= (sBreakInputConfig->Enable << bkin_enable_bitpos) & bkin_enable_mask;
 5965              		.loc 1 2440 7 is_stmt 1 view .LVU1720
2441:platform/HAL/src/stm32g4xx_hal_tim_ex.c **** 
 5966              		.loc 1 2441 7 view .LVU1721
2441:platform/HAL/src/stm32g4xx_hal_tim_ex.c **** 
 5967              		.loc 1 2441 35 is_stmt 0 view .LVU1722
 5968 00dc 5168     		ldr	r1, [r2, #4]
 5969              	.LVL406:
2441:platform/HAL/src/stm32g4xx_hal_tim_ex.c **** 
 5970              		.loc 1 2441 44 view .LVU1723
ARM GAS  /tmp/cchCrvCd.s 			page 199


 5971 00de B140     		lsls	r1, r1, r6
 5972 00e0 6940     		eors	r1, r1, r5
 5973 00e2 0140     		ands	r1, r1, r0
2441:platform/HAL/src/stm32g4xx_hal_tim_ex.c **** 
 5974              		.loc 1 2441 14 view .LVU1724
 5975 00e4 6940     		eors	r1, r1, r5
 5976              	.LVL407:
2444:platform/HAL/src/stm32g4xx_hal_tim_ex.c ****       tmporx |= (sBreakInputConfig->Polarity << bkin_polarity_bitpos) & bkin_polarity_mask;
 5977              		.loc 1 2444 7 is_stmt 1 view .LVU1725
2445:platform/HAL/src/stm32g4xx_hal_tim_ex.c **** 
 5978              		.loc 1 2445 7 view .LVU1726
2445:platform/HAL/src/stm32g4xx_hal_tim_ex.c **** 
 5979              		.loc 1 2445 35 is_stmt 0 view .LVU1727
 5980 00e6 9268     		ldr	r2, [r2, #8]
 5981              	.LVL408:
2445:platform/HAL/src/stm32g4xx_hal_tim_ex.c **** 
 5982              		.loc 1 2445 46 view .LVU1728
 5983 00e8 02FA0CF2 		lsl	r2, r2, ip
 5984 00ec 4A40     		eors	r2, r2, r1
 5985 00ee 02EA0E02 		and	r2, r2, lr
2445:platform/HAL/src/stm32g4xx_hal_tim_ex.c **** 
 5986              		.loc 1 2445 14 view .LVU1729
 5987 00f2 4A40     		eors	r2, r2, r1
 5988              	.LVL409:
2448:platform/HAL/src/stm32g4xx_hal_tim_ex.c ****       break;
 5989              		.loc 1 2448 7 is_stmt 1 view .LVU1730
2448:platform/HAL/src/stm32g4xx_hal_tim_ex.c ****       break;
 5990              		.loc 1 2448 27 is_stmt 0 view .LVU1731
 5991 00f4 2266     		str	r2, [r4, #96]
2449:platform/HAL/src/stm32g4xx_hal_tim_ex.c ****     }
 5992              		.loc 1 2449 7 is_stmt 1 view .LVU1732
2325:platform/HAL/src/stm32g4xx_hal_tim_ex.c ****   uint32_t tmporx;
 5993              		.loc 1 2325 21 is_stmt 0 view .LVU1733
 5994 00f6 0020     		movs	r0, #0
 5995              	.LVL410:
 5996              	.L476:
2473:platform/HAL/src/stm32g4xx_hal_tim_ex.c **** 
 5997              		.loc 1 2473 3 is_stmt 1 view .LVU1734
2473:platform/HAL/src/stm32g4xx_hal_tim_ex.c **** 
 5998              		.loc 1 2473 3 view .LVU1735
 5999 00f8 0022     		movs	r2, #0
 6000 00fa 83F83C20 		strb	r2, [r3, #60]
2473:platform/HAL/src/stm32g4xx_hal_tim_ex.c **** 
 6001              		.loc 1 2473 3 view .LVU1736
2475:platform/HAL/src/stm32g4xx_hal_tim_ex.c **** }
 6002              		.loc 1 2475 3 view .LVU1737
2476:platform/HAL/src/stm32g4xx_hal_tim_ex.c **** 
 6003              		.loc 1 2476 1 is_stmt 0 view .LVU1738
 6004 00fe 70BD     		pop	{r4, r5, r6, pc}
 6005              	.LVL411:
 6006              	.L475:
2454:platform/HAL/src/stm32g4xx_hal_tim_ex.c **** 
 6007              		.loc 1 2454 7 is_stmt 1 view .LVU1739
2454:platform/HAL/src/stm32g4xx_hal_tim_ex.c **** 
 6008              		.loc 1 2454 20 is_stmt 0 view .LVU1740
 6009 0100 1C68     		ldr	r4, [r3]
2454:platform/HAL/src/stm32g4xx_hal_tim_ex.c **** 
ARM GAS  /tmp/cchCrvCd.s 			page 200


 6010              		.loc 1 2454 14 view .LVU1741
 6011 0102 656E     		ldr	r5, [r4, #100]
 6012              	.LVL412:
2457:platform/HAL/src/stm32g4xx_hal_tim_ex.c ****       tmporx |= (sBreakInputConfig->Enable << bkin_enable_bitpos) & bkin_enable_mask;
 6013              		.loc 1 2457 7 is_stmt 1 view .LVU1742
2458:platform/HAL/src/stm32g4xx_hal_tim_ex.c **** 
 6014              		.loc 1 2458 7 view .LVU1743
2458:platform/HAL/src/stm32g4xx_hal_tim_ex.c **** 
 6015              		.loc 1 2458 35 is_stmt 0 view .LVU1744
 6016 0104 5168     		ldr	r1, [r2, #4]
 6017              	.LVL413:
2458:platform/HAL/src/stm32g4xx_hal_tim_ex.c **** 
 6018              		.loc 1 2458 44 view .LVU1745
 6019 0106 B140     		lsls	r1, r1, r6
 6020 0108 6940     		eors	r1, r1, r5
 6021 010a 0140     		ands	r1, r1, r0
2458:platform/HAL/src/stm32g4xx_hal_tim_ex.c **** 
 6022              		.loc 1 2458 14 view .LVU1746
 6023 010c 6940     		eors	r1, r1, r5
 6024              	.LVL414:
2461:platform/HAL/src/stm32g4xx_hal_tim_ex.c ****       tmporx |= (sBreakInputConfig->Polarity << bkin_polarity_bitpos) & bkin_polarity_mask;
 6025              		.loc 1 2461 7 is_stmt 1 view .LVU1747
2462:platform/HAL/src/stm32g4xx_hal_tim_ex.c **** 
 6026              		.loc 1 2462 7 view .LVU1748
2462:platform/HAL/src/stm32g4xx_hal_tim_ex.c **** 
 6027              		.loc 1 2462 35 is_stmt 0 view .LVU1749
 6028 010e 9268     		ldr	r2, [r2, #8]
 6029              	.LVL415:
2462:platform/HAL/src/stm32g4xx_hal_tim_ex.c **** 
 6030              		.loc 1 2462 46 view .LVU1750
 6031 0110 02FA0CF2 		lsl	r2, r2, ip
 6032 0114 4A40     		eors	r2, r2, r1
 6033 0116 02EA0E02 		and	r2, r2, lr
2462:platform/HAL/src/stm32g4xx_hal_tim_ex.c **** 
 6034              		.loc 1 2462 14 view .LVU1751
 6035 011a 4A40     		eors	r2, r2, r1
 6036              	.LVL416:
2465:platform/HAL/src/stm32g4xx_hal_tim_ex.c ****       break;
 6037              		.loc 1 2465 7 is_stmt 1 view .LVU1752
2465:platform/HAL/src/stm32g4xx_hal_tim_ex.c ****       break;
 6038              		.loc 1 2465 27 is_stmt 0 view .LVU1753
 6039 011c 6266     		str	r2, [r4, #100]
2466:platform/HAL/src/stm32g4xx_hal_tim_ex.c ****     }
 6040              		.loc 1 2466 7 is_stmt 1 view .LVU1754
2325:platform/HAL/src/stm32g4xx_hal_tim_ex.c ****   uint32_t tmporx;
 6041              		.loc 1 2325 21 is_stmt 0 view .LVU1755
 6042 011e 0020     		movs	r0, #0
 6043              	.LVL417:
2466:platform/HAL/src/stm32g4xx_hal_tim_ex.c ****     }
 6044              		.loc 1 2466 7 view .LVU1756
 6045 0120 EAE7     		b	.L476
 6046              	.LVL418:
 6047              	.L477:
 6048              	.LCFI47:
 6049              		.cfi_def_cfa_offset 0
 6050              		.cfi_restore 4
 6051              		.cfi_restore 5
ARM GAS  /tmp/cchCrvCd.s 			page 201


 6052              		.cfi_restore 6
 6053              		.cfi_restore 14
2340:platform/HAL/src/stm32g4xx_hal_tim_ex.c **** 
 6054              		.loc 1 2340 3 discriminator 1 view .LVU1757
 6055 0122 0220     		movs	r0, #2
2476:platform/HAL/src/stm32g4xx_hal_tim_ex.c **** 
 6056              		.loc 1 2476 1 view .LVU1758
 6057 0124 7047     		bx	lr
 6058              		.cfi_endproc
 6059              	.LFE360:
 6061              		.section	.text.HAL_TIMEx_RemapConfig,"ax",%progbits
 6062              		.align	1
 6063              		.global	HAL_TIMEx_RemapConfig
 6064              		.syntax unified
 6065              		.thumb
 6066              		.thumb_func
 6068              	HAL_TIMEx_RemapConfig:
 6069              	.LVL419:
 6070              	.LFB361:
2589:platform/HAL/src/stm32g4xx_hal_tim_ex.c ****   /* Check parameters */
 6071              		.loc 1 2589 1 is_stmt 1 view -0
 6072              		.cfi_startproc
 6073              		@ args = 0, pretend = 0, frame = 0
 6074              		@ frame_needed = 0, uses_anonymous_args = 0
 6075              		@ link register save eliminated.
2591:platform/HAL/src/stm32g4xx_hal_tim_ex.c ****   assert_param(IS_TIM_REMAP(Remap));
 6076              		.loc 1 2591 3 view .LVU1760
2592:platform/HAL/src/stm32g4xx_hal_tim_ex.c **** 
 6077              		.loc 1 2592 3 view .LVU1761
2594:platform/HAL/src/stm32g4xx_hal_tim_ex.c **** 
 6078              		.loc 1 2594 3 view .LVU1762
2594:platform/HAL/src/stm32g4xx_hal_tim_ex.c **** 
 6079              		.loc 1 2594 3 view .LVU1763
 6080 0000 90F83C30 		ldrb	r3, [r0, #60]	@ zero_extendqisi2
 6081 0004 012B     		cmp	r3, #1
 6082 0006 0DD0     		beq	.L488
2594:platform/HAL/src/stm32g4xx_hal_tim_ex.c **** 
 6083              		.loc 1 2594 3 discriminator 2 view .LVU1764
 6084 0008 0123     		movs	r3, #1
 6085 000a 80F83C30 		strb	r3, [r0, #60]
2594:platform/HAL/src/stm32g4xx_hal_tim_ex.c **** 
 6086              		.loc 1 2594 3 view .LVU1765
2596:platform/HAL/src/stm32g4xx_hal_tim_ex.c **** 
 6087              		.loc 1 2596 3 view .LVU1766
 6088 000e 0268     		ldr	r2, [r0]
 6089 0010 136E     		ldr	r3, [r2, #96]
 6090 0012 23F47033 		bic	r3, r3, #245760
 6091 0016 1943     		orrs	r1, r1, r3
 6092              	.LVL420:
2596:platform/HAL/src/stm32g4xx_hal_tim_ex.c **** 
 6093              		.loc 1 2596 3 is_stmt 0 view .LVU1767
 6094 0018 1166     		str	r1, [r2, #96]
2598:platform/HAL/src/stm32g4xx_hal_tim_ex.c **** 
 6095              		.loc 1 2598 3 is_stmt 1 view .LVU1768
2598:platform/HAL/src/stm32g4xx_hal_tim_ex.c **** 
 6096              		.loc 1 2598 3 view .LVU1769
 6097 001a 0023     		movs	r3, #0
ARM GAS  /tmp/cchCrvCd.s 			page 202


 6098 001c 80F83C30 		strb	r3, [r0, #60]
2598:platform/HAL/src/stm32g4xx_hal_tim_ex.c **** 
 6099              		.loc 1 2598 3 view .LVU1770
2600:platform/HAL/src/stm32g4xx_hal_tim_ex.c **** }
 6100              		.loc 1 2600 3 view .LVU1771
2600:platform/HAL/src/stm32g4xx_hal_tim_ex.c **** }
 6101              		.loc 1 2600 10 is_stmt 0 view .LVU1772
 6102 0020 1846     		mov	r0, r3
 6103              	.LVL421:
2600:platform/HAL/src/stm32g4xx_hal_tim_ex.c **** }
 6104              		.loc 1 2600 10 view .LVU1773
 6105 0022 7047     		bx	lr
 6106              	.LVL422:
 6107              	.L488:
2594:platform/HAL/src/stm32g4xx_hal_tim_ex.c **** 
 6108              		.loc 1 2594 3 discriminator 1 view .LVU1774
 6109 0024 0220     		movs	r0, #2
 6110              	.LVL423:
2601:platform/HAL/src/stm32g4xx_hal_tim_ex.c **** 
 6111              		.loc 1 2601 1 view .LVU1775
 6112 0026 7047     		bx	lr
 6113              		.cfi_endproc
 6114              	.LFE361:
 6116              		.section	.text.HAL_TIMEx_TISelection,"ax",%progbits
 6117              		.align	1
 6118              		.global	HAL_TIMEx_TISelection
 6119              		.syntax unified
 6120              		.thumb
 6121              		.thumb_func
 6123              	HAL_TIMEx_TISelection:
 6124              	.LVL424:
 6125              	.LFB362:
2763:platform/HAL/src/stm32g4xx_hal_tim_ex.c ****   HAL_StatusTypeDef status = HAL_OK;
 6126              		.loc 1 2763 1 is_stmt 1 view -0
 6127              		.cfi_startproc
 6128              		@ args = 0, pretend = 0, frame = 0
 6129              		@ frame_needed = 0, uses_anonymous_args = 0
 6130              		@ link register save eliminated.
2763:platform/HAL/src/stm32g4xx_hal_tim_ex.c ****   HAL_StatusTypeDef status = HAL_OK;
 6131              		.loc 1 2763 1 is_stmt 0 view .LVU1777
 6132 0000 0346     		mov	r3, r0
2764:platform/HAL/src/stm32g4xx_hal_tim_ex.c **** 
 6133              		.loc 1 2764 3 is_stmt 1 view .LVU1778
 6134              	.LVL425:
2767:platform/HAL/src/stm32g4xx_hal_tim_ex.c ****   assert_param(IS_TIM_TISEL(TISelection));
 6135              		.loc 1 2767 3 view .LVU1779
2768:platform/HAL/src/stm32g4xx_hal_tim_ex.c **** 
 6136              		.loc 1 2768 3 view .LVU1780
2770:platform/HAL/src/stm32g4xx_hal_tim_ex.c **** 
 6137              		.loc 1 2770 3 view .LVU1781
2770:platform/HAL/src/stm32g4xx_hal_tim_ex.c **** 
 6138              		.loc 1 2770 3 view .LVU1782
 6139 0002 90F83C00 		ldrb	r0, [r0, #60]	@ zero_extendqisi2
 6140              	.LVL426:
2770:platform/HAL/src/stm32g4xx_hal_tim_ex.c **** 
 6141              		.loc 1 2770 3 is_stmt 0 view .LVU1783
 6142 0006 0128     		cmp	r0, #1
ARM GAS  /tmp/cchCrvCd.s 			page 203


 6143 0008 44D0     		beq	.L499
2770:platform/HAL/src/stm32g4xx_hal_tim_ex.c **** 
 6144              		.loc 1 2770 3 is_stmt 1 discriminator 2 view .LVU1784
 6145 000a 0120     		movs	r0, #1
 6146 000c 83F83C00 		strb	r0, [r3, #60]
2770:platform/HAL/src/stm32g4xx_hal_tim_ex.c **** 
 6147              		.loc 1 2770 3 view .LVU1785
2772:platform/HAL/src/stm32g4xx_hal_tim_ex.c ****   {
 6148              		.loc 1 2772 3 view .LVU1786
 6149 0010 0C2A     		cmp	r2, #12
 6150 0012 3AD8     		bhi	.L500
 6151 0014 DFE802F0 		tbb	[pc, r2]
 6152              	.L493:
 6153 0018 07       		.byte	(.L496-.L493)/2
 6154 0019 39       		.byte	(.L500-.L493)/2
 6155 001a 39       		.byte	(.L500-.L493)/2
 6156 001b 39       		.byte	(.L500-.L493)/2
 6157 001c 21       		.byte	(.L495-.L493)/2
 6158 001d 39       		.byte	(.L500-.L493)/2
 6159 001e 39       		.byte	(.L500-.L493)/2
 6160 001f 39       		.byte	(.L500-.L493)/2
 6161 0020 29       		.byte	(.L494-.L493)/2
 6162 0021 39       		.byte	(.L500-.L493)/2
 6163 0022 39       		.byte	(.L500-.L493)/2
 6164 0023 39       		.byte	(.L500-.L493)/2
 6165 0024 31       		.byte	(.L492-.L493)/2
 6166 0025 00       		.p2align 1
 6167              	.L496:
2775:platform/HAL/src/stm32g4xx_hal_tim_ex.c **** 
 6168              		.loc 1 2775 7 view .LVU1787
 6169 0026 1868     		ldr	r0, [r3]
 6170 0028 C26D     		ldr	r2, [r0, #92]
 6171              	.LVL427:
2775:platform/HAL/src/stm32g4xx_hal_tim_ex.c **** 
 6172              		.loc 1 2775 7 is_stmt 0 view .LVU1788
 6173 002a 22F00F02 		bic	r2, r2, #15
 6174 002e 0A43     		orrs	r2, r2, r1
 6175 0030 C265     		str	r2, [r0, #92]
2778:platform/HAL/src/stm32g4xx_hal_tim_ex.c ****       {
 6176              		.loc 1 2778 7 is_stmt 1 view .LVU1789
2778:platform/HAL/src/stm32g4xx_hal_tim_ex.c ****       {
 6177              		.loc 1 2778 11 is_stmt 0 view .LVU1790
 6178 0032 1A68     		ldr	r2, [r3]
2778:platform/HAL/src/stm32g4xx_hal_tim_ex.c ****       {
 6179              		.loc 1 2778 10 view .LVU1791
 6180 0034 1849     		ldr	r1, .L501
 6181              	.LVL428:
2778:platform/HAL/src/stm32g4xx_hal_tim_ex.c ****       {
 6182              		.loc 1 2778 10 view .LVU1792
 6183 0036 8A42     		cmp	r2, r1
 6184 0038 09D0     		beq	.L497
2778:platform/HAL/src/stm32g4xx_hal_tim_ex.c ****       {
 6185              		.loc 1 2778 11 discriminator 1 view .LVU1793
 6186 003a 01F58061 		add	r1, r1, #1024
 6187 003e 8A42     		cmp	r2, r1
 6188 0040 05D0     		beq	.L497
2784:platform/HAL/src/stm32g4xx_hal_tim_ex.c ****       }
ARM GAS  /tmp/cchCrvCd.s 			page 204


 6189              		.loc 1 2784 9 is_stmt 1 view .LVU1794
 6190 0042 916E     		ldr	r1, [r2, #104]
 6191 0044 21F00101 		bic	r1, r1, #1
 6192 0048 9166     		str	r1, [r2, #104]
2764:platform/HAL/src/stm32g4xx_hal_tim_ex.c **** 
 6193              		.loc 1 2764 21 is_stmt 0 view .LVU1795
 6194 004a 0020     		movs	r0, #0
 6195 004c 1EE0     		b	.L491
 6196              	.L497:
2780:platform/HAL/src/stm32g4xx_hal_tim_ex.c ****       }
 6197              		.loc 1 2780 9 is_stmt 1 view .LVU1796
 6198 004e 916E     		ldr	r1, [r2, #104]
 6199 0050 41F00101 		orr	r1, r1, #1
 6200 0054 9166     		str	r1, [r2, #104]
2764:platform/HAL/src/stm32g4xx_hal_tim_ex.c **** 
 6201              		.loc 1 2764 21 is_stmt 0 view .LVU1797
 6202 0056 0020     		movs	r0, #0
2780:platform/HAL/src/stm32g4xx_hal_tim_ex.c ****       }
 6203              		.loc 1 2780 9 view .LVU1798
 6204 0058 18E0     		b	.L491
 6205              	.LVL429:
 6206              	.L495:
2788:platform/HAL/src/stm32g4xx_hal_tim_ex.c ****       break;
 6207              		.loc 1 2788 7 is_stmt 1 view .LVU1799
 6208 005a 1868     		ldr	r0, [r3]
 6209 005c C26D     		ldr	r2, [r0, #92]
 6210              	.LVL430:
2788:platform/HAL/src/stm32g4xx_hal_tim_ex.c ****       break;
 6211              		.loc 1 2788 7 is_stmt 0 view .LVU1800
 6212 005e 22F47062 		bic	r2, r2, #3840
 6213 0062 0A43     		orrs	r2, r2, r1
 6214 0064 C265     		str	r2, [r0, #92]
2789:platform/HAL/src/stm32g4xx_hal_tim_ex.c ****     case TIM_CHANNEL_3:
 6215              		.loc 1 2789 7 is_stmt 1 view .LVU1801
2764:platform/HAL/src/stm32g4xx_hal_tim_ex.c **** 
 6216              		.loc 1 2764 21 is_stmt 0 view .LVU1802
 6217 0066 0020     		movs	r0, #0
2789:platform/HAL/src/stm32g4xx_hal_tim_ex.c ****     case TIM_CHANNEL_3:
 6218              		.loc 1 2789 7 view .LVU1803
 6219 0068 10E0     		b	.L491
 6220              	.LVL431:
 6221              	.L494:
2791:platform/HAL/src/stm32g4xx_hal_tim_ex.c ****       break;
 6222              		.loc 1 2791 7 is_stmt 1 view .LVU1804
 6223 006a 1868     		ldr	r0, [r3]
 6224 006c C26D     		ldr	r2, [r0, #92]
 6225              	.LVL432:
2791:platform/HAL/src/stm32g4xx_hal_tim_ex.c ****       break;
 6226              		.loc 1 2791 7 is_stmt 0 view .LVU1805
 6227 006e 22F47022 		bic	r2, r2, #983040
 6228 0072 0A43     		orrs	r2, r2, r1
 6229 0074 C265     		str	r2, [r0, #92]
2792:platform/HAL/src/stm32g4xx_hal_tim_ex.c ****     case TIM_CHANNEL_4:
 6230              		.loc 1 2792 7 is_stmt 1 view .LVU1806
2764:platform/HAL/src/stm32g4xx_hal_tim_ex.c **** 
 6231              		.loc 1 2764 21 is_stmt 0 view .LVU1807
 6232 0076 0020     		movs	r0, #0
ARM GAS  /tmp/cchCrvCd.s 			page 205


2792:platform/HAL/src/stm32g4xx_hal_tim_ex.c ****     case TIM_CHANNEL_4:
 6233              		.loc 1 2792 7 view .LVU1808
 6234 0078 08E0     		b	.L491
 6235              	.LVL433:
 6236              	.L492:
2794:platform/HAL/src/stm32g4xx_hal_tim_ex.c ****       break;
 6237              		.loc 1 2794 7 is_stmt 1 view .LVU1809
 6238 007a 1868     		ldr	r0, [r3]
 6239 007c C26D     		ldr	r2, [r0, #92]
 6240              	.LVL434:
2794:platform/HAL/src/stm32g4xx_hal_tim_ex.c ****       break;
 6241              		.loc 1 2794 7 is_stmt 0 view .LVU1810
 6242 007e 22F07062 		bic	r2, r2, #251658240
 6243 0082 0A43     		orrs	r2, r2, r1
 6244 0084 C265     		str	r2, [r0, #92]
2795:platform/HAL/src/stm32g4xx_hal_tim_ex.c ****     default:
 6245              		.loc 1 2795 7 is_stmt 1 view .LVU1811
2764:platform/HAL/src/stm32g4xx_hal_tim_ex.c **** 
 6246              		.loc 1 2764 21 is_stmt 0 view .LVU1812
 6247 0086 0020     		movs	r0, #0
2795:platform/HAL/src/stm32g4xx_hal_tim_ex.c ****     default:
 6248              		.loc 1 2795 7 view .LVU1813
 6249 0088 00E0     		b	.L491
 6250              	.LVL435:
 6251              	.L500:
2772:platform/HAL/src/stm32g4xx_hal_tim_ex.c ****   {
 6252              		.loc 1 2772 3 view .LVU1814
 6253 008a 0120     		movs	r0, #1
 6254              	.LVL436:
 6255              	.L491:
2801:platform/HAL/src/stm32g4xx_hal_tim_ex.c **** 
 6256              		.loc 1 2801 3 is_stmt 1 view .LVU1815
2801:platform/HAL/src/stm32g4xx_hal_tim_ex.c **** 
 6257              		.loc 1 2801 3 view .LVU1816
 6258 008c 0022     		movs	r2, #0
 6259 008e 83F83C20 		strb	r2, [r3, #60]
2801:platform/HAL/src/stm32g4xx_hal_tim_ex.c **** 
 6260              		.loc 1 2801 3 view .LVU1817
2803:platform/HAL/src/stm32g4xx_hal_tim_ex.c **** }
 6261              		.loc 1 2803 3 view .LVU1818
2803:platform/HAL/src/stm32g4xx_hal_tim_ex.c **** }
 6262              		.loc 1 2803 10 is_stmt 0 view .LVU1819
 6263 0092 7047     		bx	lr
 6264              	.LVL437:
 6265              	.L499:
2770:platform/HAL/src/stm32g4xx_hal_tim_ex.c **** 
 6266              		.loc 1 2770 3 discriminator 1 view .LVU1820
 6267 0094 0220     		movs	r0, #2
2804:platform/HAL/src/stm32g4xx_hal_tim_ex.c **** 
 6268              		.loc 1 2804 1 view .LVU1821
 6269 0096 7047     		bx	lr
 6270              	.L502:
 6271              		.align	2
 6272              	.L501:
 6273 0098 00440140 		.word	1073824768
 6274              		.cfi_endproc
 6275              	.LFE362:
ARM GAS  /tmp/cchCrvCd.s 			page 206


 6277              		.section	.text.HAL_TIMEx_GroupChannel5,"ax",%progbits
 6278              		.align	1
 6279              		.global	HAL_TIMEx_GroupChannel5
 6280              		.syntax unified
 6281              		.thumb
 6282              		.thumb_func
 6284              	HAL_TIMEx_GroupChannel5:
 6285              	.LVL438:
 6286              	.LFB363:
2818:platform/HAL/src/stm32g4xx_hal_tim_ex.c ****   /* Check parameters */
 6287              		.loc 1 2818 1 is_stmt 1 view -0
 6288              		.cfi_startproc
 6289              		@ args = 0, pretend = 0, frame = 0
 6290              		@ frame_needed = 0, uses_anonymous_args = 0
 6291              		@ link register save eliminated.
2820:platform/HAL/src/stm32g4xx_hal_tim_ex.c ****   assert_param(IS_TIM_GROUPCH5(Channels));
 6292              		.loc 1 2820 3 view .LVU1823
2821:platform/HAL/src/stm32g4xx_hal_tim_ex.c **** 
 6293              		.loc 1 2821 3 view .LVU1824
2824:platform/HAL/src/stm32g4xx_hal_tim_ex.c **** 
 6294              		.loc 1 2824 3 view .LVU1825
2824:platform/HAL/src/stm32g4xx_hal_tim_ex.c **** 
 6295              		.loc 1 2824 3 view .LVU1826
 6296 0000 90F83C30 		ldrb	r3, [r0, #60]	@ zero_extendqisi2
 6297 0004 012B     		cmp	r3, #1
 6298 0006 18D0     		beq	.L505
2818:platform/HAL/src/stm32g4xx_hal_tim_ex.c ****   /* Check parameters */
 6299              		.loc 1 2818 1 is_stmt 0 view .LVU1827
 6300 0008 10B4     		push	{r4}
 6301              	.LCFI48:
 6302              		.cfi_def_cfa_offset 4
 6303              		.cfi_offset 4, -4
2824:platform/HAL/src/stm32g4xx_hal_tim_ex.c **** 
 6304              		.loc 1 2824 3 is_stmt 1 discriminator 2 view .LVU1828
 6305 000a 0122     		movs	r2, #1
 6306 000c 80F83C20 		strb	r2, [r0, #60]
2824:platform/HAL/src/stm32g4xx_hal_tim_ex.c **** 
 6307              		.loc 1 2824 3 view .LVU1829
2826:platform/HAL/src/stm32g4xx_hal_tim_ex.c **** 
 6308              		.loc 1 2826 3 view .LVU1830
2826:platform/HAL/src/stm32g4xx_hal_tim_ex.c **** 
 6309              		.loc 1 2826 15 is_stmt 0 view .LVU1831
 6310 0010 0223     		movs	r3, #2
 6311 0012 80F83D30 		strb	r3, [r0, #61]
2829:platform/HAL/src/stm32g4xx_hal_tim_ex.c **** 
 6312              		.loc 1 2829 3 is_stmt 1 view .LVU1832
2829:platform/HAL/src/stm32g4xx_hal_tim_ex.c **** 
 6313              		.loc 1 2829 7 is_stmt 0 view .LVU1833
 6314 0016 0468     		ldr	r4, [r0]
2829:platform/HAL/src/stm32g4xx_hal_tim_ex.c **** 
 6315              		.loc 1 2829 17 view .LVU1834
 6316 0018 A36C     		ldr	r3, [r4, #72]
2829:platform/HAL/src/stm32g4xx_hal_tim_ex.c **** 
 6317              		.loc 1 2829 24 view .LVU1835
 6318 001a 23F06043 		bic	r3, r3, #-536870912
 6319 001e A364     		str	r3, [r4, #72]
2832:platform/HAL/src/stm32g4xx_hal_tim_ex.c **** 
ARM GAS  /tmp/cchCrvCd.s 			page 207


 6320              		.loc 1 2832 3 is_stmt 1 view .LVU1836
2832:platform/HAL/src/stm32g4xx_hal_tim_ex.c **** 
 6321              		.loc 1 2832 7 is_stmt 0 view .LVU1837
 6322 0020 0468     		ldr	r4, [r0]
2832:platform/HAL/src/stm32g4xx_hal_tim_ex.c **** 
 6323              		.loc 1 2832 17 view .LVU1838
 6324 0022 A36C     		ldr	r3, [r4, #72]
2832:platform/HAL/src/stm32g4xx_hal_tim_ex.c **** 
 6325              		.loc 1 2832 24 view .LVU1839
 6326 0024 0B43     		orrs	r3, r3, r1
 6327 0026 A364     		str	r3, [r4, #72]
2835:platform/HAL/src/stm32g4xx_hal_tim_ex.c **** 
 6328              		.loc 1 2835 3 is_stmt 1 view .LVU1840
2835:platform/HAL/src/stm32g4xx_hal_tim_ex.c **** 
 6329              		.loc 1 2835 15 is_stmt 0 view .LVU1841
 6330 0028 80F83D20 		strb	r2, [r0, #61]
2837:platform/HAL/src/stm32g4xx_hal_tim_ex.c **** 
 6331              		.loc 1 2837 3 is_stmt 1 view .LVU1842
2837:platform/HAL/src/stm32g4xx_hal_tim_ex.c **** 
 6332              		.loc 1 2837 3 view .LVU1843
 6333 002c 0023     		movs	r3, #0
 6334 002e 80F83C30 		strb	r3, [r0, #60]
2837:platform/HAL/src/stm32g4xx_hal_tim_ex.c **** 
 6335              		.loc 1 2837 3 view .LVU1844
2839:platform/HAL/src/stm32g4xx_hal_tim_ex.c **** }
 6336              		.loc 1 2839 3 view .LVU1845
2839:platform/HAL/src/stm32g4xx_hal_tim_ex.c **** }
 6337              		.loc 1 2839 10 is_stmt 0 view .LVU1846
 6338 0032 1846     		mov	r0, r3
 6339              	.LVL439:
2840:platform/HAL/src/stm32g4xx_hal_tim_ex.c **** 
 6340              		.loc 1 2840 1 view .LVU1847
 6341 0034 5DF8044B 		ldr	r4, [sp], #4
 6342              	.LCFI49:
 6343              		.cfi_restore 4
 6344              		.cfi_def_cfa_offset 0
 6345 0038 7047     		bx	lr
 6346              	.LVL440:
 6347              	.L505:
2824:platform/HAL/src/stm32g4xx_hal_tim_ex.c **** 
 6348              		.loc 1 2824 3 discriminator 1 view .LVU1848
 6349 003a 0220     		movs	r0, #2
 6350              	.LVL441:
2840:platform/HAL/src/stm32g4xx_hal_tim_ex.c **** 
 6351              		.loc 1 2840 1 view .LVU1849
 6352 003c 7047     		bx	lr
 6353              		.cfi_endproc
 6354              	.LFE363:
 6356              		.section	.text.HAL_TIMEx_DisarmBreakInput,"ax",%progbits
 6357              		.align	1
 6358              		.global	HAL_TIMEx_DisarmBreakInput
 6359              		.syntax unified
 6360              		.thumb
 6361              		.thumb_func
 6363              	HAL_TIMEx_DisarmBreakInput:
 6364              	.LVL442:
 6365              	.LFB364:
ARM GAS  /tmp/cchCrvCd.s 			page 208


2856:platform/HAL/src/stm32g4xx_hal_tim_ex.c ****   HAL_StatusTypeDef status = HAL_OK;
 6366              		.loc 1 2856 1 is_stmt 1 view -0
 6367              		.cfi_startproc
 6368              		@ args = 0, pretend = 0, frame = 0
 6369              		@ frame_needed = 0, uses_anonymous_args = 0
 6370              		@ link register save eliminated.
2857:platform/HAL/src/stm32g4xx_hal_tim_ex.c ****   uint32_t tmpbdtr;
 6371              		.loc 1 2857 3 view .LVU1851
2858:platform/HAL/src/stm32g4xx_hal_tim_ex.c **** 
 6372              		.loc 1 2858 3 view .LVU1852
2861:platform/HAL/src/stm32g4xx_hal_tim_ex.c ****   assert_param(IS_TIM_BREAKINPUT(BreakInput));
 6373              		.loc 1 2861 3 view .LVU1853
2862:platform/HAL/src/stm32g4xx_hal_tim_ex.c **** 
 6374              		.loc 1 2862 3 view .LVU1854
2864:platform/HAL/src/stm32g4xx_hal_tim_ex.c ****   {
 6375              		.loc 1 2864 3 view .LVU1855
 6376 0000 0129     		cmp	r1, #1
 6377 0002 03D0     		beq	.L511
 6378 0004 0229     		cmp	r1, #2
 6379 0006 10D0     		beq	.L512
 6380 0008 0120     		movs	r0, #1
 6381              	.LVL443:
2864:platform/HAL/src/stm32g4xx_hal_tim_ex.c ****   {
 6382              		.loc 1 2864 3 is_stmt 0 view .LVU1856
 6383 000a 7047     		bx	lr
 6384              	.LVL444:
 6385              	.L511:
2869:platform/HAL/src/stm32g4xx_hal_tim_ex.c ****       if ((READ_BIT(tmpbdtr, TIM_BDTR_BKBID) == TIM_BDTR_BKBID) &&
 6386              		.loc 1 2869 7 is_stmt 1 view .LVU1857
2869:platform/HAL/src/stm32g4xx_hal_tim_ex.c ****       if ((READ_BIT(tmpbdtr, TIM_BDTR_BKBID) == TIM_BDTR_BKBID) &&
 6387              		.loc 1 2869 17 is_stmt 0 view .LVU1858
 6388 000c 0268     		ldr	r2, [r0]
2869:platform/HAL/src/stm32g4xx_hal_tim_ex.c ****       if ((READ_BIT(tmpbdtr, TIM_BDTR_BKBID) == TIM_BDTR_BKBID) &&
 6389              		.loc 1 2869 15 view .LVU1859
 6390 000e 516C     		ldr	r1, [r2, #68]
 6391              	.LVL445:
2870:platform/HAL/src/stm32g4xx_hal_tim_ex.c ****           (READ_BIT(tmpbdtr, TIM_BDTR_MOE) == 0U))
 6392              		.loc 1 2870 7 is_stmt 1 view .LVU1860
2870:platform/HAL/src/stm32g4xx_hal_tim_ex.c ****           (READ_BIT(tmpbdtr, TIM_BDTR_MOE) == 0U))
 6393              		.loc 1 2870 65 is_stmt 0 view .LVU1861
 6394 0010 0D4B     		ldr	r3, .L518
 6395 0012 0B40     		ands	r3, r3, r1
2870:platform/HAL/src/stm32g4xx_hal_tim_ex.c ****           (READ_BIT(tmpbdtr, TIM_BDTR_MOE) == 0U))
 6396              		.loc 1 2870 10 view .LVU1862
 6397 0014 B3F1805F 		cmp	r3, #268435456
 6398 0018 01D0     		beq	.L516
2857:platform/HAL/src/stm32g4xx_hal_tim_ex.c ****   uint32_t tmpbdtr;
 6399              		.loc 1 2857 21 view .LVU1863
 6400 001a 0020     		movs	r0, #0
 6401              	.LVL446:
2857:platform/HAL/src/stm32g4xx_hal_tim_ex.c ****   uint32_t tmpbdtr;
 6402              		.loc 1 2857 21 view .LVU1864
 6403 001c 7047     		bx	lr
 6404              	.LVL447:
 6405              	.L516:
2874:platform/HAL/src/stm32g4xx_hal_tim_ex.c ****       }
 6406              		.loc 1 2874 9 is_stmt 1 view .LVU1865
ARM GAS  /tmp/cchCrvCd.s 			page 209


 6407 001e 536C     		ldr	r3, [r2, #68]
 6408 0020 43F08063 		orr	r3, r3, #67108864
 6409 0024 5364     		str	r3, [r2, #68]
2857:platform/HAL/src/stm32g4xx_hal_tim_ex.c ****   uint32_t tmpbdtr;
 6410              		.loc 1 2857 21 is_stmt 0 view .LVU1866
 6411 0026 0020     		movs	r0, #0
 6412              	.LVL448:
2857:platform/HAL/src/stm32g4xx_hal_tim_ex.c ****   uint32_t tmpbdtr;
 6413              		.loc 1 2857 21 view .LVU1867
 6414 0028 7047     		bx	lr
 6415              	.LVL449:
 6416              	.L512:
2881:platform/HAL/src/stm32g4xx_hal_tim_ex.c ****       if ((READ_BIT(tmpbdtr, TIM_BDTR_BK2BID) == TIM_BDTR_BK2BID) &&
 6417              		.loc 1 2881 7 is_stmt 1 view .LVU1868
2881:platform/HAL/src/stm32g4xx_hal_tim_ex.c ****       if ((READ_BIT(tmpbdtr, TIM_BDTR_BK2BID) == TIM_BDTR_BK2BID) &&
 6418              		.loc 1 2881 17 is_stmt 0 view .LVU1869
 6419 002a 0268     		ldr	r2, [r0]
2881:platform/HAL/src/stm32g4xx_hal_tim_ex.c ****       if ((READ_BIT(tmpbdtr, TIM_BDTR_BK2BID) == TIM_BDTR_BK2BID) &&
 6420              		.loc 1 2881 15 view .LVU1870
 6421 002c 516C     		ldr	r1, [r2, #68]
 6422              	.LVL450:
2882:platform/HAL/src/stm32g4xx_hal_tim_ex.c ****           (READ_BIT(tmpbdtr, TIM_BDTR_MOE) == 0U))
 6423              		.loc 1 2882 7 is_stmt 1 view .LVU1871
2882:platform/HAL/src/stm32g4xx_hal_tim_ex.c ****           (READ_BIT(tmpbdtr, TIM_BDTR_MOE) == 0U))
 6424              		.loc 1 2882 67 is_stmt 0 view .LVU1872
 6425 002e 074B     		ldr	r3, .L518+4
 6426 0030 0B40     		ands	r3, r3, r1
2882:platform/HAL/src/stm32g4xx_hal_tim_ex.c ****           (READ_BIT(tmpbdtr, TIM_BDTR_MOE) == 0U))
 6427              		.loc 1 2882 10 view .LVU1873
 6428 0032 B3F1005F 		cmp	r3, #536870912
 6429 0036 01D0     		beq	.L517
2857:platform/HAL/src/stm32g4xx_hal_tim_ex.c ****   uint32_t tmpbdtr;
 6430              		.loc 1 2857 21 view .LVU1874
 6431 0038 0020     		movs	r0, #0
 6432              	.LVL451:
2895:platform/HAL/src/stm32g4xx_hal_tim_ex.c **** }
 6433              		.loc 1 2895 3 is_stmt 1 view .LVU1875
2896:platform/HAL/src/stm32g4xx_hal_tim_ex.c **** 
 6434              		.loc 1 2896 1 is_stmt 0 view .LVU1876
 6435 003a 7047     		bx	lr
 6436              	.LVL452:
 6437              	.L517:
2886:platform/HAL/src/stm32g4xx_hal_tim_ex.c ****       }
 6438              		.loc 1 2886 9 is_stmt 1 view .LVU1877
 6439 003c 536C     		ldr	r3, [r2, #68]
 6440 003e 43F00063 		orr	r3, r3, #134217728
 6441 0042 5364     		str	r3, [r2, #68]
2857:platform/HAL/src/stm32g4xx_hal_tim_ex.c ****   uint32_t tmpbdtr;
 6442              		.loc 1 2857 21 is_stmt 0 view .LVU1878
 6443 0044 0020     		movs	r0, #0
 6444              	.LVL453:
2857:platform/HAL/src/stm32g4xx_hal_tim_ex.c ****   uint32_t tmpbdtr;
 6445              		.loc 1 2857 21 view .LVU1879
 6446 0046 7047     		bx	lr
 6447              	.L519:
 6448              		.align	2
 6449              	.L518:
ARM GAS  /tmp/cchCrvCd.s 			page 210


 6450 0048 00800010 		.word	268468224
 6451 004c 00800020 		.word	536903680
 6452              		.cfi_endproc
 6453              	.LFE364:
 6455              		.section	.text.HAL_TIMEx_ReArmBreakInput,"ax",%progbits
 6456              		.align	1
 6457              		.global	HAL_TIMEx_ReArmBreakInput
 6458              		.syntax unified
 6459              		.thumb
 6460              		.thumb_func
 6462              	HAL_TIMEx_ReArmBreakInput:
 6463              	.LVL454:
 6464              	.LFB365:
2910:platform/HAL/src/stm32g4xx_hal_tim_ex.c ****   HAL_StatusTypeDef status = HAL_OK;
 6465              		.loc 1 2910 1 is_stmt 1 view -0
 6466              		.cfi_startproc
 6467              		@ args = 0, pretend = 0, frame = 0
 6468              		@ frame_needed = 0, uses_anonymous_args = 0
2910:platform/HAL/src/stm32g4xx_hal_tim_ex.c ****   HAL_StatusTypeDef status = HAL_OK;
 6469              		.loc 1 2910 1 is_stmt 0 view .LVU1881
 6470 0000 38B5     		push	{r3, r4, r5, lr}
 6471              	.LCFI50:
 6472              		.cfi_def_cfa_offset 16
 6473              		.cfi_offset 3, -16
 6474              		.cfi_offset 4, -12
 6475              		.cfi_offset 5, -8
 6476              		.cfi_offset 14, -4
 6477 0002 0446     		mov	r4, r0
2911:platform/HAL/src/stm32g4xx_hal_tim_ex.c ****   uint32_t tickstart;
 6478              		.loc 1 2911 3 is_stmt 1 view .LVU1882
 6479              	.LVL455:
2912:platform/HAL/src/stm32g4xx_hal_tim_ex.c **** 
 6480              		.loc 1 2912 3 view .LVU1883
2915:platform/HAL/src/stm32g4xx_hal_tim_ex.c ****   assert_param(IS_TIM_BREAKINPUT(BreakInput));
 6481              		.loc 1 2915 3 view .LVU1884
2916:platform/HAL/src/stm32g4xx_hal_tim_ex.c **** 
 6482              		.loc 1 2916 3 view .LVU1885
2918:platform/HAL/src/stm32g4xx_hal_tim_ex.c ****   {
 6483              		.loc 1 2918 3 view .LVU1886
 6484 0004 0129     		cmp	r1, #1
 6485 0006 03D0     		beq	.L521
 6486 0008 0229     		cmp	r1, #2
 6487 000a 1ED0     		beq	.L522
 6488 000c 0120     		movs	r0, #1
 6489              	.LVL456:
 6490              	.L523:
2971:platform/HAL/src/stm32g4xx_hal_tim_ex.c **** 
 6491              		.loc 1 2971 1 is_stmt 0 view .LVU1887
 6492 000e 38BD     		pop	{r3, r4, r5, pc}
 6493              	.LVL457:
 6494              	.L521:
2923:platform/HAL/src/stm32g4xx_hal_tim_ex.c ****       {
 6495              		.loc 1 2923 7 is_stmt 1 view .LVU1888
2923:platform/HAL/src/stm32g4xx_hal_tim_ex.c ****       {
 6496              		.loc 1 2923 11 is_stmt 0 view .LVU1889
 6497 0010 0368     		ldr	r3, [r0]
 6498 0012 5B6C     		ldr	r3, [r3, #68]
ARM GAS  /tmp/cchCrvCd.s 			page 211


2923:platform/HAL/src/stm32g4xx_hal_tim_ex.c ****       {
 6499              		.loc 1 2923 10 view .LVU1890
 6500 0014 13F0805F 		tst	r3, #268435456
 6501 0018 01D1     		bne	.L533
2911:platform/HAL/src/stm32g4xx_hal_tim_ex.c ****   uint32_t tickstart;
 6502              		.loc 1 2911 21 view .LVU1891
 6503 001a 0020     		movs	r0, #0
 6504              	.LVL458:
2911:platform/HAL/src/stm32g4xx_hal_tim_ex.c ****   uint32_t tickstart;
 6505              		.loc 1 2911 21 view .LVU1892
 6506 001c F7E7     		b	.L523
 6507              	.LVL459:
 6508              	.L533:
2927:platform/HAL/src/stm32g4xx_hal_tim_ex.c ****         while (READ_BIT(htim->Instance->BDTR, TIM_BDTR_BKDSRM) != 0UL)
 6509              		.loc 1 2927 9 is_stmt 1 view .LVU1893
2927:platform/HAL/src/stm32g4xx_hal_tim_ex.c ****         while (READ_BIT(htim->Instance->BDTR, TIM_BDTR_BKDSRM) != 0UL)
 6510              		.loc 1 2927 21 is_stmt 0 view .LVU1894
 6511 001e FFF7FEFF 		bl	HAL_GetTick
 6512              	.LVL460:
2927:platform/HAL/src/stm32g4xx_hal_tim_ex.c ****         while (READ_BIT(htim->Instance->BDTR, TIM_BDTR_BKDSRM) != 0UL)
 6513              		.loc 1 2927 21 view .LVU1895
 6514 0022 0546     		mov	r5, r0
 6515              	.LVL461:
2928:platform/HAL/src/stm32g4xx_hal_tim_ex.c ****         {
 6516              		.loc 1 2928 9 is_stmt 1 view .LVU1896
 6517              	.L524:
2928:platform/HAL/src/stm32g4xx_hal_tim_ex.c ****         {
 6518              		.loc 1 2928 64 view .LVU1897
2928:platform/HAL/src/stm32g4xx_hal_tim_ex.c ****         {
 6519              		.loc 1 2928 16 is_stmt 0 view .LVU1898
 6520 0024 2368     		ldr	r3, [r4]
 6521 0026 5B6C     		ldr	r3, [r3, #68]
2928:platform/HAL/src/stm32g4xx_hal_tim_ex.c ****         {
 6522              		.loc 1 2928 64 view .LVU1899
 6523 0028 13F0806F 		tst	r3, #67108864
 6524 002c 0BD0     		beq	.L534
2930:platform/HAL/src/stm32g4xx_hal_tim_ex.c ****           {
 6525              		.loc 1 2930 11 is_stmt 1 view .LVU1900
2930:platform/HAL/src/stm32g4xx_hal_tim_ex.c ****           {
 6526              		.loc 1 2930 16 is_stmt 0 view .LVU1901
 6527 002e FFF7FEFF 		bl	HAL_GetTick
 6528              	.LVL462:
2930:platform/HAL/src/stm32g4xx_hal_tim_ex.c ****           {
 6529              		.loc 1 2930 30 discriminator 1 view .LVU1902
 6530 0032 401B     		subs	r0, r0, r5
2930:platform/HAL/src/stm32g4xx_hal_tim_ex.c ****           {
 6531              		.loc 1 2930 14 discriminator 1 view .LVU1903
 6532 0034 0528     		cmp	r0, #5
 6533 0036 F5D9     		bls	.L524
2933:platform/HAL/src/stm32g4xx_hal_tim_ex.c ****             {
 6534              		.loc 1 2933 13 is_stmt 1 view .LVU1904
2933:platform/HAL/src/stm32g4xx_hal_tim_ex.c ****             {
 6535              		.loc 1 2933 17 is_stmt 0 view .LVU1905
 6536 0038 2368     		ldr	r3, [r4]
 6537 003a 5B6C     		ldr	r3, [r3, #68]
2933:platform/HAL/src/stm32g4xx_hal_tim_ex.c ****             {
 6538              		.loc 1 2933 16 view .LVU1906
ARM GAS  /tmp/cchCrvCd.s 			page 212


 6539 003c 13F0806F 		tst	r3, #67108864
 6540 0040 F0D0     		beq	.L524
2935:platform/HAL/src/stm32g4xx_hal_tim_ex.c ****             }
 6541              		.loc 1 2935 22 view .LVU1907
 6542 0042 0320     		movs	r0, #3
 6543 0044 E3E7     		b	.L523
 6544              	.L534:
2911:platform/HAL/src/stm32g4xx_hal_tim_ex.c ****   uint32_t tickstart;
 6545              		.loc 1 2911 21 view .LVU1908
 6546 0046 0020     		movs	r0, #0
 6547 0048 E1E7     		b	.L523
 6548              	.LVL463:
 6549              	.L522:
2946:platform/HAL/src/stm32g4xx_hal_tim_ex.c ****       {
 6550              		.loc 1 2946 7 is_stmt 1 view .LVU1909
2946:platform/HAL/src/stm32g4xx_hal_tim_ex.c ****       {
 6551              		.loc 1 2946 11 is_stmt 0 view .LVU1910
 6552 004a 0368     		ldr	r3, [r0]
 6553 004c 5B6C     		ldr	r3, [r3, #68]
2946:platform/HAL/src/stm32g4xx_hal_tim_ex.c ****       {
 6554              		.loc 1 2946 10 view .LVU1911
 6555 004e 13F0005F 		tst	r3, #536870912
 6556 0052 01D1     		bne	.L535
2911:platform/HAL/src/stm32g4xx_hal_tim_ex.c ****   uint32_t tickstart;
 6557              		.loc 1 2911 21 view .LVU1912
 6558 0054 0020     		movs	r0, #0
 6559              	.LVL464:
2911:platform/HAL/src/stm32g4xx_hal_tim_ex.c ****   uint32_t tickstart;
 6560              		.loc 1 2911 21 view .LVU1913
 6561 0056 DAE7     		b	.L523
 6562              	.LVL465:
 6563              	.L535:
2950:platform/HAL/src/stm32g4xx_hal_tim_ex.c ****         while (READ_BIT(htim->Instance->BDTR, TIM_BDTR_BK2DSRM) != 0UL)
 6564              		.loc 1 2950 9 is_stmt 1 view .LVU1914
2950:platform/HAL/src/stm32g4xx_hal_tim_ex.c ****         while (READ_BIT(htim->Instance->BDTR, TIM_BDTR_BK2DSRM) != 0UL)
 6565              		.loc 1 2950 21 is_stmt 0 view .LVU1915
 6566 0058 FFF7FEFF 		bl	HAL_GetTick
 6567              	.LVL466:
2950:platform/HAL/src/stm32g4xx_hal_tim_ex.c ****         while (READ_BIT(htim->Instance->BDTR, TIM_BDTR_BK2DSRM) != 0UL)
 6568              		.loc 1 2950 21 view .LVU1916
 6569 005c 0546     		mov	r5, r0
 6570              	.LVL467:
2951:platform/HAL/src/stm32g4xx_hal_tim_ex.c ****         {
 6571              		.loc 1 2951 9 is_stmt 1 view .LVU1917
 6572              	.L526:
2951:platform/HAL/src/stm32g4xx_hal_tim_ex.c ****         {
 6573              		.loc 1 2951 65 view .LVU1918
2951:platform/HAL/src/stm32g4xx_hal_tim_ex.c ****         {
 6574              		.loc 1 2951 16 is_stmt 0 view .LVU1919
 6575 005e 2368     		ldr	r3, [r4]
 6576 0060 5B6C     		ldr	r3, [r3, #68]
2951:platform/HAL/src/stm32g4xx_hal_tim_ex.c ****         {
 6577              		.loc 1 2951 65 view .LVU1920
 6578 0062 13F0006F 		tst	r3, #134217728
 6579 0066 0BD0     		beq	.L536
2953:platform/HAL/src/stm32g4xx_hal_tim_ex.c ****           {
 6580              		.loc 1 2953 11 is_stmt 1 view .LVU1921
ARM GAS  /tmp/cchCrvCd.s 			page 213


2953:platform/HAL/src/stm32g4xx_hal_tim_ex.c ****           {
 6581              		.loc 1 2953 16 is_stmt 0 view .LVU1922
 6582 0068 FFF7FEFF 		bl	HAL_GetTick
 6583              	.LVL468:
2953:platform/HAL/src/stm32g4xx_hal_tim_ex.c ****           {
 6584              		.loc 1 2953 30 discriminator 1 view .LVU1923
 6585 006c 401B     		subs	r0, r0, r5
2953:platform/HAL/src/stm32g4xx_hal_tim_ex.c ****           {
 6586              		.loc 1 2953 14 discriminator 1 view .LVU1924
 6587 006e 0528     		cmp	r0, #5
 6588 0070 F5D9     		bls	.L526
2956:platform/HAL/src/stm32g4xx_hal_tim_ex.c ****             {
 6589              		.loc 1 2956 13 is_stmt 1 view .LVU1925
2956:platform/HAL/src/stm32g4xx_hal_tim_ex.c ****             {
 6590              		.loc 1 2956 17 is_stmt 0 view .LVU1926
 6591 0072 2368     		ldr	r3, [r4]
 6592 0074 5B6C     		ldr	r3, [r3, #68]
2956:platform/HAL/src/stm32g4xx_hal_tim_ex.c ****             {
 6593              		.loc 1 2956 16 view .LVU1927
 6594 0076 13F0006F 		tst	r3, #134217728
 6595 007a F0D0     		beq	.L526
2958:platform/HAL/src/stm32g4xx_hal_tim_ex.c ****             }
 6596              		.loc 1 2958 22 view .LVU1928
 6597 007c 0320     		movs	r0, #3
 6598 007e C6E7     		b	.L523
 6599              	.L536:
2911:platform/HAL/src/stm32g4xx_hal_tim_ex.c ****   uint32_t tickstart;
 6600              		.loc 1 2911 21 view .LVU1929
 6601 0080 0020     		movs	r0, #0
 6602 0082 C4E7     		b	.L523
 6603              		.cfi_endproc
 6604              	.LFE365:
 6606              		.section	.text.HAL_TIMEx_DitheringEnable,"ax",%progbits
 6607              		.align	1
 6608              		.global	HAL_TIMEx_DitheringEnable
 6609              		.syntax unified
 6610              		.thumb
 6611              		.thumb_func
 6613              	HAL_TIMEx_DitheringEnable:
 6614              	.LVL469:
 6615              	.LFB366:
2993:platform/HAL/src/stm32g4xx_hal_tim_ex.c ****   /* Check the parameters */
 6616              		.loc 1 2993 1 is_stmt 1 view -0
 6617              		.cfi_startproc
 6618              		@ args = 0, pretend = 0, frame = 0
 6619              		@ frame_needed = 0, uses_anonymous_args = 0
 6620              		@ link register save eliminated.
2995:platform/HAL/src/stm32g4xx_hal_tim_ex.c **** 
 6621              		.loc 1 2995 3 view .LVU1931
2997:platform/HAL/src/stm32g4xx_hal_tim_ex.c ****   return HAL_OK;
 6622              		.loc 1 2997 3 view .LVU1932
 6623 0000 0268     		ldr	r2, [r0]
 6624 0002 1368     		ldr	r3, [r2]
 6625 0004 43F48053 		orr	r3, r3, #4096
 6626 0008 1360     		str	r3, [r2]
2998:platform/HAL/src/stm32g4xx_hal_tim_ex.c **** }
 6627              		.loc 1 2998 3 view .LVU1933
ARM GAS  /tmp/cchCrvCd.s 			page 214


2999:platform/HAL/src/stm32g4xx_hal_tim_ex.c **** 
 6628              		.loc 1 2999 1 is_stmt 0 view .LVU1934
 6629 000a 0020     		movs	r0, #0
 6630              	.LVL470:
2999:platform/HAL/src/stm32g4xx_hal_tim_ex.c **** 
 6631              		.loc 1 2999 1 view .LVU1935
 6632 000c 7047     		bx	lr
 6633              		.cfi_endproc
 6634              	.LFE366:
 6636              		.section	.text.HAL_TIMEx_DitheringDisable,"ax",%progbits
 6637              		.align	1
 6638              		.global	HAL_TIMEx_DitheringDisable
 6639              		.syntax unified
 6640              		.thumb
 6641              		.thumb_func
 6643              	HAL_TIMEx_DitheringDisable:
 6644              	.LVL471:
 6645              	.LFB367:
3017:platform/HAL/src/stm32g4xx_hal_tim_ex.c ****   /* Check the parameters */
 6646              		.loc 1 3017 1 is_stmt 1 view -0
 6647              		.cfi_startproc
 6648              		@ args = 0, pretend = 0, frame = 0
 6649              		@ frame_needed = 0, uses_anonymous_args = 0
 6650              		@ link register save eliminated.
3019:platform/HAL/src/stm32g4xx_hal_tim_ex.c **** 
 6651              		.loc 1 3019 3 view .LVU1937
3021:platform/HAL/src/stm32g4xx_hal_tim_ex.c ****   return HAL_OK;
 6652              		.loc 1 3021 3 view .LVU1938
 6653 0000 0268     		ldr	r2, [r0]
 6654 0002 1368     		ldr	r3, [r2]
 6655 0004 23F48053 		bic	r3, r3, #4096
 6656 0008 1360     		str	r3, [r2]
3022:platform/HAL/src/stm32g4xx_hal_tim_ex.c **** }
 6657              		.loc 1 3022 3 view .LVU1939
3023:platform/HAL/src/stm32g4xx_hal_tim_ex.c **** 
 6658              		.loc 1 3023 1 is_stmt 0 view .LVU1940
 6659 000a 0020     		movs	r0, #0
 6660              	.LVL472:
3023:platform/HAL/src/stm32g4xx_hal_tim_ex.c **** 
 6661              		.loc 1 3023 1 view .LVU1941
 6662 000c 7047     		bx	lr
 6663              		.cfi_endproc
 6664              	.LFE367:
 6666              		.section	.text.HAL_TIMEx_OC_ConfigPulseOnCompare,"ax",%progbits
 6667              		.align	1
 6668              		.global	HAL_TIMEx_OC_ConfigPulseOnCompare
 6669              		.syntax unified
 6670              		.thumb
 6671              		.thumb_func
 6673              	HAL_TIMEx_OC_ConfigPulseOnCompare:
 6674              	.LVL473:
 6675              	.LFB368:
3037:platform/HAL/src/stm32g4xx_hal_tim_ex.c ****   uint32_t tmpecr;
 6676              		.loc 1 3037 1 is_stmt 1 view -0
 6677              		.cfi_startproc
 6678              		@ args = 0, pretend = 0, frame = 0
 6679              		@ frame_needed = 0, uses_anonymous_args = 0
ARM GAS  /tmp/cchCrvCd.s 			page 215


 6680              		@ link register save eliminated.
3037:platform/HAL/src/stm32g4xx_hal_tim_ex.c ****   uint32_t tmpecr;
 6681              		.loc 1 3037 1 is_stmt 0 view .LVU1943
 6682 0000 0346     		mov	r3, r0
3038:platform/HAL/src/stm32g4xx_hal_tim_ex.c **** 
 6683              		.loc 1 3038 3 is_stmt 1 view .LVU1944
3041:platform/HAL/src/stm32g4xx_hal_tim_ex.c ****   assert_param(IS_TIM_PULSEONCOMPARE_WIDTH(PulseWidth));
 6684              		.loc 1 3041 3 view .LVU1945
3042:platform/HAL/src/stm32g4xx_hal_tim_ex.c ****   assert_param(IS_TIM_PULSEONCOMPARE_WIDTHPRESCALER(PulseWidthPrescaler));
 6685              		.loc 1 3042 3 view .LVU1946
3043:platform/HAL/src/stm32g4xx_hal_tim_ex.c **** 
 6686              		.loc 1 3043 3 view .LVU1947
3046:platform/HAL/src/stm32g4xx_hal_tim_ex.c **** 
 6687              		.loc 1 3046 3 view .LVU1948
3046:platform/HAL/src/stm32g4xx_hal_tim_ex.c **** 
 6688              		.loc 1 3046 3 view .LVU1949
 6689 0002 90F83C00 		ldrb	r0, [r0, #60]	@ zero_extendqisi2
 6690              	.LVL474:
3046:platform/HAL/src/stm32g4xx_hal_tim_ex.c **** 
 6691              		.loc 1 3046 3 is_stmt 0 view .LVU1950
 6692 0006 0128     		cmp	r0, #1
 6693 0008 18D0     		beq	.L541
3037:platform/HAL/src/stm32g4xx_hal_tim_ex.c ****   uint32_t tmpecr;
 6694              		.loc 1 3037 1 view .LVU1951
 6695 000a 10B4     		push	{r4}
 6696              	.LCFI51:
 6697              		.cfi_def_cfa_offset 4
 6698              		.cfi_offset 4, -4
3046:platform/HAL/src/stm32g4xx_hal_tim_ex.c **** 
 6699              		.loc 1 3046 3 is_stmt 1 discriminator 2 view .LVU1952
 6700 000c 4FF0010C 		mov	ip, #1
 6701 0010 83F83CC0 		strb	ip, [r3, #60]
3046:platform/HAL/src/stm32g4xx_hal_tim_ex.c **** 
 6702              		.loc 1 3046 3 view .LVU1953
3049:platform/HAL/src/stm32g4xx_hal_tim_ex.c **** 
 6703              		.loc 1 3049 3 view .LVU1954
3049:platform/HAL/src/stm32g4xx_hal_tim_ex.c **** 
 6704              		.loc 1 3049 15 is_stmt 0 view .LVU1955
 6705 0014 0220     		movs	r0, #2
 6706 0016 83F83D00 		strb	r0, [r3, #61]
3052:platform/HAL/src/stm32g4xx_hal_tim_ex.c ****   /* Reset the Pulse width prescaler and the Pulse width */
 6707              		.loc 1 3052 3 is_stmt 1 view .LVU1956
3052:platform/HAL/src/stm32g4xx_hal_tim_ex.c ****   /* Reset the Pulse width prescaler and the Pulse width */
 6708              		.loc 1 3052 16 is_stmt 0 view .LVU1957
 6709 001a 1C68     		ldr	r4, [r3]
3052:platform/HAL/src/stm32g4xx_hal_tim_ex.c ****   /* Reset the Pulse width prescaler and the Pulse width */
 6710              		.loc 1 3052 10 view .LVU1958
 6711 001c A06D     		ldr	r0, [r4, #88]
 6712              	.LVL475:
3054:platform/HAL/src/stm32g4xx_hal_tim_ex.c ****   /* Set the Pulse width prescaler and Pulse width*/
 6713              		.loc 1 3054 3 is_stmt 1 view .LVU1959
3054:platform/HAL/src/stm32g4xx_hal_tim_ex.c ****   /* Set the Pulse width prescaler and Pulse width*/
 6714              		.loc 1 3054 10 is_stmt 0 view .LVU1960
 6715 001e 6FF31A40 		bfc	r0, #16, #11
 6716              	.LVL476:
3056:platform/HAL/src/stm32g4xx_hal_tim_ex.c ****   tmpecr |= PulseWidth << TIM_ECR_PW_Pos;
 6717              		.loc 1 3056 3 is_stmt 1 view .LVU1961
ARM GAS  /tmp/cchCrvCd.s 			page 216


3056:platform/HAL/src/stm32g4xx_hal_tim_ex.c ****   tmpecr |= PulseWidth << TIM_ECR_PW_Pos;
 6718              		.loc 1 3056 10 is_stmt 0 view .LVU1962
 6719 0022 40EA0161 		orr	r1, r0, r1, lsl #24
 6720              	.LVL477:
3057:platform/HAL/src/stm32g4xx_hal_tim_ex.c ****   /* Write to TIMx ECR */
 6721              		.loc 1 3057 3 is_stmt 1 view .LVU1963
3057:platform/HAL/src/stm32g4xx_hal_tim_ex.c ****   /* Write to TIMx ECR */
 6722              		.loc 1 3057 10 is_stmt 0 view .LVU1964
 6723 0026 41EA0242 		orr	r2, r1, r2, lsl #16
 6724              	.LVL478:
3059:platform/HAL/src/stm32g4xx_hal_tim_ex.c **** 
 6725              		.loc 1 3059 3 is_stmt 1 view .LVU1965
3059:platform/HAL/src/stm32g4xx_hal_tim_ex.c **** 
 6726              		.loc 1 3059 23 is_stmt 0 view .LVU1966
 6727 002a A265     		str	r2, [r4, #88]
3062:platform/HAL/src/stm32g4xx_hal_tim_ex.c **** 
 6728              		.loc 1 3062 3 is_stmt 1 view .LVU1967
3062:platform/HAL/src/stm32g4xx_hal_tim_ex.c **** 
 6729              		.loc 1 3062 15 is_stmt 0 view .LVU1968
 6730 002c 83F83DC0 		strb	ip, [r3, #61]
3065:platform/HAL/src/stm32g4xx_hal_tim_ex.c **** 
 6731              		.loc 1 3065 3 is_stmt 1 view .LVU1969
3065:platform/HAL/src/stm32g4xx_hal_tim_ex.c **** 
 6732              		.loc 1 3065 3 view .LVU1970
 6733 0030 0020     		movs	r0, #0
 6734 0032 83F83C00 		strb	r0, [r3, #60]
3065:platform/HAL/src/stm32g4xx_hal_tim_ex.c **** 
 6735              		.loc 1 3065 3 view .LVU1971
3067:platform/HAL/src/stm32g4xx_hal_tim_ex.c **** }
 6736              		.loc 1 3067 3 view .LVU1972
3068:platform/HAL/src/stm32g4xx_hal_tim_ex.c **** 
 6737              		.loc 1 3068 1 is_stmt 0 view .LVU1973
 6738 0036 5DF8044B 		ldr	r4, [sp], #4
 6739              	.LCFI52:
 6740              		.cfi_restore 4
 6741              		.cfi_def_cfa_offset 0
 6742 003a 7047     		bx	lr
 6743              	.LVL479:
 6744              	.L541:
3046:platform/HAL/src/stm32g4xx_hal_tim_ex.c **** 
 6745              		.loc 1 3046 3 discriminator 1 view .LVU1974
 6746 003c 0220     		movs	r0, #2
3068:platform/HAL/src/stm32g4xx_hal_tim_ex.c **** 
 6747              		.loc 1 3068 1 view .LVU1975
 6748 003e 7047     		bx	lr
 6749              		.cfi_endproc
 6750              	.LFE368:
 6752              		.section	.text.HAL_TIMEx_ConfigSlaveModePreload,"ax",%progbits
 6753              		.align	1
 6754              		.global	HAL_TIMEx_ConfigSlaveModePreload
 6755              		.syntax unified
 6756              		.thumb
 6757              		.thumb_func
 6759              	HAL_TIMEx_ConfigSlaveModePreload:
 6760              	.LVL480:
 6761              	.LFB369:
3080:platform/HAL/src/stm32g4xx_hal_tim_ex.c ****   /* Check the parameters */
ARM GAS  /tmp/cchCrvCd.s 			page 217


 6762              		.loc 1 3080 1 is_stmt 1 view -0
 6763              		.cfi_startproc
 6764              		@ args = 0, pretend = 0, frame = 0
 6765              		@ frame_needed = 0, uses_anonymous_args = 0
 6766              		@ link register save eliminated.
3082:platform/HAL/src/stm32g4xx_hal_tim_ex.c ****   assert_param(IS_TIM_SLAVE_PRELOAD_SOURCE(Source));
 6767              		.loc 1 3082 3 view .LVU1977
3083:platform/HAL/src/stm32g4xx_hal_tim_ex.c **** 
 6768              		.loc 1 3083 3 view .LVU1978
3085:platform/HAL/src/stm32g4xx_hal_tim_ex.c ****   return HAL_OK;
 6769              		.loc 1 3085 3 view .LVU1979
 6770 0000 0268     		ldr	r2, [r0]
 6771 0002 9368     		ldr	r3, [r2, #8]
 6772 0004 23F00073 		bic	r3, r3, #33554432
 6773 0008 0B43     		orrs	r3, r3, r1
 6774 000a 9360     		str	r3, [r2, #8]
3086:platform/HAL/src/stm32g4xx_hal_tim_ex.c **** }
 6775              		.loc 1 3086 3 view .LVU1980
3087:platform/HAL/src/stm32g4xx_hal_tim_ex.c **** 
 6776              		.loc 1 3087 1 is_stmt 0 view .LVU1981
 6777 000c 0020     		movs	r0, #0
 6778              	.LVL481:
3087:platform/HAL/src/stm32g4xx_hal_tim_ex.c **** 
 6779              		.loc 1 3087 1 view .LVU1982
 6780 000e 7047     		bx	lr
 6781              		.cfi_endproc
 6782              	.LFE369:
 6784              		.section	.text.HAL_TIMEx_EnableSlaveModePreload,"ax",%progbits
 6785              		.align	1
 6786              		.global	HAL_TIMEx_EnableSlaveModePreload
 6787              		.syntax unified
 6788              		.thumb
 6789              		.thumb_func
 6791              	HAL_TIMEx_EnableSlaveModePreload:
 6792              	.LVL482:
 6793              	.LFB370:
3095:platform/HAL/src/stm32g4xx_hal_tim_ex.c ****   /* Check the parameters */
 6794              		.loc 1 3095 1 is_stmt 1 view -0
 6795              		.cfi_startproc
 6796              		@ args = 0, pretend = 0, frame = 0
 6797              		@ frame_needed = 0, uses_anonymous_args = 0
 6798              		@ link register save eliminated.
3097:platform/HAL/src/stm32g4xx_hal_tim_ex.c **** 
 6799              		.loc 1 3097 3 view .LVU1984
3099:platform/HAL/src/stm32g4xx_hal_tim_ex.c ****   return HAL_OK;
 6800              		.loc 1 3099 3 view .LVU1985
 6801 0000 0268     		ldr	r2, [r0]
 6802 0002 9368     		ldr	r3, [r2, #8]
 6803 0004 43F08073 		orr	r3, r3, #16777216
 6804 0008 9360     		str	r3, [r2, #8]
3100:platform/HAL/src/stm32g4xx_hal_tim_ex.c **** }
 6805              		.loc 1 3100 3 view .LVU1986
3101:platform/HAL/src/stm32g4xx_hal_tim_ex.c **** 
 6806              		.loc 1 3101 1 is_stmt 0 view .LVU1987
 6807 000a 0020     		movs	r0, #0
 6808              	.LVL483:
3101:platform/HAL/src/stm32g4xx_hal_tim_ex.c **** 
ARM GAS  /tmp/cchCrvCd.s 			page 218


 6809              		.loc 1 3101 1 view .LVU1988
 6810 000c 7047     		bx	lr
 6811              		.cfi_endproc
 6812              	.LFE370:
 6814              		.section	.text.HAL_TIMEx_DisableSlaveModePreload,"ax",%progbits
 6815              		.align	1
 6816              		.global	HAL_TIMEx_DisableSlaveModePreload
 6817              		.syntax unified
 6818              		.thumb
 6819              		.thumb_func
 6821              	HAL_TIMEx_DisableSlaveModePreload:
 6822              	.LVL484:
 6823              	.LFB371:
3109:platform/HAL/src/stm32g4xx_hal_tim_ex.c ****   /* Check the parameters */
 6824              		.loc 1 3109 1 is_stmt 1 view -0
 6825              		.cfi_startproc
 6826              		@ args = 0, pretend = 0, frame = 0
 6827              		@ frame_needed = 0, uses_anonymous_args = 0
 6828              		@ link register save eliminated.
3111:platform/HAL/src/stm32g4xx_hal_tim_ex.c **** 
 6829              		.loc 1 3111 3 view .LVU1990
3113:platform/HAL/src/stm32g4xx_hal_tim_ex.c ****   return HAL_OK;
 6830              		.loc 1 3113 3 view .LVU1991
 6831 0000 0268     		ldr	r2, [r0]
 6832 0002 9368     		ldr	r3, [r2, #8]
 6833 0004 23F08073 		bic	r3, r3, #16777216
 6834 0008 9360     		str	r3, [r2, #8]
3114:platform/HAL/src/stm32g4xx_hal_tim_ex.c **** }
 6835              		.loc 1 3114 3 view .LVU1992
3115:platform/HAL/src/stm32g4xx_hal_tim_ex.c **** 
 6836              		.loc 1 3115 1 is_stmt 0 view .LVU1993
 6837 000a 0020     		movs	r0, #0
 6838              	.LVL485:
3115:platform/HAL/src/stm32g4xx_hal_tim_ex.c **** 
 6839              		.loc 1 3115 1 view .LVU1994
 6840 000c 7047     		bx	lr
 6841              		.cfi_endproc
 6842              	.LFE371:
 6844              		.section	.text.HAL_TIMEx_EnableDeadTimePreload,"ax",%progbits
 6845              		.align	1
 6846              		.global	HAL_TIMEx_EnableDeadTimePreload
 6847              		.syntax unified
 6848              		.thumb
 6849              		.thumb_func
 6851              	HAL_TIMEx_EnableDeadTimePreload:
 6852              	.LVL486:
 6853              	.LFB372:
3123:platform/HAL/src/stm32g4xx_hal_tim_ex.c ****   /* Check the parameters */
 6854              		.loc 1 3123 1 is_stmt 1 view -0
 6855              		.cfi_startproc
 6856              		@ args = 0, pretend = 0, frame = 0
 6857              		@ frame_needed = 0, uses_anonymous_args = 0
 6858              		@ link register save eliminated.
3125:platform/HAL/src/stm32g4xx_hal_tim_ex.c **** 
 6859              		.loc 1 3125 3 view .LVU1996
3127:platform/HAL/src/stm32g4xx_hal_tim_ex.c ****   return HAL_OK;
 6860              		.loc 1 3127 3 view .LVU1997
ARM GAS  /tmp/cchCrvCd.s 			page 219


 6861 0000 0268     		ldr	r2, [r0]
 6862 0002 536D     		ldr	r3, [r2, #84]
 6863 0004 43F40033 		orr	r3, r3, #131072
 6864 0008 5365     		str	r3, [r2, #84]
3128:platform/HAL/src/stm32g4xx_hal_tim_ex.c **** }
 6865              		.loc 1 3128 3 view .LVU1998
3129:platform/HAL/src/stm32g4xx_hal_tim_ex.c **** 
 6866              		.loc 1 3129 1 is_stmt 0 view .LVU1999
 6867 000a 0020     		movs	r0, #0
 6868              	.LVL487:
3129:platform/HAL/src/stm32g4xx_hal_tim_ex.c **** 
 6869              		.loc 1 3129 1 view .LVU2000
 6870 000c 7047     		bx	lr
 6871              		.cfi_endproc
 6872              	.LFE372:
 6874              		.section	.text.HAL_TIMEx_DisableDeadTimePreload,"ax",%progbits
 6875              		.align	1
 6876              		.global	HAL_TIMEx_DisableDeadTimePreload
 6877              		.syntax unified
 6878              		.thumb
 6879              		.thumb_func
 6881              	HAL_TIMEx_DisableDeadTimePreload:
 6882              	.LVL488:
 6883              	.LFB373:
3137:platform/HAL/src/stm32g4xx_hal_tim_ex.c ****   /* Check the parameters */
 6884              		.loc 1 3137 1 is_stmt 1 view -0
 6885              		.cfi_startproc
 6886              		@ args = 0, pretend = 0, frame = 0
 6887              		@ frame_needed = 0, uses_anonymous_args = 0
 6888              		@ link register save eliminated.
3139:platform/HAL/src/stm32g4xx_hal_tim_ex.c **** 
 6889              		.loc 1 3139 3 view .LVU2002
3141:platform/HAL/src/stm32g4xx_hal_tim_ex.c ****   return HAL_OK;
 6890              		.loc 1 3141 3 view .LVU2003
 6891 0000 0268     		ldr	r2, [r0]
 6892 0002 536D     		ldr	r3, [r2, #84]
 6893 0004 23F40033 		bic	r3, r3, #131072
 6894 0008 5365     		str	r3, [r2, #84]
3142:platform/HAL/src/stm32g4xx_hal_tim_ex.c **** }
 6895              		.loc 1 3142 3 view .LVU2004
3143:platform/HAL/src/stm32g4xx_hal_tim_ex.c **** 
 6896              		.loc 1 3143 1 is_stmt 0 view .LVU2005
 6897 000a 0020     		movs	r0, #0
 6898              	.LVL489:
3143:platform/HAL/src/stm32g4xx_hal_tim_ex.c **** 
 6899              		.loc 1 3143 1 view .LVU2006
 6900 000c 7047     		bx	lr
 6901              		.cfi_endproc
 6902              	.LFE373:
 6904              		.section	.text.HAL_TIMEx_ConfigDeadTime,"ax",%progbits
 6905              		.align	1
 6906              		.global	HAL_TIMEx_ConfigDeadTime
 6907              		.syntax unified
 6908              		.thumb
 6909              		.thumb_func
 6911              	HAL_TIMEx_ConfigDeadTime:
 6912              	.LVL490:
ARM GAS  /tmp/cchCrvCd.s 			page 220


 6913              	.LFB374:
3153:platform/HAL/src/stm32g4xx_hal_tim_ex.c ****   /* Check the parameters */
 6914              		.loc 1 3153 1 is_stmt 1 view -0
 6915              		.cfi_startproc
 6916              		@ args = 0, pretend = 0, frame = 0
 6917              		@ frame_needed = 0, uses_anonymous_args = 0
 6918              		@ link register save eliminated.
3155:platform/HAL/src/stm32g4xx_hal_tim_ex.c ****   assert_param(IS_TIM_DEADTIME(Deadtime));
 6919              		.loc 1 3155 3 view .LVU2008
3156:platform/HAL/src/stm32g4xx_hal_tim_ex.c **** 
 6920              		.loc 1 3156 3 view .LVU2009
3158:platform/HAL/src/stm32g4xx_hal_tim_ex.c ****   return HAL_OK;
 6921              		.loc 1 3158 3 view .LVU2010
 6922 0000 0268     		ldr	r2, [r0]
 6923 0002 536C     		ldr	r3, [r2, #68]
 6924 0004 23F0FF03 		bic	r3, r3, #255
 6925 0008 0B43     		orrs	r3, r3, r1
 6926 000a 5364     		str	r3, [r2, #68]
3159:platform/HAL/src/stm32g4xx_hal_tim_ex.c **** }
 6927              		.loc 1 3159 3 view .LVU2011
3160:platform/HAL/src/stm32g4xx_hal_tim_ex.c **** 
 6928              		.loc 1 3160 1 is_stmt 0 view .LVU2012
 6929 000c 0020     		movs	r0, #0
 6930              	.LVL491:
3160:platform/HAL/src/stm32g4xx_hal_tim_ex.c **** 
 6931              		.loc 1 3160 1 view .LVU2013
 6932 000e 7047     		bx	lr
 6933              		.cfi_endproc
 6934              	.LFE374:
 6936              		.section	.text.HAL_TIMEx_ConfigAsymmetricalDeadTime,"ax",%progbits
 6937              		.align	1
 6938              		.global	HAL_TIMEx_ConfigAsymmetricalDeadTime
 6939              		.syntax unified
 6940              		.thumb
 6941              		.thumb_func
 6943              	HAL_TIMEx_ConfigAsymmetricalDeadTime:
 6944              	.LVL492:
 6945              	.LFB375:
3170:platform/HAL/src/stm32g4xx_hal_tim_ex.c ****   /* Check the parameters */
 6946              		.loc 1 3170 1 is_stmt 1 view -0
 6947              		.cfi_startproc
 6948              		@ args = 0, pretend = 0, frame = 0
 6949              		@ frame_needed = 0, uses_anonymous_args = 0
 6950              		@ link register save eliminated.
3172:platform/HAL/src/stm32g4xx_hal_tim_ex.c ****   assert_param(IS_TIM_DEADTIME(FallingDeadtime));
 6951              		.loc 1 3172 3 view .LVU2015
3173:platform/HAL/src/stm32g4xx_hal_tim_ex.c **** 
 6952              		.loc 1 3173 3 view .LVU2016
3175:platform/HAL/src/stm32g4xx_hal_tim_ex.c ****   return HAL_OK;
 6953              		.loc 1 3175 3 view .LVU2017
 6954 0000 0268     		ldr	r2, [r0]
 6955 0002 536D     		ldr	r3, [r2, #84]
 6956 0004 23F0FF03 		bic	r3, r3, #255
 6957 0008 0B43     		orrs	r3, r3, r1
 6958 000a 5365     		str	r3, [r2, #84]
3176:platform/HAL/src/stm32g4xx_hal_tim_ex.c **** }
 6959              		.loc 1 3176 3 view .LVU2018
ARM GAS  /tmp/cchCrvCd.s 			page 221


3177:platform/HAL/src/stm32g4xx_hal_tim_ex.c **** 
 6960              		.loc 1 3177 1 is_stmt 0 view .LVU2019
 6961 000c 0020     		movs	r0, #0
 6962              	.LVL493:
3177:platform/HAL/src/stm32g4xx_hal_tim_ex.c **** 
 6963              		.loc 1 3177 1 view .LVU2020
 6964 000e 7047     		bx	lr
 6965              		.cfi_endproc
 6966              	.LFE375:
 6968              		.section	.text.HAL_TIMEx_EnableAsymmetricalDeadTime,"ax",%progbits
 6969              		.align	1
 6970              		.global	HAL_TIMEx_EnableAsymmetricalDeadTime
 6971              		.syntax unified
 6972              		.thumb
 6973              		.thumb_func
 6975              	HAL_TIMEx_EnableAsymmetricalDeadTime:
 6976              	.LVL494:
 6977              	.LFB376:
3185:platform/HAL/src/stm32g4xx_hal_tim_ex.c ****   /* Check the parameters */
 6978              		.loc 1 3185 1 is_stmt 1 view -0
 6979              		.cfi_startproc
 6980              		@ args = 0, pretend = 0, frame = 0
 6981              		@ frame_needed = 0, uses_anonymous_args = 0
 6982              		@ link register save eliminated.
3187:platform/HAL/src/stm32g4xx_hal_tim_ex.c **** 
 6983              		.loc 1 3187 3 view .LVU2022
3189:platform/HAL/src/stm32g4xx_hal_tim_ex.c ****   return HAL_OK;
 6984              		.loc 1 3189 3 view .LVU2023
 6985 0000 0268     		ldr	r2, [r0]
 6986 0002 536D     		ldr	r3, [r2, #84]
 6987 0004 43F48033 		orr	r3, r3, #65536
 6988 0008 5365     		str	r3, [r2, #84]
3190:platform/HAL/src/stm32g4xx_hal_tim_ex.c **** }
 6989              		.loc 1 3190 3 view .LVU2024
3191:platform/HAL/src/stm32g4xx_hal_tim_ex.c **** 
 6990              		.loc 1 3191 1 is_stmt 0 view .LVU2025
 6991 000a 0020     		movs	r0, #0
 6992              	.LVL495:
3191:platform/HAL/src/stm32g4xx_hal_tim_ex.c **** 
 6993              		.loc 1 3191 1 view .LVU2026
 6994 000c 7047     		bx	lr
 6995              		.cfi_endproc
 6996              	.LFE376:
 6998              		.section	.text.HAL_TIMEx_DisableAsymmetricalDeadTime,"ax",%progbits
 6999              		.align	1
 7000              		.global	HAL_TIMEx_DisableAsymmetricalDeadTime
 7001              		.syntax unified
 7002              		.thumb
 7003              		.thumb_func
 7005              	HAL_TIMEx_DisableAsymmetricalDeadTime:
 7006              	.LVL496:
 7007              	.LFB377:
3199:platform/HAL/src/stm32g4xx_hal_tim_ex.c ****   /* Check the parameters */
 7008              		.loc 1 3199 1 is_stmt 1 view -0
 7009              		.cfi_startproc
 7010              		@ args = 0, pretend = 0, frame = 0
 7011              		@ frame_needed = 0, uses_anonymous_args = 0
ARM GAS  /tmp/cchCrvCd.s 			page 222


 7012              		@ link register save eliminated.
3201:platform/HAL/src/stm32g4xx_hal_tim_ex.c **** 
 7013              		.loc 1 3201 3 view .LVU2028
3203:platform/HAL/src/stm32g4xx_hal_tim_ex.c ****   return HAL_OK;
 7014              		.loc 1 3203 3 view .LVU2029
 7015 0000 0268     		ldr	r2, [r0]
 7016 0002 536D     		ldr	r3, [r2, #84]
 7017 0004 23F48033 		bic	r3, r3, #65536
 7018 0008 5365     		str	r3, [r2, #84]
3204:platform/HAL/src/stm32g4xx_hal_tim_ex.c **** }
 7019              		.loc 1 3204 3 view .LVU2030
3205:platform/HAL/src/stm32g4xx_hal_tim_ex.c **** 
 7020              		.loc 1 3205 1 is_stmt 0 view .LVU2031
 7021 000a 0020     		movs	r0, #0
 7022              	.LVL497:
3205:platform/HAL/src/stm32g4xx_hal_tim_ex.c **** 
 7023              		.loc 1 3205 1 view .LVU2032
 7024 000c 7047     		bx	lr
 7025              		.cfi_endproc
 7026              	.LFE377:
 7028              		.section	.text.HAL_TIMEx_ConfigEncoderIndex,"ax",%progbits
 7029              		.align	1
 7030              		.global	HAL_TIMEx_ConfigEncoderIndex
 7031              		.syntax unified
 7032              		.thumb
 7033              		.thumb_func
 7035              	HAL_TIMEx_ConfigEncoderIndex:
 7036              	.LVL498:
 7037              	.LFB378:
3218:platform/HAL/src/stm32g4xx_hal_tim_ex.c ****   /* Check the parameters */
 7038              		.loc 1 3218 1 is_stmt 1 view -0
 7039              		.cfi_startproc
 7040              		@ args = 0, pretend = 0, frame = 0
 7041              		@ frame_needed = 0, uses_anonymous_args = 0
3218:platform/HAL/src/stm32g4xx_hal_tim_ex.c ****   /* Check the parameters */
 7042              		.loc 1 3218 1 is_stmt 0 view .LVU2034
 7043 0000 38B5     		push	{r3, r4, r5, lr}
 7044              	.LCFI53:
 7045              		.cfi_def_cfa_offset 16
 7046              		.cfi_offset 3, -16
 7047              		.cfi_offset 4, -12
 7048              		.cfi_offset 5, -8
 7049              		.cfi_offset 14, -4
3220:platform/HAL/src/stm32g4xx_hal_tim_ex.c ****   assert_param(IS_TIM_ENCODERINDEX_POLARITY(sEncoderIndexConfig->Polarity));
 7050              		.loc 1 3220 3 is_stmt 1 view .LVU2035
3221:platform/HAL/src/stm32g4xx_hal_tim_ex.c ****   assert_param(IS_TIM_ENCODERINDEX_PRESCALER(sEncoderIndexConfig->Prescaler));
 7051              		.loc 1 3221 3 view .LVU2036
3222:platform/HAL/src/stm32g4xx_hal_tim_ex.c ****   assert_param(IS_TIM_ENCODERINDEX_FILTER(sEncoderIndexConfig->Filter));
 7052              		.loc 1 3222 3 view .LVU2037
3223:platform/HAL/src/stm32g4xx_hal_tim_ex.c ****   assert_param(IS_FUNCTIONAL_STATE(sEncoderIndexConfig->FirstIndexEnable));
 7053              		.loc 1 3223 3 view .LVU2038
3224:platform/HAL/src/stm32g4xx_hal_tim_ex.c ****   assert_param(IS_TIM_ENCODERINDEX_POSITION(sEncoderIndexConfig->Position));
 7054              		.loc 1 3224 3 view .LVU2039
3225:platform/HAL/src/stm32g4xx_hal_tim_ex.c ****   assert_param(IS_TIM_ENCODERINDEX_DIRECTION(sEncoderIndexConfig->Direction));
 7055              		.loc 1 3225 3 view .LVU2040
3226:platform/HAL/src/stm32g4xx_hal_tim_ex.c **** 
 7056              		.loc 1 3226 3 view .LVU2041
ARM GAS  /tmp/cchCrvCd.s 			page 223


3229:platform/HAL/src/stm32g4xx_hal_tim_ex.c **** 
 7057              		.loc 1 3229 3 view .LVU2042
3229:platform/HAL/src/stm32g4xx_hal_tim_ex.c **** 
 7058              		.loc 1 3229 3 view .LVU2043
 7059 0002 90F83C30 		ldrb	r3, [r0, #60]	@ zero_extendqisi2
 7060 0006 012B     		cmp	r3, #1
 7061 0008 20D0     		beq	.L558
 7062 000a 0546     		mov	r5, r0
 7063 000c 0C46     		mov	r4, r1
3229:platform/HAL/src/stm32g4xx_hal_tim_ex.c **** 
 7064              		.loc 1 3229 3 discriminator 2 view .LVU2044
 7065 000e 0123     		movs	r3, #1
 7066 0010 80F83C30 		strb	r3, [r0, #60]
3229:platform/HAL/src/stm32g4xx_hal_tim_ex.c **** 
 7067              		.loc 1 3229 3 view .LVU2045
3232:platform/HAL/src/stm32g4xx_hal_tim_ex.c ****                     sEncoderIndexConfig->Prescaler,
 7068              		.loc 1 3232 3 view .LVU2046
 7069 0014 8B68     		ldr	r3, [r1, #8]
 7070 0016 0A68     		ldr	r2, [r1]
 7071 0018 4968     		ldr	r1, [r1, #4]
 7072              	.LVL499:
3232:platform/HAL/src/stm32g4xx_hal_tim_ex.c ****                     sEncoderIndexConfig->Prescaler,
 7073              		.loc 1 3232 3 is_stmt 0 view .LVU2047
 7074 001a 0068     		ldr	r0, [r0]
 7075              	.LVL500:
3232:platform/HAL/src/stm32g4xx_hal_tim_ex.c ****                     sEncoderIndexConfig->Prescaler,
 7076              		.loc 1 3232 3 view .LVU2048
 7077 001c FFF7FEFF 		bl	TIM_ETR_SetConfig
 7078              	.LVL501:
3238:platform/HAL/src/stm32g4xx_hal_tim_ex.c ****              TIM_ECR_IDIR_Msk | TIM_ECR_FIDX_Msk | TIM_ECR_IPOS_Msk,
 7079              		.loc 1 3238 3 is_stmt 1 view .LVU2049
 7080 0020 2968     		ldr	r1, [r5]
 7081 0022 8B6D     		ldr	r3, [r1, #88]
 7082 0024 23F0E603 		bic	r3, r3, #230
 7083 0028 6269     		ldr	r2, [r4, #20]
 7084 002a 207B     		ldrb	r0, [r4, #12]	@ zero_extendqisi2
 7085 002c 0128     		cmp	r0, #1
 7086 002e 0BD0     		beq	.L561
3238:platform/HAL/src/stm32g4xx_hal_tim_ex.c ****              TIM_ECR_IDIR_Msk | TIM_ECR_FIDX_Msk | TIM_ECR_IPOS_Msk,
 7087              		.loc 1 3238 3 is_stmt 0 discriminator 2 view .LVU2050
 7088 0030 0020     		movs	r0, #0
 7089              	.L557:
3238:platform/HAL/src/stm32g4xx_hal_tim_ex.c ****              TIM_ECR_IDIR_Msk | TIM_ECR_FIDX_Msk | TIM_ECR_IPOS_Msk,
 7090              		.loc 1 3238 3 discriminator 4 view .LVU2051
 7091 0032 0243     		orrs	r2, r2, r0
 7092 0034 2069     		ldr	r0, [r4, #16]
 7093 0036 0243     		orrs	r2, r2, r0
 7094 0038 1343     		orrs	r3, r3, r2
 7095 003a 43F00103 		orr	r3, r3, #1
 7096 003e 8B65     		str	r3, [r1, #88]
3245:platform/HAL/src/stm32g4xx_hal_tim_ex.c **** 
 7097              		.loc 1 3245 3 is_stmt 1 view .LVU2052
3245:platform/HAL/src/stm32g4xx_hal_tim_ex.c **** 
 7098              		.loc 1 3245 3 view .LVU2053
 7099 0040 0020     		movs	r0, #0
 7100 0042 85F83C00 		strb	r0, [r5, #60]
3245:platform/HAL/src/stm32g4xx_hal_tim_ex.c **** 
ARM GAS  /tmp/cchCrvCd.s 			page 224


 7101              		.loc 1 3245 3 view .LVU2054
3247:platform/HAL/src/stm32g4xx_hal_tim_ex.c **** }
 7102              		.loc 1 3247 3 view .LVU2055
 7103              	.LVL502:
 7104              	.L556:
3248:platform/HAL/src/stm32g4xx_hal_tim_ex.c **** 
 7105              		.loc 1 3248 1 is_stmt 0 view .LVU2056
 7106 0046 38BD     		pop	{r3, r4, r5, pc}
 7107              	.LVL503:
 7108              	.L561:
3238:platform/HAL/src/stm32g4xx_hal_tim_ex.c ****              TIM_ECR_IDIR_Msk | TIM_ECR_FIDX_Msk | TIM_ECR_IPOS_Msk,
 7109              		.loc 1 3238 3 discriminator 1 view .LVU2057
 7110 0048 2020     		movs	r0, #32
 7111 004a F2E7     		b	.L557
 7112              	.LVL504:
 7113              	.L558:
3229:platform/HAL/src/stm32g4xx_hal_tim_ex.c **** 
 7114              		.loc 1 3229 3 discriminator 1 view .LVU2058
 7115 004c 0220     		movs	r0, #2
 7116              	.LVL505:
3229:platform/HAL/src/stm32g4xx_hal_tim_ex.c **** 
 7117              		.loc 1 3229 3 discriminator 1 view .LVU2059
 7118 004e FAE7     		b	.L556
 7119              		.cfi_endproc
 7120              	.LFE378:
 7122              		.section	.text.HAL_TIMEx_EnableEncoderIndex,"ax",%progbits
 7123              		.align	1
 7124              		.global	HAL_TIMEx_EnableEncoderIndex
 7125              		.syntax unified
 7126              		.thumb
 7127              		.thumb_func
 7129              	HAL_TIMEx_EnableEncoderIndex:
 7130              	.LVL506:
 7131              	.LFB379:
3256:platform/HAL/src/stm32g4xx_hal_tim_ex.c ****   /* Check the parameters */
 7132              		.loc 1 3256 1 is_stmt 1 view -0
 7133              		.cfi_startproc
 7134              		@ args = 0, pretend = 0, frame = 0
 7135              		@ frame_needed = 0, uses_anonymous_args = 0
 7136              		@ link register save eliminated.
3258:platform/HAL/src/stm32g4xx_hal_tim_ex.c **** 
 7137              		.loc 1 3258 3 view .LVU2061
3260:platform/HAL/src/stm32g4xx_hal_tim_ex.c ****   return HAL_OK;
 7138              		.loc 1 3260 3 view .LVU2062
 7139 0000 0268     		ldr	r2, [r0]
 7140 0002 936D     		ldr	r3, [r2, #88]
 7141 0004 43F00103 		orr	r3, r3, #1
 7142 0008 9365     		str	r3, [r2, #88]
3261:platform/HAL/src/stm32g4xx_hal_tim_ex.c **** }
 7143              		.loc 1 3261 3 view .LVU2063
3262:platform/HAL/src/stm32g4xx_hal_tim_ex.c **** 
 7144              		.loc 1 3262 1 is_stmt 0 view .LVU2064
 7145 000a 0020     		movs	r0, #0
 7146              	.LVL507:
3262:platform/HAL/src/stm32g4xx_hal_tim_ex.c **** 
 7147              		.loc 1 3262 1 view .LVU2065
 7148 000c 7047     		bx	lr
ARM GAS  /tmp/cchCrvCd.s 			page 225


 7149              		.cfi_endproc
 7150              	.LFE379:
 7152              		.section	.text.HAL_TIMEx_DisableEncoderIndex,"ax",%progbits
 7153              		.align	1
 7154              		.global	HAL_TIMEx_DisableEncoderIndex
 7155              		.syntax unified
 7156              		.thumb
 7157              		.thumb_func
 7159              	HAL_TIMEx_DisableEncoderIndex:
 7160              	.LVL508:
 7161              	.LFB380:
3270:platform/HAL/src/stm32g4xx_hal_tim_ex.c ****   /* Check the parameters */
 7162              		.loc 1 3270 1 is_stmt 1 view -0
 7163              		.cfi_startproc
 7164              		@ args = 0, pretend = 0, frame = 0
 7165              		@ frame_needed = 0, uses_anonymous_args = 0
 7166              		@ link register save eliminated.
3272:platform/HAL/src/stm32g4xx_hal_tim_ex.c **** 
 7167              		.loc 1 3272 3 view .LVU2067
3274:platform/HAL/src/stm32g4xx_hal_tim_ex.c ****   return HAL_OK;
 7168              		.loc 1 3274 3 view .LVU2068
 7169 0000 0268     		ldr	r2, [r0]
 7170 0002 936D     		ldr	r3, [r2, #88]
 7171 0004 23F00103 		bic	r3, r3, #1
 7172 0008 9365     		str	r3, [r2, #88]
3275:platform/HAL/src/stm32g4xx_hal_tim_ex.c **** }
 7173              		.loc 1 3275 3 view .LVU2069
3276:platform/HAL/src/stm32g4xx_hal_tim_ex.c **** 
 7174              		.loc 1 3276 1 is_stmt 0 view .LVU2070
 7175 000a 0020     		movs	r0, #0
 7176              	.LVL509:
3276:platform/HAL/src/stm32g4xx_hal_tim_ex.c **** 
 7177              		.loc 1 3276 1 view .LVU2071
 7178 000c 7047     		bx	lr
 7179              		.cfi_endproc
 7180              	.LFE380:
 7182              		.section	.text.HAL_TIMEx_EnableEncoderFirstIndex,"ax",%progbits
 7183              		.align	1
 7184              		.global	HAL_TIMEx_EnableEncoderFirstIndex
 7185              		.syntax unified
 7186              		.thumb
 7187              		.thumb_func
 7189              	HAL_TIMEx_EnableEncoderFirstIndex:
 7190              	.LVL510:
 7191              	.LFB381:
3284:platform/HAL/src/stm32g4xx_hal_tim_ex.c ****   /* Check the parameters */
 7192              		.loc 1 3284 1 is_stmt 1 view -0
 7193              		.cfi_startproc
 7194              		@ args = 0, pretend = 0, frame = 0
 7195              		@ frame_needed = 0, uses_anonymous_args = 0
 7196              		@ link register save eliminated.
3286:platform/HAL/src/stm32g4xx_hal_tim_ex.c **** 
 7197              		.loc 1 3286 3 view .LVU2073
3288:platform/HAL/src/stm32g4xx_hal_tim_ex.c ****   return HAL_OK;
 7198              		.loc 1 3288 3 view .LVU2074
 7199 0000 0268     		ldr	r2, [r0]
 7200 0002 936D     		ldr	r3, [r2, #88]
ARM GAS  /tmp/cchCrvCd.s 			page 226


 7201 0004 43F02003 		orr	r3, r3, #32
 7202 0008 9365     		str	r3, [r2, #88]
3289:platform/HAL/src/stm32g4xx_hal_tim_ex.c **** }
 7203              		.loc 1 3289 3 view .LVU2075
3290:platform/HAL/src/stm32g4xx_hal_tim_ex.c **** 
 7204              		.loc 1 3290 1 is_stmt 0 view .LVU2076
 7205 000a 0020     		movs	r0, #0
 7206              	.LVL511:
3290:platform/HAL/src/stm32g4xx_hal_tim_ex.c **** 
 7207              		.loc 1 3290 1 view .LVU2077
 7208 000c 7047     		bx	lr
 7209              		.cfi_endproc
 7210              	.LFE381:
 7212              		.section	.text.HAL_TIMEx_DisableEncoderFirstIndex,"ax",%progbits
 7213              		.align	1
 7214              		.global	HAL_TIMEx_DisableEncoderFirstIndex
 7215              		.syntax unified
 7216              		.thumb
 7217              		.thumb_func
 7219              	HAL_TIMEx_DisableEncoderFirstIndex:
 7220              	.LVL512:
 7221              	.LFB382:
3298:platform/HAL/src/stm32g4xx_hal_tim_ex.c ****   /* Check the parameters */
 7222              		.loc 1 3298 1 is_stmt 1 view -0
 7223              		.cfi_startproc
 7224              		@ args = 0, pretend = 0, frame = 0
 7225              		@ frame_needed = 0, uses_anonymous_args = 0
 7226              		@ link register save eliminated.
3300:platform/HAL/src/stm32g4xx_hal_tim_ex.c **** 
 7227              		.loc 1 3300 3 view .LVU2079
3302:platform/HAL/src/stm32g4xx_hal_tim_ex.c ****   return HAL_OK;
 7228              		.loc 1 3302 3 view .LVU2080
 7229 0000 0268     		ldr	r2, [r0]
 7230 0002 936D     		ldr	r3, [r2, #88]
 7231 0004 23F02003 		bic	r3, r3, #32
 7232 0008 9365     		str	r3, [r2, #88]
3303:platform/HAL/src/stm32g4xx_hal_tim_ex.c **** }
 7233              		.loc 1 3303 3 view .LVU2081
3304:platform/HAL/src/stm32g4xx_hal_tim_ex.c **** 
 7234              		.loc 1 3304 1 is_stmt 0 view .LVU2082
 7235 000a 0020     		movs	r0, #0
 7236              	.LVL513:
3304:platform/HAL/src/stm32g4xx_hal_tim_ex.c **** 
 7237              		.loc 1 3304 1 view .LVU2083
 7238 000c 7047     		bx	lr
 7239              		.cfi_endproc
 7240              	.LFE382:
 7242              		.section	.text.HAL_TIMEx_CommutCallback,"ax",%progbits
 7243              		.align	1
 7244              		.weak	HAL_TIMEx_CommutCallback
 7245              		.syntax unified
 7246              		.thumb
 7247              		.thumb_func
 7249              	HAL_TIMEx_CommutCallback:
 7250              	.LVL514:
 7251              	.LFB383:
3332:platform/HAL/src/stm32g4xx_hal_tim_ex.c ****   /* Prevent unused argument(s) compilation warning */
ARM GAS  /tmp/cchCrvCd.s 			page 227


 7252              		.loc 1 3332 1 is_stmt 1 view -0
 7253              		.cfi_startproc
 7254              		@ args = 0, pretend = 0, frame = 0
 7255              		@ frame_needed = 0, uses_anonymous_args = 0
 7256              		@ link register save eliminated.
3334:platform/HAL/src/stm32g4xx_hal_tim_ex.c **** 
 7257              		.loc 1 3334 3 view .LVU2085
3339:platform/HAL/src/stm32g4xx_hal_tim_ex.c **** /**
 7258              		.loc 1 3339 1 is_stmt 0 view .LVU2086
 7259 0000 7047     		bx	lr
 7260              		.cfi_endproc
 7261              	.LFE383:
 7263              		.section	.text.TIMEx_DMACommutationCplt,"ax",%progbits
 7264              		.align	1
 7265              		.global	TIMEx_DMACommutationCplt
 7266              		.syntax unified
 7267              		.thumb
 7268              		.thumb_func
 7270              	TIMEx_DMACommutationCplt:
 7271              	.LVL515:
 7272              	.LFB393:
3515:platform/HAL/src/stm32g4xx_hal_tim_ex.c ****   TIM_HandleTypeDef *htim = (TIM_HandleTypeDef *)((DMA_HandleTypeDef *)hdma)->Parent;
 7273              		.loc 1 3515 1 is_stmt 1 view -0
 7274              		.cfi_startproc
 7275              		@ args = 0, pretend = 0, frame = 0
 7276              		@ frame_needed = 0, uses_anonymous_args = 0
3515:platform/HAL/src/stm32g4xx_hal_tim_ex.c ****   TIM_HandleTypeDef *htim = (TIM_HandleTypeDef *)((DMA_HandleTypeDef *)hdma)->Parent;
 7277              		.loc 1 3515 1 is_stmt 0 view .LVU2088
 7278 0000 08B5     		push	{r3, lr}
 7279              	.LCFI54:
 7280              		.cfi_def_cfa_offset 8
 7281              		.cfi_offset 3, -8
 7282              		.cfi_offset 14, -4
3516:platform/HAL/src/stm32g4xx_hal_tim_ex.c **** 
 7283              		.loc 1 3516 3 is_stmt 1 view .LVU2089
3516:platform/HAL/src/stm32g4xx_hal_tim_ex.c **** 
 7284              		.loc 1 3516 22 is_stmt 0 view .LVU2090
 7285 0002 806A     		ldr	r0, [r0, #40]
 7286              	.LVL516:
3519:platform/HAL/src/stm32g4xx_hal_tim_ex.c **** 
 7287              		.loc 1 3519 3 is_stmt 1 view .LVU2091
3519:platform/HAL/src/stm32g4xx_hal_tim_ex.c **** 
 7288              		.loc 1 3519 15 is_stmt 0 view .LVU2092
 7289 0004 0123     		movs	r3, #1
 7290 0006 80F83D30 		strb	r3, [r0, #61]
3524:platform/HAL/src/stm32g4xx_hal_tim_ex.c **** #endif /* USE_HAL_TIM_REGISTER_CALLBACKS */
 7291              		.loc 1 3524 3 is_stmt 1 view .LVU2093
 7292 000a FFF7FEFF 		bl	HAL_TIMEx_CommutCallback
 7293              	.LVL517:
3526:platform/HAL/src/stm32g4xx_hal_tim_ex.c **** 
 7294              		.loc 1 3526 1 is_stmt 0 view .LVU2094
 7295 000e 08BD     		pop	{r3, pc}
 7296              		.cfi_endproc
 7297              	.LFE393:
 7299              		.section	.text.HAL_TIMEx_CommutHalfCpltCallback,"ax",%progbits
 7300              		.align	1
 7301              		.weak	HAL_TIMEx_CommutHalfCpltCallback
ARM GAS  /tmp/cchCrvCd.s 			page 228


 7302              		.syntax unified
 7303              		.thumb
 7304              		.thumb_func
 7306              	HAL_TIMEx_CommutHalfCpltCallback:
 7307              	.LVL518:
 7308              	.LFB384:
3346:platform/HAL/src/stm32g4xx_hal_tim_ex.c ****   /* Prevent unused argument(s) compilation warning */
 7309              		.loc 1 3346 1 is_stmt 1 view -0
 7310              		.cfi_startproc
 7311              		@ args = 0, pretend = 0, frame = 0
 7312              		@ frame_needed = 0, uses_anonymous_args = 0
 7313              		@ link register save eliminated.
3348:platform/HAL/src/stm32g4xx_hal_tim_ex.c **** 
 7314              		.loc 1 3348 3 view .LVU2096
3353:platform/HAL/src/stm32g4xx_hal_tim_ex.c **** 
 7315              		.loc 1 3353 1 is_stmt 0 view .LVU2097
 7316 0000 7047     		bx	lr
 7317              		.cfi_endproc
 7318              	.LFE384:
 7320              		.section	.text.TIMEx_DMACommutationHalfCplt,"ax",%progbits
 7321              		.align	1
 7322              		.global	TIMEx_DMACommutationHalfCplt
 7323              		.syntax unified
 7324              		.thumb
 7325              		.thumb_func
 7327              	TIMEx_DMACommutationHalfCplt:
 7328              	.LVL519:
 7329              	.LFB394:
3534:platform/HAL/src/stm32g4xx_hal_tim_ex.c ****   TIM_HandleTypeDef *htim = (TIM_HandleTypeDef *)((DMA_HandleTypeDef *)hdma)->Parent;
 7330              		.loc 1 3534 1 is_stmt 1 view -0
 7331              		.cfi_startproc
 7332              		@ args = 0, pretend = 0, frame = 0
 7333              		@ frame_needed = 0, uses_anonymous_args = 0
3534:platform/HAL/src/stm32g4xx_hal_tim_ex.c ****   TIM_HandleTypeDef *htim = (TIM_HandleTypeDef *)((DMA_HandleTypeDef *)hdma)->Parent;
 7334              		.loc 1 3534 1 is_stmt 0 view .LVU2099
 7335 0000 08B5     		push	{r3, lr}
 7336              	.LCFI55:
 7337              		.cfi_def_cfa_offset 8
 7338              		.cfi_offset 3, -8
 7339              		.cfi_offset 14, -4
3535:platform/HAL/src/stm32g4xx_hal_tim_ex.c **** 
 7340              		.loc 1 3535 3 is_stmt 1 view .LVU2100
3535:platform/HAL/src/stm32g4xx_hal_tim_ex.c **** 
 7341              		.loc 1 3535 22 is_stmt 0 view .LVU2101
 7342 0002 806A     		ldr	r0, [r0, #40]
 7343              	.LVL520:
3538:platform/HAL/src/stm32g4xx_hal_tim_ex.c **** 
 7344              		.loc 1 3538 3 is_stmt 1 view .LVU2102
3538:platform/HAL/src/stm32g4xx_hal_tim_ex.c **** 
 7345              		.loc 1 3538 15 is_stmt 0 view .LVU2103
 7346 0004 0123     		movs	r3, #1
 7347 0006 80F83D30 		strb	r3, [r0, #61]
3543:platform/HAL/src/stm32g4xx_hal_tim_ex.c **** #endif /* USE_HAL_TIM_REGISTER_CALLBACKS */
 7348              		.loc 1 3543 3 is_stmt 1 view .LVU2104
 7349 000a FFF7FEFF 		bl	HAL_TIMEx_CommutHalfCpltCallback
 7350              	.LVL521:
3545:platform/HAL/src/stm32g4xx_hal_tim_ex.c **** 
ARM GAS  /tmp/cchCrvCd.s 			page 229


 7351              		.loc 1 3545 1 is_stmt 0 view .LVU2105
 7352 000e 08BD     		pop	{r3, pc}
 7353              		.cfi_endproc
 7354              	.LFE394:
 7356              		.section	.text.HAL_TIMEx_BreakCallback,"ax",%progbits
 7357              		.align	1
 7358              		.weak	HAL_TIMEx_BreakCallback
 7359              		.syntax unified
 7360              		.thumb
 7361              		.thumb_func
 7363              	HAL_TIMEx_BreakCallback:
 7364              	.LVL522:
 7365              	.LFB385:
3361:platform/HAL/src/stm32g4xx_hal_tim_ex.c ****   /* Prevent unused argument(s) compilation warning */
 7366              		.loc 1 3361 1 is_stmt 1 view -0
 7367              		.cfi_startproc
 7368              		@ args = 0, pretend = 0, frame = 0
 7369              		@ frame_needed = 0, uses_anonymous_args = 0
 7370              		@ link register save eliminated.
3363:platform/HAL/src/stm32g4xx_hal_tim_ex.c **** 
 7371              		.loc 1 3363 3 view .LVU2107
3368:platform/HAL/src/stm32g4xx_hal_tim_ex.c **** 
 7372              		.loc 1 3368 1 is_stmt 0 view .LVU2108
 7373 0000 7047     		bx	lr
 7374              		.cfi_endproc
 7375              	.LFE385:
 7377              		.section	.text.HAL_TIMEx_Break2Callback,"ax",%progbits
 7378              		.align	1
 7379              		.weak	HAL_TIMEx_Break2Callback
 7380              		.syntax unified
 7381              		.thumb
 7382              		.thumb_func
 7384              	HAL_TIMEx_Break2Callback:
 7385              	.LVL523:
 7386              	.LFB386:
3376:platform/HAL/src/stm32g4xx_hal_tim_ex.c ****   /* Prevent unused argument(s) compilation warning */
 7387              		.loc 1 3376 1 is_stmt 1 view -0
 7388              		.cfi_startproc
 7389              		@ args = 0, pretend = 0, frame = 0
 7390              		@ frame_needed = 0, uses_anonymous_args = 0
 7391              		@ link register save eliminated.
3378:platform/HAL/src/stm32g4xx_hal_tim_ex.c **** 
 7392              		.loc 1 3378 3 view .LVU2110
3383:platform/HAL/src/stm32g4xx_hal_tim_ex.c **** 
 7393              		.loc 1 3383 1 is_stmt 0 view .LVU2111
 7394 0000 7047     		bx	lr
 7395              		.cfi_endproc
 7396              	.LFE386:
 7398              		.section	.text.HAL_TIMEx_EncoderIndexCallback,"ax",%progbits
 7399              		.align	1
 7400              		.weak	HAL_TIMEx_EncoderIndexCallback
 7401              		.syntax unified
 7402              		.thumb
 7403              		.thumb_func
 7405              	HAL_TIMEx_EncoderIndexCallback:
 7406              	.LVL524:
 7407              	.LFB387:
ARM GAS  /tmp/cchCrvCd.s 			page 230


3391:platform/HAL/src/stm32g4xx_hal_tim_ex.c ****   /* Prevent unused argument(s) compilation warning */
 7408              		.loc 1 3391 1 is_stmt 1 view -0
 7409              		.cfi_startproc
 7410              		@ args = 0, pretend = 0, frame = 0
 7411              		@ frame_needed = 0, uses_anonymous_args = 0
 7412              		@ link register save eliminated.
3393:platform/HAL/src/stm32g4xx_hal_tim_ex.c **** 
 7413              		.loc 1 3393 3 view .LVU2113
3398:platform/HAL/src/stm32g4xx_hal_tim_ex.c **** 
 7414              		.loc 1 3398 1 is_stmt 0 view .LVU2114
 7415 0000 7047     		bx	lr
 7416              		.cfi_endproc
 7417              	.LFE387:
 7419              		.section	.text.HAL_TIMEx_DirectionChangeCallback,"ax",%progbits
 7420              		.align	1
 7421              		.weak	HAL_TIMEx_DirectionChangeCallback
 7422              		.syntax unified
 7423              		.thumb
 7424              		.thumb_func
 7426              	HAL_TIMEx_DirectionChangeCallback:
 7427              	.LVL525:
 7428              	.LFB388:
3406:platform/HAL/src/stm32g4xx_hal_tim_ex.c ****   /* Prevent unused argument(s) compilation warning */
 7429              		.loc 1 3406 1 is_stmt 1 view -0
 7430              		.cfi_startproc
 7431              		@ args = 0, pretend = 0, frame = 0
 7432              		@ frame_needed = 0, uses_anonymous_args = 0
 7433              		@ link register save eliminated.
3408:platform/HAL/src/stm32g4xx_hal_tim_ex.c **** 
 7434              		.loc 1 3408 3 view .LVU2116
3413:platform/HAL/src/stm32g4xx_hal_tim_ex.c **** 
 7435              		.loc 1 3413 1 is_stmt 0 view .LVU2117
 7436 0000 7047     		bx	lr
 7437              		.cfi_endproc
 7438              	.LFE388:
 7440              		.section	.text.HAL_TIMEx_IndexErrorCallback,"ax",%progbits
 7441              		.align	1
 7442              		.weak	HAL_TIMEx_IndexErrorCallback
 7443              		.syntax unified
 7444              		.thumb
 7445              		.thumb_func
 7447              	HAL_TIMEx_IndexErrorCallback:
 7448              	.LVL526:
 7449              	.LFB389:
3421:platform/HAL/src/stm32g4xx_hal_tim_ex.c ****   /* Prevent unused argument(s) compilation warning */
 7450              		.loc 1 3421 1 is_stmt 1 view -0
 7451              		.cfi_startproc
 7452              		@ args = 0, pretend = 0, frame = 0
 7453              		@ frame_needed = 0, uses_anonymous_args = 0
 7454              		@ link register save eliminated.
3423:platform/HAL/src/stm32g4xx_hal_tim_ex.c **** 
 7455              		.loc 1 3423 3 view .LVU2119
3428:platform/HAL/src/stm32g4xx_hal_tim_ex.c **** 
 7456              		.loc 1 3428 1 is_stmt 0 view .LVU2120
 7457 0000 7047     		bx	lr
 7458              		.cfi_endproc
 7459              	.LFE389:
ARM GAS  /tmp/cchCrvCd.s 			page 231


 7461              		.section	.text.HAL_TIMEx_TransitionErrorCallback,"ax",%progbits
 7462              		.align	1
 7463              		.weak	HAL_TIMEx_TransitionErrorCallback
 7464              		.syntax unified
 7465              		.thumb
 7466              		.thumb_func
 7468              	HAL_TIMEx_TransitionErrorCallback:
 7469              	.LVL527:
 7470              	.LFB390:
3436:platform/HAL/src/stm32g4xx_hal_tim_ex.c ****   /* Prevent unused argument(s) compilation warning */
 7471              		.loc 1 3436 1 is_stmt 1 view -0
 7472              		.cfi_startproc
 7473              		@ args = 0, pretend = 0, frame = 0
 7474              		@ frame_needed = 0, uses_anonymous_args = 0
 7475              		@ link register save eliminated.
3438:platform/HAL/src/stm32g4xx_hal_tim_ex.c **** 
 7476              		.loc 1 3438 3 view .LVU2122
3443:platform/HAL/src/stm32g4xx_hal_tim_ex.c **** 
 7477              		.loc 1 3443 1 is_stmt 0 view .LVU2123
 7478 0000 7047     		bx	lr
 7479              		.cfi_endproc
 7480              	.LFE390:
 7482              		.section	.text.HAL_TIMEx_HallSensor_GetState,"ax",%progbits
 7483              		.align	1
 7484              		.global	HAL_TIMEx_HallSensor_GetState
 7485              		.syntax unified
 7486              		.thumb
 7487              		.thumb_func
 7489              	HAL_TIMEx_HallSensor_GetState:
 7490              	.LVL528:
 7491              	.LFB391:
3470:platform/HAL/src/stm32g4xx_hal_tim_ex.c ****   return htim->State;
 7492              		.loc 1 3470 1 is_stmt 1 view -0
 7493              		.cfi_startproc
 7494              		@ args = 0, pretend = 0, frame = 0
 7495              		@ frame_needed = 0, uses_anonymous_args = 0
 7496              		@ link register save eliminated.
3471:platform/HAL/src/stm32g4xx_hal_tim_ex.c **** }
 7497              		.loc 1 3471 3 view .LVU2125
3471:platform/HAL/src/stm32g4xx_hal_tim_ex.c **** }
 7498              		.loc 1 3471 14 is_stmt 0 view .LVU2126
 7499 0000 90F83D00 		ldrb	r0, [r0, #61]	@ zero_extendqisi2
 7500              	.LVL529:
3472:platform/HAL/src/stm32g4xx_hal_tim_ex.c **** 
 7501              		.loc 1 3472 1 view .LVU2127
 7502 0004 7047     		bx	lr
 7503              		.cfi_endproc
 7504              	.LFE391:
 7506              		.section	.text.HAL_TIMEx_GetChannelNState,"ax",%progbits
 7507              		.align	1
 7508              		.global	HAL_TIMEx_GetChannelNState
 7509              		.syntax unified
 7510              		.thumb
 7511              		.thumb_func
 7513              	HAL_TIMEx_GetChannelNState:
 7514              	.LVL530:
 7515              	.LFB392:
ARM GAS  /tmp/cchCrvCd.s 			page 232


3486:platform/HAL/src/stm32g4xx_hal_tim_ex.c ****   HAL_TIM_ChannelStateTypeDef channel_state;
 7516              		.loc 1 3486 1 is_stmt 1 view -0
 7517              		.cfi_startproc
 7518              		@ args = 0, pretend = 0, frame = 0
 7519              		@ frame_needed = 0, uses_anonymous_args = 0
 7520              		@ link register save eliminated.
3487:platform/HAL/src/stm32g4xx_hal_tim_ex.c **** 
 7521              		.loc 1 3487 3 view .LVU2129
3490:platform/HAL/src/stm32g4xx_hal_tim_ex.c **** 
 7522              		.loc 1 3490 3 view .LVU2130
3492:platform/HAL/src/stm32g4xx_hal_tim_ex.c **** 
 7523              		.loc 1 3492 3 view .LVU2131
3492:platform/HAL/src/stm32g4xx_hal_tim_ex.c **** 
 7524              		.loc 1 3492 19 is_stmt 0 view .LVU2132
 7525 0000 19B9     		cbnz	r1, .L580
3492:platform/HAL/src/stm32g4xx_hal_tim_ex.c **** 
 7526              		.loc 1 3492 19 discriminator 1 view .LVU2133
 7527 0002 90F84400 		ldrb	r0, [r0, #68]	@ zero_extendqisi2
 7528              	.LVL531:
3492:platform/HAL/src/stm32g4xx_hal_tim_ex.c **** 
 7529              		.loc 1 3492 19 discriminator 1 view .LVU2134
 7530 0006 C0B2     		uxtb	r0, r0
 7531 0008 7047     		bx	lr
 7532              	.LVL532:
 7533              	.L580:
3492:platform/HAL/src/stm32g4xx_hal_tim_ex.c **** 
 7534              		.loc 1 3492 19 discriminator 2 view .LVU2135
 7535 000a 0429     		cmp	r1, #4
 7536 000c 05D0     		beq	.L584
3492:platform/HAL/src/stm32g4xx_hal_tim_ex.c **** 
 7537              		.loc 1 3492 19 discriminator 5 view .LVU2136
 7538 000e 0829     		cmp	r1, #8
 7539 0010 07D0     		beq	.L585
3492:platform/HAL/src/stm32g4xx_hal_tim_ex.c **** 
 7540              		.loc 1 3492 19 discriminator 8 view .LVU2137
 7541 0012 90F84700 		ldrb	r0, [r0, #71]	@ zero_extendqisi2
 7542              	.LVL533:
3492:platform/HAL/src/stm32g4xx_hal_tim_ex.c **** 
 7543              		.loc 1 3492 19 discriminator 8 view .LVU2138
 7544 0016 C0B2     		uxtb	r0, r0
 7545              	.LVL534:
3494:platform/HAL/src/stm32g4xx_hal_tim_ex.c **** }
 7546              		.loc 1 3494 3 is_stmt 1 view .LVU2139
3495:platform/HAL/src/stm32g4xx_hal_tim_ex.c **** /**
 7547              		.loc 1 3495 1 is_stmt 0 view .LVU2140
 7548 0018 7047     		bx	lr
 7549              	.LVL535:
 7550              	.L584:
3492:platform/HAL/src/stm32g4xx_hal_tim_ex.c **** 
 7551              		.loc 1 3492 19 discriminator 4 view .LVU2141
 7552 001a 90F84500 		ldrb	r0, [r0, #69]	@ zero_extendqisi2
 7553              	.LVL536:
3492:platform/HAL/src/stm32g4xx_hal_tim_ex.c **** 
 7554              		.loc 1 3492 19 discriminator 4 view .LVU2142
 7555 001e C0B2     		uxtb	r0, r0
 7556 0020 7047     		bx	lr
 7557              	.LVL537:
ARM GAS  /tmp/cchCrvCd.s 			page 233


 7558              	.L585:
3492:platform/HAL/src/stm32g4xx_hal_tim_ex.c **** 
 7559              		.loc 1 3492 19 discriminator 7 view .LVU2143
 7560 0022 90F84600 		ldrb	r0, [r0, #70]	@ zero_extendqisi2
 7561              	.LVL538:
3492:platform/HAL/src/stm32g4xx_hal_tim_ex.c **** 
 7562              		.loc 1 3492 19 discriminator 7 view .LVU2144
 7563 0026 C0B2     		uxtb	r0, r0
 7564 0028 7047     		bx	lr
 7565              		.cfi_endproc
 7566              	.LFE392:
 7568              		.text
 7569              	.Letext0:
 7570              		.file 2 "/usr/arm-none-eabi/include/machine/_default_types.h"
 7571              		.file 3 "/usr/arm-none-eabi/include/sys/_stdint.h"
 7572              		.file 4 "platform/CMSIS/Device/ST/STM32G4xx/Include/stm32g474xx.h"
 7573              		.file 5 "platform/CMSIS/Device/ST/STM32G4xx/Include/stm32g4xx.h"
 7574              		.file 6 "platform/HAL/inc/stm32g4xx_hal_def.h"
 7575              		.file 7 "platform/HAL/inc/stm32g4xx_hal_dma.h"
 7576              		.file 8 "platform/HAL/inc/stm32g4xx_hal_tim.h"
 7577              		.file 9 "platform/HAL/inc/stm32g4xx_hal_tim_ex.h"
 7578              		.file 10 "platform/HAL/inc/stm32g4xx_hal.h"
ARM GAS  /tmp/cchCrvCd.s 			page 234


DEFINED SYMBOLS
                            *ABS*:00000000 stm32g4xx_hal_tim_ex.c
     /tmp/cchCrvCd.s:21     .text.TIM_CCxNChannelCmd:00000000 $t
     /tmp/cchCrvCd.s:26     .text.TIM_CCxNChannelCmd:00000000 TIM_CCxNChannelCmd
     /tmp/cchCrvCd.s:64     .text.TIM_DMAErrorCCxN:00000000 $t
     /tmp/cchCrvCd.s:69     .text.TIM_DMAErrorCCxN:00000000 TIM_DMAErrorCCxN
     /tmp/cchCrvCd.s:162    .text.TIM_DMADelayPulseNCplt:00000000 $t
     /tmp/cchCrvCd.s:167    .text.TIM_DMADelayPulseNCplt:00000000 TIM_DMADelayPulseNCplt
     /tmp/cchCrvCd.s:287    .text.HAL_TIMEx_HallSensor_MspInit:00000000 $t
     /tmp/cchCrvCd.s:293    .text.HAL_TIMEx_HallSensor_MspInit:00000000 HAL_TIMEx_HallSensor_MspInit
     /tmp/cchCrvCd.s:308    .text.HAL_TIMEx_HallSensor_Init:00000000 $t
     /tmp/cchCrvCd.s:314    .text.HAL_TIMEx_HallSensor_Init:00000000 HAL_TIMEx_HallSensor_Init
     /tmp/cchCrvCd.s:534    .text.HAL_TIMEx_HallSensor_MspDeInit:00000000 $t
     /tmp/cchCrvCd.s:540    .text.HAL_TIMEx_HallSensor_MspDeInit:00000000 HAL_TIMEx_HallSensor_MspDeInit
     /tmp/cchCrvCd.s:555    .text.HAL_TIMEx_HallSensor_DeInit:00000000 $t
     /tmp/cchCrvCd.s:561    .text.HAL_TIMEx_HallSensor_DeInit:00000000 HAL_TIMEx_HallSensor_DeInit
     /tmp/cchCrvCd.s:631    .text.HAL_TIMEx_HallSensor_Start:00000000 $t
     /tmp/cchCrvCd.s:637    .text.HAL_TIMEx_HallSensor_Start:00000000 HAL_TIMEx_HallSensor_Start
     /tmp/cchCrvCd.s:801    .text.HAL_TIMEx_HallSensor_Start:000000c4 $d
     /tmp/cchCrvCd.s:807    .text.HAL_TIMEx_HallSensor_Stop:00000000 $t
     /tmp/cchCrvCd.s:813    .text.HAL_TIMEx_HallSensor_Stop:00000000 HAL_TIMEx_HallSensor_Stop
     /tmp/cchCrvCd.s:872    .text.HAL_TIMEx_HallSensor_Start_IT:00000000 $t
     /tmp/cchCrvCd.s:878    .text.HAL_TIMEx_HallSensor_Start_IT:00000000 HAL_TIMEx_HallSensor_Start_IT
     /tmp/cchCrvCd.s:1050   .text.HAL_TIMEx_HallSensor_Start_IT:000000d0 $d
     /tmp/cchCrvCd.s:1056   .text.HAL_TIMEx_HallSensor_Stop_IT:00000000 $t
     /tmp/cchCrvCd.s:1062   .text.HAL_TIMEx_HallSensor_Stop_IT:00000000 HAL_TIMEx_HallSensor_Stop_IT
     /tmp/cchCrvCd.s:1126   .text.HAL_TIMEx_HallSensor_Start_DMA:00000000 $t
     /tmp/cchCrvCd.s:1132   .text.HAL_TIMEx_HallSensor_Start_DMA:00000000 HAL_TIMEx_HallSensor_Start_DMA
     /tmp/cchCrvCd.s:1335   .text.HAL_TIMEx_HallSensor_Start_DMA:000000e8 $d
     /tmp/cchCrvCd.s:1344   .text.HAL_TIMEx_HallSensor_Stop_DMA:00000000 $t
     /tmp/cchCrvCd.s:1350   .text.HAL_TIMEx_HallSensor_Stop_DMA:00000000 HAL_TIMEx_HallSensor_Stop_DMA
     /tmp/cchCrvCd.s:1415   .text.HAL_TIMEx_OCN_Start:00000000 $t
     /tmp/cchCrvCd.s:1421   .text.HAL_TIMEx_OCN_Start:00000000 HAL_TIMEx_OCN_Start
     /tmp/cchCrvCd.s:1613   .text.HAL_TIMEx_OCN_Start:000000f4 $d
     /tmp/cchCrvCd.s:1619   .text.HAL_TIMEx_OCN_Stop:00000000 $t
     /tmp/cchCrvCd.s:1625   .text.HAL_TIMEx_OCN_Stop:00000000 HAL_TIMEx_OCN_Stop
     /tmp/cchCrvCd.s:1722   .text.HAL_TIMEx_OCN_Start_IT:00000000 $t
     /tmp/cchCrvCd.s:1728   .text.HAL_TIMEx_OCN_Start_IT:00000000 HAL_TIMEx_OCN_Start_IT
     /tmp/cchCrvCd.s:1887   .text.HAL_TIMEx_OCN_Start_IT:000000dc $d
     /tmp/cchCrvCd.s:1900   .text.HAL_TIMEx_OCN_Start_IT:00000110 $t
     /tmp/cchCrvCd.s:1988   .text.HAL_TIMEx_OCN_Start_IT:0000016c $d
     /tmp/cchCrvCd.s:1994   .text.HAL_TIMEx_OCN_Stop_IT:00000000 $t
     /tmp/cchCrvCd.s:2000   .text.HAL_TIMEx_OCN_Stop_IT:00000000 HAL_TIMEx_OCN_Stop_IT
     /tmp/cchCrvCd.s:2026   .text.HAL_TIMEx_OCN_Stop_IT:0000000e $d
     /tmp/cchCrvCd.s:2187   .text.HAL_TIMEx_OCN_Start_DMA:00000000 $t
     /tmp/cchCrvCd.s:2193   .text.HAL_TIMEx_OCN_Start_DMA:00000000 HAL_TIMEx_OCN_Start_DMA
     /tmp/cchCrvCd.s:2447   .text.HAL_TIMEx_OCN_Start_DMA:00000164 $d
     /tmp/cchCrvCd.s:2460   .text.HAL_TIMEx_OCN_Start_DMA:00000198 $t
     /tmp/cchCrvCd.s:2671   .text.HAL_TIMEx_OCN_Start_DMA:00000274 $d
     /tmp/cchCrvCd.s:2680   .text.HAL_TIMEx_OCN_Stop_DMA:00000000 $t
     /tmp/cchCrvCd.s:2686   .text.HAL_TIMEx_OCN_Stop_DMA:00000000 HAL_TIMEx_OCN_Stop_DMA
     /tmp/cchCrvCd.s:2711   .text.HAL_TIMEx_OCN_Stop_DMA:0000000e $d
     /tmp/cchCrvCd.s:2879   .text.HAL_TIMEx_PWMN_Start:00000000 $t
     /tmp/cchCrvCd.s:2885   .text.HAL_TIMEx_PWMN_Start:00000000 HAL_TIMEx_PWMN_Start
     /tmp/cchCrvCd.s:3077   .text.HAL_TIMEx_PWMN_Start:000000f4 $d
     /tmp/cchCrvCd.s:3083   .text.HAL_TIMEx_PWMN_Stop:00000000 $t
     /tmp/cchCrvCd.s:3089   .text.HAL_TIMEx_PWMN_Stop:00000000 HAL_TIMEx_PWMN_Stop
ARM GAS  /tmp/cchCrvCd.s 			page 235


     /tmp/cchCrvCd.s:3186   .text.HAL_TIMEx_PWMN_Start_IT:00000000 $t
     /tmp/cchCrvCd.s:3192   .text.HAL_TIMEx_PWMN_Start_IT:00000000 HAL_TIMEx_PWMN_Start_IT
     /tmp/cchCrvCd.s:3351   .text.HAL_TIMEx_PWMN_Start_IT:000000dc $d
     /tmp/cchCrvCd.s:3364   .text.HAL_TIMEx_PWMN_Start_IT:00000110 $t
     /tmp/cchCrvCd.s:3452   .text.HAL_TIMEx_PWMN_Start_IT:0000016c $d
     /tmp/cchCrvCd.s:3458   .text.HAL_TIMEx_PWMN_Stop_IT:00000000 $t
     /tmp/cchCrvCd.s:3464   .text.HAL_TIMEx_PWMN_Stop_IT:00000000 HAL_TIMEx_PWMN_Stop_IT
     /tmp/cchCrvCd.s:3490   .text.HAL_TIMEx_PWMN_Stop_IT:0000000e $d
     /tmp/cchCrvCd.s:3651   .text.HAL_TIMEx_PWMN_Start_DMA:00000000 $t
     /tmp/cchCrvCd.s:3657   .text.HAL_TIMEx_PWMN_Start_DMA:00000000 HAL_TIMEx_PWMN_Start_DMA
     /tmp/cchCrvCd.s:3911   .text.HAL_TIMEx_PWMN_Start_DMA:00000164 $d
     /tmp/cchCrvCd.s:3924   .text.HAL_TIMEx_PWMN_Start_DMA:00000198 $t
     /tmp/cchCrvCd.s:4135   .text.HAL_TIMEx_PWMN_Start_DMA:00000274 $d
     /tmp/cchCrvCd.s:4144   .text.HAL_TIMEx_PWMN_Stop_DMA:00000000 $t
     /tmp/cchCrvCd.s:4150   .text.HAL_TIMEx_PWMN_Stop_DMA:00000000 HAL_TIMEx_PWMN_Stop_DMA
     /tmp/cchCrvCd.s:4175   .text.HAL_TIMEx_PWMN_Stop_DMA:0000000e $d
     /tmp/cchCrvCd.s:4343   .text.HAL_TIMEx_OnePulseN_Start:00000000 $t
     /tmp/cchCrvCd.s:4349   .text.HAL_TIMEx_OnePulseN_Start:00000000 HAL_TIMEx_OnePulseN_Start
     /tmp/cchCrvCd.s:4476   .text.HAL_TIMEx_OnePulseN_Stop:00000000 $t
     /tmp/cchCrvCd.s:4482   .text.HAL_TIMEx_OnePulseN_Stop:00000000 HAL_TIMEx_OnePulseN_Stop
     /tmp/cchCrvCd.s:4578   .text.HAL_TIMEx_OnePulseN_Start_IT:00000000 $t
     /tmp/cchCrvCd.s:4584   .text.HAL_TIMEx_OnePulseN_Start_IT:00000000 HAL_TIMEx_OnePulseN_Start_IT
     /tmp/cchCrvCd.s:4721   .text.HAL_TIMEx_OnePulseN_Stop_IT:00000000 $t
     /tmp/cchCrvCd.s:4727   .text.HAL_TIMEx_OnePulseN_Stop_IT:00000000 HAL_TIMEx_OnePulseN_Stop_IT
     /tmp/cchCrvCd.s:4833   .text.HAL_TIMEx_ConfigCommutEvent:00000000 $t
     /tmp/cchCrvCd.s:4839   .text.HAL_TIMEx_ConfigCommutEvent:00000000 HAL_TIMEx_ConfigCommutEvent
     /tmp/cchCrvCd.s:4992   .text.HAL_TIMEx_ConfigCommutEvent:000000b4 $d
     /tmp/cchCrvCd.s:4999   .text.HAL_TIMEx_ConfigCommutEvent_IT:00000000 $t
     /tmp/cchCrvCd.s:5005   .text.HAL_TIMEx_ConfigCommutEvent_IT:00000000 HAL_TIMEx_ConfigCommutEvent_IT
     /tmp/cchCrvCd.s:5158   .text.HAL_TIMEx_ConfigCommutEvent_IT:000000b4 $d
     /tmp/cchCrvCd.s:5165   .text.HAL_TIMEx_ConfigCommutEvent_DMA:00000000 $t
     /tmp/cchCrvCd.s:5171   .text.HAL_TIMEx_ConfigCommutEvent_DMA:00000000 HAL_TIMEx_ConfigCommutEvent_DMA
     /tmp/cchCrvCd.s:5342   .text.HAL_TIMEx_ConfigCommutEvent_DMA:000000c4 $d
     /tmp/cchCrvCd.s:7270   .text.TIMEx_DMACommutationCplt:00000000 TIMEx_DMACommutationCplt
     /tmp/cchCrvCd.s:7327   .text.TIMEx_DMACommutationHalfCplt:00000000 TIMEx_DMACommutationHalfCplt
     /tmp/cchCrvCd.s:5352   .text.HAL_TIMEx_MasterConfigSynchronization:00000000 $t
     /tmp/cchCrvCd.s:5358   .text.HAL_TIMEx_MasterConfigSynchronization:00000000 HAL_TIMEx_MasterConfigSynchronization
     /tmp/cchCrvCd.s:5524   .text.HAL_TIMEx_MasterConfigSynchronization:000000a8 $d
     /tmp/cchCrvCd.s:5529   .text.HAL_TIMEx_ConfigBreakDeadTime:00000000 $t
     /tmp/cchCrvCd.s:5535   .text.HAL_TIMEx_ConfigBreakDeadTime:00000000 HAL_TIMEx_ConfigBreakDeadTime
     /tmp/cchCrvCd.s:5724   .text.HAL_TIMEx_ConfigBreakDeadTime:000000a4 $d
     /tmp/cchCrvCd.s:5729   .text.HAL_TIMEx_ConfigBreakInput:00000000 $t
     /tmp/cchCrvCd.s:5735   .text.HAL_TIMEx_ConfigBreakInput:00000000 HAL_TIMEx_ConfigBreakInput
     /tmp/cchCrvCd.s:5788   .text.HAL_TIMEx_ConfigBreakInput:00000028 $d
     /tmp/cchCrvCd.s:5820   .text.HAL_TIMEx_ConfigBreakInput:00000048 $t
     /tmp/cchCrvCd.s:6062   .text.HAL_TIMEx_RemapConfig:00000000 $t
     /tmp/cchCrvCd.s:6068   .text.HAL_TIMEx_RemapConfig:00000000 HAL_TIMEx_RemapConfig
     /tmp/cchCrvCd.s:6117   .text.HAL_TIMEx_TISelection:00000000 $t
     /tmp/cchCrvCd.s:6123   .text.HAL_TIMEx_TISelection:00000000 HAL_TIMEx_TISelection
     /tmp/cchCrvCd.s:6153   .text.HAL_TIMEx_TISelection:00000018 $d
     /tmp/cchCrvCd.s:6273   .text.HAL_TIMEx_TISelection:00000098 $d
     /tmp/cchCrvCd.s:6278   .text.HAL_TIMEx_GroupChannel5:00000000 $t
     /tmp/cchCrvCd.s:6284   .text.HAL_TIMEx_GroupChannel5:00000000 HAL_TIMEx_GroupChannel5
     /tmp/cchCrvCd.s:6357   .text.HAL_TIMEx_DisarmBreakInput:00000000 $t
     /tmp/cchCrvCd.s:6363   .text.HAL_TIMEx_DisarmBreakInput:00000000 HAL_TIMEx_DisarmBreakInput
     /tmp/cchCrvCd.s:6450   .text.HAL_TIMEx_DisarmBreakInput:00000048 $d
     /tmp/cchCrvCd.s:6456   .text.HAL_TIMEx_ReArmBreakInput:00000000 $t
ARM GAS  /tmp/cchCrvCd.s 			page 236


     /tmp/cchCrvCd.s:6462   .text.HAL_TIMEx_ReArmBreakInput:00000000 HAL_TIMEx_ReArmBreakInput
     /tmp/cchCrvCd.s:6607   .text.HAL_TIMEx_DitheringEnable:00000000 $t
     /tmp/cchCrvCd.s:6613   .text.HAL_TIMEx_DitheringEnable:00000000 HAL_TIMEx_DitheringEnable
     /tmp/cchCrvCd.s:6637   .text.HAL_TIMEx_DitheringDisable:00000000 $t
     /tmp/cchCrvCd.s:6643   .text.HAL_TIMEx_DitheringDisable:00000000 HAL_TIMEx_DitheringDisable
     /tmp/cchCrvCd.s:6667   .text.HAL_TIMEx_OC_ConfigPulseOnCompare:00000000 $t
     /tmp/cchCrvCd.s:6673   .text.HAL_TIMEx_OC_ConfigPulseOnCompare:00000000 HAL_TIMEx_OC_ConfigPulseOnCompare
     /tmp/cchCrvCd.s:6753   .text.HAL_TIMEx_ConfigSlaveModePreload:00000000 $t
     /tmp/cchCrvCd.s:6759   .text.HAL_TIMEx_ConfigSlaveModePreload:00000000 HAL_TIMEx_ConfigSlaveModePreload
     /tmp/cchCrvCd.s:6785   .text.HAL_TIMEx_EnableSlaveModePreload:00000000 $t
     /tmp/cchCrvCd.s:6791   .text.HAL_TIMEx_EnableSlaveModePreload:00000000 HAL_TIMEx_EnableSlaveModePreload
     /tmp/cchCrvCd.s:6815   .text.HAL_TIMEx_DisableSlaveModePreload:00000000 $t
     /tmp/cchCrvCd.s:6821   .text.HAL_TIMEx_DisableSlaveModePreload:00000000 HAL_TIMEx_DisableSlaveModePreload
     /tmp/cchCrvCd.s:6845   .text.HAL_TIMEx_EnableDeadTimePreload:00000000 $t
     /tmp/cchCrvCd.s:6851   .text.HAL_TIMEx_EnableDeadTimePreload:00000000 HAL_TIMEx_EnableDeadTimePreload
     /tmp/cchCrvCd.s:6875   .text.HAL_TIMEx_DisableDeadTimePreload:00000000 $t
     /tmp/cchCrvCd.s:6881   .text.HAL_TIMEx_DisableDeadTimePreload:00000000 HAL_TIMEx_DisableDeadTimePreload
     /tmp/cchCrvCd.s:6905   .text.HAL_TIMEx_ConfigDeadTime:00000000 $t
     /tmp/cchCrvCd.s:6911   .text.HAL_TIMEx_ConfigDeadTime:00000000 HAL_TIMEx_ConfigDeadTime
     /tmp/cchCrvCd.s:6937   .text.HAL_TIMEx_ConfigAsymmetricalDeadTime:00000000 $t
     /tmp/cchCrvCd.s:6943   .text.HAL_TIMEx_ConfigAsymmetricalDeadTime:00000000 HAL_TIMEx_ConfigAsymmetricalDeadTime
     /tmp/cchCrvCd.s:6969   .text.HAL_TIMEx_EnableAsymmetricalDeadTime:00000000 $t
     /tmp/cchCrvCd.s:6975   .text.HAL_TIMEx_EnableAsymmetricalDeadTime:00000000 HAL_TIMEx_EnableAsymmetricalDeadTime
     /tmp/cchCrvCd.s:6999   .text.HAL_TIMEx_DisableAsymmetricalDeadTime:00000000 $t
     /tmp/cchCrvCd.s:7005   .text.HAL_TIMEx_DisableAsymmetricalDeadTime:00000000 HAL_TIMEx_DisableAsymmetricalDeadTime
     /tmp/cchCrvCd.s:7029   .text.HAL_TIMEx_ConfigEncoderIndex:00000000 $t
     /tmp/cchCrvCd.s:7035   .text.HAL_TIMEx_ConfigEncoderIndex:00000000 HAL_TIMEx_ConfigEncoderIndex
     /tmp/cchCrvCd.s:7123   .text.HAL_TIMEx_EnableEncoderIndex:00000000 $t
     /tmp/cchCrvCd.s:7129   .text.HAL_TIMEx_EnableEncoderIndex:00000000 HAL_TIMEx_EnableEncoderIndex
     /tmp/cchCrvCd.s:7153   .text.HAL_TIMEx_DisableEncoderIndex:00000000 $t
     /tmp/cchCrvCd.s:7159   .text.HAL_TIMEx_DisableEncoderIndex:00000000 HAL_TIMEx_DisableEncoderIndex
     /tmp/cchCrvCd.s:7183   .text.HAL_TIMEx_EnableEncoderFirstIndex:00000000 $t
     /tmp/cchCrvCd.s:7189   .text.HAL_TIMEx_EnableEncoderFirstIndex:00000000 HAL_TIMEx_EnableEncoderFirstIndex
     /tmp/cchCrvCd.s:7213   .text.HAL_TIMEx_DisableEncoderFirstIndex:00000000 $t
     /tmp/cchCrvCd.s:7219   .text.HAL_TIMEx_DisableEncoderFirstIndex:00000000 HAL_TIMEx_DisableEncoderFirstIndex
     /tmp/cchCrvCd.s:7243   .text.HAL_TIMEx_CommutCallback:00000000 $t
     /tmp/cchCrvCd.s:7249   .text.HAL_TIMEx_CommutCallback:00000000 HAL_TIMEx_CommutCallback
     /tmp/cchCrvCd.s:7264   .text.TIMEx_DMACommutationCplt:00000000 $t
     /tmp/cchCrvCd.s:7300   .text.HAL_TIMEx_CommutHalfCpltCallback:00000000 $t
     /tmp/cchCrvCd.s:7306   .text.HAL_TIMEx_CommutHalfCpltCallback:00000000 HAL_TIMEx_CommutHalfCpltCallback
     /tmp/cchCrvCd.s:7321   .text.TIMEx_DMACommutationHalfCplt:00000000 $t
     /tmp/cchCrvCd.s:7357   .text.HAL_TIMEx_BreakCallback:00000000 $t
     /tmp/cchCrvCd.s:7363   .text.HAL_TIMEx_BreakCallback:00000000 HAL_TIMEx_BreakCallback
     /tmp/cchCrvCd.s:7378   .text.HAL_TIMEx_Break2Callback:00000000 $t
     /tmp/cchCrvCd.s:7384   .text.HAL_TIMEx_Break2Callback:00000000 HAL_TIMEx_Break2Callback
     /tmp/cchCrvCd.s:7399   .text.HAL_TIMEx_EncoderIndexCallback:00000000 $t
     /tmp/cchCrvCd.s:7405   .text.HAL_TIMEx_EncoderIndexCallback:00000000 HAL_TIMEx_EncoderIndexCallback
     /tmp/cchCrvCd.s:7420   .text.HAL_TIMEx_DirectionChangeCallback:00000000 $t
     /tmp/cchCrvCd.s:7426   .text.HAL_TIMEx_DirectionChangeCallback:00000000 HAL_TIMEx_DirectionChangeCallback
     /tmp/cchCrvCd.s:7441   .text.HAL_TIMEx_IndexErrorCallback:00000000 $t
     /tmp/cchCrvCd.s:7447   .text.HAL_TIMEx_IndexErrorCallback:00000000 HAL_TIMEx_IndexErrorCallback
     /tmp/cchCrvCd.s:7462   .text.HAL_TIMEx_TransitionErrorCallback:00000000 $t
     /tmp/cchCrvCd.s:7468   .text.HAL_TIMEx_TransitionErrorCallback:00000000 HAL_TIMEx_TransitionErrorCallback
     /tmp/cchCrvCd.s:7483   .text.HAL_TIMEx_HallSensor_GetState:00000000 $t
     /tmp/cchCrvCd.s:7489   .text.HAL_TIMEx_HallSensor_GetState:00000000 HAL_TIMEx_HallSensor_GetState
     /tmp/cchCrvCd.s:7507   .text.HAL_TIMEx_GetChannelNState:00000000 $t
     /tmp/cchCrvCd.s:7513   .text.HAL_TIMEx_GetChannelNState:00000000 HAL_TIMEx_GetChannelNState
ARM GAS  /tmp/cchCrvCd.s 			page 237


     /tmp/cchCrvCd.s:2039   .text.HAL_TIMEx_OCN_Stop_IT:0000001b $d
     /tmp/cchCrvCd.s:2039   .text.HAL_TIMEx_OCN_Stop_IT:0000001c $t
     /tmp/cchCrvCd.s:2724   .text.HAL_TIMEx_OCN_Stop_DMA:0000001b $d
     /tmp/cchCrvCd.s:2724   .text.HAL_TIMEx_OCN_Stop_DMA:0000001c $t
     /tmp/cchCrvCd.s:3503   .text.HAL_TIMEx_PWMN_Stop_IT:0000001b $d
     /tmp/cchCrvCd.s:3503   .text.HAL_TIMEx_PWMN_Stop_IT:0000001c $t
     /tmp/cchCrvCd.s:4188   .text.HAL_TIMEx_PWMN_Stop_DMA:0000001b $d
     /tmp/cchCrvCd.s:4188   .text.HAL_TIMEx_PWMN_Stop_DMA:0000001c $t
     /tmp/cchCrvCd.s:6166   .text.HAL_TIMEx_TISelection:00000025 $d
     /tmp/cchCrvCd.s:6166   .text.HAL_TIMEx_TISelection:00000026 $t

UNDEFINED SYMBOLS
HAL_TIM_ErrorCallback
HAL_TIM_PWM_PulseFinishedCallback
TIM_Base_SetConfig
TIM_TI1_SetConfig
TIM_OC2_SetConfig
TIM_CCxChannelCmd
HAL_DMA_Start_IT
TIM_DMACaptureCplt
TIM_DMACaptureHalfCplt
TIM_DMAError
HAL_DMA_Abort_IT
TIM_DMADelayPulseHalfCplt
HAL_GetTick
TIM_ETR_SetConfig
