ARM GAS  /tmp/ccY3Jimf.s 			page 1


   1              		.cpu cortex-m4
   2              		.arch armv7e-m
   3              		.fpu fpv4-sp-d16
   4              		.eabi_attribute 27, 1
   5              		.eabi_attribute 28, 1
   6              		.eabi_attribute 20, 1
   7              		.eabi_attribute 21, 1
   8              		.eabi_attribute 23, 3
   9              		.eabi_attribute 24, 1
  10              		.eabi_attribute 25, 1
  11              		.eabi_attribute 26, 1
  12              		.eabi_attribute 30, 1
  13              		.eabi_attribute 34, 1
  14              		.eabi_attribute 18, 4
  15              		.file	"stm32g4xx_ll_utils.c"
  16              		.text
  17              	.Ltext0:
  18              		.cfi_sections	.debug_frame
  19              		.file 1 "platform/HAL/src/stm32g4xx_ll_utils.c"
  20              		.section	.text.UTILS_GetPLLOutputFrequency,"ax",%progbits
  21              		.align	1
  22              		.syntax unified
  23              		.thumb
  24              		.thumb_func
  26              	UTILS_GetPLLOutputFrequency:
  27              	.LVL0:
  28              	.LFB639:
   1:platform/HAL/src/stm32g4xx_ll_utils.c **** /**
   2:platform/HAL/src/stm32g4xx_ll_utils.c ****   ******************************************************************************
   3:platform/HAL/src/stm32g4xx_ll_utils.c ****   * @file    stm32g4xx_ll_utils.c
   4:platform/HAL/src/stm32g4xx_ll_utils.c ****   * @author  MCD Application Team
   5:platform/HAL/src/stm32g4xx_ll_utils.c ****   * @brief   UTILS LL module driver.
   6:platform/HAL/src/stm32g4xx_ll_utils.c ****   ******************************************************************************
   7:platform/HAL/src/stm32g4xx_ll_utils.c ****   * @attention
   8:platform/HAL/src/stm32g4xx_ll_utils.c ****   *
   9:platform/HAL/src/stm32g4xx_ll_utils.c ****   * Copyright (c) 2019 STMicroelectronics.
  10:platform/HAL/src/stm32g4xx_ll_utils.c ****   * All rights reserved.
  11:platform/HAL/src/stm32g4xx_ll_utils.c ****   *
  12:platform/HAL/src/stm32g4xx_ll_utils.c ****   * This software is licensed under terms that can be found in the LICENSE file
  13:platform/HAL/src/stm32g4xx_ll_utils.c ****   * in the root directory of this software component.
  14:platform/HAL/src/stm32g4xx_ll_utils.c ****   * If no LICENSE file comes with this software, it is provided AS-IS.
  15:platform/HAL/src/stm32g4xx_ll_utils.c ****   *
  16:platform/HAL/src/stm32g4xx_ll_utils.c ****   ******************************************************************************
  17:platform/HAL/src/stm32g4xx_ll_utils.c ****   */
  18:platform/HAL/src/stm32g4xx_ll_utils.c ****   
  19:platform/HAL/src/stm32g4xx_ll_utils.c **** /* Includes ------------------------------------------------------------------*/
  20:platform/HAL/src/stm32g4xx_ll_utils.c **** #include "stm32g4xx_ll_utils.h"
  21:platform/HAL/src/stm32g4xx_ll_utils.c **** #include "stm32g4xx_ll_rcc.h"
  22:platform/HAL/src/stm32g4xx_ll_utils.c **** #include "stm32g4xx_ll_system.h"
  23:platform/HAL/src/stm32g4xx_ll_utils.c **** #include "stm32g4xx_ll_pwr.h"
  24:platform/HAL/src/stm32g4xx_ll_utils.c **** #ifdef  USE_FULL_ASSERT
  25:platform/HAL/src/stm32g4xx_ll_utils.c **** #include "stm32_assert.h"
  26:platform/HAL/src/stm32g4xx_ll_utils.c **** #else
  27:platform/HAL/src/stm32g4xx_ll_utils.c **** #define assert_param(expr) ((void)0U)
  28:platform/HAL/src/stm32g4xx_ll_utils.c **** #endif /* USE_FULL_ASSERT */
  29:platform/HAL/src/stm32g4xx_ll_utils.c **** 
  30:platform/HAL/src/stm32g4xx_ll_utils.c **** /** @addtogroup STM32G4xx_LL_Driver
ARM GAS  /tmp/ccY3Jimf.s 			page 2


  31:platform/HAL/src/stm32g4xx_ll_utils.c ****   * @{
  32:platform/HAL/src/stm32g4xx_ll_utils.c ****   */
  33:platform/HAL/src/stm32g4xx_ll_utils.c **** 
  34:platform/HAL/src/stm32g4xx_ll_utils.c **** /** @addtogroup UTILS_LL
  35:platform/HAL/src/stm32g4xx_ll_utils.c ****   * @{
  36:platform/HAL/src/stm32g4xx_ll_utils.c ****   */
  37:platform/HAL/src/stm32g4xx_ll_utils.c **** 
  38:platform/HAL/src/stm32g4xx_ll_utils.c **** /* Private types -------------------------------------------------------------*/
  39:platform/HAL/src/stm32g4xx_ll_utils.c **** /* Private variables ---------------------------------------------------------*/
  40:platform/HAL/src/stm32g4xx_ll_utils.c **** /* Private constants ---------------------------------------------------------*/
  41:platform/HAL/src/stm32g4xx_ll_utils.c **** /** @addtogroup UTILS_LL_Private_Constants
  42:platform/HAL/src/stm32g4xx_ll_utils.c ****   * @{
  43:platform/HAL/src/stm32g4xx_ll_utils.c ****   */
  44:platform/HAL/src/stm32g4xx_ll_utils.c **** #define UTILS_MAX_FREQUENCY_SCALE1  170000000U       /*!< Maximum frequency for system clock at pow
  45:platform/HAL/src/stm32g4xx_ll_utils.c **** #define UTILS_MAX_FREQUENCY_SCALE2   26000000U       /*!< Maximum frequency for system clock at pow
  46:platform/HAL/src/stm32g4xx_ll_utils.c **** 
  47:platform/HAL/src/stm32g4xx_ll_utils.c **** /* Defines used for PLL range */
  48:platform/HAL/src/stm32g4xx_ll_utils.c **** #define UTILS_PLLVCO_INPUT_MIN        2660000U       /*!< Frequency min for PLLVCO input, in Hz   *
  49:platform/HAL/src/stm32g4xx_ll_utils.c **** #define UTILS_PLLVCO_INPUT_MAX       16000000U       /*!< Frequency max for PLLVCO input, in Hz   *
  50:platform/HAL/src/stm32g4xx_ll_utils.c **** #define UTILS_PLLVCO_OUTPUT_MIN      64000000U       /*!< Frequency min for PLLVCO output, in Hz  *
  51:platform/HAL/src/stm32g4xx_ll_utils.c **** #define UTILS_PLLVCO_OUTPUT_MAX     344000000U       /*!< Frequency max for PLLVCO output, in Hz  *
  52:platform/HAL/src/stm32g4xx_ll_utils.c **** 
  53:platform/HAL/src/stm32g4xx_ll_utils.c **** /* Defines used for HSE range */
  54:platform/HAL/src/stm32g4xx_ll_utils.c **** #define UTILS_HSE_FREQUENCY_MIN      4000000U        /*!< Frequency min for HSE frequency, in Hz   
  55:platform/HAL/src/stm32g4xx_ll_utils.c **** #define UTILS_HSE_FREQUENCY_MAX     48000000U        /*!< Frequency max for HSE frequency, in Hz   
  56:platform/HAL/src/stm32g4xx_ll_utils.c **** 
  57:platform/HAL/src/stm32g4xx_ll_utils.c **** /* Defines used for FLASH latency according to HCLK Frequency */
  58:platform/HAL/src/stm32g4xx_ll_utils.c **** #define UTILS_SCALE1_LATENCY1_BOOST_FREQ   34000000U       /*!< HCLK frequency to set FLASH latency
  59:platform/HAL/src/stm32g4xx_ll_utils.c **** #define UTILS_SCALE1_LATENCY2_BOOST_FREQ   68000000U       /*!< HCLK frequency to set FLASH latency
  60:platform/HAL/src/stm32g4xx_ll_utils.c **** #define UTILS_SCALE1_LATENCY3_BOOST_FREQ  102000000U       /*!< HCLK frequency to set FLASH latency
  61:platform/HAL/src/stm32g4xx_ll_utils.c **** #define UTILS_SCALE1_LATENCY4_BOOST_FREQ  136000000U       /*!< HCLK frequency to set FLASH latency
  62:platform/HAL/src/stm32g4xx_ll_utils.c **** #define UTILS_SCALE1_LATENCY5_BOOST_FREQ  170000000U       /*!< HCLK frequency to set FLASH latency
  63:platform/HAL/src/stm32g4xx_ll_utils.c **** 
  64:platform/HAL/src/stm32g4xx_ll_utils.c **** #define UTILS_SCALE1_LATENCY1_FREQ   30000000U       /*!< HCLK frequency to set FLASH latency 1 in 
  65:platform/HAL/src/stm32g4xx_ll_utils.c **** #define UTILS_SCALE1_LATENCY2_FREQ   60000000U       /*!< HCLK frequency to set FLASH latency 2 in 
  66:platform/HAL/src/stm32g4xx_ll_utils.c **** #define UTILS_SCALE1_LATENCY3_FREQ   90000000U       /*!< HCLK frequency to set FLASH latency 3 in 
  67:platform/HAL/src/stm32g4xx_ll_utils.c **** #define UTILS_SCALE1_LATENCY4_FREQ  120000000U       /*!< HCLK frequency to set FLASH latency 4 in 
  68:platform/HAL/src/stm32g4xx_ll_utils.c **** #define UTILS_SCALE1_LATENCY5_FREQ  150000000U       /*!< HCLK frequency to set FLASH latency 5 in 
  69:platform/HAL/src/stm32g4xx_ll_utils.c **** 
  70:platform/HAL/src/stm32g4xx_ll_utils.c **** #define UTILS_SCALE2_LATENCY1_FREQ   12000000U       /*!< HCLK frequency to set FLASH latency 1 in 
  71:platform/HAL/src/stm32g4xx_ll_utils.c **** #define UTILS_SCALE2_LATENCY2_FREQ   24000000U       /*!< HCLK frequency to set FLASH latency 2 in 
  72:platform/HAL/src/stm32g4xx_ll_utils.c **** #define UTILS_SCALE2_LATENCY3_FREQ   26000000U       /*!< HCLK frequency to set FLASH latency 3 in 
  73:platform/HAL/src/stm32g4xx_ll_utils.c **** /**
  74:platform/HAL/src/stm32g4xx_ll_utils.c ****   * @}
  75:platform/HAL/src/stm32g4xx_ll_utils.c ****   */
  76:platform/HAL/src/stm32g4xx_ll_utils.c **** 
  77:platform/HAL/src/stm32g4xx_ll_utils.c **** /* Private macros ------------------------------------------------------------*/
  78:platform/HAL/src/stm32g4xx_ll_utils.c **** /** @addtogroup UTILS_LL_Private_Macros
  79:platform/HAL/src/stm32g4xx_ll_utils.c ****   * @{
  80:platform/HAL/src/stm32g4xx_ll_utils.c ****   */
  81:platform/HAL/src/stm32g4xx_ll_utils.c **** #define IS_LL_UTILS_SYSCLK_DIV(__VALUE__) (((__VALUE__) == LL_RCC_SYSCLK_DIV_1)   \
  82:platform/HAL/src/stm32g4xx_ll_utils.c ****                                         || ((__VALUE__) == LL_RCC_SYSCLK_DIV_2)   \
  83:platform/HAL/src/stm32g4xx_ll_utils.c ****                                         || ((__VALUE__) == LL_RCC_SYSCLK_DIV_4)   \
  84:platform/HAL/src/stm32g4xx_ll_utils.c ****                                         || ((__VALUE__) == LL_RCC_SYSCLK_DIV_8)   \
  85:platform/HAL/src/stm32g4xx_ll_utils.c ****                                         || ((__VALUE__) == LL_RCC_SYSCLK_DIV_16)  \
  86:platform/HAL/src/stm32g4xx_ll_utils.c ****                                         || ((__VALUE__) == LL_RCC_SYSCLK_DIV_64)  \
  87:platform/HAL/src/stm32g4xx_ll_utils.c ****                                         || ((__VALUE__) == LL_RCC_SYSCLK_DIV_128) \
ARM GAS  /tmp/ccY3Jimf.s 			page 3


  88:platform/HAL/src/stm32g4xx_ll_utils.c ****                                         || ((__VALUE__) == LL_RCC_SYSCLK_DIV_256) \
  89:platform/HAL/src/stm32g4xx_ll_utils.c ****                                         || ((__VALUE__) == LL_RCC_SYSCLK_DIV_512))
  90:platform/HAL/src/stm32g4xx_ll_utils.c **** 
  91:platform/HAL/src/stm32g4xx_ll_utils.c **** #define IS_LL_UTILS_APB1_DIV(__VALUE__) (((__VALUE__) == LL_RCC_APB1_DIV_1) \
  92:platform/HAL/src/stm32g4xx_ll_utils.c ****                                       || ((__VALUE__) == LL_RCC_APB1_DIV_2) \
  93:platform/HAL/src/stm32g4xx_ll_utils.c ****                                       || ((__VALUE__) == LL_RCC_APB1_DIV_4) \
  94:platform/HAL/src/stm32g4xx_ll_utils.c ****                                       || ((__VALUE__) == LL_RCC_APB1_DIV_8) \
  95:platform/HAL/src/stm32g4xx_ll_utils.c ****                                       || ((__VALUE__) == LL_RCC_APB1_DIV_16))
  96:platform/HAL/src/stm32g4xx_ll_utils.c **** 
  97:platform/HAL/src/stm32g4xx_ll_utils.c **** #define IS_LL_UTILS_APB2_DIV(__VALUE__) (((__VALUE__) == LL_RCC_APB2_DIV_1) \
  98:platform/HAL/src/stm32g4xx_ll_utils.c ****                                       || ((__VALUE__) == LL_RCC_APB2_DIV_2) \
  99:platform/HAL/src/stm32g4xx_ll_utils.c ****                                       || ((__VALUE__) == LL_RCC_APB2_DIV_4) \
 100:platform/HAL/src/stm32g4xx_ll_utils.c ****                                       || ((__VALUE__) == LL_RCC_APB2_DIV_8) \
 101:platform/HAL/src/stm32g4xx_ll_utils.c ****                                       || ((__VALUE__) == LL_RCC_APB2_DIV_16))
 102:platform/HAL/src/stm32g4xx_ll_utils.c **** 
 103:platform/HAL/src/stm32g4xx_ll_utils.c **** #define IS_LL_UTILS_PLLM_VALUE(__VALUE__) (((__VALUE__) == LL_RCC_PLLM_DIV_1) \
 104:platform/HAL/src/stm32g4xx_ll_utils.c ****                                         || ((__VALUE__) == LL_RCC_PLLM_DIV_2) \
 105:platform/HAL/src/stm32g4xx_ll_utils.c ****                                         || ((__VALUE__) == LL_RCC_PLLM_DIV_3) \
 106:platform/HAL/src/stm32g4xx_ll_utils.c ****                                         || ((__VALUE__) == LL_RCC_PLLM_DIV_4) \
 107:platform/HAL/src/stm32g4xx_ll_utils.c ****                                         || ((__VALUE__) == LL_RCC_PLLM_DIV_5) \
 108:platform/HAL/src/stm32g4xx_ll_utils.c ****                                         || ((__VALUE__) == LL_RCC_PLLM_DIV_6) \
 109:platform/HAL/src/stm32g4xx_ll_utils.c ****                                         || ((__VALUE__) == LL_RCC_PLLM_DIV_7) \
 110:platform/HAL/src/stm32g4xx_ll_utils.c ****                                         || ((__VALUE__) == LL_RCC_PLLM_DIV_8) \
 111:platform/HAL/src/stm32g4xx_ll_utils.c ****                                         || ((__VALUE__) == LL_RCC_PLLM_DIV_9) \
 112:platform/HAL/src/stm32g4xx_ll_utils.c ****                                         || ((__VALUE__) == LL_RCC_PLLM_DIV_10) \
 113:platform/HAL/src/stm32g4xx_ll_utils.c ****                                         || ((__VALUE__) == LL_RCC_PLLM_DIV_11) \
 114:platform/HAL/src/stm32g4xx_ll_utils.c ****                                         || ((__VALUE__) == LL_RCC_PLLM_DIV_12) \
 115:platform/HAL/src/stm32g4xx_ll_utils.c ****                                         || ((__VALUE__) == LL_RCC_PLLM_DIV_13) \
 116:platform/HAL/src/stm32g4xx_ll_utils.c ****                                         || ((__VALUE__) == LL_RCC_PLLM_DIV_14) \
 117:platform/HAL/src/stm32g4xx_ll_utils.c ****                                         || ((__VALUE__) == LL_RCC_PLLM_DIV_15) \
 118:platform/HAL/src/stm32g4xx_ll_utils.c ****                                         || ((__VALUE__) == LL_RCC_PLLM_DIV_16))
 119:platform/HAL/src/stm32g4xx_ll_utils.c **** 
 120:platform/HAL/src/stm32g4xx_ll_utils.c **** #define IS_LL_UTILS_PLLN_VALUE(__VALUE__) ((8U <= (__VALUE__)) && ((__VALUE__) <= 127U))
 121:platform/HAL/src/stm32g4xx_ll_utils.c **** 
 122:platform/HAL/src/stm32g4xx_ll_utils.c **** #define IS_LL_UTILS_PLLR_VALUE(__VALUE__) (((__VALUE__) == LL_RCC_PLLR_DIV_2) \
 123:platform/HAL/src/stm32g4xx_ll_utils.c ****                                         || ((__VALUE__) == LL_RCC_PLLR_DIV_4) \
 124:platform/HAL/src/stm32g4xx_ll_utils.c ****                                         || ((__VALUE__) == LL_RCC_PLLR_DIV_6) \
 125:platform/HAL/src/stm32g4xx_ll_utils.c ****                                         || ((__VALUE__) == LL_RCC_PLLR_DIV_8))
 126:platform/HAL/src/stm32g4xx_ll_utils.c **** 
 127:platform/HAL/src/stm32g4xx_ll_utils.c **** #define IS_LL_UTILS_PLLVCO_INPUT(__VALUE__)  ((UTILS_PLLVCO_INPUT_MIN <= (__VALUE__)) && ((__VALUE_
 128:platform/HAL/src/stm32g4xx_ll_utils.c **** 
 129:platform/HAL/src/stm32g4xx_ll_utils.c **** #define IS_LL_UTILS_PLLVCO_OUTPUT(__VALUE__) ((UTILS_PLLVCO_OUTPUT_MIN <= (__VALUE__)) && ((__VALUE
 130:platform/HAL/src/stm32g4xx_ll_utils.c **** 
 131:platform/HAL/src/stm32g4xx_ll_utils.c **** #define IS_LL_UTILS_PLL_FREQUENCY(__VALUE__) ((LL_PWR_GetRegulVoltageScaling() == LL_PWR_REGU_VOLTA
 132:platform/HAL/src/stm32g4xx_ll_utils.c ****                                              ((__VALUE__) <= UTILS_MAX_FREQUENCY_SCALE2))
 133:platform/HAL/src/stm32g4xx_ll_utils.c **** 
 134:platform/HAL/src/stm32g4xx_ll_utils.c **** #define IS_LL_UTILS_HSE_BYPASS(__STATE__) (((__STATE__) == LL_UTILS_HSEBYPASS_ON) \
 135:platform/HAL/src/stm32g4xx_ll_utils.c ****                                         || ((__STATE__) == LL_UTILS_HSEBYPASS_OFF))
 136:platform/HAL/src/stm32g4xx_ll_utils.c **** 
 137:platform/HAL/src/stm32g4xx_ll_utils.c **** #define IS_LL_UTILS_HSE_FREQUENCY(__FREQUENCY__) (((__FREQUENCY__) >= UTILS_HSE_FREQUENCY_MIN) && (
 138:platform/HAL/src/stm32g4xx_ll_utils.c **** /**
 139:platform/HAL/src/stm32g4xx_ll_utils.c ****   * @}
 140:platform/HAL/src/stm32g4xx_ll_utils.c ****   */
 141:platform/HAL/src/stm32g4xx_ll_utils.c **** /* Private function prototypes -----------------------------------------------*/
 142:platform/HAL/src/stm32g4xx_ll_utils.c **** /** @defgroup UTILS_LL_Private_Functions UTILS Private functions
 143:platform/HAL/src/stm32g4xx_ll_utils.c ****   * @{
 144:platform/HAL/src/stm32g4xx_ll_utils.c ****   */
ARM GAS  /tmp/ccY3Jimf.s 			page 4


 145:platform/HAL/src/stm32g4xx_ll_utils.c **** static uint32_t    UTILS_GetPLLOutputFrequency(uint32_t PLL_InputFrequency,
 146:platform/HAL/src/stm32g4xx_ll_utils.c ****                                                LL_UTILS_PLLInitTypeDef *UTILS_PLLInitStruct);
 147:platform/HAL/src/stm32g4xx_ll_utils.c **** static ErrorStatus UTILS_EnablePLLAndSwitchSystem(uint32_t SYSCLK_Frequency, LL_UTILS_ClkInitTypeDe
 148:platform/HAL/src/stm32g4xx_ll_utils.c **** static ErrorStatus UTILS_PLL_IsBusy(void);
 149:platform/HAL/src/stm32g4xx_ll_utils.c **** /**
 150:platform/HAL/src/stm32g4xx_ll_utils.c ****   * @}
 151:platform/HAL/src/stm32g4xx_ll_utils.c ****   */
 152:platform/HAL/src/stm32g4xx_ll_utils.c **** 
 153:platform/HAL/src/stm32g4xx_ll_utils.c **** /* Exported functions --------------------------------------------------------*/
 154:platform/HAL/src/stm32g4xx_ll_utils.c **** /** @addtogroup UTILS_LL_Exported_Functions
 155:platform/HAL/src/stm32g4xx_ll_utils.c ****   * @{
 156:platform/HAL/src/stm32g4xx_ll_utils.c ****   */
 157:platform/HAL/src/stm32g4xx_ll_utils.c **** 
 158:platform/HAL/src/stm32g4xx_ll_utils.c **** /** @addtogroup UTILS_LL_EF_DELAY
 159:platform/HAL/src/stm32g4xx_ll_utils.c ****   * @{
 160:platform/HAL/src/stm32g4xx_ll_utils.c ****   */
 161:platform/HAL/src/stm32g4xx_ll_utils.c **** 
 162:platform/HAL/src/stm32g4xx_ll_utils.c **** /**
 163:platform/HAL/src/stm32g4xx_ll_utils.c ****   * @brief  This function configures the Cortex-M SysTick source to have 1ms time base.
 164:platform/HAL/src/stm32g4xx_ll_utils.c ****   * @note   When a RTOS is used, it is recommended to avoid changing the Systick
 165:platform/HAL/src/stm32g4xx_ll_utils.c ****   *         configuration by calling this function, for a delay use rather osDelay RTOS service.
 166:platform/HAL/src/stm32g4xx_ll_utils.c ****   * @param  HCLKFrequency HCLK frequency in Hz
 167:platform/HAL/src/stm32g4xx_ll_utils.c ****   * @note   HCLK frequency can be calculated thanks to RCC helper macro or function @ref LL_RCC_Get
 168:platform/HAL/src/stm32g4xx_ll_utils.c ****   * @retval None
 169:platform/HAL/src/stm32g4xx_ll_utils.c ****   */
 170:platform/HAL/src/stm32g4xx_ll_utils.c **** void LL_Init1msTick(uint32_t HCLKFrequency)
 171:platform/HAL/src/stm32g4xx_ll_utils.c **** {
 172:platform/HAL/src/stm32g4xx_ll_utils.c ****   /* Use frequency provided in argument */
 173:platform/HAL/src/stm32g4xx_ll_utils.c ****   LL_InitTick(HCLKFrequency, 1000U);
 174:platform/HAL/src/stm32g4xx_ll_utils.c **** }
 175:platform/HAL/src/stm32g4xx_ll_utils.c **** 
 176:platform/HAL/src/stm32g4xx_ll_utils.c **** /**
 177:platform/HAL/src/stm32g4xx_ll_utils.c ****   * @brief  This function provides accurate delay (in milliseconds) based
 178:platform/HAL/src/stm32g4xx_ll_utils.c ****   *         on SysTick counter flag
 179:platform/HAL/src/stm32g4xx_ll_utils.c ****   * @note   When a RTOS is used, it is recommended to avoid using blocking delay
 180:platform/HAL/src/stm32g4xx_ll_utils.c ****   *         and use rather osDelay service.
 181:platform/HAL/src/stm32g4xx_ll_utils.c ****   * @note   To respect 1ms timebase, user should call @ref LL_Init1msTick function which
 182:platform/HAL/src/stm32g4xx_ll_utils.c ****   *         will configure Systick to 1ms
 183:platform/HAL/src/stm32g4xx_ll_utils.c ****   * @param  Delay specifies the delay time length, in milliseconds.
 184:platform/HAL/src/stm32g4xx_ll_utils.c ****   * @retval None
 185:platform/HAL/src/stm32g4xx_ll_utils.c ****   */
 186:platform/HAL/src/stm32g4xx_ll_utils.c **** void LL_mDelay(uint32_t Delay)
 187:platform/HAL/src/stm32g4xx_ll_utils.c **** {
 188:platform/HAL/src/stm32g4xx_ll_utils.c ****   __IO uint32_t  tmp = SysTick->CTRL;  /* Clear the COUNTFLAG first */
 189:platform/HAL/src/stm32g4xx_ll_utils.c ****   uint32_t tmpDelay; /* MISRAC2012-Rule-17.8 */
 190:platform/HAL/src/stm32g4xx_ll_utils.c ****   /* Add this code to indicate that local variable is not used */
 191:platform/HAL/src/stm32g4xx_ll_utils.c ****   ((void)tmp);
 192:platform/HAL/src/stm32g4xx_ll_utils.c ****   tmpDelay = Delay;
 193:platform/HAL/src/stm32g4xx_ll_utils.c ****   /* Add a period to guaranty minimum wait */
 194:platform/HAL/src/stm32g4xx_ll_utils.c ****   if(tmpDelay < LL_MAX_DELAY)
 195:platform/HAL/src/stm32g4xx_ll_utils.c ****   {
 196:platform/HAL/src/stm32g4xx_ll_utils.c ****     tmpDelay++;
 197:platform/HAL/src/stm32g4xx_ll_utils.c ****   }
 198:platform/HAL/src/stm32g4xx_ll_utils.c **** 
 199:platform/HAL/src/stm32g4xx_ll_utils.c ****   while (tmpDelay != 0U)
 200:platform/HAL/src/stm32g4xx_ll_utils.c ****   {
 201:platform/HAL/src/stm32g4xx_ll_utils.c ****     if((SysTick->CTRL & SysTick_CTRL_COUNTFLAG_Msk) != 0U)
ARM GAS  /tmp/ccY3Jimf.s 			page 5


 202:platform/HAL/src/stm32g4xx_ll_utils.c ****     {
 203:platform/HAL/src/stm32g4xx_ll_utils.c ****       tmpDelay--;
 204:platform/HAL/src/stm32g4xx_ll_utils.c ****     }
 205:platform/HAL/src/stm32g4xx_ll_utils.c ****   }
 206:platform/HAL/src/stm32g4xx_ll_utils.c **** }
 207:platform/HAL/src/stm32g4xx_ll_utils.c **** 
 208:platform/HAL/src/stm32g4xx_ll_utils.c **** /**
 209:platform/HAL/src/stm32g4xx_ll_utils.c ****   * @}
 210:platform/HAL/src/stm32g4xx_ll_utils.c ****   */
 211:platform/HAL/src/stm32g4xx_ll_utils.c **** 
 212:platform/HAL/src/stm32g4xx_ll_utils.c **** /** @addtogroup UTILS_EF_SYSTEM
 213:platform/HAL/src/stm32g4xx_ll_utils.c ****   *  @brief    System Configuration functions
 214:platform/HAL/src/stm32g4xx_ll_utils.c ****   *
 215:platform/HAL/src/stm32g4xx_ll_utils.c ****   @verbatim
 216:platform/HAL/src/stm32g4xx_ll_utils.c ****  ===============================================================================
 217:platform/HAL/src/stm32g4xx_ll_utils.c ****            ##### System Configuration functions #####
 218:platform/HAL/src/stm32g4xx_ll_utils.c ****  ===============================================================================
 219:platform/HAL/src/stm32g4xx_ll_utils.c ****     [..]
 220:platform/HAL/src/stm32g4xx_ll_utils.c ****          System, AHB and APB buses clocks configuration
 221:platform/HAL/src/stm32g4xx_ll_utils.c **** 
 222:platform/HAL/src/stm32g4xx_ll_utils.c ****          (+) The maximum frequency of the SYSCLK, HCLK, PCLK1 and PCLK2 is 
 223:platform/HAL/src/stm32g4xx_ll_utils.c ****              170000000 Hz for STM32G4xx.
 224:platform/HAL/src/stm32g4xx_ll_utils.c ****   @endverbatim
 225:platform/HAL/src/stm32g4xx_ll_utils.c ****   @internal
 226:platform/HAL/src/stm32g4xx_ll_utils.c ****              Depending on the device voltage range, the maximum frequency should be
 227:platform/HAL/src/stm32g4xx_ll_utils.c ****              adapted accordingly:
 228:platform/HAL/src/stm32g4xx_ll_utils.c **** 
 229:platform/HAL/src/stm32g4xx_ll_utils.c ****            +----------------------------------------------------------------------------+
 230:platform/HAL/src/stm32g4xx_ll_utils.c ****            | Latency         |            HCLK clock frequency (MHz)                    |
 231:platform/HAL/src/stm32g4xx_ll_utils.c ****            |                 |----------------------------------------------------------|
 232:platform/HAL/src/stm32g4xx_ll_utils.c ****            |                 |  voltage range 1  |  voltage range 1  | voltage range 2  |
 233:platform/HAL/src/stm32g4xx_ll_utils.c ****            |                 | boost mode 1.28 V | normal mode 1.2 V |     1.0 V        |
 234:platform/HAL/src/stm32g4xx_ll_utils.c ****            |-----------------|-------------------|-------------------|------------------|
 235:platform/HAL/src/stm32g4xx_ll_utils.c ****            |0WS(1 CPU cycles)|    HCLK <= 34     |    HCLK <= 30     |    HCLK <= 12    |
 236:platform/HAL/src/stm32g4xx_ll_utils.c ****            |-----------------|-------------------|-------------------|------------------|
 237:platform/HAL/src/stm32g4xx_ll_utils.c ****            |1WS(2 CPU cycles)|    HCLK <= 68     |    HCLK <= 60     |    HCLK <= 24    |
 238:platform/HAL/src/stm32g4xx_ll_utils.c ****            |-----------------|-------------------|-------------------|------------------|
 239:platform/HAL/src/stm32g4xx_ll_utils.c ****            |2WS(3 CPU cycles)|    HCLK <= 102    |    HCLK <= 90     |    HCLK <= 26    |
 240:platform/HAL/src/stm32g4xx_ll_utils.c ****            |-----------------|-------------------|-------------------|------------------|
 241:platform/HAL/src/stm32g4xx_ll_utils.c ****            |3WS(4 CPU cycles)|    HCLK <= 136    |    HCLK <= 120    |        -         |
 242:platform/HAL/src/stm32g4xx_ll_utils.c ****            |-----------------|-------------------|-------------------|------------------|
 243:platform/HAL/src/stm32g4xx_ll_utils.c ****            |4WS(5 CPU cycles)|    HCLK <= 170    |    HCLK <= 150    |        -         |
 244:platform/HAL/src/stm32g4xx_ll_utils.c ****            +----------------------------------------------------------------------------+
 245:platform/HAL/src/stm32g4xx_ll_utils.c **** 
 246:platform/HAL/src/stm32g4xx_ll_utils.c **** 
 247:platform/HAL/src/stm32g4xx_ll_utils.c ****   @endinternal
 248:platform/HAL/src/stm32g4xx_ll_utils.c ****   * @{
 249:platform/HAL/src/stm32g4xx_ll_utils.c ****   */
 250:platform/HAL/src/stm32g4xx_ll_utils.c **** 
 251:platform/HAL/src/stm32g4xx_ll_utils.c **** /**
 252:platform/HAL/src/stm32g4xx_ll_utils.c ****   * @brief  This function sets directly SystemCoreClock CMSIS variable.
 253:platform/HAL/src/stm32g4xx_ll_utils.c ****   * @note   Variable can be calculated also through SystemCoreClockUpdate function.
 254:platform/HAL/src/stm32g4xx_ll_utils.c ****   * @param  HCLKFrequency HCLK frequency in Hz (can be calculated thanks to RCC helper macro)
 255:platform/HAL/src/stm32g4xx_ll_utils.c ****   * @retval None
 256:platform/HAL/src/stm32g4xx_ll_utils.c ****   */
 257:platform/HAL/src/stm32g4xx_ll_utils.c **** void LL_SetSystemCoreClock(uint32_t HCLKFrequency)
 258:platform/HAL/src/stm32g4xx_ll_utils.c **** {
ARM GAS  /tmp/ccY3Jimf.s 			page 6


 259:platform/HAL/src/stm32g4xx_ll_utils.c ****   /* HCLK clock frequency */
 260:platform/HAL/src/stm32g4xx_ll_utils.c ****   SystemCoreClock = HCLKFrequency;
 261:platform/HAL/src/stm32g4xx_ll_utils.c **** }
 262:platform/HAL/src/stm32g4xx_ll_utils.c **** 
 263:platform/HAL/src/stm32g4xx_ll_utils.c **** /**
 264:platform/HAL/src/stm32g4xx_ll_utils.c ****   * @brief  Update number of Flash wait states in line with new frequency and current
 265:platform/HAL/src/stm32g4xx_ll_utils.c ****             voltage range.
 266:platform/HAL/src/stm32g4xx_ll_utils.c ****   * @param  HCLKFrequency  HCLK frequency
 267:platform/HAL/src/stm32g4xx_ll_utils.c ****   * @retval An ErrorStatus enumeration value:
 268:platform/HAL/src/stm32g4xx_ll_utils.c ****   *          - SUCCESS: Latency has been modified
 269:platform/HAL/src/stm32g4xx_ll_utils.c ****   *          - ERROR: Latency cannot be modified
 270:platform/HAL/src/stm32g4xx_ll_utils.c ****   */
 271:platform/HAL/src/stm32g4xx_ll_utils.c **** ErrorStatus LL_SetFlashLatency(uint32_t HCLKFrequency)
 272:platform/HAL/src/stm32g4xx_ll_utils.c **** {
 273:platform/HAL/src/stm32g4xx_ll_utils.c ****   uint32_t timeout;
 274:platform/HAL/src/stm32g4xx_ll_utils.c ****   uint32_t getlatency;
 275:platform/HAL/src/stm32g4xx_ll_utils.c ****   ErrorStatus status = SUCCESS;
 276:platform/HAL/src/stm32g4xx_ll_utils.c ****   uint32_t regulatorstatus = LL_PWR_GetRegulVoltageScaling();
 277:platform/HAL/src/stm32g4xx_ll_utils.c ****   uint32_t regulatorbooststatus = LL_PWR_IsEnabledRange1BoostMode();
 278:platform/HAL/src/stm32g4xx_ll_utils.c **** 
 279:platform/HAL/src/stm32g4xx_ll_utils.c ****   uint32_t latency = LL_FLASH_LATENCY_0;  /* default value 0WS */
 280:platform/HAL/src/stm32g4xx_ll_utils.c **** 
 281:platform/HAL/src/stm32g4xx_ll_utils.c ****   /* Frequency cannot be equal to 0 or greater than max clock */
 282:platform/HAL/src/stm32g4xx_ll_utils.c ****   if((HCLKFrequency == 0U) || (HCLKFrequency > UTILS_SCALE1_LATENCY5_BOOST_FREQ))
 283:platform/HAL/src/stm32g4xx_ll_utils.c ****   {
 284:platform/HAL/src/stm32g4xx_ll_utils.c ****     status = ERROR;
 285:platform/HAL/src/stm32g4xx_ll_utils.c ****   }
 286:platform/HAL/src/stm32g4xx_ll_utils.c ****   else
 287:platform/HAL/src/stm32g4xx_ll_utils.c ****   {
 288:platform/HAL/src/stm32g4xx_ll_utils.c ****     if((regulatorstatus == LL_PWR_REGU_VOLTAGE_SCALE1) && (regulatorbooststatus == 1U))
 289:platform/HAL/src/stm32g4xx_ll_utils.c ****     {
 290:platform/HAL/src/stm32g4xx_ll_utils.c ****       if(HCLKFrequency > UTILS_SCALE1_LATENCY4_BOOST_FREQ)
 291:platform/HAL/src/stm32g4xx_ll_utils.c ****       {
 292:platform/HAL/src/stm32g4xx_ll_utils.c ****         /* 136 < HCLK <= 170 => 4WS (5 CPU cycles) */
 293:platform/HAL/src/stm32g4xx_ll_utils.c ****         latency = LL_FLASH_LATENCY_4;
 294:platform/HAL/src/stm32g4xx_ll_utils.c ****       }
 295:platform/HAL/src/stm32g4xx_ll_utils.c ****       else if(HCLKFrequency > UTILS_SCALE1_LATENCY3_BOOST_FREQ)
 296:platform/HAL/src/stm32g4xx_ll_utils.c ****       {
 297:platform/HAL/src/stm32g4xx_ll_utils.c ****         /* 102 < HCLK <= 136 => 3WS (4 CPU cycles) */
 298:platform/HAL/src/stm32g4xx_ll_utils.c ****         latency = LL_FLASH_LATENCY_3;
 299:platform/HAL/src/stm32g4xx_ll_utils.c ****       }
 300:platform/HAL/src/stm32g4xx_ll_utils.c ****       else if(HCLKFrequency > UTILS_SCALE1_LATENCY2_BOOST_FREQ)
 301:platform/HAL/src/stm32g4xx_ll_utils.c ****       {
 302:platform/HAL/src/stm32g4xx_ll_utils.c ****         /* 68 < HCLK <= 102 => 2WS (3 CPU cycles) */
 303:platform/HAL/src/stm32g4xx_ll_utils.c ****         latency = LL_FLASH_LATENCY_2;
 304:platform/HAL/src/stm32g4xx_ll_utils.c ****       }
 305:platform/HAL/src/stm32g4xx_ll_utils.c ****       else
 306:platform/HAL/src/stm32g4xx_ll_utils.c ****       {
 307:platform/HAL/src/stm32g4xx_ll_utils.c ****         if(HCLKFrequency > UTILS_SCALE1_LATENCY1_BOOST_FREQ)
 308:platform/HAL/src/stm32g4xx_ll_utils.c ****         {
 309:platform/HAL/src/stm32g4xx_ll_utils.c ****           /* 34 < HCLK <= 68 => 1WS (2 CPU cycles) */
 310:platform/HAL/src/stm32g4xx_ll_utils.c ****           latency = LL_FLASH_LATENCY_1;
 311:platform/HAL/src/stm32g4xx_ll_utils.c ****         }
 312:platform/HAL/src/stm32g4xx_ll_utils.c ****         /* else HCLKFrequency <= 10MHz default LL_FLASH_LATENCY_0 0WS */
 313:platform/HAL/src/stm32g4xx_ll_utils.c ****       }
 314:platform/HAL/src/stm32g4xx_ll_utils.c ****     }
 315:platform/HAL/src/stm32g4xx_ll_utils.c ****     /* SCALE1 normal mode*/
ARM GAS  /tmp/ccY3Jimf.s 			page 7


 316:platform/HAL/src/stm32g4xx_ll_utils.c ****     else if(regulatorstatus == LL_PWR_REGU_VOLTAGE_SCALE1)
 317:platform/HAL/src/stm32g4xx_ll_utils.c ****     {
 318:platform/HAL/src/stm32g4xx_ll_utils.c ****       if(HCLKFrequency > UTILS_SCALE1_LATENCY4_FREQ)
 319:platform/HAL/src/stm32g4xx_ll_utils.c ****       {
 320:platform/HAL/src/stm32g4xx_ll_utils.c ****         /* 120 < HCLK <= 150 => 4WS (5 CPU cycles) */
 321:platform/HAL/src/stm32g4xx_ll_utils.c ****         latency = LL_FLASH_LATENCY_4;
 322:platform/HAL/src/stm32g4xx_ll_utils.c ****       }
 323:platform/HAL/src/stm32g4xx_ll_utils.c ****       else if(HCLKFrequency > UTILS_SCALE1_LATENCY3_FREQ)
 324:platform/HAL/src/stm32g4xx_ll_utils.c ****       {
 325:platform/HAL/src/stm32g4xx_ll_utils.c ****         /* 90 < HCLK <= 120 => 3WS (4 CPU cycles) */
 326:platform/HAL/src/stm32g4xx_ll_utils.c ****         latency = LL_FLASH_LATENCY_3;
 327:platform/HAL/src/stm32g4xx_ll_utils.c ****       }
 328:platform/HAL/src/stm32g4xx_ll_utils.c ****       else if(HCLKFrequency > UTILS_SCALE1_LATENCY2_FREQ)
 329:platform/HAL/src/stm32g4xx_ll_utils.c ****       {
 330:platform/HAL/src/stm32g4xx_ll_utils.c ****         /* 60 < HCLK <= 90 => 2WS (3 CPU cycles) */
 331:platform/HAL/src/stm32g4xx_ll_utils.c ****         latency = LL_FLASH_LATENCY_2;
 332:platform/HAL/src/stm32g4xx_ll_utils.c ****       }
 333:platform/HAL/src/stm32g4xx_ll_utils.c ****       else
 334:platform/HAL/src/stm32g4xx_ll_utils.c ****       {
 335:platform/HAL/src/stm32g4xx_ll_utils.c ****         if(HCLKFrequency > UTILS_SCALE1_LATENCY1_FREQ)
 336:platform/HAL/src/stm32g4xx_ll_utils.c ****         {
 337:platform/HAL/src/stm32g4xx_ll_utils.c ****           /* 30 < HCLK <= 60 => 1WS (2 CPU cycles) */
 338:platform/HAL/src/stm32g4xx_ll_utils.c ****           latency = LL_FLASH_LATENCY_1;
 339:platform/HAL/src/stm32g4xx_ll_utils.c ****         }
 340:platform/HAL/src/stm32g4xx_ll_utils.c ****         /* else HCLKFrequency <= 10MHz default LL_FLASH_LATENCY_0 0WS */
 341:platform/HAL/src/stm32g4xx_ll_utils.c ****       }
 342:platform/HAL/src/stm32g4xx_ll_utils.c ****     }
 343:platform/HAL/src/stm32g4xx_ll_utils.c ****     /* SCALE2 */
 344:platform/HAL/src/stm32g4xx_ll_utils.c ****     else if(regulatorstatus == LL_PWR_REGU_VOLTAGE_SCALE2)
 345:platform/HAL/src/stm32g4xx_ll_utils.c ****     {
 346:platform/HAL/src/stm32g4xx_ll_utils.c ****       if(HCLKFrequency > UTILS_SCALE2_LATENCY2_FREQ)
 347:platform/HAL/src/stm32g4xx_ll_utils.c ****       {
 348:platform/HAL/src/stm32g4xx_ll_utils.c ****         /* 24 < HCLK <= 26 => 2WS (3 CPU cycles) */
 349:platform/HAL/src/stm32g4xx_ll_utils.c ****         latency = LL_FLASH_LATENCY_2;
 350:platform/HAL/src/stm32g4xx_ll_utils.c ****       }
 351:platform/HAL/src/stm32g4xx_ll_utils.c ****       else
 352:platform/HAL/src/stm32g4xx_ll_utils.c ****       {
 353:platform/HAL/src/stm32g4xx_ll_utils.c ****         if(HCLKFrequency > UTILS_SCALE2_LATENCY1_FREQ)
 354:platform/HAL/src/stm32g4xx_ll_utils.c ****         {
 355:platform/HAL/src/stm32g4xx_ll_utils.c ****           /* 12 < HCLK <= 24 => 1WS (2 CPU cycles) */
 356:platform/HAL/src/stm32g4xx_ll_utils.c ****           latency = LL_FLASH_LATENCY_1;
 357:platform/HAL/src/stm32g4xx_ll_utils.c ****         }
 358:platform/HAL/src/stm32g4xx_ll_utils.c ****         /* else HCLKFrequency <= 8MHz default LL_FLASH_LATENCY_0 0WS */
 359:platform/HAL/src/stm32g4xx_ll_utils.c ****       }
 360:platform/HAL/src/stm32g4xx_ll_utils.c ****     }
 361:platform/HAL/src/stm32g4xx_ll_utils.c ****     else
 362:platform/HAL/src/stm32g4xx_ll_utils.c ****     {
 363:platform/HAL/src/stm32g4xx_ll_utils.c ****      /* Nothing to do */
 364:platform/HAL/src/stm32g4xx_ll_utils.c ****     }
 365:platform/HAL/src/stm32g4xx_ll_utils.c **** 
 366:platform/HAL/src/stm32g4xx_ll_utils.c ****     if (status != ERROR)
 367:platform/HAL/src/stm32g4xx_ll_utils.c ****     {
 368:platform/HAL/src/stm32g4xx_ll_utils.c ****       LL_FLASH_SetLatency(latency);
 369:platform/HAL/src/stm32g4xx_ll_utils.c **** 
 370:platform/HAL/src/stm32g4xx_ll_utils.c ****       /* Check that the new number of wait states is taken into account to access the Flash
 371:platform/HAL/src/stm32g4xx_ll_utils.c ****          memory by reading the FLASH_ACR register */
 372:platform/HAL/src/stm32g4xx_ll_utils.c ****       timeout = 2U;
ARM GAS  /tmp/ccY3Jimf.s 			page 8


 373:platform/HAL/src/stm32g4xx_ll_utils.c ****       do
 374:platform/HAL/src/stm32g4xx_ll_utils.c ****       {
 375:platform/HAL/src/stm32g4xx_ll_utils.c ****         /* Wait for Flash latency to be updated */
 376:platform/HAL/src/stm32g4xx_ll_utils.c ****         getlatency = LL_FLASH_GetLatency();
 377:platform/HAL/src/stm32g4xx_ll_utils.c ****         timeout--;
 378:platform/HAL/src/stm32g4xx_ll_utils.c ****       } while ((getlatency != latency) && (timeout > 0U));
 379:platform/HAL/src/stm32g4xx_ll_utils.c **** 
 380:platform/HAL/src/stm32g4xx_ll_utils.c ****       if(getlatency != latency)
 381:platform/HAL/src/stm32g4xx_ll_utils.c ****       {
 382:platform/HAL/src/stm32g4xx_ll_utils.c ****         status = ERROR;
 383:platform/HAL/src/stm32g4xx_ll_utils.c ****       }
 384:platform/HAL/src/stm32g4xx_ll_utils.c ****     }
 385:platform/HAL/src/stm32g4xx_ll_utils.c ****   }
 386:platform/HAL/src/stm32g4xx_ll_utils.c **** 
 387:platform/HAL/src/stm32g4xx_ll_utils.c ****   return status;
 388:platform/HAL/src/stm32g4xx_ll_utils.c **** }
 389:platform/HAL/src/stm32g4xx_ll_utils.c **** 
 390:platform/HAL/src/stm32g4xx_ll_utils.c **** /**
 391:platform/HAL/src/stm32g4xx_ll_utils.c ****   * @brief  This function configures system clock at maximum frequency with HSI as clock source of 
 392:platform/HAL/src/stm32g4xx_ll_utils.c ****   * @note   The application need to ensure that PLL is disabled.
 393:platform/HAL/src/stm32g4xx_ll_utils.c ****   * @note   Function is based on the following formula:
 394:platform/HAL/src/stm32g4xx_ll_utils.c ****   *         - PLL output frequency = (((HSI frequency / PLLM) * PLLN) / PLLR)
 395:platform/HAL/src/stm32g4xx_ll_utils.c ****   *         - PLLM: ensure that the VCO input frequency ranges from 2.66 to 8 MHz (PLLVCO_input = H
 396:platform/HAL/src/stm32g4xx_ll_utils.c ****   *         - PLLN: ensure that the VCO output frequency is between 64 and 344 MHz (PLLVCO_output =
 397:platform/HAL/src/stm32g4xx_ll_utils.c ****   *         - PLLR: ensure that max frequency at 170000000 Hz is reach (PLLVCO_output / PLLR)
 398:platform/HAL/src/stm32g4xx_ll_utils.c ****   * @param  UTILS_PLLInitStruct pointer to a @ref LL_UTILS_PLLInitTypeDef structure that contains
 399:platform/HAL/src/stm32g4xx_ll_utils.c ****   *                             the configuration information for the PLL.
 400:platform/HAL/src/stm32g4xx_ll_utils.c ****   * @param  UTILS_ClkInitStruct pointer to a @ref LL_UTILS_ClkInitTypeDef structure that contains
 401:platform/HAL/src/stm32g4xx_ll_utils.c ****   *                             the configuration information for the BUS prescalers.
 402:platform/HAL/src/stm32g4xx_ll_utils.c ****   * @retval An ErrorStatus enumeration value:
 403:platform/HAL/src/stm32g4xx_ll_utils.c ****   *          - SUCCESS: Max frequency configuration done
 404:platform/HAL/src/stm32g4xx_ll_utils.c ****   *          - ERROR: Max frequency configuration not done
 405:platform/HAL/src/stm32g4xx_ll_utils.c ****   */
 406:platform/HAL/src/stm32g4xx_ll_utils.c **** ErrorStatus LL_PLL_ConfigSystemClock_HSI(LL_UTILS_PLLInitTypeDef *UTILS_PLLInitStruct,
 407:platform/HAL/src/stm32g4xx_ll_utils.c ****                                          LL_UTILS_ClkInitTypeDef *UTILS_ClkInitStruct)
 408:platform/HAL/src/stm32g4xx_ll_utils.c **** {
 409:platform/HAL/src/stm32g4xx_ll_utils.c ****   ErrorStatus status;
 410:platform/HAL/src/stm32g4xx_ll_utils.c ****   uint32_t pllfreq;
 411:platform/HAL/src/stm32g4xx_ll_utils.c ****   uint32_t hpre = LL_RCC_SYSCLK_DIV_1;
 412:platform/HAL/src/stm32g4xx_ll_utils.c **** 
 413:platform/HAL/src/stm32g4xx_ll_utils.c ****   /* Check if one of the PLL is enabled */
 414:platform/HAL/src/stm32g4xx_ll_utils.c ****   if(UTILS_PLL_IsBusy() == SUCCESS)
 415:platform/HAL/src/stm32g4xx_ll_utils.c ****   {
 416:platform/HAL/src/stm32g4xx_ll_utils.c ****     /* Calculate the new PLL output frequency */
 417:platform/HAL/src/stm32g4xx_ll_utils.c ****     pllfreq = UTILS_GetPLLOutputFrequency(HSI_VALUE, UTILS_PLLInitStruct);
 418:platform/HAL/src/stm32g4xx_ll_utils.c **** 
 419:platform/HAL/src/stm32g4xx_ll_utils.c ****     /* Enable HSI if not enabled */
 420:platform/HAL/src/stm32g4xx_ll_utils.c ****     if(LL_RCC_HSI_IsReady() != 1U)
 421:platform/HAL/src/stm32g4xx_ll_utils.c ****     {
 422:platform/HAL/src/stm32g4xx_ll_utils.c ****       LL_RCC_HSI_Enable();
 423:platform/HAL/src/stm32g4xx_ll_utils.c ****       while (LL_RCC_HSI_IsReady() != 1U)
 424:platform/HAL/src/stm32g4xx_ll_utils.c ****       {
 425:platform/HAL/src/stm32g4xx_ll_utils.c ****         /* Wait for HSI ready */
 426:platform/HAL/src/stm32g4xx_ll_utils.c ****       }
 427:platform/HAL/src/stm32g4xx_ll_utils.c ****     }
 428:platform/HAL/src/stm32g4xx_ll_utils.c **** 
 429:platform/HAL/src/stm32g4xx_ll_utils.c ****     /* Configure PLL */
ARM GAS  /tmp/ccY3Jimf.s 			page 9


 430:platform/HAL/src/stm32g4xx_ll_utils.c ****     LL_RCC_PLL_ConfigDomain_SYS(LL_RCC_PLLSOURCE_HSI, UTILS_PLLInitStruct->PLLM, UTILS_PLLInitStruc
 431:platform/HAL/src/stm32g4xx_ll_utils.c ****                                 UTILS_PLLInitStruct->PLLR);
 432:platform/HAL/src/stm32g4xx_ll_utils.c **** 
 433:platform/HAL/src/stm32g4xx_ll_utils.c ****     /* Prevent undershoot at highest frequency by applying intermediate AHB prescaler 2 */
 434:platform/HAL/src/stm32g4xx_ll_utils.c ****     if(pllfreq > 80000000U)
 435:platform/HAL/src/stm32g4xx_ll_utils.c ****     {
 436:platform/HAL/src/stm32g4xx_ll_utils.c ****       if (UTILS_ClkInitStruct->AHBCLKDivider == LL_RCC_SYSCLK_DIV_1)
 437:platform/HAL/src/stm32g4xx_ll_utils.c ****       {
 438:platform/HAL/src/stm32g4xx_ll_utils.c ****         UTILS_ClkInitStruct->AHBCLKDivider = LL_RCC_SYSCLK_DIV_2;
 439:platform/HAL/src/stm32g4xx_ll_utils.c ****         hpre = LL_RCC_SYSCLK_DIV_2;
 440:platform/HAL/src/stm32g4xx_ll_utils.c ****       }
 441:platform/HAL/src/stm32g4xx_ll_utils.c ****     }
 442:platform/HAL/src/stm32g4xx_ll_utils.c **** 
 443:platform/HAL/src/stm32g4xx_ll_utils.c ****     /* Enable PLL and switch system clock to PLL */
 444:platform/HAL/src/stm32g4xx_ll_utils.c ****     status = UTILS_EnablePLLAndSwitchSystem(pllfreq, UTILS_ClkInitStruct);
 445:platform/HAL/src/stm32g4xx_ll_utils.c **** 
 446:platform/HAL/src/stm32g4xx_ll_utils.c ****     /* Apply definitive AHB prescaler value if necessary */
 447:platform/HAL/src/stm32g4xx_ll_utils.c ****     if ((status == SUCCESS) && (hpre != LL_RCC_SYSCLK_DIV_1))
 448:platform/HAL/src/stm32g4xx_ll_utils.c ****     {
 449:platform/HAL/src/stm32g4xx_ll_utils.c ****       /* Set FLASH latency to highest latency */
 450:platform/HAL/src/stm32g4xx_ll_utils.c ****       status = LL_SetFlashLatency(pllfreq);
 451:platform/HAL/src/stm32g4xx_ll_utils.c ****       if (status == SUCCESS)
 452:platform/HAL/src/stm32g4xx_ll_utils.c ****       {
 453:platform/HAL/src/stm32g4xx_ll_utils.c ****         UTILS_ClkInitStruct->AHBCLKDivider = LL_RCC_SYSCLK_DIV_1;
 454:platform/HAL/src/stm32g4xx_ll_utils.c ****         LL_RCC_SetAHBPrescaler(UTILS_ClkInitStruct->AHBCLKDivider);
 455:platform/HAL/src/stm32g4xx_ll_utils.c ****         LL_SetSystemCoreClock(pllfreq);
 456:platform/HAL/src/stm32g4xx_ll_utils.c ****       }
 457:platform/HAL/src/stm32g4xx_ll_utils.c ****     }
 458:platform/HAL/src/stm32g4xx_ll_utils.c ****   }
 459:platform/HAL/src/stm32g4xx_ll_utils.c ****   else
 460:platform/HAL/src/stm32g4xx_ll_utils.c ****   {
 461:platform/HAL/src/stm32g4xx_ll_utils.c ****     /* Current PLL configuration cannot be modified */
 462:platform/HAL/src/stm32g4xx_ll_utils.c ****     status = ERROR;
 463:platform/HAL/src/stm32g4xx_ll_utils.c ****   }
 464:platform/HAL/src/stm32g4xx_ll_utils.c **** 
 465:platform/HAL/src/stm32g4xx_ll_utils.c ****   return status;
 466:platform/HAL/src/stm32g4xx_ll_utils.c **** }
 467:platform/HAL/src/stm32g4xx_ll_utils.c **** 
 468:platform/HAL/src/stm32g4xx_ll_utils.c **** /**
 469:platform/HAL/src/stm32g4xx_ll_utils.c ****   * @brief  This function configures system clock with HSE as clock source of the PLL
 470:platform/HAL/src/stm32g4xx_ll_utils.c ****   * @note   The application need to ensure that PLL is disabled.
 471:platform/HAL/src/stm32g4xx_ll_utils.c ****   * @note   Function is based on the following formula:
 472:platform/HAL/src/stm32g4xx_ll_utils.c ****   *         - PLL output frequency = (((HSE frequency / PLLM) * PLLN) / PLLR)
 473:platform/HAL/src/stm32g4xx_ll_utils.c ****   *         - PLLM: ensure that the VCO input frequency ranges from 2.66 to 8 MHz (PLLVCO_input = H
 474:platform/HAL/src/stm32g4xx_ll_utils.c ****   *         - PLLN: ensure that the VCO output frequency is between 64 and 344 MHz (PLLVCO_output =
 475:platform/HAL/src/stm32g4xx_ll_utils.c ****   *         - PLLR: ensure that max frequency at 170000000 Hz is reached (PLLVCO_output / PLLR)
 476:platform/HAL/src/stm32g4xx_ll_utils.c ****   * @param  HSEFrequency Value between Min_Data = 4000000 and Max_Data = 48000000
 477:platform/HAL/src/stm32g4xx_ll_utils.c ****   * @param  HSEBypass This parameter can be one of the following values:
 478:platform/HAL/src/stm32g4xx_ll_utils.c ****   *         @arg @ref LL_UTILS_HSEBYPASS_ON
 479:platform/HAL/src/stm32g4xx_ll_utils.c ****   *         @arg @ref LL_UTILS_HSEBYPASS_OFF
 480:platform/HAL/src/stm32g4xx_ll_utils.c ****   * @param  UTILS_PLLInitStruct pointer to a @ref LL_UTILS_PLLInitTypeDef structure that contains
 481:platform/HAL/src/stm32g4xx_ll_utils.c ****   *                             the configuration information for the PLL.
 482:platform/HAL/src/stm32g4xx_ll_utils.c ****   * @param  UTILS_ClkInitStruct pointer to a @ref LL_UTILS_ClkInitTypeDef structure that contains
 483:platform/HAL/src/stm32g4xx_ll_utils.c ****   *                             the configuration information for the BUS prescalers.
 484:platform/HAL/src/stm32g4xx_ll_utils.c ****   * @retval An ErrorStatus enumeration value:
 485:platform/HAL/src/stm32g4xx_ll_utils.c ****   *          - SUCCESS: Max frequency configuration done
 486:platform/HAL/src/stm32g4xx_ll_utils.c ****   *          - ERROR: Max frequency configuration not done
ARM GAS  /tmp/ccY3Jimf.s 			page 10


 487:platform/HAL/src/stm32g4xx_ll_utils.c ****   */
 488:platform/HAL/src/stm32g4xx_ll_utils.c **** ErrorStatus LL_PLL_ConfigSystemClock_HSE(uint32_t HSEFrequency, uint32_t HSEBypass,
 489:platform/HAL/src/stm32g4xx_ll_utils.c ****                                          LL_UTILS_PLLInitTypeDef *UTILS_PLLInitStruct, LL_UTILS_Clk
 490:platform/HAL/src/stm32g4xx_ll_utils.c **** {
 491:platform/HAL/src/stm32g4xx_ll_utils.c ****   ErrorStatus status;
 492:platform/HAL/src/stm32g4xx_ll_utils.c ****   uint32_t pllfreq;
 493:platform/HAL/src/stm32g4xx_ll_utils.c ****   uint32_t hpre = LL_RCC_SYSCLK_DIV_1;
 494:platform/HAL/src/stm32g4xx_ll_utils.c **** 
 495:platform/HAL/src/stm32g4xx_ll_utils.c ****   /* Check the parameters */
 496:platform/HAL/src/stm32g4xx_ll_utils.c ****   assert_param(IS_LL_UTILS_HSE_FREQUENCY(HSEFrequency));
 497:platform/HAL/src/stm32g4xx_ll_utils.c ****   assert_param(IS_LL_UTILS_HSE_BYPASS(HSEBypass));
 498:platform/HAL/src/stm32g4xx_ll_utils.c **** 
 499:platform/HAL/src/stm32g4xx_ll_utils.c ****   /* Check if one of the PLL is enabled */
 500:platform/HAL/src/stm32g4xx_ll_utils.c ****   if(UTILS_PLL_IsBusy() == SUCCESS)
 501:platform/HAL/src/stm32g4xx_ll_utils.c ****   {
 502:platform/HAL/src/stm32g4xx_ll_utils.c ****     /* Calculate the new PLL output frequency */
 503:platform/HAL/src/stm32g4xx_ll_utils.c ****     pllfreq = UTILS_GetPLLOutputFrequency(HSEFrequency, UTILS_PLLInitStruct);
 504:platform/HAL/src/stm32g4xx_ll_utils.c **** 
 505:platform/HAL/src/stm32g4xx_ll_utils.c ****     /* Enable HSE if not enabled */
 506:platform/HAL/src/stm32g4xx_ll_utils.c ****     if(LL_RCC_HSE_IsReady() != 1U)
 507:platform/HAL/src/stm32g4xx_ll_utils.c ****     {
 508:platform/HAL/src/stm32g4xx_ll_utils.c ****       /* Check if need to enable HSE bypass feature or not */
 509:platform/HAL/src/stm32g4xx_ll_utils.c ****       if(HSEBypass == LL_UTILS_HSEBYPASS_ON)
 510:platform/HAL/src/stm32g4xx_ll_utils.c ****       {
 511:platform/HAL/src/stm32g4xx_ll_utils.c ****         LL_RCC_HSE_EnableBypass();
 512:platform/HAL/src/stm32g4xx_ll_utils.c ****       }
 513:platform/HAL/src/stm32g4xx_ll_utils.c ****       else
 514:platform/HAL/src/stm32g4xx_ll_utils.c ****       {
 515:platform/HAL/src/stm32g4xx_ll_utils.c ****         LL_RCC_HSE_DisableBypass();
 516:platform/HAL/src/stm32g4xx_ll_utils.c ****       }
 517:platform/HAL/src/stm32g4xx_ll_utils.c **** 
 518:platform/HAL/src/stm32g4xx_ll_utils.c ****       /* Enable HSE */
 519:platform/HAL/src/stm32g4xx_ll_utils.c ****       LL_RCC_HSE_Enable();
 520:platform/HAL/src/stm32g4xx_ll_utils.c ****       while (LL_RCC_HSE_IsReady() != 1U)
 521:platform/HAL/src/stm32g4xx_ll_utils.c ****       {
 522:platform/HAL/src/stm32g4xx_ll_utils.c ****         /* Wait for HSE ready */
 523:platform/HAL/src/stm32g4xx_ll_utils.c ****       }
 524:platform/HAL/src/stm32g4xx_ll_utils.c ****     }
 525:platform/HAL/src/stm32g4xx_ll_utils.c **** 
 526:platform/HAL/src/stm32g4xx_ll_utils.c ****     /* Configure PLL */
 527:platform/HAL/src/stm32g4xx_ll_utils.c ****     LL_RCC_PLL_ConfigDomain_SYS(LL_RCC_PLLSOURCE_HSE, UTILS_PLLInitStruct->PLLM, UTILS_PLLInitStruc
 528:platform/HAL/src/stm32g4xx_ll_utils.c ****                                 UTILS_PLLInitStruct->PLLR);
 529:platform/HAL/src/stm32g4xx_ll_utils.c **** 
 530:platform/HAL/src/stm32g4xx_ll_utils.c ****     /* Prevent undershoot at highest frequency by applying intermediate AHB prescaler 2 */
 531:platform/HAL/src/stm32g4xx_ll_utils.c ****     if(pllfreq > 80000000U)
 532:platform/HAL/src/stm32g4xx_ll_utils.c ****     {
 533:platform/HAL/src/stm32g4xx_ll_utils.c ****       if (UTILS_ClkInitStruct->AHBCLKDivider == LL_RCC_SYSCLK_DIV_1)
 534:platform/HAL/src/stm32g4xx_ll_utils.c ****       {
 535:platform/HAL/src/stm32g4xx_ll_utils.c ****         UTILS_ClkInitStruct->AHBCLKDivider = LL_RCC_SYSCLK_DIV_2;
 536:platform/HAL/src/stm32g4xx_ll_utils.c ****         hpre = LL_RCC_SYSCLK_DIV_2;
 537:platform/HAL/src/stm32g4xx_ll_utils.c ****       }
 538:platform/HAL/src/stm32g4xx_ll_utils.c ****     }
 539:platform/HAL/src/stm32g4xx_ll_utils.c **** 
 540:platform/HAL/src/stm32g4xx_ll_utils.c ****     /* Enable PLL and switch system clock to PLL */
 541:platform/HAL/src/stm32g4xx_ll_utils.c ****     status = UTILS_EnablePLLAndSwitchSystem(pllfreq, UTILS_ClkInitStruct);
 542:platform/HAL/src/stm32g4xx_ll_utils.c **** 
 543:platform/HAL/src/stm32g4xx_ll_utils.c ****     /* Apply definitive AHB prescaler value if necessary */
ARM GAS  /tmp/ccY3Jimf.s 			page 11


 544:platform/HAL/src/stm32g4xx_ll_utils.c ****     if ((status == SUCCESS) && (hpre != LL_RCC_SYSCLK_DIV_1))
 545:platform/HAL/src/stm32g4xx_ll_utils.c ****     {
 546:platform/HAL/src/stm32g4xx_ll_utils.c ****       /* Set FLASH latency to highest latency */
 547:platform/HAL/src/stm32g4xx_ll_utils.c ****       status = LL_SetFlashLatency(pllfreq);
 548:platform/HAL/src/stm32g4xx_ll_utils.c ****       if (status == SUCCESS)
 549:platform/HAL/src/stm32g4xx_ll_utils.c ****       {
 550:platform/HAL/src/stm32g4xx_ll_utils.c ****         UTILS_ClkInitStruct->AHBCLKDivider = LL_RCC_SYSCLK_DIV_1;
 551:platform/HAL/src/stm32g4xx_ll_utils.c ****         LL_RCC_SetAHBPrescaler(UTILS_ClkInitStruct->AHBCLKDivider);
 552:platform/HAL/src/stm32g4xx_ll_utils.c ****         LL_SetSystemCoreClock(pllfreq);
 553:platform/HAL/src/stm32g4xx_ll_utils.c ****       }
 554:platform/HAL/src/stm32g4xx_ll_utils.c ****     }
 555:platform/HAL/src/stm32g4xx_ll_utils.c ****   }
 556:platform/HAL/src/stm32g4xx_ll_utils.c ****   else
 557:platform/HAL/src/stm32g4xx_ll_utils.c ****   {
 558:platform/HAL/src/stm32g4xx_ll_utils.c ****     /* Current PLL configuration cannot be modified */
 559:platform/HAL/src/stm32g4xx_ll_utils.c ****     status = ERROR;
 560:platform/HAL/src/stm32g4xx_ll_utils.c ****   }
 561:platform/HAL/src/stm32g4xx_ll_utils.c **** 
 562:platform/HAL/src/stm32g4xx_ll_utils.c ****   return status;
 563:platform/HAL/src/stm32g4xx_ll_utils.c **** }
 564:platform/HAL/src/stm32g4xx_ll_utils.c **** 
 565:platform/HAL/src/stm32g4xx_ll_utils.c **** /**
 566:platform/HAL/src/stm32g4xx_ll_utils.c ****   * @}
 567:platform/HAL/src/stm32g4xx_ll_utils.c ****   */
 568:platform/HAL/src/stm32g4xx_ll_utils.c **** 
 569:platform/HAL/src/stm32g4xx_ll_utils.c **** /**
 570:platform/HAL/src/stm32g4xx_ll_utils.c ****   * @}
 571:platform/HAL/src/stm32g4xx_ll_utils.c ****   */
 572:platform/HAL/src/stm32g4xx_ll_utils.c **** 
 573:platform/HAL/src/stm32g4xx_ll_utils.c **** /** @addtogroup UTILS_LL_Private_Functions
 574:platform/HAL/src/stm32g4xx_ll_utils.c ****   * @{
 575:platform/HAL/src/stm32g4xx_ll_utils.c ****   */
 576:platform/HAL/src/stm32g4xx_ll_utils.c **** 
 577:platform/HAL/src/stm32g4xx_ll_utils.c **** /**
 578:platform/HAL/src/stm32g4xx_ll_utils.c ****   * @brief  Function to check that PLL can be modified
 579:platform/HAL/src/stm32g4xx_ll_utils.c ****   * @param  PLL_InputFrequency  PLL input frequency (in Hz)
 580:platform/HAL/src/stm32g4xx_ll_utils.c ****   * @param  UTILS_PLLInitStruct pointer to a @ref LL_UTILS_PLLInitTypeDef structure that contains
 581:platform/HAL/src/stm32g4xx_ll_utils.c ****   *                             the configuration information for the PLL.
 582:platform/HAL/src/stm32g4xx_ll_utils.c ****   * @retval PLL output frequency (in Hz)
 583:platform/HAL/src/stm32g4xx_ll_utils.c ****   */
 584:platform/HAL/src/stm32g4xx_ll_utils.c **** static uint32_t UTILS_GetPLLOutputFrequency(uint32_t PLL_InputFrequency, LL_UTILS_PLLInitTypeDef *U
 585:platform/HAL/src/stm32g4xx_ll_utils.c **** {
  29              		.loc 1 585 1 view -0
  30              		.cfi_startproc
  31              		@ args = 0, pretend = 0, frame = 0
  32              		@ frame_needed = 0, uses_anonymous_args = 0
  33              		@ link register save eliminated.
 586:platform/HAL/src/stm32g4xx_ll_utils.c ****   uint32_t pllfreq;
  34              		.loc 1 586 3 view .LVU1
 587:platform/HAL/src/stm32g4xx_ll_utils.c **** 
 588:platform/HAL/src/stm32g4xx_ll_utils.c ****   /* Check the parameters */
 589:platform/HAL/src/stm32g4xx_ll_utils.c ****   assert_param(IS_LL_UTILS_PLLM_VALUE(UTILS_PLLInitStruct->PLLM));
  35              		.loc 1 589 3 view .LVU2
 590:platform/HAL/src/stm32g4xx_ll_utils.c ****   assert_param(IS_LL_UTILS_PLLN_VALUE(UTILS_PLLInitStruct->PLLN));
  36              		.loc 1 590 3 view .LVU3
 591:platform/HAL/src/stm32g4xx_ll_utils.c ****   assert_param(IS_LL_UTILS_PLLR_VALUE(UTILS_PLLInitStruct->PLLR));
  37              		.loc 1 591 3 view .LVU4
ARM GAS  /tmp/ccY3Jimf.s 			page 12


 592:platform/HAL/src/stm32g4xx_ll_utils.c **** 
 593:platform/HAL/src/stm32g4xx_ll_utils.c ****   /* Check different PLL parameters according to RM                          */
 594:platform/HAL/src/stm32g4xx_ll_utils.c ****   /*  - PLLM: ensure that the VCO input frequency ranges from 2.66 to 8 MHz.   */
 595:platform/HAL/src/stm32g4xx_ll_utils.c ****   pllfreq = PLL_InputFrequency / (((UTILS_PLLInitStruct->PLLM >> RCC_PLLCFGR_PLLM_Pos) + 1U));
  38              		.loc 1 595 3 view .LVU5
  39              		.loc 1 595 56 is_stmt 0 view .LVU6
  40 0000 0B68     		ldr	r3, [r1]
  41              		.loc 1 595 63 view .LVU7
  42 0002 1B09     		lsrs	r3, r3, #4
  43              		.loc 1 595 88 view .LVU8
  44 0004 0133     		adds	r3, r3, #1
  45              		.loc 1 595 11 view .LVU9
  46 0006 B0FBF3F0 		udiv	r0, r0, r3
  47              	.LVL1:
 596:platform/HAL/src/stm32g4xx_ll_utils.c ****   assert_param(IS_LL_UTILS_PLLVCO_INPUT(pllfreq));
  48              		.loc 1 596 3 is_stmt 1 view .LVU10
 597:platform/HAL/src/stm32g4xx_ll_utils.c **** 
 598:platform/HAL/src/stm32g4xx_ll_utils.c ****   /*  - PLLN: ensure that the VCO output frequency is between 64 and 344 MHz.*/
 599:platform/HAL/src/stm32g4xx_ll_utils.c ****   pllfreq = pllfreq * (UTILS_PLLInitStruct->PLLN & (RCC_PLLCFGR_PLLN >> RCC_PLLCFGR_PLLN_Pos));
  49              		.loc 1 599 3 view .LVU11
  50              		.loc 1 599 43 is_stmt 0 view .LVU12
  51 000a 4B68     		ldr	r3, [r1, #4]
  52              		.loc 1 599 50 view .LVU13
  53 000c 03F07F03 		and	r3, r3, #127
  54              		.loc 1 599 11 view .LVU14
  55 0010 03FB00F0 		mul	r0, r3, r0
  56              	.LVL2:
 600:platform/HAL/src/stm32g4xx_ll_utils.c ****   assert_param(IS_LL_UTILS_PLLVCO_OUTPUT(pllfreq));
  57              		.loc 1 600 3 is_stmt 1 view .LVU15
 601:platform/HAL/src/stm32g4xx_ll_utils.c **** 
 602:platform/HAL/src/stm32g4xx_ll_utils.c ****   /*  - PLLR: ensure that max frequency at 170000000 Hz is reached                   */
 603:platform/HAL/src/stm32g4xx_ll_utils.c ****   pllfreq = pllfreq / (((UTILS_PLLInitStruct->PLLR >> RCC_PLLCFGR_PLLR_Pos) + 1U) * 2U);
  58              		.loc 1 603 3 view .LVU16
  59              		.loc 1 603 45 is_stmt 0 view .LVU17
  60 0014 8B68     		ldr	r3, [r1, #8]
  61              		.loc 1 603 52 view .LVU18
  62 0016 5B0E     		lsrs	r3, r3, #25
  63              		.loc 1 603 77 view .LVU19
  64 0018 0133     		adds	r3, r3, #1
  65              		.loc 1 603 83 view .LVU20
  66 001a 5B00     		lsls	r3, r3, #1
  67              	.LVL3:
 604:platform/HAL/src/stm32g4xx_ll_utils.c ****   assert_param(IS_LL_UTILS_PLL_FREQUENCY(pllfreq));
  68              		.loc 1 604 3 is_stmt 1 view .LVU21
 605:platform/HAL/src/stm32g4xx_ll_utils.c **** 
 606:platform/HAL/src/stm32g4xx_ll_utils.c ****   return pllfreq;
  69              		.loc 1 606 3 view .LVU22
 607:platform/HAL/src/stm32g4xx_ll_utils.c **** }
  70              		.loc 1 607 1 is_stmt 0 view .LVU23
  71 001c B0FBF3F0 		udiv	r0, r0, r3
  72              	.LVL4:
  73              		.loc 1 607 1 view .LVU24
  74 0020 7047     		bx	lr
  75              		.cfi_endproc
  76              	.LFE639:
  78              		.section	.text.UTILS_PLL_IsBusy,"ax",%progbits
  79              		.align	1
ARM GAS  /tmp/ccY3Jimf.s 			page 13


  80              		.syntax unified
  81              		.thumb
  82              		.thumb_func
  84              	UTILS_PLL_IsBusy:
  85              	.LFB640:
 608:platform/HAL/src/stm32g4xx_ll_utils.c **** 
 609:platform/HAL/src/stm32g4xx_ll_utils.c **** /**
 610:platform/HAL/src/stm32g4xx_ll_utils.c ****   * @brief  Function to check that PLL can be modified
 611:platform/HAL/src/stm32g4xx_ll_utils.c ****   * @retval An ErrorStatus enumeration value:
 612:platform/HAL/src/stm32g4xx_ll_utils.c ****   *          - SUCCESS: PLL modification can be done
 613:platform/HAL/src/stm32g4xx_ll_utils.c ****   *          - ERROR: PLL is busy
 614:platform/HAL/src/stm32g4xx_ll_utils.c ****   */
 615:platform/HAL/src/stm32g4xx_ll_utils.c **** static ErrorStatus UTILS_PLL_IsBusy(void)
 616:platform/HAL/src/stm32g4xx_ll_utils.c **** {
  86              		.loc 1 616 1 is_stmt 1 view -0
  87              		.cfi_startproc
  88              		@ args = 0, pretend = 0, frame = 0
  89              		@ frame_needed = 0, uses_anonymous_args = 0
  90              		@ link register save eliminated.
 617:platform/HAL/src/stm32g4xx_ll_utils.c ****   ErrorStatus status = SUCCESS;
  91              		.loc 1 617 3 view .LVU26
  92              	.LVL5:
 618:platform/HAL/src/stm32g4xx_ll_utils.c **** 
 619:platform/HAL/src/stm32g4xx_ll_utils.c ****   /* Check if PLL is busy*/
 620:platform/HAL/src/stm32g4xx_ll_utils.c ****   if(LL_RCC_PLL_IsReady() != 0U)
  93              		.loc 1 620 3 view .LVU27
  94              	.LBB54:
  95              	.LBI54:
  96              		.file 2 "platform/HAL/inc/stm32g4xx_ll_rcc.h"
   1:platform/HAL/inc/stm32g4xx_ll_rcc.h **** /**
   2:platform/HAL/inc/stm32g4xx_ll_rcc.h ****   ******************************************************************************
   3:platform/HAL/inc/stm32g4xx_ll_rcc.h ****   * @file    stm32g4xx_ll_rcc.h
   4:platform/HAL/inc/stm32g4xx_ll_rcc.h ****   * @author  MCD Application Team
   5:platform/HAL/inc/stm32g4xx_ll_rcc.h ****   * @brief   Header file of RCC LL module.
   6:platform/HAL/inc/stm32g4xx_ll_rcc.h ****   ******************************************************************************
   7:platform/HAL/inc/stm32g4xx_ll_rcc.h ****   * @attention
   8:platform/HAL/inc/stm32g4xx_ll_rcc.h ****   *
   9:platform/HAL/inc/stm32g4xx_ll_rcc.h ****   * Copyright (c) 2019 STMicroelectronics.
  10:platform/HAL/inc/stm32g4xx_ll_rcc.h ****   * All rights reserved.
  11:platform/HAL/inc/stm32g4xx_ll_rcc.h ****   *
  12:platform/HAL/inc/stm32g4xx_ll_rcc.h ****   * This software is licensed under terms that can be found in the LICENSE file in
  13:platform/HAL/inc/stm32g4xx_ll_rcc.h ****   * the root directory of this software component.
  14:platform/HAL/inc/stm32g4xx_ll_rcc.h ****   * If no LICENSE file comes with this software, it is provided AS-IS.
  15:platform/HAL/inc/stm32g4xx_ll_rcc.h ****   ******************************************************************************
  16:platform/HAL/inc/stm32g4xx_ll_rcc.h ****   */
  17:platform/HAL/inc/stm32g4xx_ll_rcc.h **** 
  18:platform/HAL/inc/stm32g4xx_ll_rcc.h **** /* Define to prevent recursive inclusion -------------------------------------*/
  19:platform/HAL/inc/stm32g4xx_ll_rcc.h **** #ifndef STM32G4xx_LL_RCC_H
  20:platform/HAL/inc/stm32g4xx_ll_rcc.h **** #define STM32G4xx_LL_RCC_H
  21:platform/HAL/inc/stm32g4xx_ll_rcc.h **** 
  22:platform/HAL/inc/stm32g4xx_ll_rcc.h **** #ifdef __cplusplus
  23:platform/HAL/inc/stm32g4xx_ll_rcc.h **** extern "C" {
  24:platform/HAL/inc/stm32g4xx_ll_rcc.h **** #endif
  25:platform/HAL/inc/stm32g4xx_ll_rcc.h **** 
  26:platform/HAL/inc/stm32g4xx_ll_rcc.h **** /* Includes ------------------------------------------------------------------*/
  27:platform/HAL/inc/stm32g4xx_ll_rcc.h **** #include "stm32g4xx.h"
  28:platform/HAL/inc/stm32g4xx_ll_rcc.h **** 
ARM GAS  /tmp/ccY3Jimf.s 			page 14


  29:platform/HAL/inc/stm32g4xx_ll_rcc.h **** /** @addtogroup STM32G4xx_LL_Driver
  30:platform/HAL/inc/stm32g4xx_ll_rcc.h ****   * @{
  31:platform/HAL/inc/stm32g4xx_ll_rcc.h ****   */
  32:platform/HAL/inc/stm32g4xx_ll_rcc.h **** 
  33:platform/HAL/inc/stm32g4xx_ll_rcc.h **** /** @defgroup RCC_LL RCC
  34:platform/HAL/inc/stm32g4xx_ll_rcc.h ****   * @{
  35:platform/HAL/inc/stm32g4xx_ll_rcc.h ****   */
  36:platform/HAL/inc/stm32g4xx_ll_rcc.h **** 
  37:platform/HAL/inc/stm32g4xx_ll_rcc.h **** /* Private types -------------------------------------------------------------*/
  38:platform/HAL/inc/stm32g4xx_ll_rcc.h **** /* Private variables ---------------------------------------------------------*/
  39:platform/HAL/inc/stm32g4xx_ll_rcc.h **** /** @defgroup RCC_LL_Private_Variables RCC Private Variables
  40:platform/HAL/inc/stm32g4xx_ll_rcc.h ****   * @{
  41:platform/HAL/inc/stm32g4xx_ll_rcc.h ****   */
  42:platform/HAL/inc/stm32g4xx_ll_rcc.h **** 
  43:platform/HAL/inc/stm32g4xx_ll_rcc.h **** /**
  44:platform/HAL/inc/stm32g4xx_ll_rcc.h ****   * @}
  45:platform/HAL/inc/stm32g4xx_ll_rcc.h ****   */
  46:platform/HAL/inc/stm32g4xx_ll_rcc.h **** 
  47:platform/HAL/inc/stm32g4xx_ll_rcc.h **** /* Private constants ---------------------------------------------------------*/
  48:platform/HAL/inc/stm32g4xx_ll_rcc.h **** /** @defgroup RCC_LL_Private_Constants RCC Private Constants
  49:platform/HAL/inc/stm32g4xx_ll_rcc.h ****   * @{
  50:platform/HAL/inc/stm32g4xx_ll_rcc.h ****   */
  51:platform/HAL/inc/stm32g4xx_ll_rcc.h **** /* Defines used to perform offsets*/
  52:platform/HAL/inc/stm32g4xx_ll_rcc.h **** /* Offset used to access to RCC_CCIPR and RCC_CCIPR2 registers */
  53:platform/HAL/inc/stm32g4xx_ll_rcc.h **** #define RCC_OFFSET_CCIPR        0U
  54:platform/HAL/inc/stm32g4xx_ll_rcc.h **** #define RCC_OFFSET_CCIPR2       0x14U
  55:platform/HAL/inc/stm32g4xx_ll_rcc.h **** 
  56:platform/HAL/inc/stm32g4xx_ll_rcc.h **** /**
  57:platform/HAL/inc/stm32g4xx_ll_rcc.h ****   * @}
  58:platform/HAL/inc/stm32g4xx_ll_rcc.h ****   */
  59:platform/HAL/inc/stm32g4xx_ll_rcc.h **** 
  60:platform/HAL/inc/stm32g4xx_ll_rcc.h **** /* Private macros ------------------------------------------------------------*/
  61:platform/HAL/inc/stm32g4xx_ll_rcc.h **** #if defined(USE_FULL_LL_DRIVER)
  62:platform/HAL/inc/stm32g4xx_ll_rcc.h **** /** @defgroup RCC_LL_Private_Macros RCC Private Macros
  63:platform/HAL/inc/stm32g4xx_ll_rcc.h ****   * @{
  64:platform/HAL/inc/stm32g4xx_ll_rcc.h ****   */
  65:platform/HAL/inc/stm32g4xx_ll_rcc.h **** /**
  66:platform/HAL/inc/stm32g4xx_ll_rcc.h ****   * @}
  67:platform/HAL/inc/stm32g4xx_ll_rcc.h ****   */
  68:platform/HAL/inc/stm32g4xx_ll_rcc.h **** #endif /*USE_FULL_LL_DRIVER*/
  69:platform/HAL/inc/stm32g4xx_ll_rcc.h **** 
  70:platform/HAL/inc/stm32g4xx_ll_rcc.h **** /* Exported types ------------------------------------------------------------*/
  71:platform/HAL/inc/stm32g4xx_ll_rcc.h **** #if defined(USE_FULL_LL_DRIVER)
  72:platform/HAL/inc/stm32g4xx_ll_rcc.h **** /** @defgroup RCC_LL_Exported_Types RCC Exported Types
  73:platform/HAL/inc/stm32g4xx_ll_rcc.h ****   * @{
  74:platform/HAL/inc/stm32g4xx_ll_rcc.h ****   */
  75:platform/HAL/inc/stm32g4xx_ll_rcc.h **** 
  76:platform/HAL/inc/stm32g4xx_ll_rcc.h **** /** @defgroup LL_ES_CLOCK_FREQ Clocks Frequency Structure
  77:platform/HAL/inc/stm32g4xx_ll_rcc.h ****   * @{
  78:platform/HAL/inc/stm32g4xx_ll_rcc.h ****   */
  79:platform/HAL/inc/stm32g4xx_ll_rcc.h **** 
  80:platform/HAL/inc/stm32g4xx_ll_rcc.h **** /**
  81:platform/HAL/inc/stm32g4xx_ll_rcc.h ****   * @brief  RCC Clocks Frequency Structure
  82:platform/HAL/inc/stm32g4xx_ll_rcc.h ****   */
  83:platform/HAL/inc/stm32g4xx_ll_rcc.h **** typedef struct
  84:platform/HAL/inc/stm32g4xx_ll_rcc.h **** {
  85:platform/HAL/inc/stm32g4xx_ll_rcc.h ****   uint32_t SYSCLK_Frequency;        /*!< SYSCLK clock frequency */
ARM GAS  /tmp/ccY3Jimf.s 			page 15


  86:platform/HAL/inc/stm32g4xx_ll_rcc.h ****   uint32_t HCLK_Frequency;          /*!< HCLK clock frequency */
  87:platform/HAL/inc/stm32g4xx_ll_rcc.h ****   uint32_t PCLK1_Frequency;         /*!< PCLK1 clock frequency */
  88:platform/HAL/inc/stm32g4xx_ll_rcc.h ****   uint32_t PCLK2_Frequency;         /*!< PCLK2 clock frequency */
  89:platform/HAL/inc/stm32g4xx_ll_rcc.h **** } LL_RCC_ClocksTypeDef;
  90:platform/HAL/inc/stm32g4xx_ll_rcc.h **** 
  91:platform/HAL/inc/stm32g4xx_ll_rcc.h **** /**
  92:platform/HAL/inc/stm32g4xx_ll_rcc.h ****   * @}
  93:platform/HAL/inc/stm32g4xx_ll_rcc.h ****   */
  94:platform/HAL/inc/stm32g4xx_ll_rcc.h **** 
  95:platform/HAL/inc/stm32g4xx_ll_rcc.h **** /**
  96:platform/HAL/inc/stm32g4xx_ll_rcc.h ****   * @}
  97:platform/HAL/inc/stm32g4xx_ll_rcc.h ****   */
  98:platform/HAL/inc/stm32g4xx_ll_rcc.h **** #endif /* USE_FULL_LL_DRIVER */
  99:platform/HAL/inc/stm32g4xx_ll_rcc.h **** 
 100:platform/HAL/inc/stm32g4xx_ll_rcc.h **** /* Exported constants --------------------------------------------------------*/
 101:platform/HAL/inc/stm32g4xx_ll_rcc.h **** /** @defgroup RCC_LL_Exported_Constants RCC Exported Constants
 102:platform/HAL/inc/stm32g4xx_ll_rcc.h ****   * @{
 103:platform/HAL/inc/stm32g4xx_ll_rcc.h ****   */
 104:platform/HAL/inc/stm32g4xx_ll_rcc.h **** 
 105:platform/HAL/inc/stm32g4xx_ll_rcc.h **** /** @defgroup RCC_LL_EC_OSC_VALUES Oscillator Values adaptation
 106:platform/HAL/inc/stm32g4xx_ll_rcc.h ****   * @brief    Defines used to adapt values of different oscillators
 107:platform/HAL/inc/stm32g4xx_ll_rcc.h ****   * @note     These values could be modified in the user environment according to
 108:platform/HAL/inc/stm32g4xx_ll_rcc.h ****   *           HW set-up.
 109:platform/HAL/inc/stm32g4xx_ll_rcc.h ****   * @{
 110:platform/HAL/inc/stm32g4xx_ll_rcc.h ****   */
 111:platform/HAL/inc/stm32g4xx_ll_rcc.h **** #if !defined  (HSE_VALUE)
 112:platform/HAL/inc/stm32g4xx_ll_rcc.h **** #define HSE_VALUE    8000000U   /*!< Value of the HSE oscillator in Hz */
 113:platform/HAL/inc/stm32g4xx_ll_rcc.h **** #endif /* HSE_VALUE */
 114:platform/HAL/inc/stm32g4xx_ll_rcc.h **** 
 115:platform/HAL/inc/stm32g4xx_ll_rcc.h **** #if !defined  (HSI_VALUE)
 116:platform/HAL/inc/stm32g4xx_ll_rcc.h **** #define HSI_VALUE    16000000U  /*!< Value of the HSI oscillator in Hz */
 117:platform/HAL/inc/stm32g4xx_ll_rcc.h **** #endif /* HSI_VALUE */
 118:platform/HAL/inc/stm32g4xx_ll_rcc.h **** 
 119:platform/HAL/inc/stm32g4xx_ll_rcc.h **** #if !defined  (LSE_VALUE)
 120:platform/HAL/inc/stm32g4xx_ll_rcc.h **** #define LSE_VALUE    32768U     /*!< Value of the LSE oscillator in Hz */
 121:platform/HAL/inc/stm32g4xx_ll_rcc.h **** #endif /* LSE_VALUE */
 122:platform/HAL/inc/stm32g4xx_ll_rcc.h **** 
 123:platform/HAL/inc/stm32g4xx_ll_rcc.h **** #if !defined  (LSI_VALUE)
 124:platform/HAL/inc/stm32g4xx_ll_rcc.h **** #define LSI_VALUE    32000U     /*!< Value of the LSI oscillator in Hz */
 125:platform/HAL/inc/stm32g4xx_ll_rcc.h **** #endif /* LSI_VALUE */
 126:platform/HAL/inc/stm32g4xx_ll_rcc.h **** 
 127:platform/HAL/inc/stm32g4xx_ll_rcc.h **** #if !defined  (HSI48_VALUE)
 128:platform/HAL/inc/stm32g4xx_ll_rcc.h **** #define HSI48_VALUE  48000000U  /*!< Value of the HSI48 oscillator in Hz */
 129:platform/HAL/inc/stm32g4xx_ll_rcc.h **** #endif /* HSI48_VALUE */
 130:platform/HAL/inc/stm32g4xx_ll_rcc.h **** 
 131:platform/HAL/inc/stm32g4xx_ll_rcc.h **** #if !defined  (EXTERNAL_CLOCK_VALUE)
 132:platform/HAL/inc/stm32g4xx_ll_rcc.h **** #define EXTERNAL_CLOCK_VALUE    48000U     /*!< Value of the I2S_CKIN, I2S and SAI1 external clock 
 133:platform/HAL/inc/stm32g4xx_ll_rcc.h **** #endif /* EXTERNAL_CLOCK_VALUE */
 134:platform/HAL/inc/stm32g4xx_ll_rcc.h **** 
 135:platform/HAL/inc/stm32g4xx_ll_rcc.h **** /**
 136:platform/HAL/inc/stm32g4xx_ll_rcc.h ****   * @}
 137:platform/HAL/inc/stm32g4xx_ll_rcc.h ****   */
 138:platform/HAL/inc/stm32g4xx_ll_rcc.h **** 
 139:platform/HAL/inc/stm32g4xx_ll_rcc.h **** /** @defgroup RCC_LL_EC_CLEAR_FLAG Clear Flags Defines
 140:platform/HAL/inc/stm32g4xx_ll_rcc.h ****   * @brief    Flags defines which can be used with LL_RCC_WriteReg function
 141:platform/HAL/inc/stm32g4xx_ll_rcc.h ****   * @{
 142:platform/HAL/inc/stm32g4xx_ll_rcc.h ****   */
ARM GAS  /tmp/ccY3Jimf.s 			page 16


 143:platform/HAL/inc/stm32g4xx_ll_rcc.h **** #define LL_RCC_CICR_LSIRDYC                RCC_CICR_LSIRDYC     /*!< LSI Ready Interrupt Clear */
 144:platform/HAL/inc/stm32g4xx_ll_rcc.h **** #define LL_RCC_CICR_LSERDYC                RCC_CICR_LSERDYC     /*!< LSE Ready Interrupt Clear */
 145:platform/HAL/inc/stm32g4xx_ll_rcc.h **** #define LL_RCC_CICR_HSIRDYC                RCC_CICR_HSIRDYC     /*!< HSI Ready Interrupt Clear */
 146:platform/HAL/inc/stm32g4xx_ll_rcc.h **** #define LL_RCC_CICR_HSERDYC                RCC_CICR_HSERDYC     /*!< HSE Ready Interrupt Clear */
 147:platform/HAL/inc/stm32g4xx_ll_rcc.h **** #define LL_RCC_CICR_PLLRDYC                RCC_CICR_PLLRDYC     /*!< PLL Ready Interrupt Clear */
 148:platform/HAL/inc/stm32g4xx_ll_rcc.h **** #define LL_RCC_CICR_HSI48RDYC              RCC_CICR_HSI48RDYC   /*!< HSI48 Ready Interrupt Clear */
 149:platform/HAL/inc/stm32g4xx_ll_rcc.h **** #define LL_RCC_CICR_LSECSSC                RCC_CICR_LSECSSC     /*!< LSE Clock Security System Inte
 150:platform/HAL/inc/stm32g4xx_ll_rcc.h **** #define LL_RCC_CICR_CSSC                   RCC_CICR_CSSC        /*!< Clock Security System Interrup
 151:platform/HAL/inc/stm32g4xx_ll_rcc.h **** /**
 152:platform/HAL/inc/stm32g4xx_ll_rcc.h ****   * @}
 153:platform/HAL/inc/stm32g4xx_ll_rcc.h ****   */
 154:platform/HAL/inc/stm32g4xx_ll_rcc.h **** 
 155:platform/HAL/inc/stm32g4xx_ll_rcc.h **** /** @defgroup RCC_LL_EC_GET_FLAG Get Flags Defines
 156:platform/HAL/inc/stm32g4xx_ll_rcc.h ****   * @brief    Flags defines which can be used with LL_RCC_ReadReg function
 157:platform/HAL/inc/stm32g4xx_ll_rcc.h ****   * @{
 158:platform/HAL/inc/stm32g4xx_ll_rcc.h ****   */
 159:platform/HAL/inc/stm32g4xx_ll_rcc.h **** #define LL_RCC_CIFR_LSIRDYF                RCC_CIFR_LSIRDYF     /*!< LSI Ready Interrupt flag */
 160:platform/HAL/inc/stm32g4xx_ll_rcc.h **** #define LL_RCC_CIFR_LSERDYF                RCC_CIFR_LSERDYF     /*!< LSE Ready Interrupt flag */
 161:platform/HAL/inc/stm32g4xx_ll_rcc.h **** #define LL_RCC_CIFR_HSIRDYF                RCC_CIFR_HSIRDYF     /*!< HSI Ready Interrupt flag */
 162:platform/HAL/inc/stm32g4xx_ll_rcc.h **** #define LL_RCC_CIFR_HSERDYF                RCC_CIFR_HSERDYF     /*!< HSE Ready Interrupt flag */
 163:platform/HAL/inc/stm32g4xx_ll_rcc.h **** #define LL_RCC_CIFR_PLLRDYF                RCC_CIFR_PLLRDYF     /*!< PLL Ready Interrupt flag */
 164:platform/HAL/inc/stm32g4xx_ll_rcc.h **** #define LL_RCC_CIFR_HSI48RDYF              RCC_CIFR_HSI48RDYF   /*!< HSI48 Ready Interrupt flag */
 165:platform/HAL/inc/stm32g4xx_ll_rcc.h **** #define LL_RCC_CIFR_LSECSSF                RCC_CIFR_LSECSSF     /*!< LSE Clock Security System Inte
 166:platform/HAL/inc/stm32g4xx_ll_rcc.h **** #define LL_RCC_CIFR_CSSF                   RCC_CIFR_CSSF        /*!< Clock Security System Interrup
 167:platform/HAL/inc/stm32g4xx_ll_rcc.h **** #define LL_RCC_CSR_LPWRRSTF                RCC_CSR_LPWRRSTF   /*!< Low-Power reset flag */
 168:platform/HAL/inc/stm32g4xx_ll_rcc.h **** #define LL_RCC_CSR_OBLRSTF                 RCC_CSR_OBLRSTF    /*!< OBL reset flag */
 169:platform/HAL/inc/stm32g4xx_ll_rcc.h **** #define LL_RCC_CSR_PINRSTF                 RCC_CSR_PINRSTF    /*!< PIN reset flag */
 170:platform/HAL/inc/stm32g4xx_ll_rcc.h **** #define LL_RCC_CSR_SFTRSTF                 RCC_CSR_SFTRSTF    /*!< Software Reset flag */
 171:platform/HAL/inc/stm32g4xx_ll_rcc.h **** #define LL_RCC_CSR_IWDGRSTF                RCC_CSR_IWDGRSTF   /*!< Independent Watchdog reset flag 
 172:platform/HAL/inc/stm32g4xx_ll_rcc.h **** #define LL_RCC_CSR_WWDGRSTF                RCC_CSR_WWDGRSTF   /*!< Window watchdog reset flag */
 173:platform/HAL/inc/stm32g4xx_ll_rcc.h **** #define LL_RCC_CSR_BORRSTF                 RCC_CSR_BORRSTF    /*!< BOR reset flag */
 174:platform/HAL/inc/stm32g4xx_ll_rcc.h **** /**
 175:platform/HAL/inc/stm32g4xx_ll_rcc.h ****   * @}
 176:platform/HAL/inc/stm32g4xx_ll_rcc.h ****   */
 177:platform/HAL/inc/stm32g4xx_ll_rcc.h **** 
 178:platform/HAL/inc/stm32g4xx_ll_rcc.h **** /** @defgroup RCC_LL_EC_IT IT Defines
 179:platform/HAL/inc/stm32g4xx_ll_rcc.h ****   * @brief    IT defines which can be used with LL_RCC_ReadReg and  LL_RCC_WriteReg functions
 180:platform/HAL/inc/stm32g4xx_ll_rcc.h ****   * @{
 181:platform/HAL/inc/stm32g4xx_ll_rcc.h ****   */
 182:platform/HAL/inc/stm32g4xx_ll_rcc.h **** #define LL_RCC_CIER_LSIRDYIE               RCC_CIER_LSIRDYIE      /*!< LSI Ready Interrupt Enable *
 183:platform/HAL/inc/stm32g4xx_ll_rcc.h **** #define LL_RCC_CIER_LSERDYIE               RCC_CIER_LSERDYIE      /*!< LSE Ready Interrupt Enable *
 184:platform/HAL/inc/stm32g4xx_ll_rcc.h **** #define LL_RCC_CIER_HSIRDYIE               RCC_CIER_HSIRDYIE      /*!< HSI Ready Interrupt Enable *
 185:platform/HAL/inc/stm32g4xx_ll_rcc.h **** #define LL_RCC_CIER_HSERDYIE               RCC_CIER_HSERDYIE      /*!< HSE Ready Interrupt Enable *
 186:platform/HAL/inc/stm32g4xx_ll_rcc.h **** #define LL_RCC_CIER_PLLRDYIE               RCC_CIER_PLLRDYIE      /*!< PLL Ready Interrupt Enable *
 187:platform/HAL/inc/stm32g4xx_ll_rcc.h **** #define LL_RCC_CIER_HSI48RDYIE             RCC_CIER_HSI48RDYIE    /*!< HSI48 Ready Interrupt Enable
 188:platform/HAL/inc/stm32g4xx_ll_rcc.h **** #define LL_RCC_CIER_LSECSSIE               RCC_CIER_LSECSSIE      /*!< LSE CSS Interrupt Enable */
 189:platform/HAL/inc/stm32g4xx_ll_rcc.h **** /**
 190:platform/HAL/inc/stm32g4xx_ll_rcc.h ****   * @}
 191:platform/HAL/inc/stm32g4xx_ll_rcc.h ****   */
 192:platform/HAL/inc/stm32g4xx_ll_rcc.h **** 
 193:platform/HAL/inc/stm32g4xx_ll_rcc.h **** /** @defgroup RCC_LL_EC_LSEDRIVE  LSE oscillator drive capability
 194:platform/HAL/inc/stm32g4xx_ll_rcc.h ****   * @{
 195:platform/HAL/inc/stm32g4xx_ll_rcc.h ****   */
 196:platform/HAL/inc/stm32g4xx_ll_rcc.h **** #define LL_RCC_LSEDRIVE_LOW                0x00000000U             /*!< Xtal mode lower driving cap
 197:platform/HAL/inc/stm32g4xx_ll_rcc.h **** #define LL_RCC_LSEDRIVE_MEDIUMLOW          RCC_BDCR_LSEDRV_0       /*!< Xtal mode medium low drivin
 198:platform/HAL/inc/stm32g4xx_ll_rcc.h **** #define LL_RCC_LSEDRIVE_MEDIUMHIGH         RCC_BDCR_LSEDRV_1       /*!< Xtal mode medium high drivi
 199:platform/HAL/inc/stm32g4xx_ll_rcc.h **** #define LL_RCC_LSEDRIVE_HIGH               RCC_BDCR_LSEDRV         /*!< Xtal mode higher driving ca
ARM GAS  /tmp/ccY3Jimf.s 			page 17


 200:platform/HAL/inc/stm32g4xx_ll_rcc.h **** /**
 201:platform/HAL/inc/stm32g4xx_ll_rcc.h ****   * @}
 202:platform/HAL/inc/stm32g4xx_ll_rcc.h ****   */
 203:platform/HAL/inc/stm32g4xx_ll_rcc.h **** 
 204:platform/HAL/inc/stm32g4xx_ll_rcc.h **** /** @defgroup RCC_LL_EC_LSCO_CLKSOURCE  LSCO Selection
 205:platform/HAL/inc/stm32g4xx_ll_rcc.h ****   * @{
 206:platform/HAL/inc/stm32g4xx_ll_rcc.h ****   */
 207:platform/HAL/inc/stm32g4xx_ll_rcc.h **** #define LL_RCC_LSCO_CLKSOURCE_LSI          0x00000000U                 /*!< LSI selection for low s
 208:platform/HAL/inc/stm32g4xx_ll_rcc.h **** #define LL_RCC_LSCO_CLKSOURCE_LSE          RCC_BDCR_LSCOSEL            /*!< LSE selection for low s
 209:platform/HAL/inc/stm32g4xx_ll_rcc.h **** /**
 210:platform/HAL/inc/stm32g4xx_ll_rcc.h ****   * @}
 211:platform/HAL/inc/stm32g4xx_ll_rcc.h ****   */
 212:platform/HAL/inc/stm32g4xx_ll_rcc.h **** 
 213:platform/HAL/inc/stm32g4xx_ll_rcc.h **** /** @defgroup RCC_LL_EC_SYS_CLKSOURCE  System clock switch
 214:platform/HAL/inc/stm32g4xx_ll_rcc.h ****   * @{
 215:platform/HAL/inc/stm32g4xx_ll_rcc.h ****   */
 216:platform/HAL/inc/stm32g4xx_ll_rcc.h **** #define LL_RCC_SYS_CLKSOURCE_HSI           RCC_CFGR_SW_HSI    /*!< HSI selection as system clock */
 217:platform/HAL/inc/stm32g4xx_ll_rcc.h **** #define LL_RCC_SYS_CLKSOURCE_HSE           RCC_CFGR_SW_HSE    /*!< HSE selection as system clock */
 218:platform/HAL/inc/stm32g4xx_ll_rcc.h **** #define LL_RCC_SYS_CLKSOURCE_PLL           RCC_CFGR_SW_PLL    /*!< PLL selection as system clock */
 219:platform/HAL/inc/stm32g4xx_ll_rcc.h **** /**
 220:platform/HAL/inc/stm32g4xx_ll_rcc.h ****   * @}
 221:platform/HAL/inc/stm32g4xx_ll_rcc.h ****   */
 222:platform/HAL/inc/stm32g4xx_ll_rcc.h **** 
 223:platform/HAL/inc/stm32g4xx_ll_rcc.h **** /** @defgroup RCC_LL_EC_SYS_CLKSOURCE_STATUS  System clock switch status
 224:platform/HAL/inc/stm32g4xx_ll_rcc.h ****   * @{
 225:platform/HAL/inc/stm32g4xx_ll_rcc.h ****   */
 226:platform/HAL/inc/stm32g4xx_ll_rcc.h **** #define LL_RCC_SYS_CLKSOURCE_STATUS_HSI    RCC_CFGR_SWS_HSI   /*!< HSI used as system clock */
 227:platform/HAL/inc/stm32g4xx_ll_rcc.h **** #define LL_RCC_SYS_CLKSOURCE_STATUS_HSE    RCC_CFGR_SWS_HSE   /*!< HSE used as system clock */
 228:platform/HAL/inc/stm32g4xx_ll_rcc.h **** #define LL_RCC_SYS_CLKSOURCE_STATUS_PLL    RCC_CFGR_SWS_PLL   /*!< PLL used as system clock */
 229:platform/HAL/inc/stm32g4xx_ll_rcc.h **** /**
 230:platform/HAL/inc/stm32g4xx_ll_rcc.h ****   * @}
 231:platform/HAL/inc/stm32g4xx_ll_rcc.h ****   */
 232:platform/HAL/inc/stm32g4xx_ll_rcc.h **** 
 233:platform/HAL/inc/stm32g4xx_ll_rcc.h **** /** @defgroup RCC_LL_EC_SYSCLK_DIV  AHB prescaler
 234:platform/HAL/inc/stm32g4xx_ll_rcc.h ****   * @{
 235:platform/HAL/inc/stm32g4xx_ll_rcc.h ****   */
 236:platform/HAL/inc/stm32g4xx_ll_rcc.h **** #define LL_RCC_SYSCLK_DIV_1                RCC_CFGR_HPRE_DIV1   /*!< SYSCLK not divided */
 237:platform/HAL/inc/stm32g4xx_ll_rcc.h **** #define LL_RCC_SYSCLK_DIV_2                RCC_CFGR_HPRE_DIV2   /*!< SYSCLK divided by 2 */
 238:platform/HAL/inc/stm32g4xx_ll_rcc.h **** #define LL_RCC_SYSCLK_DIV_4                RCC_CFGR_HPRE_DIV4   /*!< SYSCLK divided by 4 */
 239:platform/HAL/inc/stm32g4xx_ll_rcc.h **** #define LL_RCC_SYSCLK_DIV_8                RCC_CFGR_HPRE_DIV8   /*!< SYSCLK divided by 8 */
 240:platform/HAL/inc/stm32g4xx_ll_rcc.h **** #define LL_RCC_SYSCLK_DIV_16               RCC_CFGR_HPRE_DIV16  /*!< SYSCLK divided by 16 */
 241:platform/HAL/inc/stm32g4xx_ll_rcc.h **** #define LL_RCC_SYSCLK_DIV_64               RCC_CFGR_HPRE_DIV64  /*!< SYSCLK divided by 64 */
 242:platform/HAL/inc/stm32g4xx_ll_rcc.h **** #define LL_RCC_SYSCLK_DIV_128              RCC_CFGR_HPRE_DIV128 /*!< SYSCLK divided by 128 */
 243:platform/HAL/inc/stm32g4xx_ll_rcc.h **** #define LL_RCC_SYSCLK_DIV_256              RCC_CFGR_HPRE_DIV256 /*!< SYSCLK divided by 256 */
 244:platform/HAL/inc/stm32g4xx_ll_rcc.h **** #define LL_RCC_SYSCLK_DIV_512              RCC_CFGR_HPRE_DIV512 /*!< SYSCLK divided by 512 */
 245:platform/HAL/inc/stm32g4xx_ll_rcc.h **** /**
 246:platform/HAL/inc/stm32g4xx_ll_rcc.h ****   * @}
 247:platform/HAL/inc/stm32g4xx_ll_rcc.h ****   */
 248:platform/HAL/inc/stm32g4xx_ll_rcc.h **** 
 249:platform/HAL/inc/stm32g4xx_ll_rcc.h **** /** @defgroup RCC_LL_EC_APB1_DIV  APB low-speed prescaler (APB1)
 250:platform/HAL/inc/stm32g4xx_ll_rcc.h ****   * @{
 251:platform/HAL/inc/stm32g4xx_ll_rcc.h ****   */
 252:platform/HAL/inc/stm32g4xx_ll_rcc.h **** #define LL_RCC_APB1_DIV_1                  RCC_CFGR_PPRE1_DIV1  /*!< HCLK not divided */
 253:platform/HAL/inc/stm32g4xx_ll_rcc.h **** #define LL_RCC_APB1_DIV_2                  RCC_CFGR_PPRE1_DIV2  /*!< HCLK divided by 2 */
 254:platform/HAL/inc/stm32g4xx_ll_rcc.h **** #define LL_RCC_APB1_DIV_4                  RCC_CFGR_PPRE1_DIV4  /*!< HCLK divided by 4 */
 255:platform/HAL/inc/stm32g4xx_ll_rcc.h **** #define LL_RCC_APB1_DIV_8                  RCC_CFGR_PPRE1_DIV8  /*!< HCLK divided by 8 */
 256:platform/HAL/inc/stm32g4xx_ll_rcc.h **** #define LL_RCC_APB1_DIV_16                 RCC_CFGR_PPRE1_DIV16 /*!< HCLK divided by 16 */
ARM GAS  /tmp/ccY3Jimf.s 			page 18


 257:platform/HAL/inc/stm32g4xx_ll_rcc.h **** /**
 258:platform/HAL/inc/stm32g4xx_ll_rcc.h ****   * @}
 259:platform/HAL/inc/stm32g4xx_ll_rcc.h ****   */
 260:platform/HAL/inc/stm32g4xx_ll_rcc.h **** 
 261:platform/HAL/inc/stm32g4xx_ll_rcc.h **** /** @defgroup RCC_LL_EC_APB2_DIV  APB high-speed prescaler (APB2)
 262:platform/HAL/inc/stm32g4xx_ll_rcc.h ****   * @{
 263:platform/HAL/inc/stm32g4xx_ll_rcc.h ****   */
 264:platform/HAL/inc/stm32g4xx_ll_rcc.h **** #define LL_RCC_APB2_DIV_1                  RCC_CFGR_PPRE2_DIV1  /*!< HCLK not divided */
 265:platform/HAL/inc/stm32g4xx_ll_rcc.h **** #define LL_RCC_APB2_DIV_2                  RCC_CFGR_PPRE2_DIV2  /*!< HCLK divided by 2 */
 266:platform/HAL/inc/stm32g4xx_ll_rcc.h **** #define LL_RCC_APB2_DIV_4                  RCC_CFGR_PPRE2_DIV4  /*!< HCLK divided by 4 */
 267:platform/HAL/inc/stm32g4xx_ll_rcc.h **** #define LL_RCC_APB2_DIV_8                  RCC_CFGR_PPRE2_DIV8  /*!< HCLK divided by 8 */
 268:platform/HAL/inc/stm32g4xx_ll_rcc.h **** #define LL_RCC_APB2_DIV_16                 RCC_CFGR_PPRE2_DIV16 /*!< HCLK divided by 16 */
 269:platform/HAL/inc/stm32g4xx_ll_rcc.h **** /**
 270:platform/HAL/inc/stm32g4xx_ll_rcc.h ****   * @}
 271:platform/HAL/inc/stm32g4xx_ll_rcc.h ****   */
 272:platform/HAL/inc/stm32g4xx_ll_rcc.h **** 
 273:platform/HAL/inc/stm32g4xx_ll_rcc.h **** /** @defgroup RCC_LL_EC_MCO1SOURCE  MCO1 SOURCE selection
 274:platform/HAL/inc/stm32g4xx_ll_rcc.h ****   * @{
 275:platform/HAL/inc/stm32g4xx_ll_rcc.h ****   */
 276:platform/HAL/inc/stm32g4xx_ll_rcc.h **** #define LL_RCC_MCO1SOURCE_NOCLOCK          0x00000000U                            /*!< MCO output d
 277:platform/HAL/inc/stm32g4xx_ll_rcc.h **** #define LL_RCC_MCO1SOURCE_SYSCLK           RCC_CFGR_MCOSEL_0                      /*!< SYSCLK selec
 278:platform/HAL/inc/stm32g4xx_ll_rcc.h **** #define LL_RCC_MCO1SOURCE_HSI              (RCC_CFGR_MCOSEL_0| RCC_CFGR_MCOSEL_1) /*!< HSI16 select
 279:platform/HAL/inc/stm32g4xx_ll_rcc.h **** #define LL_RCC_MCO1SOURCE_HSE              RCC_CFGR_MCOSEL_2                      /*!< HSE selectio
 280:platform/HAL/inc/stm32g4xx_ll_rcc.h **** #define LL_RCC_MCO1SOURCE_PLLCLK           (RCC_CFGR_MCOSEL_0|RCC_CFGR_MCOSEL_2)  /*!< Main PLL sel
 281:platform/HAL/inc/stm32g4xx_ll_rcc.h **** #define LL_RCC_MCO1SOURCE_LSI              (RCC_CFGR_MCOSEL_1|RCC_CFGR_MCOSEL_2)  /*!< LSI selectio
 282:platform/HAL/inc/stm32g4xx_ll_rcc.h **** #define LL_RCC_MCO1SOURCE_LSE              (RCC_CFGR_MCOSEL_0|RCC_CFGR_MCOSEL_1|RCC_CFGR_MCOSEL_2) 
 283:platform/HAL/inc/stm32g4xx_ll_rcc.h **** #define LL_RCC_MCO1SOURCE_HSI48            RCC_CFGR_MCOSEL_3                      /*!< HSI48 select
 284:platform/HAL/inc/stm32g4xx_ll_rcc.h **** /**
 285:platform/HAL/inc/stm32g4xx_ll_rcc.h ****   * @}
 286:platform/HAL/inc/stm32g4xx_ll_rcc.h ****   */
 287:platform/HAL/inc/stm32g4xx_ll_rcc.h **** 
 288:platform/HAL/inc/stm32g4xx_ll_rcc.h **** /** @defgroup RCC_LL_EC_MCO1_DIV  MCO1 prescaler
 289:platform/HAL/inc/stm32g4xx_ll_rcc.h ****   * @{
 290:platform/HAL/inc/stm32g4xx_ll_rcc.h ****   */
 291:platform/HAL/inc/stm32g4xx_ll_rcc.h **** #define LL_RCC_MCO1_DIV_1                  RCC_CFGR_MCOPRE_DIV1       /*!< MCO not divided */
 292:platform/HAL/inc/stm32g4xx_ll_rcc.h **** #define LL_RCC_MCO1_DIV_2                  RCC_CFGR_MCOPRE_DIV2       /*!< MCO divided by 2 */
 293:platform/HAL/inc/stm32g4xx_ll_rcc.h **** #define LL_RCC_MCO1_DIV_4                  RCC_CFGR_MCOPRE_DIV4       /*!< MCO divided by 4 */
 294:platform/HAL/inc/stm32g4xx_ll_rcc.h **** #define LL_RCC_MCO1_DIV_8                  RCC_CFGR_MCOPRE_DIV8       /*!< MCO divided by 8 */
 295:platform/HAL/inc/stm32g4xx_ll_rcc.h **** #define LL_RCC_MCO1_DIV_16                 RCC_CFGR_MCOPRE_DIV16      /*!< MCO divided by 16 */
 296:platform/HAL/inc/stm32g4xx_ll_rcc.h **** /**
 297:platform/HAL/inc/stm32g4xx_ll_rcc.h ****   * @}
 298:platform/HAL/inc/stm32g4xx_ll_rcc.h ****   */
 299:platform/HAL/inc/stm32g4xx_ll_rcc.h **** 
 300:platform/HAL/inc/stm32g4xx_ll_rcc.h **** #if defined(USE_FULL_LL_DRIVER)
 301:platform/HAL/inc/stm32g4xx_ll_rcc.h **** /** @defgroup RCC_LL_EC_PERIPH_FREQUENCY Peripheral clock frequency
 302:platform/HAL/inc/stm32g4xx_ll_rcc.h ****   * @{
 303:platform/HAL/inc/stm32g4xx_ll_rcc.h ****   */
 304:platform/HAL/inc/stm32g4xx_ll_rcc.h **** #define LL_RCC_PERIPH_FREQUENCY_NO         0x00000000U                 /*!< No clock enabled for th
 305:platform/HAL/inc/stm32g4xx_ll_rcc.h **** #define LL_RCC_PERIPH_FREQUENCY_NA         0xFFFFFFFFU                 /*!< Frequency cannot be pro
 306:platform/HAL/inc/stm32g4xx_ll_rcc.h **** /**
 307:platform/HAL/inc/stm32g4xx_ll_rcc.h ****   * @}
 308:platform/HAL/inc/stm32g4xx_ll_rcc.h ****   */
 309:platform/HAL/inc/stm32g4xx_ll_rcc.h **** #endif /* USE_FULL_LL_DRIVER */
 310:platform/HAL/inc/stm32g4xx_ll_rcc.h **** 
 311:platform/HAL/inc/stm32g4xx_ll_rcc.h **** /** @defgroup RCC_LL_EC_USARTx_CLKSOURCE  Peripheral USART clock source selection
 312:platform/HAL/inc/stm32g4xx_ll_rcc.h ****   * @{
 313:platform/HAL/inc/stm32g4xx_ll_rcc.h ****   */
ARM GAS  /tmp/ccY3Jimf.s 			page 19


 314:platform/HAL/inc/stm32g4xx_ll_rcc.h **** #define LL_RCC_USART1_CLKSOURCE_PCLK2      (RCC_CCIPR_USART1SEL << 16U)                           /
 315:platform/HAL/inc/stm32g4xx_ll_rcc.h **** #define LL_RCC_USART1_CLKSOURCE_SYSCLK     ((RCC_CCIPR_USART1SEL << 16U) | RCC_CCIPR_USART1SEL_0) /
 316:platform/HAL/inc/stm32g4xx_ll_rcc.h **** #define LL_RCC_USART1_CLKSOURCE_HSI        ((RCC_CCIPR_USART1SEL << 16U) | RCC_CCIPR_USART1SEL_1) /
 317:platform/HAL/inc/stm32g4xx_ll_rcc.h **** #define LL_RCC_USART1_CLKSOURCE_LSE        ((RCC_CCIPR_USART1SEL << 16U) | RCC_CCIPR_USART1SEL)   /
 318:platform/HAL/inc/stm32g4xx_ll_rcc.h **** #define LL_RCC_USART2_CLKSOURCE_PCLK1      (RCC_CCIPR_USART2SEL << 16U)                           /
 319:platform/HAL/inc/stm32g4xx_ll_rcc.h **** #define LL_RCC_USART2_CLKSOURCE_SYSCLK     ((RCC_CCIPR_USART2SEL << 16U) | RCC_CCIPR_USART2SEL_0) /
 320:platform/HAL/inc/stm32g4xx_ll_rcc.h **** #define LL_RCC_USART2_CLKSOURCE_HSI        ((RCC_CCIPR_USART2SEL << 16U) | RCC_CCIPR_USART2SEL_1) /
 321:platform/HAL/inc/stm32g4xx_ll_rcc.h **** #define LL_RCC_USART2_CLKSOURCE_LSE        ((RCC_CCIPR_USART2SEL << 16U) | RCC_CCIPR_USART2SEL)   /
 322:platform/HAL/inc/stm32g4xx_ll_rcc.h **** #if defined(RCC_CCIPR_USART3SEL)
 323:platform/HAL/inc/stm32g4xx_ll_rcc.h **** #define LL_RCC_USART3_CLKSOURCE_PCLK1      (RCC_CCIPR_USART3SEL << 16U)                           /
 324:platform/HAL/inc/stm32g4xx_ll_rcc.h **** #define LL_RCC_USART3_CLKSOURCE_SYSCLK     ((RCC_CCIPR_USART3SEL << 16U) | RCC_CCIPR_USART3SEL_0) /
 325:platform/HAL/inc/stm32g4xx_ll_rcc.h **** #define LL_RCC_USART3_CLKSOURCE_HSI        ((RCC_CCIPR_USART3SEL << 16U) | RCC_CCIPR_USART3SEL_1) /
 326:platform/HAL/inc/stm32g4xx_ll_rcc.h **** #define LL_RCC_USART3_CLKSOURCE_LSE        ((RCC_CCIPR_USART3SEL << 16U) | RCC_CCIPR_USART3SEL)   /
 327:platform/HAL/inc/stm32g4xx_ll_rcc.h **** #endif /* RCC_CCIPR_USART3SEL */
 328:platform/HAL/inc/stm32g4xx_ll_rcc.h **** /**
 329:platform/HAL/inc/stm32g4xx_ll_rcc.h ****   * @}
 330:platform/HAL/inc/stm32g4xx_ll_rcc.h ****   */
 331:platform/HAL/inc/stm32g4xx_ll_rcc.h **** 
 332:platform/HAL/inc/stm32g4xx_ll_rcc.h **** /** @defgroup RCC_LL_EC_UARTx_CLKSOURCE  Peripheral UART clock source selection
 333:platform/HAL/inc/stm32g4xx_ll_rcc.h ****   * @{
 334:platform/HAL/inc/stm32g4xx_ll_rcc.h ****   */
 335:platform/HAL/inc/stm32g4xx_ll_rcc.h **** #if defined(RCC_CCIPR_UART4SEL)
 336:platform/HAL/inc/stm32g4xx_ll_rcc.h **** #define LL_RCC_UART4_CLKSOURCE_PCLK1       (RCC_CCIPR_UART4SEL << 16U)                           /*
 337:platform/HAL/inc/stm32g4xx_ll_rcc.h **** #define LL_RCC_UART4_CLKSOURCE_SYSCLK      ((RCC_CCIPR_UART4SEL << 16U) | RCC_CCIPR_UART4SEL_0)  /*
 338:platform/HAL/inc/stm32g4xx_ll_rcc.h **** #define LL_RCC_UART4_CLKSOURCE_HSI         ((RCC_CCIPR_UART4SEL << 16U) | RCC_CCIPR_UART4SEL_1)  /*
 339:platform/HAL/inc/stm32g4xx_ll_rcc.h **** #define LL_RCC_UART4_CLKSOURCE_LSE         ((RCC_CCIPR_UART4SEL << 16U) | RCC_CCIPR_UART4SEL)    /*
 340:platform/HAL/inc/stm32g4xx_ll_rcc.h **** #endif /* RCC_CCIPR_UART4SEL */
 341:platform/HAL/inc/stm32g4xx_ll_rcc.h **** #if defined(RCC_CCIPR_UART5SEL)
 342:platform/HAL/inc/stm32g4xx_ll_rcc.h **** #define LL_RCC_UART5_CLKSOURCE_PCLK1       (RCC_CCIPR_UART5SEL << 16U)                           /*
 343:platform/HAL/inc/stm32g4xx_ll_rcc.h **** #define LL_RCC_UART5_CLKSOURCE_SYSCLK      ((RCC_CCIPR_UART5SEL << 16U) | RCC_CCIPR_UART5SEL_0)  /*
 344:platform/HAL/inc/stm32g4xx_ll_rcc.h **** #define LL_RCC_UART5_CLKSOURCE_HSI         ((RCC_CCIPR_UART5SEL << 16U) | RCC_CCIPR_UART5SEL_1)  /*
 345:platform/HAL/inc/stm32g4xx_ll_rcc.h **** #define LL_RCC_UART5_CLKSOURCE_LSE         ((RCC_CCIPR_UART5SEL << 16U) | RCC_CCIPR_UART5SEL)    /*
 346:platform/HAL/inc/stm32g4xx_ll_rcc.h **** #endif /* RCC_CCIPR_UART5SEL */
 347:platform/HAL/inc/stm32g4xx_ll_rcc.h **** /**
 348:platform/HAL/inc/stm32g4xx_ll_rcc.h ****   * @}
 349:platform/HAL/inc/stm32g4xx_ll_rcc.h ****   */
 350:platform/HAL/inc/stm32g4xx_ll_rcc.h **** 
 351:platform/HAL/inc/stm32g4xx_ll_rcc.h **** /** @defgroup RCC_LL_EC_LPUART1_CLKSOURCE  Peripheral LPUART clock source selection
 352:platform/HAL/inc/stm32g4xx_ll_rcc.h ****   * @{
 353:platform/HAL/inc/stm32g4xx_ll_rcc.h ****   */
 354:platform/HAL/inc/stm32g4xx_ll_rcc.h **** #define LL_RCC_LPUART1_CLKSOURCE_PCLK1     0x00000000U                     /*!< PCLK1 clock used as
 355:platform/HAL/inc/stm32g4xx_ll_rcc.h **** #define LL_RCC_LPUART1_CLKSOURCE_SYSCLK    RCC_CCIPR_LPUART1SEL_0          /*!< SYSCLK clock used a
 356:platform/HAL/inc/stm32g4xx_ll_rcc.h **** #define LL_RCC_LPUART1_CLKSOURCE_HSI       RCC_CCIPR_LPUART1SEL_1          /*!< HSI clock used as L
 357:platform/HAL/inc/stm32g4xx_ll_rcc.h **** #define LL_RCC_LPUART1_CLKSOURCE_LSE       RCC_CCIPR_LPUART1SEL            /*!< LSE clock used as L
 358:platform/HAL/inc/stm32g4xx_ll_rcc.h **** /**
 359:platform/HAL/inc/stm32g4xx_ll_rcc.h ****   * @}
 360:platform/HAL/inc/stm32g4xx_ll_rcc.h ****   */
 361:platform/HAL/inc/stm32g4xx_ll_rcc.h **** 
 362:platform/HAL/inc/stm32g4xx_ll_rcc.h **** /** @defgroup RCC_LL_EC_I2Cx_CLKSOURCE  Peripheral I2C clock source selection
 363:platform/HAL/inc/stm32g4xx_ll_rcc.h ****   * @{
 364:platform/HAL/inc/stm32g4xx_ll_rcc.h ****   */
 365:platform/HAL/inc/stm32g4xx_ll_rcc.h **** #define LL_RCC_I2C1_CLKSOURCE_PCLK1        (((uint32_t)RCC_OFFSET_CCIPR << 24U) | ((uint32_t)RCC_CC
 366:platform/HAL/inc/stm32g4xx_ll_rcc.h **** #define LL_RCC_I2C1_CLKSOURCE_SYSCLK       (((uint32_t)RCC_OFFSET_CCIPR << 24U) | ((uint32_t)RCC_CC
 367:platform/HAL/inc/stm32g4xx_ll_rcc.h **** #define LL_RCC_I2C1_CLKSOURCE_HSI          (((uint32_t)RCC_OFFSET_CCIPR << 24U) | ((uint32_t)RCC_CC
 368:platform/HAL/inc/stm32g4xx_ll_rcc.h **** #define LL_RCC_I2C2_CLKSOURCE_PCLK1        (((uint32_t)RCC_OFFSET_CCIPR << 24U) | ((uint32_t)RCC_CC
 369:platform/HAL/inc/stm32g4xx_ll_rcc.h **** #define LL_RCC_I2C2_CLKSOURCE_SYSCLK       (((uint32_t)RCC_OFFSET_CCIPR << 24U) | ((uint32_t)RCC_CC
 370:platform/HAL/inc/stm32g4xx_ll_rcc.h **** #define LL_RCC_I2C2_CLKSOURCE_HSI          (((uint32_t)RCC_OFFSET_CCIPR << 24U) | ((uint32_t)RCC_CC
ARM GAS  /tmp/ccY3Jimf.s 			page 20


 371:platform/HAL/inc/stm32g4xx_ll_rcc.h **** #define LL_RCC_I2C3_CLKSOURCE_PCLK1        (((uint32_t)RCC_OFFSET_CCIPR << 24U) | ((uint32_t)RCC_CC
 372:platform/HAL/inc/stm32g4xx_ll_rcc.h **** #define LL_RCC_I2C3_CLKSOURCE_SYSCLK       (((uint32_t)RCC_OFFSET_CCIPR << 24U) | ((uint32_t)RCC_CC
 373:platform/HAL/inc/stm32g4xx_ll_rcc.h **** #define LL_RCC_I2C3_CLKSOURCE_HSI          (((uint32_t)RCC_OFFSET_CCIPR << 24U) | ((uint32_t)RCC_CC
 374:platform/HAL/inc/stm32g4xx_ll_rcc.h **** #if defined(RCC_CCIPR2_I2C4SEL)
 375:platform/HAL/inc/stm32g4xx_ll_rcc.h **** #define LL_RCC_I2C4_CLKSOURCE_PCLK1        (((uint32_t)RCC_OFFSET_CCIPR2 << 24U) | ((uint32_t)RCC_C
 376:platform/HAL/inc/stm32g4xx_ll_rcc.h **** #define LL_RCC_I2C4_CLKSOURCE_SYSCLK       (((uint32_t)RCC_OFFSET_CCIPR2 << 24U) | ((uint32_t)RCC_C
 377:platform/HAL/inc/stm32g4xx_ll_rcc.h **** #define LL_RCC_I2C4_CLKSOURCE_HSI          (((uint32_t)RCC_OFFSET_CCIPR2 << 24U) | ((uint32_t)RCC_C
 378:platform/HAL/inc/stm32g4xx_ll_rcc.h **** #endif /* RCC_CCIPR2_I2C4SEL */
 379:platform/HAL/inc/stm32g4xx_ll_rcc.h **** /**
 380:platform/HAL/inc/stm32g4xx_ll_rcc.h ****   * @}
 381:platform/HAL/inc/stm32g4xx_ll_rcc.h ****   */
 382:platform/HAL/inc/stm32g4xx_ll_rcc.h **** 
 383:platform/HAL/inc/stm32g4xx_ll_rcc.h **** /** @defgroup RCC_LL_EC_LPTIM1_CLKSOURCE  Peripheral LPTIM clock source selection
 384:platform/HAL/inc/stm32g4xx_ll_rcc.h ****   * @{
 385:platform/HAL/inc/stm32g4xx_ll_rcc.h ****   */
 386:platform/HAL/inc/stm32g4xx_ll_rcc.h **** #define LL_RCC_LPTIM1_CLKSOURCE_PCLK1      0x00000000U                                            /
 387:platform/HAL/inc/stm32g4xx_ll_rcc.h **** #define LL_RCC_LPTIM1_CLKSOURCE_LSI        RCC_CCIPR_LPTIM1SEL_0                                  /
 388:platform/HAL/inc/stm32g4xx_ll_rcc.h **** #define LL_RCC_LPTIM1_CLKSOURCE_HSI        RCC_CCIPR_LPTIM1SEL_1                                  /
 389:platform/HAL/inc/stm32g4xx_ll_rcc.h **** #define LL_RCC_LPTIM1_CLKSOURCE_LSE        RCC_CCIPR_LPTIM1SEL                                    /
 390:platform/HAL/inc/stm32g4xx_ll_rcc.h **** /**
 391:platform/HAL/inc/stm32g4xx_ll_rcc.h ****   * @}
 392:platform/HAL/inc/stm32g4xx_ll_rcc.h ****   */
 393:platform/HAL/inc/stm32g4xx_ll_rcc.h **** 
 394:platform/HAL/inc/stm32g4xx_ll_rcc.h **** /** @defgroup RCC_LL_EC_SAI1_CLKSOURCE  Peripheral SAI clock source selection
 395:platform/HAL/inc/stm32g4xx_ll_rcc.h ****   * @{
 396:platform/HAL/inc/stm32g4xx_ll_rcc.h ****   */
 397:platform/HAL/inc/stm32g4xx_ll_rcc.h **** #define LL_RCC_SAI1_CLKSOURCE_SYSCLK       0x00000000U                                           /*
 398:platform/HAL/inc/stm32g4xx_ll_rcc.h **** #define LL_RCC_SAI1_CLKSOURCE_PLL          RCC_CCIPR_SAI1SEL_0                                   /*
 399:platform/HAL/inc/stm32g4xx_ll_rcc.h **** #define LL_RCC_SAI1_CLKSOURCE_PIN          RCC_CCIPR_SAI1SEL_1                                   /*
 400:platform/HAL/inc/stm32g4xx_ll_rcc.h **** #define LL_RCC_SAI1_CLKSOURCE_HSI          (RCC_CCIPR_SAI1SEL_0 | RCC_CCIPR_SAI1SEL_1)           /*
 401:platform/HAL/inc/stm32g4xx_ll_rcc.h **** /**
 402:platform/HAL/inc/stm32g4xx_ll_rcc.h ****   * @}
 403:platform/HAL/inc/stm32g4xx_ll_rcc.h ****   */
 404:platform/HAL/inc/stm32g4xx_ll_rcc.h **** 
 405:platform/HAL/inc/stm32g4xx_ll_rcc.h **** /** @defgroup RCC_LL_EC_I2S_CLKSOURCE  Peripheral I2S clock source selection
 406:platform/HAL/inc/stm32g4xx_ll_rcc.h ****   * @{
 407:platform/HAL/inc/stm32g4xx_ll_rcc.h ****   */
 408:platform/HAL/inc/stm32g4xx_ll_rcc.h **** #define LL_RCC_I2S_CLKSOURCE_SYSCLK       0x00000000U                                          /*!<
 409:platform/HAL/inc/stm32g4xx_ll_rcc.h **** #define LL_RCC_I2S_CLKSOURCE_PLL          RCC_CCIPR_I2S23SEL_0                                 /*!<
 410:platform/HAL/inc/stm32g4xx_ll_rcc.h **** #define LL_RCC_I2S_CLKSOURCE_PIN          RCC_CCIPR_I2S23SEL_1                                 /*!<
 411:platform/HAL/inc/stm32g4xx_ll_rcc.h **** #define LL_RCC_I2S_CLKSOURCE_HSI          (RCC_CCIPR_I2S23SEL_0 | RCC_CCIPR_I2S23SEL_1)        /*!<
 412:platform/HAL/inc/stm32g4xx_ll_rcc.h **** /**
 413:platform/HAL/inc/stm32g4xx_ll_rcc.h ****   * @}
 414:platform/HAL/inc/stm32g4xx_ll_rcc.h ****   */
 415:platform/HAL/inc/stm32g4xx_ll_rcc.h **** 
 416:platform/HAL/inc/stm32g4xx_ll_rcc.h **** #if defined(FDCAN1)
 417:platform/HAL/inc/stm32g4xx_ll_rcc.h **** /** @defgroup RCC_LL_EC_FDCAN_CLKSOURCE  Peripheral FDCAN clock source selection
 418:platform/HAL/inc/stm32g4xx_ll_rcc.h ****   * @{
 419:platform/HAL/inc/stm32g4xx_ll_rcc.h ****   */
 420:platform/HAL/inc/stm32g4xx_ll_rcc.h **** #define LL_RCC_FDCAN_CLKSOURCE_HSE        0x00000000U             /*!< HSE clock used as FDCAN cloc
 421:platform/HAL/inc/stm32g4xx_ll_rcc.h **** #define LL_RCC_FDCAN_CLKSOURCE_PLL        RCC_CCIPR_FDCANSEL_0    /*!< PLL clock used as FDCAN cloc
 422:platform/HAL/inc/stm32g4xx_ll_rcc.h **** #define LL_RCC_FDCAN_CLKSOURCE_PCLK1      RCC_CCIPR_FDCANSEL_1    /*!< PCLK1 clock used as FDCAN cl
 423:platform/HAL/inc/stm32g4xx_ll_rcc.h **** /**
 424:platform/HAL/inc/stm32g4xx_ll_rcc.h ****   * @}
 425:platform/HAL/inc/stm32g4xx_ll_rcc.h ****   */
 426:platform/HAL/inc/stm32g4xx_ll_rcc.h **** #endif /* FDCAN1 */
 427:platform/HAL/inc/stm32g4xx_ll_rcc.h **** 
ARM GAS  /tmp/ccY3Jimf.s 			page 21


 428:platform/HAL/inc/stm32g4xx_ll_rcc.h **** /** @defgroup RCC_LL_EC_RNG_CLKSOURCE  Peripheral RNG clock source selection
 429:platform/HAL/inc/stm32g4xx_ll_rcc.h ****   * @{
 430:platform/HAL/inc/stm32g4xx_ll_rcc.h ****   */
 431:platform/HAL/inc/stm32g4xx_ll_rcc.h **** #define LL_RCC_RNG_CLKSOURCE_HSI48        0x00000000U             /*!< HSI48 clock used as RNG cloc
 432:platform/HAL/inc/stm32g4xx_ll_rcc.h **** #define LL_RCC_RNG_CLKSOURCE_PLL          RCC_CCIPR_CLK48SEL_1    /*!< PLL clock used as RNG clock 
 433:platform/HAL/inc/stm32g4xx_ll_rcc.h **** /**
 434:platform/HAL/inc/stm32g4xx_ll_rcc.h ****   * @}
 435:platform/HAL/inc/stm32g4xx_ll_rcc.h ****   */
 436:platform/HAL/inc/stm32g4xx_ll_rcc.h **** 
 437:platform/HAL/inc/stm32g4xx_ll_rcc.h **** /** @defgroup RCC_LL_EC_USB_CLKSOURCE  Peripheral USB clock source selection
 438:platform/HAL/inc/stm32g4xx_ll_rcc.h ****   * @{
 439:platform/HAL/inc/stm32g4xx_ll_rcc.h ****   */
 440:platform/HAL/inc/stm32g4xx_ll_rcc.h **** #define LL_RCC_USB_CLKSOURCE_HSI48        0x00000000U             /*!< HSI48 clock used as USB cloc
 441:platform/HAL/inc/stm32g4xx_ll_rcc.h **** #define LL_RCC_USB_CLKSOURCE_PLL          RCC_CCIPR_CLK48SEL_1    /*!< PLL clock used as USB clock 
 442:platform/HAL/inc/stm32g4xx_ll_rcc.h **** /**
 443:platform/HAL/inc/stm32g4xx_ll_rcc.h ****   * @}
 444:platform/HAL/inc/stm32g4xx_ll_rcc.h ****   */
 445:platform/HAL/inc/stm32g4xx_ll_rcc.h **** 
 446:platform/HAL/inc/stm32g4xx_ll_rcc.h **** /** @defgroup RCC_LL_EC_ADC_CLKSOURCE  Peripheral ADC clock source selection
 447:platform/HAL/inc/stm32g4xx_ll_rcc.h ****   * @{
 448:platform/HAL/inc/stm32g4xx_ll_rcc.h ****   */
 449:platform/HAL/inc/stm32g4xx_ll_rcc.h **** #define LL_RCC_ADC12_CLKSOURCE_NONE        (((uint32_t)RCC_OFFSET_CCIPR << 24U) | ((uint32_t)RCC_CC
 450:platform/HAL/inc/stm32g4xx_ll_rcc.h **** #define LL_RCC_ADC12_CLKSOURCE_PLL         (((uint32_t)RCC_OFFSET_CCIPR << 24U) | ((uint32_t)RCC_CC
 451:platform/HAL/inc/stm32g4xx_ll_rcc.h **** #define LL_RCC_ADC12_CLKSOURCE_SYSCLK      (((uint32_t)RCC_OFFSET_CCIPR << 24U) | ((uint32_t)RCC_CC
 452:platform/HAL/inc/stm32g4xx_ll_rcc.h **** #if defined(RCC_CCIPR_ADC345SEL)
 453:platform/HAL/inc/stm32g4xx_ll_rcc.h **** #define LL_RCC_ADC345_CLKSOURCE_NONE       (((uint32_t)RCC_OFFSET_CCIPR << 24U) | ((uint32_t)RCC_CC
 454:platform/HAL/inc/stm32g4xx_ll_rcc.h **** #define LL_RCC_ADC345_CLKSOURCE_PLL        (((uint32_t)RCC_OFFSET_CCIPR << 24U) | ((uint32_t)RCC_CC
 455:platform/HAL/inc/stm32g4xx_ll_rcc.h **** #define LL_RCC_ADC345_CLKSOURCE_SYSCLK     (((uint32_t)RCC_OFFSET_CCIPR << 24U) | ((uint32_t)RCC_CC
 456:platform/HAL/inc/stm32g4xx_ll_rcc.h **** #endif /* RCC_CCIPR_ADC345SEL */
 457:platform/HAL/inc/stm32g4xx_ll_rcc.h **** /**
 458:platform/HAL/inc/stm32g4xx_ll_rcc.h ****   * @}
 459:platform/HAL/inc/stm32g4xx_ll_rcc.h ****   */
 460:platform/HAL/inc/stm32g4xx_ll_rcc.h **** 
 461:platform/HAL/inc/stm32g4xx_ll_rcc.h **** /** @defgroup RCC_LL_EC_QUADSPI  Peripheral QUADSPI get clock source
 462:platform/HAL/inc/stm32g4xx_ll_rcc.h ****   * @{
 463:platform/HAL/inc/stm32g4xx_ll_rcc.h ****   */
 464:platform/HAL/inc/stm32g4xx_ll_rcc.h **** #define LL_RCC_QUADSPI_CLKSOURCE_SYSCLK    0x00000000U              /*!< SYSCLK used as QuadSPI clo
 465:platform/HAL/inc/stm32g4xx_ll_rcc.h **** #define LL_RCC_QUADSPI_CLKSOURCE_HSI       RCC_CCIPR2_QSPISEL_0     /*!< HSI used as QuadSPI clock 
 466:platform/HAL/inc/stm32g4xx_ll_rcc.h **** #define LL_RCC_QUADSPI_CLKSOURCE_PLL       RCC_CCIPR2_QSPISEL_1     /*!< PLL used as QuadSPI clock 
 467:platform/HAL/inc/stm32g4xx_ll_rcc.h **** /**
 468:platform/HAL/inc/stm32g4xx_ll_rcc.h ****   * @}
 469:platform/HAL/inc/stm32g4xx_ll_rcc.h ****   */
 470:platform/HAL/inc/stm32g4xx_ll_rcc.h **** 
 471:platform/HAL/inc/stm32g4xx_ll_rcc.h **** 
 472:platform/HAL/inc/stm32g4xx_ll_rcc.h **** /** @defgroup RCC_LL_EC_USARTx Peripheral USART get clock source
 473:platform/HAL/inc/stm32g4xx_ll_rcc.h ****   * @{
 474:platform/HAL/inc/stm32g4xx_ll_rcc.h ****   */
 475:platform/HAL/inc/stm32g4xx_ll_rcc.h **** #define LL_RCC_USART1_CLKSOURCE            RCC_CCIPR_USART1SEL /*!< USART1 Clock source selection *
 476:platform/HAL/inc/stm32g4xx_ll_rcc.h **** #define LL_RCC_USART2_CLKSOURCE            RCC_CCIPR_USART2SEL /*!< USART2 Clock source selection *
 477:platform/HAL/inc/stm32g4xx_ll_rcc.h **** #if defined(RCC_CCIPR_USART3SEL)
 478:platform/HAL/inc/stm32g4xx_ll_rcc.h **** #define LL_RCC_USART3_CLKSOURCE            RCC_CCIPR_USART3SEL /*!< USART3 Clock source selection *
 479:platform/HAL/inc/stm32g4xx_ll_rcc.h **** #endif /* RCC_CCIPR_USART3SEL */
 480:platform/HAL/inc/stm32g4xx_ll_rcc.h **** /**
 481:platform/HAL/inc/stm32g4xx_ll_rcc.h ****   * @}
 482:platform/HAL/inc/stm32g4xx_ll_rcc.h ****   */
 483:platform/HAL/inc/stm32g4xx_ll_rcc.h **** 
 484:platform/HAL/inc/stm32g4xx_ll_rcc.h **** /** @defgroup RCC_LL_EC_UARTx Peripheral UART get clock source
ARM GAS  /tmp/ccY3Jimf.s 			page 22


 485:platform/HAL/inc/stm32g4xx_ll_rcc.h ****   * @{
 486:platform/HAL/inc/stm32g4xx_ll_rcc.h ****   */
 487:platform/HAL/inc/stm32g4xx_ll_rcc.h **** #if defined(RCC_CCIPR_UART4SEL)
 488:platform/HAL/inc/stm32g4xx_ll_rcc.h **** #define LL_RCC_UART4_CLKSOURCE             RCC_CCIPR_UART4SEL /*!< UART4 Clock source selection */
 489:platform/HAL/inc/stm32g4xx_ll_rcc.h **** #endif /* RCC_CCIPR_UART4SEL */
 490:platform/HAL/inc/stm32g4xx_ll_rcc.h **** #if defined(RCC_CCIPR_UART5SEL)
 491:platform/HAL/inc/stm32g4xx_ll_rcc.h **** #define LL_RCC_UART5_CLKSOURCE             RCC_CCIPR_UART5SEL /*!< UART5 Clock source selection */
 492:platform/HAL/inc/stm32g4xx_ll_rcc.h **** #endif /* RCC_CCIPR_UART5SEL */
 493:platform/HAL/inc/stm32g4xx_ll_rcc.h **** /**
 494:platform/HAL/inc/stm32g4xx_ll_rcc.h ****   * @}
 495:platform/HAL/inc/stm32g4xx_ll_rcc.h ****   */
 496:platform/HAL/inc/stm32g4xx_ll_rcc.h **** 
 497:platform/HAL/inc/stm32g4xx_ll_rcc.h **** /** @defgroup RCC_LL_EC_LPUART1 Peripheral LPUART get clock source
 498:platform/HAL/inc/stm32g4xx_ll_rcc.h ****   * @{
 499:platform/HAL/inc/stm32g4xx_ll_rcc.h ****   */
 500:platform/HAL/inc/stm32g4xx_ll_rcc.h **** #define LL_RCC_LPUART1_CLKSOURCE           RCC_CCIPR_LPUART1SEL /*!< LPUART1 Clock source selection
 501:platform/HAL/inc/stm32g4xx_ll_rcc.h **** /**
 502:platform/HAL/inc/stm32g4xx_ll_rcc.h ****   * @}
 503:platform/HAL/inc/stm32g4xx_ll_rcc.h ****   */
 504:platform/HAL/inc/stm32g4xx_ll_rcc.h **** 
 505:platform/HAL/inc/stm32g4xx_ll_rcc.h **** /** @defgroup RCC_LL_EC_I2C1 Peripheral I2C get clock source
 506:platform/HAL/inc/stm32g4xx_ll_rcc.h ****   * @{
 507:platform/HAL/inc/stm32g4xx_ll_rcc.h ****   */
 508:platform/HAL/inc/stm32g4xx_ll_rcc.h **** #define LL_RCC_I2C1_CLKSOURCE              (((uint32_t)RCC_OFFSET_CCIPR << 24U) | ((uint32_t)RCC_CC
 509:platform/HAL/inc/stm32g4xx_ll_rcc.h **** #define LL_RCC_I2C2_CLKSOURCE              (((uint32_t)RCC_OFFSET_CCIPR << 24U) | ((uint32_t)RCC_CC
 510:platform/HAL/inc/stm32g4xx_ll_rcc.h **** #if defined(RCC_CCIPR_I2C3SEL)
 511:platform/HAL/inc/stm32g4xx_ll_rcc.h **** #define LL_RCC_I2C3_CLKSOURCE              (((uint32_t)RCC_OFFSET_CCIPR << 24U) | ((uint32_t)RCC_CC
 512:platform/HAL/inc/stm32g4xx_ll_rcc.h **** #endif /* RCC_CCIPR_I2C3SEL */
 513:platform/HAL/inc/stm32g4xx_ll_rcc.h **** #if defined(RCC_CCIPR2_I2C4SEL)
 514:platform/HAL/inc/stm32g4xx_ll_rcc.h **** #define LL_RCC_I2C4_CLKSOURCE              (((uint32_t)RCC_OFFSET_CCIPR2 << 24U) | ((uint32_t)RCC_C
 515:platform/HAL/inc/stm32g4xx_ll_rcc.h **** #endif /* RCC_CCIPR2_I2C4SEL */
 516:platform/HAL/inc/stm32g4xx_ll_rcc.h **** /**
 517:platform/HAL/inc/stm32g4xx_ll_rcc.h ****   * @}
 518:platform/HAL/inc/stm32g4xx_ll_rcc.h ****   */
 519:platform/HAL/inc/stm32g4xx_ll_rcc.h **** 
 520:platform/HAL/inc/stm32g4xx_ll_rcc.h **** /** @defgroup RCC_LL_EC_LPTIM1 Peripheral LPTIM get clock source
 521:platform/HAL/inc/stm32g4xx_ll_rcc.h ****   * @{
 522:platform/HAL/inc/stm32g4xx_ll_rcc.h ****   */
 523:platform/HAL/inc/stm32g4xx_ll_rcc.h **** #define LL_RCC_LPTIM1_CLKSOURCE            RCC_CCIPR_LPTIM1SEL /*!< LPTIM1 Clock source selection *
 524:platform/HAL/inc/stm32g4xx_ll_rcc.h **** /**
 525:platform/HAL/inc/stm32g4xx_ll_rcc.h ****   * @}
 526:platform/HAL/inc/stm32g4xx_ll_rcc.h ****   */
 527:platform/HAL/inc/stm32g4xx_ll_rcc.h **** 
 528:platform/HAL/inc/stm32g4xx_ll_rcc.h **** /** @defgroup RCC_LL_EC_SAI1  Peripheral SAI get clock source
 529:platform/HAL/inc/stm32g4xx_ll_rcc.h ****   * @{
 530:platform/HAL/inc/stm32g4xx_ll_rcc.h ****   */
 531:platform/HAL/inc/stm32g4xx_ll_rcc.h **** #define LL_RCC_SAI1_CLKSOURCE              RCC_CCIPR_SAI1SEL /*!< SAI1 Clock source selection */
 532:platform/HAL/inc/stm32g4xx_ll_rcc.h **** /**
 533:platform/HAL/inc/stm32g4xx_ll_rcc.h ****   * @}
 534:platform/HAL/inc/stm32g4xx_ll_rcc.h ****   */
 535:platform/HAL/inc/stm32g4xx_ll_rcc.h **** 
 536:platform/HAL/inc/stm32g4xx_ll_rcc.h **** /** @defgroup RCC_LL_EC_I2S  Peripheral I2S get clock source
 537:platform/HAL/inc/stm32g4xx_ll_rcc.h ****   * @{
 538:platform/HAL/inc/stm32g4xx_ll_rcc.h ****   */
 539:platform/HAL/inc/stm32g4xx_ll_rcc.h **** #define LL_RCC_I2S_CLKSOURCE              RCC_CCIPR_I2S23SEL /*!< I2S Clock source selection */
 540:platform/HAL/inc/stm32g4xx_ll_rcc.h **** /**
 541:platform/HAL/inc/stm32g4xx_ll_rcc.h ****   * @}
ARM GAS  /tmp/ccY3Jimf.s 			page 23


 542:platform/HAL/inc/stm32g4xx_ll_rcc.h ****   */
 543:platform/HAL/inc/stm32g4xx_ll_rcc.h **** 
 544:platform/HAL/inc/stm32g4xx_ll_rcc.h **** #if defined(FDCAN1)
 545:platform/HAL/inc/stm32g4xx_ll_rcc.h **** /** @defgroup RCC_LL_EC_FDCAN  Peripheral FDCAN get clock source
 546:platform/HAL/inc/stm32g4xx_ll_rcc.h ****   * @{
 547:platform/HAL/inc/stm32g4xx_ll_rcc.h ****   */
 548:platform/HAL/inc/stm32g4xx_ll_rcc.h **** #define LL_RCC_FDCAN_CLKSOURCE             RCC_CCIPR_FDCANSEL /*!< FDCAN Clock source selection */
 549:platform/HAL/inc/stm32g4xx_ll_rcc.h **** #endif /* FDCAN1 */
 550:platform/HAL/inc/stm32g4xx_ll_rcc.h **** 
 551:platform/HAL/inc/stm32g4xx_ll_rcc.h **** /**
 552:platform/HAL/inc/stm32g4xx_ll_rcc.h ****   * @}
 553:platform/HAL/inc/stm32g4xx_ll_rcc.h ****   */
 554:platform/HAL/inc/stm32g4xx_ll_rcc.h **** 
 555:platform/HAL/inc/stm32g4xx_ll_rcc.h **** /** @defgroup RCC_LL_EC_RNG  Peripheral RNG get clock source
 556:platform/HAL/inc/stm32g4xx_ll_rcc.h ****   * @{
 557:platform/HAL/inc/stm32g4xx_ll_rcc.h ****   */
 558:platform/HAL/inc/stm32g4xx_ll_rcc.h **** #define LL_RCC_RNG_CLKSOURCE               RCC_CCIPR_CLK48SEL /*!< RNG Clock source selection */
 559:platform/HAL/inc/stm32g4xx_ll_rcc.h **** /**
 560:platform/HAL/inc/stm32g4xx_ll_rcc.h ****   * @}
 561:platform/HAL/inc/stm32g4xx_ll_rcc.h ****   */
 562:platform/HAL/inc/stm32g4xx_ll_rcc.h **** 
 563:platform/HAL/inc/stm32g4xx_ll_rcc.h **** /** @defgroup RCC_LL_EC_USB  Peripheral USB get clock source
 564:platform/HAL/inc/stm32g4xx_ll_rcc.h ****   * @{
 565:platform/HAL/inc/stm32g4xx_ll_rcc.h ****   */
 566:platform/HAL/inc/stm32g4xx_ll_rcc.h **** #define LL_RCC_USB_CLKSOURCE               RCC_CCIPR_CLK48SEL /*!< USB Clock source selection */
 567:platform/HAL/inc/stm32g4xx_ll_rcc.h **** /**
 568:platform/HAL/inc/stm32g4xx_ll_rcc.h ****   * @}
 569:platform/HAL/inc/stm32g4xx_ll_rcc.h ****   */
 570:platform/HAL/inc/stm32g4xx_ll_rcc.h **** 
 571:platform/HAL/inc/stm32g4xx_ll_rcc.h **** /** @defgroup RCC_LL_EC_ADC  Peripheral ADC get clock source
 572:platform/HAL/inc/stm32g4xx_ll_rcc.h ****   * @{
 573:platform/HAL/inc/stm32g4xx_ll_rcc.h ****   */
 574:platform/HAL/inc/stm32g4xx_ll_rcc.h **** #define LL_RCC_ADC12_CLKSOURCE             (((uint32_t)RCC_OFFSET_CCIPR << 24U) | ((uint32_t)RCC_CC
 575:platform/HAL/inc/stm32g4xx_ll_rcc.h **** #if defined(RCC_CCIPR_ADC345SEL_Pos)
 576:platform/HAL/inc/stm32g4xx_ll_rcc.h **** #define LL_RCC_ADC345_CLKSOURCE            (((uint32_t)RCC_OFFSET_CCIPR << 24U) | ((uint32_t)RCC_CC
 577:platform/HAL/inc/stm32g4xx_ll_rcc.h **** #endif /* RCC_CCIPR_ADC345SEL_Pos */
 578:platform/HAL/inc/stm32g4xx_ll_rcc.h **** /**
 579:platform/HAL/inc/stm32g4xx_ll_rcc.h ****   * @}
 580:platform/HAL/inc/stm32g4xx_ll_rcc.h ****   */
 581:platform/HAL/inc/stm32g4xx_ll_rcc.h **** 
 582:platform/HAL/inc/stm32g4xx_ll_rcc.h **** /** @defgroup RCC_LL_EC_QUADSPI  Peripheral QUADSPI get clock source
 583:platform/HAL/inc/stm32g4xx_ll_rcc.h ****   * @{
 584:platform/HAL/inc/stm32g4xx_ll_rcc.h ****   */
 585:platform/HAL/inc/stm32g4xx_ll_rcc.h **** #define LL_RCC_QUADSPI_CLKSOURCE           RCC_CCIPR2_QSPISEL    /*!< QuadSPI Clock source selectio
 586:platform/HAL/inc/stm32g4xx_ll_rcc.h **** /**
 587:platform/HAL/inc/stm32g4xx_ll_rcc.h ****   * @}
 588:platform/HAL/inc/stm32g4xx_ll_rcc.h ****   */
 589:platform/HAL/inc/stm32g4xx_ll_rcc.h **** 
 590:platform/HAL/inc/stm32g4xx_ll_rcc.h **** /** @defgroup RCC_LL_EC_RTC_CLKSOURCE  RTC clock source selection
 591:platform/HAL/inc/stm32g4xx_ll_rcc.h ****   * @{
 592:platform/HAL/inc/stm32g4xx_ll_rcc.h ****   */
 593:platform/HAL/inc/stm32g4xx_ll_rcc.h **** #define LL_RCC_RTC_CLKSOURCE_NONE          0x00000000U                   /*!< No clock used as RTC 
 594:platform/HAL/inc/stm32g4xx_ll_rcc.h **** #define LL_RCC_RTC_CLKSOURCE_LSE           RCC_BDCR_RTCSEL_0       /*!< LSE oscillator clock used a
 595:platform/HAL/inc/stm32g4xx_ll_rcc.h **** #define LL_RCC_RTC_CLKSOURCE_LSI           RCC_BDCR_RTCSEL_1       /*!< LSI oscillator clock used a
 596:platform/HAL/inc/stm32g4xx_ll_rcc.h **** #define LL_RCC_RTC_CLKSOURCE_HSE_DIV32     RCC_BDCR_RTCSEL         /*!< HSE oscillator clock divide
 597:platform/HAL/inc/stm32g4xx_ll_rcc.h **** /**
 598:platform/HAL/inc/stm32g4xx_ll_rcc.h ****   * @}
ARM GAS  /tmp/ccY3Jimf.s 			page 24


 599:platform/HAL/inc/stm32g4xx_ll_rcc.h ****   */
 600:platform/HAL/inc/stm32g4xx_ll_rcc.h **** 
 601:platform/HAL/inc/stm32g4xx_ll_rcc.h **** 
 602:platform/HAL/inc/stm32g4xx_ll_rcc.h **** /** @defgroup RCC_LL_EC_PLLSOURCE  PLL entry clock source
 603:platform/HAL/inc/stm32g4xx_ll_rcc.h ****   * @{
 604:platform/HAL/inc/stm32g4xx_ll_rcc.h ****   */
 605:platform/HAL/inc/stm32g4xx_ll_rcc.h **** #define LL_RCC_PLLSOURCE_NONE              0x00000000U             /*!< No clock */
 606:platform/HAL/inc/stm32g4xx_ll_rcc.h **** #define LL_RCC_PLLSOURCE_HSI               RCC_PLLCFGR_PLLSRC_HSI  /*!< HSI16 clock selected as PLL
 607:platform/HAL/inc/stm32g4xx_ll_rcc.h **** #define LL_RCC_PLLSOURCE_HSE               RCC_PLLCFGR_PLLSRC_HSE  /*!< HSE clock selected as PLL e
 608:platform/HAL/inc/stm32g4xx_ll_rcc.h **** /**
 609:platform/HAL/inc/stm32g4xx_ll_rcc.h ****   * @}
 610:platform/HAL/inc/stm32g4xx_ll_rcc.h ****   */
 611:platform/HAL/inc/stm32g4xx_ll_rcc.h **** 
 612:platform/HAL/inc/stm32g4xx_ll_rcc.h **** /** @defgroup RCC_LL_EC_PLLM_DIV  PLL division factor
 613:platform/HAL/inc/stm32g4xx_ll_rcc.h ****   * @{
 614:platform/HAL/inc/stm32g4xx_ll_rcc.h ****   */
 615:platform/HAL/inc/stm32g4xx_ll_rcc.h **** #define LL_RCC_PLLM_DIV_1                  0x00000000U                                             
 616:platform/HAL/inc/stm32g4xx_ll_rcc.h **** #define LL_RCC_PLLM_DIV_2                  RCC_PLLCFGR_PLLM_0                                      
 617:platform/HAL/inc/stm32g4xx_ll_rcc.h **** #define LL_RCC_PLLM_DIV_3                  RCC_PLLCFGR_PLLM_1                                      
 618:platform/HAL/inc/stm32g4xx_ll_rcc.h **** #define LL_RCC_PLLM_DIV_4                  (RCC_PLLCFGR_PLLM_1 | RCC_PLLCFGR_PLLM_0)               
 619:platform/HAL/inc/stm32g4xx_ll_rcc.h **** #define LL_RCC_PLLM_DIV_5                  RCC_PLLCFGR_PLLM_2                                      
 620:platform/HAL/inc/stm32g4xx_ll_rcc.h **** #define LL_RCC_PLLM_DIV_6                  (RCC_PLLCFGR_PLLM_2 | RCC_PLLCFGR_PLLM_0)               
 621:platform/HAL/inc/stm32g4xx_ll_rcc.h **** #define LL_RCC_PLLM_DIV_7                  (RCC_PLLCFGR_PLLM_2 | RCC_PLLCFGR_PLLM_1)               
 622:platform/HAL/inc/stm32g4xx_ll_rcc.h **** #define LL_RCC_PLLM_DIV_8                  (RCC_PLLCFGR_PLLM_2 | RCC_PLLCFGR_PLLM_1 | RCC_PLLCFGR_P
 623:platform/HAL/inc/stm32g4xx_ll_rcc.h **** #define LL_RCC_PLLM_DIV_9                  RCC_PLLCFGR_PLLM_3                                      
 624:platform/HAL/inc/stm32g4xx_ll_rcc.h **** #define LL_RCC_PLLM_DIV_10                 (RCC_PLLCFGR_PLLM_3 | RCC_PLLCFGR_PLLM_0)               
 625:platform/HAL/inc/stm32g4xx_ll_rcc.h **** #define LL_RCC_PLLM_DIV_11                 (RCC_PLLCFGR_PLLM_3 | RCC_PLLCFGR_PLLM_1)               
 626:platform/HAL/inc/stm32g4xx_ll_rcc.h **** #define LL_RCC_PLLM_DIV_12                 (RCC_PLLCFGR_PLLM_3 | RCC_PLLCFGR_PLLM_1 | RCC_PLLCFGR_P
 627:platform/HAL/inc/stm32g4xx_ll_rcc.h **** #define LL_RCC_PLLM_DIV_13                 (RCC_PLLCFGR_PLLM_3 | RCC_PLLCFGR_PLLM_2)               
 628:platform/HAL/inc/stm32g4xx_ll_rcc.h **** #define LL_RCC_PLLM_DIV_14                 (RCC_PLLCFGR_PLLM_3 | RCC_PLLCFGR_PLLM_2 | RCC_PLLCFGR_P
 629:platform/HAL/inc/stm32g4xx_ll_rcc.h **** #define LL_RCC_PLLM_DIV_15                 (RCC_PLLCFGR_PLLM_3 | RCC_PLLCFGR_PLLM_2 | RCC_PLLCFGR_P
 630:platform/HAL/inc/stm32g4xx_ll_rcc.h **** #define LL_RCC_PLLM_DIV_16                 (RCC_PLLCFGR_PLLM_3 | RCC_PLLCFGR_PLLM_2 | RCC_PLLCFGR_P
 631:platform/HAL/inc/stm32g4xx_ll_rcc.h **** /**
 632:platform/HAL/inc/stm32g4xx_ll_rcc.h ****   * @}
 633:platform/HAL/inc/stm32g4xx_ll_rcc.h ****   */
 634:platform/HAL/inc/stm32g4xx_ll_rcc.h **** 
 635:platform/HAL/inc/stm32g4xx_ll_rcc.h **** /** @defgroup RCC_LL_EC_PLLR_DIV  PLL division factor (PLLR)
 636:platform/HAL/inc/stm32g4xx_ll_rcc.h ****   * @{
 637:platform/HAL/inc/stm32g4xx_ll_rcc.h ****   */
 638:platform/HAL/inc/stm32g4xx_ll_rcc.h **** #define LL_RCC_PLLR_DIV_2                  0x00000000U            /*!< Main PLL division factor for
 639:platform/HAL/inc/stm32g4xx_ll_rcc.h **** #define LL_RCC_PLLR_DIV_4                  (RCC_PLLCFGR_PLLR_0)   /*!< Main PLL division factor for
 640:platform/HAL/inc/stm32g4xx_ll_rcc.h **** #define LL_RCC_PLLR_DIV_6                  (RCC_PLLCFGR_PLLR_1)   /*!< Main PLL division factor for
 641:platform/HAL/inc/stm32g4xx_ll_rcc.h **** #define LL_RCC_PLLR_DIV_8                  (RCC_PLLCFGR_PLLR)     /*!< Main PLL division factor for
 642:platform/HAL/inc/stm32g4xx_ll_rcc.h **** /**
 643:platform/HAL/inc/stm32g4xx_ll_rcc.h ****   * @}
 644:platform/HAL/inc/stm32g4xx_ll_rcc.h ****   */
 645:platform/HAL/inc/stm32g4xx_ll_rcc.h **** 
 646:platform/HAL/inc/stm32g4xx_ll_rcc.h **** /** @defgroup RCC_LL_EC_PLLP_DIV  PLL division factor (PLLP)
 647:platform/HAL/inc/stm32g4xx_ll_rcc.h ****   * @{
 648:platform/HAL/inc/stm32g4xx_ll_rcc.h ****   */
 649:platform/HAL/inc/stm32g4xx_ll_rcc.h **** #define LL_RCC_PLLP_DIV_2                  (RCC_PLLCFGR_PLLPDIV_1)                                 
 650:platform/HAL/inc/stm32g4xx_ll_rcc.h **** #define LL_RCC_PLLP_DIV_3                  (RCC_PLLCFGR_PLLPDIV_1|RCC_PLLCFGR_PLLPDIV_0)           
 651:platform/HAL/inc/stm32g4xx_ll_rcc.h **** #define LL_RCC_PLLP_DIV_4                  (RCC_PLLCFGR_PLLPDIV_2)                                 
 652:platform/HAL/inc/stm32g4xx_ll_rcc.h **** #define LL_RCC_PLLP_DIV_5                  (RCC_PLLCFGR_PLLPDIV_2|RCC_PLLCFGR_PLLPDIV_0)           
 653:platform/HAL/inc/stm32g4xx_ll_rcc.h **** #define LL_RCC_PLLP_DIV_6                  (RCC_PLLCFGR_PLLPDIV_2|RCC_PLLCFGR_PLLPDIV_1)           
 654:platform/HAL/inc/stm32g4xx_ll_rcc.h **** #define LL_RCC_PLLP_DIV_7                  (RCC_PLLCFGR_PLLPDIV_2|RCC_PLLCFGR_PLLPDIV_1|RCC_PLLCFGR
 655:platform/HAL/inc/stm32g4xx_ll_rcc.h **** #define LL_RCC_PLLP_DIV_8                  (RCC_PLLCFGR_PLLPDIV_3)                                 
ARM GAS  /tmp/ccY3Jimf.s 			page 25


 656:platform/HAL/inc/stm32g4xx_ll_rcc.h **** #define LL_RCC_PLLP_DIV_9                  (RCC_PLLCFGR_PLLPDIV_3|RCC_PLLCFGR_PLLPDIV_0)           
 657:platform/HAL/inc/stm32g4xx_ll_rcc.h **** #define LL_RCC_PLLP_DIV_10                 (RCC_PLLCFGR_PLLPDIV_3|RCC_PLLCFGR_PLLPDIV_1)           
 658:platform/HAL/inc/stm32g4xx_ll_rcc.h **** #define LL_RCC_PLLP_DIV_11                 (RCC_PLLCFGR_PLLPDIV_3|RCC_PLLCFGR_PLLPDIV_1|RCC_PLLCFGR
 659:platform/HAL/inc/stm32g4xx_ll_rcc.h **** #define LL_RCC_PLLP_DIV_12                 (RCC_PLLCFGR_PLLPDIV_3|RCC_PLLCFGR_PLLPDIV_2)           
 660:platform/HAL/inc/stm32g4xx_ll_rcc.h **** #define LL_RCC_PLLP_DIV_13                 (RCC_PLLCFGR_PLLPDIV_3|RCC_PLLCFGR_PLLPDIV_2|RCC_PLLCFGR
 661:platform/HAL/inc/stm32g4xx_ll_rcc.h **** #define LL_RCC_PLLP_DIV_14                 (RCC_PLLCFGR_PLLPDIV_3|RCC_PLLCFGR_PLLPDIV_2|RCC_PLLCFGR
 662:platform/HAL/inc/stm32g4xx_ll_rcc.h **** #define LL_RCC_PLLP_DIV_15                 (RCC_PLLCFGR_PLLPDIV_3|RCC_PLLCFGR_PLLPDIV_2|RCC_PLLCFGR
 663:platform/HAL/inc/stm32g4xx_ll_rcc.h **** #define LL_RCC_PLLP_DIV_16                 (RCC_PLLCFGR_PLLPDIV_4)                                 
 664:platform/HAL/inc/stm32g4xx_ll_rcc.h **** #define LL_RCC_PLLP_DIV_17                 (RCC_PLLCFGR_PLLPDIV_4|RCC_PLLCFGR_PLLPDIV_0)           
 665:platform/HAL/inc/stm32g4xx_ll_rcc.h **** #define LL_RCC_PLLP_DIV_18                 (RCC_PLLCFGR_PLLPDIV_4|RCC_PLLCFGR_PLLPDIV_1)           
 666:platform/HAL/inc/stm32g4xx_ll_rcc.h **** #define LL_RCC_PLLP_DIV_19                 (RCC_PLLCFGR_PLLPDIV_4|RCC_PLLCFGR_PLLPDIV_1|RCC_PLLCFGR
 667:platform/HAL/inc/stm32g4xx_ll_rcc.h **** #define LL_RCC_PLLP_DIV_20                 (RCC_PLLCFGR_PLLPDIV_4|RCC_PLLCFGR_PLLPDIV_2)           
 668:platform/HAL/inc/stm32g4xx_ll_rcc.h **** #define LL_RCC_PLLP_DIV_21                 (RCC_PLLCFGR_PLLPDIV_4|RCC_PLLCFGR_PLLPDIV_2|RCC_PLLCFGR
 669:platform/HAL/inc/stm32g4xx_ll_rcc.h **** #define LL_RCC_PLLP_DIV_22                 (RCC_PLLCFGR_PLLPDIV_4|RCC_PLLCFGR_PLLPDIV_2|RCC_PLLCFGR
 670:platform/HAL/inc/stm32g4xx_ll_rcc.h **** #define LL_RCC_PLLP_DIV_23                 (RCC_PLLCFGR_PLLPDIV_4|RCC_PLLCFGR_PLLPDIV_2|RCC_PLLCFGR
 671:platform/HAL/inc/stm32g4xx_ll_rcc.h **** #define LL_RCC_PLLP_DIV_24                 (RCC_PLLCFGR_PLLPDIV_4|RCC_PLLCFGR_PLLPDIV_3)           
 672:platform/HAL/inc/stm32g4xx_ll_rcc.h **** #define LL_RCC_PLLP_DIV_25                 (RCC_PLLCFGR_PLLPDIV_4|RCC_PLLCFGR_PLLPDIV_3|RCC_PLLCFGR
 673:platform/HAL/inc/stm32g4xx_ll_rcc.h **** #define LL_RCC_PLLP_DIV_26                 (RCC_PLLCFGR_PLLPDIV_4|RCC_PLLCFGR_PLLPDIV_3|RCC_PLLCFGR
 674:platform/HAL/inc/stm32g4xx_ll_rcc.h **** #define LL_RCC_PLLP_DIV_27                 (RCC_PLLCFGR_PLLPDIV_4|RCC_PLLCFGR_PLLPDIV_3|RCC_PLLCFGR
 675:platform/HAL/inc/stm32g4xx_ll_rcc.h **** #define LL_RCC_PLLP_DIV_28                 (RCC_PLLCFGR_PLLPDIV_4|RCC_PLLCFGR_PLLPDIV_3|RCC_PLLCFGR
 676:platform/HAL/inc/stm32g4xx_ll_rcc.h **** #define LL_RCC_PLLP_DIV_29                 (RCC_PLLCFGR_PLLPDIV_4|RCC_PLLCFGR_PLLPDIV_3|RCC_PLLCFGR
 677:platform/HAL/inc/stm32g4xx_ll_rcc.h **** #define LL_RCC_PLLP_DIV_30                 (RCC_PLLCFGR_PLLPDIV_4|RCC_PLLCFGR_PLLPDIV_3|RCC_PLLCFGR
 678:platform/HAL/inc/stm32g4xx_ll_rcc.h **** #define LL_RCC_PLLP_DIV_31                 (RCC_PLLCFGR_PLLPDIV_4|RCC_PLLCFGR_PLLPDIV_3|RCC_PLLCFGR
 679:platform/HAL/inc/stm32g4xx_ll_rcc.h **** /**
 680:platform/HAL/inc/stm32g4xx_ll_rcc.h ****   * @}
 681:platform/HAL/inc/stm32g4xx_ll_rcc.h ****   */
 682:platform/HAL/inc/stm32g4xx_ll_rcc.h **** 
 683:platform/HAL/inc/stm32g4xx_ll_rcc.h **** /** @defgroup RCC_LL_EC_PLLQ_DIV  PLL division factor (PLLQ)
 684:platform/HAL/inc/stm32g4xx_ll_rcc.h ****   * @{
 685:platform/HAL/inc/stm32g4xx_ll_rcc.h ****   */
 686:platform/HAL/inc/stm32g4xx_ll_rcc.h **** #define LL_RCC_PLLQ_DIV_2                  0x00000000U             /*!< Main PLL division factor fo
 687:platform/HAL/inc/stm32g4xx_ll_rcc.h **** #define LL_RCC_PLLQ_DIV_4                  (RCC_PLLCFGR_PLLQ_0)    /*!< Main PLL division factor fo
 688:platform/HAL/inc/stm32g4xx_ll_rcc.h **** #define LL_RCC_PLLQ_DIV_6                  (RCC_PLLCFGR_PLLQ_1)    /*!< Main PLL division factor fo
 689:platform/HAL/inc/stm32g4xx_ll_rcc.h **** #define LL_RCC_PLLQ_DIV_8                  (RCC_PLLCFGR_PLLQ)      /*!< Main PLL division factor fo
 690:platform/HAL/inc/stm32g4xx_ll_rcc.h **** /**
 691:platform/HAL/inc/stm32g4xx_ll_rcc.h ****   * @}
 692:platform/HAL/inc/stm32g4xx_ll_rcc.h ****   */
 693:platform/HAL/inc/stm32g4xx_ll_rcc.h **** 
 694:platform/HAL/inc/stm32g4xx_ll_rcc.h **** /**
 695:platform/HAL/inc/stm32g4xx_ll_rcc.h ****   * @}
 696:platform/HAL/inc/stm32g4xx_ll_rcc.h ****   */
 697:platform/HAL/inc/stm32g4xx_ll_rcc.h **** 
 698:platform/HAL/inc/stm32g4xx_ll_rcc.h **** /* Exported macro ------------------------------------------------------------*/
 699:platform/HAL/inc/stm32g4xx_ll_rcc.h **** /** @defgroup RCC_LL_Exported_Macros RCC Exported Macros
 700:platform/HAL/inc/stm32g4xx_ll_rcc.h ****   * @{
 701:platform/HAL/inc/stm32g4xx_ll_rcc.h ****   */
 702:platform/HAL/inc/stm32g4xx_ll_rcc.h **** 
 703:platform/HAL/inc/stm32g4xx_ll_rcc.h **** /** @defgroup RCC_LL_EM_WRITE_READ Common Write and read registers Macros
 704:platform/HAL/inc/stm32g4xx_ll_rcc.h ****   * @{
 705:platform/HAL/inc/stm32g4xx_ll_rcc.h ****   */
 706:platform/HAL/inc/stm32g4xx_ll_rcc.h **** 
 707:platform/HAL/inc/stm32g4xx_ll_rcc.h **** /**
 708:platform/HAL/inc/stm32g4xx_ll_rcc.h ****   * @brief  Write a value in RCC register
 709:platform/HAL/inc/stm32g4xx_ll_rcc.h ****   * @param  __REG__ Register to be written
 710:platform/HAL/inc/stm32g4xx_ll_rcc.h ****   * @param  __VALUE__ Value to be written in the register
 711:platform/HAL/inc/stm32g4xx_ll_rcc.h ****   * @retval None
 712:platform/HAL/inc/stm32g4xx_ll_rcc.h ****   */
ARM GAS  /tmp/ccY3Jimf.s 			page 26


 713:platform/HAL/inc/stm32g4xx_ll_rcc.h **** #define LL_RCC_WriteReg(__REG__, __VALUE__) WRITE_REG(RCC->__REG__, __VALUE__)
 714:platform/HAL/inc/stm32g4xx_ll_rcc.h **** 
 715:platform/HAL/inc/stm32g4xx_ll_rcc.h **** /**
 716:platform/HAL/inc/stm32g4xx_ll_rcc.h ****   * @brief  Read a value in RCC register
 717:platform/HAL/inc/stm32g4xx_ll_rcc.h ****   * @param  __REG__ Register to be read
 718:platform/HAL/inc/stm32g4xx_ll_rcc.h ****   * @retval Register value
 719:platform/HAL/inc/stm32g4xx_ll_rcc.h ****   */
 720:platform/HAL/inc/stm32g4xx_ll_rcc.h **** #define LL_RCC_ReadReg(__REG__) READ_REG(RCC->__REG__)
 721:platform/HAL/inc/stm32g4xx_ll_rcc.h **** /**
 722:platform/HAL/inc/stm32g4xx_ll_rcc.h ****   * @}
 723:platform/HAL/inc/stm32g4xx_ll_rcc.h ****   */
 724:platform/HAL/inc/stm32g4xx_ll_rcc.h **** 
 725:platform/HAL/inc/stm32g4xx_ll_rcc.h **** /** @defgroup RCC_LL_EM_CALC_FREQ Calculate frequencies
 726:platform/HAL/inc/stm32g4xx_ll_rcc.h ****   * @{
 727:platform/HAL/inc/stm32g4xx_ll_rcc.h ****   */
 728:platform/HAL/inc/stm32g4xx_ll_rcc.h **** 
 729:platform/HAL/inc/stm32g4xx_ll_rcc.h **** /**
 730:platform/HAL/inc/stm32g4xx_ll_rcc.h ****   * @brief  Helper macro to calculate the PLLCLK frequency on system domain
 731:platform/HAL/inc/stm32g4xx_ll_rcc.h ****   * @note ex: @ref __LL_RCC_CALC_PLLCLK_FREQ (HSE_VALUE,@ref LL_RCC_PLL_GetDivider (),
 732:platform/HAL/inc/stm32g4xx_ll_rcc.h ****   *             @ref LL_RCC_PLL_GetN (), @ref LL_RCC_PLL_GetR ());
 733:platform/HAL/inc/stm32g4xx_ll_rcc.h ****   * @param  __INPUTFREQ__ PLL Input frequency (based on HSE/HSI)
 734:platform/HAL/inc/stm32g4xx_ll_rcc.h ****   * @param  __PLLM__ This parameter can be one of the following values:
 735:platform/HAL/inc/stm32g4xx_ll_rcc.h ****   *         @arg @ref LL_RCC_PLLM_DIV_1
 736:platform/HAL/inc/stm32g4xx_ll_rcc.h ****   *         @arg @ref LL_RCC_PLLM_DIV_2
 737:platform/HAL/inc/stm32g4xx_ll_rcc.h ****   *         @arg @ref LL_RCC_PLLM_DIV_3
 738:platform/HAL/inc/stm32g4xx_ll_rcc.h ****   *         @arg @ref LL_RCC_PLLM_DIV_4
 739:platform/HAL/inc/stm32g4xx_ll_rcc.h ****   *         @arg @ref LL_RCC_PLLM_DIV_5
 740:platform/HAL/inc/stm32g4xx_ll_rcc.h ****   *         @arg @ref LL_RCC_PLLM_DIV_6
 741:platform/HAL/inc/stm32g4xx_ll_rcc.h ****   *         @arg @ref LL_RCC_PLLM_DIV_7
 742:platform/HAL/inc/stm32g4xx_ll_rcc.h ****   *         @arg @ref LL_RCC_PLLM_DIV_8
 743:platform/HAL/inc/stm32g4xx_ll_rcc.h ****   *         @arg @ref LL_RCC_PLLM_DIV_9
 744:platform/HAL/inc/stm32g4xx_ll_rcc.h ****   *         @arg @ref LL_RCC_PLLM_DIV_10
 745:platform/HAL/inc/stm32g4xx_ll_rcc.h ****   *         @arg @ref LL_RCC_PLLM_DIV_11
 746:platform/HAL/inc/stm32g4xx_ll_rcc.h ****   *         @arg @ref LL_RCC_PLLM_DIV_12
 747:platform/HAL/inc/stm32g4xx_ll_rcc.h ****   *         @arg @ref LL_RCC_PLLM_DIV_13
 748:platform/HAL/inc/stm32g4xx_ll_rcc.h ****   *         @arg @ref LL_RCC_PLLM_DIV_14
 749:platform/HAL/inc/stm32g4xx_ll_rcc.h ****   *         @arg @ref LL_RCC_PLLM_DIV_15
 750:platform/HAL/inc/stm32g4xx_ll_rcc.h ****   *         @arg @ref LL_RCC_PLLM_DIV_16
 751:platform/HAL/inc/stm32g4xx_ll_rcc.h ****   * @param  __PLLN__ Between Min_Data = 8 and Max_Data = 127
 752:platform/HAL/inc/stm32g4xx_ll_rcc.h ****   * @param  __PLLR__ This parameter can be one of the following values:
 753:platform/HAL/inc/stm32g4xx_ll_rcc.h ****   *         @arg @ref LL_RCC_PLLR_DIV_2
 754:platform/HAL/inc/stm32g4xx_ll_rcc.h ****   *         @arg @ref LL_RCC_PLLR_DIV_4
 755:platform/HAL/inc/stm32g4xx_ll_rcc.h ****   *         @arg @ref LL_RCC_PLLR_DIV_6
 756:platform/HAL/inc/stm32g4xx_ll_rcc.h ****   *         @arg @ref LL_RCC_PLLR_DIV_8
 757:platform/HAL/inc/stm32g4xx_ll_rcc.h ****   * @retval PLL clock frequency (in Hz)
 758:platform/HAL/inc/stm32g4xx_ll_rcc.h ****   */
 759:platform/HAL/inc/stm32g4xx_ll_rcc.h **** #define __LL_RCC_CALC_PLLCLK_FREQ(__INPUTFREQ__, __PLLM__, __PLLN__, __PLLR__) ((__INPUTFREQ__) * (
 760:platform/HAL/inc/stm32g4xx_ll_rcc.h ****                    ((((__PLLR__) >> RCC_PLLCFGR_PLLR_Pos) + 1U) * 2U))
 761:platform/HAL/inc/stm32g4xx_ll_rcc.h **** 
 762:platform/HAL/inc/stm32g4xx_ll_rcc.h **** /**
 763:platform/HAL/inc/stm32g4xx_ll_rcc.h ****   * @brief  Helper macro to calculate the PLLCLK frequency used on ADC domain
 764:platform/HAL/inc/stm32g4xx_ll_rcc.h ****   * @note ex: @ref __LL_RCC_CALC_PLLCLK_ADC_FREQ (HSE_VALUE,@ref LL_RCC_PLL_GetDivider (),
 765:platform/HAL/inc/stm32g4xx_ll_rcc.h ****   *             @ref LL_RCC_PLL_GetN (), @ref LL_RCC_PLL_GetP ());
 766:platform/HAL/inc/stm32g4xx_ll_rcc.h ****   * @param  __INPUTFREQ__ PLL Input frequency (based on HSE/HSI)
 767:platform/HAL/inc/stm32g4xx_ll_rcc.h ****   * @param  __PLLM__ This parameter can be one of the following values:
 768:platform/HAL/inc/stm32g4xx_ll_rcc.h ****   *         @arg @ref LL_RCC_PLLM_DIV_1
 769:platform/HAL/inc/stm32g4xx_ll_rcc.h ****   *         @arg @ref LL_RCC_PLLM_DIV_2
ARM GAS  /tmp/ccY3Jimf.s 			page 27


 770:platform/HAL/inc/stm32g4xx_ll_rcc.h ****   *         @arg @ref LL_RCC_PLLM_DIV_3
 771:platform/HAL/inc/stm32g4xx_ll_rcc.h ****   *         @arg @ref LL_RCC_PLLM_DIV_4
 772:platform/HAL/inc/stm32g4xx_ll_rcc.h ****   *         @arg @ref LL_RCC_PLLM_DIV_5
 773:platform/HAL/inc/stm32g4xx_ll_rcc.h ****   *         @arg @ref LL_RCC_PLLM_DIV_6
 774:platform/HAL/inc/stm32g4xx_ll_rcc.h ****   *         @arg @ref LL_RCC_PLLM_DIV_7
 775:platform/HAL/inc/stm32g4xx_ll_rcc.h ****   *         @arg @ref LL_RCC_PLLM_DIV_8
 776:platform/HAL/inc/stm32g4xx_ll_rcc.h ****   *         @arg @ref LL_RCC_PLLM_DIV_9
 777:platform/HAL/inc/stm32g4xx_ll_rcc.h ****   *         @arg @ref LL_RCC_PLLM_DIV_10
 778:platform/HAL/inc/stm32g4xx_ll_rcc.h ****   *         @arg @ref LL_RCC_PLLM_DIV_11
 779:platform/HAL/inc/stm32g4xx_ll_rcc.h ****   *         @arg @ref LL_RCC_PLLM_DIV_12
 780:platform/HAL/inc/stm32g4xx_ll_rcc.h ****   *         @arg @ref LL_RCC_PLLM_DIV_13
 781:platform/HAL/inc/stm32g4xx_ll_rcc.h ****   *         @arg @ref LL_RCC_PLLM_DIV_14
 782:platform/HAL/inc/stm32g4xx_ll_rcc.h ****   *         @arg @ref LL_RCC_PLLM_DIV_15
 783:platform/HAL/inc/stm32g4xx_ll_rcc.h ****   *         @arg @ref LL_RCC_PLLM_DIV_16
 784:platform/HAL/inc/stm32g4xx_ll_rcc.h **** 
 785:platform/HAL/inc/stm32g4xx_ll_rcc.h ****   * @param  __PLLN__ Between Min_Data = 8 and Max_Data = 127
 786:platform/HAL/inc/stm32g4xx_ll_rcc.h ****   * @param  __PLLP__ This parameter can be one of the following values:
 787:platform/HAL/inc/stm32g4xx_ll_rcc.h ****   *         @arg @ref LL_RCC_PLLP_DIV_2
 788:platform/HAL/inc/stm32g4xx_ll_rcc.h ****   *         @arg @ref LL_RCC_PLLP_DIV_3
 789:platform/HAL/inc/stm32g4xx_ll_rcc.h ****   *         @arg @ref LL_RCC_PLLP_DIV_4
 790:platform/HAL/inc/stm32g4xx_ll_rcc.h ****   *         @arg @ref LL_RCC_PLLP_DIV_5
 791:platform/HAL/inc/stm32g4xx_ll_rcc.h ****   *         @arg @ref LL_RCC_PLLP_DIV_6
 792:platform/HAL/inc/stm32g4xx_ll_rcc.h ****   *         @arg @ref LL_RCC_PLLP_DIV_7
 793:platform/HAL/inc/stm32g4xx_ll_rcc.h ****   *         @arg @ref LL_RCC_PLLP_DIV_8
 794:platform/HAL/inc/stm32g4xx_ll_rcc.h ****   *         @arg @ref LL_RCC_PLLP_DIV_9
 795:platform/HAL/inc/stm32g4xx_ll_rcc.h ****   *         @arg @ref LL_RCC_PLLP_DIV_10
 796:platform/HAL/inc/stm32g4xx_ll_rcc.h ****   *         @arg @ref LL_RCC_PLLP_DIV_11
 797:platform/HAL/inc/stm32g4xx_ll_rcc.h ****   *         @arg @ref LL_RCC_PLLP_DIV_12
 798:platform/HAL/inc/stm32g4xx_ll_rcc.h ****   *         @arg @ref LL_RCC_PLLP_DIV_13
 799:platform/HAL/inc/stm32g4xx_ll_rcc.h ****   *         @arg @ref LL_RCC_PLLP_DIV_14
 800:platform/HAL/inc/stm32g4xx_ll_rcc.h ****   *         @arg @ref LL_RCC_PLLP_DIV_15
 801:platform/HAL/inc/stm32g4xx_ll_rcc.h ****   *         @arg @ref LL_RCC_PLLP_DIV_16
 802:platform/HAL/inc/stm32g4xx_ll_rcc.h ****   *         @arg @ref LL_RCC_PLLP_DIV_17
 803:platform/HAL/inc/stm32g4xx_ll_rcc.h ****   *         @arg @ref LL_RCC_PLLP_DIV_18
 804:platform/HAL/inc/stm32g4xx_ll_rcc.h ****   *         @arg @ref LL_RCC_PLLP_DIV_19
 805:platform/HAL/inc/stm32g4xx_ll_rcc.h ****   *         @arg @ref LL_RCC_PLLP_DIV_20
 806:platform/HAL/inc/stm32g4xx_ll_rcc.h ****   *         @arg @ref LL_RCC_PLLP_DIV_21
 807:platform/HAL/inc/stm32g4xx_ll_rcc.h ****   *         @arg @ref LL_RCC_PLLP_DIV_22
 808:platform/HAL/inc/stm32g4xx_ll_rcc.h ****   *         @arg @ref LL_RCC_PLLP_DIV_23
 809:platform/HAL/inc/stm32g4xx_ll_rcc.h ****   *         @arg @ref LL_RCC_PLLP_DIV_24
 810:platform/HAL/inc/stm32g4xx_ll_rcc.h ****   *         @arg @ref LL_RCC_PLLP_DIV_25
 811:platform/HAL/inc/stm32g4xx_ll_rcc.h ****   *         @arg @ref LL_RCC_PLLP_DIV_26
 812:platform/HAL/inc/stm32g4xx_ll_rcc.h ****   *         @arg @ref LL_RCC_PLLP_DIV_27
 813:platform/HAL/inc/stm32g4xx_ll_rcc.h ****   *         @arg @ref LL_RCC_PLLP_DIV_28
 814:platform/HAL/inc/stm32g4xx_ll_rcc.h ****   *         @arg @ref LL_RCC_PLLP_DIV_29
 815:platform/HAL/inc/stm32g4xx_ll_rcc.h ****   *         @arg @ref LL_RCC_PLLP_DIV_30
 816:platform/HAL/inc/stm32g4xx_ll_rcc.h ****   *         @arg @ref LL_RCC_PLLP_DIV_31
 817:platform/HAL/inc/stm32g4xx_ll_rcc.h ****   * @retval PLL clock frequency (in Hz)
 818:platform/HAL/inc/stm32g4xx_ll_rcc.h ****   */
 819:platform/HAL/inc/stm32g4xx_ll_rcc.h **** #define __LL_RCC_CALC_PLLCLK_ADC_FREQ(__INPUTFREQ__, __PLLM__, __PLLN__, __PLLP__) ((__INPUTFREQ__)
 820:platform/HAL/inc/stm32g4xx_ll_rcc.h ****                    ((__PLLP__) >> RCC_PLLCFGR_PLLPDIV_Pos))
 821:platform/HAL/inc/stm32g4xx_ll_rcc.h **** 
 822:platform/HAL/inc/stm32g4xx_ll_rcc.h **** /**
 823:platform/HAL/inc/stm32g4xx_ll_rcc.h ****   * @brief  Helper macro to calculate the PLLCLK frequency used on 48M domain
 824:platform/HAL/inc/stm32g4xx_ll_rcc.h ****   * @note ex: @ref __LL_RCC_CALC_PLLCLK_48M_FREQ (HSE_VALUE,@ref LL_RCC_PLL_GetDivider (),
 825:platform/HAL/inc/stm32g4xx_ll_rcc.h ****   *             @ref LL_RCC_PLL_GetN (), @ref LL_RCC_PLL_GetQ ());
 826:platform/HAL/inc/stm32g4xx_ll_rcc.h ****   * @param  __INPUTFREQ__ PLL Input frequency (based on HSE/HSI)
ARM GAS  /tmp/ccY3Jimf.s 			page 28


 827:platform/HAL/inc/stm32g4xx_ll_rcc.h ****   * @param  __PLLM__ This parameter can be one of the following values:
 828:platform/HAL/inc/stm32g4xx_ll_rcc.h ****   *         @arg @ref LL_RCC_PLLM_DIV_1
 829:platform/HAL/inc/stm32g4xx_ll_rcc.h ****   *         @arg @ref LL_RCC_PLLM_DIV_2
 830:platform/HAL/inc/stm32g4xx_ll_rcc.h ****   *         @arg @ref LL_RCC_PLLM_DIV_3
 831:platform/HAL/inc/stm32g4xx_ll_rcc.h ****   *         @arg @ref LL_RCC_PLLM_DIV_4
 832:platform/HAL/inc/stm32g4xx_ll_rcc.h ****   *         @arg @ref LL_RCC_PLLM_DIV_5
 833:platform/HAL/inc/stm32g4xx_ll_rcc.h ****   *         @arg @ref LL_RCC_PLLM_DIV_6
 834:platform/HAL/inc/stm32g4xx_ll_rcc.h ****   *         @arg @ref LL_RCC_PLLM_DIV_7
 835:platform/HAL/inc/stm32g4xx_ll_rcc.h ****   *         @arg @ref LL_RCC_PLLM_DIV_8
 836:platform/HAL/inc/stm32g4xx_ll_rcc.h ****   *         @arg @ref LL_RCC_PLLM_DIV_9
 837:platform/HAL/inc/stm32g4xx_ll_rcc.h ****   *         @arg @ref LL_RCC_PLLM_DIV_10
 838:platform/HAL/inc/stm32g4xx_ll_rcc.h ****   *         @arg @ref LL_RCC_PLLM_DIV_11
 839:platform/HAL/inc/stm32g4xx_ll_rcc.h ****   *         @arg @ref LL_RCC_PLLM_DIV_12
 840:platform/HAL/inc/stm32g4xx_ll_rcc.h ****   *         @arg @ref LL_RCC_PLLM_DIV_13
 841:platform/HAL/inc/stm32g4xx_ll_rcc.h ****   *         @arg @ref LL_RCC_PLLM_DIV_14
 842:platform/HAL/inc/stm32g4xx_ll_rcc.h ****   *         @arg @ref LL_RCC_PLLM_DIV_15
 843:platform/HAL/inc/stm32g4xx_ll_rcc.h ****   *         @arg @ref LL_RCC_PLLM_DIV_16
 844:platform/HAL/inc/stm32g4xx_ll_rcc.h ****   * @param  __PLLN__ Between Min_Data = 8 and Max_Data = 127
 845:platform/HAL/inc/stm32g4xx_ll_rcc.h ****   * @param  __PLLQ__ This parameter can be one of the following values:
 846:platform/HAL/inc/stm32g4xx_ll_rcc.h ****   *         @arg @ref LL_RCC_PLLQ_DIV_2
 847:platform/HAL/inc/stm32g4xx_ll_rcc.h ****   *         @arg @ref LL_RCC_PLLQ_DIV_4
 848:platform/HAL/inc/stm32g4xx_ll_rcc.h ****   *         @arg @ref LL_RCC_PLLQ_DIV_6
 849:platform/HAL/inc/stm32g4xx_ll_rcc.h ****   *         @arg @ref LL_RCC_PLLQ_DIV_8
 850:platform/HAL/inc/stm32g4xx_ll_rcc.h ****   * @retval PLL clock frequency (in Hz)
 851:platform/HAL/inc/stm32g4xx_ll_rcc.h ****   */
 852:platform/HAL/inc/stm32g4xx_ll_rcc.h **** #define __LL_RCC_CALC_PLLCLK_48M_FREQ(__INPUTFREQ__, __PLLM__, __PLLN__, __PLLQ__) ((__INPUTFREQ__)
 853:platform/HAL/inc/stm32g4xx_ll_rcc.h ****                    ((((__PLLQ__) >> RCC_PLLCFGR_PLLQ_Pos) + 1U) << 1U))
 854:platform/HAL/inc/stm32g4xx_ll_rcc.h **** 
 855:platform/HAL/inc/stm32g4xx_ll_rcc.h **** /**
 856:platform/HAL/inc/stm32g4xx_ll_rcc.h ****   * @brief  Helper macro to calculate the HCLK frequency
 857:platform/HAL/inc/stm32g4xx_ll_rcc.h ****   * @param  __SYSCLKFREQ__ SYSCLK frequency (based on HSE/HSI/PLLCLK)
 858:platform/HAL/inc/stm32g4xx_ll_rcc.h ****   * @param  __AHBPRESCALER__ This parameter can be one of the following values:
 859:platform/HAL/inc/stm32g4xx_ll_rcc.h ****   *         @arg @ref LL_RCC_SYSCLK_DIV_1
 860:platform/HAL/inc/stm32g4xx_ll_rcc.h ****   *         @arg @ref LL_RCC_SYSCLK_DIV_2
 861:platform/HAL/inc/stm32g4xx_ll_rcc.h ****   *         @arg @ref LL_RCC_SYSCLK_DIV_4
 862:platform/HAL/inc/stm32g4xx_ll_rcc.h ****   *         @arg @ref LL_RCC_SYSCLK_DIV_8
 863:platform/HAL/inc/stm32g4xx_ll_rcc.h ****   *         @arg @ref LL_RCC_SYSCLK_DIV_16
 864:platform/HAL/inc/stm32g4xx_ll_rcc.h ****   *         @arg @ref LL_RCC_SYSCLK_DIV_64
 865:platform/HAL/inc/stm32g4xx_ll_rcc.h ****   *         @arg @ref LL_RCC_SYSCLK_DIV_128
 866:platform/HAL/inc/stm32g4xx_ll_rcc.h ****   *         @arg @ref LL_RCC_SYSCLK_DIV_256
 867:platform/HAL/inc/stm32g4xx_ll_rcc.h ****   *         @arg @ref LL_RCC_SYSCLK_DIV_512
 868:platform/HAL/inc/stm32g4xx_ll_rcc.h ****   * @retval HCLK clock frequency (in Hz)
 869:platform/HAL/inc/stm32g4xx_ll_rcc.h ****   */
 870:platform/HAL/inc/stm32g4xx_ll_rcc.h **** #define __LL_RCC_CALC_HCLK_FREQ(__SYSCLKFREQ__,__AHBPRESCALER__) ((__SYSCLKFREQ__) >> (AHBPrescTabl
 871:platform/HAL/inc/stm32g4xx_ll_rcc.h **** 
 872:platform/HAL/inc/stm32g4xx_ll_rcc.h **** /**
 873:platform/HAL/inc/stm32g4xx_ll_rcc.h ****   * @brief  Helper macro to calculate the PCLK1 frequency (ABP1)
 874:platform/HAL/inc/stm32g4xx_ll_rcc.h ****   * @param  __HCLKFREQ__ HCLK frequency
 875:platform/HAL/inc/stm32g4xx_ll_rcc.h ****   * @param  __APB1PRESCALER__ This parameter can be one of the following values:
 876:platform/HAL/inc/stm32g4xx_ll_rcc.h ****   *         @arg @ref LL_RCC_APB1_DIV_1
 877:platform/HAL/inc/stm32g4xx_ll_rcc.h ****   *         @arg @ref LL_RCC_APB1_DIV_2
 878:platform/HAL/inc/stm32g4xx_ll_rcc.h ****   *         @arg @ref LL_RCC_APB1_DIV_4
 879:platform/HAL/inc/stm32g4xx_ll_rcc.h ****   *         @arg @ref LL_RCC_APB1_DIV_8
 880:platform/HAL/inc/stm32g4xx_ll_rcc.h ****   *         @arg @ref LL_RCC_APB1_DIV_16
 881:platform/HAL/inc/stm32g4xx_ll_rcc.h ****   * @retval PCLK1 clock frequency (in Hz)
 882:platform/HAL/inc/stm32g4xx_ll_rcc.h ****   */
 883:platform/HAL/inc/stm32g4xx_ll_rcc.h **** #define __LL_RCC_CALC_PCLK1_FREQ(__HCLKFREQ__, __APB1PRESCALER__) ((__HCLKFREQ__) >> (APBPrescTable
ARM GAS  /tmp/ccY3Jimf.s 			page 29


 884:platform/HAL/inc/stm32g4xx_ll_rcc.h **** 
 885:platform/HAL/inc/stm32g4xx_ll_rcc.h **** /**
 886:platform/HAL/inc/stm32g4xx_ll_rcc.h ****   * @brief  Helper macro to calculate the PCLK2 frequency (ABP2)
 887:platform/HAL/inc/stm32g4xx_ll_rcc.h ****   * @param  __HCLKFREQ__ HCLK frequency
 888:platform/HAL/inc/stm32g4xx_ll_rcc.h ****   * @param  __APB2PRESCALER__ This parameter can be one of the following values:
 889:platform/HAL/inc/stm32g4xx_ll_rcc.h ****   *         @arg @ref LL_RCC_APB2_DIV_1
 890:platform/HAL/inc/stm32g4xx_ll_rcc.h ****   *         @arg @ref LL_RCC_APB2_DIV_2
 891:platform/HAL/inc/stm32g4xx_ll_rcc.h ****   *         @arg @ref LL_RCC_APB2_DIV_4
 892:platform/HAL/inc/stm32g4xx_ll_rcc.h ****   *         @arg @ref LL_RCC_APB2_DIV_8
 893:platform/HAL/inc/stm32g4xx_ll_rcc.h ****   *         @arg @ref LL_RCC_APB2_DIV_16
 894:platform/HAL/inc/stm32g4xx_ll_rcc.h ****   * @retval PCLK2 clock frequency (in Hz)
 895:platform/HAL/inc/stm32g4xx_ll_rcc.h ****   */
 896:platform/HAL/inc/stm32g4xx_ll_rcc.h **** #define __LL_RCC_CALC_PCLK2_FREQ(__HCLKFREQ__, __APB2PRESCALER__) ((__HCLKFREQ__) >> (APBPrescTable
 897:platform/HAL/inc/stm32g4xx_ll_rcc.h **** 
 898:platform/HAL/inc/stm32g4xx_ll_rcc.h **** /**
 899:platform/HAL/inc/stm32g4xx_ll_rcc.h ****   * @}
 900:platform/HAL/inc/stm32g4xx_ll_rcc.h ****   */
 901:platform/HAL/inc/stm32g4xx_ll_rcc.h **** 
 902:platform/HAL/inc/stm32g4xx_ll_rcc.h **** /**
 903:platform/HAL/inc/stm32g4xx_ll_rcc.h ****   * @}
 904:platform/HAL/inc/stm32g4xx_ll_rcc.h ****   */
 905:platform/HAL/inc/stm32g4xx_ll_rcc.h **** 
 906:platform/HAL/inc/stm32g4xx_ll_rcc.h **** /* Exported functions --------------------------------------------------------*/
 907:platform/HAL/inc/stm32g4xx_ll_rcc.h **** /** @defgroup RCC_LL_Exported_Functions RCC Exported Functions
 908:platform/HAL/inc/stm32g4xx_ll_rcc.h ****   * @{
 909:platform/HAL/inc/stm32g4xx_ll_rcc.h ****   */
 910:platform/HAL/inc/stm32g4xx_ll_rcc.h **** 
 911:platform/HAL/inc/stm32g4xx_ll_rcc.h **** /** @defgroup RCC_LL_EF_HSE HSE
 912:platform/HAL/inc/stm32g4xx_ll_rcc.h ****   * @{
 913:platform/HAL/inc/stm32g4xx_ll_rcc.h ****   */
 914:platform/HAL/inc/stm32g4xx_ll_rcc.h **** 
 915:platform/HAL/inc/stm32g4xx_ll_rcc.h **** /**
 916:platform/HAL/inc/stm32g4xx_ll_rcc.h ****   * @brief  Enable the Clock Security System.
 917:platform/HAL/inc/stm32g4xx_ll_rcc.h ****   * @rmtoll CR           CSSON         LL_RCC_HSE_EnableCSS
 918:platform/HAL/inc/stm32g4xx_ll_rcc.h ****   * @retval None
 919:platform/HAL/inc/stm32g4xx_ll_rcc.h ****   */
 920:platform/HAL/inc/stm32g4xx_ll_rcc.h **** __STATIC_INLINE void LL_RCC_HSE_EnableCSS(void)
 921:platform/HAL/inc/stm32g4xx_ll_rcc.h **** {
 922:platform/HAL/inc/stm32g4xx_ll_rcc.h ****   SET_BIT(RCC->CR, RCC_CR_CSSON);
 923:platform/HAL/inc/stm32g4xx_ll_rcc.h **** }
 924:platform/HAL/inc/stm32g4xx_ll_rcc.h **** 
 925:platform/HAL/inc/stm32g4xx_ll_rcc.h **** /**
 926:platform/HAL/inc/stm32g4xx_ll_rcc.h ****   * @brief  Enable HSE external oscillator (HSE Bypass)
 927:platform/HAL/inc/stm32g4xx_ll_rcc.h ****   * @rmtoll CR           HSEBYP        LL_RCC_HSE_EnableBypass
 928:platform/HAL/inc/stm32g4xx_ll_rcc.h ****   * @retval None
 929:platform/HAL/inc/stm32g4xx_ll_rcc.h ****   */
 930:platform/HAL/inc/stm32g4xx_ll_rcc.h **** __STATIC_INLINE void LL_RCC_HSE_EnableBypass(void)
 931:platform/HAL/inc/stm32g4xx_ll_rcc.h **** {
 932:platform/HAL/inc/stm32g4xx_ll_rcc.h ****   SET_BIT(RCC->CR, RCC_CR_HSEBYP);
 933:platform/HAL/inc/stm32g4xx_ll_rcc.h **** }
 934:platform/HAL/inc/stm32g4xx_ll_rcc.h **** 
 935:platform/HAL/inc/stm32g4xx_ll_rcc.h **** /**
 936:platform/HAL/inc/stm32g4xx_ll_rcc.h ****   * @brief  Disable HSE external oscillator (HSE Bypass)
 937:platform/HAL/inc/stm32g4xx_ll_rcc.h ****   * @rmtoll CR           HSEBYP        LL_RCC_HSE_DisableBypass
 938:platform/HAL/inc/stm32g4xx_ll_rcc.h ****   * @retval None
 939:platform/HAL/inc/stm32g4xx_ll_rcc.h ****   */
 940:platform/HAL/inc/stm32g4xx_ll_rcc.h **** __STATIC_INLINE void LL_RCC_HSE_DisableBypass(void)
ARM GAS  /tmp/ccY3Jimf.s 			page 30


 941:platform/HAL/inc/stm32g4xx_ll_rcc.h **** {
 942:platform/HAL/inc/stm32g4xx_ll_rcc.h ****   CLEAR_BIT(RCC->CR, RCC_CR_HSEBYP);
 943:platform/HAL/inc/stm32g4xx_ll_rcc.h **** }
 944:platform/HAL/inc/stm32g4xx_ll_rcc.h **** 
 945:platform/HAL/inc/stm32g4xx_ll_rcc.h **** /**
 946:platform/HAL/inc/stm32g4xx_ll_rcc.h ****   * @brief  Enable HSE crystal oscillator (HSE ON)
 947:platform/HAL/inc/stm32g4xx_ll_rcc.h ****   * @rmtoll CR           HSEON         LL_RCC_HSE_Enable
 948:platform/HAL/inc/stm32g4xx_ll_rcc.h ****   * @retval None
 949:platform/HAL/inc/stm32g4xx_ll_rcc.h ****   */
 950:platform/HAL/inc/stm32g4xx_ll_rcc.h **** __STATIC_INLINE void LL_RCC_HSE_Enable(void)
 951:platform/HAL/inc/stm32g4xx_ll_rcc.h **** {
 952:platform/HAL/inc/stm32g4xx_ll_rcc.h ****   SET_BIT(RCC->CR, RCC_CR_HSEON);
 953:platform/HAL/inc/stm32g4xx_ll_rcc.h **** }
 954:platform/HAL/inc/stm32g4xx_ll_rcc.h **** 
 955:platform/HAL/inc/stm32g4xx_ll_rcc.h **** /**
 956:platform/HAL/inc/stm32g4xx_ll_rcc.h ****   * @brief  Disable HSE crystal oscillator (HSE ON)
 957:platform/HAL/inc/stm32g4xx_ll_rcc.h ****   * @rmtoll CR           HSEON         LL_RCC_HSE_Disable
 958:platform/HAL/inc/stm32g4xx_ll_rcc.h ****   * @retval None
 959:platform/HAL/inc/stm32g4xx_ll_rcc.h ****   */
 960:platform/HAL/inc/stm32g4xx_ll_rcc.h **** __STATIC_INLINE void LL_RCC_HSE_Disable(void)
 961:platform/HAL/inc/stm32g4xx_ll_rcc.h **** {
 962:platform/HAL/inc/stm32g4xx_ll_rcc.h ****   CLEAR_BIT(RCC->CR, RCC_CR_HSEON);
 963:platform/HAL/inc/stm32g4xx_ll_rcc.h **** }
 964:platform/HAL/inc/stm32g4xx_ll_rcc.h **** 
 965:platform/HAL/inc/stm32g4xx_ll_rcc.h **** /**
 966:platform/HAL/inc/stm32g4xx_ll_rcc.h ****   * @brief  Check if HSE oscillator Ready
 967:platform/HAL/inc/stm32g4xx_ll_rcc.h ****   * @rmtoll CR           HSERDY        LL_RCC_HSE_IsReady
 968:platform/HAL/inc/stm32g4xx_ll_rcc.h ****   * @retval State of bit (1 or 0).
 969:platform/HAL/inc/stm32g4xx_ll_rcc.h ****   */
 970:platform/HAL/inc/stm32g4xx_ll_rcc.h **** __STATIC_INLINE uint32_t LL_RCC_HSE_IsReady(void)
 971:platform/HAL/inc/stm32g4xx_ll_rcc.h **** {
 972:platform/HAL/inc/stm32g4xx_ll_rcc.h ****   return ((READ_BIT(RCC->CR, RCC_CR_HSERDY) == (RCC_CR_HSERDY)) ? 1UL : 0UL);
 973:platform/HAL/inc/stm32g4xx_ll_rcc.h **** }
 974:platform/HAL/inc/stm32g4xx_ll_rcc.h **** 
 975:platform/HAL/inc/stm32g4xx_ll_rcc.h **** /**
 976:platform/HAL/inc/stm32g4xx_ll_rcc.h ****   * @}
 977:platform/HAL/inc/stm32g4xx_ll_rcc.h ****   */
 978:platform/HAL/inc/stm32g4xx_ll_rcc.h **** 
 979:platform/HAL/inc/stm32g4xx_ll_rcc.h **** /** @defgroup RCC_LL_EF_HSI HSI
 980:platform/HAL/inc/stm32g4xx_ll_rcc.h ****   * @{
 981:platform/HAL/inc/stm32g4xx_ll_rcc.h ****   */
 982:platform/HAL/inc/stm32g4xx_ll_rcc.h **** 
 983:platform/HAL/inc/stm32g4xx_ll_rcc.h **** /**
 984:platform/HAL/inc/stm32g4xx_ll_rcc.h ****   * @brief  Enable HSI even in stop mode
 985:platform/HAL/inc/stm32g4xx_ll_rcc.h ****   * @note HSI oscillator is forced ON even in Stop mode
 986:platform/HAL/inc/stm32g4xx_ll_rcc.h ****   * @rmtoll CR           HSIKERON      LL_RCC_HSI_EnableInStopMode
 987:platform/HAL/inc/stm32g4xx_ll_rcc.h ****   * @retval None
 988:platform/HAL/inc/stm32g4xx_ll_rcc.h ****   */
 989:platform/HAL/inc/stm32g4xx_ll_rcc.h **** __STATIC_INLINE void LL_RCC_HSI_EnableInStopMode(void)
 990:platform/HAL/inc/stm32g4xx_ll_rcc.h **** {
 991:platform/HAL/inc/stm32g4xx_ll_rcc.h ****   SET_BIT(RCC->CR, RCC_CR_HSIKERON);
 992:platform/HAL/inc/stm32g4xx_ll_rcc.h **** }
 993:platform/HAL/inc/stm32g4xx_ll_rcc.h **** 
 994:platform/HAL/inc/stm32g4xx_ll_rcc.h **** /**
 995:platform/HAL/inc/stm32g4xx_ll_rcc.h ****   * @brief  Disable HSI in stop mode
 996:platform/HAL/inc/stm32g4xx_ll_rcc.h ****   * @rmtoll CR           HSIKERON      LL_RCC_HSI_DisableInStopMode
 997:platform/HAL/inc/stm32g4xx_ll_rcc.h ****   * @retval None
ARM GAS  /tmp/ccY3Jimf.s 			page 31


 998:platform/HAL/inc/stm32g4xx_ll_rcc.h ****   */
 999:platform/HAL/inc/stm32g4xx_ll_rcc.h **** __STATIC_INLINE void LL_RCC_HSI_DisableInStopMode(void)
1000:platform/HAL/inc/stm32g4xx_ll_rcc.h **** {
1001:platform/HAL/inc/stm32g4xx_ll_rcc.h ****   CLEAR_BIT(RCC->CR, RCC_CR_HSIKERON);
1002:platform/HAL/inc/stm32g4xx_ll_rcc.h **** }
1003:platform/HAL/inc/stm32g4xx_ll_rcc.h **** 
1004:platform/HAL/inc/stm32g4xx_ll_rcc.h **** /**
1005:platform/HAL/inc/stm32g4xx_ll_rcc.h ****   * @brief  Enable HSI oscillator
1006:platform/HAL/inc/stm32g4xx_ll_rcc.h ****   * @rmtoll CR           HSION         LL_RCC_HSI_Enable
1007:platform/HAL/inc/stm32g4xx_ll_rcc.h ****   * @retval None
1008:platform/HAL/inc/stm32g4xx_ll_rcc.h ****   */
1009:platform/HAL/inc/stm32g4xx_ll_rcc.h **** __STATIC_INLINE void LL_RCC_HSI_Enable(void)
1010:platform/HAL/inc/stm32g4xx_ll_rcc.h **** {
1011:platform/HAL/inc/stm32g4xx_ll_rcc.h ****   SET_BIT(RCC->CR, RCC_CR_HSION);
1012:platform/HAL/inc/stm32g4xx_ll_rcc.h **** }
1013:platform/HAL/inc/stm32g4xx_ll_rcc.h **** 
1014:platform/HAL/inc/stm32g4xx_ll_rcc.h **** /**
1015:platform/HAL/inc/stm32g4xx_ll_rcc.h ****   * @brief  Disable HSI oscillator
1016:platform/HAL/inc/stm32g4xx_ll_rcc.h ****   * @rmtoll CR           HSION         LL_RCC_HSI_Disable
1017:platform/HAL/inc/stm32g4xx_ll_rcc.h ****   * @retval None
1018:platform/HAL/inc/stm32g4xx_ll_rcc.h ****   */
1019:platform/HAL/inc/stm32g4xx_ll_rcc.h **** __STATIC_INLINE void LL_RCC_HSI_Disable(void)
1020:platform/HAL/inc/stm32g4xx_ll_rcc.h **** {
1021:platform/HAL/inc/stm32g4xx_ll_rcc.h ****   CLEAR_BIT(RCC->CR, RCC_CR_HSION);
1022:platform/HAL/inc/stm32g4xx_ll_rcc.h **** }
1023:platform/HAL/inc/stm32g4xx_ll_rcc.h **** 
1024:platform/HAL/inc/stm32g4xx_ll_rcc.h **** /**
1025:platform/HAL/inc/stm32g4xx_ll_rcc.h ****   * @brief  Check if HSI clock is ready
1026:platform/HAL/inc/stm32g4xx_ll_rcc.h ****   * @rmtoll CR           HSIRDY        LL_RCC_HSI_IsReady
1027:platform/HAL/inc/stm32g4xx_ll_rcc.h ****   * @retval State of bit (1 or 0).
1028:platform/HAL/inc/stm32g4xx_ll_rcc.h ****   */
1029:platform/HAL/inc/stm32g4xx_ll_rcc.h **** __STATIC_INLINE uint32_t LL_RCC_HSI_IsReady(void)
1030:platform/HAL/inc/stm32g4xx_ll_rcc.h **** {
1031:platform/HAL/inc/stm32g4xx_ll_rcc.h ****   return ((READ_BIT(RCC->CR, RCC_CR_HSIRDY) == (RCC_CR_HSIRDY)) ? 1UL : 0UL);
1032:platform/HAL/inc/stm32g4xx_ll_rcc.h **** }
1033:platform/HAL/inc/stm32g4xx_ll_rcc.h **** 
1034:platform/HAL/inc/stm32g4xx_ll_rcc.h **** /**
1035:platform/HAL/inc/stm32g4xx_ll_rcc.h ****   * @brief  Get HSI Calibration value
1036:platform/HAL/inc/stm32g4xx_ll_rcc.h ****   * @note When HSITRIM is written, HSICAL is updated with the sum of
1037:platform/HAL/inc/stm32g4xx_ll_rcc.h ****   *       HSITRIM and the factory trim value
1038:platform/HAL/inc/stm32g4xx_ll_rcc.h ****   * @rmtoll ICSCR        HSICAL        LL_RCC_HSI_GetCalibration
1039:platform/HAL/inc/stm32g4xx_ll_rcc.h ****   * @retval Between Min_Data = 0x00 and Max_Data = 0xFF
1040:platform/HAL/inc/stm32g4xx_ll_rcc.h ****   */
1041:platform/HAL/inc/stm32g4xx_ll_rcc.h **** __STATIC_INLINE uint32_t LL_RCC_HSI_GetCalibration(void)
1042:platform/HAL/inc/stm32g4xx_ll_rcc.h **** {
1043:platform/HAL/inc/stm32g4xx_ll_rcc.h ****   return (uint32_t)(READ_BIT(RCC->ICSCR, RCC_ICSCR_HSICAL) >> RCC_ICSCR_HSICAL_Pos);
1044:platform/HAL/inc/stm32g4xx_ll_rcc.h **** }
1045:platform/HAL/inc/stm32g4xx_ll_rcc.h **** 
1046:platform/HAL/inc/stm32g4xx_ll_rcc.h **** /**
1047:platform/HAL/inc/stm32g4xx_ll_rcc.h ****   * @brief  Set HSI Calibration trimming
1048:platform/HAL/inc/stm32g4xx_ll_rcc.h ****   * @note user-programmable trimming value that is added to the HSICAL
1049:platform/HAL/inc/stm32g4xx_ll_rcc.h ****   * @note Default value is 16, which, when added to the HSICAL value,
1050:platform/HAL/inc/stm32g4xx_ll_rcc.h ****   *       should trim the HSI to 16 MHz +/- 1 %
1051:platform/HAL/inc/stm32g4xx_ll_rcc.h ****   * @rmtoll ICSCR        HSITRIM       LL_RCC_HSI_SetCalibTrimming
1052:platform/HAL/inc/stm32g4xx_ll_rcc.h ****   * @param  Value Between Min_Data = 0 and Max_Data = 127
1053:platform/HAL/inc/stm32g4xx_ll_rcc.h ****   * @retval None
1054:platform/HAL/inc/stm32g4xx_ll_rcc.h ****   */
ARM GAS  /tmp/ccY3Jimf.s 			page 32


1055:platform/HAL/inc/stm32g4xx_ll_rcc.h **** __STATIC_INLINE void LL_RCC_HSI_SetCalibTrimming(uint32_t Value)
1056:platform/HAL/inc/stm32g4xx_ll_rcc.h **** {
1057:platform/HAL/inc/stm32g4xx_ll_rcc.h ****   MODIFY_REG(RCC->ICSCR, RCC_ICSCR_HSITRIM, Value << RCC_ICSCR_HSITRIM_Pos);
1058:platform/HAL/inc/stm32g4xx_ll_rcc.h **** }
1059:platform/HAL/inc/stm32g4xx_ll_rcc.h **** 
1060:platform/HAL/inc/stm32g4xx_ll_rcc.h **** /**
1061:platform/HAL/inc/stm32g4xx_ll_rcc.h ****   * @brief  Get HSI Calibration trimming
1062:platform/HAL/inc/stm32g4xx_ll_rcc.h ****   * @rmtoll ICSCR        HSITRIM       LL_RCC_HSI_GetCalibTrimming
1063:platform/HAL/inc/stm32g4xx_ll_rcc.h ****   * @retval Between Min_Data = 0 and Max_Data = 127
1064:platform/HAL/inc/stm32g4xx_ll_rcc.h ****   */
1065:platform/HAL/inc/stm32g4xx_ll_rcc.h **** __STATIC_INLINE uint32_t LL_RCC_HSI_GetCalibTrimming(void)
1066:platform/HAL/inc/stm32g4xx_ll_rcc.h **** {
1067:platform/HAL/inc/stm32g4xx_ll_rcc.h ****   return (uint32_t)(READ_BIT(RCC->ICSCR, RCC_ICSCR_HSITRIM) >> RCC_ICSCR_HSITRIM_Pos);
1068:platform/HAL/inc/stm32g4xx_ll_rcc.h **** }
1069:platform/HAL/inc/stm32g4xx_ll_rcc.h **** 
1070:platform/HAL/inc/stm32g4xx_ll_rcc.h **** /**
1071:platform/HAL/inc/stm32g4xx_ll_rcc.h ****   * @}
1072:platform/HAL/inc/stm32g4xx_ll_rcc.h ****   */
1073:platform/HAL/inc/stm32g4xx_ll_rcc.h **** 
1074:platform/HAL/inc/stm32g4xx_ll_rcc.h **** /** @defgroup RCC_LL_EF_HSI48 HSI48
1075:platform/HAL/inc/stm32g4xx_ll_rcc.h ****   * @{
1076:platform/HAL/inc/stm32g4xx_ll_rcc.h ****   */
1077:platform/HAL/inc/stm32g4xx_ll_rcc.h **** 
1078:platform/HAL/inc/stm32g4xx_ll_rcc.h **** /**
1079:platform/HAL/inc/stm32g4xx_ll_rcc.h ****   * @brief  Enable HSI48
1080:platform/HAL/inc/stm32g4xx_ll_rcc.h ****   * @rmtoll CRRCR          HSI48ON       LL_RCC_HSI48_Enable
1081:platform/HAL/inc/stm32g4xx_ll_rcc.h ****   * @retval None
1082:platform/HAL/inc/stm32g4xx_ll_rcc.h ****   */
1083:platform/HAL/inc/stm32g4xx_ll_rcc.h **** __STATIC_INLINE void LL_RCC_HSI48_Enable(void)
1084:platform/HAL/inc/stm32g4xx_ll_rcc.h **** {
1085:platform/HAL/inc/stm32g4xx_ll_rcc.h ****   SET_BIT(RCC->CRRCR, RCC_CRRCR_HSI48ON);
1086:platform/HAL/inc/stm32g4xx_ll_rcc.h **** }
1087:platform/HAL/inc/stm32g4xx_ll_rcc.h **** 
1088:platform/HAL/inc/stm32g4xx_ll_rcc.h **** /**
1089:platform/HAL/inc/stm32g4xx_ll_rcc.h ****   * @brief  Disable HSI48
1090:platform/HAL/inc/stm32g4xx_ll_rcc.h ****   * @rmtoll CRRCR          HSI48ON       LL_RCC_HSI48_Disable
1091:platform/HAL/inc/stm32g4xx_ll_rcc.h ****   * @retval None
1092:platform/HAL/inc/stm32g4xx_ll_rcc.h ****   */
1093:platform/HAL/inc/stm32g4xx_ll_rcc.h **** __STATIC_INLINE void LL_RCC_HSI48_Disable(void)
1094:platform/HAL/inc/stm32g4xx_ll_rcc.h **** {
1095:platform/HAL/inc/stm32g4xx_ll_rcc.h ****   CLEAR_BIT(RCC->CRRCR, RCC_CRRCR_HSI48ON);
1096:platform/HAL/inc/stm32g4xx_ll_rcc.h **** }
1097:platform/HAL/inc/stm32g4xx_ll_rcc.h **** 
1098:platform/HAL/inc/stm32g4xx_ll_rcc.h **** /**
1099:platform/HAL/inc/stm32g4xx_ll_rcc.h ****   * @brief  Check if HSI48 oscillator Ready
1100:platform/HAL/inc/stm32g4xx_ll_rcc.h ****   * @rmtoll CRRCR          HSI48RDY      LL_RCC_HSI48_IsReady
1101:platform/HAL/inc/stm32g4xx_ll_rcc.h ****   * @retval State of bit (1 or 0).
1102:platform/HAL/inc/stm32g4xx_ll_rcc.h ****   */
1103:platform/HAL/inc/stm32g4xx_ll_rcc.h **** __STATIC_INLINE uint32_t LL_RCC_HSI48_IsReady(void)
1104:platform/HAL/inc/stm32g4xx_ll_rcc.h **** {
1105:platform/HAL/inc/stm32g4xx_ll_rcc.h ****   return ((READ_BIT(RCC->CRRCR, RCC_CRRCR_HSI48RDY) == (RCC_CRRCR_HSI48RDY)) ? 1UL : 0UL);
1106:platform/HAL/inc/stm32g4xx_ll_rcc.h **** }
1107:platform/HAL/inc/stm32g4xx_ll_rcc.h **** 
1108:platform/HAL/inc/stm32g4xx_ll_rcc.h **** /**
1109:platform/HAL/inc/stm32g4xx_ll_rcc.h ****   * @brief  Get HSI48 Calibration value
1110:platform/HAL/inc/stm32g4xx_ll_rcc.h ****   * @rmtoll CRRCR          HSI48CAL      LL_RCC_HSI48_GetCalibration
1111:platform/HAL/inc/stm32g4xx_ll_rcc.h ****   * @retval Between Min_Data = 0x00 and Max_Data = 0x1FF
ARM GAS  /tmp/ccY3Jimf.s 			page 33


1112:platform/HAL/inc/stm32g4xx_ll_rcc.h ****   */
1113:platform/HAL/inc/stm32g4xx_ll_rcc.h **** __STATIC_INLINE uint32_t LL_RCC_HSI48_GetCalibration(void)
1114:platform/HAL/inc/stm32g4xx_ll_rcc.h **** {
1115:platform/HAL/inc/stm32g4xx_ll_rcc.h ****   return (uint32_t)(READ_BIT(RCC->CRRCR, RCC_CRRCR_HSI48CAL) >> RCC_CRRCR_HSI48CAL_Pos);
1116:platform/HAL/inc/stm32g4xx_ll_rcc.h **** }
1117:platform/HAL/inc/stm32g4xx_ll_rcc.h **** 
1118:platform/HAL/inc/stm32g4xx_ll_rcc.h **** /**
1119:platform/HAL/inc/stm32g4xx_ll_rcc.h ****   * @}
1120:platform/HAL/inc/stm32g4xx_ll_rcc.h ****   */
1121:platform/HAL/inc/stm32g4xx_ll_rcc.h **** 
1122:platform/HAL/inc/stm32g4xx_ll_rcc.h **** /** @defgroup RCC_LL_EF_LSE LSE
1123:platform/HAL/inc/stm32g4xx_ll_rcc.h ****   * @{
1124:platform/HAL/inc/stm32g4xx_ll_rcc.h ****   */
1125:platform/HAL/inc/stm32g4xx_ll_rcc.h **** 
1126:platform/HAL/inc/stm32g4xx_ll_rcc.h **** /**
1127:platform/HAL/inc/stm32g4xx_ll_rcc.h ****   * @brief  Enable  Low Speed External (LSE) crystal.
1128:platform/HAL/inc/stm32g4xx_ll_rcc.h ****   * @rmtoll BDCR         LSEON         LL_RCC_LSE_Enable
1129:platform/HAL/inc/stm32g4xx_ll_rcc.h ****   * @retval None
1130:platform/HAL/inc/stm32g4xx_ll_rcc.h ****   */
1131:platform/HAL/inc/stm32g4xx_ll_rcc.h **** __STATIC_INLINE void LL_RCC_LSE_Enable(void)
1132:platform/HAL/inc/stm32g4xx_ll_rcc.h **** {
1133:platform/HAL/inc/stm32g4xx_ll_rcc.h ****   SET_BIT(RCC->BDCR, RCC_BDCR_LSEON);
1134:platform/HAL/inc/stm32g4xx_ll_rcc.h **** }
1135:platform/HAL/inc/stm32g4xx_ll_rcc.h **** 
1136:platform/HAL/inc/stm32g4xx_ll_rcc.h **** /**
1137:platform/HAL/inc/stm32g4xx_ll_rcc.h ****   * @brief  Disable  Low Speed External (LSE) crystal.
1138:platform/HAL/inc/stm32g4xx_ll_rcc.h ****   * @rmtoll BDCR         LSEON         LL_RCC_LSE_Disable
1139:platform/HAL/inc/stm32g4xx_ll_rcc.h ****   * @retval None
1140:platform/HAL/inc/stm32g4xx_ll_rcc.h ****   */
1141:platform/HAL/inc/stm32g4xx_ll_rcc.h **** __STATIC_INLINE void LL_RCC_LSE_Disable(void)
1142:platform/HAL/inc/stm32g4xx_ll_rcc.h **** {
1143:platform/HAL/inc/stm32g4xx_ll_rcc.h ****   CLEAR_BIT(RCC->BDCR, RCC_BDCR_LSEON);
1144:platform/HAL/inc/stm32g4xx_ll_rcc.h **** }
1145:platform/HAL/inc/stm32g4xx_ll_rcc.h **** 
1146:platform/HAL/inc/stm32g4xx_ll_rcc.h **** /**
1147:platform/HAL/inc/stm32g4xx_ll_rcc.h ****   * @brief  Enable external clock source (LSE bypass).
1148:platform/HAL/inc/stm32g4xx_ll_rcc.h ****   * @rmtoll BDCR         LSEBYP        LL_RCC_LSE_EnableBypass
1149:platform/HAL/inc/stm32g4xx_ll_rcc.h ****   * @retval None
1150:platform/HAL/inc/stm32g4xx_ll_rcc.h ****   */
1151:platform/HAL/inc/stm32g4xx_ll_rcc.h **** __STATIC_INLINE void LL_RCC_LSE_EnableBypass(void)
1152:platform/HAL/inc/stm32g4xx_ll_rcc.h **** {
1153:platform/HAL/inc/stm32g4xx_ll_rcc.h ****   SET_BIT(RCC->BDCR, RCC_BDCR_LSEBYP);
1154:platform/HAL/inc/stm32g4xx_ll_rcc.h **** }
1155:platform/HAL/inc/stm32g4xx_ll_rcc.h **** 
1156:platform/HAL/inc/stm32g4xx_ll_rcc.h **** /**
1157:platform/HAL/inc/stm32g4xx_ll_rcc.h ****   * @brief  Disable external clock source (LSE bypass).
1158:platform/HAL/inc/stm32g4xx_ll_rcc.h ****   * @rmtoll BDCR         LSEBYP        LL_RCC_LSE_DisableBypass
1159:platform/HAL/inc/stm32g4xx_ll_rcc.h ****   * @retval None
1160:platform/HAL/inc/stm32g4xx_ll_rcc.h ****   */
1161:platform/HAL/inc/stm32g4xx_ll_rcc.h **** __STATIC_INLINE void LL_RCC_LSE_DisableBypass(void)
1162:platform/HAL/inc/stm32g4xx_ll_rcc.h **** {
1163:platform/HAL/inc/stm32g4xx_ll_rcc.h ****   CLEAR_BIT(RCC->BDCR, RCC_BDCR_LSEBYP);
1164:platform/HAL/inc/stm32g4xx_ll_rcc.h **** }
1165:platform/HAL/inc/stm32g4xx_ll_rcc.h **** 
1166:platform/HAL/inc/stm32g4xx_ll_rcc.h **** /**
1167:platform/HAL/inc/stm32g4xx_ll_rcc.h ****   * @brief  Set LSE oscillator drive capability
1168:platform/HAL/inc/stm32g4xx_ll_rcc.h ****   * @note The oscillator is in Xtal mode when it is not in bypass mode.
ARM GAS  /tmp/ccY3Jimf.s 			page 34


1169:platform/HAL/inc/stm32g4xx_ll_rcc.h ****   * @rmtoll BDCR         LSEDRV        LL_RCC_LSE_SetDriveCapability
1170:platform/HAL/inc/stm32g4xx_ll_rcc.h ****   * @param  LSEDrive This parameter can be one of the following values:
1171:platform/HAL/inc/stm32g4xx_ll_rcc.h ****   *         @arg @ref LL_RCC_LSEDRIVE_LOW
1172:platform/HAL/inc/stm32g4xx_ll_rcc.h ****   *         @arg @ref LL_RCC_LSEDRIVE_MEDIUMLOW
1173:platform/HAL/inc/stm32g4xx_ll_rcc.h ****   *         @arg @ref LL_RCC_LSEDRIVE_MEDIUMHIGH
1174:platform/HAL/inc/stm32g4xx_ll_rcc.h ****   *         @arg @ref LL_RCC_LSEDRIVE_HIGH
1175:platform/HAL/inc/stm32g4xx_ll_rcc.h ****   * @retval None
1176:platform/HAL/inc/stm32g4xx_ll_rcc.h ****   */
1177:platform/HAL/inc/stm32g4xx_ll_rcc.h **** __STATIC_INLINE void LL_RCC_LSE_SetDriveCapability(uint32_t LSEDrive)
1178:platform/HAL/inc/stm32g4xx_ll_rcc.h **** {
1179:platform/HAL/inc/stm32g4xx_ll_rcc.h ****   MODIFY_REG(RCC->BDCR, RCC_BDCR_LSEDRV, LSEDrive);
1180:platform/HAL/inc/stm32g4xx_ll_rcc.h **** }
1181:platform/HAL/inc/stm32g4xx_ll_rcc.h **** 
1182:platform/HAL/inc/stm32g4xx_ll_rcc.h **** /**
1183:platform/HAL/inc/stm32g4xx_ll_rcc.h ****   * @brief  Get LSE oscillator drive capability
1184:platform/HAL/inc/stm32g4xx_ll_rcc.h ****   * @rmtoll BDCR         LSEDRV        LL_RCC_LSE_GetDriveCapability
1185:platform/HAL/inc/stm32g4xx_ll_rcc.h ****   * @retval Returned value can be one of the following values:
1186:platform/HAL/inc/stm32g4xx_ll_rcc.h ****   *         @arg @ref LL_RCC_LSEDRIVE_LOW
1187:platform/HAL/inc/stm32g4xx_ll_rcc.h ****   *         @arg @ref LL_RCC_LSEDRIVE_MEDIUMLOW
1188:platform/HAL/inc/stm32g4xx_ll_rcc.h ****   *         @arg @ref LL_RCC_LSEDRIVE_MEDIUMHIGH
1189:platform/HAL/inc/stm32g4xx_ll_rcc.h ****   *         @arg @ref LL_RCC_LSEDRIVE_HIGH
1190:platform/HAL/inc/stm32g4xx_ll_rcc.h ****   */
1191:platform/HAL/inc/stm32g4xx_ll_rcc.h **** __STATIC_INLINE uint32_t LL_RCC_LSE_GetDriveCapability(void)
1192:platform/HAL/inc/stm32g4xx_ll_rcc.h **** {
1193:platform/HAL/inc/stm32g4xx_ll_rcc.h ****   return (uint32_t)(READ_BIT(RCC->BDCR, RCC_BDCR_LSEDRV));
1194:platform/HAL/inc/stm32g4xx_ll_rcc.h **** }
1195:platform/HAL/inc/stm32g4xx_ll_rcc.h **** 
1196:platform/HAL/inc/stm32g4xx_ll_rcc.h **** /**
1197:platform/HAL/inc/stm32g4xx_ll_rcc.h ****   * @brief  Enable Clock security system on LSE.
1198:platform/HAL/inc/stm32g4xx_ll_rcc.h ****   * @rmtoll BDCR         LSECSSON      LL_RCC_LSE_EnableCSS
1199:platform/HAL/inc/stm32g4xx_ll_rcc.h ****   * @retval None
1200:platform/HAL/inc/stm32g4xx_ll_rcc.h ****   */
1201:platform/HAL/inc/stm32g4xx_ll_rcc.h **** __STATIC_INLINE void LL_RCC_LSE_EnableCSS(void)
1202:platform/HAL/inc/stm32g4xx_ll_rcc.h **** {
1203:platform/HAL/inc/stm32g4xx_ll_rcc.h ****   SET_BIT(RCC->BDCR, RCC_BDCR_LSECSSON);
1204:platform/HAL/inc/stm32g4xx_ll_rcc.h **** }
1205:platform/HAL/inc/stm32g4xx_ll_rcc.h **** 
1206:platform/HAL/inc/stm32g4xx_ll_rcc.h **** /**
1207:platform/HAL/inc/stm32g4xx_ll_rcc.h ****   * @brief  Disable Clock security system on LSE.
1208:platform/HAL/inc/stm32g4xx_ll_rcc.h ****   * @note Clock security system can be disabled only after a LSE
1209:platform/HAL/inc/stm32g4xx_ll_rcc.h ****   *       failure detection. In that case it MUST be disabled by software.
1210:platform/HAL/inc/stm32g4xx_ll_rcc.h ****   * @rmtoll BDCR         LSECSSON      LL_RCC_LSE_DisableCSS
1211:platform/HAL/inc/stm32g4xx_ll_rcc.h ****   * @retval None
1212:platform/HAL/inc/stm32g4xx_ll_rcc.h ****   */
1213:platform/HAL/inc/stm32g4xx_ll_rcc.h **** __STATIC_INLINE void LL_RCC_LSE_DisableCSS(void)
1214:platform/HAL/inc/stm32g4xx_ll_rcc.h **** {
1215:platform/HAL/inc/stm32g4xx_ll_rcc.h ****   CLEAR_BIT(RCC->BDCR, RCC_BDCR_LSECSSON);
1216:platform/HAL/inc/stm32g4xx_ll_rcc.h **** }
1217:platform/HAL/inc/stm32g4xx_ll_rcc.h **** 
1218:platform/HAL/inc/stm32g4xx_ll_rcc.h **** /**
1219:platform/HAL/inc/stm32g4xx_ll_rcc.h ****   * @brief  Check if LSE oscillator Ready
1220:platform/HAL/inc/stm32g4xx_ll_rcc.h ****   * @rmtoll BDCR         LSERDY        LL_RCC_LSE_IsReady
1221:platform/HAL/inc/stm32g4xx_ll_rcc.h ****   * @retval State of bit (1 or 0).
1222:platform/HAL/inc/stm32g4xx_ll_rcc.h ****   */
1223:platform/HAL/inc/stm32g4xx_ll_rcc.h **** __STATIC_INLINE uint32_t LL_RCC_LSE_IsReady(void)
1224:platform/HAL/inc/stm32g4xx_ll_rcc.h **** {
1225:platform/HAL/inc/stm32g4xx_ll_rcc.h ****   return ((READ_BIT(RCC->BDCR, RCC_BDCR_LSERDY) == (RCC_BDCR_LSERDY)) ? 1UL : 0UL);
ARM GAS  /tmp/ccY3Jimf.s 			page 35


1226:platform/HAL/inc/stm32g4xx_ll_rcc.h **** }
1227:platform/HAL/inc/stm32g4xx_ll_rcc.h **** 
1228:platform/HAL/inc/stm32g4xx_ll_rcc.h **** /**
1229:platform/HAL/inc/stm32g4xx_ll_rcc.h ****   * @brief  Check if CSS on LSE failure Detection
1230:platform/HAL/inc/stm32g4xx_ll_rcc.h ****   * @rmtoll BDCR         LSECSSD       LL_RCC_LSE_IsCSSDetected
1231:platform/HAL/inc/stm32g4xx_ll_rcc.h ****   * @retval State of bit (1 or 0).
1232:platform/HAL/inc/stm32g4xx_ll_rcc.h ****   */
1233:platform/HAL/inc/stm32g4xx_ll_rcc.h **** __STATIC_INLINE uint32_t LL_RCC_LSE_IsCSSDetected(void)
1234:platform/HAL/inc/stm32g4xx_ll_rcc.h **** {
1235:platform/HAL/inc/stm32g4xx_ll_rcc.h ****   return ((READ_BIT(RCC->BDCR, RCC_BDCR_LSECSSD) == (RCC_BDCR_LSECSSD)) ? 1UL : 0UL);
1236:platform/HAL/inc/stm32g4xx_ll_rcc.h **** }
1237:platform/HAL/inc/stm32g4xx_ll_rcc.h **** 
1238:platform/HAL/inc/stm32g4xx_ll_rcc.h **** /**
1239:platform/HAL/inc/stm32g4xx_ll_rcc.h ****   * @}
1240:platform/HAL/inc/stm32g4xx_ll_rcc.h ****   */
1241:platform/HAL/inc/stm32g4xx_ll_rcc.h **** 
1242:platform/HAL/inc/stm32g4xx_ll_rcc.h **** /** @defgroup RCC_LL_EF_LSI LSI
1243:platform/HAL/inc/stm32g4xx_ll_rcc.h ****   * @{
1244:platform/HAL/inc/stm32g4xx_ll_rcc.h ****   */
1245:platform/HAL/inc/stm32g4xx_ll_rcc.h **** 
1246:platform/HAL/inc/stm32g4xx_ll_rcc.h **** /**
1247:platform/HAL/inc/stm32g4xx_ll_rcc.h ****   * @brief  Enable LSI Oscillator
1248:platform/HAL/inc/stm32g4xx_ll_rcc.h ****   * @rmtoll CSR          LSION         LL_RCC_LSI_Enable
1249:platform/HAL/inc/stm32g4xx_ll_rcc.h ****   * @retval None
1250:platform/HAL/inc/stm32g4xx_ll_rcc.h ****   */
1251:platform/HAL/inc/stm32g4xx_ll_rcc.h **** __STATIC_INLINE void LL_RCC_LSI_Enable(void)
1252:platform/HAL/inc/stm32g4xx_ll_rcc.h **** {
1253:platform/HAL/inc/stm32g4xx_ll_rcc.h ****   SET_BIT(RCC->CSR, RCC_CSR_LSION);
1254:platform/HAL/inc/stm32g4xx_ll_rcc.h **** }
1255:platform/HAL/inc/stm32g4xx_ll_rcc.h **** 
1256:platform/HAL/inc/stm32g4xx_ll_rcc.h **** /**
1257:platform/HAL/inc/stm32g4xx_ll_rcc.h ****   * @brief  Disable LSI Oscillator
1258:platform/HAL/inc/stm32g4xx_ll_rcc.h ****   * @rmtoll CSR          LSION         LL_RCC_LSI_Disable
1259:platform/HAL/inc/stm32g4xx_ll_rcc.h ****   * @retval None
1260:platform/HAL/inc/stm32g4xx_ll_rcc.h ****   */
1261:platform/HAL/inc/stm32g4xx_ll_rcc.h **** __STATIC_INLINE void LL_RCC_LSI_Disable(void)
1262:platform/HAL/inc/stm32g4xx_ll_rcc.h **** {
1263:platform/HAL/inc/stm32g4xx_ll_rcc.h ****   CLEAR_BIT(RCC->CSR, RCC_CSR_LSION);
1264:platform/HAL/inc/stm32g4xx_ll_rcc.h **** }
1265:platform/HAL/inc/stm32g4xx_ll_rcc.h **** 
1266:platform/HAL/inc/stm32g4xx_ll_rcc.h **** /**
1267:platform/HAL/inc/stm32g4xx_ll_rcc.h ****   * @brief  Check if LSI is Ready
1268:platform/HAL/inc/stm32g4xx_ll_rcc.h ****   * @rmtoll CSR          LSIRDY        LL_RCC_LSI_IsReady
1269:platform/HAL/inc/stm32g4xx_ll_rcc.h ****   * @retval State of bit (1 or 0).
1270:platform/HAL/inc/stm32g4xx_ll_rcc.h ****   */
1271:platform/HAL/inc/stm32g4xx_ll_rcc.h **** __STATIC_INLINE uint32_t LL_RCC_LSI_IsReady(void)
1272:platform/HAL/inc/stm32g4xx_ll_rcc.h **** {
1273:platform/HAL/inc/stm32g4xx_ll_rcc.h ****   return ((READ_BIT(RCC->CSR, RCC_CSR_LSIRDY) == (RCC_CSR_LSIRDY)) ? 1UL : 0UL);
1274:platform/HAL/inc/stm32g4xx_ll_rcc.h **** }
1275:platform/HAL/inc/stm32g4xx_ll_rcc.h **** 
1276:platform/HAL/inc/stm32g4xx_ll_rcc.h **** /**
1277:platform/HAL/inc/stm32g4xx_ll_rcc.h ****   * @}
1278:platform/HAL/inc/stm32g4xx_ll_rcc.h ****   */
1279:platform/HAL/inc/stm32g4xx_ll_rcc.h **** 
1280:platform/HAL/inc/stm32g4xx_ll_rcc.h **** /** @defgroup RCC_LL_EF_LSCO LSCO
1281:platform/HAL/inc/stm32g4xx_ll_rcc.h ****   * @{
1282:platform/HAL/inc/stm32g4xx_ll_rcc.h ****   */
ARM GAS  /tmp/ccY3Jimf.s 			page 36


1283:platform/HAL/inc/stm32g4xx_ll_rcc.h **** 
1284:platform/HAL/inc/stm32g4xx_ll_rcc.h **** /**
1285:platform/HAL/inc/stm32g4xx_ll_rcc.h ****   * @brief  Enable Low speed clock
1286:platform/HAL/inc/stm32g4xx_ll_rcc.h ****   * @rmtoll BDCR         LSCOEN        LL_RCC_LSCO_Enable
1287:platform/HAL/inc/stm32g4xx_ll_rcc.h ****   * @retval None
1288:platform/HAL/inc/stm32g4xx_ll_rcc.h ****   */
1289:platform/HAL/inc/stm32g4xx_ll_rcc.h **** __STATIC_INLINE void LL_RCC_LSCO_Enable(void)
1290:platform/HAL/inc/stm32g4xx_ll_rcc.h **** {
1291:platform/HAL/inc/stm32g4xx_ll_rcc.h ****   SET_BIT(RCC->BDCR, RCC_BDCR_LSCOEN);
1292:platform/HAL/inc/stm32g4xx_ll_rcc.h **** }
1293:platform/HAL/inc/stm32g4xx_ll_rcc.h **** 
1294:platform/HAL/inc/stm32g4xx_ll_rcc.h **** /**
1295:platform/HAL/inc/stm32g4xx_ll_rcc.h ****   * @brief  Disable Low speed clock
1296:platform/HAL/inc/stm32g4xx_ll_rcc.h ****   * @rmtoll BDCR         LSCOEN        LL_RCC_LSCO_Disable
1297:platform/HAL/inc/stm32g4xx_ll_rcc.h ****   * @retval None
1298:platform/HAL/inc/stm32g4xx_ll_rcc.h ****   */
1299:platform/HAL/inc/stm32g4xx_ll_rcc.h **** __STATIC_INLINE void LL_RCC_LSCO_Disable(void)
1300:platform/HAL/inc/stm32g4xx_ll_rcc.h **** {
1301:platform/HAL/inc/stm32g4xx_ll_rcc.h ****   CLEAR_BIT(RCC->BDCR, RCC_BDCR_LSCOEN);
1302:platform/HAL/inc/stm32g4xx_ll_rcc.h **** }
1303:platform/HAL/inc/stm32g4xx_ll_rcc.h **** 
1304:platform/HAL/inc/stm32g4xx_ll_rcc.h **** /**
1305:platform/HAL/inc/stm32g4xx_ll_rcc.h ****   * @brief  Configure Low speed clock selection
1306:platform/HAL/inc/stm32g4xx_ll_rcc.h ****   * @rmtoll BDCR         LSCOSEL       LL_RCC_LSCO_SetSource
1307:platform/HAL/inc/stm32g4xx_ll_rcc.h ****   * @param  Source This parameter can be one of the following values:
1308:platform/HAL/inc/stm32g4xx_ll_rcc.h ****   *         @arg @ref LL_RCC_LSCO_CLKSOURCE_LSI
1309:platform/HAL/inc/stm32g4xx_ll_rcc.h ****   *         @arg @ref LL_RCC_LSCO_CLKSOURCE_LSE
1310:platform/HAL/inc/stm32g4xx_ll_rcc.h ****   * @retval None
1311:platform/HAL/inc/stm32g4xx_ll_rcc.h ****   */
1312:platform/HAL/inc/stm32g4xx_ll_rcc.h **** __STATIC_INLINE void LL_RCC_LSCO_SetSource(uint32_t Source)
1313:platform/HAL/inc/stm32g4xx_ll_rcc.h **** {
1314:platform/HAL/inc/stm32g4xx_ll_rcc.h ****   MODIFY_REG(RCC->BDCR, RCC_BDCR_LSCOSEL, Source);
1315:platform/HAL/inc/stm32g4xx_ll_rcc.h **** }
1316:platform/HAL/inc/stm32g4xx_ll_rcc.h **** 
1317:platform/HAL/inc/stm32g4xx_ll_rcc.h **** /**
1318:platform/HAL/inc/stm32g4xx_ll_rcc.h ****   * @brief  Get Low speed clock selection
1319:platform/HAL/inc/stm32g4xx_ll_rcc.h ****   * @rmtoll BDCR         LSCOSEL       LL_RCC_LSCO_GetSource
1320:platform/HAL/inc/stm32g4xx_ll_rcc.h ****   * @retval Returned value can be one of the following values:
1321:platform/HAL/inc/stm32g4xx_ll_rcc.h ****   *         @arg @ref LL_RCC_LSCO_CLKSOURCE_LSI
1322:platform/HAL/inc/stm32g4xx_ll_rcc.h ****   *         @arg @ref LL_RCC_LSCO_CLKSOURCE_LSE
1323:platform/HAL/inc/stm32g4xx_ll_rcc.h ****   */
1324:platform/HAL/inc/stm32g4xx_ll_rcc.h **** __STATIC_INLINE uint32_t LL_RCC_LSCO_GetSource(void)
1325:platform/HAL/inc/stm32g4xx_ll_rcc.h **** {
1326:platform/HAL/inc/stm32g4xx_ll_rcc.h ****   return (uint32_t)(READ_BIT(RCC->BDCR, RCC_BDCR_LSCOSEL));
1327:platform/HAL/inc/stm32g4xx_ll_rcc.h **** }
1328:platform/HAL/inc/stm32g4xx_ll_rcc.h **** 
1329:platform/HAL/inc/stm32g4xx_ll_rcc.h **** /**
1330:platform/HAL/inc/stm32g4xx_ll_rcc.h ****   * @}
1331:platform/HAL/inc/stm32g4xx_ll_rcc.h ****   */
1332:platform/HAL/inc/stm32g4xx_ll_rcc.h **** 
1333:platform/HAL/inc/stm32g4xx_ll_rcc.h **** /** @defgroup RCC_LL_EF_System System
1334:platform/HAL/inc/stm32g4xx_ll_rcc.h ****   * @{
1335:platform/HAL/inc/stm32g4xx_ll_rcc.h ****   */
1336:platform/HAL/inc/stm32g4xx_ll_rcc.h **** 
1337:platform/HAL/inc/stm32g4xx_ll_rcc.h **** /**
1338:platform/HAL/inc/stm32g4xx_ll_rcc.h ****   * @brief  Configure the system clock source
1339:platform/HAL/inc/stm32g4xx_ll_rcc.h ****   * @rmtoll CFGR         SW            LL_RCC_SetSysClkSource
ARM GAS  /tmp/ccY3Jimf.s 			page 37


1340:platform/HAL/inc/stm32g4xx_ll_rcc.h ****   * @param  Source This parameter can be one of the following values:
1341:platform/HAL/inc/stm32g4xx_ll_rcc.h ****   *         @arg @ref LL_RCC_SYS_CLKSOURCE_HSI
1342:platform/HAL/inc/stm32g4xx_ll_rcc.h ****   *         @arg @ref LL_RCC_SYS_CLKSOURCE_HSE
1343:platform/HAL/inc/stm32g4xx_ll_rcc.h ****   *         @arg @ref LL_RCC_SYS_CLKSOURCE_PLL
1344:platform/HAL/inc/stm32g4xx_ll_rcc.h ****   * @retval None
1345:platform/HAL/inc/stm32g4xx_ll_rcc.h ****   */
1346:platform/HAL/inc/stm32g4xx_ll_rcc.h **** __STATIC_INLINE void LL_RCC_SetSysClkSource(uint32_t Source)
1347:platform/HAL/inc/stm32g4xx_ll_rcc.h **** {
1348:platform/HAL/inc/stm32g4xx_ll_rcc.h ****   MODIFY_REG(RCC->CFGR, RCC_CFGR_SW, Source);
1349:platform/HAL/inc/stm32g4xx_ll_rcc.h **** }
1350:platform/HAL/inc/stm32g4xx_ll_rcc.h **** 
1351:platform/HAL/inc/stm32g4xx_ll_rcc.h **** /**
1352:platform/HAL/inc/stm32g4xx_ll_rcc.h ****   * @brief  Get the system clock source
1353:platform/HAL/inc/stm32g4xx_ll_rcc.h ****   * @rmtoll CFGR         SWS           LL_RCC_GetSysClkSource
1354:platform/HAL/inc/stm32g4xx_ll_rcc.h ****   * @retval Returned value can be one of the following values:
1355:platform/HAL/inc/stm32g4xx_ll_rcc.h ****   *         @arg @ref LL_RCC_SYS_CLKSOURCE_STATUS_HSI
1356:platform/HAL/inc/stm32g4xx_ll_rcc.h ****   *         @arg @ref LL_RCC_SYS_CLKSOURCE_STATUS_HSE
1357:platform/HAL/inc/stm32g4xx_ll_rcc.h ****   *         @arg @ref LL_RCC_SYS_CLKSOURCE_STATUS_PLL
1358:platform/HAL/inc/stm32g4xx_ll_rcc.h ****   */
1359:platform/HAL/inc/stm32g4xx_ll_rcc.h **** __STATIC_INLINE uint32_t LL_RCC_GetSysClkSource(void)
1360:platform/HAL/inc/stm32g4xx_ll_rcc.h **** {
1361:platform/HAL/inc/stm32g4xx_ll_rcc.h ****   return (uint32_t)(READ_BIT(RCC->CFGR, RCC_CFGR_SWS));
1362:platform/HAL/inc/stm32g4xx_ll_rcc.h **** }
1363:platform/HAL/inc/stm32g4xx_ll_rcc.h **** 
1364:platform/HAL/inc/stm32g4xx_ll_rcc.h **** /**
1365:platform/HAL/inc/stm32g4xx_ll_rcc.h ****   * @brief  Set AHB prescaler
1366:platform/HAL/inc/stm32g4xx_ll_rcc.h ****   * @rmtoll CFGR         HPRE          LL_RCC_SetAHBPrescaler
1367:platform/HAL/inc/stm32g4xx_ll_rcc.h ****   * @param  Prescaler This parameter can be one of the following values:
1368:platform/HAL/inc/stm32g4xx_ll_rcc.h ****   *         @arg @ref LL_RCC_SYSCLK_DIV_1
1369:platform/HAL/inc/stm32g4xx_ll_rcc.h ****   *         @arg @ref LL_RCC_SYSCLK_DIV_2
1370:platform/HAL/inc/stm32g4xx_ll_rcc.h ****   *         @arg @ref LL_RCC_SYSCLK_DIV_4
1371:platform/HAL/inc/stm32g4xx_ll_rcc.h ****   *         @arg @ref LL_RCC_SYSCLK_DIV_8
1372:platform/HAL/inc/stm32g4xx_ll_rcc.h ****   *         @arg @ref LL_RCC_SYSCLK_DIV_16
1373:platform/HAL/inc/stm32g4xx_ll_rcc.h ****   *         @arg @ref LL_RCC_SYSCLK_DIV_64
1374:platform/HAL/inc/stm32g4xx_ll_rcc.h ****   *         @arg @ref LL_RCC_SYSCLK_DIV_128
1375:platform/HAL/inc/stm32g4xx_ll_rcc.h ****   *         @arg @ref LL_RCC_SYSCLK_DIV_256
1376:platform/HAL/inc/stm32g4xx_ll_rcc.h ****   *         @arg @ref LL_RCC_SYSCLK_DIV_512
1377:platform/HAL/inc/stm32g4xx_ll_rcc.h ****   * @retval None
1378:platform/HAL/inc/stm32g4xx_ll_rcc.h ****   */
1379:platform/HAL/inc/stm32g4xx_ll_rcc.h **** __STATIC_INLINE void LL_RCC_SetAHBPrescaler(uint32_t Prescaler)
1380:platform/HAL/inc/stm32g4xx_ll_rcc.h **** {
1381:platform/HAL/inc/stm32g4xx_ll_rcc.h ****   MODIFY_REG(RCC->CFGR, RCC_CFGR_HPRE, Prescaler);
1382:platform/HAL/inc/stm32g4xx_ll_rcc.h **** }
1383:platform/HAL/inc/stm32g4xx_ll_rcc.h **** 
1384:platform/HAL/inc/stm32g4xx_ll_rcc.h **** /**
1385:platform/HAL/inc/stm32g4xx_ll_rcc.h ****   * @brief  Set APB1 prescaler
1386:platform/HAL/inc/stm32g4xx_ll_rcc.h ****   * @rmtoll CFGR         PPRE1         LL_RCC_SetAPB1Prescaler
1387:platform/HAL/inc/stm32g4xx_ll_rcc.h ****   * @param  Prescaler This parameter can be one of the following values:
1388:platform/HAL/inc/stm32g4xx_ll_rcc.h ****   *         @arg @ref LL_RCC_APB1_DIV_1
1389:platform/HAL/inc/stm32g4xx_ll_rcc.h ****   *         @arg @ref LL_RCC_APB1_DIV_2
1390:platform/HAL/inc/stm32g4xx_ll_rcc.h ****   *         @arg @ref LL_RCC_APB1_DIV_4
1391:platform/HAL/inc/stm32g4xx_ll_rcc.h ****   *         @arg @ref LL_RCC_APB1_DIV_8
1392:platform/HAL/inc/stm32g4xx_ll_rcc.h ****   *         @arg @ref LL_RCC_APB1_DIV_16
1393:platform/HAL/inc/stm32g4xx_ll_rcc.h ****   * @retval None
1394:platform/HAL/inc/stm32g4xx_ll_rcc.h ****   */
1395:platform/HAL/inc/stm32g4xx_ll_rcc.h **** __STATIC_INLINE void LL_RCC_SetAPB1Prescaler(uint32_t Prescaler)
1396:platform/HAL/inc/stm32g4xx_ll_rcc.h **** {
ARM GAS  /tmp/ccY3Jimf.s 			page 38


1397:platform/HAL/inc/stm32g4xx_ll_rcc.h ****   MODIFY_REG(RCC->CFGR, RCC_CFGR_PPRE1, Prescaler);
1398:platform/HAL/inc/stm32g4xx_ll_rcc.h **** }
1399:platform/HAL/inc/stm32g4xx_ll_rcc.h **** 
1400:platform/HAL/inc/stm32g4xx_ll_rcc.h **** /**
1401:platform/HAL/inc/stm32g4xx_ll_rcc.h ****   * @brief  Set APB2 prescaler
1402:platform/HAL/inc/stm32g4xx_ll_rcc.h ****   * @rmtoll CFGR         PPRE2         LL_RCC_SetAPB2Prescaler
1403:platform/HAL/inc/stm32g4xx_ll_rcc.h ****   * @param  Prescaler This parameter can be one of the following values:
1404:platform/HAL/inc/stm32g4xx_ll_rcc.h ****   *         @arg @ref LL_RCC_APB2_DIV_1
1405:platform/HAL/inc/stm32g4xx_ll_rcc.h ****   *         @arg @ref LL_RCC_APB2_DIV_2
1406:platform/HAL/inc/stm32g4xx_ll_rcc.h ****   *         @arg @ref LL_RCC_APB2_DIV_4
1407:platform/HAL/inc/stm32g4xx_ll_rcc.h ****   *         @arg @ref LL_RCC_APB2_DIV_8
1408:platform/HAL/inc/stm32g4xx_ll_rcc.h ****   *         @arg @ref LL_RCC_APB2_DIV_16
1409:platform/HAL/inc/stm32g4xx_ll_rcc.h ****   * @retval None
1410:platform/HAL/inc/stm32g4xx_ll_rcc.h ****   */
1411:platform/HAL/inc/stm32g4xx_ll_rcc.h **** __STATIC_INLINE void LL_RCC_SetAPB2Prescaler(uint32_t Prescaler)
1412:platform/HAL/inc/stm32g4xx_ll_rcc.h **** {
1413:platform/HAL/inc/stm32g4xx_ll_rcc.h ****   MODIFY_REG(RCC->CFGR, RCC_CFGR_PPRE2, Prescaler);
1414:platform/HAL/inc/stm32g4xx_ll_rcc.h **** }
1415:platform/HAL/inc/stm32g4xx_ll_rcc.h **** 
1416:platform/HAL/inc/stm32g4xx_ll_rcc.h **** /**
1417:platform/HAL/inc/stm32g4xx_ll_rcc.h ****   * @brief  Get AHB prescaler
1418:platform/HAL/inc/stm32g4xx_ll_rcc.h ****   * @rmtoll CFGR         HPRE          LL_RCC_GetAHBPrescaler
1419:platform/HAL/inc/stm32g4xx_ll_rcc.h ****   * @retval Returned value can be one of the following values:
1420:platform/HAL/inc/stm32g4xx_ll_rcc.h ****   *         @arg @ref LL_RCC_SYSCLK_DIV_1
1421:platform/HAL/inc/stm32g4xx_ll_rcc.h ****   *         @arg @ref LL_RCC_SYSCLK_DIV_2
1422:platform/HAL/inc/stm32g4xx_ll_rcc.h ****   *         @arg @ref LL_RCC_SYSCLK_DIV_4
1423:platform/HAL/inc/stm32g4xx_ll_rcc.h ****   *         @arg @ref LL_RCC_SYSCLK_DIV_8
1424:platform/HAL/inc/stm32g4xx_ll_rcc.h ****   *         @arg @ref LL_RCC_SYSCLK_DIV_16
1425:platform/HAL/inc/stm32g4xx_ll_rcc.h ****   *         @arg @ref LL_RCC_SYSCLK_DIV_64
1426:platform/HAL/inc/stm32g4xx_ll_rcc.h ****   *         @arg @ref LL_RCC_SYSCLK_DIV_128
1427:platform/HAL/inc/stm32g4xx_ll_rcc.h ****   *         @arg @ref LL_RCC_SYSCLK_DIV_256
1428:platform/HAL/inc/stm32g4xx_ll_rcc.h ****   *         @arg @ref LL_RCC_SYSCLK_DIV_512
1429:platform/HAL/inc/stm32g4xx_ll_rcc.h ****   */
1430:platform/HAL/inc/stm32g4xx_ll_rcc.h **** __STATIC_INLINE uint32_t LL_RCC_GetAHBPrescaler(void)
1431:platform/HAL/inc/stm32g4xx_ll_rcc.h **** {
1432:platform/HAL/inc/stm32g4xx_ll_rcc.h ****   return (uint32_t)(READ_BIT(RCC->CFGR, RCC_CFGR_HPRE));
1433:platform/HAL/inc/stm32g4xx_ll_rcc.h **** }
1434:platform/HAL/inc/stm32g4xx_ll_rcc.h **** 
1435:platform/HAL/inc/stm32g4xx_ll_rcc.h **** /**
1436:platform/HAL/inc/stm32g4xx_ll_rcc.h ****   * @brief  Get APB1 prescaler
1437:platform/HAL/inc/stm32g4xx_ll_rcc.h ****   * @rmtoll CFGR         PPRE1         LL_RCC_GetAPB1Prescaler
1438:platform/HAL/inc/stm32g4xx_ll_rcc.h ****   * @retval Returned value can be one of the following values:
1439:platform/HAL/inc/stm32g4xx_ll_rcc.h ****   *         @arg @ref LL_RCC_APB1_DIV_1
1440:platform/HAL/inc/stm32g4xx_ll_rcc.h ****   *         @arg @ref LL_RCC_APB1_DIV_2
1441:platform/HAL/inc/stm32g4xx_ll_rcc.h ****   *         @arg @ref LL_RCC_APB1_DIV_4
1442:platform/HAL/inc/stm32g4xx_ll_rcc.h ****   *         @arg @ref LL_RCC_APB1_DIV_8
1443:platform/HAL/inc/stm32g4xx_ll_rcc.h ****   *         @arg @ref LL_RCC_APB1_DIV_16
1444:platform/HAL/inc/stm32g4xx_ll_rcc.h ****   */
1445:platform/HAL/inc/stm32g4xx_ll_rcc.h **** __STATIC_INLINE uint32_t LL_RCC_GetAPB1Prescaler(void)
1446:platform/HAL/inc/stm32g4xx_ll_rcc.h **** {
1447:platform/HAL/inc/stm32g4xx_ll_rcc.h ****   return (uint32_t)(READ_BIT(RCC->CFGR, RCC_CFGR_PPRE1));
1448:platform/HAL/inc/stm32g4xx_ll_rcc.h **** }
1449:platform/HAL/inc/stm32g4xx_ll_rcc.h **** 
1450:platform/HAL/inc/stm32g4xx_ll_rcc.h **** /**
1451:platform/HAL/inc/stm32g4xx_ll_rcc.h ****   * @brief  Get APB2 prescaler
1452:platform/HAL/inc/stm32g4xx_ll_rcc.h ****   * @rmtoll CFGR         PPRE2         LL_RCC_GetAPB2Prescaler
1453:platform/HAL/inc/stm32g4xx_ll_rcc.h ****   * @retval Returned value can be one of the following values:
ARM GAS  /tmp/ccY3Jimf.s 			page 39


1454:platform/HAL/inc/stm32g4xx_ll_rcc.h ****   *         @arg @ref LL_RCC_APB2_DIV_1
1455:platform/HAL/inc/stm32g4xx_ll_rcc.h ****   *         @arg @ref LL_RCC_APB2_DIV_2
1456:platform/HAL/inc/stm32g4xx_ll_rcc.h ****   *         @arg @ref LL_RCC_APB2_DIV_4
1457:platform/HAL/inc/stm32g4xx_ll_rcc.h ****   *         @arg @ref LL_RCC_APB2_DIV_8
1458:platform/HAL/inc/stm32g4xx_ll_rcc.h ****   *         @arg @ref LL_RCC_APB2_DIV_16
1459:platform/HAL/inc/stm32g4xx_ll_rcc.h ****   */
1460:platform/HAL/inc/stm32g4xx_ll_rcc.h **** __STATIC_INLINE uint32_t LL_RCC_GetAPB2Prescaler(void)
1461:platform/HAL/inc/stm32g4xx_ll_rcc.h **** {
1462:platform/HAL/inc/stm32g4xx_ll_rcc.h ****   return (uint32_t)(READ_BIT(RCC->CFGR, RCC_CFGR_PPRE2));
1463:platform/HAL/inc/stm32g4xx_ll_rcc.h **** }
1464:platform/HAL/inc/stm32g4xx_ll_rcc.h **** 
1465:platform/HAL/inc/stm32g4xx_ll_rcc.h **** /**
1466:platform/HAL/inc/stm32g4xx_ll_rcc.h ****   * @}
1467:platform/HAL/inc/stm32g4xx_ll_rcc.h ****   */
1468:platform/HAL/inc/stm32g4xx_ll_rcc.h **** 
1469:platform/HAL/inc/stm32g4xx_ll_rcc.h **** /** @defgroup RCC_LL_EF_MCO MCO
1470:platform/HAL/inc/stm32g4xx_ll_rcc.h ****   * @{
1471:platform/HAL/inc/stm32g4xx_ll_rcc.h ****   */
1472:platform/HAL/inc/stm32g4xx_ll_rcc.h **** 
1473:platform/HAL/inc/stm32g4xx_ll_rcc.h **** /**
1474:platform/HAL/inc/stm32g4xx_ll_rcc.h ****   * @brief  Configure MCOx
1475:platform/HAL/inc/stm32g4xx_ll_rcc.h ****   * @rmtoll CFGR         MCOSEL        LL_RCC_ConfigMCO\n
1476:platform/HAL/inc/stm32g4xx_ll_rcc.h ****   *         CFGR         MCOPRE        LL_RCC_ConfigMCO
1477:platform/HAL/inc/stm32g4xx_ll_rcc.h ****   * @param  MCOxSource This parameter can be one of the following values:
1478:platform/HAL/inc/stm32g4xx_ll_rcc.h ****   *         @arg @ref LL_RCC_MCO1SOURCE_NOCLOCK
1479:platform/HAL/inc/stm32g4xx_ll_rcc.h ****   *         @arg @ref LL_RCC_MCO1SOURCE_SYSCLK
1480:platform/HAL/inc/stm32g4xx_ll_rcc.h ****   *         @arg @ref LL_RCC_MCO1SOURCE_HSI
1481:platform/HAL/inc/stm32g4xx_ll_rcc.h ****   *         @arg @ref LL_RCC_MCO1SOURCE_HSE
1482:platform/HAL/inc/stm32g4xx_ll_rcc.h ****   *         @arg @ref LL_RCC_MCO1SOURCE_HSI48
1483:platform/HAL/inc/stm32g4xx_ll_rcc.h ****   *         @arg @ref LL_RCC_MCO1SOURCE_PLLCLK
1484:platform/HAL/inc/stm32g4xx_ll_rcc.h ****   *         @arg @ref LL_RCC_MCO1SOURCE_LSI
1485:platform/HAL/inc/stm32g4xx_ll_rcc.h ****   *         @arg @ref LL_RCC_MCO1SOURCE_LSE
1486:platform/HAL/inc/stm32g4xx_ll_rcc.h ****   *
1487:platform/HAL/inc/stm32g4xx_ll_rcc.h ****   *         (*) value not defined in all devices.
1488:platform/HAL/inc/stm32g4xx_ll_rcc.h ****   * @param  MCOxPrescaler This parameter can be one of the following values:
1489:platform/HAL/inc/stm32g4xx_ll_rcc.h ****   *         @arg @ref LL_RCC_MCO1_DIV_1
1490:platform/HAL/inc/stm32g4xx_ll_rcc.h ****   *         @arg @ref LL_RCC_MCO1_DIV_2
1491:platform/HAL/inc/stm32g4xx_ll_rcc.h ****   *         @arg @ref LL_RCC_MCO1_DIV_4
1492:platform/HAL/inc/stm32g4xx_ll_rcc.h ****   *         @arg @ref LL_RCC_MCO1_DIV_8
1493:platform/HAL/inc/stm32g4xx_ll_rcc.h ****   *         @arg @ref LL_RCC_MCO1_DIV_16
1494:platform/HAL/inc/stm32g4xx_ll_rcc.h ****   * @retval None
1495:platform/HAL/inc/stm32g4xx_ll_rcc.h ****   */
1496:platform/HAL/inc/stm32g4xx_ll_rcc.h **** __STATIC_INLINE void LL_RCC_ConfigMCO(uint32_t MCOxSource, uint32_t MCOxPrescaler)
1497:platform/HAL/inc/stm32g4xx_ll_rcc.h **** {
1498:platform/HAL/inc/stm32g4xx_ll_rcc.h ****   MODIFY_REG(RCC->CFGR, RCC_CFGR_MCOSEL | RCC_CFGR_MCOPRE, MCOxSource | MCOxPrescaler);
1499:platform/HAL/inc/stm32g4xx_ll_rcc.h **** }
1500:platform/HAL/inc/stm32g4xx_ll_rcc.h **** 
1501:platform/HAL/inc/stm32g4xx_ll_rcc.h **** /**
1502:platform/HAL/inc/stm32g4xx_ll_rcc.h ****   * @}
1503:platform/HAL/inc/stm32g4xx_ll_rcc.h ****   */
1504:platform/HAL/inc/stm32g4xx_ll_rcc.h **** 
1505:platform/HAL/inc/stm32g4xx_ll_rcc.h **** /** @defgroup RCC_LL_EF_Peripheral_Clock_Source Peripheral Clock Source
1506:platform/HAL/inc/stm32g4xx_ll_rcc.h ****   * @{
1507:platform/HAL/inc/stm32g4xx_ll_rcc.h ****   */
1508:platform/HAL/inc/stm32g4xx_ll_rcc.h **** 
1509:platform/HAL/inc/stm32g4xx_ll_rcc.h **** /**
1510:platform/HAL/inc/stm32g4xx_ll_rcc.h ****   * @brief  Configure USARTx clock source
ARM GAS  /tmp/ccY3Jimf.s 			page 40


1511:platform/HAL/inc/stm32g4xx_ll_rcc.h ****   * @rmtoll CCIPR        USARTxSEL     LL_RCC_SetUSARTClockSource
1512:platform/HAL/inc/stm32g4xx_ll_rcc.h ****   * @param  USARTxSource This parameter can be one of the following values:
1513:platform/HAL/inc/stm32g4xx_ll_rcc.h ****   *         @arg @ref LL_RCC_USART1_CLKSOURCE_PCLK2
1514:platform/HAL/inc/stm32g4xx_ll_rcc.h ****   *         @arg @ref LL_RCC_USART1_CLKSOURCE_SYSCLK
1515:platform/HAL/inc/stm32g4xx_ll_rcc.h ****   *         @arg @ref LL_RCC_USART1_CLKSOURCE_HSI
1516:platform/HAL/inc/stm32g4xx_ll_rcc.h ****   *         @arg @ref LL_RCC_USART1_CLKSOURCE_LSE
1517:platform/HAL/inc/stm32g4xx_ll_rcc.h ****   *         @arg @ref LL_RCC_USART2_CLKSOURCE_PCLK1
1518:platform/HAL/inc/stm32g4xx_ll_rcc.h ****   *         @arg @ref LL_RCC_USART2_CLKSOURCE_SYSCLK
1519:platform/HAL/inc/stm32g4xx_ll_rcc.h ****   *         @arg @ref LL_RCC_USART2_CLKSOURCE_HSI
1520:platform/HAL/inc/stm32g4xx_ll_rcc.h ****   *         @arg @ref LL_RCC_USART2_CLKSOURCE_LSE
1521:platform/HAL/inc/stm32g4xx_ll_rcc.h ****   *         @arg @ref LL_RCC_USART3_CLKSOURCE_PCLK1
1522:platform/HAL/inc/stm32g4xx_ll_rcc.h ****   *         @arg @ref LL_RCC_USART3_CLKSOURCE_SYSCLK
1523:platform/HAL/inc/stm32g4xx_ll_rcc.h ****   *         @arg @ref LL_RCC_USART3_CLKSOURCE_HSI
1524:platform/HAL/inc/stm32g4xx_ll_rcc.h ****   *         @arg @ref LL_RCC_USART3_CLKSOURCE_LSE
1525:platform/HAL/inc/stm32g4xx_ll_rcc.h ****   * @retval None
1526:platform/HAL/inc/stm32g4xx_ll_rcc.h ****   */
1527:platform/HAL/inc/stm32g4xx_ll_rcc.h **** __STATIC_INLINE void LL_RCC_SetUSARTClockSource(uint32_t USARTxSource)
1528:platform/HAL/inc/stm32g4xx_ll_rcc.h **** {
1529:platform/HAL/inc/stm32g4xx_ll_rcc.h ****   MODIFY_REG(RCC->CCIPR, (USARTxSource >> 16U), (USARTxSource & 0x0000FFFFU));
1530:platform/HAL/inc/stm32g4xx_ll_rcc.h **** }
1531:platform/HAL/inc/stm32g4xx_ll_rcc.h **** 
1532:platform/HAL/inc/stm32g4xx_ll_rcc.h **** #if defined(UART4)
1533:platform/HAL/inc/stm32g4xx_ll_rcc.h **** /**
1534:platform/HAL/inc/stm32g4xx_ll_rcc.h ****   * @brief  Configure UARTx clock source
1535:platform/HAL/inc/stm32g4xx_ll_rcc.h ****   * @rmtoll CCIPR        UARTxSEL      LL_RCC_SetUARTClockSource
1536:platform/HAL/inc/stm32g4xx_ll_rcc.h ****   * @param  UARTxSource This parameter can be one of the following values:
1537:platform/HAL/inc/stm32g4xx_ll_rcc.h ****   *         @arg @ref LL_RCC_UART4_CLKSOURCE_PCLK1 (*)
1538:platform/HAL/inc/stm32g4xx_ll_rcc.h ****   *         @arg @ref LL_RCC_UART4_CLKSOURCE_SYSCLK (*)
1539:platform/HAL/inc/stm32g4xx_ll_rcc.h ****   *         @arg @ref LL_RCC_UART4_CLKSOURCE_HSI (*)
1540:platform/HAL/inc/stm32g4xx_ll_rcc.h ****   *         @arg @ref LL_RCC_UART4_CLKSOURCE_LSE (*)
1541:platform/HAL/inc/stm32g4xx_ll_rcc.h ****   *         @arg @ref LL_RCC_UART5_CLKSOURCE_PCLK1 (*)
1542:platform/HAL/inc/stm32g4xx_ll_rcc.h ****   *         @arg @ref LL_RCC_UART5_CLKSOURCE_SYSCLK (*)
1543:platform/HAL/inc/stm32g4xx_ll_rcc.h ****   *         @arg @ref LL_RCC_UART5_CLKSOURCE_HSI (*)
1544:platform/HAL/inc/stm32g4xx_ll_rcc.h ****   *         @arg @ref LL_RCC_UART5_CLKSOURCE_LSE (*)
1545:platform/HAL/inc/stm32g4xx_ll_rcc.h ****   *
1546:platform/HAL/inc/stm32g4xx_ll_rcc.h ****   *         (*) value not defined in all devices.
1547:platform/HAL/inc/stm32g4xx_ll_rcc.h ****   * @retval None
1548:platform/HAL/inc/stm32g4xx_ll_rcc.h ****   */
1549:platform/HAL/inc/stm32g4xx_ll_rcc.h **** __STATIC_INLINE void LL_RCC_SetUARTClockSource(uint32_t UARTxSource)
1550:platform/HAL/inc/stm32g4xx_ll_rcc.h **** {
1551:platform/HAL/inc/stm32g4xx_ll_rcc.h ****   MODIFY_REG(RCC->CCIPR, (UARTxSource >> 16U), (UARTxSource & 0x0000FFFFU));
1552:platform/HAL/inc/stm32g4xx_ll_rcc.h **** }
1553:platform/HAL/inc/stm32g4xx_ll_rcc.h **** #endif /* UART4 */
1554:platform/HAL/inc/stm32g4xx_ll_rcc.h **** 
1555:platform/HAL/inc/stm32g4xx_ll_rcc.h **** /**
1556:platform/HAL/inc/stm32g4xx_ll_rcc.h ****   * @brief  Configure LPUART1x clock source
1557:platform/HAL/inc/stm32g4xx_ll_rcc.h ****   * @rmtoll CCIPR        LPUART1SEL    LL_RCC_SetLPUARTClockSource
1558:platform/HAL/inc/stm32g4xx_ll_rcc.h ****   * @param  LPUARTxSource This parameter can be one of the following values:
1559:platform/HAL/inc/stm32g4xx_ll_rcc.h ****   *         @arg @ref LL_RCC_LPUART1_CLKSOURCE_PCLK1
1560:platform/HAL/inc/stm32g4xx_ll_rcc.h ****   *         @arg @ref LL_RCC_LPUART1_CLKSOURCE_SYSCLK
1561:platform/HAL/inc/stm32g4xx_ll_rcc.h ****   *         @arg @ref LL_RCC_LPUART1_CLKSOURCE_HSI
1562:platform/HAL/inc/stm32g4xx_ll_rcc.h ****   *         @arg @ref LL_RCC_LPUART1_CLKSOURCE_LSE
1563:platform/HAL/inc/stm32g4xx_ll_rcc.h ****   * @retval None
1564:platform/HAL/inc/stm32g4xx_ll_rcc.h ****   */
1565:platform/HAL/inc/stm32g4xx_ll_rcc.h **** __STATIC_INLINE void LL_RCC_SetLPUARTClockSource(uint32_t LPUARTxSource)
1566:platform/HAL/inc/stm32g4xx_ll_rcc.h **** {
1567:platform/HAL/inc/stm32g4xx_ll_rcc.h ****   MODIFY_REG(RCC->CCIPR, RCC_CCIPR_LPUART1SEL, LPUARTxSource);
ARM GAS  /tmp/ccY3Jimf.s 			page 41


1568:platform/HAL/inc/stm32g4xx_ll_rcc.h **** }
1569:platform/HAL/inc/stm32g4xx_ll_rcc.h **** 
1570:platform/HAL/inc/stm32g4xx_ll_rcc.h **** /**
1571:platform/HAL/inc/stm32g4xx_ll_rcc.h ****   * @brief  Configure I2Cx clock source
1572:platform/HAL/inc/stm32g4xx_ll_rcc.h ****   * @rmtoll CCIPR        I2CxSEL       LL_RCC_SetI2CClockSource
1573:platform/HAL/inc/stm32g4xx_ll_rcc.h ****   * @param  I2CxSource This parameter can be one of the following values:
1574:platform/HAL/inc/stm32g4xx_ll_rcc.h ****   *         @arg @ref LL_RCC_I2C1_CLKSOURCE_PCLK1
1575:platform/HAL/inc/stm32g4xx_ll_rcc.h ****   *         @arg @ref LL_RCC_I2C1_CLKSOURCE_SYSCLK
1576:platform/HAL/inc/stm32g4xx_ll_rcc.h ****   *         @arg @ref LL_RCC_I2C1_CLKSOURCE_HSI
1577:platform/HAL/inc/stm32g4xx_ll_rcc.h ****   *         @arg @ref LL_RCC_I2C2_CLKSOURCE_PCLK1
1578:platform/HAL/inc/stm32g4xx_ll_rcc.h ****   *         @arg @ref LL_RCC_I2C2_CLKSOURCE_SYSCLK
1579:platform/HAL/inc/stm32g4xx_ll_rcc.h ****   *         @arg @ref LL_RCC_I2C2_CLKSOURCE_HSI
1580:platform/HAL/inc/stm32g4xx_ll_rcc.h ****   *         @arg @ref LL_RCC_I2C3_CLKSOURCE_PCLK1
1581:platform/HAL/inc/stm32g4xx_ll_rcc.h ****   *         @arg @ref LL_RCC_I2C3_CLKSOURCE_SYSCLK
1582:platform/HAL/inc/stm32g4xx_ll_rcc.h ****   *         @arg @ref LL_RCC_I2C3_CLKSOURCE_HSI
1583:platform/HAL/inc/stm32g4xx_ll_rcc.h ****   *         @arg @ref LL_RCC_I2C4_CLKSOURCE_PCLK1 (*)
1584:platform/HAL/inc/stm32g4xx_ll_rcc.h ****   *         @arg @ref LL_RCC_I2C4_CLKSOURCE_SYSCLK (*)
1585:platform/HAL/inc/stm32g4xx_ll_rcc.h ****   *         @arg @ref LL_RCC_I2C4_CLKSOURCE_HSI (*)
1586:platform/HAL/inc/stm32g4xx_ll_rcc.h ****   *
1587:platform/HAL/inc/stm32g4xx_ll_rcc.h ****   *         (*) value not defined in all devices.
1588:platform/HAL/inc/stm32g4xx_ll_rcc.h ****   * @retval None
1589:platform/HAL/inc/stm32g4xx_ll_rcc.h ****   */
1590:platform/HAL/inc/stm32g4xx_ll_rcc.h **** __STATIC_INLINE void LL_RCC_SetI2CClockSource(uint32_t I2CxSource)
1591:platform/HAL/inc/stm32g4xx_ll_rcc.h **** {
1592:platform/HAL/inc/stm32g4xx_ll_rcc.h ****   __IO uint32_t *reg = (__IO uint32_t *)(uint32_t)(RCC_BASE + 0x88U + (I2CxSource >> 24U));
1593:platform/HAL/inc/stm32g4xx_ll_rcc.h ****   MODIFY_REG(*reg, 3UL << ((I2CxSource & 0x001F0000U) >> 16U), ((I2CxSource & 0x000000FFU) << ((I2C
1594:platform/HAL/inc/stm32g4xx_ll_rcc.h **** }
1595:platform/HAL/inc/stm32g4xx_ll_rcc.h **** 
1596:platform/HAL/inc/stm32g4xx_ll_rcc.h **** /**
1597:platform/HAL/inc/stm32g4xx_ll_rcc.h ****   * @brief  Configure LPTIMx clock source
1598:platform/HAL/inc/stm32g4xx_ll_rcc.h ****   * @rmtoll CCIPR        LPTIM1SEL     LL_RCC_SetLPTIMClockSource
1599:platform/HAL/inc/stm32g4xx_ll_rcc.h ****   * @param  LPTIMxSource This parameter can be one of the following values:
1600:platform/HAL/inc/stm32g4xx_ll_rcc.h ****   *         @arg @ref LL_RCC_LPTIM1_CLKSOURCE_PCLK1
1601:platform/HAL/inc/stm32g4xx_ll_rcc.h ****   *         @arg @ref LL_RCC_LPTIM1_CLKSOURCE_LSI
1602:platform/HAL/inc/stm32g4xx_ll_rcc.h ****   *         @arg @ref LL_RCC_LPTIM1_CLKSOURCE_HSI
1603:platform/HAL/inc/stm32g4xx_ll_rcc.h ****   *         @arg @ref LL_RCC_LPTIM1_CLKSOURCE_LSE
1604:platform/HAL/inc/stm32g4xx_ll_rcc.h ****   * @retval None
1605:platform/HAL/inc/stm32g4xx_ll_rcc.h ****   */
1606:platform/HAL/inc/stm32g4xx_ll_rcc.h **** __STATIC_INLINE void LL_RCC_SetLPTIMClockSource(uint32_t LPTIMxSource)
1607:platform/HAL/inc/stm32g4xx_ll_rcc.h **** {
1608:platform/HAL/inc/stm32g4xx_ll_rcc.h ****   MODIFY_REG(RCC->CCIPR, RCC_CCIPR_LPTIM1SEL, LPTIMxSource);
1609:platform/HAL/inc/stm32g4xx_ll_rcc.h **** }
1610:platform/HAL/inc/stm32g4xx_ll_rcc.h **** 
1611:platform/HAL/inc/stm32g4xx_ll_rcc.h **** #if defined(SAI1)
1612:platform/HAL/inc/stm32g4xx_ll_rcc.h **** /**
1613:platform/HAL/inc/stm32g4xx_ll_rcc.h ****   * @brief  Configure SAIx clock source
1614:platform/HAL/inc/stm32g4xx_ll_rcc.h ****   * @rmtoll CCIPR        SAI1SEL       LL_RCC_SetSAIClockSource
1615:platform/HAL/inc/stm32g4xx_ll_rcc.h ****   * @param  SAIxSource This parameter can be one of the following values:
1616:platform/HAL/inc/stm32g4xx_ll_rcc.h ****   *         @arg @ref LL_RCC_SAI1_CLKSOURCE_SYSCLK
1617:platform/HAL/inc/stm32g4xx_ll_rcc.h ****   *         @arg @ref LL_RCC_SAI1_CLKSOURCE_PLL
1618:platform/HAL/inc/stm32g4xx_ll_rcc.h ****   *         @arg @ref LL_RCC_SAI1_CLKSOURCE_PIN
1619:platform/HAL/inc/stm32g4xx_ll_rcc.h ****   *         @arg @ref LL_RCC_SAI1_CLKSOURCE_HSI
1620:platform/HAL/inc/stm32g4xx_ll_rcc.h ****   *
1621:platform/HAL/inc/stm32g4xx_ll_rcc.h ****   *         (*) value not defined in all devices.
1622:platform/HAL/inc/stm32g4xx_ll_rcc.h ****   * @retval None
1623:platform/HAL/inc/stm32g4xx_ll_rcc.h ****   */
1624:platform/HAL/inc/stm32g4xx_ll_rcc.h **** __STATIC_INLINE void LL_RCC_SetSAIClockSource(uint32_t SAIxSource)
ARM GAS  /tmp/ccY3Jimf.s 			page 42


1625:platform/HAL/inc/stm32g4xx_ll_rcc.h **** {
1626:platform/HAL/inc/stm32g4xx_ll_rcc.h ****   MODIFY_REG(RCC->CCIPR, RCC_CCIPR_SAI1SEL, SAIxSource);
1627:platform/HAL/inc/stm32g4xx_ll_rcc.h **** }
1628:platform/HAL/inc/stm32g4xx_ll_rcc.h **** #endif /* SAI1 */
1629:platform/HAL/inc/stm32g4xx_ll_rcc.h **** 
1630:platform/HAL/inc/stm32g4xx_ll_rcc.h **** #if defined(SPI_I2S_SUPPORT)
1631:platform/HAL/inc/stm32g4xx_ll_rcc.h **** /**
1632:platform/HAL/inc/stm32g4xx_ll_rcc.h ****   * @brief  Configure I2S clock source
1633:platform/HAL/inc/stm32g4xx_ll_rcc.h ****   * @rmtoll CCIPR        I2S23SEL      LL_RCC_SetI2SClockSource
1634:platform/HAL/inc/stm32g4xx_ll_rcc.h ****   * @param  I2SxSource This parameter can be one of the following values:
1635:platform/HAL/inc/stm32g4xx_ll_rcc.h ****   *         @arg @ref LL_RCC_I2S_CLKSOURCE_SYSCLK
1636:platform/HAL/inc/stm32g4xx_ll_rcc.h ****   *         @arg @ref LL_RCC_I2S_CLKSOURCE_PLL
1637:platform/HAL/inc/stm32g4xx_ll_rcc.h ****   *         @arg @ref LL_RCC_I2S_CLKSOURCE_PIN
1638:platform/HAL/inc/stm32g4xx_ll_rcc.h ****   *         @arg @ref LL_RCC_I2S_CLKSOURCE_HSI
1639:platform/HAL/inc/stm32g4xx_ll_rcc.h ****   * @retval None
1640:platform/HAL/inc/stm32g4xx_ll_rcc.h ****   */
1641:platform/HAL/inc/stm32g4xx_ll_rcc.h **** __STATIC_INLINE void LL_RCC_SetI2SClockSource(uint32_t I2SxSource)
1642:platform/HAL/inc/stm32g4xx_ll_rcc.h **** {
1643:platform/HAL/inc/stm32g4xx_ll_rcc.h ****   MODIFY_REG(RCC->CCIPR, RCC_CCIPR_I2S23SEL, I2SxSource);
1644:platform/HAL/inc/stm32g4xx_ll_rcc.h **** }
1645:platform/HAL/inc/stm32g4xx_ll_rcc.h **** #endif /* SPI_I2S_SUPPORT */
1646:platform/HAL/inc/stm32g4xx_ll_rcc.h **** 
1647:platform/HAL/inc/stm32g4xx_ll_rcc.h **** #if defined(FDCAN1)
1648:platform/HAL/inc/stm32g4xx_ll_rcc.h **** /**
1649:platform/HAL/inc/stm32g4xx_ll_rcc.h ****   * @brief  Configure FDCAN clock source
1650:platform/HAL/inc/stm32g4xx_ll_rcc.h ****   * @rmtoll CCIPR        FDCANSEL      LL_RCC_SetFDCANClockSource
1651:platform/HAL/inc/stm32g4xx_ll_rcc.h ****   * @param  FDCANxSource This parameter can be one of the following values:
1652:platform/HAL/inc/stm32g4xx_ll_rcc.h ****   *         @arg @ref LL_RCC_FDCAN_CLKSOURCE_HSE
1653:platform/HAL/inc/stm32g4xx_ll_rcc.h ****   *         @arg @ref LL_RCC_FDCAN_CLKSOURCE_PLL
1654:platform/HAL/inc/stm32g4xx_ll_rcc.h ****   *         @arg @ref LL_RCC_FDCAN_CLKSOURCE_PCLK1
1655:platform/HAL/inc/stm32g4xx_ll_rcc.h ****   * @retval None
1656:platform/HAL/inc/stm32g4xx_ll_rcc.h ****   */
1657:platform/HAL/inc/stm32g4xx_ll_rcc.h **** __STATIC_INLINE void LL_RCC_SetFDCANClockSource(uint32_t FDCANxSource)
1658:platform/HAL/inc/stm32g4xx_ll_rcc.h **** {
1659:platform/HAL/inc/stm32g4xx_ll_rcc.h ****   MODIFY_REG(RCC->CCIPR, RCC_CCIPR_FDCANSEL, FDCANxSource);
1660:platform/HAL/inc/stm32g4xx_ll_rcc.h **** }
1661:platform/HAL/inc/stm32g4xx_ll_rcc.h **** #endif /* FDCAN1 */
1662:platform/HAL/inc/stm32g4xx_ll_rcc.h **** 
1663:platform/HAL/inc/stm32g4xx_ll_rcc.h **** /**
1664:platform/HAL/inc/stm32g4xx_ll_rcc.h ****   * @brief  Configure RNG clock source
1665:platform/HAL/inc/stm32g4xx_ll_rcc.h ****   * @rmtoll CCIPR        CLK48SEL      LL_RCC_SetRNGClockSource
1666:platform/HAL/inc/stm32g4xx_ll_rcc.h ****   * @param  RNGxSource This parameter can be one of the following values:
1667:platform/HAL/inc/stm32g4xx_ll_rcc.h ****   *         @arg @ref LL_RCC_RNG_CLKSOURCE_HSI48
1668:platform/HAL/inc/stm32g4xx_ll_rcc.h ****   *         @arg @ref LL_RCC_RNG_CLKSOURCE_PLL
1669:platform/HAL/inc/stm32g4xx_ll_rcc.h ****   * @retval None
1670:platform/HAL/inc/stm32g4xx_ll_rcc.h ****   */
1671:platform/HAL/inc/stm32g4xx_ll_rcc.h **** __STATIC_INLINE void LL_RCC_SetRNGClockSource(uint32_t RNGxSource)
1672:platform/HAL/inc/stm32g4xx_ll_rcc.h **** {
1673:platform/HAL/inc/stm32g4xx_ll_rcc.h ****   MODIFY_REG(RCC->CCIPR, RCC_CCIPR_CLK48SEL, RNGxSource);
1674:platform/HAL/inc/stm32g4xx_ll_rcc.h **** }
1675:platform/HAL/inc/stm32g4xx_ll_rcc.h **** 
1676:platform/HAL/inc/stm32g4xx_ll_rcc.h **** /**
1677:platform/HAL/inc/stm32g4xx_ll_rcc.h ****   * @brief  Configure USB clock source
1678:platform/HAL/inc/stm32g4xx_ll_rcc.h ****   * @rmtoll CCIPR        CLK48SEL      LL_RCC_SetUSBClockSource
1679:platform/HAL/inc/stm32g4xx_ll_rcc.h ****   * @param  USBxSource This parameter can be one of the following values:
1680:platform/HAL/inc/stm32g4xx_ll_rcc.h ****   *         @arg @ref LL_RCC_USB_CLKSOURCE_HSI48
1681:platform/HAL/inc/stm32g4xx_ll_rcc.h ****   *         @arg @ref LL_RCC_USB_CLKSOURCE_PLL
ARM GAS  /tmp/ccY3Jimf.s 			page 43


1682:platform/HAL/inc/stm32g4xx_ll_rcc.h ****   * @retval None
1683:platform/HAL/inc/stm32g4xx_ll_rcc.h ****   */
1684:platform/HAL/inc/stm32g4xx_ll_rcc.h **** __STATIC_INLINE void LL_RCC_SetUSBClockSource(uint32_t USBxSource)
1685:platform/HAL/inc/stm32g4xx_ll_rcc.h **** {
1686:platform/HAL/inc/stm32g4xx_ll_rcc.h ****   MODIFY_REG(RCC->CCIPR, RCC_CCIPR_CLK48SEL, USBxSource);
1687:platform/HAL/inc/stm32g4xx_ll_rcc.h **** }
1688:platform/HAL/inc/stm32g4xx_ll_rcc.h **** 
1689:platform/HAL/inc/stm32g4xx_ll_rcc.h **** /**
1690:platform/HAL/inc/stm32g4xx_ll_rcc.h ****   * @brief  Configure ADC clock source
1691:platform/HAL/inc/stm32g4xx_ll_rcc.h ****   * @rmtoll CCIPR        ADC12SEL         LL_RCC_SetADCClockSource\n
1692:platform/HAL/inc/stm32g4xx_ll_rcc.h ****   *         CCIPR        ADC345SEL        LL_RCC_SetADCClockSource
1693:platform/HAL/inc/stm32g4xx_ll_rcc.h ****   * @param  ADCxSource This parameter can be one of the following values:
1694:platform/HAL/inc/stm32g4xx_ll_rcc.h ****   *         @arg @ref LL_RCC_ADC12_CLKSOURCE_NONE
1695:platform/HAL/inc/stm32g4xx_ll_rcc.h ****   *         @arg @ref LL_RCC_ADC12_CLKSOURCE_PLL
1696:platform/HAL/inc/stm32g4xx_ll_rcc.h ****   *         @arg @ref LL_RCC_ADC12_CLKSOURCE_SYSCLK
1697:platform/HAL/inc/stm32g4xx_ll_rcc.h ****   *         @arg @ref LL_RCC_ADC345_CLKSOURCE_NONE   (*)
1698:platform/HAL/inc/stm32g4xx_ll_rcc.h ****   *         @arg @ref LL_RCC_ADC345_CLKSOURCE_PLL    (*)
1699:platform/HAL/inc/stm32g4xx_ll_rcc.h ****   *         @arg @ref LL_RCC_ADC345_CLKSOURCE_SYSCLK (*)
1700:platform/HAL/inc/stm32g4xx_ll_rcc.h ****   *
1701:platform/HAL/inc/stm32g4xx_ll_rcc.h ****   *         (*) value not defined in all devices.
1702:platform/HAL/inc/stm32g4xx_ll_rcc.h ****   * @retval None
1703:platform/HAL/inc/stm32g4xx_ll_rcc.h ****   */
1704:platform/HAL/inc/stm32g4xx_ll_rcc.h **** __STATIC_INLINE void LL_RCC_SetADCClockSource(uint32_t ADCxSource)
1705:platform/HAL/inc/stm32g4xx_ll_rcc.h **** {
1706:platform/HAL/inc/stm32g4xx_ll_rcc.h ****   MODIFY_REG(RCC->CCIPR, 3U << ((ADCxSource & 0x001F0000U) >> 16U), ((ADCxSource & 0x000000FFU) << 
1707:platform/HAL/inc/stm32g4xx_ll_rcc.h **** }
1708:platform/HAL/inc/stm32g4xx_ll_rcc.h **** 
1709:platform/HAL/inc/stm32g4xx_ll_rcc.h **** #if defined(QUADSPI)
1710:platform/HAL/inc/stm32g4xx_ll_rcc.h **** /**
1711:platform/HAL/inc/stm32g4xx_ll_rcc.h ****   * @brief  Configure QUADSPI clock source
1712:platform/HAL/inc/stm32g4xx_ll_rcc.h ****   * @rmtoll CCIPR2         QSPISEL     LL_RCC_SetQUADSPIClockSource
1713:platform/HAL/inc/stm32g4xx_ll_rcc.h ****   * @param  Source This parameter can be one of the following values:
1714:platform/HAL/inc/stm32g4xx_ll_rcc.h ****   *         @arg @ref LL_RCC_QUADSPI_CLKSOURCE_SYSCLK
1715:platform/HAL/inc/stm32g4xx_ll_rcc.h ****   *         @arg @ref LL_RCC_QUADSPI_CLKSOURCE_HSI
1716:platform/HAL/inc/stm32g4xx_ll_rcc.h ****   *         @arg @ref LL_RCC_QUADSPI_CLKSOURCE_PLL
1717:platform/HAL/inc/stm32g4xx_ll_rcc.h ****   * @retval None
1718:platform/HAL/inc/stm32g4xx_ll_rcc.h ****   */
1719:platform/HAL/inc/stm32g4xx_ll_rcc.h **** __STATIC_INLINE void LL_RCC_SetQUADSPIClockSource(uint32_t Source)
1720:platform/HAL/inc/stm32g4xx_ll_rcc.h **** {
1721:platform/HAL/inc/stm32g4xx_ll_rcc.h ****   MODIFY_REG(RCC->CCIPR2, RCC_CCIPR2_QSPISEL, Source);
1722:platform/HAL/inc/stm32g4xx_ll_rcc.h **** }
1723:platform/HAL/inc/stm32g4xx_ll_rcc.h **** #endif /* QUADSPI */
1724:platform/HAL/inc/stm32g4xx_ll_rcc.h **** 
1725:platform/HAL/inc/stm32g4xx_ll_rcc.h **** /**
1726:platform/HAL/inc/stm32g4xx_ll_rcc.h ****   * @brief  Get USARTx clock source
1727:platform/HAL/inc/stm32g4xx_ll_rcc.h ****   * @rmtoll CCIPR        USARTxSEL     LL_RCC_GetUSARTClockSource
1728:platform/HAL/inc/stm32g4xx_ll_rcc.h ****   * @param  USARTx This parameter can be one of the following values:
1729:platform/HAL/inc/stm32g4xx_ll_rcc.h ****   *         @arg @ref LL_RCC_USART1_CLKSOURCE
1730:platform/HAL/inc/stm32g4xx_ll_rcc.h ****   *         @arg @ref LL_RCC_USART2_CLKSOURCE
1731:platform/HAL/inc/stm32g4xx_ll_rcc.h ****   *         @arg @ref LL_RCC_USART3_CLKSOURCE
1732:platform/HAL/inc/stm32g4xx_ll_rcc.h ****   * @retval Returned value can be one of the following values:
1733:platform/HAL/inc/stm32g4xx_ll_rcc.h ****   *         @arg @ref LL_RCC_USART1_CLKSOURCE_PCLK2
1734:platform/HAL/inc/stm32g4xx_ll_rcc.h ****   *         @arg @ref LL_RCC_USART1_CLKSOURCE_SYSCLK
1735:platform/HAL/inc/stm32g4xx_ll_rcc.h ****   *         @arg @ref LL_RCC_USART1_CLKSOURCE_HSI
1736:platform/HAL/inc/stm32g4xx_ll_rcc.h ****   *         @arg @ref LL_RCC_USART1_CLKSOURCE_LSE
1737:platform/HAL/inc/stm32g4xx_ll_rcc.h ****   *         @arg @ref LL_RCC_USART2_CLKSOURCE_PCLK1
1738:platform/HAL/inc/stm32g4xx_ll_rcc.h ****   *         @arg @ref LL_RCC_USART2_CLKSOURCE_SYSCLK
ARM GAS  /tmp/ccY3Jimf.s 			page 44


1739:platform/HAL/inc/stm32g4xx_ll_rcc.h ****   *         @arg @ref LL_RCC_USART2_CLKSOURCE_HSI
1740:platform/HAL/inc/stm32g4xx_ll_rcc.h ****   *         @arg @ref LL_RCC_USART2_CLKSOURCE_LSE
1741:platform/HAL/inc/stm32g4xx_ll_rcc.h ****   *         @arg @ref LL_RCC_USART3_CLKSOURCE_PCLK1
1742:platform/HAL/inc/stm32g4xx_ll_rcc.h ****   *         @arg @ref LL_RCC_USART3_CLKSOURCE_SYSCLK
1743:platform/HAL/inc/stm32g4xx_ll_rcc.h ****   *         @arg @ref LL_RCC_USART3_CLKSOURCE_HSI
1744:platform/HAL/inc/stm32g4xx_ll_rcc.h ****   *         @arg @ref LL_RCC_USART3_CLKSOURCE_LSE
1745:platform/HAL/inc/stm32g4xx_ll_rcc.h ****   */
1746:platform/HAL/inc/stm32g4xx_ll_rcc.h **** __STATIC_INLINE uint32_t LL_RCC_GetUSARTClockSource(uint32_t USARTx)
1747:platform/HAL/inc/stm32g4xx_ll_rcc.h **** {
1748:platform/HAL/inc/stm32g4xx_ll_rcc.h ****   return (uint32_t)(READ_BIT(RCC->CCIPR, USARTx) | (USARTx << 16U));
1749:platform/HAL/inc/stm32g4xx_ll_rcc.h **** }
1750:platform/HAL/inc/stm32g4xx_ll_rcc.h **** 
1751:platform/HAL/inc/stm32g4xx_ll_rcc.h **** #if defined(UART4)
1752:platform/HAL/inc/stm32g4xx_ll_rcc.h **** /**
1753:platform/HAL/inc/stm32g4xx_ll_rcc.h ****   * @brief  Get UARTx clock source
1754:platform/HAL/inc/stm32g4xx_ll_rcc.h ****   * @rmtoll CCIPR        UARTxSEL      LL_RCC_GetUARTClockSource
1755:platform/HAL/inc/stm32g4xx_ll_rcc.h ****   * @param  UARTx This parameter can be one of the following values:
1756:platform/HAL/inc/stm32g4xx_ll_rcc.h ****   *         @arg @ref LL_RCC_UART4_CLKSOURCE (*)
1757:platform/HAL/inc/stm32g4xx_ll_rcc.h ****   *         @arg @ref LL_RCC_UART5_CLKSOURCE (*)
1758:platform/HAL/inc/stm32g4xx_ll_rcc.h ****   * @retval Returned value can be one of the following values:
1759:platform/HAL/inc/stm32g4xx_ll_rcc.h ****   *         @arg @ref LL_RCC_UART4_CLKSOURCE_PCLK1 (*)
1760:platform/HAL/inc/stm32g4xx_ll_rcc.h ****   *         @arg @ref LL_RCC_UART4_CLKSOURCE_SYSCLK (*)
1761:platform/HAL/inc/stm32g4xx_ll_rcc.h ****   *         @arg @ref LL_RCC_UART4_CLKSOURCE_HSI (*)
1762:platform/HAL/inc/stm32g4xx_ll_rcc.h ****   *         @arg @ref LL_RCC_UART4_CLKSOURCE_LSE (*)
1763:platform/HAL/inc/stm32g4xx_ll_rcc.h ****   *         @arg @ref LL_RCC_UART5_CLKSOURCE_PCLK1 (*)
1764:platform/HAL/inc/stm32g4xx_ll_rcc.h ****   *         @arg @ref LL_RCC_UART5_CLKSOURCE_SYSCLK (*)
1765:platform/HAL/inc/stm32g4xx_ll_rcc.h ****   *         @arg @ref LL_RCC_UART5_CLKSOURCE_HSI (*)
1766:platform/HAL/inc/stm32g4xx_ll_rcc.h ****   *         @arg @ref LL_RCC_UART5_CLKSOURCE_LSE (*)
1767:platform/HAL/inc/stm32g4xx_ll_rcc.h ****   *
1768:platform/HAL/inc/stm32g4xx_ll_rcc.h ****   *         (*) value not defined in all devices.
1769:platform/HAL/inc/stm32g4xx_ll_rcc.h ****   */
1770:platform/HAL/inc/stm32g4xx_ll_rcc.h **** __STATIC_INLINE uint32_t LL_RCC_GetUARTClockSource(uint32_t UARTx)
1771:platform/HAL/inc/stm32g4xx_ll_rcc.h **** {
1772:platform/HAL/inc/stm32g4xx_ll_rcc.h ****   return (uint32_t)(READ_BIT(RCC->CCIPR, UARTx) | (UARTx << 16U));
1773:platform/HAL/inc/stm32g4xx_ll_rcc.h **** }
1774:platform/HAL/inc/stm32g4xx_ll_rcc.h **** #endif /* UART4 */
1775:platform/HAL/inc/stm32g4xx_ll_rcc.h **** 
1776:platform/HAL/inc/stm32g4xx_ll_rcc.h **** /**
1777:platform/HAL/inc/stm32g4xx_ll_rcc.h ****   * @brief  Get LPUARTx clock source
1778:platform/HAL/inc/stm32g4xx_ll_rcc.h ****   * @rmtoll CCIPR        LPUART1SEL    LL_RCC_GetLPUARTClockSource
1779:platform/HAL/inc/stm32g4xx_ll_rcc.h ****   * @param  LPUARTx This parameter can be one of the following values:
1780:platform/HAL/inc/stm32g4xx_ll_rcc.h ****   *         @arg @ref LL_RCC_LPUART1_CLKSOURCE
1781:platform/HAL/inc/stm32g4xx_ll_rcc.h ****   * @retval Returned value can be one of the following values:
1782:platform/HAL/inc/stm32g4xx_ll_rcc.h ****   *         @arg @ref LL_RCC_LPUART1_CLKSOURCE_PCLK1
1783:platform/HAL/inc/stm32g4xx_ll_rcc.h ****   *         @arg @ref LL_RCC_LPUART1_CLKSOURCE_SYSCLK
1784:platform/HAL/inc/stm32g4xx_ll_rcc.h ****   *         @arg @ref LL_RCC_LPUART1_CLKSOURCE_HSI
1785:platform/HAL/inc/stm32g4xx_ll_rcc.h ****   *         @arg @ref LL_RCC_LPUART1_CLKSOURCE_LSE
1786:platform/HAL/inc/stm32g4xx_ll_rcc.h ****   */
1787:platform/HAL/inc/stm32g4xx_ll_rcc.h **** __STATIC_INLINE uint32_t LL_RCC_GetLPUARTClockSource(uint32_t LPUARTx)
1788:platform/HAL/inc/stm32g4xx_ll_rcc.h **** {
1789:platform/HAL/inc/stm32g4xx_ll_rcc.h ****   return (uint32_t)(READ_BIT(RCC->CCIPR, LPUARTx));
1790:platform/HAL/inc/stm32g4xx_ll_rcc.h **** }
1791:platform/HAL/inc/stm32g4xx_ll_rcc.h **** 
1792:platform/HAL/inc/stm32g4xx_ll_rcc.h **** /**
1793:platform/HAL/inc/stm32g4xx_ll_rcc.h ****   * @brief  Get I2Cx clock source
1794:platform/HAL/inc/stm32g4xx_ll_rcc.h ****   * @rmtoll CCIPR        I2CxSEL       LL_RCC_GetI2CClockSource
1795:platform/HAL/inc/stm32g4xx_ll_rcc.h ****   * @param  I2Cx This parameter can be one of the following values:
ARM GAS  /tmp/ccY3Jimf.s 			page 45


1796:platform/HAL/inc/stm32g4xx_ll_rcc.h ****   *         @arg @ref LL_RCC_I2C1_CLKSOURCE
1797:platform/HAL/inc/stm32g4xx_ll_rcc.h ****   *         @arg @ref LL_RCC_I2C2_CLKSOURCE
1798:platform/HAL/inc/stm32g4xx_ll_rcc.h ****   *         @arg @ref LL_RCC_I2C3_CLKSOURCE
1799:platform/HAL/inc/stm32g4xx_ll_rcc.h ****   *         @arg @ref LL_RCC_I2C4_CLKSOURCE (*)
1800:platform/HAL/inc/stm32g4xx_ll_rcc.h ****   *
1801:platform/HAL/inc/stm32g4xx_ll_rcc.h ****   *         (*) value not defined in all devices.
1802:platform/HAL/inc/stm32g4xx_ll_rcc.h ****   * @retval Returned value can be one of the following values:
1803:platform/HAL/inc/stm32g4xx_ll_rcc.h ****   *         @arg @ref LL_RCC_I2C1_CLKSOURCE_PCLK1
1804:platform/HAL/inc/stm32g4xx_ll_rcc.h ****   *         @arg @ref LL_RCC_I2C1_CLKSOURCE_SYSCLK
1805:platform/HAL/inc/stm32g4xx_ll_rcc.h ****   *         @arg @ref LL_RCC_I2C1_CLKSOURCE_HSI
1806:platform/HAL/inc/stm32g4xx_ll_rcc.h ****   *         @arg @ref LL_RCC_I2C2_CLKSOURCE_PCLK1
1807:platform/HAL/inc/stm32g4xx_ll_rcc.h ****   *         @arg @ref LL_RCC_I2C2_CLKSOURCE_SYSCLK
1808:platform/HAL/inc/stm32g4xx_ll_rcc.h ****   *         @arg @ref LL_RCC_I2C2_CLKSOURCE_HSI
1809:platform/HAL/inc/stm32g4xx_ll_rcc.h ****   *         @arg @ref LL_RCC_I2C3_CLKSOURCE_PCLK1
1810:platform/HAL/inc/stm32g4xx_ll_rcc.h ****   *         @arg @ref LL_RCC_I2C3_CLKSOURCE_SYSCLK
1811:platform/HAL/inc/stm32g4xx_ll_rcc.h ****   *         @arg @ref LL_RCC_I2C3_CLKSOURCE_HSI
1812:platform/HAL/inc/stm32g4xx_ll_rcc.h ****   *         @arg @ref LL_RCC_I2C4_CLKSOURCE_PCLK1 (*)
1813:platform/HAL/inc/stm32g4xx_ll_rcc.h ****   *         @arg @ref LL_RCC_I2C4_CLKSOURCE_SYSCLK (*)
1814:platform/HAL/inc/stm32g4xx_ll_rcc.h ****   *         @arg @ref LL_RCC_I2C4_CLKSOURCE_HSI (*)
1815:platform/HAL/inc/stm32g4xx_ll_rcc.h ****   *
1816:platform/HAL/inc/stm32g4xx_ll_rcc.h ****   *         (*) value not defined in all devices.
1817:platform/HAL/inc/stm32g4xx_ll_rcc.h ****  */
1818:platform/HAL/inc/stm32g4xx_ll_rcc.h **** __STATIC_INLINE uint32_t LL_RCC_GetI2CClockSource(uint32_t I2Cx)
1819:platform/HAL/inc/stm32g4xx_ll_rcc.h **** {
1820:platform/HAL/inc/stm32g4xx_ll_rcc.h ****   __IO const uint32_t *reg = (__IO uint32_t *)(uint32_t)(RCC_BASE + 0x88U + (I2Cx >> 24U));
1821:platform/HAL/inc/stm32g4xx_ll_rcc.h ****   return (uint32_t)((READ_BIT(*reg, 3UL << ((I2Cx & 0x001F0000U) >> 16U)) >> ((I2Cx & 0x001F0000U) 
1822:platform/HAL/inc/stm32g4xx_ll_rcc.h **** }
1823:platform/HAL/inc/stm32g4xx_ll_rcc.h **** 
1824:platform/HAL/inc/stm32g4xx_ll_rcc.h **** /**
1825:platform/HAL/inc/stm32g4xx_ll_rcc.h ****   * @brief  Get LPTIMx clock source
1826:platform/HAL/inc/stm32g4xx_ll_rcc.h ****   * @rmtoll CCIPR        LPTIMxSEL     LL_RCC_GetLPTIMClockSource
1827:platform/HAL/inc/stm32g4xx_ll_rcc.h ****   * @param  LPTIMx This parameter can be one of the following values:
1828:platform/HAL/inc/stm32g4xx_ll_rcc.h ****   *         @arg @ref LL_RCC_LPTIM1_CLKSOURCE
1829:platform/HAL/inc/stm32g4xx_ll_rcc.h ****   * @retval Returned value can be one of the following values:
1830:platform/HAL/inc/stm32g4xx_ll_rcc.h ****   *         @arg @ref LL_RCC_LPTIM1_CLKSOURCE_PCLK1
1831:platform/HAL/inc/stm32g4xx_ll_rcc.h ****   *         @arg @ref LL_RCC_LPTIM1_CLKSOURCE_LSI
1832:platform/HAL/inc/stm32g4xx_ll_rcc.h ****   *         @arg @ref LL_RCC_LPTIM1_CLKSOURCE_HSI
1833:platform/HAL/inc/stm32g4xx_ll_rcc.h ****   *         @arg @ref LL_RCC_LPTIM1_CLKSOURCE_LSE
1834:platform/HAL/inc/stm32g4xx_ll_rcc.h ****   */
1835:platform/HAL/inc/stm32g4xx_ll_rcc.h **** __STATIC_INLINE uint32_t LL_RCC_GetLPTIMClockSource(uint32_t LPTIMx)
1836:platform/HAL/inc/stm32g4xx_ll_rcc.h **** {
1837:platform/HAL/inc/stm32g4xx_ll_rcc.h ****   return (uint32_t)(READ_BIT(RCC->CCIPR, LPTIMx));
1838:platform/HAL/inc/stm32g4xx_ll_rcc.h **** }
1839:platform/HAL/inc/stm32g4xx_ll_rcc.h **** 
1840:platform/HAL/inc/stm32g4xx_ll_rcc.h **** /**
1841:platform/HAL/inc/stm32g4xx_ll_rcc.h ****   * @brief  Get SAIx clock source
1842:platform/HAL/inc/stm32g4xx_ll_rcc.h ****   * @rmtoll CCIPR        SAI1SEL       LL_RCC_GetSAIClockSource
1843:platform/HAL/inc/stm32g4xx_ll_rcc.h ****   * @param  SAIx This parameter can be one of the following values:
1844:platform/HAL/inc/stm32g4xx_ll_rcc.h ****   *         @arg @ref LL_RCC_SAI1_CLKSOURCE
1845:platform/HAL/inc/stm32g4xx_ll_rcc.h ****   *
1846:platform/HAL/inc/stm32g4xx_ll_rcc.h ****   *         (*) value not defined in all devices.
1847:platform/HAL/inc/stm32g4xx_ll_rcc.h ****   * @retval Returned value can be one of the following values:
1848:platform/HAL/inc/stm32g4xx_ll_rcc.h ****   *         @arg @ref LL_RCC_SAI1_CLKSOURCE_SYSCLK
1849:platform/HAL/inc/stm32g4xx_ll_rcc.h ****   *         @arg @ref LL_RCC_SAI1_CLKSOURCE_PLL
1850:platform/HAL/inc/stm32g4xx_ll_rcc.h ****   *         @arg @ref LL_RCC_SAI1_CLKSOURCE_PIN
1851:platform/HAL/inc/stm32g4xx_ll_rcc.h ****   *         @arg @ref LL_RCC_SAI1_CLKSOURCE_HSI
1852:platform/HAL/inc/stm32g4xx_ll_rcc.h ****   *
ARM GAS  /tmp/ccY3Jimf.s 			page 46


1853:platform/HAL/inc/stm32g4xx_ll_rcc.h ****   *         (*) value not defined in all devices.
1854:platform/HAL/inc/stm32g4xx_ll_rcc.h ****   */
1855:platform/HAL/inc/stm32g4xx_ll_rcc.h **** __STATIC_INLINE uint32_t LL_RCC_GetSAIClockSource(uint32_t SAIx)
1856:platform/HAL/inc/stm32g4xx_ll_rcc.h **** {
1857:platform/HAL/inc/stm32g4xx_ll_rcc.h ****   return (uint32_t)(READ_BIT(RCC->CCIPR, SAIx));
1858:platform/HAL/inc/stm32g4xx_ll_rcc.h **** }
1859:platform/HAL/inc/stm32g4xx_ll_rcc.h **** 
1860:platform/HAL/inc/stm32g4xx_ll_rcc.h **** /**
1861:platform/HAL/inc/stm32g4xx_ll_rcc.h ****   * @brief  Get I2Sx clock source
1862:platform/HAL/inc/stm32g4xx_ll_rcc.h ****   * @rmtoll CCIPR        I2S23SEL      LL_RCC_GetI2SClockSource
1863:platform/HAL/inc/stm32g4xx_ll_rcc.h ****   * @param  I2Sx This parameter can be one of the following values:
1864:platform/HAL/inc/stm32g4xx_ll_rcc.h ****   *         @arg @ref LL_RCC_I2S_CLKSOURCE
1865:platform/HAL/inc/stm32g4xx_ll_rcc.h ****   * @retval Returned value can be one of the following values:
1866:platform/HAL/inc/stm32g4xx_ll_rcc.h ****   *         @arg @ref LL_RCC_I2S_CLKSOURCE_SYSCLK
1867:platform/HAL/inc/stm32g4xx_ll_rcc.h ****   *         @arg @ref LL_RCC_I2S_CLKSOURCE_PLL
1868:platform/HAL/inc/stm32g4xx_ll_rcc.h ****   *         @arg @ref LL_RCC_I2S_CLKSOURCE_PIN
1869:platform/HAL/inc/stm32g4xx_ll_rcc.h ****   *         @arg @ref LL_RCC_I2S_CLKSOURCE_HSI
1870:platform/HAL/inc/stm32g4xx_ll_rcc.h ****   */
1871:platform/HAL/inc/stm32g4xx_ll_rcc.h **** __STATIC_INLINE uint32_t LL_RCC_GetI2SClockSource(uint32_t I2Sx)
1872:platform/HAL/inc/stm32g4xx_ll_rcc.h **** {
1873:platform/HAL/inc/stm32g4xx_ll_rcc.h ****   return (uint32_t)(READ_BIT(RCC->CCIPR, I2Sx));
1874:platform/HAL/inc/stm32g4xx_ll_rcc.h **** }
1875:platform/HAL/inc/stm32g4xx_ll_rcc.h **** 
1876:platform/HAL/inc/stm32g4xx_ll_rcc.h **** #if defined(FDCAN1)
1877:platform/HAL/inc/stm32g4xx_ll_rcc.h **** /**
1878:platform/HAL/inc/stm32g4xx_ll_rcc.h ****   * @brief  Get FDCANx clock source
1879:platform/HAL/inc/stm32g4xx_ll_rcc.h ****   * @rmtoll CCIPR        FDCANSEL      LL_RCC_GetFDCANClockSource
1880:platform/HAL/inc/stm32g4xx_ll_rcc.h ****   * @param  FDCANx This parameter can be one of the following values:
1881:platform/HAL/inc/stm32g4xx_ll_rcc.h ****   *         @arg @ref LL_RCC_FDCAN_CLKSOURCE
1882:platform/HAL/inc/stm32g4xx_ll_rcc.h ****   * @retval Returned value can be one of the following values:
1883:platform/HAL/inc/stm32g4xx_ll_rcc.h ****   *         @arg @ref LL_RCC_FDCAN_CLKSOURCE_HSE
1884:platform/HAL/inc/stm32g4xx_ll_rcc.h ****   *         @arg @ref LL_RCC_FDCAN_CLKSOURCE_PLL
1885:platform/HAL/inc/stm32g4xx_ll_rcc.h ****   *         @arg @ref LL_RCC_FDCAN_CLKSOURCE_PCLK1
1886:platform/HAL/inc/stm32g4xx_ll_rcc.h ****   * @retval None
1887:platform/HAL/inc/stm32g4xx_ll_rcc.h ****   */
1888:platform/HAL/inc/stm32g4xx_ll_rcc.h **** __STATIC_INLINE uint32_t LL_RCC_GetFDCANClockSource(uint32_t FDCANx)
1889:platform/HAL/inc/stm32g4xx_ll_rcc.h **** {
1890:platform/HAL/inc/stm32g4xx_ll_rcc.h ****   return (uint32_t)(READ_BIT(RCC->CCIPR, FDCANx));
1891:platform/HAL/inc/stm32g4xx_ll_rcc.h **** }
1892:platform/HAL/inc/stm32g4xx_ll_rcc.h **** #endif /* FDCAN1 */
1893:platform/HAL/inc/stm32g4xx_ll_rcc.h **** 
1894:platform/HAL/inc/stm32g4xx_ll_rcc.h **** /**
1895:platform/HAL/inc/stm32g4xx_ll_rcc.h ****   * @brief  Get RNGx clock source
1896:platform/HAL/inc/stm32g4xx_ll_rcc.h ****   * @rmtoll CCIPR        CLK48SEL      LL_RCC_GetRNGClockSource
1897:platform/HAL/inc/stm32g4xx_ll_rcc.h ****   * @param  RNGx This parameter can be one of the following values:
1898:platform/HAL/inc/stm32g4xx_ll_rcc.h ****   *         @arg @ref LL_RCC_RNG_CLKSOURCE
1899:platform/HAL/inc/stm32g4xx_ll_rcc.h ****   * @retval Returned value can be one of the following values:
1900:platform/HAL/inc/stm32g4xx_ll_rcc.h ****   *         @arg @ref LL_RCC_RNG_CLKSOURCE_HSI48
1901:platform/HAL/inc/stm32g4xx_ll_rcc.h ****   *         @arg @ref LL_RCC_RNG_CLKSOURCE_PLL
1902:platform/HAL/inc/stm32g4xx_ll_rcc.h ****   */
1903:platform/HAL/inc/stm32g4xx_ll_rcc.h **** __STATIC_INLINE uint32_t LL_RCC_GetRNGClockSource(uint32_t RNGx)
1904:platform/HAL/inc/stm32g4xx_ll_rcc.h **** {
1905:platform/HAL/inc/stm32g4xx_ll_rcc.h ****   return (uint32_t)(READ_BIT(RCC->CCIPR, RNGx));
1906:platform/HAL/inc/stm32g4xx_ll_rcc.h **** }
1907:platform/HAL/inc/stm32g4xx_ll_rcc.h **** 
1908:platform/HAL/inc/stm32g4xx_ll_rcc.h **** /**
1909:platform/HAL/inc/stm32g4xx_ll_rcc.h ****   * @brief  Get USBx clock source
ARM GAS  /tmp/ccY3Jimf.s 			page 47


1910:platform/HAL/inc/stm32g4xx_ll_rcc.h ****   * @rmtoll CCIPR        CLK48SEL      LL_RCC_GetUSBClockSource
1911:platform/HAL/inc/stm32g4xx_ll_rcc.h ****   * @param  USBx This parameter can be one of the following values:
1912:platform/HAL/inc/stm32g4xx_ll_rcc.h ****   *         @arg @ref LL_RCC_USB_CLKSOURCE
1913:platform/HAL/inc/stm32g4xx_ll_rcc.h ****   * @retval Returned value can be one of the following values:
1914:platform/HAL/inc/stm32g4xx_ll_rcc.h ****   *         @arg @ref LL_RCC_USB_CLKSOURCE_HSI48
1915:platform/HAL/inc/stm32g4xx_ll_rcc.h ****   *         @arg @ref LL_RCC_USB_CLKSOURCE_PLL
1916:platform/HAL/inc/stm32g4xx_ll_rcc.h ****   */
1917:platform/HAL/inc/stm32g4xx_ll_rcc.h **** __STATIC_INLINE uint32_t LL_RCC_GetUSBClockSource(uint32_t USBx)
1918:platform/HAL/inc/stm32g4xx_ll_rcc.h **** {
1919:platform/HAL/inc/stm32g4xx_ll_rcc.h ****   return (uint32_t)(READ_BIT(RCC->CCIPR, USBx));
1920:platform/HAL/inc/stm32g4xx_ll_rcc.h **** }
1921:platform/HAL/inc/stm32g4xx_ll_rcc.h **** 
1922:platform/HAL/inc/stm32g4xx_ll_rcc.h **** /**
1923:platform/HAL/inc/stm32g4xx_ll_rcc.h ****   * @brief  Get ADCx clock source
1924:platform/HAL/inc/stm32g4xx_ll_rcc.h ****   * @rmtoll CCIPR        ADCSEL        LL_RCC_GetADCClockSource
1925:platform/HAL/inc/stm32g4xx_ll_rcc.h ****   * @param  ADCx This parameter can be one of the following values:
1926:platform/HAL/inc/stm32g4xx_ll_rcc.h ****   *         @arg @ref LL_RCC_ADC12_CLKSOURCE
1927:platform/HAL/inc/stm32g4xx_ll_rcc.h ****   *         @arg @ref LL_RCC_ADC345_CLKSOURCE        (*)
1928:platform/HAL/inc/stm32g4xx_ll_rcc.h ****   * @retval Returned value can be one of the following values:
1929:platform/HAL/inc/stm32g4xx_ll_rcc.h ****   *         @arg @ref LL_RCC_ADC12_CLKSOURCE_NONE
1930:platform/HAL/inc/stm32g4xx_ll_rcc.h ****   *         @arg @ref LL_RCC_ADC12_CLKSOURCE_PLL
1931:platform/HAL/inc/stm32g4xx_ll_rcc.h ****   *         @arg @ref LL_RCC_ADC12_CLKSOURCE_SYSCLK
1932:platform/HAL/inc/stm32g4xx_ll_rcc.h ****   *         @arg @ref LL_RCC_ADC345_CLKSOURCE_NONE   (*)
1933:platform/HAL/inc/stm32g4xx_ll_rcc.h ****   *         @arg @ref LL_RCC_ADC345_CLKSOURCE_PLL    (*)
1934:platform/HAL/inc/stm32g4xx_ll_rcc.h ****   *         @arg @ref LL_RCC_ADC345_CLKSOURCE_SYSCLK (*)
1935:platform/HAL/inc/stm32g4xx_ll_rcc.h ****   *
1936:platform/HAL/inc/stm32g4xx_ll_rcc.h ****   *         (*) value not defined in all devices.
1937:platform/HAL/inc/stm32g4xx_ll_rcc.h ****   */
1938:platform/HAL/inc/stm32g4xx_ll_rcc.h **** __STATIC_INLINE uint32_t LL_RCC_GetADCClockSource(uint32_t ADCx)
1939:platform/HAL/inc/stm32g4xx_ll_rcc.h **** {
1940:platform/HAL/inc/stm32g4xx_ll_rcc.h ****   return (uint32_t)((READ_BIT(RCC->CCIPR, 3UL << ((ADCx & 0x001F0000U) >> 16U)) >> ((ADCx & 0x001F0
1941:platform/HAL/inc/stm32g4xx_ll_rcc.h **** }
1942:platform/HAL/inc/stm32g4xx_ll_rcc.h **** 
1943:platform/HAL/inc/stm32g4xx_ll_rcc.h **** #if defined(QUADSPI)
1944:platform/HAL/inc/stm32g4xx_ll_rcc.h **** /**
1945:platform/HAL/inc/stm32g4xx_ll_rcc.h ****   * @brief  Get QUADSPI clock source
1946:platform/HAL/inc/stm32g4xx_ll_rcc.h ****   * @rmtoll CCIPR2         QSPISEL     LL_RCC_GetQUADSPIClockSource
1947:platform/HAL/inc/stm32g4xx_ll_rcc.h ****   * @param  QUADSPIx This parameter can be one of the following values:
1948:platform/HAL/inc/stm32g4xx_ll_rcc.h ****   *         @arg @ref LL_RCC_QUADSPI_CLKSOURCE
1949:platform/HAL/inc/stm32g4xx_ll_rcc.h ****   * @retval Returned value can be one of the following values:
1950:platform/HAL/inc/stm32g4xx_ll_rcc.h ****   *         @arg @ref LL_RCC_QUADSPI_CLKSOURCE_SYSCLK
1951:platform/HAL/inc/stm32g4xx_ll_rcc.h ****   *         @arg @ref LL_RCC_QUADSPI_CLKSOURCE_HSI
1952:platform/HAL/inc/stm32g4xx_ll_rcc.h ****   *         @arg @ref LL_RCC_QUADSPI_CLKSOURCE_PLL
1953:platform/HAL/inc/stm32g4xx_ll_rcc.h ****   */
1954:platform/HAL/inc/stm32g4xx_ll_rcc.h **** __STATIC_INLINE uint32_t LL_RCC_GetQUADSPIClockSource(uint32_t QUADSPIx)
1955:platform/HAL/inc/stm32g4xx_ll_rcc.h **** {
1956:platform/HAL/inc/stm32g4xx_ll_rcc.h ****   return (uint32_t)(READ_BIT(RCC->CCIPR2, QUADSPIx));
1957:platform/HAL/inc/stm32g4xx_ll_rcc.h **** }
1958:platform/HAL/inc/stm32g4xx_ll_rcc.h **** #endif /* QUADSPI */
1959:platform/HAL/inc/stm32g4xx_ll_rcc.h **** /**
1960:platform/HAL/inc/stm32g4xx_ll_rcc.h ****   * @}
1961:platform/HAL/inc/stm32g4xx_ll_rcc.h ****   */
1962:platform/HAL/inc/stm32g4xx_ll_rcc.h **** 
1963:platform/HAL/inc/stm32g4xx_ll_rcc.h **** /** @defgroup RCC_LL_EF_RTC RTC
1964:platform/HAL/inc/stm32g4xx_ll_rcc.h ****   * @{
1965:platform/HAL/inc/stm32g4xx_ll_rcc.h ****   */
1966:platform/HAL/inc/stm32g4xx_ll_rcc.h **** 
ARM GAS  /tmp/ccY3Jimf.s 			page 48


1967:platform/HAL/inc/stm32g4xx_ll_rcc.h **** /**
1968:platform/HAL/inc/stm32g4xx_ll_rcc.h ****   * @brief  Set RTC Clock Source
1969:platform/HAL/inc/stm32g4xx_ll_rcc.h ****   * @note Once the RTC clock source has been selected, it cannot be changed anymore unless
1970:platform/HAL/inc/stm32g4xx_ll_rcc.h ****   *       the Backup domain is reset, or unless a failure is detected on LSE (LSECSSD is
1971:platform/HAL/inc/stm32g4xx_ll_rcc.h ****   *       set). The BDRST bit can be used to reset them.
1972:platform/HAL/inc/stm32g4xx_ll_rcc.h ****   * @rmtoll BDCR         RTCSEL        LL_RCC_SetRTCClockSource
1973:platform/HAL/inc/stm32g4xx_ll_rcc.h ****   * @param  Source This parameter can be one of the following values:
1974:platform/HAL/inc/stm32g4xx_ll_rcc.h ****   *         @arg @ref LL_RCC_RTC_CLKSOURCE_NONE
1975:platform/HAL/inc/stm32g4xx_ll_rcc.h ****   *         @arg @ref LL_RCC_RTC_CLKSOURCE_LSE
1976:platform/HAL/inc/stm32g4xx_ll_rcc.h ****   *         @arg @ref LL_RCC_RTC_CLKSOURCE_LSI
1977:platform/HAL/inc/stm32g4xx_ll_rcc.h ****   *         @arg @ref LL_RCC_RTC_CLKSOURCE_HSE_DIV32
1978:platform/HAL/inc/stm32g4xx_ll_rcc.h ****   * @retval None
1979:platform/HAL/inc/stm32g4xx_ll_rcc.h ****   */
1980:platform/HAL/inc/stm32g4xx_ll_rcc.h **** __STATIC_INLINE void LL_RCC_SetRTCClockSource(uint32_t Source)
1981:platform/HAL/inc/stm32g4xx_ll_rcc.h **** {
1982:platform/HAL/inc/stm32g4xx_ll_rcc.h ****   MODIFY_REG(RCC->BDCR, RCC_BDCR_RTCSEL, Source);
1983:platform/HAL/inc/stm32g4xx_ll_rcc.h **** }
1984:platform/HAL/inc/stm32g4xx_ll_rcc.h **** 
1985:platform/HAL/inc/stm32g4xx_ll_rcc.h **** /**
1986:platform/HAL/inc/stm32g4xx_ll_rcc.h ****   * @brief  Get RTC Clock Source
1987:platform/HAL/inc/stm32g4xx_ll_rcc.h ****   * @rmtoll BDCR         RTCSEL        LL_RCC_GetRTCClockSource
1988:platform/HAL/inc/stm32g4xx_ll_rcc.h ****   * @retval Returned value can be one of the following values:
1989:platform/HAL/inc/stm32g4xx_ll_rcc.h ****   *         @arg @ref LL_RCC_RTC_CLKSOURCE_NONE
1990:platform/HAL/inc/stm32g4xx_ll_rcc.h ****   *         @arg @ref LL_RCC_RTC_CLKSOURCE_LSE
1991:platform/HAL/inc/stm32g4xx_ll_rcc.h ****   *         @arg @ref LL_RCC_RTC_CLKSOURCE_LSI
1992:platform/HAL/inc/stm32g4xx_ll_rcc.h ****   *         @arg @ref LL_RCC_RTC_CLKSOURCE_HSE_DIV32
1993:platform/HAL/inc/stm32g4xx_ll_rcc.h ****   */
1994:platform/HAL/inc/stm32g4xx_ll_rcc.h **** __STATIC_INLINE uint32_t LL_RCC_GetRTCClockSource(void)
1995:platform/HAL/inc/stm32g4xx_ll_rcc.h **** {
1996:platform/HAL/inc/stm32g4xx_ll_rcc.h ****   return (uint32_t)(READ_BIT(RCC->BDCR, RCC_BDCR_RTCSEL));
1997:platform/HAL/inc/stm32g4xx_ll_rcc.h **** }
1998:platform/HAL/inc/stm32g4xx_ll_rcc.h **** 
1999:platform/HAL/inc/stm32g4xx_ll_rcc.h **** /**
2000:platform/HAL/inc/stm32g4xx_ll_rcc.h ****   * @brief  Enable RTC
2001:platform/HAL/inc/stm32g4xx_ll_rcc.h ****   * @rmtoll BDCR         RTCEN         LL_RCC_EnableRTC
2002:platform/HAL/inc/stm32g4xx_ll_rcc.h ****   * @retval None
2003:platform/HAL/inc/stm32g4xx_ll_rcc.h ****   */
2004:platform/HAL/inc/stm32g4xx_ll_rcc.h **** __STATIC_INLINE void LL_RCC_EnableRTC(void)
2005:platform/HAL/inc/stm32g4xx_ll_rcc.h **** {
2006:platform/HAL/inc/stm32g4xx_ll_rcc.h ****   SET_BIT(RCC->BDCR, RCC_BDCR_RTCEN);
2007:platform/HAL/inc/stm32g4xx_ll_rcc.h **** }
2008:platform/HAL/inc/stm32g4xx_ll_rcc.h **** 
2009:platform/HAL/inc/stm32g4xx_ll_rcc.h **** /**
2010:platform/HAL/inc/stm32g4xx_ll_rcc.h ****   * @brief  Disable RTC
2011:platform/HAL/inc/stm32g4xx_ll_rcc.h ****   * @rmtoll BDCR         RTCEN         LL_RCC_DisableRTC
2012:platform/HAL/inc/stm32g4xx_ll_rcc.h ****   * @retval None
2013:platform/HAL/inc/stm32g4xx_ll_rcc.h ****   */
2014:platform/HAL/inc/stm32g4xx_ll_rcc.h **** __STATIC_INLINE void LL_RCC_DisableRTC(void)
2015:platform/HAL/inc/stm32g4xx_ll_rcc.h **** {
2016:platform/HAL/inc/stm32g4xx_ll_rcc.h ****   CLEAR_BIT(RCC->BDCR, RCC_BDCR_RTCEN);
2017:platform/HAL/inc/stm32g4xx_ll_rcc.h **** }
2018:platform/HAL/inc/stm32g4xx_ll_rcc.h **** 
2019:platform/HAL/inc/stm32g4xx_ll_rcc.h **** /**
2020:platform/HAL/inc/stm32g4xx_ll_rcc.h ****   * @brief  Check if RTC has been enabled or not
2021:platform/HAL/inc/stm32g4xx_ll_rcc.h ****   * @rmtoll BDCR         RTCEN         LL_RCC_IsEnabledRTC
2022:platform/HAL/inc/stm32g4xx_ll_rcc.h ****   * @retval State of bit (1 or 0).
2023:platform/HAL/inc/stm32g4xx_ll_rcc.h ****   */
ARM GAS  /tmp/ccY3Jimf.s 			page 49


2024:platform/HAL/inc/stm32g4xx_ll_rcc.h **** __STATIC_INLINE uint32_t LL_RCC_IsEnabledRTC(void)
2025:platform/HAL/inc/stm32g4xx_ll_rcc.h **** {
2026:platform/HAL/inc/stm32g4xx_ll_rcc.h ****   return ((READ_BIT(RCC->BDCR, RCC_BDCR_RTCEN) == (RCC_BDCR_RTCEN)) ? 1UL : 0UL);
2027:platform/HAL/inc/stm32g4xx_ll_rcc.h **** }
2028:platform/HAL/inc/stm32g4xx_ll_rcc.h **** 
2029:platform/HAL/inc/stm32g4xx_ll_rcc.h **** /**
2030:platform/HAL/inc/stm32g4xx_ll_rcc.h ****   * @brief  Force the Backup domain reset
2031:platform/HAL/inc/stm32g4xx_ll_rcc.h ****   * @rmtoll BDCR         BDRST         LL_RCC_ForceBackupDomainReset
2032:platform/HAL/inc/stm32g4xx_ll_rcc.h ****   * @retval None
2033:platform/HAL/inc/stm32g4xx_ll_rcc.h ****   */
2034:platform/HAL/inc/stm32g4xx_ll_rcc.h **** __STATIC_INLINE void LL_RCC_ForceBackupDomainReset(void)
2035:platform/HAL/inc/stm32g4xx_ll_rcc.h **** {
2036:platform/HAL/inc/stm32g4xx_ll_rcc.h ****   SET_BIT(RCC->BDCR, RCC_BDCR_BDRST);
2037:platform/HAL/inc/stm32g4xx_ll_rcc.h **** }
2038:platform/HAL/inc/stm32g4xx_ll_rcc.h **** 
2039:platform/HAL/inc/stm32g4xx_ll_rcc.h **** /**
2040:platform/HAL/inc/stm32g4xx_ll_rcc.h ****   * @brief  Release the Backup domain reset
2041:platform/HAL/inc/stm32g4xx_ll_rcc.h ****   * @rmtoll BDCR         BDRST         LL_RCC_ReleaseBackupDomainReset
2042:platform/HAL/inc/stm32g4xx_ll_rcc.h ****   * @retval None
2043:platform/HAL/inc/stm32g4xx_ll_rcc.h ****   */
2044:platform/HAL/inc/stm32g4xx_ll_rcc.h **** __STATIC_INLINE void LL_RCC_ReleaseBackupDomainReset(void)
2045:platform/HAL/inc/stm32g4xx_ll_rcc.h **** {
2046:platform/HAL/inc/stm32g4xx_ll_rcc.h ****   CLEAR_BIT(RCC->BDCR, RCC_BDCR_BDRST);
2047:platform/HAL/inc/stm32g4xx_ll_rcc.h **** }
2048:platform/HAL/inc/stm32g4xx_ll_rcc.h **** 
2049:platform/HAL/inc/stm32g4xx_ll_rcc.h **** /**
2050:platform/HAL/inc/stm32g4xx_ll_rcc.h ****   * @}
2051:platform/HAL/inc/stm32g4xx_ll_rcc.h ****   */
2052:platform/HAL/inc/stm32g4xx_ll_rcc.h **** 
2053:platform/HAL/inc/stm32g4xx_ll_rcc.h **** 
2054:platform/HAL/inc/stm32g4xx_ll_rcc.h **** /** @defgroup RCC_LL_EF_PLL PLL
2055:platform/HAL/inc/stm32g4xx_ll_rcc.h ****   * @{
2056:platform/HAL/inc/stm32g4xx_ll_rcc.h ****   */
2057:platform/HAL/inc/stm32g4xx_ll_rcc.h **** 
2058:platform/HAL/inc/stm32g4xx_ll_rcc.h **** /**
2059:platform/HAL/inc/stm32g4xx_ll_rcc.h ****   * @brief  Enable PLL
2060:platform/HAL/inc/stm32g4xx_ll_rcc.h ****   * @rmtoll CR           PLLON         LL_RCC_PLL_Enable
2061:platform/HAL/inc/stm32g4xx_ll_rcc.h ****   * @retval None
2062:platform/HAL/inc/stm32g4xx_ll_rcc.h ****   */
2063:platform/HAL/inc/stm32g4xx_ll_rcc.h **** __STATIC_INLINE void LL_RCC_PLL_Enable(void)
2064:platform/HAL/inc/stm32g4xx_ll_rcc.h **** {
2065:platform/HAL/inc/stm32g4xx_ll_rcc.h ****   SET_BIT(RCC->CR, RCC_CR_PLLON);
2066:platform/HAL/inc/stm32g4xx_ll_rcc.h **** }
2067:platform/HAL/inc/stm32g4xx_ll_rcc.h **** 
2068:platform/HAL/inc/stm32g4xx_ll_rcc.h **** /**
2069:platform/HAL/inc/stm32g4xx_ll_rcc.h ****   * @brief  Disable PLL
2070:platform/HAL/inc/stm32g4xx_ll_rcc.h ****   * @note Cannot be disabled if the PLL clock is used as the system clock
2071:platform/HAL/inc/stm32g4xx_ll_rcc.h ****   * @rmtoll CR           PLLON         LL_RCC_PLL_Disable
2072:platform/HAL/inc/stm32g4xx_ll_rcc.h ****   * @retval None
2073:platform/HAL/inc/stm32g4xx_ll_rcc.h ****   */
2074:platform/HAL/inc/stm32g4xx_ll_rcc.h **** __STATIC_INLINE void LL_RCC_PLL_Disable(void)
2075:platform/HAL/inc/stm32g4xx_ll_rcc.h **** {
2076:platform/HAL/inc/stm32g4xx_ll_rcc.h ****   CLEAR_BIT(RCC->CR, RCC_CR_PLLON);
2077:platform/HAL/inc/stm32g4xx_ll_rcc.h **** }
2078:platform/HAL/inc/stm32g4xx_ll_rcc.h **** 
2079:platform/HAL/inc/stm32g4xx_ll_rcc.h **** /**
2080:platform/HAL/inc/stm32g4xx_ll_rcc.h ****   * @brief  Check if PLL Ready
ARM GAS  /tmp/ccY3Jimf.s 			page 50


2081:platform/HAL/inc/stm32g4xx_ll_rcc.h ****   * @rmtoll CR           PLLRDY        LL_RCC_PLL_IsReady
2082:platform/HAL/inc/stm32g4xx_ll_rcc.h ****   * @retval State of bit (1 or 0).
2083:platform/HAL/inc/stm32g4xx_ll_rcc.h ****   */
2084:platform/HAL/inc/stm32g4xx_ll_rcc.h **** __STATIC_INLINE uint32_t LL_RCC_PLL_IsReady(void)
  97              		.loc 2 2084 26 view .LVU28
  98              	.LBB55:
2085:platform/HAL/inc/stm32g4xx_ll_rcc.h **** {
2086:platform/HAL/inc/stm32g4xx_ll_rcc.h ****   return ((READ_BIT(RCC->CR, RCC_CR_PLLRDY) == (RCC_CR_PLLRDY)) ? 1UL : 0UL);
  99              		.loc 2 2086 3 view .LVU29
 100              		.loc 2 2086 12 is_stmt 0 view .LVU30
 101 0000 044B     		ldr	r3, .L5
 102 0002 1B68     		ldr	r3, [r3]
 103              		.loc 2 2086 71 view .LVU31
 104 0004 13F0007F 		tst	r3, #33554432
 105 0008 01D0     		beq	.L4
 106              	.LBE55:
 107              	.LBE54:
 621:platform/HAL/src/stm32g4xx_ll_utils.c ****   {
 622:platform/HAL/src/stm32g4xx_ll_utils.c ****     /* PLL configuration cannot be modified */
 623:platform/HAL/src/stm32g4xx_ll_utils.c ****     status = ERROR;
 108              		.loc 1 623 12 view .LVU32
 109 000a 0120     		movs	r0, #1
 110 000c 7047     		bx	lr
 111              	.L4:
 617:platform/HAL/src/stm32g4xx_ll_utils.c **** 
 112              		.loc 1 617 15 view .LVU33
 113 000e 0020     		movs	r0, #0
 114              	.LVL6:
 624:platform/HAL/src/stm32g4xx_ll_utils.c ****   }
 625:platform/HAL/src/stm32g4xx_ll_utils.c **** 
 626:platform/HAL/src/stm32g4xx_ll_utils.c ****   return status;
 115              		.loc 1 626 3 is_stmt 1 view .LVU34
 627:platform/HAL/src/stm32g4xx_ll_utils.c **** }
 116              		.loc 1 627 1 is_stmt 0 view .LVU35
 117 0010 7047     		bx	lr
 118              	.L6:
 119 0012 00BF     		.align	2
 120              	.L5:
 121 0014 00100240 		.word	1073876992
 122              		.cfi_endproc
 123              	.LFE640:
 125              		.section	.text.LL_Init1msTick,"ax",%progbits
 126              		.align	1
 127              		.global	LL_Init1msTick
 128              		.syntax unified
 129              		.thumb
 130              		.thumb_func
 132              	LL_Init1msTick:
 133              	.LVL7:
 134              	.LFB633:
 171:platform/HAL/src/stm32g4xx_ll_utils.c ****   /* Use frequency provided in argument */
 135              		.loc 1 171 1 is_stmt 1 view -0
 136              		.cfi_startproc
 137              		@ args = 0, pretend = 0, frame = 0
 138              		@ frame_needed = 0, uses_anonymous_args = 0
 139              		@ link register save eliminated.
 173:platform/HAL/src/stm32g4xx_ll_utils.c **** }
ARM GAS  /tmp/ccY3Jimf.s 			page 51


 140              		.loc 1 173 3 view .LVU37
 141              	.LBB56:
 142              	.LBI56:
 143              		.file 3 "platform/HAL/inc/stm32g4xx_ll_utils.h"
   1:platform/HAL/inc/stm32g4xx_ll_utils.h **** /**
   2:platform/HAL/inc/stm32g4xx_ll_utils.h ****   ******************************************************************************
   3:platform/HAL/inc/stm32g4xx_ll_utils.h ****   * @file    stm32g4xx_ll_utils.h
   4:platform/HAL/inc/stm32g4xx_ll_utils.h ****   * @author  MCD Application Team
   5:platform/HAL/inc/stm32g4xx_ll_utils.h ****   * @brief   Header file of UTILS LL module.
   6:platform/HAL/inc/stm32g4xx_ll_utils.h ****   ******************************************************************************
   7:platform/HAL/inc/stm32g4xx_ll_utils.h ****   * @attention
   8:platform/HAL/inc/stm32g4xx_ll_utils.h ****   *
   9:platform/HAL/inc/stm32g4xx_ll_utils.h ****   * Copyright (c) 2019 STMicroelectronics.
  10:platform/HAL/inc/stm32g4xx_ll_utils.h ****   * All rights reserved.
  11:platform/HAL/inc/stm32g4xx_ll_utils.h ****   *
  12:platform/HAL/inc/stm32g4xx_ll_utils.h ****   * This software is licensed under terms that can be found in the LICENSE file
  13:platform/HAL/inc/stm32g4xx_ll_utils.h ****   * in the root directory of this software component.
  14:platform/HAL/inc/stm32g4xx_ll_utils.h ****   * If no LICENSE file comes with this software, it is provided AS-IS.
  15:platform/HAL/inc/stm32g4xx_ll_utils.h ****   *
  16:platform/HAL/inc/stm32g4xx_ll_utils.h ****   ******************************************************************************
  17:platform/HAL/inc/stm32g4xx_ll_utils.h ****   @verbatim
  18:platform/HAL/inc/stm32g4xx_ll_utils.h ****   ==============================================================================
  19:platform/HAL/inc/stm32g4xx_ll_utils.h ****                      ##### How to use this driver #####
  20:platform/HAL/inc/stm32g4xx_ll_utils.h ****   ==============================================================================
  21:platform/HAL/inc/stm32g4xx_ll_utils.h ****     [..]
  22:platform/HAL/inc/stm32g4xx_ll_utils.h ****     The LL UTILS driver contains a set of generic APIs that can be
  23:platform/HAL/inc/stm32g4xx_ll_utils.h ****     used by user:
  24:platform/HAL/inc/stm32g4xx_ll_utils.h ****       (+) Device electronic signature
  25:platform/HAL/inc/stm32g4xx_ll_utils.h ****       (+) Timing functions
  26:platform/HAL/inc/stm32g4xx_ll_utils.h ****       (+) PLL configuration functions
  27:platform/HAL/inc/stm32g4xx_ll_utils.h **** 
  28:platform/HAL/inc/stm32g4xx_ll_utils.h ****   @endverbatim
  29:platform/HAL/inc/stm32g4xx_ll_utils.h ****   */
  30:platform/HAL/inc/stm32g4xx_ll_utils.h **** 
  31:platform/HAL/inc/stm32g4xx_ll_utils.h **** /* Define to prevent recursive inclusion -------------------------------------*/
  32:platform/HAL/inc/stm32g4xx_ll_utils.h **** #ifndef STM32G4xx_LL_UTILS_H
  33:platform/HAL/inc/stm32g4xx_ll_utils.h **** #define STM32G4xx_LL_UTILS_H
  34:platform/HAL/inc/stm32g4xx_ll_utils.h **** 
  35:platform/HAL/inc/stm32g4xx_ll_utils.h **** #ifdef __cplusplus
  36:platform/HAL/inc/stm32g4xx_ll_utils.h **** extern "C" {
  37:platform/HAL/inc/stm32g4xx_ll_utils.h **** #endif
  38:platform/HAL/inc/stm32g4xx_ll_utils.h **** 
  39:platform/HAL/inc/stm32g4xx_ll_utils.h **** /* Includes ------------------------------------------------------------------*/
  40:platform/HAL/inc/stm32g4xx_ll_utils.h **** #include "stm32g4xx.h"
  41:platform/HAL/inc/stm32g4xx_ll_utils.h **** 
  42:platform/HAL/inc/stm32g4xx_ll_utils.h **** /** @addtogroup STM32G4xx_LL_Driver
  43:platform/HAL/inc/stm32g4xx_ll_utils.h ****   * @{
  44:platform/HAL/inc/stm32g4xx_ll_utils.h ****   */
  45:platform/HAL/inc/stm32g4xx_ll_utils.h **** 
  46:platform/HAL/inc/stm32g4xx_ll_utils.h **** /** @defgroup UTILS_LL UTILS
  47:platform/HAL/inc/stm32g4xx_ll_utils.h ****   * @{
  48:platform/HAL/inc/stm32g4xx_ll_utils.h ****   */
  49:platform/HAL/inc/stm32g4xx_ll_utils.h **** 
  50:platform/HAL/inc/stm32g4xx_ll_utils.h **** /* Private types -------------------------------------------------------------*/
  51:platform/HAL/inc/stm32g4xx_ll_utils.h **** /* Private variables ---------------------------------------------------------*/
  52:platform/HAL/inc/stm32g4xx_ll_utils.h **** 
  53:platform/HAL/inc/stm32g4xx_ll_utils.h **** /* Private constants ---------------------------------------------------------*/
ARM GAS  /tmp/ccY3Jimf.s 			page 52


  54:platform/HAL/inc/stm32g4xx_ll_utils.h **** /** @defgroup UTILS_LL_Private_Constants UTILS Private Constants
  55:platform/HAL/inc/stm32g4xx_ll_utils.h ****   * @{
  56:platform/HAL/inc/stm32g4xx_ll_utils.h ****   */
  57:platform/HAL/inc/stm32g4xx_ll_utils.h **** 
  58:platform/HAL/inc/stm32g4xx_ll_utils.h **** /* Max delay can be used in LL_mDelay */
  59:platform/HAL/inc/stm32g4xx_ll_utils.h **** #define LL_MAX_DELAY                  0xFFFFFFFFU
  60:platform/HAL/inc/stm32g4xx_ll_utils.h **** 
  61:platform/HAL/inc/stm32g4xx_ll_utils.h **** /**
  62:platform/HAL/inc/stm32g4xx_ll_utils.h ****  * @brief Unique device ID register base address
  63:platform/HAL/inc/stm32g4xx_ll_utils.h ****  */
  64:platform/HAL/inc/stm32g4xx_ll_utils.h **** #define UID_BASE_ADDRESS              UID_BASE
  65:platform/HAL/inc/stm32g4xx_ll_utils.h **** 
  66:platform/HAL/inc/stm32g4xx_ll_utils.h **** /**
  67:platform/HAL/inc/stm32g4xx_ll_utils.h ****  * @brief Flash size data register base address
  68:platform/HAL/inc/stm32g4xx_ll_utils.h ****  */
  69:platform/HAL/inc/stm32g4xx_ll_utils.h **** #define FLASHSIZE_BASE_ADDRESS        FLASHSIZE_BASE
  70:platform/HAL/inc/stm32g4xx_ll_utils.h **** 
  71:platform/HAL/inc/stm32g4xx_ll_utils.h **** /**
  72:platform/HAL/inc/stm32g4xx_ll_utils.h ****  * @brief Package data register base address
  73:platform/HAL/inc/stm32g4xx_ll_utils.h ****  */
  74:platform/HAL/inc/stm32g4xx_ll_utils.h **** #define PACKAGE_BASE_ADDRESS          PACKAGE_BASE
  75:platform/HAL/inc/stm32g4xx_ll_utils.h **** 
  76:platform/HAL/inc/stm32g4xx_ll_utils.h **** /**
  77:platform/HAL/inc/stm32g4xx_ll_utils.h ****   * @}
  78:platform/HAL/inc/stm32g4xx_ll_utils.h ****   */
  79:platform/HAL/inc/stm32g4xx_ll_utils.h **** 
  80:platform/HAL/inc/stm32g4xx_ll_utils.h **** /* Private macros ------------------------------------------------------------*/
  81:platform/HAL/inc/stm32g4xx_ll_utils.h **** /** @defgroup UTILS_LL_Private_Macros UTILS Private Macros
  82:platform/HAL/inc/stm32g4xx_ll_utils.h ****   * @{
  83:platform/HAL/inc/stm32g4xx_ll_utils.h ****   */
  84:platform/HAL/inc/stm32g4xx_ll_utils.h **** /**
  85:platform/HAL/inc/stm32g4xx_ll_utils.h ****   * @}
  86:platform/HAL/inc/stm32g4xx_ll_utils.h ****   */
  87:platform/HAL/inc/stm32g4xx_ll_utils.h **** /* Exported types ------------------------------------------------------------*/
  88:platform/HAL/inc/stm32g4xx_ll_utils.h **** /** @defgroup UTILS_LL_ES_INIT UTILS Exported structures
  89:platform/HAL/inc/stm32g4xx_ll_utils.h ****   * @{
  90:platform/HAL/inc/stm32g4xx_ll_utils.h ****   */
  91:platform/HAL/inc/stm32g4xx_ll_utils.h **** /**
  92:platform/HAL/inc/stm32g4xx_ll_utils.h ****   * @brief  UTILS PLL structure definition
  93:platform/HAL/inc/stm32g4xx_ll_utils.h ****   */
  94:platform/HAL/inc/stm32g4xx_ll_utils.h **** typedef struct
  95:platform/HAL/inc/stm32g4xx_ll_utils.h **** {
  96:platform/HAL/inc/stm32g4xx_ll_utils.h ****   uint32_t PLLM;   /*!< Division factor for PLL VCO input clock.
  97:platform/HAL/inc/stm32g4xx_ll_utils.h ****                         This parameter can be a value of @ref RCC_LL_EC_PLLM_DIV
  98:platform/HAL/inc/stm32g4xx_ll_utils.h **** 
  99:platform/HAL/inc/stm32g4xx_ll_utils.h ****                         This feature can be modified afterwards using unitary function
 100:platform/HAL/inc/stm32g4xx_ll_utils.h ****                         @ref LL_RCC_PLL_ConfigDomain_SYS(). */
 101:platform/HAL/inc/stm32g4xx_ll_utils.h **** 
 102:platform/HAL/inc/stm32g4xx_ll_utils.h ****   uint32_t PLLN;   /*!< Multiplication factor for PLL VCO output clock.
 103:platform/HAL/inc/stm32g4xx_ll_utils.h ****                         This parameter must be a number between Min_Data = 8 and Max_Data = 86
 104:platform/HAL/inc/stm32g4xx_ll_utils.h **** 
 105:platform/HAL/inc/stm32g4xx_ll_utils.h ****                         This feature can be modified afterwards using unitary function
 106:platform/HAL/inc/stm32g4xx_ll_utils.h ****                         @ref LL_RCC_PLL_ConfigDomain_SYS(). */
 107:platform/HAL/inc/stm32g4xx_ll_utils.h **** 
 108:platform/HAL/inc/stm32g4xx_ll_utils.h ****   uint32_t PLLR;   /*!< Division for the main system clock.
 109:platform/HAL/inc/stm32g4xx_ll_utils.h ****                         This parameter can be a value of @ref RCC_LL_EC_PLLR_DIV
 110:platform/HAL/inc/stm32g4xx_ll_utils.h **** 
ARM GAS  /tmp/ccY3Jimf.s 			page 53


 111:platform/HAL/inc/stm32g4xx_ll_utils.h ****                         This feature can be modified afterwards using unitary function
 112:platform/HAL/inc/stm32g4xx_ll_utils.h ****                         @ref LL_RCC_PLL_ConfigDomain_SYS(). */
 113:platform/HAL/inc/stm32g4xx_ll_utils.h **** } LL_UTILS_PLLInitTypeDef;
 114:platform/HAL/inc/stm32g4xx_ll_utils.h **** 
 115:platform/HAL/inc/stm32g4xx_ll_utils.h **** /**
 116:platform/HAL/inc/stm32g4xx_ll_utils.h ****   * @brief  UTILS System, AHB and APB buses clock configuration structure definition
 117:platform/HAL/inc/stm32g4xx_ll_utils.h ****   */
 118:platform/HAL/inc/stm32g4xx_ll_utils.h **** typedef struct
 119:platform/HAL/inc/stm32g4xx_ll_utils.h **** {
 120:platform/HAL/inc/stm32g4xx_ll_utils.h ****   uint32_t AHBCLKDivider;         /*!< The AHB clock (HCLK) divider. This clock is derived from the
 121:platform/HAL/inc/stm32g4xx_ll_utils.h ****                                        This parameter can be a value of @ref RCC_LL_EC_SYSCLK_DIV
 122:platform/HAL/inc/stm32g4xx_ll_utils.h **** 
 123:platform/HAL/inc/stm32g4xx_ll_utils.h ****                                        This feature can be modified afterwards using unitary functi
 124:platform/HAL/inc/stm32g4xx_ll_utils.h ****                                        @ref LL_RCC_SetAHBPrescaler(). */
 125:platform/HAL/inc/stm32g4xx_ll_utils.h **** 
 126:platform/HAL/inc/stm32g4xx_ll_utils.h ****   uint32_t APB1CLKDivider;        /*!< The APB1 clock (PCLK1) divider. This clock is derived from t
 127:platform/HAL/inc/stm32g4xx_ll_utils.h ****                                        This parameter can be a value of @ref RCC_LL_EC_APB1_DIV
 128:platform/HAL/inc/stm32g4xx_ll_utils.h **** 
 129:platform/HAL/inc/stm32g4xx_ll_utils.h ****                                        This feature can be modified afterwards using unitary functi
 130:platform/HAL/inc/stm32g4xx_ll_utils.h ****                                        @ref LL_RCC_SetAPB1Prescaler(). */
 131:platform/HAL/inc/stm32g4xx_ll_utils.h **** 
 132:platform/HAL/inc/stm32g4xx_ll_utils.h ****   uint32_t APB2CLKDivider;        /*!< The APB2 clock (PCLK2) divider. This clock is derived from t
 133:platform/HAL/inc/stm32g4xx_ll_utils.h ****                                        This parameter can be a value of @ref RCC_LL_EC_APB2_DIV
 134:platform/HAL/inc/stm32g4xx_ll_utils.h **** 
 135:platform/HAL/inc/stm32g4xx_ll_utils.h ****                                        This feature can be modified afterwards using unitary functi
 136:platform/HAL/inc/stm32g4xx_ll_utils.h ****                                        @ref LL_RCC_SetAPB2Prescaler(). */
 137:platform/HAL/inc/stm32g4xx_ll_utils.h **** 
 138:platform/HAL/inc/stm32g4xx_ll_utils.h **** } LL_UTILS_ClkInitTypeDef;
 139:platform/HAL/inc/stm32g4xx_ll_utils.h **** 
 140:platform/HAL/inc/stm32g4xx_ll_utils.h **** /**
 141:platform/HAL/inc/stm32g4xx_ll_utils.h ****   * @}
 142:platform/HAL/inc/stm32g4xx_ll_utils.h ****   */
 143:platform/HAL/inc/stm32g4xx_ll_utils.h **** 
 144:platform/HAL/inc/stm32g4xx_ll_utils.h **** /* Exported constants --------------------------------------------------------*/
 145:platform/HAL/inc/stm32g4xx_ll_utils.h **** /** @defgroup UTILS_LL_Exported_Constants UTILS Exported Constants
 146:platform/HAL/inc/stm32g4xx_ll_utils.h ****   * @{
 147:platform/HAL/inc/stm32g4xx_ll_utils.h ****   */
 148:platform/HAL/inc/stm32g4xx_ll_utils.h **** 
 149:platform/HAL/inc/stm32g4xx_ll_utils.h **** /** @defgroup UTILS_EC_HSE_BYPASS HSE Bypass activation
 150:platform/HAL/inc/stm32g4xx_ll_utils.h ****   * @{
 151:platform/HAL/inc/stm32g4xx_ll_utils.h ****   */
 152:platform/HAL/inc/stm32g4xx_ll_utils.h **** #define LL_UTILS_HSEBYPASS_OFF        0x00000000U       /*!< HSE Bypass is not enabled             
 153:platform/HAL/inc/stm32g4xx_ll_utils.h **** #define LL_UTILS_HSEBYPASS_ON         0x00000001U       /*!< HSE Bypass is enabled                 
 154:platform/HAL/inc/stm32g4xx_ll_utils.h **** /**
 155:platform/HAL/inc/stm32g4xx_ll_utils.h ****   * @}
 156:platform/HAL/inc/stm32g4xx_ll_utils.h ****   */
 157:platform/HAL/inc/stm32g4xx_ll_utils.h **** 
 158:platform/HAL/inc/stm32g4xx_ll_utils.h **** /** @defgroup UTILS_EC_PACKAGETYPE PACKAGE TYPE
 159:platform/HAL/inc/stm32g4xx_ll_utils.h ****   * @{
 160:platform/HAL/inc/stm32g4xx_ll_utils.h ****   */
 161:platform/HAL/inc/stm32g4xx_ll_utils.h **** #define LL_UTILS_PACKAGETYPE_LQFP64             0x00000000U /*!< LQFP64 package type               
 162:platform/HAL/inc/stm32g4xx_ll_utils.h **** #define LL_UTILS_PACKAGETYPE_WLCSP64            0x00000001U /*!< WLCSP64 package type              
 163:platform/HAL/inc/stm32g4xx_ll_utils.h **** #if defined (STM32G411xB) || defined (STM32G411xC) || defined (STM32G431xx) || defined (STM32G414xx
 164:platform/HAL/inc/stm32g4xx_ll_utils.h ****     defined (STM32G471xx) || defined (STM32G473xx) || defined (STM32G483xx) || defined (STM32G474xx
 165:platform/HAL/inc/stm32g4xx_ll_utils.h **** #define LL_UTILS_PACKAGETYPE_LQFP100_LQFP80     0x00000002U /*!< LQFP100 \ LQFP80 package type     
 166:platform/HAL/inc/stm32g4xx_ll_utils.h **** #define LL_UTILS_PACKAGETYPE_LQFP100 LL_UTILS_PACKAGETYPE_LQFP100_LQFP80  /*!< For backward compati
 167:platform/HAL/inc/stm32g4xx_ll_utils.h **** #else
ARM GAS  /tmp/ccY3Jimf.s 			page 54


 168:platform/HAL/inc/stm32g4xx_ll_utils.h **** #define LL_UTILS_PACKAGETYPE_LQFP100            0x00000002U /*!< LQFP100 package type              
 169:platform/HAL/inc/stm32g4xx_ll_utils.h **** #endif /* STM32G411xB || STM32G411xC || STM32G431xx || STM32G414xx || STM32G441xx || STM32G471xx ||
 170:platform/HAL/inc/stm32g4xx_ll_utils.h **** #define LL_UTILS_PACKAGETYPE_WLCSP81            0x00000005U /*!< WLCSP81 package type              
 171:platform/HAL/inc/stm32g4xx_ll_utils.h **** #define LL_UTILS_PACKAGETYPE_LQFP128_UFBGA121   0x00000007U /*!< LQFP128 \ UFBGA121 package type   
 172:platform/HAL/inc/stm32g4xx_ll_utils.h **** #define LL_UTILS_PACKAGETYPE_LQFP128 LL_UTILS_PACKAGETYPE_LQFP128_UFBGA121 /*!< For backward compat
 173:platform/HAL/inc/stm32g4xx_ll_utils.h **** #define LL_UTILS_PACKAGETYPE_UFQFPN32           0x00000008U /*!< UFQFPN32 package type             
 174:platform/HAL/inc/stm32g4xx_ll_utils.h **** #define LL_UTILS_PACKAGETYPE_LQFP32             0x00000009U /*!< LQFP32 package type               
 175:platform/HAL/inc/stm32g4xx_ll_utils.h **** #define LL_UTILS_PACKAGETYPE_UFQFPN48           0x0000000AU /*!< UFQFPN48 package type             
 176:platform/HAL/inc/stm32g4xx_ll_utils.h **** #define LL_UTILS_PACKAGETYPE_LQFP48             0x0000000BU /*!< LQFP48 package type               
 177:platform/HAL/inc/stm32g4xx_ll_utils.h **** #define LL_UTILS_PACKAGETYPE_WLCSP49            0x0000000CU /*!< WLCSP49 package type              
 178:platform/HAL/inc/stm32g4xx_ll_utils.h **** #define LL_UTILS_PACKAGETYPE_UFBGA64            0x0000000DU /*!< UFBGA64 package type              
 179:platform/HAL/inc/stm32g4xx_ll_utils.h **** #define LL_UTILS_PACKAGETYPE_TFBGA100           0x0000000EU /*!< TFBGA100 package type             
 180:platform/HAL/inc/stm32g4xx_ll_utils.h **** #define LL_UTILS_PACKAGETYPE_UFBGA100 LL_UTILS_PACKAGETYPE_TFBGA100  /*!< For backward compatibilit
 181:platform/HAL/inc/stm32g4xx_ll_utils.h **** #define LL_UTILS_PACKAGETYPE_LQFP48_EBIKE       0x00000010U /*!< LQFP48 EBIKE package type         
 182:platform/HAL/inc/stm32g4xx_ll_utils.h **** #if defined (STM32G491xx) || defined (STM32G4A1xx)
 183:platform/HAL/inc/stm32g4xx_ll_utils.h **** #define LL_UTILS_PACKAGETYPE_LQFP80             0x00000011U /*!< LQFP80 package type               
 184:platform/HAL/inc/stm32g4xx_ll_utils.h **** #endif /* STM32G491xx || STM32G4A1xx */
 185:platform/HAL/inc/stm32g4xx_ll_utils.h **** 
 186:platform/HAL/inc/stm32g4xx_ll_utils.h **** /**
 187:platform/HAL/inc/stm32g4xx_ll_utils.h ****   * @}
 188:platform/HAL/inc/stm32g4xx_ll_utils.h ****   */
 189:platform/HAL/inc/stm32g4xx_ll_utils.h **** 
 190:platform/HAL/inc/stm32g4xx_ll_utils.h **** /**
 191:platform/HAL/inc/stm32g4xx_ll_utils.h ****   * @}
 192:platform/HAL/inc/stm32g4xx_ll_utils.h ****   */
 193:platform/HAL/inc/stm32g4xx_ll_utils.h **** 
 194:platform/HAL/inc/stm32g4xx_ll_utils.h **** /* Exported macro ------------------------------------------------------------*/
 195:platform/HAL/inc/stm32g4xx_ll_utils.h **** 
 196:platform/HAL/inc/stm32g4xx_ll_utils.h **** /* Exported functions --------------------------------------------------------*/
 197:platform/HAL/inc/stm32g4xx_ll_utils.h **** /** @defgroup UTILS_LL_Exported_Functions UTILS Exported Functions
 198:platform/HAL/inc/stm32g4xx_ll_utils.h ****   * @{
 199:platform/HAL/inc/stm32g4xx_ll_utils.h ****   */
 200:platform/HAL/inc/stm32g4xx_ll_utils.h **** 
 201:platform/HAL/inc/stm32g4xx_ll_utils.h **** /** @defgroup UTILS_EF_DEVICE_ELECTRONIC_SIGNATURE DEVICE ELECTRONIC SIGNATURE
 202:platform/HAL/inc/stm32g4xx_ll_utils.h ****   * @{
 203:platform/HAL/inc/stm32g4xx_ll_utils.h ****   */
 204:platform/HAL/inc/stm32g4xx_ll_utils.h **** 
 205:platform/HAL/inc/stm32g4xx_ll_utils.h **** /**
 206:platform/HAL/inc/stm32g4xx_ll_utils.h ****   * @brief  Get Word0 of the unique device identifier (UID based on 96 bits)
 207:platform/HAL/inc/stm32g4xx_ll_utils.h ****   * @retval UID[31:0]: X and Y coordinates on the wafer expressed in BCD format
 208:platform/HAL/inc/stm32g4xx_ll_utils.h ****   */
 209:platform/HAL/inc/stm32g4xx_ll_utils.h **** __STATIC_INLINE uint32_t LL_GetUID_Word0(void)
 210:platform/HAL/inc/stm32g4xx_ll_utils.h **** {
 211:platform/HAL/inc/stm32g4xx_ll_utils.h ****   return (uint32_t)(READ_REG(*((uint32_t *)UID_BASE_ADDRESS)));
 212:platform/HAL/inc/stm32g4xx_ll_utils.h **** }
 213:platform/HAL/inc/stm32g4xx_ll_utils.h **** 
 214:platform/HAL/inc/stm32g4xx_ll_utils.h **** /**
 215:platform/HAL/inc/stm32g4xx_ll_utils.h ****   * @brief  Get Word1 of the unique device identifier (UID based on 96 bits)
 216:platform/HAL/inc/stm32g4xx_ll_utils.h ****   * @retval UID[63:32]: Wafer number (UID[39:32]) & LOT_NUM[23:0] (UID[63:40])
 217:platform/HAL/inc/stm32g4xx_ll_utils.h ****   */
 218:platform/HAL/inc/stm32g4xx_ll_utils.h **** __STATIC_INLINE uint32_t LL_GetUID_Word1(void)
 219:platform/HAL/inc/stm32g4xx_ll_utils.h **** {
 220:platform/HAL/inc/stm32g4xx_ll_utils.h ****   return (uint32_t)(READ_REG(*((uint32_t *)(UID_BASE_ADDRESS + 4U))));
 221:platform/HAL/inc/stm32g4xx_ll_utils.h **** }
 222:platform/HAL/inc/stm32g4xx_ll_utils.h **** 
 223:platform/HAL/inc/stm32g4xx_ll_utils.h **** /**
 224:platform/HAL/inc/stm32g4xx_ll_utils.h ****   * @brief  Get Word2 of the unique device identifier (UID based on 96 bits)
ARM GAS  /tmp/ccY3Jimf.s 			page 55


 225:platform/HAL/inc/stm32g4xx_ll_utils.h ****   * @retval UID[95:64]: Lot number (ASCII encoded) - LOT_NUM[55:24]
 226:platform/HAL/inc/stm32g4xx_ll_utils.h ****   */
 227:platform/HAL/inc/stm32g4xx_ll_utils.h **** __STATIC_INLINE uint32_t LL_GetUID_Word2(void)
 228:platform/HAL/inc/stm32g4xx_ll_utils.h **** {
 229:platform/HAL/inc/stm32g4xx_ll_utils.h ****   return (uint32_t)(READ_REG(*((uint32_t *)(UID_BASE_ADDRESS + 8U))));
 230:platform/HAL/inc/stm32g4xx_ll_utils.h **** }
 231:platform/HAL/inc/stm32g4xx_ll_utils.h **** 
 232:platform/HAL/inc/stm32g4xx_ll_utils.h **** /**
 233:platform/HAL/inc/stm32g4xx_ll_utils.h ****   * @brief  Get Flash memory size
 234:platform/HAL/inc/stm32g4xx_ll_utils.h ****   * @note   This bitfield indicates the size of the device Flash memory expressed in
 235:platform/HAL/inc/stm32g4xx_ll_utils.h ****   *         Kbytes. As an example, 0x040 corresponds to 64 Kbytes.
 236:platform/HAL/inc/stm32g4xx_ll_utils.h ****   * @retval FLASH_SIZE[15:0]: Flash memory size
 237:platform/HAL/inc/stm32g4xx_ll_utils.h ****   */
 238:platform/HAL/inc/stm32g4xx_ll_utils.h **** __STATIC_INLINE uint32_t LL_GetFlashSize(void)
 239:platform/HAL/inc/stm32g4xx_ll_utils.h **** {
 240:platform/HAL/inc/stm32g4xx_ll_utils.h ****   return (uint32_t)(READ_REG(*((uint32_t *)FLASHSIZE_BASE_ADDRESS)) & 0x0000FFFFUL);
 241:platform/HAL/inc/stm32g4xx_ll_utils.h **** }
 242:platform/HAL/inc/stm32g4xx_ll_utils.h **** 
 243:platform/HAL/inc/stm32g4xx_ll_utils.h **** /**
 244:platform/HAL/inc/stm32g4xx_ll_utils.h ****   * @brief  Get Package type
 245:platform/HAL/inc/stm32g4xx_ll_utils.h ****   * @retval Returned value can be one of the following values:
 246:platform/HAL/inc/stm32g4xx_ll_utils.h ****   *         @arg @ref LL_UTILS_PACKAGETYPE_LQFP64
 247:platform/HAL/inc/stm32g4xx_ll_utils.h ****   *         @arg @ref LL_UTILS_PACKAGETYPE_LQFP100
 248:platform/HAL/inc/stm32g4xx_ll_utils.h ****   *         @arg @ref LL_UTILS_PACKAGETYPE_WLCSP81
 249:platform/HAL/inc/stm32g4xx_ll_utils.h ****   *         @arg @ref LL_UTILS_PACKAGETYPE_LQFP128
 250:platform/HAL/inc/stm32g4xx_ll_utils.h ****   *         @arg @ref LL_UTILS_PACKAGETYPE_UFQFPN32
 251:platform/HAL/inc/stm32g4xx_ll_utils.h ****   *         @arg @ref LL_UTILS_PACKAGETYPE_LQFP32
 252:platform/HAL/inc/stm32g4xx_ll_utils.h ****   *         @arg @ref LL_UTILS_PACKAGETYPE_UFQFPN48
 253:platform/HAL/inc/stm32g4xx_ll_utils.h ****   *         @arg @ref LL_UTILS_PACKAGETYPE_LQFP48
 254:platform/HAL/inc/stm32g4xx_ll_utils.h ****   *         @arg @ref LL_UTILS_PACKAGETYPE_WLCSP49
 255:platform/HAL/inc/stm32g4xx_ll_utils.h ****   *         @arg @ref LL_UTILS_PACKAGETYPE_UFBGA64
 256:platform/HAL/inc/stm32g4xx_ll_utils.h ****   *         @arg @ref LL_UTILS_PACKAGETYPE_UFBGA100
 257:platform/HAL/inc/stm32g4xx_ll_utils.h ****   *         @arg @ref LL_UTILS_PACKAGETYPE_LQFP48_EBIKE
 258:platform/HAL/inc/stm32g4xx_ll_utils.h ****   *
 259:platform/HAL/inc/stm32g4xx_ll_utils.h **** */
 260:platform/HAL/inc/stm32g4xx_ll_utils.h **** __STATIC_INLINE uint32_t LL_GetPackageType(void)
 261:platform/HAL/inc/stm32g4xx_ll_utils.h **** {
 262:platform/HAL/inc/stm32g4xx_ll_utils.h ****   return (uint32_t)(READ_REG(*((uint32_t *)PACKAGE_BASE_ADDRESS)) & 0x1FU);
 263:platform/HAL/inc/stm32g4xx_ll_utils.h **** }
 264:platform/HAL/inc/stm32g4xx_ll_utils.h **** 
 265:platform/HAL/inc/stm32g4xx_ll_utils.h **** /**
 266:platform/HAL/inc/stm32g4xx_ll_utils.h ****   * @}
 267:platform/HAL/inc/stm32g4xx_ll_utils.h ****   */
 268:platform/HAL/inc/stm32g4xx_ll_utils.h **** 
 269:platform/HAL/inc/stm32g4xx_ll_utils.h **** /** @defgroup UTILS_LL_EF_DELAY DELAY
 270:platform/HAL/inc/stm32g4xx_ll_utils.h ****   * @{
 271:platform/HAL/inc/stm32g4xx_ll_utils.h ****   */
 272:platform/HAL/inc/stm32g4xx_ll_utils.h **** 
 273:platform/HAL/inc/stm32g4xx_ll_utils.h **** /**
 274:platform/HAL/inc/stm32g4xx_ll_utils.h ****   * @brief  This function configures the Cortex-M SysTick source of the time base.
 275:platform/HAL/inc/stm32g4xx_ll_utils.h ****   * @param  HCLKFrequency HCLK frequency in Hz (can be calculated thanks to RCC helper macro)
 276:platform/HAL/inc/stm32g4xx_ll_utils.h ****   * @note   When a RTOS is used, it is recommended to avoid changing the SysTick
 277:platform/HAL/inc/stm32g4xx_ll_utils.h ****   *         configuration by calling this function, for a delay use rather osDelay RTOS service.
 278:platform/HAL/inc/stm32g4xx_ll_utils.h ****   * @param  Ticks Frequency of Ticks (Hz)
 279:platform/HAL/inc/stm32g4xx_ll_utils.h ****   * @retval None
 280:platform/HAL/inc/stm32g4xx_ll_utils.h ****   */
 281:platform/HAL/inc/stm32g4xx_ll_utils.h **** __STATIC_INLINE void LL_InitTick(uint32_t HCLKFrequency, uint32_t Ticks)
ARM GAS  /tmp/ccY3Jimf.s 			page 56


 144              		.loc 3 281 22 view .LVU38
 145              	.LBB57:
 282:platform/HAL/inc/stm32g4xx_ll_utils.h **** {
 283:platform/HAL/inc/stm32g4xx_ll_utils.h ****   /* Configure the SysTick to have interrupt in 1ms time base */
 284:platform/HAL/inc/stm32g4xx_ll_utils.h ****   SysTick->LOAD  = (uint32_t)((HCLKFrequency / Ticks) - 1UL);  /* set reload register */
 146              		.loc 3 284 3 view .LVU39
 147              		.loc 3 284 46 is_stmt 0 view .LVU40
 148 0000 064B     		ldr	r3, .L8
 149 0002 A3FB0023 		umull	r2, r3, r3, r0
 150 0006 9B09     		lsrs	r3, r3, #6
 151              		.loc 3 284 20 view .LVU41
 152 0008 013B     		subs	r3, r3, #1
 153              		.loc 3 284 18 view .LVU42
 154 000a 4FF0E022 		mov	r2, #-536813568
 155 000e 5361     		str	r3, [r2, #20]
 285:platform/HAL/inc/stm32g4xx_ll_utils.h ****   SysTick->VAL   = 0UL;                                       /* Load the SysTick Counter Value */
 156              		.loc 3 285 3 is_stmt 1 view .LVU43
 157              		.loc 3 285 18 is_stmt 0 view .LVU44
 158 0010 0023     		movs	r3, #0
 159 0012 9361     		str	r3, [r2, #24]
 286:platform/HAL/inc/stm32g4xx_ll_utils.h ****   SysTick->CTRL  = SysTick_CTRL_CLKSOURCE_Msk |
 160              		.loc 3 286 3 is_stmt 1 view .LVU45
 161              		.loc 3 286 18 is_stmt 0 view .LVU46
 162 0014 0523     		movs	r3, #5
 163 0016 1361     		str	r3, [r2, #16]
 164              	.LVL8:
 165              		.loc 3 286 18 view .LVU47
 166              	.LBE57:
 167              	.LBE56:
 174:platform/HAL/src/stm32g4xx_ll_utils.c **** 
 168              		.loc 1 174 1 view .LVU48
 169 0018 7047     		bx	lr
 170              	.L9:
 171 001a 00BF     		.align	2
 172              	.L8:
 173 001c D34D6210 		.word	274877907
 174              		.cfi_endproc
 175              	.LFE633:
 177              		.section	.text.LL_mDelay,"ax",%progbits
 178              		.align	1
 179              		.global	LL_mDelay
 180              		.syntax unified
 181              		.thumb
 182              		.thumb_func
 184              	LL_mDelay:
 185              	.LVL9:
 186              	.LFB634:
 187:platform/HAL/src/stm32g4xx_ll_utils.c ****   __IO uint32_t  tmp = SysTick->CTRL;  /* Clear the COUNTFLAG first */
 187              		.loc 1 187 1 is_stmt 1 view -0
 188              		.cfi_startproc
 189              		@ args = 0, pretend = 0, frame = 8
 190              		@ frame_needed = 0, uses_anonymous_args = 0
 191              		@ link register save eliminated.
 187:platform/HAL/src/stm32g4xx_ll_utils.c ****   __IO uint32_t  tmp = SysTick->CTRL;  /* Clear the COUNTFLAG first */
 192              		.loc 1 187 1 is_stmt 0 view .LVU50
 193 0000 82B0     		sub	sp, sp, #8
 194              	.LCFI0:
ARM GAS  /tmp/ccY3Jimf.s 			page 57


 195              		.cfi_def_cfa_offset 8
 188:platform/HAL/src/stm32g4xx_ll_utils.c ****   uint32_t tmpDelay; /* MISRAC2012-Rule-17.8 */
 196              		.loc 1 188 3 is_stmt 1 view .LVU51
 188:platform/HAL/src/stm32g4xx_ll_utils.c ****   uint32_t tmpDelay; /* MISRAC2012-Rule-17.8 */
 197              		.loc 1 188 31 is_stmt 0 view .LVU52
 198 0002 4FF0E023 		mov	r3, #-536813568
 199 0006 1B69     		ldr	r3, [r3, #16]
 188:platform/HAL/src/stm32g4xx_ll_utils.c ****   uint32_t tmpDelay; /* MISRAC2012-Rule-17.8 */
 200              		.loc 1 188 18 view .LVU53
 201 0008 0193     		str	r3, [sp, #4]
 189:platform/HAL/src/stm32g4xx_ll_utils.c ****   /* Add this code to indicate that local variable is not used */
 202              		.loc 1 189 3 is_stmt 1 view .LVU54
 191:platform/HAL/src/stm32g4xx_ll_utils.c ****   tmpDelay = Delay;
 203              		.loc 1 191 3 view .LVU55
 191:platform/HAL/src/stm32g4xx_ll_utils.c ****   tmpDelay = Delay;
 204              		.loc 1 191 4 is_stmt 0 view .LVU56
 205 000a 019B     		ldr	r3, [sp, #4]
 192:platform/HAL/src/stm32g4xx_ll_utils.c ****   /* Add a period to guaranty minimum wait */
 206              		.loc 1 192 3 is_stmt 1 view .LVU57
 207              	.LVL10:
 194:platform/HAL/src/stm32g4xx_ll_utils.c ****   {
 208              		.loc 1 194 3 view .LVU58
 194:platform/HAL/src/stm32g4xx_ll_utils.c ****   {
 209              		.loc 1 194 5 is_stmt 0 view .LVU59
 210 000c B0F1FF3F 		cmp	r0, #-1
 211 0010 00D0     		beq	.L12
 196:platform/HAL/src/stm32g4xx_ll_utils.c ****   }
 212              		.loc 1 196 5 is_stmt 1 view .LVU60
 196:platform/HAL/src/stm32g4xx_ll_utils.c ****   }
 213              		.loc 1 196 13 is_stmt 0 view .LVU61
 214 0012 0130     		adds	r0, r0, #1
 215              	.LVL11:
 216              	.L12:
 199:platform/HAL/src/stm32g4xx_ll_utils.c ****   {
 217              		.loc 1 199 19 is_stmt 1 view .LVU62
 218 0014 38B1     		cbz	r0, .L16
 201:platform/HAL/src/stm32g4xx_ll_utils.c ****     {
 219              		.loc 1 201 5 view .LVU63
 201:platform/HAL/src/stm32g4xx_ll_utils.c ****     {
 220              		.loc 1 201 16 is_stmt 0 view .LVU64
 221 0016 4FF0E023 		mov	r3, #-536813568
 222 001a 1B69     		ldr	r3, [r3, #16]
 201:platform/HAL/src/stm32g4xx_ll_utils.c ****     {
 223              		.loc 1 201 7 view .LVU65
 224 001c 13F4803F 		tst	r3, #65536
 225 0020 F8D0     		beq	.L12
 203:platform/HAL/src/stm32g4xx_ll_utils.c ****     }
 226              		.loc 1 203 7 is_stmt 1 view .LVU66
 203:platform/HAL/src/stm32g4xx_ll_utils.c ****     }
 227              		.loc 1 203 15 is_stmt 0 view .LVU67
 228 0022 0138     		subs	r0, r0, #1
 229              	.LVL12:
 203:platform/HAL/src/stm32g4xx_ll_utils.c ****     }
 230              		.loc 1 203 15 view .LVU68
 231 0024 F6E7     		b	.L12
 232              	.LVL13:
 233              	.L16:
ARM GAS  /tmp/ccY3Jimf.s 			page 58


 206:platform/HAL/src/stm32g4xx_ll_utils.c **** 
 234              		.loc 1 206 1 view .LVU69
 235 0026 02B0     		add	sp, sp, #8
 236              	.LCFI1:
 237              		.cfi_def_cfa_offset 0
 238              		@ sp needed
 239 0028 7047     		bx	lr
 240              		.cfi_endproc
 241              	.LFE634:
 243              		.section	.text.LL_SetSystemCoreClock,"ax",%progbits
 244              		.align	1
 245              		.global	LL_SetSystemCoreClock
 246              		.syntax unified
 247              		.thumb
 248              		.thumb_func
 250              	LL_SetSystemCoreClock:
 251              	.LVL14:
 252              	.LFB635:
 258:platform/HAL/src/stm32g4xx_ll_utils.c ****   /* HCLK clock frequency */
 253              		.loc 1 258 1 is_stmt 1 view -0
 254              		.cfi_startproc
 255              		@ args = 0, pretend = 0, frame = 0
 256              		@ frame_needed = 0, uses_anonymous_args = 0
 257              		@ link register save eliminated.
 260:platform/HAL/src/stm32g4xx_ll_utils.c **** }
 258              		.loc 1 260 3 view .LVU71
 260:platform/HAL/src/stm32g4xx_ll_utils.c **** }
 259              		.loc 1 260 19 is_stmt 0 view .LVU72
 260 0000 014B     		ldr	r3, .L18
 261 0002 1860     		str	r0, [r3]
 261:platform/HAL/src/stm32g4xx_ll_utils.c **** 
 262              		.loc 1 261 1 view .LVU73
 263 0004 7047     		bx	lr
 264              	.L19:
 265 0006 00BF     		.align	2
 266              	.L18:
 267 0008 00000000 		.word	SystemCoreClock
 268              		.cfi_endproc
 269              	.LFE635:
 271              		.section	.text.LL_SetFlashLatency,"ax",%progbits
 272              		.align	1
 273              		.global	LL_SetFlashLatency
 274              		.syntax unified
 275              		.thumb
 276              		.thumb_func
 278              	LL_SetFlashLatency:
 279              	.LVL15:
 280              	.LFB636:
 272:platform/HAL/src/stm32g4xx_ll_utils.c ****   uint32_t timeout;
 281              		.loc 1 272 1 is_stmt 1 view -0
 282              		.cfi_startproc
 283              		@ args = 0, pretend = 0, frame = 0
 284              		@ frame_needed = 0, uses_anonymous_args = 0
 285              		@ link register save eliminated.
 273:platform/HAL/src/stm32g4xx_ll_utils.c ****   uint32_t getlatency;
 286              		.loc 1 273 3 view .LVU75
 274:platform/HAL/src/stm32g4xx_ll_utils.c ****   ErrorStatus status = SUCCESS;
ARM GAS  /tmp/ccY3Jimf.s 			page 59


 287              		.loc 1 274 3 view .LVU76
 275:platform/HAL/src/stm32g4xx_ll_utils.c ****   uint32_t regulatorstatus = LL_PWR_GetRegulVoltageScaling();
 288              		.loc 1 275 3 view .LVU77
 276:platform/HAL/src/stm32g4xx_ll_utils.c ****   uint32_t regulatorbooststatus = LL_PWR_IsEnabledRange1BoostMode();
 289              		.loc 1 276 3 view .LVU78
 290              	.LBB58:
 291              	.LBI58:
 292              		.file 4 "platform/HAL/inc/stm32g4xx_ll_pwr.h"
   1:platform/HAL/inc/stm32g4xx_ll_pwr.h **** /**
   2:platform/HAL/inc/stm32g4xx_ll_pwr.h ****   ******************************************************************************
   3:platform/HAL/inc/stm32g4xx_ll_pwr.h ****   * @file    stm32g4xx_ll_pwr.h
   4:platform/HAL/inc/stm32g4xx_ll_pwr.h ****   * @author  MCD Application Team
   5:platform/HAL/inc/stm32g4xx_ll_pwr.h ****   * @brief   Header file of PWR LL module.
   6:platform/HAL/inc/stm32g4xx_ll_pwr.h ****   ******************************************************************************
   7:platform/HAL/inc/stm32g4xx_ll_pwr.h ****   * @attention
   8:platform/HAL/inc/stm32g4xx_ll_pwr.h ****   *
   9:platform/HAL/inc/stm32g4xx_ll_pwr.h ****   * Copyright (c) 2019 STMicroelectronics.
  10:platform/HAL/inc/stm32g4xx_ll_pwr.h ****   * All rights reserved.
  11:platform/HAL/inc/stm32g4xx_ll_pwr.h ****   *
  12:platform/HAL/inc/stm32g4xx_ll_pwr.h ****   * This software is licensed under terms that can be found in the LICENSE file
  13:platform/HAL/inc/stm32g4xx_ll_pwr.h ****   * in the root directory of this software component.
  14:platform/HAL/inc/stm32g4xx_ll_pwr.h ****   * If no LICENSE file comes with this software, it is provided AS-IS.
  15:platform/HAL/inc/stm32g4xx_ll_pwr.h ****   *
  16:platform/HAL/inc/stm32g4xx_ll_pwr.h ****   ******************************************************************************
  17:platform/HAL/inc/stm32g4xx_ll_pwr.h ****   */
  18:platform/HAL/inc/stm32g4xx_ll_pwr.h **** 
  19:platform/HAL/inc/stm32g4xx_ll_pwr.h **** /* Define to prevent recursive inclusion -------------------------------------*/
  20:platform/HAL/inc/stm32g4xx_ll_pwr.h **** #ifndef STM32G4xx_LL_PWR_H
  21:platform/HAL/inc/stm32g4xx_ll_pwr.h **** #define STM32G4xx_LL_PWR_H
  22:platform/HAL/inc/stm32g4xx_ll_pwr.h **** 
  23:platform/HAL/inc/stm32g4xx_ll_pwr.h **** #ifdef __cplusplus
  24:platform/HAL/inc/stm32g4xx_ll_pwr.h **** extern "C" {
  25:platform/HAL/inc/stm32g4xx_ll_pwr.h **** #endif
  26:platform/HAL/inc/stm32g4xx_ll_pwr.h **** 
  27:platform/HAL/inc/stm32g4xx_ll_pwr.h **** /* Includes ------------------------------------------------------------------*/
  28:platform/HAL/inc/stm32g4xx_ll_pwr.h **** #include "stm32g4xx.h"
  29:platform/HAL/inc/stm32g4xx_ll_pwr.h **** 
  30:platform/HAL/inc/stm32g4xx_ll_pwr.h **** /** @addtogroup STM32G4xx_LL_Driver
  31:platform/HAL/inc/stm32g4xx_ll_pwr.h ****   * @{
  32:platform/HAL/inc/stm32g4xx_ll_pwr.h ****   */
  33:platform/HAL/inc/stm32g4xx_ll_pwr.h **** 
  34:platform/HAL/inc/stm32g4xx_ll_pwr.h **** #if defined(PWR)
  35:platform/HAL/inc/stm32g4xx_ll_pwr.h **** 
  36:platform/HAL/inc/stm32g4xx_ll_pwr.h **** /** @defgroup PWR_LL PWR
  37:platform/HAL/inc/stm32g4xx_ll_pwr.h ****   * @{
  38:platform/HAL/inc/stm32g4xx_ll_pwr.h ****   */
  39:platform/HAL/inc/stm32g4xx_ll_pwr.h **** 
  40:platform/HAL/inc/stm32g4xx_ll_pwr.h **** /* Private types -------------------------------------------------------------*/
  41:platform/HAL/inc/stm32g4xx_ll_pwr.h **** /* Private variables ---------------------------------------------------------*/
  42:platform/HAL/inc/stm32g4xx_ll_pwr.h **** 
  43:platform/HAL/inc/stm32g4xx_ll_pwr.h **** /* Private constants ---------------------------------------------------------*/
  44:platform/HAL/inc/stm32g4xx_ll_pwr.h **** 
  45:platform/HAL/inc/stm32g4xx_ll_pwr.h **** /* Private macros ------------------------------------------------------------*/
  46:platform/HAL/inc/stm32g4xx_ll_pwr.h **** 
  47:platform/HAL/inc/stm32g4xx_ll_pwr.h **** /* Exported types ------------------------------------------------------------*/
  48:platform/HAL/inc/stm32g4xx_ll_pwr.h **** /* Exported constants --------------------------------------------------------*/
  49:platform/HAL/inc/stm32g4xx_ll_pwr.h **** /** @defgroup PWR_LL_Exported_Constants PWR Exported Constants
ARM GAS  /tmp/ccY3Jimf.s 			page 60


  50:platform/HAL/inc/stm32g4xx_ll_pwr.h ****   * @{
  51:platform/HAL/inc/stm32g4xx_ll_pwr.h ****   */
  52:platform/HAL/inc/stm32g4xx_ll_pwr.h **** 
  53:platform/HAL/inc/stm32g4xx_ll_pwr.h **** /** @defgroup PWR_LL_EC_CLEAR_FLAG Clear Flags Defines
  54:platform/HAL/inc/stm32g4xx_ll_pwr.h ****   * @brief    Flags defines which can be used with LL_PWR_WriteReg function
  55:platform/HAL/inc/stm32g4xx_ll_pwr.h ****   * @{
  56:platform/HAL/inc/stm32g4xx_ll_pwr.h ****   */
  57:platform/HAL/inc/stm32g4xx_ll_pwr.h **** #define LL_PWR_SCR_CSBF                    PWR_SCR_CSBF
  58:platform/HAL/inc/stm32g4xx_ll_pwr.h **** #define LL_PWR_SCR_CWUF                    PWR_SCR_CWUF
  59:platform/HAL/inc/stm32g4xx_ll_pwr.h **** #define LL_PWR_SCR_CWUF5                   PWR_SCR_CWUF5
  60:platform/HAL/inc/stm32g4xx_ll_pwr.h **** #define LL_PWR_SCR_CWUF4                   PWR_SCR_CWUF4
  61:platform/HAL/inc/stm32g4xx_ll_pwr.h **** #define LL_PWR_SCR_CWUF3                   PWR_SCR_CWUF3
  62:platform/HAL/inc/stm32g4xx_ll_pwr.h **** #define LL_PWR_SCR_CWUF2                   PWR_SCR_CWUF2
  63:platform/HAL/inc/stm32g4xx_ll_pwr.h **** #define LL_PWR_SCR_CWUF1                   PWR_SCR_CWUF1
  64:platform/HAL/inc/stm32g4xx_ll_pwr.h **** /**
  65:platform/HAL/inc/stm32g4xx_ll_pwr.h ****   * @}
  66:platform/HAL/inc/stm32g4xx_ll_pwr.h ****   */
  67:platform/HAL/inc/stm32g4xx_ll_pwr.h **** 
  68:platform/HAL/inc/stm32g4xx_ll_pwr.h **** /** @defgroup PWR_LL_EC_GET_FLAG Get Flags Defines
  69:platform/HAL/inc/stm32g4xx_ll_pwr.h ****   * @brief    Flags defines which can be used with LL_PWR_ReadReg function
  70:platform/HAL/inc/stm32g4xx_ll_pwr.h ****   * @{
  71:platform/HAL/inc/stm32g4xx_ll_pwr.h ****   */
  72:platform/HAL/inc/stm32g4xx_ll_pwr.h **** #define LL_PWR_SR1_WUFI                    PWR_SR1_WUFI
  73:platform/HAL/inc/stm32g4xx_ll_pwr.h **** #define LL_PWR_SR1_SBF                     PWR_SR1_SBF
  74:platform/HAL/inc/stm32g4xx_ll_pwr.h **** #define LL_PWR_SR1_WUF5                    PWR_SR1_WUF5
  75:platform/HAL/inc/stm32g4xx_ll_pwr.h **** #define LL_PWR_SR1_WUF4                    PWR_SR1_WUF4
  76:platform/HAL/inc/stm32g4xx_ll_pwr.h **** #define LL_PWR_SR1_WUF3                    PWR_SR1_WUF3
  77:platform/HAL/inc/stm32g4xx_ll_pwr.h **** #define LL_PWR_SR1_WUF2                    PWR_SR1_WUF2
  78:platform/HAL/inc/stm32g4xx_ll_pwr.h **** #define LL_PWR_SR1_WUF1                    PWR_SR1_WUF1
  79:platform/HAL/inc/stm32g4xx_ll_pwr.h **** #if defined(PWR_SR2_PVMO4)
  80:platform/HAL/inc/stm32g4xx_ll_pwr.h **** #define LL_PWR_SR2_PVMO4                   PWR_SR2_PVMO4
  81:platform/HAL/inc/stm32g4xx_ll_pwr.h **** #endif /* PWR_SR2_PVMO4 */
  82:platform/HAL/inc/stm32g4xx_ll_pwr.h **** #if defined(PWR_SR2_PVMO3)
  83:platform/HAL/inc/stm32g4xx_ll_pwr.h **** #define LL_PWR_SR2_PVMO3                   PWR_SR2_PVMO3
  84:platform/HAL/inc/stm32g4xx_ll_pwr.h **** #endif /* PWR_SR2_PVMO3 */
  85:platform/HAL/inc/stm32g4xx_ll_pwr.h **** #if defined(PWR_SR2_PVMO2)
  86:platform/HAL/inc/stm32g4xx_ll_pwr.h **** #define LL_PWR_SR2_PVMO2                   PWR_SR2_PVMO2
  87:platform/HAL/inc/stm32g4xx_ll_pwr.h **** #endif /* PWR_SR2_PVMO2 */
  88:platform/HAL/inc/stm32g4xx_ll_pwr.h **** #if defined(PWR_SR2_PVMO1)
  89:platform/HAL/inc/stm32g4xx_ll_pwr.h **** #define LL_PWR_SR2_PVMO1                   PWR_SR2_PVMO1
  90:platform/HAL/inc/stm32g4xx_ll_pwr.h **** #endif /* PWR_SR2_PVMO1 */
  91:platform/HAL/inc/stm32g4xx_ll_pwr.h **** #define LL_PWR_SR2_PVDO                    PWR_SR2_PVDO
  92:platform/HAL/inc/stm32g4xx_ll_pwr.h **** #define LL_PWR_SR2_VOSF                    PWR_SR2_VOSF
  93:platform/HAL/inc/stm32g4xx_ll_pwr.h **** #define LL_PWR_SR2_REGLPF                  PWR_SR2_REGLPF
  94:platform/HAL/inc/stm32g4xx_ll_pwr.h **** #define LL_PWR_SR2_REGLPS                  PWR_SR2_REGLPS
  95:platform/HAL/inc/stm32g4xx_ll_pwr.h **** /**
  96:platform/HAL/inc/stm32g4xx_ll_pwr.h ****   * @}
  97:platform/HAL/inc/stm32g4xx_ll_pwr.h ****   */
  98:platform/HAL/inc/stm32g4xx_ll_pwr.h **** 
  99:platform/HAL/inc/stm32g4xx_ll_pwr.h **** /** @defgroup PWR_LL_EC_REGU_VOLTAGE REGU VOLTAGE
 100:platform/HAL/inc/stm32g4xx_ll_pwr.h ****   * @{
 101:platform/HAL/inc/stm32g4xx_ll_pwr.h ****   */
 102:platform/HAL/inc/stm32g4xx_ll_pwr.h **** #define LL_PWR_REGU_VOLTAGE_SCALE1         (PWR_CR1_VOS_0)
 103:platform/HAL/inc/stm32g4xx_ll_pwr.h **** #define LL_PWR_REGU_VOLTAGE_SCALE2         (PWR_CR1_VOS_1)
 104:platform/HAL/inc/stm32g4xx_ll_pwr.h **** /**
 105:platform/HAL/inc/stm32g4xx_ll_pwr.h ****   * @}
 106:platform/HAL/inc/stm32g4xx_ll_pwr.h ****   */
ARM GAS  /tmp/ccY3Jimf.s 			page 61


 107:platform/HAL/inc/stm32g4xx_ll_pwr.h **** 
 108:platform/HAL/inc/stm32g4xx_ll_pwr.h **** /** @defgroup PWR_LL_EC_MODE_PWR MODE PWR
 109:platform/HAL/inc/stm32g4xx_ll_pwr.h ****   * @{
 110:platform/HAL/inc/stm32g4xx_ll_pwr.h ****   */
 111:platform/HAL/inc/stm32g4xx_ll_pwr.h **** #define LL_PWR_MODE_STOP0                  (PWR_CR1_LPMS_STOP0)
 112:platform/HAL/inc/stm32g4xx_ll_pwr.h **** #define LL_PWR_MODE_STOP1                  (PWR_CR1_LPMS_STOP1)
 113:platform/HAL/inc/stm32g4xx_ll_pwr.h **** #define LL_PWR_MODE_STANDBY                (PWR_CR1_LPMS_STANDBY)
 114:platform/HAL/inc/stm32g4xx_ll_pwr.h **** #define LL_PWR_MODE_SHUTDOWN               (PWR_CR1_LPMS_SHUTDOWN)
 115:platform/HAL/inc/stm32g4xx_ll_pwr.h **** /**
 116:platform/HAL/inc/stm32g4xx_ll_pwr.h ****   * @}
 117:platform/HAL/inc/stm32g4xx_ll_pwr.h ****   */
 118:platform/HAL/inc/stm32g4xx_ll_pwr.h **** 
 119:platform/HAL/inc/stm32g4xx_ll_pwr.h **** /** @defgroup PWR_LL_EC_PVM_VDDUSB_1 Peripheral voltage monitoring
 120:platform/HAL/inc/stm32g4xx_ll_pwr.h ****   * @{
 121:platform/HAL/inc/stm32g4xx_ll_pwr.h ****   */
 122:platform/HAL/inc/stm32g4xx_ll_pwr.h **** #if defined(PWR_CR2_PVME1)
 123:platform/HAL/inc/stm32g4xx_ll_pwr.h **** #define LL_PWR_PVM_VDDA_COMP               (PWR_CR2_PVME1)     /* Monitoring VDDA vs. x.xV */
 124:platform/HAL/inc/stm32g4xx_ll_pwr.h **** #endif
 125:platform/HAL/inc/stm32g4xx_ll_pwr.h **** #if defined(PWR_CR2_PVME2)
 126:platform/HAL/inc/stm32g4xx_ll_pwr.h **** #define LL_PWR_PVM_VDDA_FASTDAC            (PWR_CR2_PVME2)     /* Monitoring VDDA vs. x.xV */
 127:platform/HAL/inc/stm32g4xx_ll_pwr.h **** #endif
 128:platform/HAL/inc/stm32g4xx_ll_pwr.h **** #if defined(PWR_CR2_PVME3)
 129:platform/HAL/inc/stm32g4xx_ll_pwr.h **** #define LL_PWR_PVM_VDDA_ADC                (PWR_CR2_PVME3)     /* Monitoring VDDA vs. 1.62V  */
 130:platform/HAL/inc/stm32g4xx_ll_pwr.h **** #endif
 131:platform/HAL/inc/stm32g4xx_ll_pwr.h **** #if defined(PWR_CR2_PVME4)
 132:platform/HAL/inc/stm32g4xx_ll_pwr.h **** #define LL_PWR_PVM_VDDA_OPAMP_DAC          (PWR_CR2_PVME4)     /* Monitoring VDDA vs. 1x.xV   */
 133:platform/HAL/inc/stm32g4xx_ll_pwr.h **** #endif
 134:platform/HAL/inc/stm32g4xx_ll_pwr.h **** /**
 135:platform/HAL/inc/stm32g4xx_ll_pwr.h ****   * @}
 136:platform/HAL/inc/stm32g4xx_ll_pwr.h ****   */
 137:platform/HAL/inc/stm32g4xx_ll_pwr.h **** 
 138:platform/HAL/inc/stm32g4xx_ll_pwr.h **** /** @defgroup PWR_LL_EC_PVDLEVEL PVDLEVEL
 139:platform/HAL/inc/stm32g4xx_ll_pwr.h ****   * @{
 140:platform/HAL/inc/stm32g4xx_ll_pwr.h ****   */
 141:platform/HAL/inc/stm32g4xx_ll_pwr.h **** #define LL_PWR_PVDLEVEL_0                  (PWR_CR2_PLS_LEV0)  /* VPVD0 around 2.0 V */
 142:platform/HAL/inc/stm32g4xx_ll_pwr.h **** #define LL_PWR_PVDLEVEL_1                  (PWR_CR2_PLS_LEV1)  /* VPVD1 around 2.2 V */
 143:platform/HAL/inc/stm32g4xx_ll_pwr.h **** #define LL_PWR_PVDLEVEL_2                  (PWR_CR2_PLS_LEV2)  /* VPVD2 around 2.4 V */
 144:platform/HAL/inc/stm32g4xx_ll_pwr.h **** #define LL_PWR_PVDLEVEL_3                  (PWR_CR2_PLS_LEV3)  /* VPVD3 around 2.5 V */
 145:platform/HAL/inc/stm32g4xx_ll_pwr.h **** #define LL_PWR_PVDLEVEL_4                  (PWR_CR2_PLS_LEV4)  /* VPVD4 around 2.6 V */
 146:platform/HAL/inc/stm32g4xx_ll_pwr.h **** #define LL_PWR_PVDLEVEL_5                  (PWR_CR2_PLS_LEV5)  /* VPVD5 around 2.8 V */
 147:platform/HAL/inc/stm32g4xx_ll_pwr.h **** #define LL_PWR_PVDLEVEL_6                  (PWR_CR2_PLS_LEV6)  /* VPVD6 around 2.9 V */
 148:platform/HAL/inc/stm32g4xx_ll_pwr.h **** #define LL_PWR_PVDLEVEL_7                  (PWR_CR2_PLS_LEV7)  /* External input analog voltage   (
 149:platform/HAL/inc/stm32g4xx_ll_pwr.h **** /**
 150:platform/HAL/inc/stm32g4xx_ll_pwr.h ****   * @}
 151:platform/HAL/inc/stm32g4xx_ll_pwr.h ****   */
 152:platform/HAL/inc/stm32g4xx_ll_pwr.h **** 
 153:platform/HAL/inc/stm32g4xx_ll_pwr.h **** /** @defgroup PWR_LL_EC_WAKEUP WAKEUP
 154:platform/HAL/inc/stm32g4xx_ll_pwr.h ****   * @{
 155:platform/HAL/inc/stm32g4xx_ll_pwr.h ****   */
 156:platform/HAL/inc/stm32g4xx_ll_pwr.h **** #define LL_PWR_WAKEUP_PIN1                 (PWR_CR3_EWUP1)
 157:platform/HAL/inc/stm32g4xx_ll_pwr.h **** #define LL_PWR_WAKEUP_PIN2                 (PWR_CR3_EWUP2)
 158:platform/HAL/inc/stm32g4xx_ll_pwr.h **** #define LL_PWR_WAKEUP_PIN3                 (PWR_CR3_EWUP3)
 159:platform/HAL/inc/stm32g4xx_ll_pwr.h **** #define LL_PWR_WAKEUP_PIN4                 (PWR_CR3_EWUP4)
 160:platform/HAL/inc/stm32g4xx_ll_pwr.h **** #define LL_PWR_WAKEUP_PIN5                 (PWR_CR3_EWUP5)
 161:platform/HAL/inc/stm32g4xx_ll_pwr.h **** /**
 162:platform/HAL/inc/stm32g4xx_ll_pwr.h ****   * @}
 163:platform/HAL/inc/stm32g4xx_ll_pwr.h ****   */
ARM GAS  /tmp/ccY3Jimf.s 			page 62


 164:platform/HAL/inc/stm32g4xx_ll_pwr.h **** 
 165:platform/HAL/inc/stm32g4xx_ll_pwr.h **** /** @defgroup PWR_LL_EC_BATT_CHARG_RESISTOR BATT CHARG RESISTOR
 166:platform/HAL/inc/stm32g4xx_ll_pwr.h ****   * @{
 167:platform/HAL/inc/stm32g4xx_ll_pwr.h ****   */
 168:platform/HAL/inc/stm32g4xx_ll_pwr.h **** #define LL_PWR_BATT_CHARG_RESISTOR_5K      ((uint32_t)0x00000000)
 169:platform/HAL/inc/stm32g4xx_ll_pwr.h **** #define LL_PWR_BATT_CHARGRESISTOR_1_5K     (PWR_CR4_VBRS)
 170:platform/HAL/inc/stm32g4xx_ll_pwr.h **** /**
 171:platform/HAL/inc/stm32g4xx_ll_pwr.h ****   * @}
 172:platform/HAL/inc/stm32g4xx_ll_pwr.h ****   */
 173:platform/HAL/inc/stm32g4xx_ll_pwr.h **** 
 174:platform/HAL/inc/stm32g4xx_ll_pwr.h **** /** @defgroup PWR_LL_EC_GPIO GPIO
 175:platform/HAL/inc/stm32g4xx_ll_pwr.h ****   * @{
 176:platform/HAL/inc/stm32g4xx_ll_pwr.h ****   */
 177:platform/HAL/inc/stm32g4xx_ll_pwr.h **** #define LL_PWR_GPIO_A                      ((uint32_t)(&(PWR->PUCRA)))
 178:platform/HAL/inc/stm32g4xx_ll_pwr.h **** #define LL_PWR_GPIO_B                      ((uint32_t)(&(PWR->PUCRB)))
 179:platform/HAL/inc/stm32g4xx_ll_pwr.h **** #define LL_PWR_GPIO_C                      ((uint32_t)(&(PWR->PUCRC)))
 180:platform/HAL/inc/stm32g4xx_ll_pwr.h **** #define LL_PWR_GPIO_D                      ((uint32_t)(&(PWR->PUCRD)))
 181:platform/HAL/inc/stm32g4xx_ll_pwr.h **** #define LL_PWR_GPIO_E                      ((uint32_t)(&(PWR->PUCRE)))
 182:platform/HAL/inc/stm32g4xx_ll_pwr.h **** #define LL_PWR_GPIO_F                      ((uint32_t)(&(PWR->PUCRF)))
 183:platform/HAL/inc/stm32g4xx_ll_pwr.h **** #define LL_PWR_GPIO_G                      ((uint32_t)(&(PWR->PUCRG)))
 184:platform/HAL/inc/stm32g4xx_ll_pwr.h **** /**
 185:platform/HAL/inc/stm32g4xx_ll_pwr.h ****   * @}
 186:platform/HAL/inc/stm32g4xx_ll_pwr.h ****   */
 187:platform/HAL/inc/stm32g4xx_ll_pwr.h **** 
 188:platform/HAL/inc/stm32g4xx_ll_pwr.h **** /** @defgroup PWR_LL_EC_GPIO_BIT GPIO BIT
 189:platform/HAL/inc/stm32g4xx_ll_pwr.h ****   * @{
 190:platform/HAL/inc/stm32g4xx_ll_pwr.h ****   */
 191:platform/HAL/inc/stm32g4xx_ll_pwr.h **** #define LL_PWR_GPIO_BIT_0                  ((uint32_t)0x00000001)
 192:platform/HAL/inc/stm32g4xx_ll_pwr.h **** #define LL_PWR_GPIO_BIT_1                  ((uint32_t)0x00000002)
 193:platform/HAL/inc/stm32g4xx_ll_pwr.h **** #define LL_PWR_GPIO_BIT_2                  ((uint32_t)0x00000004)
 194:platform/HAL/inc/stm32g4xx_ll_pwr.h **** #define LL_PWR_GPIO_BIT_3                  ((uint32_t)0x00000008)
 195:platform/HAL/inc/stm32g4xx_ll_pwr.h **** #define LL_PWR_GPIO_BIT_4                  ((uint32_t)0x00000010)
 196:platform/HAL/inc/stm32g4xx_ll_pwr.h **** #define LL_PWR_GPIO_BIT_5                  ((uint32_t)0x00000020)
 197:platform/HAL/inc/stm32g4xx_ll_pwr.h **** #define LL_PWR_GPIO_BIT_6                  ((uint32_t)0x00000040)
 198:platform/HAL/inc/stm32g4xx_ll_pwr.h **** #define LL_PWR_GPIO_BIT_7                  ((uint32_t)0x00000080)
 199:platform/HAL/inc/stm32g4xx_ll_pwr.h **** #define LL_PWR_GPIO_BIT_8                  ((uint32_t)0x00000100)
 200:platform/HAL/inc/stm32g4xx_ll_pwr.h **** #define LL_PWR_GPIO_BIT_9                  ((uint32_t)0x00000200)
 201:platform/HAL/inc/stm32g4xx_ll_pwr.h **** #define LL_PWR_GPIO_BIT_10                 ((uint32_t)0x00000400)
 202:platform/HAL/inc/stm32g4xx_ll_pwr.h **** #define LL_PWR_GPIO_BIT_11                 ((uint32_t)0x00000800)
 203:platform/HAL/inc/stm32g4xx_ll_pwr.h **** #define LL_PWR_GPIO_BIT_12                 ((uint32_t)0x00001000)
 204:platform/HAL/inc/stm32g4xx_ll_pwr.h **** #define LL_PWR_GPIO_BIT_13                 ((uint32_t)0x00002000)
 205:platform/HAL/inc/stm32g4xx_ll_pwr.h **** #define LL_PWR_GPIO_BIT_14                 ((uint32_t)0x00004000)
 206:platform/HAL/inc/stm32g4xx_ll_pwr.h **** #define LL_PWR_GPIO_BIT_15                 ((uint32_t)0x00008000)
 207:platform/HAL/inc/stm32g4xx_ll_pwr.h **** /**
 208:platform/HAL/inc/stm32g4xx_ll_pwr.h ****   * @}
 209:platform/HAL/inc/stm32g4xx_ll_pwr.h ****   */
 210:platform/HAL/inc/stm32g4xx_ll_pwr.h **** 
 211:platform/HAL/inc/stm32g4xx_ll_pwr.h **** /**
 212:platform/HAL/inc/stm32g4xx_ll_pwr.h ****   * @}
 213:platform/HAL/inc/stm32g4xx_ll_pwr.h ****   */
 214:platform/HAL/inc/stm32g4xx_ll_pwr.h **** 
 215:platform/HAL/inc/stm32g4xx_ll_pwr.h **** /* Exported macro ------------------------------------------------------------*/
 216:platform/HAL/inc/stm32g4xx_ll_pwr.h **** /** @defgroup PWR_LL_Exported_Macros PWR Exported Macros
 217:platform/HAL/inc/stm32g4xx_ll_pwr.h ****   * @{
 218:platform/HAL/inc/stm32g4xx_ll_pwr.h ****   */
 219:platform/HAL/inc/stm32g4xx_ll_pwr.h **** 
 220:platform/HAL/inc/stm32g4xx_ll_pwr.h **** /** @defgroup PWR_LL_EM_WRITE_READ Common Write and read registers Macros
ARM GAS  /tmp/ccY3Jimf.s 			page 63


 221:platform/HAL/inc/stm32g4xx_ll_pwr.h ****   * @{
 222:platform/HAL/inc/stm32g4xx_ll_pwr.h ****   */
 223:platform/HAL/inc/stm32g4xx_ll_pwr.h **** 
 224:platform/HAL/inc/stm32g4xx_ll_pwr.h **** /**
 225:platform/HAL/inc/stm32g4xx_ll_pwr.h ****   * @brief  Write a value in PWR register
 226:platform/HAL/inc/stm32g4xx_ll_pwr.h ****   * @param  __REG__ Register to be written
 227:platform/HAL/inc/stm32g4xx_ll_pwr.h ****   * @param  __VALUE__ Value to be written in the register
 228:platform/HAL/inc/stm32g4xx_ll_pwr.h ****   * @retval None
 229:platform/HAL/inc/stm32g4xx_ll_pwr.h ****   */
 230:platform/HAL/inc/stm32g4xx_ll_pwr.h **** #define LL_PWR_WriteReg(__REG__, __VALUE__) WRITE_REG(PWR->__REG__, (__VALUE__))
 231:platform/HAL/inc/stm32g4xx_ll_pwr.h **** 
 232:platform/HAL/inc/stm32g4xx_ll_pwr.h **** /**
 233:platform/HAL/inc/stm32g4xx_ll_pwr.h ****   * @brief  Read a value in PWR register
 234:platform/HAL/inc/stm32g4xx_ll_pwr.h ****   * @param  __REG__ Register to be read
 235:platform/HAL/inc/stm32g4xx_ll_pwr.h ****   * @retval Register value
 236:platform/HAL/inc/stm32g4xx_ll_pwr.h ****   */
 237:platform/HAL/inc/stm32g4xx_ll_pwr.h **** #define LL_PWR_ReadReg(__REG__) READ_REG(PWR->__REG__)
 238:platform/HAL/inc/stm32g4xx_ll_pwr.h **** /**
 239:platform/HAL/inc/stm32g4xx_ll_pwr.h ****   * @}
 240:platform/HAL/inc/stm32g4xx_ll_pwr.h ****   */
 241:platform/HAL/inc/stm32g4xx_ll_pwr.h **** 
 242:platform/HAL/inc/stm32g4xx_ll_pwr.h **** /**
 243:platform/HAL/inc/stm32g4xx_ll_pwr.h ****   * @}
 244:platform/HAL/inc/stm32g4xx_ll_pwr.h ****   */
 245:platform/HAL/inc/stm32g4xx_ll_pwr.h **** 
 246:platform/HAL/inc/stm32g4xx_ll_pwr.h **** 
 247:platform/HAL/inc/stm32g4xx_ll_pwr.h **** /* Exported functions --------------------------------------------------------*/
 248:platform/HAL/inc/stm32g4xx_ll_pwr.h **** /** @defgroup PWR_LL_Exported_Functions PWR Exported Functions
 249:platform/HAL/inc/stm32g4xx_ll_pwr.h ****   * @{
 250:platform/HAL/inc/stm32g4xx_ll_pwr.h ****   */
 251:platform/HAL/inc/stm32g4xx_ll_pwr.h **** 
 252:platform/HAL/inc/stm32g4xx_ll_pwr.h **** /** @defgroup PWR_LL_EF_Configuration Configuration
 253:platform/HAL/inc/stm32g4xx_ll_pwr.h ****   * @{
 254:platform/HAL/inc/stm32g4xx_ll_pwr.h ****   */
 255:platform/HAL/inc/stm32g4xx_ll_pwr.h **** 
 256:platform/HAL/inc/stm32g4xx_ll_pwr.h **** /**
 257:platform/HAL/inc/stm32g4xx_ll_pwr.h ****   * @brief  Switch the regulator from main mode to low-power mode
 258:platform/HAL/inc/stm32g4xx_ll_pwr.h ****   * @rmtoll CR1          LPR           LL_PWR_EnableLowPowerRunMode
 259:platform/HAL/inc/stm32g4xx_ll_pwr.h ****   * @retval None
 260:platform/HAL/inc/stm32g4xx_ll_pwr.h ****   */
 261:platform/HAL/inc/stm32g4xx_ll_pwr.h **** __STATIC_INLINE void LL_PWR_EnableLowPowerRunMode(void)
 262:platform/HAL/inc/stm32g4xx_ll_pwr.h **** {
 263:platform/HAL/inc/stm32g4xx_ll_pwr.h ****   SET_BIT(PWR->CR1, PWR_CR1_LPR);
 264:platform/HAL/inc/stm32g4xx_ll_pwr.h **** }
 265:platform/HAL/inc/stm32g4xx_ll_pwr.h **** 
 266:platform/HAL/inc/stm32g4xx_ll_pwr.h **** /**
 267:platform/HAL/inc/stm32g4xx_ll_pwr.h ****   * @brief  Switch the regulator from low-power mode to main mode
 268:platform/HAL/inc/stm32g4xx_ll_pwr.h ****   * @rmtoll CR1          LPR           LL_PWR_DisableLowPowerRunMode
 269:platform/HAL/inc/stm32g4xx_ll_pwr.h ****   * @retval None
 270:platform/HAL/inc/stm32g4xx_ll_pwr.h ****   */
 271:platform/HAL/inc/stm32g4xx_ll_pwr.h **** __STATIC_INLINE void LL_PWR_DisableLowPowerRunMode(void)
 272:platform/HAL/inc/stm32g4xx_ll_pwr.h **** {
 273:platform/HAL/inc/stm32g4xx_ll_pwr.h ****   CLEAR_BIT(PWR->CR1, PWR_CR1_LPR);
 274:platform/HAL/inc/stm32g4xx_ll_pwr.h **** }
 275:platform/HAL/inc/stm32g4xx_ll_pwr.h **** 
 276:platform/HAL/inc/stm32g4xx_ll_pwr.h **** /**
 277:platform/HAL/inc/stm32g4xx_ll_pwr.h ****   * @brief  Check if the regulator is in low-power mode
ARM GAS  /tmp/ccY3Jimf.s 			page 64


 278:platform/HAL/inc/stm32g4xx_ll_pwr.h ****   * @rmtoll CR1          LPR           LL_PWR_IsEnabledLowPowerRunMode
 279:platform/HAL/inc/stm32g4xx_ll_pwr.h ****   * @retval State of bit (1 or 0).
 280:platform/HAL/inc/stm32g4xx_ll_pwr.h ****   */
 281:platform/HAL/inc/stm32g4xx_ll_pwr.h **** __STATIC_INLINE uint32_t LL_PWR_IsEnabledLowPowerRunMode(void)
 282:platform/HAL/inc/stm32g4xx_ll_pwr.h **** {
 283:platform/HAL/inc/stm32g4xx_ll_pwr.h ****   uint32_t temp;
 284:platform/HAL/inc/stm32g4xx_ll_pwr.h ****   temp = READ_BIT(PWR->CR1, PWR_CR1_LPR);
 285:platform/HAL/inc/stm32g4xx_ll_pwr.h **** 
 286:platform/HAL/inc/stm32g4xx_ll_pwr.h ****   return ((temp == (PWR_CR1_LPR))?1U:0U);
 287:platform/HAL/inc/stm32g4xx_ll_pwr.h **** 
 288:platform/HAL/inc/stm32g4xx_ll_pwr.h **** }
 289:platform/HAL/inc/stm32g4xx_ll_pwr.h **** 
 290:platform/HAL/inc/stm32g4xx_ll_pwr.h **** /**
 291:platform/HAL/inc/stm32g4xx_ll_pwr.h ****   * @brief  Switch from run main mode to run low-power mode.
 292:platform/HAL/inc/stm32g4xx_ll_pwr.h ****   * @rmtoll CR1          LPR           LL_PWR_EnterLowPowerRunMode
 293:platform/HAL/inc/stm32g4xx_ll_pwr.h ****   * @retval None
 294:platform/HAL/inc/stm32g4xx_ll_pwr.h ****   */
 295:platform/HAL/inc/stm32g4xx_ll_pwr.h **** __STATIC_INLINE void LL_PWR_EnterLowPowerRunMode(void)
 296:platform/HAL/inc/stm32g4xx_ll_pwr.h **** {
 297:platform/HAL/inc/stm32g4xx_ll_pwr.h ****   LL_PWR_EnableLowPowerRunMode();
 298:platform/HAL/inc/stm32g4xx_ll_pwr.h **** }
 299:platform/HAL/inc/stm32g4xx_ll_pwr.h **** 
 300:platform/HAL/inc/stm32g4xx_ll_pwr.h **** /**
 301:platform/HAL/inc/stm32g4xx_ll_pwr.h ****   * @brief  Switch from run main mode to low-power mode.
 302:platform/HAL/inc/stm32g4xx_ll_pwr.h ****   * @rmtoll CR1          LPR           LL_PWR_ExitLowPowerRunMode
 303:platform/HAL/inc/stm32g4xx_ll_pwr.h ****   * @retval None
 304:platform/HAL/inc/stm32g4xx_ll_pwr.h ****   */
 305:platform/HAL/inc/stm32g4xx_ll_pwr.h **** __STATIC_INLINE void LL_PWR_ExitLowPowerRunMode(void)
 306:platform/HAL/inc/stm32g4xx_ll_pwr.h **** {
 307:platform/HAL/inc/stm32g4xx_ll_pwr.h ****   LL_PWR_DisableLowPowerRunMode();
 308:platform/HAL/inc/stm32g4xx_ll_pwr.h **** }
 309:platform/HAL/inc/stm32g4xx_ll_pwr.h **** 
 310:platform/HAL/inc/stm32g4xx_ll_pwr.h **** /**
 311:platform/HAL/inc/stm32g4xx_ll_pwr.h ****   * @brief  Set the main internal regulator output voltage
 312:platform/HAL/inc/stm32g4xx_ll_pwr.h ****   * @rmtoll CR1          VOS           LL_PWR_SetRegulVoltageScaling
 313:platform/HAL/inc/stm32g4xx_ll_pwr.h ****   * @param  VoltageScaling This parameter can be one of the following values:
 314:platform/HAL/inc/stm32g4xx_ll_pwr.h ****   *         @arg @ref LL_PWR_REGU_VOLTAGE_SCALE1
 315:platform/HAL/inc/stm32g4xx_ll_pwr.h ****   *         @arg @ref LL_PWR_REGU_VOLTAGE_SCALE2
 316:platform/HAL/inc/stm32g4xx_ll_pwr.h ****   * @retval None
 317:platform/HAL/inc/stm32g4xx_ll_pwr.h ****   */
 318:platform/HAL/inc/stm32g4xx_ll_pwr.h **** __STATIC_INLINE void LL_PWR_SetRegulVoltageScaling(uint32_t VoltageScaling)
 319:platform/HAL/inc/stm32g4xx_ll_pwr.h **** {
 320:platform/HAL/inc/stm32g4xx_ll_pwr.h ****   MODIFY_REG(PWR->CR1, PWR_CR1_VOS, VoltageScaling);
 321:platform/HAL/inc/stm32g4xx_ll_pwr.h **** }
 322:platform/HAL/inc/stm32g4xx_ll_pwr.h **** 
 323:platform/HAL/inc/stm32g4xx_ll_pwr.h **** /**
 324:platform/HAL/inc/stm32g4xx_ll_pwr.h ****   * @brief  Get the main internal regulator output voltage
 325:platform/HAL/inc/stm32g4xx_ll_pwr.h ****   * @rmtoll CR1          VOS           LL_PWR_GetRegulVoltageScaling
 326:platform/HAL/inc/stm32g4xx_ll_pwr.h ****   * @retval Returned value can be one of the following values:
 327:platform/HAL/inc/stm32g4xx_ll_pwr.h ****   *         @arg @ref LL_PWR_REGU_VOLTAGE_SCALE1
 328:platform/HAL/inc/stm32g4xx_ll_pwr.h ****   *         @arg @ref LL_PWR_REGU_VOLTAGE_SCALE2
 329:platform/HAL/inc/stm32g4xx_ll_pwr.h ****   */
 330:platform/HAL/inc/stm32g4xx_ll_pwr.h **** __STATIC_INLINE uint32_t LL_PWR_GetRegulVoltageScaling(void)
 293              		.loc 4 330 26 view .LVU79
 294              	.LBB59:
 331:platform/HAL/inc/stm32g4xx_ll_pwr.h **** {
 332:platform/HAL/inc/stm32g4xx_ll_pwr.h ****   return (uint32_t)(READ_BIT(PWR->CR1, PWR_CR1_VOS));
ARM GAS  /tmp/ccY3Jimf.s 			page 65


 295              		.loc 4 332 3 view .LVU80
 296              		.loc 4 332 21 is_stmt 0 view .LVU81
 297 0000 3B4A     		ldr	r2, .L45
 298 0002 1368     		ldr	r3, [r2]
 299              		.loc 4 332 10 view .LVU82
 300 0004 03F4C063 		and	r3, r3, #1536
 301              	.LVL16:
 302              		.loc 4 332 10 view .LVU83
 303              	.LBE59:
 304              	.LBE58:
 277:platform/HAL/src/stm32g4xx_ll_utils.c **** 
 305              		.loc 1 277 3 is_stmt 1 view .LVU84
 306              	.LBB60:
 307              	.LBI60:
 333:platform/HAL/inc/stm32g4xx_ll_pwr.h **** }
 334:platform/HAL/inc/stm32g4xx_ll_pwr.h **** 
 335:platform/HAL/inc/stm32g4xx_ll_pwr.h **** #if defined(PWR_CR5_R1MODE)
 336:platform/HAL/inc/stm32g4xx_ll_pwr.h **** /**
 337:platform/HAL/inc/stm32g4xx_ll_pwr.h ****   * @brief  Enable main regulator voltage range 1 boost mode
 338:platform/HAL/inc/stm32g4xx_ll_pwr.h ****   * @rmtoll CR5          R1MODE        LL_PWR_EnableRange1BoostMode
 339:platform/HAL/inc/stm32g4xx_ll_pwr.h ****   * @retval None
 340:platform/HAL/inc/stm32g4xx_ll_pwr.h ****   */
 341:platform/HAL/inc/stm32g4xx_ll_pwr.h **** __STATIC_INLINE void LL_PWR_EnableRange1BoostMode(void)
 342:platform/HAL/inc/stm32g4xx_ll_pwr.h **** {
 343:platform/HAL/inc/stm32g4xx_ll_pwr.h ****   CLEAR_BIT(PWR->CR5, PWR_CR5_R1MODE);
 344:platform/HAL/inc/stm32g4xx_ll_pwr.h **** }
 345:platform/HAL/inc/stm32g4xx_ll_pwr.h **** 
 346:platform/HAL/inc/stm32g4xx_ll_pwr.h **** /**
 347:platform/HAL/inc/stm32g4xx_ll_pwr.h ****   * @brief  Disable main regulator voltage range 1 boost mode
 348:platform/HAL/inc/stm32g4xx_ll_pwr.h ****   * @rmtoll CR5          R1MODE        LL_PWR_DisableRange1BoostMode
 349:platform/HAL/inc/stm32g4xx_ll_pwr.h ****   * @retval None
 350:platform/HAL/inc/stm32g4xx_ll_pwr.h ****   */
 351:platform/HAL/inc/stm32g4xx_ll_pwr.h **** __STATIC_INLINE void LL_PWR_DisableRange1BoostMode(void)
 352:platform/HAL/inc/stm32g4xx_ll_pwr.h **** {
 353:platform/HAL/inc/stm32g4xx_ll_pwr.h ****   SET_BIT(PWR->CR5, PWR_CR5_R1MODE);
 354:platform/HAL/inc/stm32g4xx_ll_pwr.h **** }
 355:platform/HAL/inc/stm32g4xx_ll_pwr.h **** 
 356:platform/HAL/inc/stm32g4xx_ll_pwr.h **** /**
 357:platform/HAL/inc/stm32g4xx_ll_pwr.h ****   * @brief  Check if the main regulator voltage range 1 boost mode is enabled
 358:platform/HAL/inc/stm32g4xx_ll_pwr.h ****   * @rmtoll CR5          R1MODE        LL_PWR_IsEnabledRange1BoostMode
 359:platform/HAL/inc/stm32g4xx_ll_pwr.h ****   * @retval Inverted state of bit (0 or 1).
 360:platform/HAL/inc/stm32g4xx_ll_pwr.h ****   */
 361:platform/HAL/inc/stm32g4xx_ll_pwr.h **** __STATIC_INLINE uint32_t LL_PWR_IsEnabledRange1BoostMode(void)
 308              		.loc 4 361 26 view .LVU85
 309              	.LBB61:
 362:platform/HAL/inc/stm32g4xx_ll_pwr.h **** {
 363:platform/HAL/inc/stm32g4xx_ll_pwr.h ****   uint32_t temp;
 310              		.loc 4 363 3 view .LVU86
 364:platform/HAL/inc/stm32g4xx_ll_pwr.h ****   temp = READ_BIT(PWR->CR5, PWR_CR5_R1MODE);
 311              		.loc 4 364 3 view .LVU87
 312              		.loc 4 364 10 is_stmt 0 view .LVU88
 313 0008 D2F88020 		ldr	r2, [r2, #128]
 314              	.LVL17:
 365:platform/HAL/inc/stm32g4xx_ll_pwr.h **** 
 366:platform/HAL/inc/stm32g4xx_ll_pwr.h ****   return ((temp == (0U))?1U:0U);
 315              		.loc 4 366 3 is_stmt 1 view .LVU89
 316              		.loc 4 366 28 is_stmt 0 view .LVU90
ARM GAS  /tmp/ccY3Jimf.s 			page 66


 317 000c 12F4807F 		tst	r2, #256
 318 0010 22D1     		bne	.L28
 319              		.loc 4 366 28 discriminator 1 view .LVU91
 320 0012 4FF0010C 		mov	ip, #1
 321              	.L21:
 322              	.LVL18:
 323              		.loc 4 366 28 discriminator 1 view .LVU92
 324              	.LBE61:
 325              	.LBE60:
 279:platform/HAL/src/stm32g4xx_ll_utils.c **** 
 326              		.loc 1 279 3 is_stmt 1 view .LVU93
 282:platform/HAL/src/stm32g4xx_ll_utils.c ****   {
 327              		.loc 1 282 3 view .LVU94
 282:platform/HAL/src/stm32g4xx_ll_utils.c ****   {
 328              		.loc 1 282 28 is_stmt 0 view .LVU95
 329 0016 411E     		subs	r1, r0, #1
 282:platform/HAL/src/stm32g4xx_ll_utils.c ****   {
 330              		.loc 1 282 5 view .LVU96
 331 0018 364A     		ldr	r2, .L45+4
 332 001a 9142     		cmp	r1, r2
 333 001c 66D8     		bhi	.L29
 288:platform/HAL/src/stm32g4xx_ll_utils.c ****     {
 334              		.loc 1 288 5 is_stmt 1 view .LVU97
 288:platform/HAL/src/stm32g4xx_ll_utils.c ****     {
 335              		.loc 1 288 7 is_stmt 0 view .LVU98
 336 001e B3F5007F 		cmp	r3, #512
 337 0022 1CD0     		beq	.L41
 344:platform/HAL/src/stm32g4xx_ll_utils.c ****     {
 338              		.loc 1 344 10 is_stmt 1 view .LVU99
 344:platform/HAL/src/stm32g4xx_ll_utils.c ****     {
 339              		.loc 1 344 12 is_stmt 0 view .LVU100
 340 0024 B3F5806F 		cmp	r3, #1024
 341 0028 3DD0     		beq	.L42
 279:platform/HAL/src/stm32g4xx_ll_utils.c **** 
 342              		.loc 1 279 12 view .LVU101
 343 002a 4FF0000C 		mov	ip, #0
 344              	.LVL19:
 345              	.L25:
 364:platform/HAL/src/stm32g4xx_ll_utils.c **** 
 346              		.loc 1 364 5 is_stmt 1 view .LVU102
 366:platform/HAL/src/stm32g4xx_ll_utils.c ****     {
 347              		.loc 1 366 5 view .LVU103
 368:platform/HAL/src/stm32g4xx_ll_utils.c **** 
 348              		.loc 1 368 7 view .LVU104
 349              	.LBB63:
 350              	.LBI63:
 351              		.file 5 "platform/HAL/inc/stm32g4xx_ll_system.h"
   1:platform/HAL/inc/stm32g4xx_ll_system.h **** /**
   2:platform/HAL/inc/stm32g4xx_ll_system.h ****   ******************************************************************************
   3:platform/HAL/inc/stm32g4xx_ll_system.h ****   * @file    stm32g4xx_ll_system.h
   4:platform/HAL/inc/stm32g4xx_ll_system.h ****   * @author  MCD Application Team
   5:platform/HAL/inc/stm32g4xx_ll_system.h ****   * @brief   Header file of SYSTEM LL module.
   6:platform/HAL/inc/stm32g4xx_ll_system.h ****   ******************************************************************************
   7:platform/HAL/inc/stm32g4xx_ll_system.h ****   * @attention
   8:platform/HAL/inc/stm32g4xx_ll_system.h ****   *
   9:platform/HAL/inc/stm32g4xx_ll_system.h ****   * Copyright (c) 2019 STMicroelectronics.
  10:platform/HAL/inc/stm32g4xx_ll_system.h ****   * All rights reserved.
ARM GAS  /tmp/ccY3Jimf.s 			page 67


  11:platform/HAL/inc/stm32g4xx_ll_system.h ****   *
  12:platform/HAL/inc/stm32g4xx_ll_system.h ****   * This software is licensed under terms that can be found in the LICENSE file
  13:platform/HAL/inc/stm32g4xx_ll_system.h ****   * in the root directory of this software component.
  14:platform/HAL/inc/stm32g4xx_ll_system.h ****   * If no LICENSE file comes with this software, it is provided AS-IS.
  15:platform/HAL/inc/stm32g4xx_ll_system.h ****   *
  16:platform/HAL/inc/stm32g4xx_ll_system.h ****   ******************************************************************************
  17:platform/HAL/inc/stm32g4xx_ll_system.h ****   @verbatim
  18:platform/HAL/inc/stm32g4xx_ll_system.h ****   ==============================================================================
  19:platform/HAL/inc/stm32g4xx_ll_system.h ****                      ##### How to use this driver #####
  20:platform/HAL/inc/stm32g4xx_ll_system.h ****   ==============================================================================
  21:platform/HAL/inc/stm32g4xx_ll_system.h ****     [..]
  22:platform/HAL/inc/stm32g4xx_ll_system.h ****     The LL SYSTEM driver contains a set of generic APIs that can be
  23:platform/HAL/inc/stm32g4xx_ll_system.h ****     used by user:
  24:platform/HAL/inc/stm32g4xx_ll_system.h ****       (+) Some of the FLASH features need to be handled in the SYSTEM file.
  25:platform/HAL/inc/stm32g4xx_ll_system.h ****       (+) Access to DBGCMU registers
  26:platform/HAL/inc/stm32g4xx_ll_system.h ****       (+) Access to SYSCFG registers
  27:platform/HAL/inc/stm32g4xx_ll_system.h ****       (+) Access to VREFBUF registers
  28:platform/HAL/inc/stm32g4xx_ll_system.h **** 
  29:platform/HAL/inc/stm32g4xx_ll_system.h ****   @endverbatim
  30:platform/HAL/inc/stm32g4xx_ll_system.h ****   ******************************************************************************
  31:platform/HAL/inc/stm32g4xx_ll_system.h ****   */
  32:platform/HAL/inc/stm32g4xx_ll_system.h **** 
  33:platform/HAL/inc/stm32g4xx_ll_system.h **** /* Define to prevent recursive inclusion -------------------------------------*/
  34:platform/HAL/inc/stm32g4xx_ll_system.h **** #ifndef __STM32G4xx_LL_SYSTEM_H
  35:platform/HAL/inc/stm32g4xx_ll_system.h **** #define __STM32G4xx_LL_SYSTEM_H
  36:platform/HAL/inc/stm32g4xx_ll_system.h **** 
  37:platform/HAL/inc/stm32g4xx_ll_system.h **** #ifdef __cplusplus
  38:platform/HAL/inc/stm32g4xx_ll_system.h **** extern "C" {
  39:platform/HAL/inc/stm32g4xx_ll_system.h **** #endif
  40:platform/HAL/inc/stm32g4xx_ll_system.h **** 
  41:platform/HAL/inc/stm32g4xx_ll_system.h **** /* Includes ------------------------------------------------------------------*/
  42:platform/HAL/inc/stm32g4xx_ll_system.h **** #include "stm32g4xx.h"
  43:platform/HAL/inc/stm32g4xx_ll_system.h **** 
  44:platform/HAL/inc/stm32g4xx_ll_system.h **** /** @addtogroup STM32G4xx_LL_Driver
  45:platform/HAL/inc/stm32g4xx_ll_system.h ****   * @{
  46:platform/HAL/inc/stm32g4xx_ll_system.h ****   */
  47:platform/HAL/inc/stm32g4xx_ll_system.h **** 
  48:platform/HAL/inc/stm32g4xx_ll_system.h **** #if defined (FLASH) || defined (SYSCFG) || defined (DBGMCU) || defined (VREFBUF)
  49:platform/HAL/inc/stm32g4xx_ll_system.h **** 
  50:platform/HAL/inc/stm32g4xx_ll_system.h **** /** @defgroup SYSTEM_LL SYSTEM
  51:platform/HAL/inc/stm32g4xx_ll_system.h ****   * @{
  52:platform/HAL/inc/stm32g4xx_ll_system.h ****   */
  53:platform/HAL/inc/stm32g4xx_ll_system.h **** 
  54:platform/HAL/inc/stm32g4xx_ll_system.h **** /* Private types -------------------------------------------------------------*/
  55:platform/HAL/inc/stm32g4xx_ll_system.h **** /* Private variables ---------------------------------------------------------*/
  56:platform/HAL/inc/stm32g4xx_ll_system.h **** 
  57:platform/HAL/inc/stm32g4xx_ll_system.h **** /* Private constants ---------------------------------------------------------*/
  58:platform/HAL/inc/stm32g4xx_ll_system.h **** /** @defgroup SYSTEM_LL_Private_Constants SYSTEM Private Constants
  59:platform/HAL/inc/stm32g4xx_ll_system.h ****   * @{
  60:platform/HAL/inc/stm32g4xx_ll_system.h ****   */
  61:platform/HAL/inc/stm32g4xx_ll_system.h **** 
  62:platform/HAL/inc/stm32g4xx_ll_system.h **** /* Defines used for position in the register */
  63:platform/HAL/inc/stm32g4xx_ll_system.h **** #define DBGMCU_REVID_POSITION         (uint32_t)POSITION_VAL(DBGMCU_IDCODE_REV_ID)
  64:platform/HAL/inc/stm32g4xx_ll_system.h **** 
  65:platform/HAL/inc/stm32g4xx_ll_system.h **** /**
  66:platform/HAL/inc/stm32g4xx_ll_system.h ****   * @brief Power-down in Run mode Flash key
  67:platform/HAL/inc/stm32g4xx_ll_system.h ****   */
ARM GAS  /tmp/ccY3Jimf.s 			page 68


  68:platform/HAL/inc/stm32g4xx_ll_system.h **** #define FLASH_PDKEY1                  0x04152637U /*!< Flash power down key1 */
  69:platform/HAL/inc/stm32g4xx_ll_system.h **** #define FLASH_PDKEY2                  0xFAFBFCFDU /*!< Flash power down key2: used with FLASH_PDKEY
  70:platform/HAL/inc/stm32g4xx_ll_system.h ****                                                        to unlock the RUN_PD bit in FLASH_ACR */
  71:platform/HAL/inc/stm32g4xx_ll_system.h **** 
  72:platform/HAL/inc/stm32g4xx_ll_system.h **** /**
  73:platform/HAL/inc/stm32g4xx_ll_system.h ****   * @}
  74:platform/HAL/inc/stm32g4xx_ll_system.h ****   */
  75:platform/HAL/inc/stm32g4xx_ll_system.h **** 
  76:platform/HAL/inc/stm32g4xx_ll_system.h **** /* Private macros ------------------------------------------------------------*/
  77:platform/HAL/inc/stm32g4xx_ll_system.h **** 
  78:platform/HAL/inc/stm32g4xx_ll_system.h **** /* Exported types ------------------------------------------------------------*/
  79:platform/HAL/inc/stm32g4xx_ll_system.h **** /* Exported constants --------------------------------------------------------*/
  80:platform/HAL/inc/stm32g4xx_ll_system.h **** /** @defgroup SYSTEM_LL_Exported_Constants SYSTEM Exported Constants
  81:platform/HAL/inc/stm32g4xx_ll_system.h ****   * @{
  82:platform/HAL/inc/stm32g4xx_ll_system.h ****   */
  83:platform/HAL/inc/stm32g4xx_ll_system.h **** 
  84:platform/HAL/inc/stm32g4xx_ll_system.h **** /** @defgroup SYSTEM_LL_EC_REMAP SYSCFG REMAP
  85:platform/HAL/inc/stm32g4xx_ll_system.h ****   * @{
  86:platform/HAL/inc/stm32g4xx_ll_system.h ****   */
  87:platform/HAL/inc/stm32g4xx_ll_system.h **** #define LL_SYSCFG_REMAP_FLASH              0x00000000U                                           /*
  88:platform/HAL/inc/stm32g4xx_ll_system.h **** #define LL_SYSCFG_REMAP_SYSTEMFLASH        SYSCFG_MEMRMP_MEM_MODE_0                              /*
  89:platform/HAL/inc/stm32g4xx_ll_system.h **** #define LL_SYSCFG_REMAP_SRAM               (SYSCFG_MEMRMP_MEM_MODE_1 | SYSCFG_MEMRMP_MEM_MODE_0) /*
  90:platform/HAL/inc/stm32g4xx_ll_system.h **** #if defined(FMC_Bank1_R)
  91:platform/HAL/inc/stm32g4xx_ll_system.h **** #define LL_SYSCFG_REMAP_FMC                SYSCFG_MEMRMP_MEM_MODE_1                              /*
  92:platform/HAL/inc/stm32g4xx_ll_system.h **** #endif /* FMC_Bank1_R */
  93:platform/HAL/inc/stm32g4xx_ll_system.h **** #define LL_SYSCFG_REMAP_QUADSPI            (SYSCFG_MEMRMP_MEM_MODE_2 | SYSCFG_MEMRMP_MEM_MODE_1) /*
  94:platform/HAL/inc/stm32g4xx_ll_system.h **** /**
  95:platform/HAL/inc/stm32g4xx_ll_system.h ****   * @}
  96:platform/HAL/inc/stm32g4xx_ll_system.h ****   */
  97:platform/HAL/inc/stm32g4xx_ll_system.h **** 
  98:platform/HAL/inc/stm32g4xx_ll_system.h **** #if defined(SYSCFG_MEMRMP_FB_MODE)
  99:platform/HAL/inc/stm32g4xx_ll_system.h **** /** @defgroup SYSTEM_LL_EC_BANKMODE SYSCFG BANK MODE
 100:platform/HAL/inc/stm32g4xx_ll_system.h ****   * @{
 101:platform/HAL/inc/stm32g4xx_ll_system.h ****   */
 102:platform/HAL/inc/stm32g4xx_ll_system.h **** #define LL_SYSCFG_BANKMODE_BANK1           0x00000000U               /*!< Flash Bank1 mapped at 0x0
 103:platform/HAL/inc/stm32g4xx_ll_system.h ****                                                                       and Flash Bank2 mapped at 0x0
 104:platform/HAL/inc/stm32g4xx_ll_system.h **** #define LL_SYSCFG_BANKMODE_BANK2           SYSCFG_MEMRMP_FB_MODE     /*!< Flash Bank2 mapped at 0x0
 105:platform/HAL/inc/stm32g4xx_ll_system.h ****                                                                       and Flash Bank1 mapped at 0x0
 106:platform/HAL/inc/stm32g4xx_ll_system.h **** /**
 107:platform/HAL/inc/stm32g4xx_ll_system.h ****   * @}
 108:platform/HAL/inc/stm32g4xx_ll_system.h ****   */
 109:platform/HAL/inc/stm32g4xx_ll_system.h **** 
 110:platform/HAL/inc/stm32g4xx_ll_system.h **** #endif /* SYSCFG_MEMRMP_FB_MODE */
 111:platform/HAL/inc/stm32g4xx_ll_system.h **** /** @defgroup SYSTEM_LL_EC_I2C_FASTMODEPLUS SYSCFG I2C FASTMODEPLUS
 112:platform/HAL/inc/stm32g4xx_ll_system.h ****   * @{
 113:platform/HAL/inc/stm32g4xx_ll_system.h ****   */
 114:platform/HAL/inc/stm32g4xx_ll_system.h **** #define LL_SYSCFG_I2C_FASTMODEPLUS_PB6     SYSCFG_CFGR1_I2C_PB6_FMP  /*!< Enable Fast Mode Plus on 
 115:platform/HAL/inc/stm32g4xx_ll_system.h **** #define LL_SYSCFG_I2C_FASTMODEPLUS_PB7     SYSCFG_CFGR1_I2C_PB7_FMP  /*!< Enable Fast Mode Plus on 
 116:platform/HAL/inc/stm32g4xx_ll_system.h **** #if defined(SYSCFG_CFGR1_I2C_PB8_FMP)
 117:platform/HAL/inc/stm32g4xx_ll_system.h **** #define LL_SYSCFG_I2C_FASTMODEPLUS_PB8     SYSCFG_CFGR1_I2C_PB8_FMP  /*!< Enable Fast Mode Plus on 
 118:platform/HAL/inc/stm32g4xx_ll_system.h **** #endif /* SYSCFG_CFGR1_I2C_PB8_FMP */
 119:platform/HAL/inc/stm32g4xx_ll_system.h **** #if defined(SYSCFG_CFGR1_I2C_PB9_FMP)
 120:platform/HAL/inc/stm32g4xx_ll_system.h **** #define LL_SYSCFG_I2C_FASTMODEPLUS_PB9     SYSCFG_CFGR1_I2C_PB9_FMP  /*!< Enable Fast Mode Plus on 
 121:platform/HAL/inc/stm32g4xx_ll_system.h **** #endif /* SYSCFG_CFGR1_I2C_PB9_FMP */
 122:platform/HAL/inc/stm32g4xx_ll_system.h **** #define LL_SYSCFG_I2C_FASTMODEPLUS_I2C1    SYSCFG_CFGR1_I2C1_FMP     /*!< Enable Fast Mode Plus on 
 123:platform/HAL/inc/stm32g4xx_ll_system.h **** #if defined(I2C2)
 124:platform/HAL/inc/stm32g4xx_ll_system.h **** #define LL_SYSCFG_I2C_FASTMODEPLUS_I2C2    SYSCFG_CFGR1_I2C2_FMP     /*!< Enable Fast Mode Plus on 
ARM GAS  /tmp/ccY3Jimf.s 			page 69


 125:platform/HAL/inc/stm32g4xx_ll_system.h **** #endif /* I2C2 */
 126:platform/HAL/inc/stm32g4xx_ll_system.h **** #define LL_SYSCFG_I2C_FASTMODEPLUS_I2C3    SYSCFG_CFGR1_I2C3_FMP     /*!< Enable Fast Mode Plus on 
 127:platform/HAL/inc/stm32g4xx_ll_system.h **** #if defined(I2C4)
 128:platform/HAL/inc/stm32g4xx_ll_system.h **** #define LL_SYSCFG_I2C_FASTMODEPLUS_I2C4    SYSCFG_CFGR1_I2C4_FMP     /*!< Enable Fast Mode Plus on 
 129:platform/HAL/inc/stm32g4xx_ll_system.h **** #endif /* I2C4 */
 130:platform/HAL/inc/stm32g4xx_ll_system.h **** /**
 131:platform/HAL/inc/stm32g4xx_ll_system.h ****   * @}
 132:platform/HAL/inc/stm32g4xx_ll_system.h ****   */
 133:platform/HAL/inc/stm32g4xx_ll_system.h **** 
 134:platform/HAL/inc/stm32g4xx_ll_system.h **** /** @defgroup SYSTEM_LL_EC_EXTI_PORT SYSCFG EXTI PORT
 135:platform/HAL/inc/stm32g4xx_ll_system.h ****   * @{
 136:platform/HAL/inc/stm32g4xx_ll_system.h ****   */
 137:platform/HAL/inc/stm32g4xx_ll_system.h **** #define LL_SYSCFG_EXTI_PORTA               0U                        /*!< EXTI PORT A              
 138:platform/HAL/inc/stm32g4xx_ll_system.h **** #define LL_SYSCFG_EXTI_PORTB               1U                        /*!< EXTI PORT B              
 139:platform/HAL/inc/stm32g4xx_ll_system.h **** #define LL_SYSCFG_EXTI_PORTC               2U                        /*!< EXTI PORT C              
 140:platform/HAL/inc/stm32g4xx_ll_system.h **** #define LL_SYSCFG_EXTI_PORTD               3U                        /*!< EXTI PORT D              
 141:platform/HAL/inc/stm32g4xx_ll_system.h **** #define LL_SYSCFG_EXTI_PORTE               4U                        /*!< EXTI PORT E              
 142:platform/HAL/inc/stm32g4xx_ll_system.h **** #define LL_SYSCFG_EXTI_PORTF               5U                        /*!< EXTI PORT F              
 143:platform/HAL/inc/stm32g4xx_ll_system.h **** #define LL_SYSCFG_EXTI_PORTG               6U                        /*!< EXTI PORT G              
 144:platform/HAL/inc/stm32g4xx_ll_system.h **** /**
 145:platform/HAL/inc/stm32g4xx_ll_system.h ****   * @}
 146:platform/HAL/inc/stm32g4xx_ll_system.h ****   */
 147:platform/HAL/inc/stm32g4xx_ll_system.h **** 
 148:platform/HAL/inc/stm32g4xx_ll_system.h **** /** @defgroup SYSTEM_LL_EC_EXTI_LINE SYSCFG EXTI LINE
 149:platform/HAL/inc/stm32g4xx_ll_system.h ****   * @{
 150:platform/HAL/inc/stm32g4xx_ll_system.h ****   */
 151:platform/HAL/inc/stm32g4xx_ll_system.h **** #define LL_SYSCFG_EXTI_LINE0               (uint32_t)((0x000FU << 16U) | 0U)  /* !< EXTI_POSITION_0
 152:platform/HAL/inc/stm32g4xx_ll_system.h **** #define LL_SYSCFG_EXTI_LINE1               (uint32_t)((0x00F0U << 16U) | 0U)  /* !< EXTI_POSITION_4
 153:platform/HAL/inc/stm32g4xx_ll_system.h **** #define LL_SYSCFG_EXTI_LINE2               (uint32_t)((0x0F00U << 16U) | 0U)  /* !< EXTI_POSITION_8
 154:platform/HAL/inc/stm32g4xx_ll_system.h **** #define LL_SYSCFG_EXTI_LINE3               (uint32_t)((0xF000U << 16U) | 0U)  /* !< EXTI_POSITION_1
 155:platform/HAL/inc/stm32g4xx_ll_system.h **** #define LL_SYSCFG_EXTI_LINE4               (uint32_t)((0x000FU << 16U) | 1U)  /* !< EXTI_POSITION_0
 156:platform/HAL/inc/stm32g4xx_ll_system.h **** #define LL_SYSCFG_EXTI_LINE5               (uint32_t)((0x00F0U << 16U) | 1U)  /* !< EXTI_POSITION_4
 157:platform/HAL/inc/stm32g4xx_ll_system.h **** #define LL_SYSCFG_EXTI_LINE6               (uint32_t)((0x0F00U << 16U) | 1U)  /* !< EXTI_POSITION_8
 158:platform/HAL/inc/stm32g4xx_ll_system.h **** #define LL_SYSCFG_EXTI_LINE7               (uint32_t)((0xF000U << 16U) | 1U)  /* !< EXTI_POSITION_1
 159:platform/HAL/inc/stm32g4xx_ll_system.h **** #define LL_SYSCFG_EXTI_LINE8               (uint32_t)((0x000FU << 16U) | 2U)  /* !< EXTI_POSITION_0
 160:platform/HAL/inc/stm32g4xx_ll_system.h **** #define LL_SYSCFG_EXTI_LINE9               (uint32_t)((0x00F0U << 16U) | 2U)  /* !< EXTI_POSITION_4
 161:platform/HAL/inc/stm32g4xx_ll_system.h **** #define LL_SYSCFG_EXTI_LINE10              (uint32_t)((0x0F00U << 16U) | 2U)  /* !< EXTI_POSITION_8
 162:platform/HAL/inc/stm32g4xx_ll_system.h **** #define LL_SYSCFG_EXTI_LINE11              (uint32_t)((0xF000U << 16U) | 2U)  /* !< EXTI_POSITION_1
 163:platform/HAL/inc/stm32g4xx_ll_system.h **** #define LL_SYSCFG_EXTI_LINE12              (uint32_t)((0x000FU << 16U) | 3U)  /* !< EXTI_POSITION_0
 164:platform/HAL/inc/stm32g4xx_ll_system.h **** #define LL_SYSCFG_EXTI_LINE13              (uint32_t)((0x00F0U << 16U) | 3U)  /* !< EXTI_POSITION_4
 165:platform/HAL/inc/stm32g4xx_ll_system.h **** #define LL_SYSCFG_EXTI_LINE14              (uint32_t)((0x0F00U << 16U) | 3U)  /* !< EXTI_POSITION_8
 166:platform/HAL/inc/stm32g4xx_ll_system.h **** #define LL_SYSCFG_EXTI_LINE15              (uint32_t)((0xF000U << 16U) | 3U)  /* !< EXTI_POSITION_1
 167:platform/HAL/inc/stm32g4xx_ll_system.h **** /**
 168:platform/HAL/inc/stm32g4xx_ll_system.h ****   * @}
 169:platform/HAL/inc/stm32g4xx_ll_system.h ****   */
 170:platform/HAL/inc/stm32g4xx_ll_system.h **** 
 171:platform/HAL/inc/stm32g4xx_ll_system.h **** /** @defgroup SYSTEM_LL_EC_TIMBREAK SYSCFG TIMER BREAK
 172:platform/HAL/inc/stm32g4xx_ll_system.h ****   * @{
 173:platform/HAL/inc/stm32g4xx_ll_system.h ****   */
 174:platform/HAL/inc/stm32g4xx_ll_system.h **** #define LL_SYSCFG_TIMBREAK_ECC             SYSCFG_CFGR2_ECCL  /*!< Enables and locks the ECC error 
 175:platform/HAL/inc/stm32g4xx_ll_system.h ****                                                                    with Break Input of TIM1/8/15/16
 176:platform/HAL/inc/stm32g4xx_ll_system.h **** #define LL_SYSCFG_TIMBREAK_PVD             SYSCFG_CFGR2_PVDL  /*!< Enables and locks the PVD connec
 177:platform/HAL/inc/stm32g4xx_ll_system.h ****                                                                    with TIM1/8/15/16/17 Break Input
 178:platform/HAL/inc/stm32g4xx_ll_system.h ****                                                                    and also the PVDE and PLS bits o
 179:platform/HAL/inc/stm32g4xx_ll_system.h **** #define LL_SYSCFG_TIMBREAK_SRAM_PARITY     SYSCFG_CFGR2_SPL   /*!< Enables and locks the SRAM_PARIT
 180:platform/HAL/inc/stm32g4xx_ll_system.h ****                                                                    with Break Input of TIM1/8/15/16
 181:platform/HAL/inc/stm32g4xx_ll_system.h **** #define LL_SYSCFG_TIMBREAK_LOCKUP          SYSCFG_CFGR2_CLL   /*!< Enables and locks the LOCKUP out
ARM GAS  /tmp/ccY3Jimf.s 			page 70


 182:platform/HAL/inc/stm32g4xx_ll_system.h ****                                                                    with Break Input of TIM1/15/16/1
 183:platform/HAL/inc/stm32g4xx_ll_system.h **** /**
 184:platform/HAL/inc/stm32g4xx_ll_system.h ****   * @}
 185:platform/HAL/inc/stm32g4xx_ll_system.h ****   */
 186:platform/HAL/inc/stm32g4xx_ll_system.h **** 
 187:platform/HAL/inc/stm32g4xx_ll_system.h **** /** @defgroup SYSTEM_LL_EC_CCMSRAMWRP SYSCFG CCMSRAM WRP
 188:platform/HAL/inc/stm32g4xx_ll_system.h ****   * @{
 189:platform/HAL/inc/stm32g4xx_ll_system.h ****   */
 190:platform/HAL/inc/stm32g4xx_ll_system.h **** #define LL_SYSCFG_CCMSRAMWRP_PAGE0         SYSCFG_SWPR_PAGE0  /*!< CCMSRAM Write protection page 0 
 191:platform/HAL/inc/stm32g4xx_ll_system.h **** #define LL_SYSCFG_CCMSRAMWRP_PAGE1         SYSCFG_SWPR_PAGE1  /*!< CCMSRAM Write protection page 1 
 192:platform/HAL/inc/stm32g4xx_ll_system.h **** #define LL_SYSCFG_CCMSRAMWRP_PAGE2         SYSCFG_SWPR_PAGE2  /*!< CCMSRAM Write protection page 2 
 193:platform/HAL/inc/stm32g4xx_ll_system.h **** #define LL_SYSCFG_CCMSRAMWRP_PAGE3         SYSCFG_SWPR_PAGE3  /*!< CCMSRAM Write protection page 3 
 194:platform/HAL/inc/stm32g4xx_ll_system.h **** #define LL_SYSCFG_CCMSRAMWRP_PAGE4         SYSCFG_SWPR_PAGE4  /*!< CCMSRAM Write protection page 4 
 195:platform/HAL/inc/stm32g4xx_ll_system.h **** #define LL_SYSCFG_CCMSRAMWRP_PAGE5         SYSCFG_SWPR_PAGE5  /*!< CCMSRAM Write protection page 5 
 196:platform/HAL/inc/stm32g4xx_ll_system.h **** #define LL_SYSCFG_CCMSRAMWRP_PAGE6         SYSCFG_SWPR_PAGE6  /*!< CCMSRAM Write protection page 6 
 197:platform/HAL/inc/stm32g4xx_ll_system.h **** #define LL_SYSCFG_CCMSRAMWRP_PAGE7         SYSCFG_SWPR_PAGE7  /*!< CCMSRAM Write protection page 7 
 198:platform/HAL/inc/stm32g4xx_ll_system.h **** #define LL_SYSCFG_CCMSRAMWRP_PAGE8         SYSCFG_SWPR_PAGE8  /*!< CCMSRAM Write protection page 8 
 199:platform/HAL/inc/stm32g4xx_ll_system.h **** #define LL_SYSCFG_CCMSRAMWRP_PAGE9         SYSCFG_SWPR_PAGE9  /*!< CCMSRAM Write protection page 9 
 200:platform/HAL/inc/stm32g4xx_ll_system.h **** #if defined(SYSCFG_SWPR_PAGE10)
 201:platform/HAL/inc/stm32g4xx_ll_system.h **** #define LL_SYSCFG_CCMSRAMWRP_PAGE10        SYSCFG_SWPR_PAGE10 /*!< CCMSRAM Write protection page 10
 202:platform/HAL/inc/stm32g4xx_ll_system.h **** #define LL_SYSCFG_CCMSRAMWRP_PAGE11        SYSCFG_SWPR_PAGE11 /*!< CCMSRAM Write protection page 11
 203:platform/HAL/inc/stm32g4xx_ll_system.h **** #define LL_SYSCFG_CCMSRAMWRP_PAGE12        SYSCFG_SWPR_PAGE12 /*!< CCMSRAM Write protection page 12
 204:platform/HAL/inc/stm32g4xx_ll_system.h **** #define LL_SYSCFG_CCMSRAMWRP_PAGE13        SYSCFG_SWPR_PAGE13 /*!< CCMSRAM Write protection page 13
 205:platform/HAL/inc/stm32g4xx_ll_system.h **** #define LL_SYSCFG_CCMSRAMWRP_PAGE14        SYSCFG_SWPR_PAGE14 /*!< CCMSRAM Write protection page 14
 206:platform/HAL/inc/stm32g4xx_ll_system.h **** #define LL_SYSCFG_CCMSRAMWRP_PAGE15        SYSCFG_SWPR_PAGE15 /*!< CCMSRAM Write protection page 15
 207:platform/HAL/inc/stm32g4xx_ll_system.h **** #define LL_SYSCFG_CCMSRAMWRP_PAGE16        SYSCFG_SWPR_PAGE16 /*!< CCMSRAM Write protection page 16
 208:platform/HAL/inc/stm32g4xx_ll_system.h **** #define LL_SYSCFG_CCMSRAMWRP_PAGE17        SYSCFG_SWPR_PAGE17 /*!< CCMSRAM Write protection page 17
 209:platform/HAL/inc/stm32g4xx_ll_system.h **** #define LL_SYSCFG_CCMSRAMWRP_PAGE18        SYSCFG_SWPR_PAGE18 /*!< CCMSRAM Write protection page 18
 210:platform/HAL/inc/stm32g4xx_ll_system.h **** #define LL_SYSCFG_CCMSRAMWRP_PAGE19        SYSCFG_SWPR_PAGE19 /*!< CCMSRAM Write protection page 19
 211:platform/HAL/inc/stm32g4xx_ll_system.h **** #endif /* SYSCFG_SWPR_PAGE10 */
 212:platform/HAL/inc/stm32g4xx_ll_system.h **** #if defined(SYSCFG_SWPR_PAGE20)
 213:platform/HAL/inc/stm32g4xx_ll_system.h **** #define LL_SYSCFG_CCMSRAMWRP_PAGE20        SYSCFG_SWPR_PAGE20 /*!< CCMSRAM Write protection page 20
 214:platform/HAL/inc/stm32g4xx_ll_system.h **** #define LL_SYSCFG_CCMSRAMWRP_PAGE21        SYSCFG_SWPR_PAGE21 /*!< CCMSRAM Write protection page 21
 215:platform/HAL/inc/stm32g4xx_ll_system.h **** #define LL_SYSCFG_CCMSRAMWRP_PAGE22        SYSCFG_SWPR_PAGE22 /*!< CCMSRAM Write protection page 22
 216:platform/HAL/inc/stm32g4xx_ll_system.h **** #define LL_SYSCFG_CCMSRAMWRP_PAGE23        SYSCFG_SWPR_PAGE23 /*!< CCMSRAM Write protection page 23
 217:platform/HAL/inc/stm32g4xx_ll_system.h **** #define LL_SYSCFG_CCMSRAMWRP_PAGE24        SYSCFG_SWPR_PAGE24 /*!< CCMSRAM Write protection page 24
 218:platform/HAL/inc/stm32g4xx_ll_system.h **** #define LL_SYSCFG_CCMSRAMWRP_PAGE25        SYSCFG_SWPR_PAGE25 /*!< CCMSRAM Write protection page 25
 219:platform/HAL/inc/stm32g4xx_ll_system.h **** #define LL_SYSCFG_CCMSRAMWRP_PAGE26        SYSCFG_SWPR_PAGE26 /*!< CCMSRAM Write protection page 26
 220:platform/HAL/inc/stm32g4xx_ll_system.h **** #define LL_SYSCFG_CCMSRAMWRP_PAGE27        SYSCFG_SWPR_PAGE27 /*!< CCMSRAM Write protection page 27
 221:platform/HAL/inc/stm32g4xx_ll_system.h **** #define LL_SYSCFG_CCMSRAMWRP_PAGE28        SYSCFG_SWPR_PAGE28 /*!< CCMSRAM Write protection page 28
 222:platform/HAL/inc/stm32g4xx_ll_system.h **** #define LL_SYSCFG_CCMSRAMWRP_PAGE29        SYSCFG_SWPR_PAGE29 /*!< CCMSRAM Write protection page 29
 223:platform/HAL/inc/stm32g4xx_ll_system.h **** #define LL_SYSCFG_CCMSRAMWRP_PAGE30        SYSCFG_SWPR_PAGE30 /*!< CCMSRAM Write protection page 30
 224:platform/HAL/inc/stm32g4xx_ll_system.h **** #define LL_SYSCFG_CCMSRAMWRP_PAGE31        SYSCFG_SWPR_PAGE31 /*!< CCMSRAM Write protection page 31
 225:platform/HAL/inc/stm32g4xx_ll_system.h **** #endif /* SYSCFG_SWPR_PAGE20 */
 226:platform/HAL/inc/stm32g4xx_ll_system.h **** /**
 227:platform/HAL/inc/stm32g4xx_ll_system.h ****   * @}
 228:platform/HAL/inc/stm32g4xx_ll_system.h ****   */
 229:platform/HAL/inc/stm32g4xx_ll_system.h **** 
 230:platform/HAL/inc/stm32g4xx_ll_system.h **** /** @defgroup SYSTEM_LL_EC_TRACE DBGMCU TRACE Pin Assignment
 231:platform/HAL/inc/stm32g4xx_ll_system.h ****   * @{
 232:platform/HAL/inc/stm32g4xx_ll_system.h ****   */
 233:platform/HAL/inc/stm32g4xx_ll_system.h **** #define LL_DBGMCU_TRACE_NONE               0x00000000U                                     /*!< TRA
 234:platform/HAL/inc/stm32g4xx_ll_system.h **** #define LL_DBGMCU_TRACE_ASYNCH             DBGMCU_CR_TRACE_IOEN                            /*!< TRA
 235:platform/HAL/inc/stm32g4xx_ll_system.h **** #define LL_DBGMCU_TRACE_SYNCH_SIZE1        (DBGMCU_CR_TRACE_IOEN | DBGMCU_CR_TRACE_MODE_0) /*!< TRA
 236:platform/HAL/inc/stm32g4xx_ll_system.h **** #define LL_DBGMCU_TRACE_SYNCH_SIZE2        (DBGMCU_CR_TRACE_IOEN | DBGMCU_CR_TRACE_MODE_1) /*!< TRA
 237:platform/HAL/inc/stm32g4xx_ll_system.h **** #define LL_DBGMCU_TRACE_SYNCH_SIZE4        (DBGMCU_CR_TRACE_IOEN | DBGMCU_CR_TRACE_MODE)   /*!< TRA
 238:platform/HAL/inc/stm32g4xx_ll_system.h **** /**
ARM GAS  /tmp/ccY3Jimf.s 			page 71


 239:platform/HAL/inc/stm32g4xx_ll_system.h ****   * @}
 240:platform/HAL/inc/stm32g4xx_ll_system.h ****   */
 241:platform/HAL/inc/stm32g4xx_ll_system.h **** 
 242:platform/HAL/inc/stm32g4xx_ll_system.h **** /** @defgroup SYSTEM_LL_EC_APB1_GRP1_STOP_IP DBGMCU APB1 GRP1 STOP IP
 243:platform/HAL/inc/stm32g4xx_ll_system.h ****   * @{
 244:platform/HAL/inc/stm32g4xx_ll_system.h ****   */
 245:platform/HAL/inc/stm32g4xx_ll_system.h **** #define LL_DBGMCU_APB1_GRP1_TIM2_STOP      DBGMCU_APB1FZR1_DBG_TIM2_STOP   /*!< The counter clock o
 246:platform/HAL/inc/stm32g4xx_ll_system.h **** #if defined(TIM3)
 247:platform/HAL/inc/stm32g4xx_ll_system.h **** #define LL_DBGMCU_APB1_GRP1_TIM3_STOP      DBGMCU_APB1FZR1_DBG_TIM3_STOP   /*!< The counter clock o
 248:platform/HAL/inc/stm32g4xx_ll_system.h **** #endif /* TIM3 */
 249:platform/HAL/inc/stm32g4xx_ll_system.h **** #if defined(TIM4)
 250:platform/HAL/inc/stm32g4xx_ll_system.h **** #define LL_DBGMCU_APB1_GRP1_TIM4_STOP      DBGMCU_APB1FZR1_DBG_TIM4_STOP   /*!< The counter clock o
 251:platform/HAL/inc/stm32g4xx_ll_system.h **** #endif /* TIM4 */
 252:platform/HAL/inc/stm32g4xx_ll_system.h **** #if defined(TIM5)
 253:platform/HAL/inc/stm32g4xx_ll_system.h **** #define LL_DBGMCU_APB1_GRP1_TIM5_STOP      DBGMCU_APB1FZR1_DBG_TIM5_STOP   /*!< The counter clock o
 254:platform/HAL/inc/stm32g4xx_ll_system.h **** #endif /* TIM5 */
 255:platform/HAL/inc/stm32g4xx_ll_system.h **** #define LL_DBGMCU_APB1_GRP1_TIM6_STOP      DBGMCU_APB1FZR1_DBG_TIM6_STOP   /*!< The counter clock o
 256:platform/HAL/inc/stm32g4xx_ll_system.h **** #if defined(TIM7)
 257:platform/HAL/inc/stm32g4xx_ll_system.h **** #define LL_DBGMCU_APB1_GRP1_TIM7_STOP      DBGMCU_APB1FZR1_DBG_TIM7_STOP   /*!< The counter clock o
 258:platform/HAL/inc/stm32g4xx_ll_system.h **** #endif /* TIM7 */
 259:platform/HAL/inc/stm32g4xx_ll_system.h **** #define LL_DBGMCU_APB1_GRP1_RTC_STOP       DBGMCU_APB1FZR1_DBG_RTC_STOP    /*!< The clock of the RT
 260:platform/HAL/inc/stm32g4xx_ll_system.h **** #define LL_DBGMCU_APB1_GRP1_WWDG_STOP      DBGMCU_APB1FZR1_DBG_WWDG_STOP   /*!< The window watchdog
 261:platform/HAL/inc/stm32g4xx_ll_system.h **** #define LL_DBGMCU_APB1_GRP1_IWDG_STOP      DBGMCU_APB1FZR1_DBG_IWDG_STOP   /*!< The independent wat
 262:platform/HAL/inc/stm32g4xx_ll_system.h **** #define LL_DBGMCU_APB1_GRP1_I2C1_STOP      DBGMCU_APB1FZR1_DBG_I2C1_STOP   /*!< The I2C1 SMBus time
 263:platform/HAL/inc/stm32g4xx_ll_system.h **** #if defined(I2C2)
 264:platform/HAL/inc/stm32g4xx_ll_system.h **** #define LL_DBGMCU_APB1_GRP1_I2C2_STOP      DBGMCU_APB1FZR1_DBG_I2C2_STOP   /*!< The I2C2 SMBus time
 265:platform/HAL/inc/stm32g4xx_ll_system.h **** #endif /* I2C2 */
 266:platform/HAL/inc/stm32g4xx_ll_system.h **** #if defined(I2C3)
 267:platform/HAL/inc/stm32g4xx_ll_system.h **** #define LL_DBGMCU_APB1_GRP1_I2C3_STOP      DBGMCU_APB1FZR1_DBG_I2C3_STOP   /*!< The I2C3 SMBus time
 268:platform/HAL/inc/stm32g4xx_ll_system.h **** #endif /* I2C3 */
 269:platform/HAL/inc/stm32g4xx_ll_system.h **** #define LL_DBGMCU_APB1_GRP1_LPTIM1_STOP    DBGMCU_APB1FZR1_DBG_LPTIM1_STOP /*!< The counter clock o
 270:platform/HAL/inc/stm32g4xx_ll_system.h **** /**
 271:platform/HAL/inc/stm32g4xx_ll_system.h ****   * @}
 272:platform/HAL/inc/stm32g4xx_ll_system.h ****   */
 273:platform/HAL/inc/stm32g4xx_ll_system.h **** 
 274:platform/HAL/inc/stm32g4xx_ll_system.h **** /** @defgroup SYSTEM_LL_EC_APB1_GRP2_STOP_IP DBGMCU APB1 GRP2 STOP IP
 275:platform/HAL/inc/stm32g4xx_ll_system.h ****   * @{
 276:platform/HAL/inc/stm32g4xx_ll_system.h ****   */
 277:platform/HAL/inc/stm32g4xx_ll_system.h **** #if defined(I2C4)
 278:platform/HAL/inc/stm32g4xx_ll_system.h **** #define LL_DBGMCU_APB1_GRP2_I2C4_STOP      DBGMCU_APB1FZR2_DBG_I2C4_STOP   /*!< The I2C4 SMBus time
 279:platform/HAL/inc/stm32g4xx_ll_system.h **** #endif /* I2C4 */
 280:platform/HAL/inc/stm32g4xx_ll_system.h **** /**
 281:platform/HAL/inc/stm32g4xx_ll_system.h ****   * @}
 282:platform/HAL/inc/stm32g4xx_ll_system.h ****   */
 283:platform/HAL/inc/stm32g4xx_ll_system.h **** 
 284:platform/HAL/inc/stm32g4xx_ll_system.h **** /** @defgroup SYSTEM_LL_EC_APB2_GRP1_STOP_IP DBGMCU APB2 GRP1 STOP IP
 285:platform/HAL/inc/stm32g4xx_ll_system.h ****   * @{
 286:platform/HAL/inc/stm32g4xx_ll_system.h ****   */
 287:platform/HAL/inc/stm32g4xx_ll_system.h **** #define LL_DBGMCU_APB2_GRP1_TIM1_STOP      DBGMCU_APB2FZ_DBG_TIM1_STOP     /*!< The counter clock o
 288:platform/HAL/inc/stm32g4xx_ll_system.h **** #if defined(TIM8)
 289:platform/HAL/inc/stm32g4xx_ll_system.h **** #define LL_DBGMCU_APB2_GRP1_TIM8_STOP      DBGMCU_APB2FZ_DBG_TIM8_STOP     /*!< The counter clock o
 290:platform/HAL/inc/stm32g4xx_ll_system.h **** #endif /* TIM8 */
 291:platform/HAL/inc/stm32g4xx_ll_system.h **** #define LL_DBGMCU_APB2_GRP1_TIM15_STOP     DBGMCU_APB2FZ_DBG_TIM15_STOP    /*!< The counter clock o
 292:platform/HAL/inc/stm32g4xx_ll_system.h **** #define LL_DBGMCU_APB2_GRP1_TIM16_STOP     DBGMCU_APB2FZ_DBG_TIM16_STOP    /*!< The counter clock o
 293:platform/HAL/inc/stm32g4xx_ll_system.h **** #if defined(TIM17)
 294:platform/HAL/inc/stm32g4xx_ll_system.h **** #define LL_DBGMCU_APB2_GRP1_TIM17_STOP     DBGMCU_APB2FZ_DBG_TIM17_STOP    /*!< The counter clock o
 295:platform/HAL/inc/stm32g4xx_ll_system.h **** #endif /* TIM17 */
ARM GAS  /tmp/ccY3Jimf.s 			page 72


 296:platform/HAL/inc/stm32g4xx_ll_system.h **** #if defined(TIM20)
 297:platform/HAL/inc/stm32g4xx_ll_system.h **** #define LL_DBGMCU_APB2_GRP1_TIM20_STOP     DBGMCU_APB2FZ_DBG_TIM20_STOP    /*!< The counter clock o
 298:platform/HAL/inc/stm32g4xx_ll_system.h **** #endif /* TIM20 */
 299:platform/HAL/inc/stm32g4xx_ll_system.h **** #if defined(HRTIM1)
 300:platform/HAL/inc/stm32g4xx_ll_system.h **** #define LL_DBGMCU_APB2_GRP1_HRTIM1_STOP     DBGMCU_APB2FZ_DBG_HRTIM1_STOP    /*!< The counter clock
 301:platform/HAL/inc/stm32g4xx_ll_system.h **** #endif /* HRTIM1 */
 302:platform/HAL/inc/stm32g4xx_ll_system.h **** /**
 303:platform/HAL/inc/stm32g4xx_ll_system.h ****   * @}
 304:platform/HAL/inc/stm32g4xx_ll_system.h ****   */
 305:platform/HAL/inc/stm32g4xx_ll_system.h **** 
 306:platform/HAL/inc/stm32g4xx_ll_system.h **** #if defined(VREFBUF)
 307:platform/HAL/inc/stm32g4xx_ll_system.h **** /** @defgroup SYSTEM_LL_EC_VOLTAGE VREFBUF VOLTAGE
 308:platform/HAL/inc/stm32g4xx_ll_system.h ****   * @{
 309:platform/HAL/inc/stm32g4xx_ll_system.h ****   */
 310:platform/HAL/inc/stm32g4xx_ll_system.h **** #define LL_VREFBUF_VOLTAGE_SCALE0          ((uint32_t)0x00000000) /*!< Voltage reference scale 0 (V
 311:platform/HAL/inc/stm32g4xx_ll_system.h **** #define LL_VREFBUF_VOLTAGE_SCALE1          VREFBUF_CSR_VRS_0      /*!< Voltage reference scale 1 (V
 312:platform/HAL/inc/stm32g4xx_ll_system.h **** #define LL_VREFBUF_VOLTAGE_SCALE2          VREFBUF_CSR_VRS_1      /*!< Voltage reference scale 2 (V
 313:platform/HAL/inc/stm32g4xx_ll_system.h **** /**
 314:platform/HAL/inc/stm32g4xx_ll_system.h ****   * @}
 315:platform/HAL/inc/stm32g4xx_ll_system.h ****   */
 316:platform/HAL/inc/stm32g4xx_ll_system.h **** #endif /* VREFBUF */
 317:platform/HAL/inc/stm32g4xx_ll_system.h **** 
 318:platform/HAL/inc/stm32g4xx_ll_system.h **** /** @defgroup SYSTEM_LL_EC_LATENCY FLASH LATENCY
 319:platform/HAL/inc/stm32g4xx_ll_system.h ****   * @{
 320:platform/HAL/inc/stm32g4xx_ll_system.h ****   */
 321:platform/HAL/inc/stm32g4xx_ll_system.h **** #define LL_FLASH_LATENCY_0                 FLASH_ACR_LATENCY_0WS   /*!< FLASH Zero wait state */
 322:platform/HAL/inc/stm32g4xx_ll_system.h **** #define LL_FLASH_LATENCY_1                 FLASH_ACR_LATENCY_1WS   /*!< FLASH One wait state */
 323:platform/HAL/inc/stm32g4xx_ll_system.h **** #define LL_FLASH_LATENCY_2                 FLASH_ACR_LATENCY_2WS   /*!< FLASH Two wait states */
 324:platform/HAL/inc/stm32g4xx_ll_system.h **** #define LL_FLASH_LATENCY_3                 FLASH_ACR_LATENCY_3WS   /*!< FLASH Three wait states */
 325:platform/HAL/inc/stm32g4xx_ll_system.h **** #define LL_FLASH_LATENCY_4                 FLASH_ACR_LATENCY_4WS   /*!< FLASH Four wait states */
 326:platform/HAL/inc/stm32g4xx_ll_system.h **** #if defined(FLASH_ACR_LATENCY_5WS)
 327:platform/HAL/inc/stm32g4xx_ll_system.h **** #define LL_FLASH_LATENCY_5                 FLASH_ACR_LATENCY_5WS   /*!< FLASH five wait state */
 328:platform/HAL/inc/stm32g4xx_ll_system.h **** #define LL_FLASH_LATENCY_6                 FLASH_ACR_LATENCY_6WS   /*!< FLASH six wait state */
 329:platform/HAL/inc/stm32g4xx_ll_system.h **** #define LL_FLASH_LATENCY_7                 FLASH_ACR_LATENCY_7WS   /*!< FLASH seven wait states */
 330:platform/HAL/inc/stm32g4xx_ll_system.h **** #define LL_FLASH_LATENCY_8                 FLASH_ACR_LATENCY_8WS   /*!< FLASH eight wait states */
 331:platform/HAL/inc/stm32g4xx_ll_system.h **** #define LL_FLASH_LATENCY_9                 FLASH_ACR_LATENCY_9WS   /*!< FLASH nine wait states */
 332:platform/HAL/inc/stm32g4xx_ll_system.h **** #define LL_FLASH_LATENCY_10                FLASH_ACR_LATENCY_10WS  /*!< FLASH ten wait states */
 333:platform/HAL/inc/stm32g4xx_ll_system.h **** #define LL_FLASH_LATENCY_11                FLASH_ACR_LATENCY_11WS  /*!< FLASH eleven wait states */
 334:platform/HAL/inc/stm32g4xx_ll_system.h **** #define LL_FLASH_LATENCY_12                FLASH_ACR_LATENCY_12WS  /*!< FLASH twelve wait states */
 335:platform/HAL/inc/stm32g4xx_ll_system.h **** #define LL_FLASH_LATENCY_13                FLASH_ACR_LATENCY_13WS  /*!< FLASH thirteen wait states 
 336:platform/HAL/inc/stm32g4xx_ll_system.h **** #define LL_FLASH_LATENCY_14                FLASH_ACR_LATENCY_14WS  /*!< FLASH fourteen wait states 
 337:platform/HAL/inc/stm32g4xx_ll_system.h **** #define LL_FLASH_LATENCY_15                FLASH_ACR_LATENCY_15WS  /*!< FLASH fifteen wait states *
 338:platform/HAL/inc/stm32g4xx_ll_system.h **** #endif /* FLASH_ACR_LATENCY_5WS */
 339:platform/HAL/inc/stm32g4xx_ll_system.h **** /**
 340:platform/HAL/inc/stm32g4xx_ll_system.h ****   * @}
 341:platform/HAL/inc/stm32g4xx_ll_system.h ****   */
 342:platform/HAL/inc/stm32g4xx_ll_system.h **** 
 343:platform/HAL/inc/stm32g4xx_ll_system.h **** /**
 344:platform/HAL/inc/stm32g4xx_ll_system.h ****   * @}
 345:platform/HAL/inc/stm32g4xx_ll_system.h ****   */
 346:platform/HAL/inc/stm32g4xx_ll_system.h **** 
 347:platform/HAL/inc/stm32g4xx_ll_system.h **** /* Exported macro ------------------------------------------------------------*/
 348:platform/HAL/inc/stm32g4xx_ll_system.h **** 
 349:platform/HAL/inc/stm32g4xx_ll_system.h **** /* Exported functions --------------------------------------------------------*/
 350:platform/HAL/inc/stm32g4xx_ll_system.h **** /** @defgroup SYSTEM_LL_Exported_Functions SYSTEM Exported Functions
 351:platform/HAL/inc/stm32g4xx_ll_system.h ****   * @{
 352:platform/HAL/inc/stm32g4xx_ll_system.h ****   */
ARM GAS  /tmp/ccY3Jimf.s 			page 73


 353:platform/HAL/inc/stm32g4xx_ll_system.h **** 
 354:platform/HAL/inc/stm32g4xx_ll_system.h **** /** @defgroup SYSTEM_LL_EF_SYSCFG SYSCFG
 355:platform/HAL/inc/stm32g4xx_ll_system.h ****   * @{
 356:platform/HAL/inc/stm32g4xx_ll_system.h ****   */
 357:platform/HAL/inc/stm32g4xx_ll_system.h **** 
 358:platform/HAL/inc/stm32g4xx_ll_system.h **** /**
 359:platform/HAL/inc/stm32g4xx_ll_system.h ****   * @brief  Set memory mapping at address 0x00000000
 360:platform/HAL/inc/stm32g4xx_ll_system.h ****   * @rmtoll SYSCFG_MEMRMP MEM_MODE      LL_SYSCFG_SetRemapMemory
 361:platform/HAL/inc/stm32g4xx_ll_system.h ****   * @param  Memory This parameter can be one of the following values:
 362:platform/HAL/inc/stm32g4xx_ll_system.h ****   *         @arg @ref LL_SYSCFG_REMAP_FLASH
 363:platform/HAL/inc/stm32g4xx_ll_system.h ****   *         @arg @ref LL_SYSCFG_REMAP_SYSTEMFLASH
 364:platform/HAL/inc/stm32g4xx_ll_system.h ****   *         @arg @ref LL_SYSCFG_REMAP_SRAM
 365:platform/HAL/inc/stm32g4xx_ll_system.h ****   *         @arg @ref LL_SYSCFG_REMAP_FMC (*)
 366:platform/HAL/inc/stm32g4xx_ll_system.h ****   *         @arg @ref LL_SYSCFG_REMAP_QUADSPI (*)
 367:platform/HAL/inc/stm32g4xx_ll_system.h ****   *
 368:platform/HAL/inc/stm32g4xx_ll_system.h ****   *         (*) value not defined in all devices
 369:platform/HAL/inc/stm32g4xx_ll_system.h ****   * @retval None
 370:platform/HAL/inc/stm32g4xx_ll_system.h ****   */
 371:platform/HAL/inc/stm32g4xx_ll_system.h **** __STATIC_INLINE void LL_SYSCFG_SetRemapMemory(uint32_t Memory)
 372:platform/HAL/inc/stm32g4xx_ll_system.h **** {
 373:platform/HAL/inc/stm32g4xx_ll_system.h ****   MODIFY_REG(SYSCFG->MEMRMP, SYSCFG_MEMRMP_MEM_MODE, Memory);
 374:platform/HAL/inc/stm32g4xx_ll_system.h **** }
 375:platform/HAL/inc/stm32g4xx_ll_system.h **** 
 376:platform/HAL/inc/stm32g4xx_ll_system.h **** /**
 377:platform/HAL/inc/stm32g4xx_ll_system.h ****   * @brief  Get memory mapping at address 0x00000000
 378:platform/HAL/inc/stm32g4xx_ll_system.h ****   * @rmtoll SYSCFG_MEMRMP MEM_MODE      LL_SYSCFG_GetRemapMemory
 379:platform/HAL/inc/stm32g4xx_ll_system.h ****   * @retval Returned value can be one of the following values:
 380:platform/HAL/inc/stm32g4xx_ll_system.h ****   *         @arg @ref LL_SYSCFG_REMAP_FLASH
 381:platform/HAL/inc/stm32g4xx_ll_system.h ****   *         @arg @ref LL_SYSCFG_REMAP_SYSTEMFLASH
 382:platform/HAL/inc/stm32g4xx_ll_system.h ****   *         @arg @ref LL_SYSCFG_REMAP_SRAM
 383:platform/HAL/inc/stm32g4xx_ll_system.h ****   *         @arg @ref LL_SYSCFG_REMAP_FMC (*)
 384:platform/HAL/inc/stm32g4xx_ll_system.h ****   *         @arg @ref LL_SYSCFG_REMAP_QUADSPI (*)
 385:platform/HAL/inc/stm32g4xx_ll_system.h ****   *
 386:platform/HAL/inc/stm32g4xx_ll_system.h ****   *         (*) value not defined in all devices
 387:platform/HAL/inc/stm32g4xx_ll_system.h ****   */
 388:platform/HAL/inc/stm32g4xx_ll_system.h **** __STATIC_INLINE uint32_t LL_SYSCFG_GetRemapMemory(void)
 389:platform/HAL/inc/stm32g4xx_ll_system.h **** {
 390:platform/HAL/inc/stm32g4xx_ll_system.h ****   return (uint32_t)(READ_BIT(SYSCFG->MEMRMP, SYSCFG_MEMRMP_MEM_MODE));
 391:platform/HAL/inc/stm32g4xx_ll_system.h **** }
 392:platform/HAL/inc/stm32g4xx_ll_system.h **** 
 393:platform/HAL/inc/stm32g4xx_ll_system.h **** #if defined(SYSCFG_MEMRMP_FB_MODE)
 394:platform/HAL/inc/stm32g4xx_ll_system.h **** /**
 395:platform/HAL/inc/stm32g4xx_ll_system.h ****   * @brief  Select Flash bank mode (Bank flashed at 0x08000000)
 396:platform/HAL/inc/stm32g4xx_ll_system.h ****   * @rmtoll SYSCFG_MEMRMP FB_MODE       LL_SYSCFG_SetFlashBankMode
 397:platform/HAL/inc/stm32g4xx_ll_system.h ****   * @param  Bank This parameter can be one of the following values:
 398:platform/HAL/inc/stm32g4xx_ll_system.h ****   *         @arg @ref LL_SYSCFG_BANKMODE_BANK1
 399:platform/HAL/inc/stm32g4xx_ll_system.h ****   *         @arg @ref LL_SYSCFG_BANKMODE_BANK2
 400:platform/HAL/inc/stm32g4xx_ll_system.h ****   * @retval None
 401:platform/HAL/inc/stm32g4xx_ll_system.h ****   */
 402:platform/HAL/inc/stm32g4xx_ll_system.h **** __STATIC_INLINE void LL_SYSCFG_SetFlashBankMode(uint32_t Bank)
 403:platform/HAL/inc/stm32g4xx_ll_system.h **** {
 404:platform/HAL/inc/stm32g4xx_ll_system.h ****   MODIFY_REG(SYSCFG->MEMRMP, SYSCFG_MEMRMP_FB_MODE, Bank);
 405:platform/HAL/inc/stm32g4xx_ll_system.h **** }
 406:platform/HAL/inc/stm32g4xx_ll_system.h **** 
 407:platform/HAL/inc/stm32g4xx_ll_system.h **** /**
 408:platform/HAL/inc/stm32g4xx_ll_system.h ****   * @brief  Get Flash bank mode (Bank flashed at 0x08000000)
 409:platform/HAL/inc/stm32g4xx_ll_system.h ****   * @rmtoll SYSCFG_MEMRMP FB_MODE       LL_SYSCFG_GetFlashBankMode
ARM GAS  /tmp/ccY3Jimf.s 			page 74


 410:platform/HAL/inc/stm32g4xx_ll_system.h ****   * @retval Returned value can be one of the following values:
 411:platform/HAL/inc/stm32g4xx_ll_system.h ****   *         @arg @ref LL_SYSCFG_BANKMODE_BANK1
 412:platform/HAL/inc/stm32g4xx_ll_system.h ****   *         @arg @ref LL_SYSCFG_BANKMODE_BANK2
 413:platform/HAL/inc/stm32g4xx_ll_system.h ****   */
 414:platform/HAL/inc/stm32g4xx_ll_system.h **** __STATIC_INLINE uint32_t LL_SYSCFG_GetFlashBankMode(void)
 415:platform/HAL/inc/stm32g4xx_ll_system.h **** {
 416:platform/HAL/inc/stm32g4xx_ll_system.h ****   return (uint32_t)(READ_BIT(SYSCFG->MEMRMP, SYSCFG_MEMRMP_FB_MODE));
 417:platform/HAL/inc/stm32g4xx_ll_system.h **** }
 418:platform/HAL/inc/stm32g4xx_ll_system.h **** #endif /* SYSCFG_MEMRMP_FB_MODE */
 419:platform/HAL/inc/stm32g4xx_ll_system.h **** 
 420:platform/HAL/inc/stm32g4xx_ll_system.h **** /**
 421:platform/HAL/inc/stm32g4xx_ll_system.h ****   * @brief  Enable I/O analog switch voltage booster.
 422:platform/HAL/inc/stm32g4xx_ll_system.h ****   * @note   When voltage booster is enabled, I/O analog switches are supplied
 423:platform/HAL/inc/stm32g4xx_ll_system.h ****   *         by a dedicated voltage booster, from VDD power domain. This is
 424:platform/HAL/inc/stm32g4xx_ll_system.h ****   *         the recommended configuration with low VDDA voltage operation.
 425:platform/HAL/inc/stm32g4xx_ll_system.h ****   * @note   The I/O analog switch voltage booster is relevant for peripherals
 426:platform/HAL/inc/stm32g4xx_ll_system.h ****   *         using I/O in analog input: ADC, COMP, OPAMP.
 427:platform/HAL/inc/stm32g4xx_ll_system.h ****   *         However, COMP and OPAMP inputs have a high impedance and
 428:platform/HAL/inc/stm32g4xx_ll_system.h ****   *         voltage booster do not impact performance significantly.
 429:platform/HAL/inc/stm32g4xx_ll_system.h ****   *         Therefore, the voltage booster is mainly intended for
 430:platform/HAL/inc/stm32g4xx_ll_system.h ****   *         usage with ADC.
 431:platform/HAL/inc/stm32g4xx_ll_system.h ****   * @rmtoll SYSCFG_CFGR1 BOOSTEN       LL_SYSCFG_EnableAnalogBooster
 432:platform/HAL/inc/stm32g4xx_ll_system.h ****   * @retval None
 433:platform/HAL/inc/stm32g4xx_ll_system.h ****   */
 434:platform/HAL/inc/stm32g4xx_ll_system.h **** __STATIC_INLINE void LL_SYSCFG_EnableAnalogBooster(void)
 435:platform/HAL/inc/stm32g4xx_ll_system.h **** {
 436:platform/HAL/inc/stm32g4xx_ll_system.h ****   SET_BIT(SYSCFG->CFGR1, SYSCFG_CFGR1_BOOSTEN);
 437:platform/HAL/inc/stm32g4xx_ll_system.h **** }
 438:platform/HAL/inc/stm32g4xx_ll_system.h **** 
 439:platform/HAL/inc/stm32g4xx_ll_system.h **** /**
 440:platform/HAL/inc/stm32g4xx_ll_system.h ****   * @brief  Disable I/O analog switch voltage booster.
 441:platform/HAL/inc/stm32g4xx_ll_system.h ****   * @note   When voltage booster is enabled, I/O analog switches are supplied
 442:platform/HAL/inc/stm32g4xx_ll_system.h ****   *         by a dedicated voltage booster, from VDD power domain. This is
 443:platform/HAL/inc/stm32g4xx_ll_system.h ****   *         the recommended configuration with low VDDA voltage operation.
 444:platform/HAL/inc/stm32g4xx_ll_system.h ****   * @note   The I/O analog switch voltage booster is relevant for peripherals
 445:platform/HAL/inc/stm32g4xx_ll_system.h ****   *         using I/O in analog input: ADC, COMP, OPAMP.
 446:platform/HAL/inc/stm32g4xx_ll_system.h ****   *         However, COMP and OPAMP inputs have a high impedance and
 447:platform/HAL/inc/stm32g4xx_ll_system.h ****   *         voltage booster do not impact performance significantly.
 448:platform/HAL/inc/stm32g4xx_ll_system.h ****   *         Therefore, the voltage booster is mainly intended for
 449:platform/HAL/inc/stm32g4xx_ll_system.h ****   *         usage with ADC.
 450:platform/HAL/inc/stm32g4xx_ll_system.h ****   * @rmtoll SYSCFG_CFGR1 BOOSTEN       LL_SYSCFG_DisableAnalogBooster
 451:platform/HAL/inc/stm32g4xx_ll_system.h ****   * @retval None
 452:platform/HAL/inc/stm32g4xx_ll_system.h ****   */
 453:platform/HAL/inc/stm32g4xx_ll_system.h **** __STATIC_INLINE void LL_SYSCFG_DisableAnalogBooster(void)
 454:platform/HAL/inc/stm32g4xx_ll_system.h **** {
 455:platform/HAL/inc/stm32g4xx_ll_system.h ****   CLEAR_BIT(SYSCFG->CFGR1, SYSCFG_CFGR1_BOOSTEN);
 456:platform/HAL/inc/stm32g4xx_ll_system.h **** }
 457:platform/HAL/inc/stm32g4xx_ll_system.h **** 
 458:platform/HAL/inc/stm32g4xx_ll_system.h **** /**
 459:platform/HAL/inc/stm32g4xx_ll_system.h ****   * @brief  Enable the I2C fast mode plus driving capability.
 460:platform/HAL/inc/stm32g4xx_ll_system.h ****   * @rmtoll SYSCFG_CFGR1 I2C_PBx_FMP   LL_SYSCFG_EnableFastModePlus\n
 461:platform/HAL/inc/stm32g4xx_ll_system.h ****   *         SYSCFG_CFGR1 I2Cx_FMP      LL_SYSCFG_EnableFastModePlus
 462:platform/HAL/inc/stm32g4xx_ll_system.h ****   * @param  ConfigFastModePlus This parameter can be a combination of the following values:
 463:platform/HAL/inc/stm32g4xx_ll_system.h ****   *         @arg @ref LL_SYSCFG_I2C_FASTMODEPLUS_PB6
 464:platform/HAL/inc/stm32g4xx_ll_system.h ****   *         @arg @ref LL_SYSCFG_I2C_FASTMODEPLUS_PB7
 465:platform/HAL/inc/stm32g4xx_ll_system.h ****   *         @arg @ref LL_SYSCFG_I2C_FASTMODEPLUS_PB8 (*)
 466:platform/HAL/inc/stm32g4xx_ll_system.h ****   *         @arg @ref LL_SYSCFG_I2C_FASTMODEPLUS_PB9 (*)
ARM GAS  /tmp/ccY3Jimf.s 			page 75


 467:platform/HAL/inc/stm32g4xx_ll_system.h ****   *         @arg @ref LL_SYSCFG_I2C_FASTMODEPLUS_I2C1
 468:platform/HAL/inc/stm32g4xx_ll_system.h ****   *         @arg @ref LL_SYSCFG_I2C_FASTMODEPLUS_I2C2 (*)
 469:platform/HAL/inc/stm32g4xx_ll_system.h ****   *         @arg @ref LL_SYSCFG_I2C_FASTMODEPLUS_I2C3
 470:platform/HAL/inc/stm32g4xx_ll_system.h ****   *         @arg @ref LL_SYSCFG_I2C_FASTMODEPLUS_I2C4 (*)
 471:platform/HAL/inc/stm32g4xx_ll_system.h ****   *
 472:platform/HAL/inc/stm32g4xx_ll_system.h ****   *         (*) value not defined in all devices
 473:platform/HAL/inc/stm32g4xx_ll_system.h ****   * @retval None
 474:platform/HAL/inc/stm32g4xx_ll_system.h ****   */
 475:platform/HAL/inc/stm32g4xx_ll_system.h **** __STATIC_INLINE void LL_SYSCFG_EnableFastModePlus(uint32_t ConfigFastModePlus)
 476:platform/HAL/inc/stm32g4xx_ll_system.h **** {
 477:platform/HAL/inc/stm32g4xx_ll_system.h ****   SET_BIT(SYSCFG->CFGR1, ConfigFastModePlus);
 478:platform/HAL/inc/stm32g4xx_ll_system.h **** }
 479:platform/HAL/inc/stm32g4xx_ll_system.h **** 
 480:platform/HAL/inc/stm32g4xx_ll_system.h **** /**
 481:platform/HAL/inc/stm32g4xx_ll_system.h ****   * @brief  Disable the I2C fast mode plus driving capability.
 482:platform/HAL/inc/stm32g4xx_ll_system.h ****   * @rmtoll SYSCFG_CFGR1 I2C_PBx_FMP   LL_SYSCFG_DisableFastModePlus\n
 483:platform/HAL/inc/stm32g4xx_ll_system.h ****   *         SYSCFG_CFGR1 I2Cx_FMP      LL_SYSCFG_DisableFastModePlus
 484:platform/HAL/inc/stm32g4xx_ll_system.h ****   * @param  ConfigFastModePlus This parameter can be a combination of the following values:
 485:platform/HAL/inc/stm32g4xx_ll_system.h ****   *         @arg @ref LL_SYSCFG_I2C_FASTMODEPLUS_PB6
 486:platform/HAL/inc/stm32g4xx_ll_system.h ****   *         @arg @ref LL_SYSCFG_I2C_FASTMODEPLUS_PB7
 487:platform/HAL/inc/stm32g4xx_ll_system.h ****   *         @arg @ref LL_SYSCFG_I2C_FASTMODEPLUS_PB8 (*)
 488:platform/HAL/inc/stm32g4xx_ll_system.h ****   *         @arg @ref LL_SYSCFG_I2C_FASTMODEPLUS_PB9 (*)
 489:platform/HAL/inc/stm32g4xx_ll_system.h ****   *         @arg @ref LL_SYSCFG_I2C_FASTMODEPLUS_I2C1
 490:platform/HAL/inc/stm32g4xx_ll_system.h ****   *         @arg @ref LL_SYSCFG_I2C_FASTMODEPLUS_I2C2 (*)
 491:platform/HAL/inc/stm32g4xx_ll_system.h ****   *         @arg @ref LL_SYSCFG_I2C_FASTMODEPLUS_I2C3
 492:platform/HAL/inc/stm32g4xx_ll_system.h ****   *         @arg @ref LL_SYSCFG_I2C_FASTMODEPLUS_I2C4 (*)
 493:platform/HAL/inc/stm32g4xx_ll_system.h ****   *
 494:platform/HAL/inc/stm32g4xx_ll_system.h ****   *         (*) value not defined in all devices
 495:platform/HAL/inc/stm32g4xx_ll_system.h ****   * @retval None
 496:platform/HAL/inc/stm32g4xx_ll_system.h ****   */
 497:platform/HAL/inc/stm32g4xx_ll_system.h **** __STATIC_INLINE void LL_SYSCFG_DisableFastModePlus(uint32_t ConfigFastModePlus)
 498:platform/HAL/inc/stm32g4xx_ll_system.h **** {
 499:platform/HAL/inc/stm32g4xx_ll_system.h ****   CLEAR_BIT(SYSCFG->CFGR1, ConfigFastModePlus);
 500:platform/HAL/inc/stm32g4xx_ll_system.h **** }
 501:platform/HAL/inc/stm32g4xx_ll_system.h **** 
 502:platform/HAL/inc/stm32g4xx_ll_system.h **** /**
 503:platform/HAL/inc/stm32g4xx_ll_system.h ****   * @brief  Enable Floating Point Unit Invalid operation Interrupt
 504:platform/HAL/inc/stm32g4xx_ll_system.h ****   * @rmtoll SYSCFG_CFGR1 FPU_IE_0      LL_SYSCFG_EnableIT_FPU_IOC
 505:platform/HAL/inc/stm32g4xx_ll_system.h ****   * @retval None
 506:platform/HAL/inc/stm32g4xx_ll_system.h ****   */
 507:platform/HAL/inc/stm32g4xx_ll_system.h **** __STATIC_INLINE void LL_SYSCFG_EnableIT_FPU_IOC(void)
 508:platform/HAL/inc/stm32g4xx_ll_system.h **** {
 509:platform/HAL/inc/stm32g4xx_ll_system.h ****   SET_BIT(SYSCFG->CFGR1, SYSCFG_CFGR1_FPU_IE_0);
 510:platform/HAL/inc/stm32g4xx_ll_system.h **** }
 511:platform/HAL/inc/stm32g4xx_ll_system.h **** 
 512:platform/HAL/inc/stm32g4xx_ll_system.h **** /**
 513:platform/HAL/inc/stm32g4xx_ll_system.h ****   * @brief  Enable Floating Point Unit Divide-by-zero Interrupt
 514:platform/HAL/inc/stm32g4xx_ll_system.h ****   * @rmtoll SYSCFG_CFGR1 FPU_IE_1      LL_SYSCFG_EnableIT_FPU_DZC
 515:platform/HAL/inc/stm32g4xx_ll_system.h ****   * @retval None
 516:platform/HAL/inc/stm32g4xx_ll_system.h ****   */
 517:platform/HAL/inc/stm32g4xx_ll_system.h **** __STATIC_INLINE void LL_SYSCFG_EnableIT_FPU_DZC(void)
 518:platform/HAL/inc/stm32g4xx_ll_system.h **** {
 519:platform/HAL/inc/stm32g4xx_ll_system.h ****   SET_BIT(SYSCFG->CFGR1, SYSCFG_CFGR1_FPU_IE_1);
 520:platform/HAL/inc/stm32g4xx_ll_system.h **** }
 521:platform/HAL/inc/stm32g4xx_ll_system.h **** 
 522:platform/HAL/inc/stm32g4xx_ll_system.h **** /**
 523:platform/HAL/inc/stm32g4xx_ll_system.h ****   * @brief  Enable Floating Point Unit Underflow Interrupt
ARM GAS  /tmp/ccY3Jimf.s 			page 76


 524:platform/HAL/inc/stm32g4xx_ll_system.h ****   * @rmtoll SYSCFG_CFGR1 FPU_IE_2      LL_SYSCFG_EnableIT_FPU_UFC
 525:platform/HAL/inc/stm32g4xx_ll_system.h ****   * @retval None
 526:platform/HAL/inc/stm32g4xx_ll_system.h ****   */
 527:platform/HAL/inc/stm32g4xx_ll_system.h **** __STATIC_INLINE void LL_SYSCFG_EnableIT_FPU_UFC(void)
 528:platform/HAL/inc/stm32g4xx_ll_system.h **** {
 529:platform/HAL/inc/stm32g4xx_ll_system.h ****   SET_BIT(SYSCFG->CFGR1, SYSCFG_CFGR1_FPU_IE_2);
 530:platform/HAL/inc/stm32g4xx_ll_system.h **** }
 531:platform/HAL/inc/stm32g4xx_ll_system.h **** 
 532:platform/HAL/inc/stm32g4xx_ll_system.h **** /**
 533:platform/HAL/inc/stm32g4xx_ll_system.h ****   * @brief  Enable Floating Point Unit Overflow Interrupt
 534:platform/HAL/inc/stm32g4xx_ll_system.h ****   * @rmtoll SYSCFG_CFGR1 FPU_IE_3      LL_SYSCFG_EnableIT_FPU_OFC
 535:platform/HAL/inc/stm32g4xx_ll_system.h ****   * @retval None
 536:platform/HAL/inc/stm32g4xx_ll_system.h ****   */
 537:platform/HAL/inc/stm32g4xx_ll_system.h **** __STATIC_INLINE void LL_SYSCFG_EnableIT_FPU_OFC(void)
 538:platform/HAL/inc/stm32g4xx_ll_system.h **** {
 539:platform/HAL/inc/stm32g4xx_ll_system.h ****   SET_BIT(SYSCFG->CFGR1, SYSCFG_CFGR1_FPU_IE_3);
 540:platform/HAL/inc/stm32g4xx_ll_system.h **** }
 541:platform/HAL/inc/stm32g4xx_ll_system.h **** 
 542:platform/HAL/inc/stm32g4xx_ll_system.h **** /**
 543:platform/HAL/inc/stm32g4xx_ll_system.h ****   * @brief  Enable Floating Point Unit Input denormal Interrupt
 544:platform/HAL/inc/stm32g4xx_ll_system.h ****   * @rmtoll SYSCFG_CFGR1 FPU_IE_4      LL_SYSCFG_EnableIT_FPU_IDC
 545:platform/HAL/inc/stm32g4xx_ll_system.h ****   * @retval None
 546:platform/HAL/inc/stm32g4xx_ll_system.h ****   */
 547:platform/HAL/inc/stm32g4xx_ll_system.h **** __STATIC_INLINE void LL_SYSCFG_EnableIT_FPU_IDC(void)
 548:platform/HAL/inc/stm32g4xx_ll_system.h **** {
 549:platform/HAL/inc/stm32g4xx_ll_system.h ****   SET_BIT(SYSCFG->CFGR1, SYSCFG_CFGR1_FPU_IE_4);
 550:platform/HAL/inc/stm32g4xx_ll_system.h **** }
 551:platform/HAL/inc/stm32g4xx_ll_system.h **** 
 552:platform/HAL/inc/stm32g4xx_ll_system.h **** /**
 553:platform/HAL/inc/stm32g4xx_ll_system.h ****   * @brief  Enable Floating Point Unit Inexact Interrupt
 554:platform/HAL/inc/stm32g4xx_ll_system.h ****   * @rmtoll SYSCFG_CFGR1 FPU_IE_5      LL_SYSCFG_EnableIT_FPU_IXC
 555:platform/HAL/inc/stm32g4xx_ll_system.h ****   * @retval None
 556:platform/HAL/inc/stm32g4xx_ll_system.h ****   */
 557:platform/HAL/inc/stm32g4xx_ll_system.h **** __STATIC_INLINE void LL_SYSCFG_EnableIT_FPU_IXC(void)
 558:platform/HAL/inc/stm32g4xx_ll_system.h **** {
 559:platform/HAL/inc/stm32g4xx_ll_system.h ****   SET_BIT(SYSCFG->CFGR1, SYSCFG_CFGR1_FPU_IE_5);
 560:platform/HAL/inc/stm32g4xx_ll_system.h **** }
 561:platform/HAL/inc/stm32g4xx_ll_system.h **** 
 562:platform/HAL/inc/stm32g4xx_ll_system.h **** /**
 563:platform/HAL/inc/stm32g4xx_ll_system.h ****   * @brief  Disable Floating Point Unit Invalid operation Interrupt
 564:platform/HAL/inc/stm32g4xx_ll_system.h ****   * @rmtoll SYSCFG_CFGR1 FPU_IE_0      LL_SYSCFG_DisableIT_FPU_IOC
 565:platform/HAL/inc/stm32g4xx_ll_system.h ****   * @retval None
 566:platform/HAL/inc/stm32g4xx_ll_system.h ****   */
 567:platform/HAL/inc/stm32g4xx_ll_system.h **** __STATIC_INLINE void LL_SYSCFG_DisableIT_FPU_IOC(void)
 568:platform/HAL/inc/stm32g4xx_ll_system.h **** {
 569:platform/HAL/inc/stm32g4xx_ll_system.h ****   CLEAR_BIT(SYSCFG->CFGR1, SYSCFG_CFGR1_FPU_IE_0);
 570:platform/HAL/inc/stm32g4xx_ll_system.h **** }
 571:platform/HAL/inc/stm32g4xx_ll_system.h **** 
 572:platform/HAL/inc/stm32g4xx_ll_system.h **** /**
 573:platform/HAL/inc/stm32g4xx_ll_system.h ****   * @brief  Disable Floating Point Unit Divide-by-zero Interrupt
 574:platform/HAL/inc/stm32g4xx_ll_system.h ****   * @rmtoll SYSCFG_CFGR1 FPU_IE_1      LL_SYSCFG_DisableIT_FPU_DZC
 575:platform/HAL/inc/stm32g4xx_ll_system.h ****   * @retval None
 576:platform/HAL/inc/stm32g4xx_ll_system.h ****   */
 577:platform/HAL/inc/stm32g4xx_ll_system.h **** __STATIC_INLINE void LL_SYSCFG_DisableIT_FPU_DZC(void)
 578:platform/HAL/inc/stm32g4xx_ll_system.h **** {
 579:platform/HAL/inc/stm32g4xx_ll_system.h ****   CLEAR_BIT(SYSCFG->CFGR1, SYSCFG_CFGR1_FPU_IE_1);
 580:platform/HAL/inc/stm32g4xx_ll_system.h **** }
ARM GAS  /tmp/ccY3Jimf.s 			page 77


 581:platform/HAL/inc/stm32g4xx_ll_system.h **** 
 582:platform/HAL/inc/stm32g4xx_ll_system.h **** /**
 583:platform/HAL/inc/stm32g4xx_ll_system.h ****   * @brief  Disable Floating Point Unit Underflow Interrupt
 584:platform/HAL/inc/stm32g4xx_ll_system.h ****   * @rmtoll SYSCFG_CFGR1 FPU_IE_2      LL_SYSCFG_DisableIT_FPU_UFC
 585:platform/HAL/inc/stm32g4xx_ll_system.h ****   * @retval None
 586:platform/HAL/inc/stm32g4xx_ll_system.h ****   */
 587:platform/HAL/inc/stm32g4xx_ll_system.h **** __STATIC_INLINE void LL_SYSCFG_DisableIT_FPU_UFC(void)
 588:platform/HAL/inc/stm32g4xx_ll_system.h **** {
 589:platform/HAL/inc/stm32g4xx_ll_system.h ****   CLEAR_BIT(SYSCFG->CFGR1, SYSCFG_CFGR1_FPU_IE_2);
 590:platform/HAL/inc/stm32g4xx_ll_system.h **** }
 591:platform/HAL/inc/stm32g4xx_ll_system.h **** 
 592:platform/HAL/inc/stm32g4xx_ll_system.h **** /**
 593:platform/HAL/inc/stm32g4xx_ll_system.h ****   * @brief  Disable Floating Point Unit Overflow Interrupt
 594:platform/HAL/inc/stm32g4xx_ll_system.h ****   * @rmtoll SYSCFG_CFGR1 FPU_IE_3      LL_SYSCFG_DisableIT_FPU_OFC
 595:platform/HAL/inc/stm32g4xx_ll_system.h ****   * @retval None
 596:platform/HAL/inc/stm32g4xx_ll_system.h ****   */
 597:platform/HAL/inc/stm32g4xx_ll_system.h **** __STATIC_INLINE void LL_SYSCFG_DisableIT_FPU_OFC(void)
 598:platform/HAL/inc/stm32g4xx_ll_system.h **** {
 599:platform/HAL/inc/stm32g4xx_ll_system.h ****   CLEAR_BIT(SYSCFG->CFGR1, SYSCFG_CFGR1_FPU_IE_3);
 600:platform/HAL/inc/stm32g4xx_ll_system.h **** }
 601:platform/HAL/inc/stm32g4xx_ll_system.h **** 
 602:platform/HAL/inc/stm32g4xx_ll_system.h **** /**
 603:platform/HAL/inc/stm32g4xx_ll_system.h ****   * @brief  Disable Floating Point Unit Input denormal Interrupt
 604:platform/HAL/inc/stm32g4xx_ll_system.h ****   * @rmtoll SYSCFG_CFGR1 FPU_IE_4      LL_SYSCFG_DisableIT_FPU_IDC
 605:platform/HAL/inc/stm32g4xx_ll_system.h ****   * @retval None
 606:platform/HAL/inc/stm32g4xx_ll_system.h ****   */
 607:platform/HAL/inc/stm32g4xx_ll_system.h **** __STATIC_INLINE void LL_SYSCFG_DisableIT_FPU_IDC(void)
 608:platform/HAL/inc/stm32g4xx_ll_system.h **** {
 609:platform/HAL/inc/stm32g4xx_ll_system.h ****   CLEAR_BIT(SYSCFG->CFGR1, SYSCFG_CFGR1_FPU_IE_4);
 610:platform/HAL/inc/stm32g4xx_ll_system.h **** }
 611:platform/HAL/inc/stm32g4xx_ll_system.h **** 
 612:platform/HAL/inc/stm32g4xx_ll_system.h **** /**
 613:platform/HAL/inc/stm32g4xx_ll_system.h ****   * @brief  Disable Floating Point Unit Inexact Interrupt
 614:platform/HAL/inc/stm32g4xx_ll_system.h ****   * @rmtoll SYSCFG_CFGR1 FPU_IE_5      LL_SYSCFG_DisableIT_FPU_IXC
 615:platform/HAL/inc/stm32g4xx_ll_system.h ****   * @retval None
 616:platform/HAL/inc/stm32g4xx_ll_system.h ****   */
 617:platform/HAL/inc/stm32g4xx_ll_system.h **** __STATIC_INLINE void LL_SYSCFG_DisableIT_FPU_IXC(void)
 618:platform/HAL/inc/stm32g4xx_ll_system.h **** {
 619:platform/HAL/inc/stm32g4xx_ll_system.h ****   CLEAR_BIT(SYSCFG->CFGR1, SYSCFG_CFGR1_FPU_IE_5);
 620:platform/HAL/inc/stm32g4xx_ll_system.h **** }
 621:platform/HAL/inc/stm32g4xx_ll_system.h **** 
 622:platform/HAL/inc/stm32g4xx_ll_system.h **** /**
 623:platform/HAL/inc/stm32g4xx_ll_system.h ****   * @brief  Check if Floating Point Unit Invalid operation Interrupt source is enabled or disabled.
 624:platform/HAL/inc/stm32g4xx_ll_system.h ****   * @rmtoll SYSCFG_CFGR1 FPU_IE_0      LL_SYSCFG_IsEnabledIT_FPU_IOC
 625:platform/HAL/inc/stm32g4xx_ll_system.h ****   * @retval State of bit (1 or 0).
 626:platform/HAL/inc/stm32g4xx_ll_system.h ****   */
 627:platform/HAL/inc/stm32g4xx_ll_system.h **** __STATIC_INLINE uint32_t LL_SYSCFG_IsEnabledIT_FPU_IOC(void)
 628:platform/HAL/inc/stm32g4xx_ll_system.h **** {
 629:platform/HAL/inc/stm32g4xx_ll_system.h ****   return ((READ_BIT(SYSCFG->CFGR1, SYSCFG_CFGR1_FPU_IE_0) == (SYSCFG_CFGR1_FPU_IE_0)) ? 1UL : 0UL);
 630:platform/HAL/inc/stm32g4xx_ll_system.h **** }
 631:platform/HAL/inc/stm32g4xx_ll_system.h **** 
 632:platform/HAL/inc/stm32g4xx_ll_system.h **** /**
 633:platform/HAL/inc/stm32g4xx_ll_system.h ****   * @brief  Check if Floating Point Unit Divide-by-zero Interrupt source is enabled or disabled.
 634:platform/HAL/inc/stm32g4xx_ll_system.h ****   * @rmtoll SYSCFG_CFGR1 FPU_IE_1      LL_SYSCFG_IsEnabledIT_FPU_DZC
 635:platform/HAL/inc/stm32g4xx_ll_system.h ****   * @retval State of bit (1 or 0).
 636:platform/HAL/inc/stm32g4xx_ll_system.h ****   */
 637:platform/HAL/inc/stm32g4xx_ll_system.h **** __STATIC_INLINE uint32_t LL_SYSCFG_IsEnabledIT_FPU_DZC(void)
ARM GAS  /tmp/ccY3Jimf.s 			page 78


 638:platform/HAL/inc/stm32g4xx_ll_system.h **** {
 639:platform/HAL/inc/stm32g4xx_ll_system.h ****   return ((READ_BIT(SYSCFG->CFGR1, SYSCFG_CFGR1_FPU_IE_1) == (SYSCFG_CFGR1_FPU_IE_1)) ? 1UL : 0UL);
 640:platform/HAL/inc/stm32g4xx_ll_system.h **** }
 641:platform/HAL/inc/stm32g4xx_ll_system.h **** 
 642:platform/HAL/inc/stm32g4xx_ll_system.h **** /**
 643:platform/HAL/inc/stm32g4xx_ll_system.h ****   * @brief  Check if Floating Point Unit Underflow Interrupt source is enabled or disabled.
 644:platform/HAL/inc/stm32g4xx_ll_system.h ****   * @rmtoll SYSCFG_CFGR1 FPU_IE_2      LL_SYSCFG_IsEnabledIT_FPU_UFC
 645:platform/HAL/inc/stm32g4xx_ll_system.h ****   * @retval State of bit (1 or 0).
 646:platform/HAL/inc/stm32g4xx_ll_system.h ****   */
 647:platform/HAL/inc/stm32g4xx_ll_system.h **** __STATIC_INLINE uint32_t LL_SYSCFG_IsEnabledIT_FPU_UFC(void)
 648:platform/HAL/inc/stm32g4xx_ll_system.h **** {
 649:platform/HAL/inc/stm32g4xx_ll_system.h ****   return ((READ_BIT(SYSCFG->CFGR1, SYSCFG_CFGR1_FPU_IE_2) == (SYSCFG_CFGR1_FPU_IE_2)) ? 1UL : 0UL);
 650:platform/HAL/inc/stm32g4xx_ll_system.h **** }
 651:platform/HAL/inc/stm32g4xx_ll_system.h **** 
 652:platform/HAL/inc/stm32g4xx_ll_system.h **** /**
 653:platform/HAL/inc/stm32g4xx_ll_system.h ****   * @brief  Check if Floating Point Unit Overflow Interrupt source is enabled or disabled.
 654:platform/HAL/inc/stm32g4xx_ll_system.h ****   * @rmtoll SYSCFG_CFGR1 FPU_IE_3      LL_SYSCFG_IsEnabledIT_FPU_OFC
 655:platform/HAL/inc/stm32g4xx_ll_system.h ****   * @retval State of bit (1 or 0).
 656:platform/HAL/inc/stm32g4xx_ll_system.h ****   */
 657:platform/HAL/inc/stm32g4xx_ll_system.h **** __STATIC_INLINE uint32_t LL_SYSCFG_IsEnabledIT_FPU_OFC(void)
 658:platform/HAL/inc/stm32g4xx_ll_system.h **** {
 659:platform/HAL/inc/stm32g4xx_ll_system.h ****   return ((READ_BIT(SYSCFG->CFGR1, SYSCFG_CFGR1_FPU_IE_3) == (SYSCFG_CFGR1_FPU_IE_3)) ? 1UL : 0UL);
 660:platform/HAL/inc/stm32g4xx_ll_system.h **** }
 661:platform/HAL/inc/stm32g4xx_ll_system.h **** 
 662:platform/HAL/inc/stm32g4xx_ll_system.h **** /**
 663:platform/HAL/inc/stm32g4xx_ll_system.h ****   * @brief  Check if Floating Point Unit Input denormal Interrupt source is enabled or disabled.
 664:platform/HAL/inc/stm32g4xx_ll_system.h ****   * @rmtoll SYSCFG_CFGR1 FPU_IE_4      LL_SYSCFG_IsEnabledIT_FPU_IDC
 665:platform/HAL/inc/stm32g4xx_ll_system.h ****   * @retval State of bit (1 or 0).
 666:platform/HAL/inc/stm32g4xx_ll_system.h ****   */
 667:platform/HAL/inc/stm32g4xx_ll_system.h **** __STATIC_INLINE uint32_t LL_SYSCFG_IsEnabledIT_FPU_IDC(void)
 668:platform/HAL/inc/stm32g4xx_ll_system.h **** {
 669:platform/HAL/inc/stm32g4xx_ll_system.h ****   return ((READ_BIT(SYSCFG->CFGR1, SYSCFG_CFGR1_FPU_IE_4) == (SYSCFG_CFGR1_FPU_IE_4)) ? 1UL : 0UL);
 670:platform/HAL/inc/stm32g4xx_ll_system.h **** }
 671:platform/HAL/inc/stm32g4xx_ll_system.h **** 
 672:platform/HAL/inc/stm32g4xx_ll_system.h **** /**
 673:platform/HAL/inc/stm32g4xx_ll_system.h ****   * @brief  Check if Floating Point Unit Inexact Interrupt source is enabled or disabled.
 674:platform/HAL/inc/stm32g4xx_ll_system.h ****   * @rmtoll SYSCFG_CFGR1 FPU_IE_5      LL_SYSCFG_IsEnabledIT_FPU_IXC
 675:platform/HAL/inc/stm32g4xx_ll_system.h ****   * @retval State of bit (1 or 0).
 676:platform/HAL/inc/stm32g4xx_ll_system.h ****   */
 677:platform/HAL/inc/stm32g4xx_ll_system.h **** __STATIC_INLINE uint32_t LL_SYSCFG_IsEnabledIT_FPU_IXC(void)
 678:platform/HAL/inc/stm32g4xx_ll_system.h **** {
 679:platform/HAL/inc/stm32g4xx_ll_system.h ****   return ((READ_BIT(SYSCFG->CFGR1, SYSCFG_CFGR1_FPU_IE_5) == (SYSCFG_CFGR1_FPU_IE_5)) ? 1UL : 0UL);
 680:platform/HAL/inc/stm32g4xx_ll_system.h **** }
 681:platform/HAL/inc/stm32g4xx_ll_system.h **** 
 682:platform/HAL/inc/stm32g4xx_ll_system.h **** /**
 683:platform/HAL/inc/stm32g4xx_ll_system.h ****   * @brief  Configure source input for the EXTI external interrupt.
 684:platform/HAL/inc/stm32g4xx_ll_system.h ****   * @rmtoll SYSCFG_EXTICR1 EXTIx         LL_SYSCFG_SetEXTISource\n
 685:platform/HAL/inc/stm32g4xx_ll_system.h ****   *         SYSCFG_EXTICR2 EXTIx         LL_SYSCFG_SetEXTISource\n
 686:platform/HAL/inc/stm32g4xx_ll_system.h ****   *         SYSCFG_EXTICR3 EXTIx         LL_SYSCFG_SetEXTISource\n
 687:platform/HAL/inc/stm32g4xx_ll_system.h ****   *         SYSCFG_EXTICR4 EXTIx         LL_SYSCFG_SetEXTISource
 688:platform/HAL/inc/stm32g4xx_ll_system.h ****   * @param  Port This parameter can be one of the following values:
 689:platform/HAL/inc/stm32g4xx_ll_system.h ****   *         @arg @ref LL_SYSCFG_EXTI_PORTA
 690:platform/HAL/inc/stm32g4xx_ll_system.h ****   *         @arg @ref LL_SYSCFG_EXTI_PORTB
 691:platform/HAL/inc/stm32g4xx_ll_system.h ****   *         @arg @ref LL_SYSCFG_EXTI_PORTC
 692:platform/HAL/inc/stm32g4xx_ll_system.h ****   *         @arg @ref LL_SYSCFG_EXTI_PORTD
 693:platform/HAL/inc/stm32g4xx_ll_system.h ****   *         @arg @ref LL_SYSCFG_EXTI_PORTE
 694:platform/HAL/inc/stm32g4xx_ll_system.h ****   *         @arg @ref LL_SYSCFG_EXTI_PORTF
ARM GAS  /tmp/ccY3Jimf.s 			page 79


 695:platform/HAL/inc/stm32g4xx_ll_system.h ****   *         @arg @ref LL_SYSCFG_EXTI_PORTG
 696:platform/HAL/inc/stm32g4xx_ll_system.h ****   *
 697:platform/HAL/inc/stm32g4xx_ll_system.h ****   *         (*) value not defined in all devices
 698:platform/HAL/inc/stm32g4xx_ll_system.h ****   * @param  Line This parameter can be one of the following values:
 699:platform/HAL/inc/stm32g4xx_ll_system.h ****   *         @arg @ref LL_SYSCFG_EXTI_LINE0
 700:platform/HAL/inc/stm32g4xx_ll_system.h ****   *         @arg @ref LL_SYSCFG_EXTI_LINE1
 701:platform/HAL/inc/stm32g4xx_ll_system.h ****   *         @arg @ref LL_SYSCFG_EXTI_LINE2
 702:platform/HAL/inc/stm32g4xx_ll_system.h ****   *         @arg @ref LL_SYSCFG_EXTI_LINE3
 703:platform/HAL/inc/stm32g4xx_ll_system.h ****   *         @arg @ref LL_SYSCFG_EXTI_LINE4
 704:platform/HAL/inc/stm32g4xx_ll_system.h ****   *         @arg @ref LL_SYSCFG_EXTI_LINE5
 705:platform/HAL/inc/stm32g4xx_ll_system.h ****   *         @arg @ref LL_SYSCFG_EXTI_LINE6
 706:platform/HAL/inc/stm32g4xx_ll_system.h ****   *         @arg @ref LL_SYSCFG_EXTI_LINE7
 707:platform/HAL/inc/stm32g4xx_ll_system.h ****   *         @arg @ref LL_SYSCFG_EXTI_LINE8
 708:platform/HAL/inc/stm32g4xx_ll_system.h ****   *         @arg @ref LL_SYSCFG_EXTI_LINE9
 709:platform/HAL/inc/stm32g4xx_ll_system.h ****   *         @arg @ref LL_SYSCFG_EXTI_LINE10
 710:platform/HAL/inc/stm32g4xx_ll_system.h ****   *         @arg @ref LL_SYSCFG_EXTI_LINE11
 711:platform/HAL/inc/stm32g4xx_ll_system.h ****   *         @arg @ref LL_SYSCFG_EXTI_LINE12
 712:platform/HAL/inc/stm32g4xx_ll_system.h ****   *         @arg @ref LL_SYSCFG_EXTI_LINE13
 713:platform/HAL/inc/stm32g4xx_ll_system.h ****   *         @arg @ref LL_SYSCFG_EXTI_LINE14
 714:platform/HAL/inc/stm32g4xx_ll_system.h ****   *         @arg @ref LL_SYSCFG_EXTI_LINE15
 715:platform/HAL/inc/stm32g4xx_ll_system.h ****   * @retval None
 716:platform/HAL/inc/stm32g4xx_ll_system.h ****   */
 717:platform/HAL/inc/stm32g4xx_ll_system.h **** __STATIC_INLINE void LL_SYSCFG_SetEXTISource(uint32_t Port, uint32_t Line)
 718:platform/HAL/inc/stm32g4xx_ll_system.h **** {
 719:platform/HAL/inc/stm32g4xx_ll_system.h ****   MODIFY_REG(SYSCFG->EXTICR[Line & 0x3U], (Line >> 16U), Port << (POSITION_VAL((Line >> 16U)) & 0x1
 720:platform/HAL/inc/stm32g4xx_ll_system.h **** }
 721:platform/HAL/inc/stm32g4xx_ll_system.h **** 
 722:platform/HAL/inc/stm32g4xx_ll_system.h **** /**
 723:platform/HAL/inc/stm32g4xx_ll_system.h ****   * @brief  Get the configured defined for specific EXTI Line
 724:platform/HAL/inc/stm32g4xx_ll_system.h ****   * @rmtoll SYSCFG_EXTICR1 EXTIx         LL_SYSCFG_GetEXTISource\n
 725:platform/HAL/inc/stm32g4xx_ll_system.h ****   *         SYSCFG_EXTICR2 EXTIx         LL_SYSCFG_GetEXTISource\n
 726:platform/HAL/inc/stm32g4xx_ll_system.h ****   *         SYSCFG_EXTICR3 EXTIx         LL_SYSCFG_GetEXTISource\n
 727:platform/HAL/inc/stm32g4xx_ll_system.h ****   *         SYSCFG_EXTICR4 EXTIx         LL_SYSCFG_GetEXTISource
 728:platform/HAL/inc/stm32g4xx_ll_system.h ****   * @param  Line This parameter can be one of the following values:
 729:platform/HAL/inc/stm32g4xx_ll_system.h ****   *         @arg @ref LL_SYSCFG_EXTI_LINE0
 730:platform/HAL/inc/stm32g4xx_ll_system.h ****   *         @arg @ref LL_SYSCFG_EXTI_LINE1
 731:platform/HAL/inc/stm32g4xx_ll_system.h ****   *         @arg @ref LL_SYSCFG_EXTI_LINE2
 732:platform/HAL/inc/stm32g4xx_ll_system.h ****   *         @arg @ref LL_SYSCFG_EXTI_LINE3
 733:platform/HAL/inc/stm32g4xx_ll_system.h ****   *         @arg @ref LL_SYSCFG_EXTI_LINE4
 734:platform/HAL/inc/stm32g4xx_ll_system.h ****   *         @arg @ref LL_SYSCFG_EXTI_LINE5
 735:platform/HAL/inc/stm32g4xx_ll_system.h ****   *         @arg @ref LL_SYSCFG_EXTI_LINE6
 736:platform/HAL/inc/stm32g4xx_ll_system.h ****   *         @arg @ref LL_SYSCFG_EXTI_LINE7
 737:platform/HAL/inc/stm32g4xx_ll_system.h ****   *         @arg @ref LL_SYSCFG_EXTI_LINE8
 738:platform/HAL/inc/stm32g4xx_ll_system.h ****   *         @arg @ref LL_SYSCFG_EXTI_LINE9
 739:platform/HAL/inc/stm32g4xx_ll_system.h ****   *         @arg @ref LL_SYSCFG_EXTI_LINE10
 740:platform/HAL/inc/stm32g4xx_ll_system.h ****   *         @arg @ref LL_SYSCFG_EXTI_LINE11
 741:platform/HAL/inc/stm32g4xx_ll_system.h ****   *         @arg @ref LL_SYSCFG_EXTI_LINE12
 742:platform/HAL/inc/stm32g4xx_ll_system.h ****   *         @arg @ref LL_SYSCFG_EXTI_LINE13
 743:platform/HAL/inc/stm32g4xx_ll_system.h ****   *         @arg @ref LL_SYSCFG_EXTI_LINE14
 744:platform/HAL/inc/stm32g4xx_ll_system.h ****   *         @arg @ref LL_SYSCFG_EXTI_LINE15
 745:platform/HAL/inc/stm32g4xx_ll_system.h ****   * @retval Returned value can be one of the following values:
 746:platform/HAL/inc/stm32g4xx_ll_system.h ****   *         @arg @ref LL_SYSCFG_EXTI_PORTA
 747:platform/HAL/inc/stm32g4xx_ll_system.h ****   *         @arg @ref LL_SYSCFG_EXTI_PORTB
 748:platform/HAL/inc/stm32g4xx_ll_system.h ****   *         @arg @ref LL_SYSCFG_EXTI_PORTC
 749:platform/HAL/inc/stm32g4xx_ll_system.h ****   *         @arg @ref LL_SYSCFG_EXTI_PORTD
 750:platform/HAL/inc/stm32g4xx_ll_system.h ****   *         @arg @ref LL_SYSCFG_EXTI_PORTE
 751:platform/HAL/inc/stm32g4xx_ll_system.h ****   *         @arg @ref LL_SYSCFG_EXTI_PORTF
ARM GAS  /tmp/ccY3Jimf.s 			page 80


 752:platform/HAL/inc/stm32g4xx_ll_system.h ****   *         @arg @ref LL_SYSCFG_EXTI_PORTG
 753:platform/HAL/inc/stm32g4xx_ll_system.h ****   *
 754:platform/HAL/inc/stm32g4xx_ll_system.h ****   *         (*) value not defined in all devices
 755:platform/HAL/inc/stm32g4xx_ll_system.h ****   */
 756:platform/HAL/inc/stm32g4xx_ll_system.h **** __STATIC_INLINE uint32_t LL_SYSCFG_GetEXTISource(uint32_t Line)
 757:platform/HAL/inc/stm32g4xx_ll_system.h **** {
 758:platform/HAL/inc/stm32g4xx_ll_system.h ****   return (uint32_t)(READ_BIT(SYSCFG->EXTICR[Line & 0x3U], (Line >> 16U)) >> (POSITION_VAL(Line >> 1
 759:platform/HAL/inc/stm32g4xx_ll_system.h **** }
 760:platform/HAL/inc/stm32g4xx_ll_system.h **** 
 761:platform/HAL/inc/stm32g4xx_ll_system.h **** /**
 762:platform/HAL/inc/stm32g4xx_ll_system.h ****   * @brief  Enable CCMSRAM Erase (starts a hardware CCMSRAM erase operation. This bit is
 763:platform/HAL/inc/stm32g4xx_ll_system.h ****   * automatically cleared at the end of the CCMSRAM erase operation.)
 764:platform/HAL/inc/stm32g4xx_ll_system.h ****   * @note This bit is write-protected: setting this bit is possible only after the
 765:platform/HAL/inc/stm32g4xx_ll_system.h ****   *       correct key sequence is written in the SYSCFG_SKR register as described in
 766:platform/HAL/inc/stm32g4xx_ll_system.h ****   *       the Reference Manual.
 767:platform/HAL/inc/stm32g4xx_ll_system.h ****   * @rmtoll SYSCFG_SCSR  CCMER       LL_SYSCFG_EnableCCMSRAMErase
 768:platform/HAL/inc/stm32g4xx_ll_system.h ****   * @retval None
 769:platform/HAL/inc/stm32g4xx_ll_system.h ****   */
 770:platform/HAL/inc/stm32g4xx_ll_system.h **** __STATIC_INLINE void LL_SYSCFG_EnableCCMSRAMErase(void)
 771:platform/HAL/inc/stm32g4xx_ll_system.h **** {
 772:platform/HAL/inc/stm32g4xx_ll_system.h ****   /* Starts a hardware CCMSRAM erase operation*/
 773:platform/HAL/inc/stm32g4xx_ll_system.h ****   SET_BIT(SYSCFG->SCSR, SYSCFG_SCSR_CCMER);
 774:platform/HAL/inc/stm32g4xx_ll_system.h **** }
 775:platform/HAL/inc/stm32g4xx_ll_system.h **** 
 776:platform/HAL/inc/stm32g4xx_ll_system.h **** /**
 777:platform/HAL/inc/stm32g4xx_ll_system.h ****   * @brief  Check if CCMSRAM erase operation is on going
 778:platform/HAL/inc/stm32g4xx_ll_system.h ****   * @rmtoll SYSCFG_SCSR  CCMBSY      LL_SYSCFG_IsCCMSRAMEraseOngoing
 779:platform/HAL/inc/stm32g4xx_ll_system.h ****   * @retval State of bit (1 or 0).
 780:platform/HAL/inc/stm32g4xx_ll_system.h ****   */
 781:platform/HAL/inc/stm32g4xx_ll_system.h **** __STATIC_INLINE uint32_t LL_SYSCFG_IsCCMSRAMEraseOngoing(void)
 782:platform/HAL/inc/stm32g4xx_ll_system.h **** {
 783:platform/HAL/inc/stm32g4xx_ll_system.h ****   return ((READ_BIT(SYSCFG->SCSR, SYSCFG_SCSR_CCMBSY) == (SYSCFG_SCSR_CCMBSY)) ? 1UL : 0UL);
 784:platform/HAL/inc/stm32g4xx_ll_system.h **** }
 785:platform/HAL/inc/stm32g4xx_ll_system.h **** 
 786:platform/HAL/inc/stm32g4xx_ll_system.h **** /**
 787:platform/HAL/inc/stm32g4xx_ll_system.h ****   * @brief  Set connections to TIM1/8/15/16/17 Break inputs
 788:platform/HAL/inc/stm32g4xx_ll_system.h ****   * @rmtoll SYSCFG_CFGR2 CLL           LL_SYSCFG_SetTIMBreakInputs\n
 789:platform/HAL/inc/stm32g4xx_ll_system.h ****   *         SYSCFG_CFGR2 SPL           LL_SYSCFG_SetTIMBreakInputs\n
 790:platform/HAL/inc/stm32g4xx_ll_system.h ****   *         SYSCFG_CFGR2 PVDL          LL_SYSCFG_SetTIMBreakInputs\n
 791:platform/HAL/inc/stm32g4xx_ll_system.h ****   *         SYSCFG_CFGR2 ECCL          LL_SYSCFG_SetTIMBreakInputs
 792:platform/HAL/inc/stm32g4xx_ll_system.h ****   * @param  Break This parameter can be a combination of the following values:
 793:platform/HAL/inc/stm32g4xx_ll_system.h ****   *         @arg @ref LL_SYSCFG_TIMBREAK_ECC
 794:platform/HAL/inc/stm32g4xx_ll_system.h ****   *         @arg @ref LL_SYSCFG_TIMBREAK_PVD
 795:platform/HAL/inc/stm32g4xx_ll_system.h ****   *         @arg @ref LL_SYSCFG_TIMBREAK_SRAM_PARITY
 796:platform/HAL/inc/stm32g4xx_ll_system.h ****   *         @arg @ref LL_SYSCFG_TIMBREAK_LOCKUP
 797:platform/HAL/inc/stm32g4xx_ll_system.h ****   * @retval None
 798:platform/HAL/inc/stm32g4xx_ll_system.h ****   */
 799:platform/HAL/inc/stm32g4xx_ll_system.h **** __STATIC_INLINE void LL_SYSCFG_SetTIMBreakInputs(uint32_t Break)
 800:platform/HAL/inc/stm32g4xx_ll_system.h **** {
 801:platform/HAL/inc/stm32g4xx_ll_system.h ****   MODIFY_REG(SYSCFG->CFGR2, SYSCFG_CFGR2_CLL | SYSCFG_CFGR2_SPL | SYSCFG_CFGR2_PVDL | SYSCFG_CFGR2_
 802:platform/HAL/inc/stm32g4xx_ll_system.h **** }
 803:platform/HAL/inc/stm32g4xx_ll_system.h **** 
 804:platform/HAL/inc/stm32g4xx_ll_system.h **** /**
 805:platform/HAL/inc/stm32g4xx_ll_system.h ****   * @brief  Get connections to TIM1/8/15/16/17 Break inputs
 806:platform/HAL/inc/stm32g4xx_ll_system.h ****   * @rmtoll SYSCFG_CFGR2 CLL           LL_SYSCFG_GetTIMBreakInputs\n
 807:platform/HAL/inc/stm32g4xx_ll_system.h ****   *         SYSCFG_CFGR2 SPL           LL_SYSCFG_GetTIMBreakInputs\n
 808:platform/HAL/inc/stm32g4xx_ll_system.h ****   *         SYSCFG_CFGR2 PVDL          LL_SYSCFG_GetTIMBreakInputs\n
ARM GAS  /tmp/ccY3Jimf.s 			page 81


 809:platform/HAL/inc/stm32g4xx_ll_system.h ****   *         SYSCFG_CFGR2 ECCL          LL_SYSCFG_GetTIMBreakInputs
 810:platform/HAL/inc/stm32g4xx_ll_system.h ****   * @retval Returned value can be can be a combination of the following values:
 811:platform/HAL/inc/stm32g4xx_ll_system.h ****   *         @arg @ref LL_SYSCFG_TIMBREAK_ECC
 812:platform/HAL/inc/stm32g4xx_ll_system.h ****   *         @arg @ref LL_SYSCFG_TIMBREAK_PVD
 813:platform/HAL/inc/stm32g4xx_ll_system.h ****   *         @arg @ref LL_SYSCFG_TIMBREAK_SRAM_PARITY
 814:platform/HAL/inc/stm32g4xx_ll_system.h ****   *         @arg @ref LL_SYSCFG_TIMBREAK_LOCKUP
 815:platform/HAL/inc/stm32g4xx_ll_system.h ****   */
 816:platform/HAL/inc/stm32g4xx_ll_system.h **** __STATIC_INLINE uint32_t LL_SYSCFG_GetTIMBreakInputs(void)
 817:platform/HAL/inc/stm32g4xx_ll_system.h **** {
 818:platform/HAL/inc/stm32g4xx_ll_system.h ****   return (uint32_t)(READ_BIT(SYSCFG->CFGR2, SYSCFG_CFGR2_CLL | SYSCFG_CFGR2_SPL | SYSCFG_CFGR2_PVDL
 819:platform/HAL/inc/stm32g4xx_ll_system.h **** }
 820:platform/HAL/inc/stm32g4xx_ll_system.h **** 
 821:platform/HAL/inc/stm32g4xx_ll_system.h **** /**
 822:platform/HAL/inc/stm32g4xx_ll_system.h ****   * @brief  Check if SRAM parity error detected
 823:platform/HAL/inc/stm32g4xx_ll_system.h ****   * @rmtoll SYSCFG_CFGR2 SPF           LL_SYSCFG_IsActiveFlag_SP
 824:platform/HAL/inc/stm32g4xx_ll_system.h ****   * @retval State of bit (1 or 0).
 825:platform/HAL/inc/stm32g4xx_ll_system.h ****   */
 826:platform/HAL/inc/stm32g4xx_ll_system.h **** __STATIC_INLINE uint32_t LL_SYSCFG_IsActiveFlag_SP(void)
 827:platform/HAL/inc/stm32g4xx_ll_system.h **** {
 828:platform/HAL/inc/stm32g4xx_ll_system.h ****   return ((READ_BIT(SYSCFG->CFGR2, SYSCFG_CFGR2_SPF) == (SYSCFG_CFGR2_SPF)) ? 1UL : 0UL);
 829:platform/HAL/inc/stm32g4xx_ll_system.h **** }
 830:platform/HAL/inc/stm32g4xx_ll_system.h **** 
 831:platform/HAL/inc/stm32g4xx_ll_system.h **** /**
 832:platform/HAL/inc/stm32g4xx_ll_system.h ****   * @brief  Clear SRAM parity error flag
 833:platform/HAL/inc/stm32g4xx_ll_system.h ****   * @rmtoll SYSCFG_CFGR2 SPF           LL_SYSCFG_ClearFlag_SP
 834:platform/HAL/inc/stm32g4xx_ll_system.h ****   * @retval None
 835:platform/HAL/inc/stm32g4xx_ll_system.h ****   */
 836:platform/HAL/inc/stm32g4xx_ll_system.h **** __STATIC_INLINE void LL_SYSCFG_ClearFlag_SP(void)
 837:platform/HAL/inc/stm32g4xx_ll_system.h **** {
 838:platform/HAL/inc/stm32g4xx_ll_system.h ****   SET_BIT(SYSCFG->CFGR2, SYSCFG_CFGR2_SPF);
 839:platform/HAL/inc/stm32g4xx_ll_system.h **** }
 840:platform/HAL/inc/stm32g4xx_ll_system.h **** 
 841:platform/HAL/inc/stm32g4xx_ll_system.h **** /**
 842:platform/HAL/inc/stm32g4xx_ll_system.h ****   * @brief  Enable CCMSRAM page write protection
 843:platform/HAL/inc/stm32g4xx_ll_system.h ****   * @note Write protection is cleared only by a system reset
 844:platform/HAL/inc/stm32g4xx_ll_system.h ****   * @rmtoll SYSCFG_SWPR  PAGEx         LL_SYSCFG_EnableCCMSRAMPageWRP
 845:platform/HAL/inc/stm32g4xx_ll_system.h ****   * @param  CCMSRAMWRP This parameter can be a combination of the following values:
 846:platform/HAL/inc/stm32g4xx_ll_system.h ****   *         @arg @ref LL_SYSCFG_CCMSRAMWRP_PAGE0
 847:platform/HAL/inc/stm32g4xx_ll_system.h ****   *         @arg @ref LL_SYSCFG_CCMSRAMWRP_PAGE1
 848:platform/HAL/inc/stm32g4xx_ll_system.h ****   *         @arg @ref LL_SYSCFG_CCMSRAMWRP_PAGE2
 849:platform/HAL/inc/stm32g4xx_ll_system.h ****   *         @arg @ref LL_SYSCFG_CCMSRAMWRP_PAGE3
 850:platform/HAL/inc/stm32g4xx_ll_system.h ****   *         @arg @ref LL_SYSCFG_CCMSRAMWRP_PAGE4
 851:platform/HAL/inc/stm32g4xx_ll_system.h ****   *         @arg @ref LL_SYSCFG_CCMSRAMWRP_PAGE5
 852:platform/HAL/inc/stm32g4xx_ll_system.h ****   *         @arg @ref LL_SYSCFG_CCMSRAMWRP_PAGE6
 853:platform/HAL/inc/stm32g4xx_ll_system.h ****   *         @arg @ref LL_SYSCFG_CCMSRAMWRP_PAGE7
 854:platform/HAL/inc/stm32g4xx_ll_system.h ****   *         @arg @ref LL_SYSCFG_CCMSRAMWRP_PAGE8
 855:platform/HAL/inc/stm32g4xx_ll_system.h ****   *         @arg @ref LL_SYSCFG_CCMSRAMWRP_PAGE9
 856:platform/HAL/inc/stm32g4xx_ll_system.h ****   *         @arg @ref LL_SYSCFG_CCMSRAMWRP_PAGE10 (*)
 857:platform/HAL/inc/stm32g4xx_ll_system.h ****   *         @arg @ref LL_SYSCFG_CCMSRAMWRP_PAGE11 (*)
 858:platform/HAL/inc/stm32g4xx_ll_system.h ****   *         @arg @ref LL_SYSCFG_CCMSRAMWRP_PAGE12 (*)
 859:platform/HAL/inc/stm32g4xx_ll_system.h ****   *         @arg @ref LL_SYSCFG_CCMSRAMWRP_PAGE13 (*)
 860:platform/HAL/inc/stm32g4xx_ll_system.h ****   *         @arg @ref LL_SYSCFG_CCMSRAMWRP_PAGE14 (*)
 861:platform/HAL/inc/stm32g4xx_ll_system.h ****   *         @arg @ref LL_SYSCFG_CCMSRAMWRP_PAGE15 (*)
 862:platform/HAL/inc/stm32g4xx_ll_system.h ****   *         @arg @ref LL_SYSCFG_CCMSRAMWRP_PAGE16 (*)
 863:platform/HAL/inc/stm32g4xx_ll_system.h ****   *         @arg @ref LL_SYSCFG_CCMSRAMWRP_PAGE17 (*)
 864:platform/HAL/inc/stm32g4xx_ll_system.h ****   *         @arg @ref LL_SYSCFG_CCMSRAMWRP_PAGE18 (*)
 865:platform/HAL/inc/stm32g4xx_ll_system.h ****   *         @arg @ref LL_SYSCFG_CCMSRAMWRP_PAGE19 (*)
ARM GAS  /tmp/ccY3Jimf.s 			page 82


 866:platform/HAL/inc/stm32g4xx_ll_system.h ****   *         @arg @ref LL_SYSCFG_CCMSRAMWRP_PAGE20 (*)
 867:platform/HAL/inc/stm32g4xx_ll_system.h ****   *         @arg @ref LL_SYSCFG_CCMSRAMWRP_PAGE21 (*)
 868:platform/HAL/inc/stm32g4xx_ll_system.h ****   *         @arg @ref LL_SYSCFG_CCMSRAMWRP_PAGE22 (*)
 869:platform/HAL/inc/stm32g4xx_ll_system.h ****   *         @arg @ref LL_SYSCFG_CCMSRAMWRP_PAGE23 (*)
 870:platform/HAL/inc/stm32g4xx_ll_system.h ****   *         @arg @ref LL_SYSCFG_CCMSRAMWRP_PAGE24 (*)
 871:platform/HAL/inc/stm32g4xx_ll_system.h ****   *         @arg @ref LL_SYSCFG_CCMSRAMWRP_PAGE25 (*)
 872:platform/HAL/inc/stm32g4xx_ll_system.h ****   *         @arg @ref LL_SYSCFG_CCMSRAMWRP_PAGE26 (*)
 873:platform/HAL/inc/stm32g4xx_ll_system.h ****   *         @arg @ref LL_SYSCFG_CCMSRAMWRP_PAGE27 (*)
 874:platform/HAL/inc/stm32g4xx_ll_system.h ****   *         @arg @ref LL_SYSCFG_CCMSRAMWRP_PAGE28 (*)
 875:platform/HAL/inc/stm32g4xx_ll_system.h ****   *         @arg @ref LL_SYSCFG_CCMSRAMWRP_PAGE29 (*)
 876:platform/HAL/inc/stm32g4xx_ll_system.h ****   *         @arg @ref LL_SYSCFG_CCMSRAMWRP_PAGE30 (*)
 877:platform/HAL/inc/stm32g4xx_ll_system.h ****   *         @arg @ref LL_SYSCFG_CCMSRAMWRP_PAGE31 (*)
 878:platform/HAL/inc/stm32g4xx_ll_system.h ****   *
 879:platform/HAL/inc/stm32g4xx_ll_system.h ****   *         (*) value not defined in all devices
 880:platform/HAL/inc/stm32g4xx_ll_system.h ****   * @retval None
 881:platform/HAL/inc/stm32g4xx_ll_system.h ****   */
 882:platform/HAL/inc/stm32g4xx_ll_system.h **** __STATIC_INLINE void LL_SYSCFG_EnableCCMSRAMPageWRP(uint32_t CCMSRAMWRP)
 883:platform/HAL/inc/stm32g4xx_ll_system.h **** {
 884:platform/HAL/inc/stm32g4xx_ll_system.h ****   SET_BIT(SYSCFG->SWPR, CCMSRAMWRP);
 885:platform/HAL/inc/stm32g4xx_ll_system.h **** }
 886:platform/HAL/inc/stm32g4xx_ll_system.h **** 
 887:platform/HAL/inc/stm32g4xx_ll_system.h **** /**
 888:platform/HAL/inc/stm32g4xx_ll_system.h ****   * @brief  CCMSRAM page write protection lock prior to erase
 889:platform/HAL/inc/stm32g4xx_ll_system.h ****   * @rmtoll SYSCFG_SKR   KEY           LL_SYSCFG_LockCCMSRAMWRP
 890:platform/HAL/inc/stm32g4xx_ll_system.h ****   * @retval None
 891:platform/HAL/inc/stm32g4xx_ll_system.h ****   */
 892:platform/HAL/inc/stm32g4xx_ll_system.h **** __STATIC_INLINE void LL_SYSCFG_LockCCMSRAMWRP(void)
 893:platform/HAL/inc/stm32g4xx_ll_system.h **** {
 894:platform/HAL/inc/stm32g4xx_ll_system.h ****   /* Writing a wrong key reactivates the write protection */
 895:platform/HAL/inc/stm32g4xx_ll_system.h ****   WRITE_REG(SYSCFG->SKR, 0x00);
 896:platform/HAL/inc/stm32g4xx_ll_system.h **** }
 897:platform/HAL/inc/stm32g4xx_ll_system.h **** 
 898:platform/HAL/inc/stm32g4xx_ll_system.h **** /**
 899:platform/HAL/inc/stm32g4xx_ll_system.h ****   * @brief  CCMSRAM page write protection unlock prior to erase
 900:platform/HAL/inc/stm32g4xx_ll_system.h ****   * @rmtoll SYSCFG_SKR   KEY           LL_SYSCFG_UnlockCCMSRAMWRP
 901:platform/HAL/inc/stm32g4xx_ll_system.h ****   * @retval None
 902:platform/HAL/inc/stm32g4xx_ll_system.h ****   */
 903:platform/HAL/inc/stm32g4xx_ll_system.h **** __STATIC_INLINE void LL_SYSCFG_UnlockCCMSRAMWRP(void)
 904:platform/HAL/inc/stm32g4xx_ll_system.h **** {
 905:platform/HAL/inc/stm32g4xx_ll_system.h ****   /* unlock the write protection of the CCMER bit */
 906:platform/HAL/inc/stm32g4xx_ll_system.h ****   WRITE_REG(SYSCFG->SKR, 0xCA);
 907:platform/HAL/inc/stm32g4xx_ll_system.h ****   WRITE_REG(SYSCFG->SKR, 0x53);
 908:platform/HAL/inc/stm32g4xx_ll_system.h **** }
 909:platform/HAL/inc/stm32g4xx_ll_system.h **** /**
 910:platform/HAL/inc/stm32g4xx_ll_system.h ****   * @}
 911:platform/HAL/inc/stm32g4xx_ll_system.h ****   */
 912:platform/HAL/inc/stm32g4xx_ll_system.h **** 
 913:platform/HAL/inc/stm32g4xx_ll_system.h **** 
 914:platform/HAL/inc/stm32g4xx_ll_system.h **** /** @defgroup SYSTEM_LL_EF_DBGMCU DBGMCU
 915:platform/HAL/inc/stm32g4xx_ll_system.h ****   * @{
 916:platform/HAL/inc/stm32g4xx_ll_system.h ****   */
 917:platform/HAL/inc/stm32g4xx_ll_system.h **** 
 918:platform/HAL/inc/stm32g4xx_ll_system.h **** /**
 919:platform/HAL/inc/stm32g4xx_ll_system.h ****   * @brief  Return the device identifier
 920:platform/HAL/inc/stm32g4xx_ll_system.h ****   * @rmtoll DBGMCU_IDCODE DEV_ID        LL_DBGMCU_GetDeviceID
 921:platform/HAL/inc/stm32g4xx_ll_system.h ****   * @retval Values between Min_Data=0x00 and Max_Data=0x0FFF (ex: device ID is 0x6415)
 922:platform/HAL/inc/stm32g4xx_ll_system.h ****   */
ARM GAS  /tmp/ccY3Jimf.s 			page 83


 923:platform/HAL/inc/stm32g4xx_ll_system.h **** __STATIC_INLINE uint32_t LL_DBGMCU_GetDeviceID(void)
 924:platform/HAL/inc/stm32g4xx_ll_system.h **** {
 925:platform/HAL/inc/stm32g4xx_ll_system.h ****   return (uint32_t)(READ_BIT(DBGMCU->IDCODE, DBGMCU_IDCODE_DEV_ID));
 926:platform/HAL/inc/stm32g4xx_ll_system.h **** }
 927:platform/HAL/inc/stm32g4xx_ll_system.h **** 
 928:platform/HAL/inc/stm32g4xx_ll_system.h **** /**
 929:platform/HAL/inc/stm32g4xx_ll_system.h ****   * @brief  Return the device revision identifier
 930:platform/HAL/inc/stm32g4xx_ll_system.h ****   * @note This field indicates the revision of the device.
 931:platform/HAL/inc/stm32g4xx_ll_system.h ****   * @rmtoll DBGMCU_IDCODE REV_ID        LL_DBGMCU_GetRevisionID
 932:platform/HAL/inc/stm32g4xx_ll_system.h ****   * @retval Values between Min_Data=0x00 and Max_Data=0xFFFF
 933:platform/HAL/inc/stm32g4xx_ll_system.h ****   */
 934:platform/HAL/inc/stm32g4xx_ll_system.h **** __STATIC_INLINE uint32_t LL_DBGMCU_GetRevisionID(void)
 935:platform/HAL/inc/stm32g4xx_ll_system.h **** {
 936:platform/HAL/inc/stm32g4xx_ll_system.h ****   return (uint32_t)(READ_BIT(DBGMCU->IDCODE, DBGMCU_IDCODE_REV_ID) >> (DBGMCU_REVID_POSITION & 0x1F
 937:platform/HAL/inc/stm32g4xx_ll_system.h **** }
 938:platform/HAL/inc/stm32g4xx_ll_system.h **** 
 939:platform/HAL/inc/stm32g4xx_ll_system.h **** /**
 940:platform/HAL/inc/stm32g4xx_ll_system.h ****   * @brief  Enable the Debug Module during SLEEP mode
 941:platform/HAL/inc/stm32g4xx_ll_system.h ****   * @rmtoll DBGMCU_CR    DBG_SLEEP     LL_DBGMCU_EnableDBGSleepMode
 942:platform/HAL/inc/stm32g4xx_ll_system.h ****   * @retval None
 943:platform/HAL/inc/stm32g4xx_ll_system.h ****   */
 944:platform/HAL/inc/stm32g4xx_ll_system.h **** __STATIC_INLINE void LL_DBGMCU_EnableDBGSleepMode(void)
 945:platform/HAL/inc/stm32g4xx_ll_system.h **** {
 946:platform/HAL/inc/stm32g4xx_ll_system.h ****   SET_BIT(DBGMCU->CR, DBGMCU_CR_DBG_SLEEP);
 947:platform/HAL/inc/stm32g4xx_ll_system.h **** }
 948:platform/HAL/inc/stm32g4xx_ll_system.h **** 
 949:platform/HAL/inc/stm32g4xx_ll_system.h **** /**
 950:platform/HAL/inc/stm32g4xx_ll_system.h ****   * @brief  Disable the Debug Module during SLEEP mode
 951:platform/HAL/inc/stm32g4xx_ll_system.h ****   * @rmtoll DBGMCU_CR    DBG_SLEEP     LL_DBGMCU_DisableDBGSleepMode
 952:platform/HAL/inc/stm32g4xx_ll_system.h ****   * @retval None
 953:platform/HAL/inc/stm32g4xx_ll_system.h ****   */
 954:platform/HAL/inc/stm32g4xx_ll_system.h **** __STATIC_INLINE void LL_DBGMCU_DisableDBGSleepMode(void)
 955:platform/HAL/inc/stm32g4xx_ll_system.h **** {
 956:platform/HAL/inc/stm32g4xx_ll_system.h ****   CLEAR_BIT(DBGMCU->CR, DBGMCU_CR_DBG_SLEEP);
 957:platform/HAL/inc/stm32g4xx_ll_system.h **** }
 958:platform/HAL/inc/stm32g4xx_ll_system.h **** 
 959:platform/HAL/inc/stm32g4xx_ll_system.h **** /**
 960:platform/HAL/inc/stm32g4xx_ll_system.h ****   * @brief  Enable the Debug Module during STOP mode
 961:platform/HAL/inc/stm32g4xx_ll_system.h ****   * @rmtoll DBGMCU_CR    DBG_STOP      LL_DBGMCU_EnableDBGStopMode
 962:platform/HAL/inc/stm32g4xx_ll_system.h ****   * @retval None
 963:platform/HAL/inc/stm32g4xx_ll_system.h ****   */
 964:platform/HAL/inc/stm32g4xx_ll_system.h **** __STATIC_INLINE void LL_DBGMCU_EnableDBGStopMode(void)
 965:platform/HAL/inc/stm32g4xx_ll_system.h **** {
 966:platform/HAL/inc/stm32g4xx_ll_system.h ****   SET_BIT(DBGMCU->CR, DBGMCU_CR_DBG_STOP);
 967:platform/HAL/inc/stm32g4xx_ll_system.h **** }
 968:platform/HAL/inc/stm32g4xx_ll_system.h **** 
 969:platform/HAL/inc/stm32g4xx_ll_system.h **** /**
 970:platform/HAL/inc/stm32g4xx_ll_system.h ****   * @brief  Disable the Debug Module during STOP mode
 971:platform/HAL/inc/stm32g4xx_ll_system.h ****   * @rmtoll DBGMCU_CR    DBG_STOP      LL_DBGMCU_DisableDBGStopMode
 972:platform/HAL/inc/stm32g4xx_ll_system.h ****   * @retval None
 973:platform/HAL/inc/stm32g4xx_ll_system.h ****   */
 974:platform/HAL/inc/stm32g4xx_ll_system.h **** __STATIC_INLINE void LL_DBGMCU_DisableDBGStopMode(void)
 975:platform/HAL/inc/stm32g4xx_ll_system.h **** {
 976:platform/HAL/inc/stm32g4xx_ll_system.h ****   CLEAR_BIT(DBGMCU->CR, DBGMCU_CR_DBG_STOP);
 977:platform/HAL/inc/stm32g4xx_ll_system.h **** }
 978:platform/HAL/inc/stm32g4xx_ll_system.h **** 
 979:platform/HAL/inc/stm32g4xx_ll_system.h **** /**
ARM GAS  /tmp/ccY3Jimf.s 			page 84


 980:platform/HAL/inc/stm32g4xx_ll_system.h ****   * @brief  Enable the Debug Module during STANDBY mode
 981:platform/HAL/inc/stm32g4xx_ll_system.h ****   * @rmtoll DBGMCU_CR    DBG_STANDBY   LL_DBGMCU_EnableDBGStandbyMode
 982:platform/HAL/inc/stm32g4xx_ll_system.h ****   * @retval None
 983:platform/HAL/inc/stm32g4xx_ll_system.h ****   */
 984:platform/HAL/inc/stm32g4xx_ll_system.h **** __STATIC_INLINE void LL_DBGMCU_EnableDBGStandbyMode(void)
 985:platform/HAL/inc/stm32g4xx_ll_system.h **** {
 986:platform/HAL/inc/stm32g4xx_ll_system.h ****   SET_BIT(DBGMCU->CR, DBGMCU_CR_DBG_STANDBY);
 987:platform/HAL/inc/stm32g4xx_ll_system.h **** }
 988:platform/HAL/inc/stm32g4xx_ll_system.h **** 
 989:platform/HAL/inc/stm32g4xx_ll_system.h **** /**
 990:platform/HAL/inc/stm32g4xx_ll_system.h ****   * @brief  Disable the Debug Module during STANDBY mode
 991:platform/HAL/inc/stm32g4xx_ll_system.h ****   * @rmtoll DBGMCU_CR    DBG_STANDBY   LL_DBGMCU_DisableDBGStandbyMode
 992:platform/HAL/inc/stm32g4xx_ll_system.h ****   * @retval None
 993:platform/HAL/inc/stm32g4xx_ll_system.h ****   */
 994:platform/HAL/inc/stm32g4xx_ll_system.h **** __STATIC_INLINE void LL_DBGMCU_DisableDBGStandbyMode(void)
 995:platform/HAL/inc/stm32g4xx_ll_system.h **** {
 996:platform/HAL/inc/stm32g4xx_ll_system.h ****   CLEAR_BIT(DBGMCU->CR, DBGMCU_CR_DBG_STANDBY);
 997:platform/HAL/inc/stm32g4xx_ll_system.h **** }
 998:platform/HAL/inc/stm32g4xx_ll_system.h **** 
 999:platform/HAL/inc/stm32g4xx_ll_system.h **** /**
1000:platform/HAL/inc/stm32g4xx_ll_system.h ****   * @brief  Set Trace pin assignment control
1001:platform/HAL/inc/stm32g4xx_ll_system.h ****   * @rmtoll DBGMCU_CR    TRACE_IOEN    LL_DBGMCU_SetTracePinAssignment\n
1002:platform/HAL/inc/stm32g4xx_ll_system.h ****   *         DBGMCU_CR    TRACE_MODE    LL_DBGMCU_SetTracePinAssignment
1003:platform/HAL/inc/stm32g4xx_ll_system.h ****   * @param  PinAssignment This parameter can be one of the following values:
1004:platform/HAL/inc/stm32g4xx_ll_system.h ****   *         @arg @ref LL_DBGMCU_TRACE_NONE
1005:platform/HAL/inc/stm32g4xx_ll_system.h ****   *         @arg @ref LL_DBGMCU_TRACE_ASYNCH
1006:platform/HAL/inc/stm32g4xx_ll_system.h ****   *         @arg @ref LL_DBGMCU_TRACE_SYNCH_SIZE1
1007:platform/HAL/inc/stm32g4xx_ll_system.h ****   *         @arg @ref LL_DBGMCU_TRACE_SYNCH_SIZE2
1008:platform/HAL/inc/stm32g4xx_ll_system.h ****   *         @arg @ref LL_DBGMCU_TRACE_SYNCH_SIZE4
1009:platform/HAL/inc/stm32g4xx_ll_system.h ****   * @retval None
1010:platform/HAL/inc/stm32g4xx_ll_system.h ****   */
1011:platform/HAL/inc/stm32g4xx_ll_system.h **** __STATIC_INLINE void LL_DBGMCU_SetTracePinAssignment(uint32_t PinAssignment)
1012:platform/HAL/inc/stm32g4xx_ll_system.h **** {
1013:platform/HAL/inc/stm32g4xx_ll_system.h ****   MODIFY_REG(DBGMCU->CR, DBGMCU_CR_TRACE_IOEN | DBGMCU_CR_TRACE_MODE, PinAssignment);
1014:platform/HAL/inc/stm32g4xx_ll_system.h **** }
1015:platform/HAL/inc/stm32g4xx_ll_system.h **** 
1016:platform/HAL/inc/stm32g4xx_ll_system.h **** /**
1017:platform/HAL/inc/stm32g4xx_ll_system.h ****   * @brief  Get Trace pin assignment control
1018:platform/HAL/inc/stm32g4xx_ll_system.h ****   * @rmtoll DBGMCU_CR    TRACE_IOEN    LL_DBGMCU_GetTracePinAssignment\n
1019:platform/HAL/inc/stm32g4xx_ll_system.h ****   *         DBGMCU_CR    TRACE_MODE    LL_DBGMCU_GetTracePinAssignment
1020:platform/HAL/inc/stm32g4xx_ll_system.h ****   * @retval Returned value can be one of the following values:
1021:platform/HAL/inc/stm32g4xx_ll_system.h ****   *         @arg @ref LL_DBGMCU_TRACE_NONE
1022:platform/HAL/inc/stm32g4xx_ll_system.h ****   *         @arg @ref LL_DBGMCU_TRACE_ASYNCH
1023:platform/HAL/inc/stm32g4xx_ll_system.h ****   *         @arg @ref LL_DBGMCU_TRACE_SYNCH_SIZE1
1024:platform/HAL/inc/stm32g4xx_ll_system.h ****   *         @arg @ref LL_DBGMCU_TRACE_SYNCH_SIZE2
1025:platform/HAL/inc/stm32g4xx_ll_system.h ****   *         @arg @ref LL_DBGMCU_TRACE_SYNCH_SIZE4
1026:platform/HAL/inc/stm32g4xx_ll_system.h ****   */
1027:platform/HAL/inc/stm32g4xx_ll_system.h **** __STATIC_INLINE uint32_t LL_DBGMCU_GetTracePinAssignment(void)
1028:platform/HAL/inc/stm32g4xx_ll_system.h **** {
1029:platform/HAL/inc/stm32g4xx_ll_system.h ****   return (uint32_t)(READ_BIT(DBGMCU->CR, DBGMCU_CR_TRACE_IOEN | DBGMCU_CR_TRACE_MODE));
1030:platform/HAL/inc/stm32g4xx_ll_system.h **** }
1031:platform/HAL/inc/stm32g4xx_ll_system.h **** 
1032:platform/HAL/inc/stm32g4xx_ll_system.h **** /**
1033:platform/HAL/inc/stm32g4xx_ll_system.h ****   * @brief  Freeze APB1 peripherals (group1 peripherals)
1034:platform/HAL/inc/stm32g4xx_ll_system.h ****   * @rmtoll DBGMCU_APB1FZR1 DBG_xxxx_STOP  LL_DBGMCU_APB1_GRP1_FreezePeriph
1035:platform/HAL/inc/stm32g4xx_ll_system.h ****   * @param  Periphs This parameter can be a combination of the following values:
1036:platform/HAL/inc/stm32g4xx_ll_system.h ****   *         @arg @ref LL_DBGMCU_APB1_GRP1_TIM2_STOP
ARM GAS  /tmp/ccY3Jimf.s 			page 85


1037:platform/HAL/inc/stm32g4xx_ll_system.h ****   *         @arg @ref LL_DBGMCU_APB1_GRP1_TIM3_STOP
1038:platform/HAL/inc/stm32g4xx_ll_system.h ****   *         @arg @ref LL_DBGMCU_APB1_GRP1_TIM4_STOP
1039:platform/HAL/inc/stm32g4xx_ll_system.h ****   *         @arg @ref LL_DBGMCU_APB1_GRP1_TIM5_STOP (*)
1040:platform/HAL/inc/stm32g4xx_ll_system.h ****   *         @arg @ref LL_DBGMCU_APB1_GRP1_TIM6_STOP
1041:platform/HAL/inc/stm32g4xx_ll_system.h ****   *         @arg @ref LL_DBGMCU_APB1_GRP1_TIM7_STOP
1042:platform/HAL/inc/stm32g4xx_ll_system.h ****   *         @arg @ref LL_DBGMCU_APB1_GRP1_RTC_STOP
1043:platform/HAL/inc/stm32g4xx_ll_system.h ****   *         @arg @ref LL_DBGMCU_APB1_GRP1_WWDG_STOP
1044:platform/HAL/inc/stm32g4xx_ll_system.h ****   *         @arg @ref LL_DBGMCU_APB1_GRP1_IWDG_STOP
1045:platform/HAL/inc/stm32g4xx_ll_system.h ****   *         @arg @ref LL_DBGMCU_APB1_GRP1_I2C1_STOP
1046:platform/HAL/inc/stm32g4xx_ll_system.h ****   *         @arg @ref LL_DBGMCU_APB1_GRP1_I2C2_STOP
1047:platform/HAL/inc/stm32g4xx_ll_system.h ****   *         @arg @ref LL_DBGMCU_APB1_GRP1_I2C3_STOP
1048:platform/HAL/inc/stm32g4xx_ll_system.h ****   *         @arg @ref LL_DBGMCU_APB1_GRP1_LPTIM1_STOP
1049:platform/HAL/inc/stm32g4xx_ll_system.h ****   *
1050:platform/HAL/inc/stm32g4xx_ll_system.h ****   *         (*) value not defined in all devices.
1051:platform/HAL/inc/stm32g4xx_ll_system.h ****   * @retval None
1052:platform/HAL/inc/stm32g4xx_ll_system.h ****   */
1053:platform/HAL/inc/stm32g4xx_ll_system.h **** __STATIC_INLINE void LL_DBGMCU_APB1_GRP1_FreezePeriph(uint32_t Periphs)
1054:platform/HAL/inc/stm32g4xx_ll_system.h **** {
1055:platform/HAL/inc/stm32g4xx_ll_system.h ****   SET_BIT(DBGMCU->APB1FZR1, Periphs);
1056:platform/HAL/inc/stm32g4xx_ll_system.h **** }
1057:platform/HAL/inc/stm32g4xx_ll_system.h **** 
1058:platform/HAL/inc/stm32g4xx_ll_system.h **** /**
1059:platform/HAL/inc/stm32g4xx_ll_system.h ****   * @brief  Freeze APB1 peripherals (group2 peripherals)
1060:platform/HAL/inc/stm32g4xx_ll_system.h ****   * @rmtoll DBGMCU_APB1FZR2 DBG_xxxx_STOP  LL_DBGMCU_APB1_GRP2_FreezePeriph
1061:platform/HAL/inc/stm32g4xx_ll_system.h ****   * @param  Periphs This parameter can be a combination of the following values:
1062:platform/HAL/inc/stm32g4xx_ll_system.h ****   *         @arg @ref LL_DBGMCU_APB1_GRP2_I2C4_STOP (*)
1063:platform/HAL/inc/stm32g4xx_ll_system.h ****   *
1064:platform/HAL/inc/stm32g4xx_ll_system.h ****   *         (*) value not defined in all devices.
1065:platform/HAL/inc/stm32g4xx_ll_system.h ****   * @retval None
1066:platform/HAL/inc/stm32g4xx_ll_system.h ****   */
1067:platform/HAL/inc/stm32g4xx_ll_system.h **** __STATIC_INLINE void LL_DBGMCU_APB1_GRP2_FreezePeriph(uint32_t Periphs)
1068:platform/HAL/inc/stm32g4xx_ll_system.h **** {
1069:platform/HAL/inc/stm32g4xx_ll_system.h ****   SET_BIT(DBGMCU->APB1FZR2, Periphs);
1070:platform/HAL/inc/stm32g4xx_ll_system.h **** }
1071:platform/HAL/inc/stm32g4xx_ll_system.h **** 
1072:platform/HAL/inc/stm32g4xx_ll_system.h **** /**
1073:platform/HAL/inc/stm32g4xx_ll_system.h ****   * @brief  Unfreeze APB1 peripherals (group1 peripherals)
1074:platform/HAL/inc/stm32g4xx_ll_system.h ****   * @rmtoll DBGMCU_APB1FZR1 DBG_xxxx_STOP  LL_DBGMCU_APB1_GRP1_UnFreezePeriph
1075:platform/HAL/inc/stm32g4xx_ll_system.h ****   * @param  Periphs This parameter can be a combination of the following values:
1076:platform/HAL/inc/stm32g4xx_ll_system.h ****   *         @arg @ref LL_DBGMCU_APB1_GRP1_TIM2_STOP
1077:platform/HAL/inc/stm32g4xx_ll_system.h ****   *         @arg @ref LL_DBGMCU_APB1_GRP1_TIM3_STOP
1078:platform/HAL/inc/stm32g4xx_ll_system.h ****   *         @arg @ref LL_DBGMCU_APB1_GRP1_TIM4_STOP
1079:platform/HAL/inc/stm32g4xx_ll_system.h ****   *         @arg @ref LL_DBGMCU_APB1_GRP1_TIM5_STOP (*)
1080:platform/HAL/inc/stm32g4xx_ll_system.h ****   *         @arg @ref LL_DBGMCU_APB1_GRP1_TIM6_STOP
1081:platform/HAL/inc/stm32g4xx_ll_system.h ****   *         @arg @ref LL_DBGMCU_APB1_GRP1_TIM7_STOP
1082:platform/HAL/inc/stm32g4xx_ll_system.h ****   *         @arg @ref LL_DBGMCU_APB1_GRP1_RTC_STOP
1083:platform/HAL/inc/stm32g4xx_ll_system.h ****   *         @arg @ref LL_DBGMCU_APB1_GRP1_WWDG_STOP
1084:platform/HAL/inc/stm32g4xx_ll_system.h ****   *         @arg @ref LL_DBGMCU_APB1_GRP1_IWDG_STOP
1085:platform/HAL/inc/stm32g4xx_ll_system.h ****   *         @arg @ref LL_DBGMCU_APB1_GRP1_I2C1_STOP
1086:platform/HAL/inc/stm32g4xx_ll_system.h ****   *         @arg @ref LL_DBGMCU_APB1_GRP1_I2C2_STOP
1087:platform/HAL/inc/stm32g4xx_ll_system.h ****   *         @arg @ref LL_DBGMCU_APB1_GRP1_I2C3_STOP
1088:platform/HAL/inc/stm32g4xx_ll_system.h ****   *         @arg @ref LL_DBGMCU_APB1_GRP1_LPTIM1_STOP
1089:platform/HAL/inc/stm32g4xx_ll_system.h ****   *
1090:platform/HAL/inc/stm32g4xx_ll_system.h ****   *         (*) value not defined in all devices.
1091:platform/HAL/inc/stm32g4xx_ll_system.h ****   * @retval None
1092:platform/HAL/inc/stm32g4xx_ll_system.h ****   */
1093:platform/HAL/inc/stm32g4xx_ll_system.h **** __STATIC_INLINE void LL_DBGMCU_APB1_GRP1_UnFreezePeriph(uint32_t Periphs)
ARM GAS  /tmp/ccY3Jimf.s 			page 86


1094:platform/HAL/inc/stm32g4xx_ll_system.h **** {
1095:platform/HAL/inc/stm32g4xx_ll_system.h ****   CLEAR_BIT(DBGMCU->APB1FZR1, Periphs);
1096:platform/HAL/inc/stm32g4xx_ll_system.h **** }
1097:platform/HAL/inc/stm32g4xx_ll_system.h **** 
1098:platform/HAL/inc/stm32g4xx_ll_system.h **** /**
1099:platform/HAL/inc/stm32g4xx_ll_system.h ****   * @brief  Unfreeze APB1 peripherals (group2 peripherals)
1100:platform/HAL/inc/stm32g4xx_ll_system.h ****   * @rmtoll DBGMCU_APB1FZR2 DBG_xxxx_STOP  LL_DBGMCU_APB1_GRP2_UnFreezePeriph
1101:platform/HAL/inc/stm32g4xx_ll_system.h ****   * @param  Periphs This parameter can be a combination of the following values:
1102:platform/HAL/inc/stm32g4xx_ll_system.h ****   *         @arg @ref LL_DBGMCU_APB1_GRP2_I2C4_STOP (*)
1103:platform/HAL/inc/stm32g4xx_ll_system.h ****   *
1104:platform/HAL/inc/stm32g4xx_ll_system.h ****   *         (*) value not defined in all devices.
1105:platform/HAL/inc/stm32g4xx_ll_system.h ****   * @retval None
1106:platform/HAL/inc/stm32g4xx_ll_system.h ****   */
1107:platform/HAL/inc/stm32g4xx_ll_system.h **** __STATIC_INLINE void LL_DBGMCU_APB1_GRP2_UnFreezePeriph(uint32_t Periphs)
1108:platform/HAL/inc/stm32g4xx_ll_system.h **** {
1109:platform/HAL/inc/stm32g4xx_ll_system.h ****   CLEAR_BIT(DBGMCU->APB1FZR2, Periphs);
1110:platform/HAL/inc/stm32g4xx_ll_system.h **** }
1111:platform/HAL/inc/stm32g4xx_ll_system.h **** 
1112:platform/HAL/inc/stm32g4xx_ll_system.h **** /**
1113:platform/HAL/inc/stm32g4xx_ll_system.h ****   * @brief  Freeze APB2 peripherals
1114:platform/HAL/inc/stm32g4xx_ll_system.h ****   * @rmtoll DBGMCU_APB2FZ DBG_TIMx_STOP  LL_DBGMCU_APB2_GRP1_FreezePeriph
1115:platform/HAL/inc/stm32g4xx_ll_system.h ****   * @param  Periphs This parameter can be a combination of the following values:
1116:platform/HAL/inc/stm32g4xx_ll_system.h ****   *         @arg @ref LL_DBGMCU_APB2_GRP1_TIM1_STOP
1117:platform/HAL/inc/stm32g4xx_ll_system.h ****   *         @arg @ref LL_DBGMCU_APB2_GRP1_TIM8_STOP
1118:platform/HAL/inc/stm32g4xx_ll_system.h ****   *         @arg @ref LL_DBGMCU_APB2_GRP1_TIM15_STOP
1119:platform/HAL/inc/stm32g4xx_ll_system.h ****   *         @arg @ref LL_DBGMCU_APB2_GRP1_TIM16_STOP
1120:platform/HAL/inc/stm32g4xx_ll_system.h ****   *         @arg @ref LL_DBGMCU_APB2_GRP1_TIM17_STOP
1121:platform/HAL/inc/stm32g4xx_ll_system.h ****   *         @arg @ref LL_DBGMCU_APB2_GRP1_TIM20_STOP (*)
1122:platform/HAL/inc/stm32g4xx_ll_system.h ****   *         @arg @ref LL_DBGMCU_APB2_GRP1_HRTIM1_STOP (*)
1123:platform/HAL/inc/stm32g4xx_ll_system.h ****   *
1124:platform/HAL/inc/stm32g4xx_ll_system.h ****   *         (*) value not defined in all devices.
1125:platform/HAL/inc/stm32g4xx_ll_system.h ****   * @retval None
1126:platform/HAL/inc/stm32g4xx_ll_system.h ****   */
1127:platform/HAL/inc/stm32g4xx_ll_system.h **** __STATIC_INLINE void LL_DBGMCU_APB2_GRP1_FreezePeriph(uint32_t Periphs)
1128:platform/HAL/inc/stm32g4xx_ll_system.h **** {
1129:platform/HAL/inc/stm32g4xx_ll_system.h ****   SET_BIT(DBGMCU->APB2FZ, Periphs);
1130:platform/HAL/inc/stm32g4xx_ll_system.h **** }
1131:platform/HAL/inc/stm32g4xx_ll_system.h **** 
1132:platform/HAL/inc/stm32g4xx_ll_system.h **** /**
1133:platform/HAL/inc/stm32g4xx_ll_system.h ****   * @brief  Unfreeze APB2 peripherals
1134:platform/HAL/inc/stm32g4xx_ll_system.h ****   * @rmtoll DBGMCU_APB2FZ DBG_TIMx_STOP  LL_DBGMCU_APB2_GRP1_UnFreezePeriph
1135:platform/HAL/inc/stm32g4xx_ll_system.h ****   * @param  Periphs This parameter can be a combination of the following values:
1136:platform/HAL/inc/stm32g4xx_ll_system.h ****   *         @arg @ref LL_DBGMCU_APB2_GRP1_TIM1_STOP
1137:platform/HAL/inc/stm32g4xx_ll_system.h ****   *         @arg @ref LL_DBGMCU_APB2_GRP1_TIM8_STOP
1138:platform/HAL/inc/stm32g4xx_ll_system.h ****   *         @arg @ref LL_DBGMCU_APB2_GRP1_TIM15_STOP
1139:platform/HAL/inc/stm32g4xx_ll_system.h ****   *         @arg @ref LL_DBGMCU_APB2_GRP1_TIM16_STOP
1140:platform/HAL/inc/stm32g4xx_ll_system.h ****   *         @arg @ref LL_DBGMCU_APB2_GRP1_TIM17_STOP
1141:platform/HAL/inc/stm32g4xx_ll_system.h ****   *         @arg @ref LL_DBGMCU_APB2_GRP1_TIM20_STOP (*)
1142:platform/HAL/inc/stm32g4xx_ll_system.h ****   *         @arg @ref LL_DBGMCU_APB2_GRP1_HRTIM1_STOP (*)
1143:platform/HAL/inc/stm32g4xx_ll_system.h ****   *
1144:platform/HAL/inc/stm32g4xx_ll_system.h ****   *         (*) value not defined in all devices.
1145:platform/HAL/inc/stm32g4xx_ll_system.h ****   * @retval None
1146:platform/HAL/inc/stm32g4xx_ll_system.h ****   */
1147:platform/HAL/inc/stm32g4xx_ll_system.h **** __STATIC_INLINE void LL_DBGMCU_APB2_GRP1_UnFreezePeriph(uint32_t Periphs)
1148:platform/HAL/inc/stm32g4xx_ll_system.h **** {
1149:platform/HAL/inc/stm32g4xx_ll_system.h ****   CLEAR_BIT(DBGMCU->APB2FZ, Periphs);
1150:platform/HAL/inc/stm32g4xx_ll_system.h **** }
ARM GAS  /tmp/ccY3Jimf.s 			page 87


1151:platform/HAL/inc/stm32g4xx_ll_system.h **** 
1152:platform/HAL/inc/stm32g4xx_ll_system.h **** /**
1153:platform/HAL/inc/stm32g4xx_ll_system.h ****   * @}
1154:platform/HAL/inc/stm32g4xx_ll_system.h ****   */
1155:platform/HAL/inc/stm32g4xx_ll_system.h **** 
1156:platform/HAL/inc/stm32g4xx_ll_system.h **** #if defined(VREFBUF)
1157:platform/HAL/inc/stm32g4xx_ll_system.h **** /** @defgroup SYSTEM_LL_EF_VREFBUF VREFBUF
1158:platform/HAL/inc/stm32g4xx_ll_system.h ****   * @{
1159:platform/HAL/inc/stm32g4xx_ll_system.h ****   */
1160:platform/HAL/inc/stm32g4xx_ll_system.h **** 
1161:platform/HAL/inc/stm32g4xx_ll_system.h **** /**
1162:platform/HAL/inc/stm32g4xx_ll_system.h ****   * @brief  Enable Internal voltage reference
1163:platform/HAL/inc/stm32g4xx_ll_system.h ****   * @rmtoll VREFBUF_CSR  ENVR          LL_VREFBUF_Enable
1164:platform/HAL/inc/stm32g4xx_ll_system.h ****   * @retval None
1165:platform/HAL/inc/stm32g4xx_ll_system.h ****   */
1166:platform/HAL/inc/stm32g4xx_ll_system.h **** __STATIC_INLINE void LL_VREFBUF_Enable(void)
1167:platform/HAL/inc/stm32g4xx_ll_system.h **** {
1168:platform/HAL/inc/stm32g4xx_ll_system.h ****   SET_BIT(VREFBUF->CSR, VREFBUF_CSR_ENVR);
1169:platform/HAL/inc/stm32g4xx_ll_system.h **** }
1170:platform/HAL/inc/stm32g4xx_ll_system.h **** 
1171:platform/HAL/inc/stm32g4xx_ll_system.h **** /**
1172:platform/HAL/inc/stm32g4xx_ll_system.h ****   * @brief  Disable Internal voltage reference
1173:platform/HAL/inc/stm32g4xx_ll_system.h ****   * @rmtoll VREFBUF_CSR  ENVR          LL_VREFBUF_Disable
1174:platform/HAL/inc/stm32g4xx_ll_system.h ****   * @retval None
1175:platform/HAL/inc/stm32g4xx_ll_system.h ****   */
1176:platform/HAL/inc/stm32g4xx_ll_system.h **** __STATIC_INLINE void LL_VREFBUF_Disable(void)
1177:platform/HAL/inc/stm32g4xx_ll_system.h **** {
1178:platform/HAL/inc/stm32g4xx_ll_system.h ****   CLEAR_BIT(VREFBUF->CSR, VREFBUF_CSR_ENVR);
1179:platform/HAL/inc/stm32g4xx_ll_system.h **** }
1180:platform/HAL/inc/stm32g4xx_ll_system.h **** 
1181:platform/HAL/inc/stm32g4xx_ll_system.h **** /**
1182:platform/HAL/inc/stm32g4xx_ll_system.h ****   * @brief  Enable high impedance (VREF+pin is high impedance)
1183:platform/HAL/inc/stm32g4xx_ll_system.h ****   * @rmtoll VREFBUF_CSR  HIZ           LL_VREFBUF_EnableHIZ
1184:platform/HAL/inc/stm32g4xx_ll_system.h ****   * @retval None
1185:platform/HAL/inc/stm32g4xx_ll_system.h ****   */
1186:platform/HAL/inc/stm32g4xx_ll_system.h **** __STATIC_INLINE void LL_VREFBUF_EnableHIZ(void)
1187:platform/HAL/inc/stm32g4xx_ll_system.h **** {
1188:platform/HAL/inc/stm32g4xx_ll_system.h ****   SET_BIT(VREFBUF->CSR, VREFBUF_CSR_HIZ);
1189:platform/HAL/inc/stm32g4xx_ll_system.h **** }
1190:platform/HAL/inc/stm32g4xx_ll_system.h **** 
1191:platform/HAL/inc/stm32g4xx_ll_system.h **** /**
1192:platform/HAL/inc/stm32g4xx_ll_system.h ****   * @brief  Disable high impedance (VREF+pin is internally connected to the voltage reference buffe
1193:platform/HAL/inc/stm32g4xx_ll_system.h ****   * @rmtoll VREFBUF_CSR  HIZ           LL_VREFBUF_DisableHIZ
1194:platform/HAL/inc/stm32g4xx_ll_system.h ****   * @retval None
1195:platform/HAL/inc/stm32g4xx_ll_system.h ****   */
1196:platform/HAL/inc/stm32g4xx_ll_system.h **** __STATIC_INLINE void LL_VREFBUF_DisableHIZ(void)
1197:platform/HAL/inc/stm32g4xx_ll_system.h **** {
1198:platform/HAL/inc/stm32g4xx_ll_system.h ****   CLEAR_BIT(VREFBUF->CSR, VREFBUF_CSR_HIZ);
1199:platform/HAL/inc/stm32g4xx_ll_system.h **** }
1200:platform/HAL/inc/stm32g4xx_ll_system.h **** 
1201:platform/HAL/inc/stm32g4xx_ll_system.h **** /**
1202:platform/HAL/inc/stm32g4xx_ll_system.h ****   * @brief  Set the Voltage reference scale
1203:platform/HAL/inc/stm32g4xx_ll_system.h ****   * @rmtoll VREFBUF_CSR  VRS           LL_VREFBUF_SetVoltageScaling
1204:platform/HAL/inc/stm32g4xx_ll_system.h ****   * @param  Scale This parameter can be one of the following values:
1205:platform/HAL/inc/stm32g4xx_ll_system.h ****   *         @arg @ref LL_VREFBUF_VOLTAGE_SCALE0
1206:platform/HAL/inc/stm32g4xx_ll_system.h ****   *         @arg @ref LL_VREFBUF_VOLTAGE_SCALE1
1207:platform/HAL/inc/stm32g4xx_ll_system.h ****   *         @arg @ref LL_VREFBUF_VOLTAGE_SCALE2
ARM GAS  /tmp/ccY3Jimf.s 			page 88


1208:platform/HAL/inc/stm32g4xx_ll_system.h ****   * @retval None
1209:platform/HAL/inc/stm32g4xx_ll_system.h ****   */
1210:platform/HAL/inc/stm32g4xx_ll_system.h **** __STATIC_INLINE void LL_VREFBUF_SetVoltageScaling(uint32_t Scale)
1211:platform/HAL/inc/stm32g4xx_ll_system.h **** {
1212:platform/HAL/inc/stm32g4xx_ll_system.h ****   MODIFY_REG(VREFBUF->CSR, VREFBUF_CSR_VRS, Scale);
1213:platform/HAL/inc/stm32g4xx_ll_system.h **** }
1214:platform/HAL/inc/stm32g4xx_ll_system.h **** 
1215:platform/HAL/inc/stm32g4xx_ll_system.h **** /**
1216:platform/HAL/inc/stm32g4xx_ll_system.h ****   * @brief  Get the Voltage reference scale
1217:platform/HAL/inc/stm32g4xx_ll_system.h ****   * @rmtoll VREFBUF_CSR  VRS           LL_VREFBUF_GetVoltageScaling
1218:platform/HAL/inc/stm32g4xx_ll_system.h ****   * @retval Returned value can be one of the following values:
1219:platform/HAL/inc/stm32g4xx_ll_system.h ****   *         @arg @ref LL_VREFBUF_VOLTAGE_SCALE0
1220:platform/HAL/inc/stm32g4xx_ll_system.h ****   *         @arg @ref LL_VREFBUF_VOLTAGE_SCALE1
1221:platform/HAL/inc/stm32g4xx_ll_system.h ****   *         @arg @ref LL_VREFBUF_VOLTAGE_SCALE2
1222:platform/HAL/inc/stm32g4xx_ll_system.h ****   */
1223:platform/HAL/inc/stm32g4xx_ll_system.h **** __STATIC_INLINE uint32_t LL_VREFBUF_GetVoltageScaling(void)
1224:platform/HAL/inc/stm32g4xx_ll_system.h **** {
1225:platform/HAL/inc/stm32g4xx_ll_system.h ****   return (uint32_t)(READ_BIT(VREFBUF->CSR, VREFBUF_CSR_VRS));
1226:platform/HAL/inc/stm32g4xx_ll_system.h **** }
1227:platform/HAL/inc/stm32g4xx_ll_system.h **** 
1228:platform/HAL/inc/stm32g4xx_ll_system.h **** /**
1229:platform/HAL/inc/stm32g4xx_ll_system.h ****   * @brief  Check if Voltage reference buffer is ready
1230:platform/HAL/inc/stm32g4xx_ll_system.h ****   * @rmtoll VREFBUF_CSR  VRR           LL_VREFBUF_IsVREFReady
1231:platform/HAL/inc/stm32g4xx_ll_system.h ****   * @retval State of bit (1 or 0).
1232:platform/HAL/inc/stm32g4xx_ll_system.h ****   */
1233:platform/HAL/inc/stm32g4xx_ll_system.h **** __STATIC_INLINE uint32_t LL_VREFBUF_IsVREFReady(void)
1234:platform/HAL/inc/stm32g4xx_ll_system.h **** {
1235:platform/HAL/inc/stm32g4xx_ll_system.h ****   return ((READ_BIT(VREFBUF->CSR, VREFBUF_CSR_VRR) == (VREFBUF_CSR_VRR)) ? 1UL : 0UL);
1236:platform/HAL/inc/stm32g4xx_ll_system.h **** }
1237:platform/HAL/inc/stm32g4xx_ll_system.h **** 
1238:platform/HAL/inc/stm32g4xx_ll_system.h **** /**
1239:platform/HAL/inc/stm32g4xx_ll_system.h ****   * @brief  Get the trimming code for VREFBUF calibration
1240:platform/HAL/inc/stm32g4xx_ll_system.h ****   * @rmtoll VREFBUF_CCR  TRIM          LL_VREFBUF_GetTrimming
1241:platform/HAL/inc/stm32g4xx_ll_system.h ****   * @retval Between 0 and 0x3F
1242:platform/HAL/inc/stm32g4xx_ll_system.h ****   */
1243:platform/HAL/inc/stm32g4xx_ll_system.h **** __STATIC_INLINE uint32_t LL_VREFBUF_GetTrimming(void)
1244:platform/HAL/inc/stm32g4xx_ll_system.h **** {
1245:platform/HAL/inc/stm32g4xx_ll_system.h ****   return (uint32_t)(READ_BIT(VREFBUF->CCR, VREFBUF_CCR_TRIM));
1246:platform/HAL/inc/stm32g4xx_ll_system.h **** }
1247:platform/HAL/inc/stm32g4xx_ll_system.h **** 
1248:platform/HAL/inc/stm32g4xx_ll_system.h **** /**
1249:platform/HAL/inc/stm32g4xx_ll_system.h ****   * @brief  Set the trimming code for VREFBUF calibration (Tune the internal reference buffer volta
1250:platform/HAL/inc/stm32g4xx_ll_system.h ****   * @rmtoll VREFBUF_CCR  TRIM          LL_VREFBUF_SetTrimming
1251:platform/HAL/inc/stm32g4xx_ll_system.h ****   * @param  Value Between 0 and 0x3F
1252:platform/HAL/inc/stm32g4xx_ll_system.h ****   * @retval None
1253:platform/HAL/inc/stm32g4xx_ll_system.h ****   */
1254:platform/HAL/inc/stm32g4xx_ll_system.h **** __STATIC_INLINE void LL_VREFBUF_SetTrimming(uint32_t Value)
1255:platform/HAL/inc/stm32g4xx_ll_system.h **** {
1256:platform/HAL/inc/stm32g4xx_ll_system.h ****   WRITE_REG(VREFBUF->CCR, Value);
1257:platform/HAL/inc/stm32g4xx_ll_system.h **** }
1258:platform/HAL/inc/stm32g4xx_ll_system.h **** 
1259:platform/HAL/inc/stm32g4xx_ll_system.h **** /**
1260:platform/HAL/inc/stm32g4xx_ll_system.h ****   * @}
1261:platform/HAL/inc/stm32g4xx_ll_system.h ****   */
1262:platform/HAL/inc/stm32g4xx_ll_system.h **** #endif /* VREFBUF */
1263:platform/HAL/inc/stm32g4xx_ll_system.h **** 
1264:platform/HAL/inc/stm32g4xx_ll_system.h **** /** @defgroup SYSTEM_LL_EF_FLASH FLASH
ARM GAS  /tmp/ccY3Jimf.s 			page 89


1265:platform/HAL/inc/stm32g4xx_ll_system.h ****   * @{
1266:platform/HAL/inc/stm32g4xx_ll_system.h ****   */
1267:platform/HAL/inc/stm32g4xx_ll_system.h **** 
1268:platform/HAL/inc/stm32g4xx_ll_system.h **** /**
1269:platform/HAL/inc/stm32g4xx_ll_system.h ****   * @brief  Set FLASH Latency
1270:platform/HAL/inc/stm32g4xx_ll_system.h ****   * @rmtoll FLASH_ACR    LATENCY       LL_FLASH_SetLatency
1271:platform/HAL/inc/stm32g4xx_ll_system.h ****   * @param  Latency This parameter can be one of the following values:
1272:platform/HAL/inc/stm32g4xx_ll_system.h ****   *         @arg @ref LL_FLASH_LATENCY_0
1273:platform/HAL/inc/stm32g4xx_ll_system.h ****   *         @arg @ref LL_FLASH_LATENCY_1
1274:platform/HAL/inc/stm32g4xx_ll_system.h ****   *         @arg @ref LL_FLASH_LATENCY_2
1275:platform/HAL/inc/stm32g4xx_ll_system.h ****   *         @arg @ref LL_FLASH_LATENCY_3
1276:platform/HAL/inc/stm32g4xx_ll_system.h ****   *         @arg @ref LL_FLASH_LATENCY_4
1277:platform/HAL/inc/stm32g4xx_ll_system.h ****   *         @arg @ref LL_FLASH_LATENCY_5 (*)
1278:platform/HAL/inc/stm32g4xx_ll_system.h ****   *         @arg @ref LL_FLASH_LATENCY_6 (*)
1279:platform/HAL/inc/stm32g4xx_ll_system.h ****   *         @arg @ref LL_FLASH_LATENCY_7 (*)
1280:platform/HAL/inc/stm32g4xx_ll_system.h ****   *         @arg @ref LL_FLASH_LATENCY_8 (*)
1281:platform/HAL/inc/stm32g4xx_ll_system.h ****   *         @arg @ref LL_FLASH_LATENCY_9 (*)
1282:platform/HAL/inc/stm32g4xx_ll_system.h ****   *         @arg @ref LL_FLASH_LATENCY_10 (*)
1283:platform/HAL/inc/stm32g4xx_ll_system.h ****   *         @arg @ref LL_FLASH_LATENCY_11 (*)
1284:platform/HAL/inc/stm32g4xx_ll_system.h ****   *         @arg @ref LL_FLASH_LATENCY_12 (*)
1285:platform/HAL/inc/stm32g4xx_ll_system.h ****   *         @arg @ref LL_FLASH_LATENCY_13 (*)
1286:platform/HAL/inc/stm32g4xx_ll_system.h ****   *         @arg @ref LL_FLASH_LATENCY_14 (*)
1287:platform/HAL/inc/stm32g4xx_ll_system.h ****   *         @arg @ref LL_FLASH_LATENCY_15 (*)
1288:platform/HAL/inc/stm32g4xx_ll_system.h ****   *
1289:platform/HAL/inc/stm32g4xx_ll_system.h ****   *         (*) value not defined in all devices.
1290:platform/HAL/inc/stm32g4xx_ll_system.h ****   * @retval None
1291:platform/HAL/inc/stm32g4xx_ll_system.h ****   */
1292:platform/HAL/inc/stm32g4xx_ll_system.h **** __STATIC_INLINE void LL_FLASH_SetLatency(uint32_t Latency)
 352              		.loc 5 1292 22 view .LVU105
 353              	.LBB64:
1293:platform/HAL/inc/stm32g4xx_ll_system.h **** {
1294:platform/HAL/inc/stm32g4xx_ll_system.h ****   MODIFY_REG(FLASH->ACR, FLASH_ACR_LATENCY, Latency);
 354              		.loc 5 1294 3 view .LVU106
 355 002e 324A     		ldr	r2, .L45+8
 356 0030 1368     		ldr	r3, [r2]
 357 0032 23F00F03 		bic	r3, r3, #15
 358 0036 4CEA0303 		orr	r3, ip, r3
 359 003a 1360     		str	r3, [r2]
 360              	.LVL20:
 361              		.loc 5 1294 3 is_stmt 0 view .LVU107
 362              	.LBE64:
 363              	.LBE63:
 372:platform/HAL/src/stm32g4xx_ll_utils.c ****       do
 364              		.loc 1 372 7 is_stmt 1 view .LVU108
 372:platform/HAL/src/stm32g4xx_ll_utils.c ****       do
 365              		.loc 1 372 15 is_stmt 0 view .LVU109
 366 003c 0222     		movs	r2, #2
 367              	.LVL21:
 368              	.L27:
 373:platform/HAL/src/stm32g4xx_ll_utils.c ****       {
 369              		.loc 1 373 7 is_stmt 1 view .LVU110
 376:platform/HAL/src/stm32g4xx_ll_utils.c ****         timeout--;
 370              		.loc 1 376 9 view .LVU111
 371              	.LBB65:
 372              	.LBI65:
1295:platform/HAL/inc/stm32g4xx_ll_system.h **** }
1296:platform/HAL/inc/stm32g4xx_ll_system.h **** 
ARM GAS  /tmp/ccY3Jimf.s 			page 90


1297:platform/HAL/inc/stm32g4xx_ll_system.h **** /**
1298:platform/HAL/inc/stm32g4xx_ll_system.h ****   * @brief  Get FLASH Latency
1299:platform/HAL/inc/stm32g4xx_ll_system.h ****   * @rmtoll FLASH_ACR    LATENCY       LL_FLASH_GetLatency
1300:platform/HAL/inc/stm32g4xx_ll_system.h ****   * @retval Returned value can be one of the following values:
1301:platform/HAL/inc/stm32g4xx_ll_system.h ****   *         @arg @ref LL_FLASH_LATENCY_0
1302:platform/HAL/inc/stm32g4xx_ll_system.h ****   *         @arg @ref LL_FLASH_LATENCY_1
1303:platform/HAL/inc/stm32g4xx_ll_system.h ****   *         @arg @ref LL_FLASH_LATENCY_2
1304:platform/HAL/inc/stm32g4xx_ll_system.h ****   *         @arg @ref LL_FLASH_LATENCY_3
1305:platform/HAL/inc/stm32g4xx_ll_system.h ****   *         @arg @ref LL_FLASH_LATENCY_4
1306:platform/HAL/inc/stm32g4xx_ll_system.h ****   *         @arg @ref LL_FLASH_LATENCY_5 (*)
1307:platform/HAL/inc/stm32g4xx_ll_system.h ****   *         @arg @ref LL_FLASH_LATENCY_6 (*)
1308:platform/HAL/inc/stm32g4xx_ll_system.h ****   *         @arg @ref LL_FLASH_LATENCY_7 (*)
1309:platform/HAL/inc/stm32g4xx_ll_system.h ****   *         @arg @ref LL_FLASH_LATENCY_8 (*)
1310:platform/HAL/inc/stm32g4xx_ll_system.h ****   *         @arg @ref LL_FLASH_LATENCY_9 (*)
1311:platform/HAL/inc/stm32g4xx_ll_system.h ****   *         @arg @ref LL_FLASH_LATENCY_10 (*)
1312:platform/HAL/inc/stm32g4xx_ll_system.h ****   *         @arg @ref LL_FLASH_LATENCY_11 (*)
1313:platform/HAL/inc/stm32g4xx_ll_system.h ****   *         @arg @ref LL_FLASH_LATENCY_12 (*)
1314:platform/HAL/inc/stm32g4xx_ll_system.h ****   *         @arg @ref LL_FLASH_LATENCY_13 (*)
1315:platform/HAL/inc/stm32g4xx_ll_system.h ****   *         @arg @ref LL_FLASH_LATENCY_14 (*)
1316:platform/HAL/inc/stm32g4xx_ll_system.h ****   *         @arg @ref LL_FLASH_LATENCY_15 (*)
1317:platform/HAL/inc/stm32g4xx_ll_system.h ****   *
1318:platform/HAL/inc/stm32g4xx_ll_system.h ****   *         (*) value not defined in all devices.
1319:platform/HAL/inc/stm32g4xx_ll_system.h ****   */
1320:platform/HAL/inc/stm32g4xx_ll_system.h **** __STATIC_INLINE uint32_t LL_FLASH_GetLatency(void)
 373              		.loc 5 1320 26 view .LVU112
 374              	.LBB66:
1321:platform/HAL/inc/stm32g4xx_ll_system.h **** {
1322:platform/HAL/inc/stm32g4xx_ll_system.h ****   return (uint32_t)(READ_BIT(FLASH->ACR, FLASH_ACR_LATENCY));
 375              		.loc 5 1322 3 view .LVU113
 376              		.loc 5 1322 21 is_stmt 0 view .LVU114
 377 003e 2E4B     		ldr	r3, .L45+8
 378 0040 1B68     		ldr	r3, [r3]
 379              		.loc 5 1322 10 view .LVU115
 380 0042 03F00F03 		and	r3, r3, #15
 381              	.LVL22:
 382              		.loc 5 1322 10 view .LVU116
 383              	.LBE66:
 384              	.LBE65:
 377:platform/HAL/src/stm32g4xx_ll_utils.c ****       } while ((getlatency != latency) && (timeout > 0U));
 385              		.loc 1 377 9 is_stmt 1 view .LVU117
 377:platform/HAL/src/stm32g4xx_ll_utils.c ****       } while ((getlatency != latency) && (timeout > 0U));
 386              		.loc 1 377 16 is_stmt 0 view .LVU118
 387 0046 013A     		subs	r2, r2, #1
 388              	.LVL23:
 378:platform/HAL/src/stm32g4xx_ll_utils.c **** 
 389              		.loc 1 378 40 is_stmt 1 discriminator 2 view .LVU119
 390 0048 9C45     		cmp	ip, r3
 391 004a 01D0     		beq	.L26
 378:platform/HAL/src/stm32g4xx_ll_utils.c **** 
 392              		.loc 1 378 40 is_stmt 0 discriminator 1 view .LVU120
 393 004c 002A     		cmp	r2, #0
 394 004e F6D1     		bne	.L27
 395              	.L26:
 380:platform/HAL/src/stm32g4xx_ll_utils.c ****       {
 396              		.loc 1 380 7 is_stmt 1 view .LVU121
 380:platform/HAL/src/stm32g4xx_ll_utils.c ****       {
 397              		.loc 1 380 9 is_stmt 0 view .LVU122
ARM GAS  /tmp/ccY3Jimf.s 			page 91


 398 0050 9C45     		cmp	ip, r3
 399 0052 49D0     		beq	.L43
 382:platform/HAL/src/stm32g4xx_ll_utils.c ****       }
 400              		.loc 1 382 16 view .LVU123
 401 0054 0120     		movs	r0, #1
 402              	.LVL24:
 387:platform/HAL/src/stm32g4xx_ll_utils.c **** }
 403              		.loc 1 387 3 is_stmt 1 view .LVU124
 388:platform/HAL/src/stm32g4xx_ll_utils.c **** 
 404              		.loc 1 388 1 is_stmt 0 view .LVU125
 405 0056 7047     		bx	lr
 406              	.LVL25:
 407              	.L28:
 408              	.LBB67:
 409              	.LBB62:
 410              		.loc 4 366 28 discriminator 2 view .LVU126
 411 0058 4FF0000C 		mov	ip, #0
 412 005c DBE7     		b	.L21
 413              	.LVL26:
 414              	.L41:
 415              		.loc 4 366 28 discriminator 2 view .LVU127
 416              	.LBE62:
 417              	.LBE67:
 288:platform/HAL/src/stm32g4xx_ll_utils.c ****     {
 418              		.loc 1 288 56 discriminator 1 view .LVU128
 419 005e BCF1010F 		cmp	ip, #1
 420 0062 0ED0     		beq	.L44
 316:platform/HAL/src/stm32g4xx_ll_utils.c ****     {
 421              		.loc 1 316 10 is_stmt 1 view .LVU129
 318:platform/HAL/src/stm32g4xx_ll_utils.c ****       {
 422              		.loc 1 318 7 view .LVU130
 318:platform/HAL/src/stm32g4xx_ll_utils.c ****       {
 423              		.loc 1 318 9 is_stmt 0 view .LVU131
 424 0064 254B     		ldr	r3, .L45+12
 425              	.LVL27:
 318:platform/HAL/src/stm32g4xx_ll_utils.c ****       {
 426              		.loc 1 318 9 view .LVU132
 427 0066 9842     		cmp	r0, r3
 428 0068 2FD8     		bhi	.L33
 323:platform/HAL/src/stm32g4xx_ll_utils.c ****       {
 429              		.loc 1 323 12 is_stmt 1 view .LVU133
 323:platform/HAL/src/stm32g4xx_ll_utils.c ****       {
 430              		.loc 1 323 14 is_stmt 0 view .LVU134
 431 006a 254B     		ldr	r3, .L45+16
 432 006c 9842     		cmp	r0, r3
 433 006e 2FD8     		bhi	.L34
 328:platform/HAL/src/stm32g4xx_ll_utils.c ****       {
 434              		.loc 1 328 12 is_stmt 1 view .LVU135
 328:platform/HAL/src/stm32g4xx_ll_utils.c ****       {
 435              		.loc 1 328 14 is_stmt 0 view .LVU136
 436 0070 244B     		ldr	r3, .L45+20
 437 0072 9842     		cmp	r0, r3
 438 0074 2FD8     		bhi	.L35
 335:platform/HAL/src/stm32g4xx_ll_utils.c ****         {
 439              		.loc 1 335 9 is_stmt 1 view .LVU137
 335:platform/HAL/src/stm32g4xx_ll_utils.c ****         {
 440              		.loc 1 335 11 is_stmt 0 view .LVU138
ARM GAS  /tmp/ccY3Jimf.s 			page 92


 441 0076 244B     		ldr	r3, .L45+24
 442 0078 9842     		cmp	r0, r3
 443 007a D8D9     		bls	.L25
 338:platform/HAL/src/stm32g4xx_ll_utils.c ****         }
 444              		.loc 1 338 19 view .LVU139
 445 007c 4FF0010C 		mov	ip, #1
 446              	.LVL28:
 338:platform/HAL/src/stm32g4xx_ll_utils.c ****         }
 447              		.loc 1 338 19 view .LVU140
 448 0080 D5E7     		b	.L25
 449              	.LVL29:
 450              	.L44:
 290:platform/HAL/src/stm32g4xx_ll_utils.c ****       {
 451              		.loc 1 290 7 is_stmt 1 view .LVU141
 290:platform/HAL/src/stm32g4xx_ll_utils.c ****       {
 452              		.loc 1 290 9 is_stmt 0 view .LVU142
 453 0082 03F10163 		add	r3, r3, #135266304
 454              	.LVL30:
 290:platform/HAL/src/stm32g4xx_ll_utils.c ****       {
 455              		.loc 1 290 9 view .LVU143
 456 0086 03F53323 		add	r3, r3, #733184
 457              	.LVL31:
 290:platform/HAL/src/stm32g4xx_ll_utils.c ****       {
 458              		.loc 1 290 9 view .LVU144
 459 008a 9842     		cmp	r0, r3
 460 008c 14D8     		bhi	.L30
 295:platform/HAL/src/stm32g4xx_ll_utils.c ****       {
 461              		.loc 1 295 12 is_stmt 1 view .LVU145
 295:platform/HAL/src/stm32g4xx_ll_utils.c ****       {
 462              		.loc 1 295 14 is_stmt 0 view .LVU146
 463 008e 1F4B     		ldr	r3, .L45+28
 464              	.LVL32:
 295:platform/HAL/src/stm32g4xx_ll_utils.c ****       {
 465              		.loc 1 295 14 view .LVU147
 466 0090 9842     		cmp	r0, r3
 467 0092 14D8     		bhi	.L31
 300:platform/HAL/src/stm32g4xx_ll_utils.c ****       {
 468              		.loc 1 300 12 is_stmt 1 view .LVU148
 300:platform/HAL/src/stm32g4xx_ll_utils.c ****       {
 469              		.loc 1 300 14 is_stmt 0 view .LVU149
 470 0094 1E4B     		ldr	r3, .L45+32
 471 0096 9842     		cmp	r0, r3
 472 0098 14D8     		bhi	.L32
 307:platform/HAL/src/stm32g4xx_ll_utils.c ****         {
 473              		.loc 1 307 9 is_stmt 1 view .LVU150
 307:platform/HAL/src/stm32g4xx_ll_utils.c ****         {
 474              		.loc 1 307 11 is_stmt 0 view .LVU151
 475 009a 1E4B     		ldr	r3, .L45+36
 476 009c 9842     		cmp	r0, r3
 477 009e C6D8     		bhi	.L25
 279:platform/HAL/src/stm32g4xx_ll_utils.c **** 
 478              		.loc 1 279 12 view .LVU152
 479 00a0 4FF0000C 		mov	ip, #0
 480              	.LVL33:
 279:platform/HAL/src/stm32g4xx_ll_utils.c **** 
 481              		.loc 1 279 12 view .LVU153
 482 00a4 C3E7     		b	.L25
ARM GAS  /tmp/ccY3Jimf.s 			page 93


 483              	.LVL34:
 484              	.L42:
 346:platform/HAL/src/stm32g4xx_ll_utils.c ****       {
 485              		.loc 1 346 7 is_stmt 1 view .LVU154
 346:platform/HAL/src/stm32g4xx_ll_utils.c ****       {
 486              		.loc 1 346 9 is_stmt 0 view .LVU155
 487 00a6 1C4B     		ldr	r3, .L45+40
 488              	.LVL35:
 346:platform/HAL/src/stm32g4xx_ll_utils.c ****       {
 489              		.loc 1 346 9 view .LVU156
 490 00a8 9842     		cmp	r0, r3
 491 00aa 17D8     		bhi	.L38
 353:platform/HAL/src/stm32g4xx_ll_utils.c ****         {
 492              		.loc 1 353 9 is_stmt 1 view .LVU157
 353:platform/HAL/src/stm32g4xx_ll_utils.c ****         {
 493              		.loc 1 353 11 is_stmt 0 view .LVU158
 494 00ac 1B4B     		ldr	r3, .L45+44
 495 00ae 9842     		cmp	r0, r3
 496 00b0 17D8     		bhi	.L39
 279:platform/HAL/src/stm32g4xx_ll_utils.c **** 
 497              		.loc 1 279 12 view .LVU159
 498 00b2 4FF0000C 		mov	ip, #0
 499              	.LVL36:
 279:platform/HAL/src/stm32g4xx_ll_utils.c **** 
 500              		.loc 1 279 12 view .LVU160
 501 00b6 BAE7     		b	.L25
 502              	.LVL37:
 503              	.L30:
 293:platform/HAL/src/stm32g4xx_ll_utils.c ****       }
 504              		.loc 1 293 17 view .LVU161
 505 00b8 4FF0040C 		mov	ip, #4
 506              	.LVL38:
 293:platform/HAL/src/stm32g4xx_ll_utils.c ****       }
 507              		.loc 1 293 17 view .LVU162
 508 00bc B7E7     		b	.L25
 509              	.LVL39:
 510              	.L31:
 298:platform/HAL/src/stm32g4xx_ll_utils.c ****       }
 511              		.loc 1 298 17 view .LVU163
 512 00be 4FF0030C 		mov	ip, #3
 513              	.LVL40:
 298:platform/HAL/src/stm32g4xx_ll_utils.c ****       }
 514              		.loc 1 298 17 view .LVU164
 515 00c2 B4E7     		b	.L25
 516              	.LVL41:
 517              	.L32:
 303:platform/HAL/src/stm32g4xx_ll_utils.c ****       }
 518              		.loc 1 303 17 view .LVU165
 519 00c4 4FF0020C 		mov	ip, #2
 520              	.LVL42:
 303:platform/HAL/src/stm32g4xx_ll_utils.c ****       }
 521              		.loc 1 303 17 view .LVU166
 522 00c8 B1E7     		b	.L25
 523              	.LVL43:
 524              	.L33:
 321:platform/HAL/src/stm32g4xx_ll_utils.c ****       }
 525              		.loc 1 321 17 view .LVU167
ARM GAS  /tmp/ccY3Jimf.s 			page 94


 526 00ca 4FF0040C 		mov	ip, #4
 527              	.LVL44:
 321:platform/HAL/src/stm32g4xx_ll_utils.c ****       }
 528              		.loc 1 321 17 view .LVU168
 529 00ce AEE7     		b	.L25
 530              	.LVL45:
 531              	.L34:
 326:platform/HAL/src/stm32g4xx_ll_utils.c ****       }
 532              		.loc 1 326 17 view .LVU169
 533 00d0 4FF0030C 		mov	ip, #3
 534              	.LVL46:
 326:platform/HAL/src/stm32g4xx_ll_utils.c ****       }
 535              		.loc 1 326 17 view .LVU170
 536 00d4 ABE7     		b	.L25
 537              	.LVL47:
 538              	.L35:
 331:platform/HAL/src/stm32g4xx_ll_utils.c ****       }
 539              		.loc 1 331 17 view .LVU171
 540 00d6 4FF0020C 		mov	ip, #2
 541              	.LVL48:
 331:platform/HAL/src/stm32g4xx_ll_utils.c ****       }
 542              		.loc 1 331 17 view .LVU172
 543 00da A8E7     		b	.L25
 544              	.LVL49:
 545              	.L38:
 349:platform/HAL/src/stm32g4xx_ll_utils.c ****       }
 546              		.loc 1 349 17 view .LVU173
 547 00dc 4FF0020C 		mov	ip, #2
 548              	.LVL50:
 349:platform/HAL/src/stm32g4xx_ll_utils.c ****       }
 549              		.loc 1 349 17 view .LVU174
 550 00e0 A5E7     		b	.L25
 551              	.LVL51:
 552              	.L39:
 356:platform/HAL/src/stm32g4xx_ll_utils.c ****         }
 553              		.loc 1 356 19 view .LVU175
 554 00e2 4FF0010C 		mov	ip, #1
 555              	.LVL52:
 356:platform/HAL/src/stm32g4xx_ll_utils.c ****         }
 556              		.loc 1 356 19 view .LVU176
 557 00e6 A2E7     		b	.L25
 558              	.LVL53:
 559              	.L43:
 275:platform/HAL/src/stm32g4xx_ll_utils.c ****   uint32_t regulatorstatus = LL_PWR_GetRegulVoltageScaling();
 560              		.loc 1 275 15 view .LVU177
 561 00e8 0020     		movs	r0, #0
 562              	.LVL54:
 275:platform/HAL/src/stm32g4xx_ll_utils.c ****   uint32_t regulatorstatus = LL_PWR_GetRegulVoltageScaling();
 563              		.loc 1 275 15 view .LVU178
 564 00ea 7047     		bx	lr
 565              	.LVL55:
 566              	.L29:
 284:platform/HAL/src/stm32g4xx_ll_utils.c ****   }
 567              		.loc 1 284 12 view .LVU179
 568 00ec 0120     		movs	r0, #1
 569              	.LVL56:
 284:platform/HAL/src/stm32g4xx_ll_utils.c ****   }
ARM GAS  /tmp/ccY3Jimf.s 			page 95


 570              		.loc 1 284 12 view .LVU180
 571 00ee 7047     		bx	lr
 572              	.L46:
 573              		.align	2
 574              	.L45:
 575 00f0 00700040 		.word	1073770496
 576 00f4 7FFE210A 		.word	169999999
 577 00f8 00200240 		.word	1073881088
 578 00fc 000E2707 		.word	120000000
 579 0100 804A5D05 		.word	90000000
 580 0104 00879303 		.word	60000000
 581 0108 80C3C901 		.word	30000000
 582 010c 80651406 		.word	102000000
 583 0110 00990D04 		.word	68000000
 584 0114 80CC0602 		.word	34000000
 585 0118 00366E01 		.word	24000000
 586 011c 001BB700 		.word	12000000
 587              		.cfi_endproc
 588              	.LFE636:
 590              		.section	.text.UTILS_EnablePLLAndSwitchSystem,"ax",%progbits
 591              		.align	1
 592              		.syntax unified
 593              		.thumb
 594              		.thumb_func
 596              	UTILS_EnablePLLAndSwitchSystem:
 597              	.LVL57:
 598              	.LFB641:
 628:platform/HAL/src/stm32g4xx_ll_utils.c **** 
 629:platform/HAL/src/stm32g4xx_ll_utils.c **** /**
 630:platform/HAL/src/stm32g4xx_ll_utils.c ****   * @brief  Function to enable PLL and switch system clock to PLL
 631:platform/HAL/src/stm32g4xx_ll_utils.c ****   * @param  SYSCLK_Frequency SYSCLK frequency
 632:platform/HAL/src/stm32g4xx_ll_utils.c ****   * @param  UTILS_ClkInitStruct pointer to a @ref LL_UTILS_ClkInitTypeDef structure that contains
 633:platform/HAL/src/stm32g4xx_ll_utils.c ****   *                             the configuration information for the BUS prescalers.
 634:platform/HAL/src/stm32g4xx_ll_utils.c ****   * @retval An ErrorStatus enumeration value:
 635:platform/HAL/src/stm32g4xx_ll_utils.c ****   *          - SUCCESS: No problem to switch system to PLL
 636:platform/HAL/src/stm32g4xx_ll_utils.c ****   *          - ERROR: Problem to switch system to PLL
 637:platform/HAL/src/stm32g4xx_ll_utils.c ****   */
 638:platform/HAL/src/stm32g4xx_ll_utils.c **** static ErrorStatus UTILS_EnablePLLAndSwitchSystem(uint32_t SYSCLK_Frequency, LL_UTILS_ClkInitTypeDe
 639:platform/HAL/src/stm32g4xx_ll_utils.c **** {
 599              		.loc 1 639 1 is_stmt 1 view -0
 600              		.cfi_startproc
 601              		@ args = 0, pretend = 0, frame = 0
 602              		@ frame_needed = 0, uses_anonymous_args = 0
 603              		.loc 1 639 1 is_stmt 0 view .LVU182
 604 0000 70B5     		push	{r4, r5, r6, lr}
 605              	.LCFI2:
 606              		.cfi_def_cfa_offset 16
 607              		.cfi_offset 4, -16
 608              		.cfi_offset 5, -12
 609              		.cfi_offset 6, -8
 610              		.cfi_offset 14, -4
 611 0002 0C46     		mov	r4, r1
 640:platform/HAL/src/stm32g4xx_ll_utils.c ****   ErrorStatus status = SUCCESS;
 612              		.loc 1 640 3 is_stmt 1 view .LVU183
 613              	.LVL58:
 641:platform/HAL/src/stm32g4xx_ll_utils.c ****   uint32_t hclk_frequency;
 614              		.loc 1 641 3 view .LVU184
ARM GAS  /tmp/ccY3Jimf.s 			page 96


 642:platform/HAL/src/stm32g4xx_ll_utils.c **** 
 643:platform/HAL/src/stm32g4xx_ll_utils.c ****   assert_param(IS_LL_UTILS_SYSCLK_DIV(UTILS_ClkInitStruct->AHBCLKDivider));
 615              		.loc 1 643 3 view .LVU185
 644:platform/HAL/src/stm32g4xx_ll_utils.c ****   assert_param(IS_LL_UTILS_APB1_DIV(UTILS_ClkInitStruct->APB1CLKDivider));
 616              		.loc 1 644 3 view .LVU186
 645:platform/HAL/src/stm32g4xx_ll_utils.c ****   assert_param(IS_LL_UTILS_APB2_DIV(UTILS_ClkInitStruct->APB2CLKDivider));
 617              		.loc 1 645 3 view .LVU187
 646:platform/HAL/src/stm32g4xx_ll_utils.c **** 
 647:platform/HAL/src/stm32g4xx_ll_utils.c ****   /* Calculate HCLK frequency */
 648:platform/HAL/src/stm32g4xx_ll_utils.c ****   hclk_frequency = __LL_RCC_CALC_HCLK_FREQ(SYSCLK_Frequency, UTILS_ClkInitStruct->AHBCLKDivider);
 618              		.loc 1 648 3 view .LVU188
 619              		.loc 1 648 20 is_stmt 0 view .LVU189
 620 0004 0B68     		ldr	r3, [r1]
 621 0006 C3F30313 		ubfx	r3, r3, #4, #4
 622 000a 294A     		ldr	r2, .L61
 623 000c D35C     		ldrb	r3, [r2, r3]	@ zero_extendqisi2
 624 000e 03F01F03 		and	r3, r3, #31
 625              		.loc 1 648 18 view .LVU190
 626 0012 20FA03F5 		lsr	r5, r0, r3
 627              	.LVL59:
 649:platform/HAL/src/stm32g4xx_ll_utils.c **** 
 650:platform/HAL/src/stm32g4xx_ll_utils.c ****   /* Increasing the number of wait states because of higher CPU frequency */
 651:platform/HAL/src/stm32g4xx_ll_utils.c ****   if(SystemCoreClock < hclk_frequency)
 628              		.loc 1 651 3 is_stmt 1 view .LVU191
 629              		.loc 1 651 22 is_stmt 0 view .LVU192
 630 0016 274B     		ldr	r3, .L61+4
 631 0018 1B68     		ldr	r3, [r3]
 632              		.loc 1 651 5 view .LVU193
 633 001a AB42     		cmp	r3, r5
 634 001c 0AD3     		bcc	.L57
 640:platform/HAL/src/stm32g4xx_ll_utils.c ****   uint32_t hclk_frequency;
 635              		.loc 1 640 15 view .LVU194
 636 001e 0026     		movs	r6, #0
 637              	.LVL60:
 638              	.L48:
 652:platform/HAL/src/stm32g4xx_ll_utils.c ****   {
 653:platform/HAL/src/stm32g4xx_ll_utils.c ****     /* Set FLASH latency to highest latency */
 654:platform/HAL/src/stm32g4xx_ll_utils.c ****     status = LL_SetFlashLatency(hclk_frequency);
 655:platform/HAL/src/stm32g4xx_ll_utils.c ****   }
 656:platform/HAL/src/stm32g4xx_ll_utils.c **** 
 657:platform/HAL/src/stm32g4xx_ll_utils.c ****   /* Update system clock configuration */
 658:platform/HAL/src/stm32g4xx_ll_utils.c ****   if(status == SUCCESS)
 659:platform/HAL/src/stm32g4xx_ll_utils.c ****   {
 660:platform/HAL/src/stm32g4xx_ll_utils.c ****     /* Enable PLL */
 661:platform/HAL/src/stm32g4xx_ll_utils.c ****     LL_RCC_PLL_Enable();
 639              		.loc 1 661 5 is_stmt 1 view .LVU195
 640              	.LBB68:
 641              	.LBI68:
2063:platform/HAL/inc/stm32g4xx_ll_rcc.h **** {
 642              		.loc 2 2063 22 view .LVU196
 643              	.LBB69:
2065:platform/HAL/inc/stm32g4xx_ll_rcc.h **** }
 644              		.loc 2 2065 3 view .LVU197
 645 0020 254B     		ldr	r3, .L61+8
 646 0022 1A68     		ldr	r2, [r3]
 647 0024 42F08072 		orr	r2, r2, #16777216
 648 0028 1A60     		str	r2, [r3]
ARM GAS  /tmp/ccY3Jimf.s 			page 97


 649              	.LBE69:
 650              	.LBE68:
 662:platform/HAL/src/stm32g4xx_ll_utils.c ****     LL_RCC_PLL_EnableDomain_SYS();
 651              		.loc 1 662 5 view .LVU198
 652              	.LBB70:
 653              	.LBI70:
2087:platform/HAL/inc/stm32g4xx_ll_rcc.h **** }
2088:platform/HAL/inc/stm32g4xx_ll_rcc.h **** 
2089:platform/HAL/inc/stm32g4xx_ll_rcc.h **** /**
2090:platform/HAL/inc/stm32g4xx_ll_rcc.h ****   * @brief  Configure PLL used for SYSCLK Domain
2091:platform/HAL/inc/stm32g4xx_ll_rcc.h ****   * @note PLL Source and PLLM Divider can be written only when PLL
2092:platform/HAL/inc/stm32g4xx_ll_rcc.h ****   *       is disabled.
2093:platform/HAL/inc/stm32g4xx_ll_rcc.h ****   * @note PLLN/PLLR can be written only when PLL is disabled.
2094:platform/HAL/inc/stm32g4xx_ll_rcc.h ****   * @rmtoll PLLCFGR      PLLSRC        LL_RCC_PLL_ConfigDomain_SYS\n
2095:platform/HAL/inc/stm32g4xx_ll_rcc.h ****   *         PLLCFGR      PLLM          LL_RCC_PLL_ConfigDomain_SYS\n
2096:platform/HAL/inc/stm32g4xx_ll_rcc.h ****   *         PLLCFGR      PLLN          LL_RCC_PLL_ConfigDomain_SYS\n
2097:platform/HAL/inc/stm32g4xx_ll_rcc.h ****   *         PLLCFGR      PLLR          LL_RCC_PLL_ConfigDomain_SYS
2098:platform/HAL/inc/stm32g4xx_ll_rcc.h ****   * @param  Source This parameter can be one of the following values:
2099:platform/HAL/inc/stm32g4xx_ll_rcc.h ****   *         @arg @ref LL_RCC_PLLSOURCE_NONE
2100:platform/HAL/inc/stm32g4xx_ll_rcc.h ****   *         @arg @ref LL_RCC_PLLSOURCE_HSI
2101:platform/HAL/inc/stm32g4xx_ll_rcc.h ****   *         @arg @ref LL_RCC_PLLSOURCE_HSE
2102:platform/HAL/inc/stm32g4xx_ll_rcc.h ****   * @param  PLLM This parameter can be one of the following values:
2103:platform/HAL/inc/stm32g4xx_ll_rcc.h ****   *         @arg @ref LL_RCC_PLLM_DIV_1
2104:platform/HAL/inc/stm32g4xx_ll_rcc.h ****   *         @arg @ref LL_RCC_PLLM_DIV_2
2105:platform/HAL/inc/stm32g4xx_ll_rcc.h ****   *         @arg @ref LL_RCC_PLLM_DIV_3
2106:platform/HAL/inc/stm32g4xx_ll_rcc.h ****   *         @arg @ref LL_RCC_PLLM_DIV_4
2107:platform/HAL/inc/stm32g4xx_ll_rcc.h ****   *         @arg @ref LL_RCC_PLLM_DIV_5
2108:platform/HAL/inc/stm32g4xx_ll_rcc.h ****   *         @arg @ref LL_RCC_PLLM_DIV_6
2109:platform/HAL/inc/stm32g4xx_ll_rcc.h ****   *         @arg @ref LL_RCC_PLLM_DIV_7
2110:platform/HAL/inc/stm32g4xx_ll_rcc.h ****   *         @arg @ref LL_RCC_PLLM_DIV_8
2111:platform/HAL/inc/stm32g4xx_ll_rcc.h ****   *         @arg @ref LL_RCC_PLLM_DIV_9
2112:platform/HAL/inc/stm32g4xx_ll_rcc.h ****   *         @arg @ref LL_RCC_PLLM_DIV_10
2113:platform/HAL/inc/stm32g4xx_ll_rcc.h ****   *         @arg @ref LL_RCC_PLLM_DIV_11
2114:platform/HAL/inc/stm32g4xx_ll_rcc.h ****   *         @arg @ref LL_RCC_PLLM_DIV_12
2115:platform/HAL/inc/stm32g4xx_ll_rcc.h ****   *         @arg @ref LL_RCC_PLLM_DIV_13
2116:platform/HAL/inc/stm32g4xx_ll_rcc.h ****   *         @arg @ref LL_RCC_PLLM_DIV_14
2117:platform/HAL/inc/stm32g4xx_ll_rcc.h ****   *         @arg @ref LL_RCC_PLLM_DIV_15
2118:platform/HAL/inc/stm32g4xx_ll_rcc.h ****   *         @arg @ref LL_RCC_PLLM_DIV_16
2119:platform/HAL/inc/stm32g4xx_ll_rcc.h ****   * @param  PLLN Between Min_Data = 8 and Max_Data = 127
2120:platform/HAL/inc/stm32g4xx_ll_rcc.h ****   * @param  PLLR This parameter can be one of the following values:
2121:platform/HAL/inc/stm32g4xx_ll_rcc.h ****   *         @arg @ref LL_RCC_PLLR_DIV_2
2122:platform/HAL/inc/stm32g4xx_ll_rcc.h ****   *         @arg @ref LL_RCC_PLLR_DIV_4
2123:platform/HAL/inc/stm32g4xx_ll_rcc.h ****   *         @arg @ref LL_RCC_PLLR_DIV_6
2124:platform/HAL/inc/stm32g4xx_ll_rcc.h ****   *         @arg @ref LL_RCC_PLLR_DIV_8
2125:platform/HAL/inc/stm32g4xx_ll_rcc.h ****   * @retval None
2126:platform/HAL/inc/stm32g4xx_ll_rcc.h ****   */
2127:platform/HAL/inc/stm32g4xx_ll_rcc.h **** __STATIC_INLINE void LL_RCC_PLL_ConfigDomain_SYS(uint32_t Source, uint32_t PLLM, uint32_t PLLN, uin
2128:platform/HAL/inc/stm32g4xx_ll_rcc.h **** {
2129:platform/HAL/inc/stm32g4xx_ll_rcc.h ****   MODIFY_REG(RCC->PLLCFGR, RCC_PLLCFGR_PLLSRC | RCC_PLLCFGR_PLLM | RCC_PLLCFGR_PLLN | RCC_PLLCFGR_P
2130:platform/HAL/inc/stm32g4xx_ll_rcc.h ****              Source | PLLM | (PLLN << RCC_PLLCFGR_PLLN_Pos) | PLLR);
2131:platform/HAL/inc/stm32g4xx_ll_rcc.h **** }
2132:platform/HAL/inc/stm32g4xx_ll_rcc.h **** 
2133:platform/HAL/inc/stm32g4xx_ll_rcc.h **** /**
2134:platform/HAL/inc/stm32g4xx_ll_rcc.h ****   * @brief  Configure PLL used for ADC domain clock
2135:platform/HAL/inc/stm32g4xx_ll_rcc.h ****   * @note PLL Source and PLLM Divider can be written only when PLL
2136:platform/HAL/inc/stm32g4xx_ll_rcc.h ****   *       is disabled.
2137:platform/HAL/inc/stm32g4xx_ll_rcc.h ****   * @note PLLN/PLLP can be written only when PLL is disabled.
ARM GAS  /tmp/ccY3Jimf.s 			page 98


2138:platform/HAL/inc/stm32g4xx_ll_rcc.h ****   * @rmtoll PLLCFGR      PLLSRC        LL_RCC_PLL_ConfigDomain_ADC\n
2139:platform/HAL/inc/stm32g4xx_ll_rcc.h ****   *         PLLCFGR      PLLM          LL_RCC_PLL_ConfigDomain_ADC\n
2140:platform/HAL/inc/stm32g4xx_ll_rcc.h ****   *         PLLCFGR      PLLN          LL_RCC_PLL_ConfigDomain_ADC\n
2141:platform/HAL/inc/stm32g4xx_ll_rcc.h ****   *         PLLCFGR      PLLPDIV       LL_RCC_PLL_ConfigDomain_ADC
2142:platform/HAL/inc/stm32g4xx_ll_rcc.h ****   * @param  Source This parameter can be one of the following values:
2143:platform/HAL/inc/stm32g4xx_ll_rcc.h ****   *         @arg @ref LL_RCC_PLLSOURCE_NONE
2144:platform/HAL/inc/stm32g4xx_ll_rcc.h ****   *         @arg @ref LL_RCC_PLLSOURCE_HSI
2145:platform/HAL/inc/stm32g4xx_ll_rcc.h ****   *         @arg @ref LL_RCC_PLLSOURCE_HSE
2146:platform/HAL/inc/stm32g4xx_ll_rcc.h ****   * @param  PLLM This parameter can be one of the following values:
2147:platform/HAL/inc/stm32g4xx_ll_rcc.h ****   *         @arg @ref LL_RCC_PLLM_DIV_1
2148:platform/HAL/inc/stm32g4xx_ll_rcc.h ****   *         @arg @ref LL_RCC_PLLM_DIV_2
2149:platform/HAL/inc/stm32g4xx_ll_rcc.h ****   *         @arg @ref LL_RCC_PLLM_DIV_3
2150:platform/HAL/inc/stm32g4xx_ll_rcc.h ****   *         @arg @ref LL_RCC_PLLM_DIV_4
2151:platform/HAL/inc/stm32g4xx_ll_rcc.h ****   *         @arg @ref LL_RCC_PLLM_DIV_5
2152:platform/HAL/inc/stm32g4xx_ll_rcc.h ****   *         @arg @ref LL_RCC_PLLM_DIV_6
2153:platform/HAL/inc/stm32g4xx_ll_rcc.h ****   *         @arg @ref LL_RCC_PLLM_DIV_7
2154:platform/HAL/inc/stm32g4xx_ll_rcc.h ****   *         @arg @ref LL_RCC_PLLM_DIV_8
2155:platform/HAL/inc/stm32g4xx_ll_rcc.h ****   *         @arg @ref LL_RCC_PLLM_DIV_9
2156:platform/HAL/inc/stm32g4xx_ll_rcc.h ****   *         @arg @ref LL_RCC_PLLM_DIV_10
2157:platform/HAL/inc/stm32g4xx_ll_rcc.h ****   *         @arg @ref LL_RCC_PLLM_DIV_11
2158:platform/HAL/inc/stm32g4xx_ll_rcc.h ****   *         @arg @ref LL_RCC_PLLM_DIV_12
2159:platform/HAL/inc/stm32g4xx_ll_rcc.h ****   *         @arg @ref LL_RCC_PLLM_DIV_13
2160:platform/HAL/inc/stm32g4xx_ll_rcc.h ****   *         @arg @ref LL_RCC_PLLM_DIV_14
2161:platform/HAL/inc/stm32g4xx_ll_rcc.h ****   *         @arg @ref LL_RCC_PLLM_DIV_15
2162:platform/HAL/inc/stm32g4xx_ll_rcc.h ****   *         @arg @ref LL_RCC_PLLM_DIV_16
2163:platform/HAL/inc/stm32g4xx_ll_rcc.h ****   * @param  PLLN Between Min_Data = 8 and Max_Data = 127
2164:platform/HAL/inc/stm32g4xx_ll_rcc.h ****   * @param  PLLP This parameter can be one of the following values:
2165:platform/HAL/inc/stm32g4xx_ll_rcc.h ****   *         @arg @ref LL_RCC_PLLP_DIV_2
2166:platform/HAL/inc/stm32g4xx_ll_rcc.h ****   *         @arg @ref LL_RCC_PLLP_DIV_3
2167:platform/HAL/inc/stm32g4xx_ll_rcc.h ****   *         @arg @ref LL_RCC_PLLP_DIV_4
2168:platform/HAL/inc/stm32g4xx_ll_rcc.h ****   *         @arg @ref LL_RCC_PLLP_DIV_5
2169:platform/HAL/inc/stm32g4xx_ll_rcc.h ****   *         @arg @ref LL_RCC_PLLP_DIV_6
2170:platform/HAL/inc/stm32g4xx_ll_rcc.h ****   *         @arg @ref LL_RCC_PLLP_DIV_7
2171:platform/HAL/inc/stm32g4xx_ll_rcc.h ****   *         @arg @ref LL_RCC_PLLP_DIV_8
2172:platform/HAL/inc/stm32g4xx_ll_rcc.h ****   *         @arg @ref LL_RCC_PLLP_DIV_9
2173:platform/HAL/inc/stm32g4xx_ll_rcc.h ****   *         @arg @ref LL_RCC_PLLP_DIV_10
2174:platform/HAL/inc/stm32g4xx_ll_rcc.h ****   *         @arg @ref LL_RCC_PLLP_DIV_11
2175:platform/HAL/inc/stm32g4xx_ll_rcc.h ****   *         @arg @ref LL_RCC_PLLP_DIV_12
2176:platform/HAL/inc/stm32g4xx_ll_rcc.h ****   *         @arg @ref LL_RCC_PLLP_DIV_13
2177:platform/HAL/inc/stm32g4xx_ll_rcc.h ****   *         @arg @ref LL_RCC_PLLP_DIV_14
2178:platform/HAL/inc/stm32g4xx_ll_rcc.h ****   *         @arg @ref LL_RCC_PLLP_DIV_15
2179:platform/HAL/inc/stm32g4xx_ll_rcc.h ****   *         @arg @ref LL_RCC_PLLP_DIV_16
2180:platform/HAL/inc/stm32g4xx_ll_rcc.h ****   *         @arg @ref LL_RCC_PLLP_DIV_17
2181:platform/HAL/inc/stm32g4xx_ll_rcc.h ****   *         @arg @ref LL_RCC_PLLP_DIV_18
2182:platform/HAL/inc/stm32g4xx_ll_rcc.h ****   *         @arg @ref LL_RCC_PLLP_DIV_19
2183:platform/HAL/inc/stm32g4xx_ll_rcc.h ****   *         @arg @ref LL_RCC_PLLP_DIV_20
2184:platform/HAL/inc/stm32g4xx_ll_rcc.h ****   *         @arg @ref LL_RCC_PLLP_DIV_21
2185:platform/HAL/inc/stm32g4xx_ll_rcc.h ****   *         @arg @ref LL_RCC_PLLP_DIV_22
2186:platform/HAL/inc/stm32g4xx_ll_rcc.h ****   *         @arg @ref LL_RCC_PLLP_DIV_23
2187:platform/HAL/inc/stm32g4xx_ll_rcc.h ****   *         @arg @ref LL_RCC_PLLP_DIV_24
2188:platform/HAL/inc/stm32g4xx_ll_rcc.h ****   *         @arg @ref LL_RCC_PLLP_DIV_25
2189:platform/HAL/inc/stm32g4xx_ll_rcc.h ****   *         @arg @ref LL_RCC_PLLP_DIV_26
2190:platform/HAL/inc/stm32g4xx_ll_rcc.h ****   *         @arg @ref LL_RCC_PLLP_DIV_27
2191:platform/HAL/inc/stm32g4xx_ll_rcc.h ****   *         @arg @ref LL_RCC_PLLP_DIV_28
2192:platform/HAL/inc/stm32g4xx_ll_rcc.h ****   *         @arg @ref LL_RCC_PLLP_DIV_29
2193:platform/HAL/inc/stm32g4xx_ll_rcc.h ****   *         @arg @ref LL_RCC_PLLP_DIV_30
2194:platform/HAL/inc/stm32g4xx_ll_rcc.h ****   *         @arg @ref LL_RCC_PLLP_DIV_31
ARM GAS  /tmp/ccY3Jimf.s 			page 99


2195:platform/HAL/inc/stm32g4xx_ll_rcc.h ****   * @retval None
2196:platform/HAL/inc/stm32g4xx_ll_rcc.h ****   */
2197:platform/HAL/inc/stm32g4xx_ll_rcc.h **** __STATIC_INLINE void LL_RCC_PLL_ConfigDomain_ADC(uint32_t Source, uint32_t PLLM, uint32_t PLLN, uin
2198:platform/HAL/inc/stm32g4xx_ll_rcc.h **** {
2199:platform/HAL/inc/stm32g4xx_ll_rcc.h ****   MODIFY_REG(RCC->PLLCFGR, RCC_PLLCFGR_PLLSRC | RCC_PLLCFGR_PLLM | RCC_PLLCFGR_PLLN | RCC_PLLCFGR_P
2200:platform/HAL/inc/stm32g4xx_ll_rcc.h ****              Source | PLLM | (PLLN << RCC_PLLCFGR_PLLN_Pos) | PLLP);
2201:platform/HAL/inc/stm32g4xx_ll_rcc.h **** }
2202:platform/HAL/inc/stm32g4xx_ll_rcc.h **** 
2203:platform/HAL/inc/stm32g4xx_ll_rcc.h **** /**
2204:platform/HAL/inc/stm32g4xx_ll_rcc.h ****   * @brief  Configure PLL used for 48Mhz domain clock
2205:platform/HAL/inc/stm32g4xx_ll_rcc.h ****   * @note PLL Source and PLLM Divider can be written only when PLL,
2206:platform/HAL/inc/stm32g4xx_ll_rcc.h ****   *       is disabled.
2207:platform/HAL/inc/stm32g4xx_ll_rcc.h ****   * @note PLLN/PLLQ can be written only when PLL is disabled.
2208:platform/HAL/inc/stm32g4xx_ll_rcc.h ****   * @note This  can be selected for USB, RNG
2209:platform/HAL/inc/stm32g4xx_ll_rcc.h ****   * @rmtoll PLLCFGR      PLLSRC        LL_RCC_PLL_ConfigDomain_48M\n
2210:platform/HAL/inc/stm32g4xx_ll_rcc.h ****   *         PLLCFGR      PLLM          LL_RCC_PLL_ConfigDomain_48M\n
2211:platform/HAL/inc/stm32g4xx_ll_rcc.h ****   *         PLLCFGR      PLLN          LL_RCC_PLL_ConfigDomain_48M\n
2212:platform/HAL/inc/stm32g4xx_ll_rcc.h ****   *         PLLCFGR      PLLQ          LL_RCC_PLL_ConfigDomain_48M
2213:platform/HAL/inc/stm32g4xx_ll_rcc.h ****   * @param  Source This parameter can be one of the following values:
2214:platform/HAL/inc/stm32g4xx_ll_rcc.h ****   *         @arg @ref LL_RCC_PLLSOURCE_NONE
2215:platform/HAL/inc/stm32g4xx_ll_rcc.h ****   *         @arg @ref LL_RCC_PLLSOURCE_HSI
2216:platform/HAL/inc/stm32g4xx_ll_rcc.h ****   *         @arg @ref LL_RCC_PLLSOURCE_HSE
2217:platform/HAL/inc/stm32g4xx_ll_rcc.h ****   * @param  PLLM This parameter can be one of the following values:
2218:platform/HAL/inc/stm32g4xx_ll_rcc.h ****   *         @arg @ref LL_RCC_PLLM_DIV_1
2219:platform/HAL/inc/stm32g4xx_ll_rcc.h ****   *         @arg @ref LL_RCC_PLLM_DIV_2
2220:platform/HAL/inc/stm32g4xx_ll_rcc.h ****   *         @arg @ref LL_RCC_PLLM_DIV_3
2221:platform/HAL/inc/stm32g4xx_ll_rcc.h ****   *         @arg @ref LL_RCC_PLLM_DIV_4
2222:platform/HAL/inc/stm32g4xx_ll_rcc.h ****   *         @arg @ref LL_RCC_PLLM_DIV_5
2223:platform/HAL/inc/stm32g4xx_ll_rcc.h ****   *         @arg @ref LL_RCC_PLLM_DIV_6
2224:platform/HAL/inc/stm32g4xx_ll_rcc.h ****   *         @arg @ref LL_RCC_PLLM_DIV_7
2225:platform/HAL/inc/stm32g4xx_ll_rcc.h ****   *         @arg @ref LL_RCC_PLLM_DIV_8
2226:platform/HAL/inc/stm32g4xx_ll_rcc.h ****   *         @arg @ref LL_RCC_PLLM_DIV_9
2227:platform/HAL/inc/stm32g4xx_ll_rcc.h ****   *         @arg @ref LL_RCC_PLLM_DIV_10
2228:platform/HAL/inc/stm32g4xx_ll_rcc.h ****   *         @arg @ref LL_RCC_PLLM_DIV_11
2229:platform/HAL/inc/stm32g4xx_ll_rcc.h ****   *         @arg @ref LL_RCC_PLLM_DIV_12
2230:platform/HAL/inc/stm32g4xx_ll_rcc.h ****   *         @arg @ref LL_RCC_PLLM_DIV_13
2231:platform/HAL/inc/stm32g4xx_ll_rcc.h ****   *         @arg @ref LL_RCC_PLLM_DIV_14
2232:platform/HAL/inc/stm32g4xx_ll_rcc.h ****   *         @arg @ref LL_RCC_PLLM_DIV_15
2233:platform/HAL/inc/stm32g4xx_ll_rcc.h ****   *         @arg @ref LL_RCC_PLLM_DIV_16
2234:platform/HAL/inc/stm32g4xx_ll_rcc.h ****   * @param  PLLN Between Min_Data = 8 and Max_Data = 127
2235:platform/HAL/inc/stm32g4xx_ll_rcc.h ****   * @param  PLLQ This parameter can be one of the following values:
2236:platform/HAL/inc/stm32g4xx_ll_rcc.h ****   *         @arg @ref LL_RCC_PLLQ_DIV_2
2237:platform/HAL/inc/stm32g4xx_ll_rcc.h ****   *         @arg @ref LL_RCC_PLLQ_DIV_4
2238:platform/HAL/inc/stm32g4xx_ll_rcc.h ****   *         @arg @ref LL_RCC_PLLQ_DIV_6
2239:platform/HAL/inc/stm32g4xx_ll_rcc.h ****   *         @arg @ref LL_RCC_PLLQ_DIV_8
2240:platform/HAL/inc/stm32g4xx_ll_rcc.h ****   * @retval None
2241:platform/HAL/inc/stm32g4xx_ll_rcc.h ****   */
2242:platform/HAL/inc/stm32g4xx_ll_rcc.h **** __STATIC_INLINE void LL_RCC_PLL_ConfigDomain_48M(uint32_t Source, uint32_t PLLM, uint32_t PLLN, uin
2243:platform/HAL/inc/stm32g4xx_ll_rcc.h **** {
2244:platform/HAL/inc/stm32g4xx_ll_rcc.h ****   MODIFY_REG(RCC->PLLCFGR, RCC_PLLCFGR_PLLSRC | RCC_PLLCFGR_PLLM | RCC_PLLCFGR_PLLN | RCC_PLLCFGR_P
2245:platform/HAL/inc/stm32g4xx_ll_rcc.h ****              Source | PLLM | (PLLN << RCC_PLLCFGR_PLLN_Pos) | PLLQ);
2246:platform/HAL/inc/stm32g4xx_ll_rcc.h **** }
2247:platform/HAL/inc/stm32g4xx_ll_rcc.h **** 
2248:platform/HAL/inc/stm32g4xx_ll_rcc.h **** /**
2249:platform/HAL/inc/stm32g4xx_ll_rcc.h ****   * @brief  Configure PLL clock source
2250:platform/HAL/inc/stm32g4xx_ll_rcc.h ****   * @rmtoll PLLCFGR      PLLSRC        LL_RCC_PLL_SetMainSource
2251:platform/HAL/inc/stm32g4xx_ll_rcc.h ****   * @param PLLSource This parameter can be one of the following values:
ARM GAS  /tmp/ccY3Jimf.s 			page 100


2252:platform/HAL/inc/stm32g4xx_ll_rcc.h ****   *         @arg @ref LL_RCC_PLLSOURCE_NONE
2253:platform/HAL/inc/stm32g4xx_ll_rcc.h ****   *         @arg @ref LL_RCC_PLLSOURCE_HSI
2254:platform/HAL/inc/stm32g4xx_ll_rcc.h ****   *         @arg @ref LL_RCC_PLLSOURCE_HSE
2255:platform/HAL/inc/stm32g4xx_ll_rcc.h ****   * @retval None
2256:platform/HAL/inc/stm32g4xx_ll_rcc.h ****   */
2257:platform/HAL/inc/stm32g4xx_ll_rcc.h **** __STATIC_INLINE void LL_RCC_PLL_SetMainSource(uint32_t PLLSource)
2258:platform/HAL/inc/stm32g4xx_ll_rcc.h **** {
2259:platform/HAL/inc/stm32g4xx_ll_rcc.h ****   MODIFY_REG(RCC->PLLCFGR, RCC_PLLCFGR_PLLSRC, PLLSource);
2260:platform/HAL/inc/stm32g4xx_ll_rcc.h **** }
2261:platform/HAL/inc/stm32g4xx_ll_rcc.h **** 
2262:platform/HAL/inc/stm32g4xx_ll_rcc.h **** /**
2263:platform/HAL/inc/stm32g4xx_ll_rcc.h ****   * @brief  Get the oscillator used as PLL clock source.
2264:platform/HAL/inc/stm32g4xx_ll_rcc.h ****   * @rmtoll PLLCFGR      PLLSRC        LL_RCC_PLL_GetMainSource
2265:platform/HAL/inc/stm32g4xx_ll_rcc.h ****   * @retval Returned value can be one of the following values:
2266:platform/HAL/inc/stm32g4xx_ll_rcc.h ****   *         @arg @ref LL_RCC_PLLSOURCE_NONE
2267:platform/HAL/inc/stm32g4xx_ll_rcc.h ****   *         @arg @ref LL_RCC_PLLSOURCE_HSI
2268:platform/HAL/inc/stm32g4xx_ll_rcc.h ****   *         @arg @ref LL_RCC_PLLSOURCE_HSE
2269:platform/HAL/inc/stm32g4xx_ll_rcc.h ****   */
2270:platform/HAL/inc/stm32g4xx_ll_rcc.h **** __STATIC_INLINE uint32_t LL_RCC_PLL_GetMainSource(void)
2271:platform/HAL/inc/stm32g4xx_ll_rcc.h **** {
2272:platform/HAL/inc/stm32g4xx_ll_rcc.h ****   return (uint32_t)(READ_BIT(RCC->PLLCFGR, RCC_PLLCFGR_PLLSRC));
2273:platform/HAL/inc/stm32g4xx_ll_rcc.h **** }
2274:platform/HAL/inc/stm32g4xx_ll_rcc.h **** 
2275:platform/HAL/inc/stm32g4xx_ll_rcc.h **** /**
2276:platform/HAL/inc/stm32g4xx_ll_rcc.h ****   * @brief  Get Main PLL multiplication factor for VCO
2277:platform/HAL/inc/stm32g4xx_ll_rcc.h ****   * @rmtoll PLLCFGR      PLLN          LL_RCC_PLL_GetN
2278:platform/HAL/inc/stm32g4xx_ll_rcc.h ****   * @retval Between Min_Data = 8 and Max_Data = 127
2279:platform/HAL/inc/stm32g4xx_ll_rcc.h ****   */
2280:platform/HAL/inc/stm32g4xx_ll_rcc.h **** __STATIC_INLINE uint32_t LL_RCC_PLL_GetN(void)
2281:platform/HAL/inc/stm32g4xx_ll_rcc.h **** {
2282:platform/HAL/inc/stm32g4xx_ll_rcc.h ****   return (uint32_t)(READ_BIT(RCC->PLLCFGR, RCC_PLLCFGR_PLLN) >>  RCC_PLLCFGR_PLLN_Pos);
2283:platform/HAL/inc/stm32g4xx_ll_rcc.h **** }
2284:platform/HAL/inc/stm32g4xx_ll_rcc.h **** 
2285:platform/HAL/inc/stm32g4xx_ll_rcc.h **** /**
2286:platform/HAL/inc/stm32g4xx_ll_rcc.h ****   * @brief  Get Main PLL division factor for PLLP
2287:platform/HAL/inc/stm32g4xx_ll_rcc.h ****   * @note Used for PLLADCCLK (ADC clock)
2288:platform/HAL/inc/stm32g4xx_ll_rcc.h ****   * @rmtoll PLLCFGR      PLLPDIV       LL_RCC_PLL_GetP\n
2289:platform/HAL/inc/stm32g4xx_ll_rcc.h ****   * @rmtoll PLLCFGR      PLLP          LL_RCC_PLL_GetP
2290:platform/HAL/inc/stm32g4xx_ll_rcc.h ****   * @retval Returned value can be one of the following values:
2291:platform/HAL/inc/stm32g4xx_ll_rcc.h ****   *         @arg @ref LL_RCC_PLLP_DIV_2
2292:platform/HAL/inc/stm32g4xx_ll_rcc.h ****   *         @arg @ref LL_RCC_PLLP_DIV_3
2293:platform/HAL/inc/stm32g4xx_ll_rcc.h ****   *         @arg @ref LL_RCC_PLLP_DIV_4
2294:platform/HAL/inc/stm32g4xx_ll_rcc.h ****   *         @arg @ref LL_RCC_PLLP_DIV_5
2295:platform/HAL/inc/stm32g4xx_ll_rcc.h ****   *         @arg @ref LL_RCC_PLLP_DIV_6
2296:platform/HAL/inc/stm32g4xx_ll_rcc.h ****   *         @arg @ref LL_RCC_PLLP_DIV_7
2297:platform/HAL/inc/stm32g4xx_ll_rcc.h ****   *         @arg @ref LL_RCC_PLLP_DIV_8
2298:platform/HAL/inc/stm32g4xx_ll_rcc.h ****   *         @arg @ref LL_RCC_PLLP_DIV_9
2299:platform/HAL/inc/stm32g4xx_ll_rcc.h ****   *         @arg @ref LL_RCC_PLLP_DIV_10
2300:platform/HAL/inc/stm32g4xx_ll_rcc.h ****   *         @arg @ref LL_RCC_PLLP_DIV_11
2301:platform/HAL/inc/stm32g4xx_ll_rcc.h ****   *         @arg @ref LL_RCC_PLLP_DIV_12
2302:platform/HAL/inc/stm32g4xx_ll_rcc.h ****   *         @arg @ref LL_RCC_PLLP_DIV_13
2303:platform/HAL/inc/stm32g4xx_ll_rcc.h ****   *         @arg @ref LL_RCC_PLLP_DIV_14
2304:platform/HAL/inc/stm32g4xx_ll_rcc.h ****   *         @arg @ref LL_RCC_PLLP_DIV_15
2305:platform/HAL/inc/stm32g4xx_ll_rcc.h ****   *         @arg @ref LL_RCC_PLLP_DIV_16
2306:platform/HAL/inc/stm32g4xx_ll_rcc.h ****   *         @arg @ref LL_RCC_PLLP_DIV_17
2307:platform/HAL/inc/stm32g4xx_ll_rcc.h ****   *         @arg @ref LL_RCC_PLLP_DIV_18
2308:platform/HAL/inc/stm32g4xx_ll_rcc.h ****   *         @arg @ref LL_RCC_PLLP_DIV_19
ARM GAS  /tmp/ccY3Jimf.s 			page 101


2309:platform/HAL/inc/stm32g4xx_ll_rcc.h ****   *         @arg @ref LL_RCC_PLLP_DIV_20
2310:platform/HAL/inc/stm32g4xx_ll_rcc.h ****   *         @arg @ref LL_RCC_PLLP_DIV_21
2311:platform/HAL/inc/stm32g4xx_ll_rcc.h ****   *         @arg @ref LL_RCC_PLLP_DIV_22
2312:platform/HAL/inc/stm32g4xx_ll_rcc.h ****   *         @arg @ref LL_RCC_PLLP_DIV_23
2313:platform/HAL/inc/stm32g4xx_ll_rcc.h ****   *         @arg @ref LL_RCC_PLLP_DIV_24
2314:platform/HAL/inc/stm32g4xx_ll_rcc.h ****   *         @arg @ref LL_RCC_PLLP_DIV_25
2315:platform/HAL/inc/stm32g4xx_ll_rcc.h ****   *         @arg @ref LL_RCC_PLLP_DIV_26
2316:platform/HAL/inc/stm32g4xx_ll_rcc.h ****   *         @arg @ref LL_RCC_PLLP_DIV_27
2317:platform/HAL/inc/stm32g4xx_ll_rcc.h ****   *         @arg @ref LL_RCC_PLLP_DIV_28
2318:platform/HAL/inc/stm32g4xx_ll_rcc.h ****   *         @arg @ref LL_RCC_PLLP_DIV_29
2319:platform/HAL/inc/stm32g4xx_ll_rcc.h ****   *         @arg @ref LL_RCC_PLLP_DIV_30
2320:platform/HAL/inc/stm32g4xx_ll_rcc.h ****   *         @arg @ref LL_RCC_PLLP_DIV_31
2321:platform/HAL/inc/stm32g4xx_ll_rcc.h ****   */
2322:platform/HAL/inc/stm32g4xx_ll_rcc.h **** __STATIC_INLINE uint32_t LL_RCC_PLL_GetP(void)
2323:platform/HAL/inc/stm32g4xx_ll_rcc.h **** {
2324:platform/HAL/inc/stm32g4xx_ll_rcc.h ****   return (uint32_t) ((READ_BIT(RCC->PLLCFGR, RCC_PLLCFGR_PLLPDIV) != 0U) ? READ_BIT(RCC->PLLCFGR, R
2325:platform/HAL/inc/stm32g4xx_ll_rcc.h **** }
2326:platform/HAL/inc/stm32g4xx_ll_rcc.h **** 
2327:platform/HAL/inc/stm32g4xx_ll_rcc.h **** /**
2328:platform/HAL/inc/stm32g4xx_ll_rcc.h ****   * @brief  Get Main PLL division factor for PLLQ
2329:platform/HAL/inc/stm32g4xx_ll_rcc.h ****   * @note Used for PLL48M1CLK selected for USB, RNG (48 MHz clock)
2330:platform/HAL/inc/stm32g4xx_ll_rcc.h ****   * @rmtoll PLLCFGR      PLLQ          LL_RCC_PLL_GetQ
2331:platform/HAL/inc/stm32g4xx_ll_rcc.h ****   * @retval Returned value can be one of the following values:
2332:platform/HAL/inc/stm32g4xx_ll_rcc.h ****   *         @arg @ref LL_RCC_PLLQ_DIV_2
2333:platform/HAL/inc/stm32g4xx_ll_rcc.h ****   *         @arg @ref LL_RCC_PLLQ_DIV_4
2334:platform/HAL/inc/stm32g4xx_ll_rcc.h ****   *         @arg @ref LL_RCC_PLLQ_DIV_6
2335:platform/HAL/inc/stm32g4xx_ll_rcc.h ****   *         @arg @ref LL_RCC_PLLQ_DIV_8
2336:platform/HAL/inc/stm32g4xx_ll_rcc.h ****   */
2337:platform/HAL/inc/stm32g4xx_ll_rcc.h **** __STATIC_INLINE uint32_t LL_RCC_PLL_GetQ(void)
2338:platform/HAL/inc/stm32g4xx_ll_rcc.h **** {
2339:platform/HAL/inc/stm32g4xx_ll_rcc.h ****   return (uint32_t)(READ_BIT(RCC->PLLCFGR, RCC_PLLCFGR_PLLQ));
2340:platform/HAL/inc/stm32g4xx_ll_rcc.h **** }
2341:platform/HAL/inc/stm32g4xx_ll_rcc.h **** 
2342:platform/HAL/inc/stm32g4xx_ll_rcc.h **** /**
2343:platform/HAL/inc/stm32g4xx_ll_rcc.h ****   * @brief  Get Main PLL division factor for PLLR
2344:platform/HAL/inc/stm32g4xx_ll_rcc.h ****   * @note Used for PLLCLK (system clock)
2345:platform/HAL/inc/stm32g4xx_ll_rcc.h ****   * @rmtoll PLLCFGR      PLLR          LL_RCC_PLL_GetR
2346:platform/HAL/inc/stm32g4xx_ll_rcc.h ****   * @retval Returned value can be one of the following values:
2347:platform/HAL/inc/stm32g4xx_ll_rcc.h ****   *         @arg @ref LL_RCC_PLLR_DIV_2
2348:platform/HAL/inc/stm32g4xx_ll_rcc.h ****   *         @arg @ref LL_RCC_PLLR_DIV_4
2349:platform/HAL/inc/stm32g4xx_ll_rcc.h ****   *         @arg @ref LL_RCC_PLLR_DIV_6
2350:platform/HAL/inc/stm32g4xx_ll_rcc.h ****   *         @arg @ref LL_RCC_PLLR_DIV_8
2351:platform/HAL/inc/stm32g4xx_ll_rcc.h ****   */
2352:platform/HAL/inc/stm32g4xx_ll_rcc.h **** __STATIC_INLINE uint32_t LL_RCC_PLL_GetR(void)
2353:platform/HAL/inc/stm32g4xx_ll_rcc.h **** {
2354:platform/HAL/inc/stm32g4xx_ll_rcc.h ****   return (uint32_t)(READ_BIT(RCC->PLLCFGR, RCC_PLLCFGR_PLLR));
2355:platform/HAL/inc/stm32g4xx_ll_rcc.h **** }
2356:platform/HAL/inc/stm32g4xx_ll_rcc.h **** 
2357:platform/HAL/inc/stm32g4xx_ll_rcc.h **** /**
2358:platform/HAL/inc/stm32g4xx_ll_rcc.h ****   * @brief  Get Division factor for the main PLL and other PLL
2359:platform/HAL/inc/stm32g4xx_ll_rcc.h ****   * @rmtoll PLLCFGR      PLLM          LL_RCC_PLL_GetDivider
2360:platform/HAL/inc/stm32g4xx_ll_rcc.h ****   * @retval Returned value can be one of the following values:
2361:platform/HAL/inc/stm32g4xx_ll_rcc.h ****   *         @arg @ref LL_RCC_PLLM_DIV_1
2362:platform/HAL/inc/stm32g4xx_ll_rcc.h ****   *         @arg @ref LL_RCC_PLLM_DIV_2
2363:platform/HAL/inc/stm32g4xx_ll_rcc.h ****   *         @arg @ref LL_RCC_PLLM_DIV_3
2364:platform/HAL/inc/stm32g4xx_ll_rcc.h ****   *         @arg @ref LL_RCC_PLLM_DIV_4
2365:platform/HAL/inc/stm32g4xx_ll_rcc.h ****   *         @arg @ref LL_RCC_PLLM_DIV_5
ARM GAS  /tmp/ccY3Jimf.s 			page 102


2366:platform/HAL/inc/stm32g4xx_ll_rcc.h ****   *         @arg @ref LL_RCC_PLLM_DIV_6
2367:platform/HAL/inc/stm32g4xx_ll_rcc.h ****   *         @arg @ref LL_RCC_PLLM_DIV_7
2368:platform/HAL/inc/stm32g4xx_ll_rcc.h ****   *         @arg @ref LL_RCC_PLLM_DIV_8
2369:platform/HAL/inc/stm32g4xx_ll_rcc.h ****   *         @arg @ref LL_RCC_PLLM_DIV_9
2370:platform/HAL/inc/stm32g4xx_ll_rcc.h ****   *         @arg @ref LL_RCC_PLLM_DIV_10
2371:platform/HAL/inc/stm32g4xx_ll_rcc.h ****   *         @arg @ref LL_RCC_PLLM_DIV_11
2372:platform/HAL/inc/stm32g4xx_ll_rcc.h ****   *         @arg @ref LL_RCC_PLLM_DIV_12
2373:platform/HAL/inc/stm32g4xx_ll_rcc.h ****   *         @arg @ref LL_RCC_PLLM_DIV_13
2374:platform/HAL/inc/stm32g4xx_ll_rcc.h ****   *         @arg @ref LL_RCC_PLLM_DIV_14
2375:platform/HAL/inc/stm32g4xx_ll_rcc.h ****   *         @arg @ref LL_RCC_PLLM_DIV_15
2376:platform/HAL/inc/stm32g4xx_ll_rcc.h ****   *         @arg @ref LL_RCC_PLLM_DIV_16
2377:platform/HAL/inc/stm32g4xx_ll_rcc.h ****   */
2378:platform/HAL/inc/stm32g4xx_ll_rcc.h **** __STATIC_INLINE uint32_t LL_RCC_PLL_GetDivider(void)
2379:platform/HAL/inc/stm32g4xx_ll_rcc.h **** {
2380:platform/HAL/inc/stm32g4xx_ll_rcc.h ****   return (uint32_t)(READ_BIT(RCC->PLLCFGR, RCC_PLLCFGR_PLLM));
2381:platform/HAL/inc/stm32g4xx_ll_rcc.h **** }
2382:platform/HAL/inc/stm32g4xx_ll_rcc.h **** 
2383:platform/HAL/inc/stm32g4xx_ll_rcc.h **** /**
2384:platform/HAL/inc/stm32g4xx_ll_rcc.h ****   * @brief  Enable PLL output mapped on ADC domain clock
2385:platform/HAL/inc/stm32g4xx_ll_rcc.h ****   * @rmtoll PLLCFGR      PLLPEN        LL_RCC_PLL_EnableDomain_ADC
2386:platform/HAL/inc/stm32g4xx_ll_rcc.h ****   * @retval None
2387:platform/HAL/inc/stm32g4xx_ll_rcc.h ****   */
2388:platform/HAL/inc/stm32g4xx_ll_rcc.h **** __STATIC_INLINE void LL_RCC_PLL_EnableDomain_ADC(void)
2389:platform/HAL/inc/stm32g4xx_ll_rcc.h **** {
2390:platform/HAL/inc/stm32g4xx_ll_rcc.h ****   SET_BIT(RCC->PLLCFGR, RCC_PLLCFGR_PLLPEN);
2391:platform/HAL/inc/stm32g4xx_ll_rcc.h **** }
2392:platform/HAL/inc/stm32g4xx_ll_rcc.h **** 
2393:platform/HAL/inc/stm32g4xx_ll_rcc.h **** /**
2394:platform/HAL/inc/stm32g4xx_ll_rcc.h ****   * @brief  Disable PLL output mapped on ADC domain clock
2395:platform/HAL/inc/stm32g4xx_ll_rcc.h ****   * @note Cannot be disabled if the PLL clock is used as the system
2396:platform/HAL/inc/stm32g4xx_ll_rcc.h ****   *       clock
2397:platform/HAL/inc/stm32g4xx_ll_rcc.h ****   * @note In order to save power, when the PLLCLK  of the PLL is
2398:platform/HAL/inc/stm32g4xx_ll_rcc.h ****   *       not used,  should be 0
2399:platform/HAL/inc/stm32g4xx_ll_rcc.h ****   * @rmtoll PLLCFGR      PLLPEN        LL_RCC_PLL_DisableDomain_ADC
2400:platform/HAL/inc/stm32g4xx_ll_rcc.h ****   * @retval None
2401:platform/HAL/inc/stm32g4xx_ll_rcc.h ****   */
2402:platform/HAL/inc/stm32g4xx_ll_rcc.h **** __STATIC_INLINE void LL_RCC_PLL_DisableDomain_ADC(void)
2403:platform/HAL/inc/stm32g4xx_ll_rcc.h **** {
2404:platform/HAL/inc/stm32g4xx_ll_rcc.h ****   CLEAR_BIT(RCC->PLLCFGR, RCC_PLLCFGR_PLLPEN);
2405:platform/HAL/inc/stm32g4xx_ll_rcc.h **** }
2406:platform/HAL/inc/stm32g4xx_ll_rcc.h **** 
2407:platform/HAL/inc/stm32g4xx_ll_rcc.h **** /**
2408:platform/HAL/inc/stm32g4xx_ll_rcc.h ****   * @brief  Check if PLL output mapped on ADC domain clock is enabled
2409:platform/HAL/inc/stm32g4xx_ll_rcc.h ****   * @rmtoll PLLCFGR      PLLPEN        LL_RCC_PLL_IsEnabledDomain_ADC
2410:platform/HAL/inc/stm32g4xx_ll_rcc.h ****   * @retval State of bit (1 or 0).
2411:platform/HAL/inc/stm32g4xx_ll_rcc.h ****   */
2412:platform/HAL/inc/stm32g4xx_ll_rcc.h **** __STATIC_INLINE uint32_t LL_RCC_PLL_IsEnabledDomain_ADC(void)
2413:platform/HAL/inc/stm32g4xx_ll_rcc.h **** {
2414:platform/HAL/inc/stm32g4xx_ll_rcc.h ****   return ((READ_BIT(RCC->PLLCFGR, RCC_PLLCFGR_PLLPEN) == (RCC_PLLCFGR_PLLPEN)) ? 1UL : 0UL);
2415:platform/HAL/inc/stm32g4xx_ll_rcc.h **** }
2416:platform/HAL/inc/stm32g4xx_ll_rcc.h **** 
2417:platform/HAL/inc/stm32g4xx_ll_rcc.h **** /**
2418:platform/HAL/inc/stm32g4xx_ll_rcc.h ****   * @brief  Enable PLL output mapped on 48MHz domain clock
2419:platform/HAL/inc/stm32g4xx_ll_rcc.h ****   * @rmtoll PLLCFGR      PLLQEN        LL_RCC_PLL_EnableDomain_48M
2420:platform/HAL/inc/stm32g4xx_ll_rcc.h ****   * @retval None
2421:platform/HAL/inc/stm32g4xx_ll_rcc.h ****   */
2422:platform/HAL/inc/stm32g4xx_ll_rcc.h **** __STATIC_INLINE void LL_RCC_PLL_EnableDomain_48M(void)
ARM GAS  /tmp/ccY3Jimf.s 			page 103


2423:platform/HAL/inc/stm32g4xx_ll_rcc.h **** {
2424:platform/HAL/inc/stm32g4xx_ll_rcc.h ****   SET_BIT(RCC->PLLCFGR, RCC_PLLCFGR_PLLQEN);
2425:platform/HAL/inc/stm32g4xx_ll_rcc.h **** }
2426:platform/HAL/inc/stm32g4xx_ll_rcc.h **** 
2427:platform/HAL/inc/stm32g4xx_ll_rcc.h **** /**
2428:platform/HAL/inc/stm32g4xx_ll_rcc.h ****   * @brief  Disable PLL output mapped on 48MHz domain clock
2429:platform/HAL/inc/stm32g4xx_ll_rcc.h ****   * @note Cannot be disabled if the PLL clock is used as the system
2430:platform/HAL/inc/stm32g4xx_ll_rcc.h ****   *       clock
2431:platform/HAL/inc/stm32g4xx_ll_rcc.h ****   * @note In order to save power, when the PLLCLK  of the PLL is
2432:platform/HAL/inc/stm32g4xx_ll_rcc.h ****   *       not used,  should be 0
2433:platform/HAL/inc/stm32g4xx_ll_rcc.h ****   * @rmtoll PLLCFGR      PLLQEN        LL_RCC_PLL_DisableDomain_48M
2434:platform/HAL/inc/stm32g4xx_ll_rcc.h ****   * @retval None
2435:platform/HAL/inc/stm32g4xx_ll_rcc.h ****   */
2436:platform/HAL/inc/stm32g4xx_ll_rcc.h **** __STATIC_INLINE void LL_RCC_PLL_DisableDomain_48M(void)
2437:platform/HAL/inc/stm32g4xx_ll_rcc.h **** {
2438:platform/HAL/inc/stm32g4xx_ll_rcc.h ****   CLEAR_BIT(RCC->PLLCFGR, RCC_PLLCFGR_PLLQEN);
2439:platform/HAL/inc/stm32g4xx_ll_rcc.h **** }
2440:platform/HAL/inc/stm32g4xx_ll_rcc.h **** 
2441:platform/HAL/inc/stm32g4xx_ll_rcc.h **** /**
2442:platform/HAL/inc/stm32g4xx_ll_rcc.h ****   * @brief  Check if PLL output mapped on 48MHz domain clock is enabled
2443:platform/HAL/inc/stm32g4xx_ll_rcc.h ****   * @rmtoll PLLCFGR      PLLQEN        LL_RCC_PLL_IsEnabledDomain_48M
2444:platform/HAL/inc/stm32g4xx_ll_rcc.h ****   * @retval State of bit (1 or 0).
2445:platform/HAL/inc/stm32g4xx_ll_rcc.h ****   */
2446:platform/HAL/inc/stm32g4xx_ll_rcc.h **** __STATIC_INLINE uint32_t LL_RCC_PLL_IsEnabledDomain_48M(void)
2447:platform/HAL/inc/stm32g4xx_ll_rcc.h **** {
2448:platform/HAL/inc/stm32g4xx_ll_rcc.h ****   return ((READ_BIT(RCC->PLLCFGR, RCC_PLLCFGR_PLLQEN) == (RCC_PLLCFGR_PLLQEN)) ? 1UL : 0UL);
2449:platform/HAL/inc/stm32g4xx_ll_rcc.h **** }
2450:platform/HAL/inc/stm32g4xx_ll_rcc.h **** 
2451:platform/HAL/inc/stm32g4xx_ll_rcc.h **** /**
2452:platform/HAL/inc/stm32g4xx_ll_rcc.h ****   * @brief  Enable PLL output mapped on SYSCLK domain
2453:platform/HAL/inc/stm32g4xx_ll_rcc.h ****   * @rmtoll PLLCFGR      PLLREN        LL_RCC_PLL_EnableDomain_SYS
2454:platform/HAL/inc/stm32g4xx_ll_rcc.h ****   * @retval None
2455:platform/HAL/inc/stm32g4xx_ll_rcc.h ****   */
2456:platform/HAL/inc/stm32g4xx_ll_rcc.h **** __STATIC_INLINE void LL_RCC_PLL_EnableDomain_SYS(void)
 654              		.loc 2 2456 22 view .LVU199
 655              	.LBB71:
2457:platform/HAL/inc/stm32g4xx_ll_rcc.h **** {
2458:platform/HAL/inc/stm32g4xx_ll_rcc.h ****   SET_BIT(RCC->PLLCFGR, RCC_PLLCFGR_PLLREN);
 656              		.loc 2 2458 3 view .LVU200
 657 002a DA68     		ldr	r2, [r3, #12]
 658 002c 42F08072 		orr	r2, r2, #16777216
 659 0030 DA60     		str	r2, [r3, #12]
 660              	.LBE71:
 661              	.LBE70:
 663:platform/HAL/src/stm32g4xx_ll_utils.c ****     while (LL_RCC_PLL_IsReady() != 1U)
 662              		.loc 1 663 5 view .LVU201
 663              	.LBB73:
 664              	.LBB72:
2459:platform/HAL/inc/stm32g4xx_ll_rcc.h **** }
 665              		.loc 2 2459 1 is_stmt 0 view .LVU202
 666 0032 07E0     		b	.L51
 667              	.LVL61:
 668              	.L57:
 669              		.loc 2 2459 1 view .LVU203
 670              	.LBE72:
 671              	.LBE73:
 654:platform/HAL/src/stm32g4xx_ll_utils.c ****   }
ARM GAS  /tmp/ccY3Jimf.s 			page 104


 672              		.loc 1 654 5 is_stmt 1 view .LVU204
 654:platform/HAL/src/stm32g4xx_ll_utils.c ****   }
 673              		.loc 1 654 14 is_stmt 0 view .LVU205
 674 0034 2846     		mov	r0, r5
 675              	.LVL62:
 654:platform/HAL/src/stm32g4xx_ll_utils.c ****   }
 676              		.loc 1 654 14 view .LVU206
 677 0036 FFF7FEFF 		bl	LL_SetFlashLatency
 678              	.LVL63:
 658:platform/HAL/src/stm32g4xx_ll_utils.c ****   {
 679              		.loc 1 658 3 is_stmt 1 view .LVU207
 658:platform/HAL/src/stm32g4xx_ll_utils.c ****   {
 680              		.loc 1 658 5 is_stmt 0 view .LVU208
 681 003a 0646     		mov	r6, r0
 682 003c 38BB     		cbnz	r0, .L49
 683 003e EFE7     		b	.L48
 684              	.LVL64:
 685              	.L50:
 686              		.loc 1 663 33 discriminator 1 view .LVU209
 687 0040 012B     		cmp	r3, #1
 688 0042 06D0     		beq	.L58
 689              	.L51:
 664:platform/HAL/src/stm32g4xx_ll_utils.c ****     {
 665:platform/HAL/src/stm32g4xx_ll_utils.c ****       /* Wait for PLL ready */
 666:platform/HAL/src/stm32g4xx_ll_utils.c ****     }
 690              		.loc 1 666 5 is_stmt 1 view .LVU210
 663:platform/HAL/src/stm32g4xx_ll_utils.c ****     {
 691              		.loc 1 663 33 discriminator 1 view .LVU211
 692              	.LBB74:
 693              	.LBI74:
2084:platform/HAL/inc/stm32g4xx_ll_rcc.h **** {
 694              		.loc 2 2084 26 view .LVU212
 695              	.LBB75:
2086:platform/HAL/inc/stm32g4xx_ll_rcc.h **** }
 696              		.loc 2 2086 3 view .LVU213
2086:platform/HAL/inc/stm32g4xx_ll_rcc.h **** }
 697              		.loc 2 2086 12 is_stmt 0 view .LVU214
 698 0044 1C4B     		ldr	r3, .L61+8
 699 0046 1B68     		ldr	r3, [r3]
2086:platform/HAL/inc/stm32g4xx_ll_rcc.h **** }
 700              		.loc 2 2086 71 view .LVU215
 701 0048 13F00073 		ands	r3, r3, #33554432
 702 004c F8D0     		beq	.L50
2086:platform/HAL/inc/stm32g4xx_ll_rcc.h **** }
 703              		.loc 2 2086 71 discriminator 1 view .LVU216
 704 004e 0123     		movs	r3, #1
 705 0050 F6E7     		b	.L50
 706              	.L58:
 707              	.LBE75:
 708              	.LBE74:
 667:platform/HAL/src/stm32g4xx_ll_utils.c **** 
 668:platform/HAL/src/stm32g4xx_ll_utils.c ****     /* Sysclk activation on the main PLL */
 669:platform/HAL/src/stm32g4xx_ll_utils.c ****     LL_RCC_SetAHBPrescaler(UTILS_ClkInitStruct->AHBCLKDivider);
 709              		.loc 1 669 5 is_stmt 1 view .LVU217
 710 0052 2268     		ldr	r2, [r4]
 711              	.LVL65:
 712              	.LBB76:
ARM GAS  /tmp/ccY3Jimf.s 			page 105


 713              	.LBI76:
1379:platform/HAL/inc/stm32g4xx_ll_rcc.h **** {
 714              		.loc 2 1379 22 view .LVU218
 715              	.LBB77:
1381:platform/HAL/inc/stm32g4xx_ll_rcc.h **** }
 716              		.loc 2 1381 3 view .LVU219
 717 0054 184B     		ldr	r3, .L61+8
 718 0056 9968     		ldr	r1, [r3, #8]
 719 0058 21F0F001 		bic	r1, r1, #240
 720 005c 0A43     		orrs	r2, r2, r1
 721              	.LVL66:
1381:platform/HAL/inc/stm32g4xx_ll_rcc.h **** }
 722              		.loc 2 1381 3 is_stmt 0 view .LVU220
 723 005e 9A60     		str	r2, [r3, #8]
 724              	.LVL67:
1381:platform/HAL/inc/stm32g4xx_ll_rcc.h **** }
 725              		.loc 2 1381 3 view .LVU221
 726              	.LBE77:
 727              	.LBE76:
 670:platform/HAL/src/stm32g4xx_ll_utils.c ****     LL_RCC_SetSysClkSource(LL_RCC_SYS_CLKSOURCE_PLL);
 728              		.loc 1 670 5 is_stmt 1 view .LVU222
 729              	.LBB78:
 730              	.LBI78:
1346:platform/HAL/inc/stm32g4xx_ll_rcc.h **** {
 731              		.loc 2 1346 22 view .LVU223
 732              	.LBB79:
1348:platform/HAL/inc/stm32g4xx_ll_rcc.h **** }
 733              		.loc 2 1348 3 view .LVU224
 734 0060 9A68     		ldr	r2, [r3, #8]
 735 0062 42F00302 		orr	r2, r2, #3
 736 0066 9A60     		str	r2, [r3, #8]
 737              	.LVL68:
1348:platform/HAL/inc/stm32g4xx_ll_rcc.h **** }
 738              		.loc 2 1348 3 is_stmt 0 view .LVU225
 739              	.LBE79:
 740              	.LBE78:
 671:platform/HAL/src/stm32g4xx_ll_utils.c ****     while (LL_RCC_GetSysClkSource() != LL_RCC_SYS_CLKSOURCE_STATUS_PLL)
 741              		.loc 1 671 5 is_stmt 1 view .LVU226
 742              	.L52:
 672:platform/HAL/src/stm32g4xx_ll_utils.c ****     {
 673:platform/HAL/src/stm32g4xx_ll_utils.c ****       /* Wait for system clock switch to PLL */
 674:platform/HAL/src/stm32g4xx_ll_utils.c ****     }
 743              		.loc 1 674 5 view .LVU227
 671:platform/HAL/src/stm32g4xx_ll_utils.c ****     while (LL_RCC_GetSysClkSource() != LL_RCC_SYS_CLKSOURCE_STATUS_PLL)
 744              		.loc 1 671 37 discriminator 1 view .LVU228
 745              	.LBB80:
 746              	.LBI80:
1359:platform/HAL/inc/stm32g4xx_ll_rcc.h **** {
 747              		.loc 2 1359 26 view .LVU229
 748              	.LBB81:
1361:platform/HAL/inc/stm32g4xx_ll_rcc.h **** }
 749              		.loc 2 1361 3 view .LVU230
1361:platform/HAL/inc/stm32g4xx_ll_rcc.h **** }
 750              		.loc 2 1361 21 is_stmt 0 view .LVU231
 751 0068 134B     		ldr	r3, .L61+8
 752 006a 9B68     		ldr	r3, [r3, #8]
1361:platform/HAL/inc/stm32g4xx_ll_rcc.h **** }
ARM GAS  /tmp/ccY3Jimf.s 			page 106


 753              		.loc 2 1361 10 view .LVU232
 754 006c 03F00C03 		and	r3, r3, #12
 755              	.LBE81:
 756              	.LBE80:
 671:platform/HAL/src/stm32g4xx_ll_utils.c ****     {
 757              		.loc 1 671 37 discriminator 1 view .LVU233
 758 0070 0C2B     		cmp	r3, #12
 759 0072 F9D1     		bne	.L52
 675:platform/HAL/src/stm32g4xx_ll_utils.c **** 
 676:platform/HAL/src/stm32g4xx_ll_utils.c ****     /* Set APB1 & APB2 prescaler*/
 677:platform/HAL/src/stm32g4xx_ll_utils.c ****     LL_RCC_SetAPB1Prescaler(UTILS_ClkInitStruct->APB1CLKDivider);
 760              		.loc 1 677 5 is_stmt 1 view .LVU234
 761 0074 6268     		ldr	r2, [r4, #4]
 762              	.LVL69:
 763              	.LBB82:
 764              	.LBI82:
1395:platform/HAL/inc/stm32g4xx_ll_rcc.h **** {
 765              		.loc 2 1395 22 view .LVU235
 766              	.LBB83:
1397:platform/HAL/inc/stm32g4xx_ll_rcc.h **** }
 767              		.loc 2 1397 3 view .LVU236
 768 0076 104B     		ldr	r3, .L61+8
 769 0078 9968     		ldr	r1, [r3, #8]
 770 007a 21F4E061 		bic	r1, r1, #1792
 771 007e 0A43     		orrs	r2, r2, r1
 772              	.LVL70:
1397:platform/HAL/inc/stm32g4xx_ll_rcc.h **** }
 773              		.loc 2 1397 3 is_stmt 0 view .LVU237
 774 0080 9A60     		str	r2, [r3, #8]
 775              	.LVL71:
1397:platform/HAL/inc/stm32g4xx_ll_rcc.h **** }
 776              		.loc 2 1397 3 view .LVU238
 777              	.LBE83:
 778              	.LBE82:
 678:platform/HAL/src/stm32g4xx_ll_utils.c ****     LL_RCC_SetAPB2Prescaler(UTILS_ClkInitStruct->APB2CLKDivider);
 779              		.loc 1 678 5 is_stmt 1 view .LVU239
 780 0082 A268     		ldr	r2, [r4, #8]
 781              	.LVL72:
 782              	.LBB84:
 783              	.LBI84:
1411:platform/HAL/inc/stm32g4xx_ll_rcc.h **** {
 784              		.loc 2 1411 22 view .LVU240
 785              	.LBB85:
1413:platform/HAL/inc/stm32g4xx_ll_rcc.h **** }
 786              		.loc 2 1413 3 view .LVU241
 787 0084 9968     		ldr	r1, [r3, #8]
 788 0086 21F46051 		bic	r1, r1, #14336
 789 008a 0A43     		orrs	r2, r2, r1
 790              	.LVL73:
1413:platform/HAL/inc/stm32g4xx_ll_rcc.h **** }
 791              		.loc 2 1413 3 is_stmt 0 view .LVU242
 792 008c 9A60     		str	r2, [r3, #8]
 793              	.LVL74:
 794              	.L49:
1413:platform/HAL/inc/stm32g4xx_ll_rcc.h **** }
 795              		.loc 2 1413 3 view .LVU243
 796              	.LBE85:
ARM GAS  /tmp/ccY3Jimf.s 			page 107


 797              	.LBE84:
 679:platform/HAL/src/stm32g4xx_ll_utils.c ****   }
 680:platform/HAL/src/stm32g4xx_ll_utils.c ****     
 681:platform/HAL/src/stm32g4xx_ll_utils.c ****   /* Decreasing the number of wait states because of lower CPU frequency */
 682:platform/HAL/src/stm32g4xx_ll_utils.c ****   if(SystemCoreClock > hclk_frequency)
 798              		.loc 1 682 3 is_stmt 1 view .LVU244
 799              		.loc 1 682 22 is_stmt 0 view .LVU245
 800 008e 094B     		ldr	r3, .L61+4
 801 0090 1B68     		ldr	r3, [r3]
 802              		.loc 1 682 5 view .LVU246
 803 0092 AB42     		cmp	r3, r5
 804 0094 02D8     		bhi	.L59
 805              	.L53:
 806              	.LVL75:
 683:platform/HAL/src/stm32g4xx_ll_utils.c ****   {
 684:platform/HAL/src/stm32g4xx_ll_utils.c ****     /* Set FLASH latency to lowest latency */
 685:platform/HAL/src/stm32g4xx_ll_utils.c ****     status = LL_SetFlashLatency(hclk_frequency);
 686:platform/HAL/src/stm32g4xx_ll_utils.c ****   }
 687:platform/HAL/src/stm32g4xx_ll_utils.c **** 
 688:platform/HAL/src/stm32g4xx_ll_utils.c ****   /* Update SystemCoreClock variable */
 689:platform/HAL/src/stm32g4xx_ll_utils.c ****   if(status == SUCCESS)
 807              		.loc 1 689 3 is_stmt 1 view .LVU247
 808              		.loc 1 689 5 is_stmt 0 view .LVU248
 809 0096 36B1     		cbz	r6, .L60
 810              	.L54:
 690:platform/HAL/src/stm32g4xx_ll_utils.c ****   {
 691:platform/HAL/src/stm32g4xx_ll_utils.c ****     LL_SetSystemCoreClock(hclk_frequency);
 692:platform/HAL/src/stm32g4xx_ll_utils.c ****   }
 693:platform/HAL/src/stm32g4xx_ll_utils.c **** 
 694:platform/HAL/src/stm32g4xx_ll_utils.c ****   return status;
 811              		.loc 1 694 3 is_stmt 1 view .LVU249
 695:platform/HAL/src/stm32g4xx_ll_utils.c **** }
 812              		.loc 1 695 1 is_stmt 0 view .LVU250
 813 0098 3046     		mov	r0, r6
 814 009a 70BD     		pop	{r4, r5, r6, pc}
 815              	.LVL76:
 816              	.L59:
 685:platform/HAL/src/stm32g4xx_ll_utils.c ****   }
 817              		.loc 1 685 5 is_stmt 1 view .LVU251
 685:platform/HAL/src/stm32g4xx_ll_utils.c ****   }
 818              		.loc 1 685 14 is_stmt 0 view .LVU252
 819 009c 2846     		mov	r0, r5
 820 009e FFF7FEFF 		bl	LL_SetFlashLatency
 821              	.LVL77:
 822 00a2 0646     		mov	r6, r0
 823 00a4 F7E7     		b	.L53
 824              	.LVL78:
 825              	.L60:
 691:platform/HAL/src/stm32g4xx_ll_utils.c ****   }
 826              		.loc 1 691 5 is_stmt 1 view .LVU253
 827 00a6 2846     		mov	r0, r5
 828 00a8 FFF7FEFF 		bl	LL_SetSystemCoreClock
 829              	.LVL79:
 830 00ac F4E7     		b	.L54
 831              	.L62:
 832 00ae 00BF     		.align	2
 833              	.L61:
ARM GAS  /tmp/ccY3Jimf.s 			page 108


 834 00b0 00000000 		.word	AHBPrescTable
 835 00b4 00000000 		.word	SystemCoreClock
 836 00b8 00100240 		.word	1073876992
 837              		.cfi_endproc
 838              	.LFE641:
 840              		.section	.text.LL_PLL_ConfigSystemClock_HSI,"ax",%progbits
 841              		.align	1
 842              		.global	LL_PLL_ConfigSystemClock_HSI
 843              		.syntax unified
 844              		.thumb
 845              		.thumb_func
 847              	LL_PLL_ConfigSystemClock_HSI:
 848              	.LVL80:
 849              	.LFB637:
 408:platform/HAL/src/stm32g4xx_ll_utils.c ****   ErrorStatus status;
 850              		.loc 1 408 1 view -0
 851              		.cfi_startproc
 852              		@ args = 0, pretend = 0, frame = 0
 853              		@ frame_needed = 0, uses_anonymous_args = 0
 408:platform/HAL/src/stm32g4xx_ll_utils.c ****   ErrorStatus status;
 854              		.loc 1 408 1 is_stmt 0 view .LVU255
 855 0000 F8B5     		push	{r3, r4, r5, r6, r7, lr}
 856              	.LCFI3:
 857              		.cfi_def_cfa_offset 24
 858              		.cfi_offset 3, -24
 859              		.cfi_offset 4, -20
 860              		.cfi_offset 5, -16
 861              		.cfi_offset 6, -12
 862              		.cfi_offset 7, -8
 863              		.cfi_offset 14, -4
 864 0002 0446     		mov	r4, r0
 865 0004 0D46     		mov	r5, r1
 409:platform/HAL/src/stm32g4xx_ll_utils.c ****   uint32_t pllfreq;
 866              		.loc 1 409 3 is_stmt 1 view .LVU256
 410:platform/HAL/src/stm32g4xx_ll_utils.c ****   uint32_t hpre = LL_RCC_SYSCLK_DIV_1;
 867              		.loc 1 410 3 view .LVU257
 411:platform/HAL/src/stm32g4xx_ll_utils.c **** 
 868              		.loc 1 411 3 view .LVU258
 869              	.LVL81:
 414:platform/HAL/src/stm32g4xx_ll_utils.c ****   {
 870              		.loc 1 414 3 view .LVU259
 414:platform/HAL/src/stm32g4xx_ll_utils.c ****   {
 871              		.loc 1 414 6 is_stmt 0 view .LVU260
 872 0006 FFF7FEFF 		bl	UTILS_PLL_IsBusy
 873              	.LVL82:
 414:platform/HAL/src/stm32g4xx_ll_utils.c ****   {
 874              		.loc 1 414 5 discriminator 1 view .LVU261
 875 000a 0028     		cmp	r0, #0
 876 000c 48D1     		bne	.L69
 417:platform/HAL/src/stm32g4xx_ll_utils.c **** 
 877              		.loc 1 417 5 is_stmt 1 view .LVU262
 417:platform/HAL/src/stm32g4xx_ll_utils.c **** 
 878              		.loc 1 417 15 is_stmt 0 view .LVU263
 879 000e 2146     		mov	r1, r4
 880 0010 2548     		ldr	r0, .L73
 881 0012 FFF7FEFF 		bl	UTILS_GetPLLOutputFrequency
 882              	.LVL83:
ARM GAS  /tmp/ccY3Jimf.s 			page 109


 883 0016 0646     		mov	r6, r0
 884              	.LVL84:
 420:platform/HAL/src/stm32g4xx_ll_utils.c ****     {
 885              		.loc 1 420 5 is_stmt 1 view .LVU264
 886              	.LBB86:
 887              	.LBI86:
1029:platform/HAL/inc/stm32g4xx_ll_rcc.h **** {
 888              		.loc 2 1029 26 view .LVU265
 889              	.LBB87:
1031:platform/HAL/inc/stm32g4xx_ll_rcc.h **** }
 890              		.loc 2 1031 3 view .LVU266
1031:platform/HAL/inc/stm32g4xx_ll_rcc.h **** }
 891              		.loc 2 1031 12 is_stmt 0 view .LVU267
 892 0018 244B     		ldr	r3, .L73+4
 893 001a 1B68     		ldr	r3, [r3]
1031:platform/HAL/inc/stm32g4xx_ll_rcc.h **** }
 894              		.loc 2 1031 71 view .LVU268
 895 001c 13F4806F 		tst	r3, #1024
 896 0020 0ED1     		bne	.L65
 897              	.LBE87:
 898              	.LBE86:
 422:platform/HAL/src/stm32g4xx_ll_utils.c ****       while (LL_RCC_HSI_IsReady() != 1U)
 899              		.loc 1 422 7 is_stmt 1 view .LVU269
 900              	.LBB88:
 901              	.LBI88:
1009:platform/HAL/inc/stm32g4xx_ll_rcc.h **** {
 902              		.loc 2 1009 22 view .LVU270
 903              	.LBB89:
1011:platform/HAL/inc/stm32g4xx_ll_rcc.h **** }
 904              		.loc 2 1011 3 view .LVU271
 905 0022 224A     		ldr	r2, .L73+4
 906 0024 1368     		ldr	r3, [r2]
 907 0026 43F48073 		orr	r3, r3, #256
 908 002a 1360     		str	r3, [r2]
 909              	.LBE89:
 910              	.LBE88:
 423:platform/HAL/src/stm32g4xx_ll_utils.c ****       {
 911              		.loc 1 423 7 view .LVU272
 912              	.LBB91:
 913              	.LBB90:
1012:platform/HAL/inc/stm32g4xx_ll_rcc.h **** 
 914              		.loc 2 1012 1 is_stmt 0 view .LVU273
 915 002c 01E0     		b	.L67
 916              	.L66:
 917              	.LBE90:
 918              	.LBE91:
 423:platform/HAL/src/stm32g4xx_ll_utils.c ****       {
 919              		.loc 1 423 35 discriminator 1 view .LVU274
 920 002e 012B     		cmp	r3, #1
 921 0030 06D0     		beq	.L65
 922              	.L67:
 426:platform/HAL/src/stm32g4xx_ll_utils.c ****     }
 923              		.loc 1 426 7 is_stmt 1 view .LVU275
 423:platform/HAL/src/stm32g4xx_ll_utils.c ****       {
 924              		.loc 1 423 35 discriminator 1 view .LVU276
 925              	.LBB92:
 926              	.LBI92:
ARM GAS  /tmp/ccY3Jimf.s 			page 110


1029:platform/HAL/inc/stm32g4xx_ll_rcc.h **** {
 927              		.loc 2 1029 26 view .LVU277
 928              	.LBB93:
1031:platform/HAL/inc/stm32g4xx_ll_rcc.h **** }
 929              		.loc 2 1031 3 view .LVU278
1031:platform/HAL/inc/stm32g4xx_ll_rcc.h **** }
 930              		.loc 2 1031 12 is_stmt 0 view .LVU279
 931 0032 1E4B     		ldr	r3, .L73+4
 932 0034 1B68     		ldr	r3, [r3]
1031:platform/HAL/inc/stm32g4xx_ll_rcc.h **** }
 933              		.loc 2 1031 71 view .LVU280
 934 0036 13F48063 		ands	r3, r3, #1024
 935 003a F8D0     		beq	.L66
1031:platform/HAL/inc/stm32g4xx_ll_rcc.h **** }
 936              		.loc 2 1031 71 discriminator 1 view .LVU281
 937 003c 0123     		movs	r3, #1
 938 003e F6E7     		b	.L66
 939              	.L65:
 940              	.LBE93:
 941              	.LBE92:
 430:platform/HAL/src/stm32g4xx_ll_utils.c ****                                 UTILS_PLLInitStruct->PLLR);
 942              		.loc 1 430 5 is_stmt 1 view .LVU282
 943 0040 2268     		ldr	r2, [r4]
 944 0042 6768     		ldr	r7, [r4, #4]
 945 0044 A168     		ldr	r1, [r4, #8]
 946              	.LVL85:
 947              	.LBB94:
 948              	.LBI94:
2127:platform/HAL/inc/stm32g4xx_ll_rcc.h **** {
 949              		.loc 2 2127 22 view .LVU283
 950              	.LBB95:
2129:platform/HAL/inc/stm32g4xx_ll_rcc.h ****              Source | PLLM | (PLLN << RCC_PLLCFGR_PLLN_Pos) | PLLR);
 951              		.loc 2 2129 3 view .LVU284
 952 0046 1948     		ldr	r0, .L73+4
 953              	.LVL86:
2129:platform/HAL/inc/stm32g4xx_ll_rcc.h ****              Source | PLLM | (PLLN << RCC_PLLCFGR_PLLN_Pos) | PLLR);
 954              		.loc 2 2129 3 is_stmt 0 view .LVU285
 955 0048 C468     		ldr	r4, [r0, #12]
 956              	.LVL87:
2129:platform/HAL/inc/stm32g4xx_ll_rcc.h ****              Source | PLLM | (PLLN << RCC_PLLCFGR_PLLN_Pos) | PLLR);
 957              		.loc 2 2129 3 view .LVU286
 958 004a 194B     		ldr	r3, .L73+8
 959 004c 2340     		ands	r3, r3, r4
 960 004e 42F00202 		orr	r2, r2, #2
 961              	.LVL88:
2129:platform/HAL/inc/stm32g4xx_ll_rcc.h ****              Source | PLLM | (PLLN << RCC_PLLCFGR_PLLN_Pos) | PLLR);
 962              		.loc 2 2129 3 view .LVU287
 963 0052 42EA0722 		orr	r2, r2, r7, lsl #8
 964 0056 0A43     		orrs	r2, r2, r1
 965 0058 1343     		orrs	r3, r3, r2
 966 005a C360     		str	r3, [r0, #12]
 967              	.LVL89:
2129:platform/HAL/inc/stm32g4xx_ll_rcc.h ****              Source | PLLM | (PLLN << RCC_PLLCFGR_PLLN_Pos) | PLLR);
 968              		.loc 2 2129 3 view .LVU288
 969              	.LBE95:
 970              	.LBE94:
 434:platform/HAL/src/stm32g4xx_ll_utils.c ****     {
ARM GAS  /tmp/ccY3Jimf.s 			page 111


 971              		.loc 1 434 5 is_stmt 1 view .LVU289
 434:platform/HAL/src/stm32g4xx_ll_utils.c ****     {
 972              		.loc 1 434 7 is_stmt 0 view .LVU290
 973 005c 154B     		ldr	r3, .L73+12
 974 005e 9E42     		cmp	r6, r3
 975 0060 04D9     		bls	.L70
 436:platform/HAL/src/stm32g4xx_ll_utils.c ****       {
 976              		.loc 1 436 7 is_stmt 1 view .LVU291
 436:platform/HAL/src/stm32g4xx_ll_utils.c ****       {
 977              		.loc 1 436 30 is_stmt 0 view .LVU292
 978 0062 2B68     		ldr	r3, [r5]
 436:platform/HAL/src/stm32g4xx_ll_utils.c ****       {
 979              		.loc 1 436 10 view .LVU293
 980 0064 D3B9     		cbnz	r3, .L71
 438:platform/HAL/src/stm32g4xx_ll_utils.c ****         hpre = LL_RCC_SYSCLK_DIV_2;
 981              		.loc 1 438 9 is_stmt 1 view .LVU294
 438:platform/HAL/src/stm32g4xx_ll_utils.c ****         hpre = LL_RCC_SYSCLK_DIV_2;
 982              		.loc 1 438 44 is_stmt 0 view .LVU295
 983 0066 8027     		movs	r7, #128
 984 0068 2F60     		str	r7, [r5]
 439:platform/HAL/src/stm32g4xx_ll_utils.c ****       }
 985              		.loc 1 439 9 is_stmt 1 view .LVU296
 986              	.LVL90:
 439:platform/HAL/src/stm32g4xx_ll_utils.c ****       }
 987              		.loc 1 439 9 is_stmt 0 view .LVU297
 988 006a 00E0     		b	.L68
 989              	.LVL91:
 990              	.L70:
 411:platform/HAL/src/stm32g4xx_ll_utils.c **** 
 991              		.loc 1 411 12 view .LVU298
 992 006c 0027     		movs	r7, #0
 993              	.LVL92:
 994              	.L68:
 444:platform/HAL/src/stm32g4xx_ll_utils.c **** 
 995              		.loc 1 444 5 is_stmt 1 view .LVU299
 444:platform/HAL/src/stm32g4xx_ll_utils.c **** 
 996              		.loc 1 444 14 is_stmt 0 view .LVU300
 997 006e 2946     		mov	r1, r5
 998 0070 3046     		mov	r0, r6
 999 0072 FFF7FEFF 		bl	UTILS_EnablePLLAndSwitchSystem
 1000              	.LVL93:
 447:platform/HAL/src/stm32g4xx_ll_utils.c ****     {
 1001              		.loc 1 447 5 is_stmt 1 view .LVU301
 447:platform/HAL/src/stm32g4xx_ll_utils.c ****     {
 1002              		.loc 1 447 8 is_stmt 0 view .LVU302
 1003 0076 0446     		mov	r4, r0
 1004 0078 98B9     		cbnz	r0, .L64
 447:platform/HAL/src/stm32g4xx_ll_utils.c ****     {
 1005              		.loc 1 447 29 discriminator 1 view .LVU303
 1006 007a 97B1     		cbz	r7, .L64
 450:platform/HAL/src/stm32g4xx_ll_utils.c ****       if (status == SUCCESS)
 1007              		.loc 1 450 7 is_stmt 1 view .LVU304
 450:platform/HAL/src/stm32g4xx_ll_utils.c ****       if (status == SUCCESS)
 1008              		.loc 1 450 16 is_stmt 0 view .LVU305
 1009 007c 3046     		mov	r0, r6
 1010              	.LVL94:
 450:platform/HAL/src/stm32g4xx_ll_utils.c ****       if (status == SUCCESS)
ARM GAS  /tmp/ccY3Jimf.s 			page 112


 1011              		.loc 1 450 16 view .LVU306
 1012 007e FFF7FEFF 		bl	LL_SetFlashLatency
 1013              	.LVL95:
 451:platform/HAL/src/stm32g4xx_ll_utils.c ****       {
 1014              		.loc 1 451 7 is_stmt 1 view .LVU307
 451:platform/HAL/src/stm32g4xx_ll_utils.c ****       {
 1015              		.loc 1 451 10 is_stmt 0 view .LVU308
 1016 0082 0446     		mov	r4, r0
 1017 0084 68B9     		cbnz	r0, .L64
 453:platform/HAL/src/stm32g4xx_ll_utils.c ****         LL_RCC_SetAHBPrescaler(UTILS_ClkInitStruct->AHBCLKDivider);
 1018              		.loc 1 453 9 is_stmt 1 view .LVU309
 453:platform/HAL/src/stm32g4xx_ll_utils.c ****         LL_RCC_SetAHBPrescaler(UTILS_ClkInitStruct->AHBCLKDivider);
 1019              		.loc 1 453 44 is_stmt 0 view .LVU310
 1020 0086 0023     		movs	r3, #0
 1021 0088 2B60     		str	r3, [r5]
 454:platform/HAL/src/stm32g4xx_ll_utils.c ****         LL_SetSystemCoreClock(pllfreq);
 1022              		.loc 1 454 9 is_stmt 1 view .LVU311
 1023              	.LVL96:
 1024              	.LBB96:
 1025              	.LBI96:
1379:platform/HAL/inc/stm32g4xx_ll_rcc.h **** {
 1026              		.loc 2 1379 22 view .LVU312
 1027              	.LBB97:
1381:platform/HAL/inc/stm32g4xx_ll_rcc.h **** }
 1028              		.loc 2 1381 3 view .LVU313
 1029 008a 084A     		ldr	r2, .L73+4
 1030 008c 9368     		ldr	r3, [r2, #8]
 1031 008e 23F0F003 		bic	r3, r3, #240
 1032 0092 9360     		str	r3, [r2, #8]
 1033              	.LVL97:
1381:platform/HAL/inc/stm32g4xx_ll_rcc.h **** }
 1034              		.loc 2 1381 3 is_stmt 0 view .LVU314
 1035              	.LBE97:
 1036              	.LBE96:
 455:platform/HAL/src/stm32g4xx_ll_utils.c ****       }
 1037              		.loc 1 455 9 is_stmt 1 view .LVU315
 1038 0094 3046     		mov	r0, r6
 1039              	.LVL98:
 455:platform/HAL/src/stm32g4xx_ll_utils.c ****       }
 1040              		.loc 1 455 9 is_stmt 0 view .LVU316
 1041 0096 FFF7FEFF 		bl	LL_SetSystemCoreClock
 1042              	.LVL99:
 1043 009a 02E0     		b	.L64
 1044              	.LVL100:
 1045              	.L71:
 411:platform/HAL/src/stm32g4xx_ll_utils.c **** 
 1046              		.loc 1 411 12 view .LVU317
 1047 009c 0027     		movs	r7, #0
 1048 009e E6E7     		b	.L68
 1049              	.LVL101:
 1050              	.L69:
 462:platform/HAL/src/stm32g4xx_ll_utils.c ****   }
 1051              		.loc 1 462 12 view .LVU318
 1052 00a0 0124     		movs	r4, #1
 1053              	.LVL102:
 1054              	.L64:
 465:platform/HAL/src/stm32g4xx_ll_utils.c **** }
ARM GAS  /tmp/ccY3Jimf.s 			page 113


 1055              		.loc 1 465 3 is_stmt 1 view .LVU319
 466:platform/HAL/src/stm32g4xx_ll_utils.c **** 
 1056              		.loc 1 466 1 is_stmt 0 view .LVU320
 1057 00a2 2046     		mov	r0, r4
 1058 00a4 F8BD     		pop	{r3, r4, r5, r6, r7, pc}
 1059              	.LVL103:
 1060              	.L74:
 466:platform/HAL/src/stm32g4xx_ll_utils.c **** 
 1061              		.loc 1 466 1 view .LVU321
 1062 00a6 00BF     		.align	2
 1063              	.L73:
 1064 00a8 0024F400 		.word	16000000
 1065 00ac 00100240 		.word	1073876992
 1066 00b0 0C80FFF9 		.word	-100696052
 1067 00b4 00B4C404 		.word	80000000
 1068              		.cfi_endproc
 1069              	.LFE637:
 1071              		.section	.text.LL_PLL_ConfigSystemClock_HSE,"ax",%progbits
 1072              		.align	1
 1073              		.global	LL_PLL_ConfigSystemClock_HSE
 1074              		.syntax unified
 1075              		.thumb
 1076              		.thumb_func
 1078              	LL_PLL_ConfigSystemClock_HSE:
 1079              	.LVL104:
 1080              	.LFB638:
 490:platform/HAL/src/stm32g4xx_ll_utils.c ****   ErrorStatus status;
 1081              		.loc 1 490 1 is_stmt 1 view -0
 1082              		.cfi_startproc
 1083              		@ args = 0, pretend = 0, frame = 0
 1084              		@ frame_needed = 0, uses_anonymous_args = 0
 490:platform/HAL/src/stm32g4xx_ll_utils.c ****   ErrorStatus status;
 1085              		.loc 1 490 1 is_stmt 0 view .LVU323
 1086 0000 2DE9F041 		push	{r4, r5, r6, r7, r8, lr}
 1087              	.LCFI4:
 1088              		.cfi_def_cfa_offset 24
 1089              		.cfi_offset 4, -24
 1090              		.cfi_offset 5, -20
 1091              		.cfi_offset 6, -16
 1092              		.cfi_offset 7, -12
 1093              		.cfi_offset 8, -8
 1094              		.cfi_offset 14, -4
 1095 0004 0446     		mov	r4, r0
 1096 0006 8846     		mov	r8, r1
 1097 0008 1546     		mov	r5, r2
 1098 000a 1E46     		mov	r6, r3
 491:platform/HAL/src/stm32g4xx_ll_utils.c ****   uint32_t pllfreq;
 1099              		.loc 1 491 3 is_stmt 1 view .LVU324
 492:platform/HAL/src/stm32g4xx_ll_utils.c ****   uint32_t hpre = LL_RCC_SYSCLK_DIV_1;
 1100              		.loc 1 492 3 view .LVU325
 493:platform/HAL/src/stm32g4xx_ll_utils.c **** 
 1101              		.loc 1 493 3 view .LVU326
 1102              	.LVL105:
 496:platform/HAL/src/stm32g4xx_ll_utils.c ****   assert_param(IS_LL_UTILS_HSE_BYPASS(HSEBypass));
 1103              		.loc 1 496 3 view .LVU327
 497:platform/HAL/src/stm32g4xx_ll_utils.c **** 
 1104              		.loc 1 497 3 view .LVU328
ARM GAS  /tmp/ccY3Jimf.s 			page 114


 500:platform/HAL/src/stm32g4xx_ll_utils.c ****   {
 1105              		.loc 1 500 3 view .LVU329
 500:platform/HAL/src/stm32g4xx_ll_utils.c ****   {
 1106              		.loc 1 500 6 is_stmt 0 view .LVU330
 1107 000c FFF7FEFF 		bl	UTILS_PLL_IsBusy
 1108              	.LVL106:
 500:platform/HAL/src/stm32g4xx_ll_utils.c ****   {
 1109              		.loc 1 500 5 discriminator 1 view .LVU331
 1110 0010 0028     		cmp	r0, #0
 1111 0012 56D1     		bne	.L83
 503:platform/HAL/src/stm32g4xx_ll_utils.c **** 
 1112              		.loc 1 503 5 is_stmt 1 view .LVU332
 503:platform/HAL/src/stm32g4xx_ll_utils.c **** 
 1113              		.loc 1 503 15 is_stmt 0 view .LVU333
 1114 0014 2946     		mov	r1, r5
 1115 0016 2046     		mov	r0, r4
 1116 0018 FFF7FEFF 		bl	UTILS_GetPLLOutputFrequency
 1117              	.LVL107:
 1118 001c 0746     		mov	r7, r0
 1119              	.LVL108:
 506:platform/HAL/src/stm32g4xx_ll_utils.c ****     {
 1120              		.loc 1 506 5 is_stmt 1 view .LVU334
 1121              	.LBB98:
 1122              	.LBI98:
 970:platform/HAL/inc/stm32g4xx_ll_rcc.h **** {
 1123              		.loc 2 970 26 view .LVU335
 1124              	.LBB99:
 972:platform/HAL/inc/stm32g4xx_ll_rcc.h **** }
 1125              		.loc 2 972 3 view .LVU336
 972:platform/HAL/inc/stm32g4xx_ll_rcc.h **** }
 1126              		.loc 2 972 12 is_stmt 0 view .LVU337
 1127 001e 2B4B     		ldr	r3, .L88
 1128 0020 1B68     		ldr	r3, [r3]
 972:platform/HAL/inc/stm32g4xx_ll_rcc.h **** }
 1129              		.loc 2 972 71 view .LVU338
 1130 0022 13F4003F 		tst	r3, #131072
 1131 0026 1CD1     		bne	.L77
 1132              	.LBE99:
 1133              	.LBE98:
 509:platform/HAL/src/stm32g4xx_ll_utils.c ****       {
 1134              		.loc 1 509 7 is_stmt 1 view .LVU339
 509:platform/HAL/src/stm32g4xx_ll_utils.c ****       {
 1135              		.loc 1 509 9 is_stmt 0 view .LVU340
 1136 0028 B8F1010F 		cmp	r8, #1
 1137 002c 0AD0     		beq	.L87
 515:platform/HAL/src/stm32g4xx_ll_utils.c ****       }
 1138              		.loc 1 515 9 is_stmt 1 view .LVU341
 1139              	.LBB100:
 1140              	.LBI100:
 940:platform/HAL/inc/stm32g4xx_ll_rcc.h **** {
 1141              		.loc 2 940 22 view .LVU342
 1142              	.LBB101:
 942:platform/HAL/inc/stm32g4xx_ll_rcc.h **** }
 1143              		.loc 2 942 3 view .LVU343
 1144 002e 274A     		ldr	r2, .L88
 1145 0030 1368     		ldr	r3, [r2]
 1146 0032 23F48023 		bic	r3, r3, #262144
ARM GAS  /tmp/ccY3Jimf.s 			page 115


 1147 0036 1360     		str	r3, [r2]
 1148              	.L79:
 1149              	.LBE101:
 1150              	.LBE100:
 519:platform/HAL/src/stm32g4xx_ll_utils.c ****       while (LL_RCC_HSE_IsReady() != 1U)
 1151              		.loc 1 519 7 view .LVU344
 1152              	.LBB102:
 1153              	.LBI102:
 950:platform/HAL/inc/stm32g4xx_ll_rcc.h **** {
 1154              		.loc 2 950 22 view .LVU345
 1155              	.LBB103:
 952:platform/HAL/inc/stm32g4xx_ll_rcc.h **** }
 1156              		.loc 2 952 3 view .LVU346
 1157 0038 244A     		ldr	r2, .L88
 1158 003a 1368     		ldr	r3, [r2]
 1159 003c 43F48033 		orr	r3, r3, #65536
 1160 0040 1360     		str	r3, [r2]
 1161              	.LBE103:
 1162              	.LBE102:
 520:platform/HAL/src/stm32g4xx_ll_utils.c ****       {
 1163              		.loc 1 520 7 view .LVU347
 1164              	.LBB105:
 1165              	.LBB104:
 953:platform/HAL/inc/stm32g4xx_ll_rcc.h **** 
 1166              		.loc 2 953 1 is_stmt 0 view .LVU348
 1167 0042 07E0     		b	.L81
 1168              	.L87:
 1169              	.LBE104:
 1170              	.LBE105:
 511:platform/HAL/src/stm32g4xx_ll_utils.c ****       }
 1171              		.loc 1 511 9 is_stmt 1 view .LVU349
 1172              	.LBB106:
 1173              	.LBI106:
 930:platform/HAL/inc/stm32g4xx_ll_rcc.h **** {
 1174              		.loc 2 930 22 view .LVU350
 1175              	.LBB107:
 932:platform/HAL/inc/stm32g4xx_ll_rcc.h **** }
 1176              		.loc 2 932 3 view .LVU351
 1177 0044 214A     		ldr	r2, .L88
 1178 0046 1368     		ldr	r3, [r2]
 1179 0048 43F48023 		orr	r3, r3, #262144
 1180 004c 1360     		str	r3, [r2]
 933:platform/HAL/inc/stm32g4xx_ll_rcc.h **** 
 1181              		.loc 2 933 1 is_stmt 0 view .LVU352
 1182 004e F3E7     		b	.L79
 1183              	.LVL109:
 1184              	.L80:
 933:platform/HAL/inc/stm32g4xx_ll_rcc.h **** 
 1185              		.loc 2 933 1 view .LVU353
 1186              	.LBE107:
 1187              	.LBE106:
 520:platform/HAL/src/stm32g4xx_ll_utils.c ****       {
 1188              		.loc 1 520 35 discriminator 1 view .LVU354
 1189 0050 012C     		cmp	r4, #1
 1190 0052 06D0     		beq	.L77
 1191              	.L81:
 523:platform/HAL/src/stm32g4xx_ll_utils.c ****     }
ARM GAS  /tmp/ccY3Jimf.s 			page 116


 1192              		.loc 1 523 7 is_stmt 1 view .LVU355
 520:platform/HAL/src/stm32g4xx_ll_utils.c ****       {
 1193              		.loc 1 520 35 discriminator 1 view .LVU356
 1194              	.LBB108:
 1195              	.LBI108:
 970:platform/HAL/inc/stm32g4xx_ll_rcc.h **** {
 1196              		.loc 2 970 26 view .LVU357
 1197              	.LBB109:
 972:platform/HAL/inc/stm32g4xx_ll_rcc.h **** }
 1198              		.loc 2 972 3 view .LVU358
 972:platform/HAL/inc/stm32g4xx_ll_rcc.h **** }
 1199              		.loc 2 972 12 is_stmt 0 view .LVU359
 1200 0054 1D4A     		ldr	r2, .L88
 1201 0056 1468     		ldr	r4, [r2]
 972:platform/HAL/inc/stm32g4xx_ll_rcc.h **** }
 1202              		.loc 2 972 71 view .LVU360
 1203 0058 14F40034 		ands	r4, r4, #131072
 1204 005c F8D0     		beq	.L80
 972:platform/HAL/inc/stm32g4xx_ll_rcc.h **** }
 1205              		.loc 2 972 71 discriminator 1 view .LVU361
 1206 005e 0124     		movs	r4, #1
 1207 0060 F6E7     		b	.L80
 1208              	.L77:
 1209              	.LBE109:
 1210              	.LBE108:
 527:platform/HAL/src/stm32g4xx_ll_utils.c ****                                 UTILS_PLLInitStruct->PLLR);
 1211              		.loc 1 527 5 is_stmt 1 view .LVU362
 1212 0062 2A68     		ldr	r2, [r5]
 1213 0064 6C68     		ldr	r4, [r5, #4]
 1214 0066 A968     		ldr	r1, [r5, #8]
 1215              	.LVL110:
 1216              	.LBB110:
 1217              	.LBI110:
2127:platform/HAL/inc/stm32g4xx_ll_rcc.h **** {
 1218              		.loc 2 2127 22 view .LVU363
 1219              	.LBB111:
2129:platform/HAL/inc/stm32g4xx_ll_rcc.h ****              Source | PLLM | (PLLN << RCC_PLLCFGR_PLLN_Pos) | PLLR);
 1220              		.loc 2 2129 3 view .LVU364
 1221 0068 1848     		ldr	r0, .L88
 1222              	.LVL111:
2129:platform/HAL/inc/stm32g4xx_ll_rcc.h ****              Source | PLLM | (PLLN << RCC_PLLCFGR_PLLN_Pos) | PLLR);
 1223              		.loc 2 2129 3 is_stmt 0 view .LVU365
 1224 006a C568     		ldr	r5, [r0, #12]
 1225              	.LVL112:
2129:platform/HAL/inc/stm32g4xx_ll_rcc.h ****              Source | PLLM | (PLLN << RCC_PLLCFGR_PLLN_Pos) | PLLR);
 1226              		.loc 2 2129 3 view .LVU366
 1227 006c 184B     		ldr	r3, .L88+4
 1228 006e 2B40     		ands	r3, r3, r5
 1229 0070 42F00302 		orr	r2, r2, #3
 1230              	.LVL113:
2129:platform/HAL/inc/stm32g4xx_ll_rcc.h ****              Source | PLLM | (PLLN << RCC_PLLCFGR_PLLN_Pos) | PLLR);
 1231              		.loc 2 2129 3 view .LVU367
 1232 0074 42EA0422 		orr	r2, r2, r4, lsl #8
 1233 0078 0A43     		orrs	r2, r2, r1
 1234 007a 1343     		orrs	r3, r3, r2
 1235 007c C360     		str	r3, [r0, #12]
 1236              	.LVL114:
ARM GAS  /tmp/ccY3Jimf.s 			page 117


2129:platform/HAL/inc/stm32g4xx_ll_rcc.h ****              Source | PLLM | (PLLN << RCC_PLLCFGR_PLLN_Pos) | PLLR);
 1237              		.loc 2 2129 3 view .LVU368
 1238              	.LBE111:
 1239              	.LBE110:
 531:platform/HAL/src/stm32g4xx_ll_utils.c ****     {
 1240              		.loc 1 531 5 is_stmt 1 view .LVU369
 531:platform/HAL/src/stm32g4xx_ll_utils.c ****     {
 1241              		.loc 1 531 7 is_stmt 0 view .LVU370
 1242 007e 154B     		ldr	r3, .L88+8
 1243 0080 9F42     		cmp	r7, r3
 1244 0082 04D9     		bls	.L84
 533:platform/HAL/src/stm32g4xx_ll_utils.c ****       {
 1245              		.loc 1 533 7 is_stmt 1 view .LVU371
 533:platform/HAL/src/stm32g4xx_ll_utils.c ****       {
 1246              		.loc 1 533 30 is_stmt 0 view .LVU372
 1247 0084 3368     		ldr	r3, [r6]
 533:platform/HAL/src/stm32g4xx_ll_utils.c ****       {
 1248              		.loc 1 533 10 view .LVU373
 1249 0086 D3B9     		cbnz	r3, .L85
 535:platform/HAL/src/stm32g4xx_ll_utils.c ****         hpre = LL_RCC_SYSCLK_DIV_2;
 1250              		.loc 1 535 9 is_stmt 1 view .LVU374
 535:platform/HAL/src/stm32g4xx_ll_utils.c ****         hpre = LL_RCC_SYSCLK_DIV_2;
 1251              		.loc 1 535 44 is_stmt 0 view .LVU375
 1252 0088 8025     		movs	r5, #128
 1253 008a 3560     		str	r5, [r6]
 536:platform/HAL/src/stm32g4xx_ll_utils.c ****       }
 1254              		.loc 1 536 9 is_stmt 1 view .LVU376
 1255              	.LVL115:
 536:platform/HAL/src/stm32g4xx_ll_utils.c ****       }
 1256              		.loc 1 536 9 is_stmt 0 view .LVU377
 1257 008c 00E0     		b	.L82
 1258              	.LVL116:
 1259              	.L84:
 493:platform/HAL/src/stm32g4xx_ll_utils.c **** 
 1260              		.loc 1 493 12 view .LVU378
 1261 008e 0025     		movs	r5, #0
 1262              	.LVL117:
 1263              	.L82:
 541:platform/HAL/src/stm32g4xx_ll_utils.c **** 
 1264              		.loc 1 541 5 is_stmt 1 view .LVU379
 541:platform/HAL/src/stm32g4xx_ll_utils.c **** 
 1265              		.loc 1 541 14 is_stmt 0 view .LVU380
 1266 0090 3146     		mov	r1, r6
 1267 0092 3846     		mov	r0, r7
 1268 0094 FFF7FEFF 		bl	UTILS_EnablePLLAndSwitchSystem
 1269              	.LVL118:
 544:platform/HAL/src/stm32g4xx_ll_utils.c ****     {
 1270              		.loc 1 544 5 is_stmt 1 view .LVU381
 544:platform/HAL/src/stm32g4xx_ll_utils.c ****     {
 1271              		.loc 1 544 8 is_stmt 0 view .LVU382
 1272 0098 0446     		mov	r4, r0
 1273 009a 98B9     		cbnz	r0, .L76
 544:platform/HAL/src/stm32g4xx_ll_utils.c ****     {
 1274              		.loc 1 544 29 discriminator 1 view .LVU383
 1275 009c 95B1     		cbz	r5, .L76
 547:platform/HAL/src/stm32g4xx_ll_utils.c ****       if (status == SUCCESS)
 1276              		.loc 1 547 7 is_stmt 1 view .LVU384
ARM GAS  /tmp/ccY3Jimf.s 			page 118


 547:platform/HAL/src/stm32g4xx_ll_utils.c ****       if (status == SUCCESS)
 1277              		.loc 1 547 16 is_stmt 0 view .LVU385
 1278 009e 3846     		mov	r0, r7
 1279              	.LVL119:
 547:platform/HAL/src/stm32g4xx_ll_utils.c ****       if (status == SUCCESS)
 1280              		.loc 1 547 16 view .LVU386
 1281 00a0 FFF7FEFF 		bl	LL_SetFlashLatency
 1282              	.LVL120:
 548:platform/HAL/src/stm32g4xx_ll_utils.c ****       {
 1283              		.loc 1 548 7 is_stmt 1 view .LVU387
 548:platform/HAL/src/stm32g4xx_ll_utils.c ****       {
 1284              		.loc 1 548 10 is_stmt 0 view .LVU388
 1285 00a4 0446     		mov	r4, r0
 1286 00a6 68B9     		cbnz	r0, .L76
 550:platform/HAL/src/stm32g4xx_ll_utils.c ****         LL_RCC_SetAHBPrescaler(UTILS_ClkInitStruct->AHBCLKDivider);
 1287              		.loc 1 550 9 is_stmt 1 view .LVU389
 550:platform/HAL/src/stm32g4xx_ll_utils.c ****         LL_RCC_SetAHBPrescaler(UTILS_ClkInitStruct->AHBCLKDivider);
 1288              		.loc 1 550 44 is_stmt 0 view .LVU390
 1289 00a8 0023     		movs	r3, #0
 1290 00aa 3360     		str	r3, [r6]
 551:platform/HAL/src/stm32g4xx_ll_utils.c ****         LL_SetSystemCoreClock(pllfreq);
 1291              		.loc 1 551 9 is_stmt 1 view .LVU391
 1292              	.LVL121:
 1293              	.LBB112:
 1294              	.LBI112:
1379:platform/HAL/inc/stm32g4xx_ll_rcc.h **** {
 1295              		.loc 2 1379 22 view .LVU392
 1296              	.LBB113:
1381:platform/HAL/inc/stm32g4xx_ll_rcc.h **** }
 1297              		.loc 2 1381 3 view .LVU393
 1298 00ac 074A     		ldr	r2, .L88
 1299 00ae 9368     		ldr	r3, [r2, #8]
 1300 00b0 23F0F003 		bic	r3, r3, #240
 1301 00b4 9360     		str	r3, [r2, #8]
 1302              	.LVL122:
1381:platform/HAL/inc/stm32g4xx_ll_rcc.h **** }
 1303              		.loc 2 1381 3 is_stmt 0 view .LVU394
 1304              	.LBE113:
 1305              	.LBE112:
 552:platform/HAL/src/stm32g4xx_ll_utils.c ****       }
 1306              		.loc 1 552 9 is_stmt 1 view .LVU395
 1307 00b6 3846     		mov	r0, r7
 1308              	.LVL123:
 552:platform/HAL/src/stm32g4xx_ll_utils.c ****       }
 1309              		.loc 1 552 9 is_stmt 0 view .LVU396
 1310 00b8 FFF7FEFF 		bl	LL_SetSystemCoreClock
 1311              	.LVL124:
 1312 00bc 02E0     		b	.L76
 1313              	.LVL125:
 1314              	.L85:
 493:platform/HAL/src/stm32g4xx_ll_utils.c **** 
 1315              		.loc 1 493 12 view .LVU397
 1316 00be 0025     		movs	r5, #0
 1317 00c0 E6E7     		b	.L82
 1318              	.LVL126:
 1319              	.L83:
 559:platform/HAL/src/stm32g4xx_ll_utils.c ****   }
ARM GAS  /tmp/ccY3Jimf.s 			page 119


 1320              		.loc 1 559 12 view .LVU398
 1321 00c2 0124     		movs	r4, #1
 1322              	.LVL127:
 1323              	.L76:
 562:platform/HAL/src/stm32g4xx_ll_utils.c **** }
 1324              		.loc 1 562 3 is_stmt 1 view .LVU399
 563:platform/HAL/src/stm32g4xx_ll_utils.c **** 
 1325              		.loc 1 563 1 is_stmt 0 view .LVU400
 1326 00c4 2046     		mov	r0, r4
 1327 00c6 BDE8F081 		pop	{r4, r5, r6, r7, r8, pc}
 1328              	.LVL128:
 1329              	.L89:
 563:platform/HAL/src/stm32g4xx_ll_utils.c **** 
 1330              		.loc 1 563 1 view .LVU401
 1331 00ca 00BF     		.align	2
 1332              	.L88:
 1333 00cc 00100240 		.word	1073876992
 1334 00d0 0C80FFF9 		.word	-100696052
 1335 00d4 00B4C404 		.word	80000000
 1336              		.cfi_endproc
 1337              	.LFE638:
 1339              		.text
 1340              	.Letext0:
 1341              		.file 6 "/usr/arm-none-eabi/include/machine/_default_types.h"
 1342              		.file 7 "/usr/arm-none-eabi/include/sys/_stdint.h"
 1343              		.file 8 "platform/CMSIS/Include/core_cm4.h"
 1344              		.file 9 "platform/CMSIS/Device/ST/STM32G4xx/Include/system_stm32g4xx.h"
 1345              		.file 10 "platform/CMSIS/Device/ST/STM32G4xx/Include/stm32g474xx.h"
 1346              		.file 11 "platform/CMSIS/Device/ST/STM32G4xx/Include/stm32g4xx.h"
ARM GAS  /tmp/ccY3Jimf.s 			page 120


DEFINED SYMBOLS
                            *ABS*:00000000 stm32g4xx_ll_utils.c
     /tmp/ccY3Jimf.s:21     .text.UTILS_GetPLLOutputFrequency:00000000 $t
     /tmp/ccY3Jimf.s:26     .text.UTILS_GetPLLOutputFrequency:00000000 UTILS_GetPLLOutputFrequency
     /tmp/ccY3Jimf.s:79     .text.UTILS_PLL_IsBusy:00000000 $t
     /tmp/ccY3Jimf.s:84     .text.UTILS_PLL_IsBusy:00000000 UTILS_PLL_IsBusy
     /tmp/ccY3Jimf.s:121    .text.UTILS_PLL_IsBusy:00000014 $d
     /tmp/ccY3Jimf.s:126    .text.LL_Init1msTick:00000000 $t
     /tmp/ccY3Jimf.s:132    .text.LL_Init1msTick:00000000 LL_Init1msTick
     /tmp/ccY3Jimf.s:173    .text.LL_Init1msTick:0000001c $d
     /tmp/ccY3Jimf.s:178    .text.LL_mDelay:00000000 $t
     /tmp/ccY3Jimf.s:184    .text.LL_mDelay:00000000 LL_mDelay
     /tmp/ccY3Jimf.s:244    .text.LL_SetSystemCoreClock:00000000 $t
     /tmp/ccY3Jimf.s:250    .text.LL_SetSystemCoreClock:00000000 LL_SetSystemCoreClock
     /tmp/ccY3Jimf.s:267    .text.LL_SetSystemCoreClock:00000008 $d
     /tmp/ccY3Jimf.s:272    .text.LL_SetFlashLatency:00000000 $t
     /tmp/ccY3Jimf.s:278    .text.LL_SetFlashLatency:00000000 LL_SetFlashLatency
     /tmp/ccY3Jimf.s:575    .text.LL_SetFlashLatency:000000f0 $d
     /tmp/ccY3Jimf.s:591    .text.UTILS_EnablePLLAndSwitchSystem:00000000 $t
     /tmp/ccY3Jimf.s:596    .text.UTILS_EnablePLLAndSwitchSystem:00000000 UTILS_EnablePLLAndSwitchSystem
     /tmp/ccY3Jimf.s:834    .text.UTILS_EnablePLLAndSwitchSystem:000000b0 $d
     /tmp/ccY3Jimf.s:841    .text.LL_PLL_ConfigSystemClock_HSI:00000000 $t
     /tmp/ccY3Jimf.s:847    .text.LL_PLL_ConfigSystemClock_HSI:00000000 LL_PLL_ConfigSystemClock_HSI
     /tmp/ccY3Jimf.s:1064   .text.LL_PLL_ConfigSystemClock_HSI:000000a8 $d
     /tmp/ccY3Jimf.s:1072   .text.LL_PLL_ConfigSystemClock_HSE:00000000 $t
     /tmp/ccY3Jimf.s:1078   .text.LL_PLL_ConfigSystemClock_HSE:00000000 LL_PLL_ConfigSystemClock_HSE
     /tmp/ccY3Jimf.s:1333   .text.LL_PLL_ConfigSystemClock_HSE:000000cc $d

UNDEFINED SYMBOLS
SystemCoreClock
AHBPrescTable
