ARM GAS  /tmp/cc2SU6oB.s 			page 1


   1              		.cpu cortex-m4
   2              		.arch armv7e-m
   3              		.fpu fpv4-sp-d16
   4              		.eabi_attribute 27, 1
   5              		.eabi_attribute 28, 1
   6              		.eabi_attribute 20, 1
   7              		.eabi_attribute 21, 1
   8              		.eabi_attribute 23, 3
   9              		.eabi_attribute 24, 1
  10              		.eabi_attribute 25, 1
  11              		.eabi_attribute 26, 1
  12              		.eabi_attribute 30, 1
  13              		.eabi_attribute 34, 1
  14              		.eabi_attribute 18, 4
  15              		.file	"stm32g4xx_hal_fdcan.c"
  16              		.text
  17              	.Ltext0:
  18              		.cfi_sections	.debug_frame
  19              		.file 1 "platform/HAL/src/stm32g4xx_hal_fdcan.c"
  20              		.section	.text.FDCAN_CalcultateRamBlockAddresses,"ax",%progbits
  21              		.align	1
  22              		.syntax unified
  23              		.thumb
  24              		.thumb_func
  26              	FDCAN_CalcultateRamBlockAddresses:
  27              	.LVL0:
  28              	.LFB389:
   1:platform/HAL/src/stm32g4xx_hal_fdcan.c **** /**
   2:platform/HAL/src/stm32g4xx_hal_fdcan.c ****   ******************************************************************************
   3:platform/HAL/src/stm32g4xx_hal_fdcan.c ****   * @file    stm32g4xx_hal_fdcan.c
   4:platform/HAL/src/stm32g4xx_hal_fdcan.c ****   * @author  MCD Application Team
   5:platform/HAL/src/stm32g4xx_hal_fdcan.c ****   * @brief   FDCAN HAL module driver.
   6:platform/HAL/src/stm32g4xx_hal_fdcan.c ****   *          This file provides firmware functions to manage the following
   7:platform/HAL/src/stm32g4xx_hal_fdcan.c ****   *          functionalities of the Flexible DataRate Controller Area Network
   8:platform/HAL/src/stm32g4xx_hal_fdcan.c ****   *          (FDCAN) peripheral:
   9:platform/HAL/src/stm32g4xx_hal_fdcan.c ****   *           + Initialization and de-initialization functions
  10:platform/HAL/src/stm32g4xx_hal_fdcan.c ****   *           + IO operation functions
  11:platform/HAL/src/stm32g4xx_hal_fdcan.c ****   *           + Peripheral Configuration and Control functions
  12:platform/HAL/src/stm32g4xx_hal_fdcan.c ****   *           + Peripheral State and Error functions
  13:platform/HAL/src/stm32g4xx_hal_fdcan.c ****   ******************************************************************************
  14:platform/HAL/src/stm32g4xx_hal_fdcan.c ****   * @attention
  15:platform/HAL/src/stm32g4xx_hal_fdcan.c ****   *
  16:platform/HAL/src/stm32g4xx_hal_fdcan.c ****   * Copyright (c) 2019 STMicroelectronics.
  17:platform/HAL/src/stm32g4xx_hal_fdcan.c ****   * All rights reserved.
  18:platform/HAL/src/stm32g4xx_hal_fdcan.c ****   *
  19:platform/HAL/src/stm32g4xx_hal_fdcan.c ****   * This software is licensed under terms that can be found in the LICENSE file
  20:platform/HAL/src/stm32g4xx_hal_fdcan.c ****   * in the root directory of this software component.
  21:platform/HAL/src/stm32g4xx_hal_fdcan.c ****   * If no LICENSE file comes with this software, it is provided AS-IS.
  22:platform/HAL/src/stm32g4xx_hal_fdcan.c ****   *
  23:platform/HAL/src/stm32g4xx_hal_fdcan.c ****   ******************************************************************************
  24:platform/HAL/src/stm32g4xx_hal_fdcan.c ****   @verbatim
  25:platform/HAL/src/stm32g4xx_hal_fdcan.c ****   ==============================================================================
  26:platform/HAL/src/stm32g4xx_hal_fdcan.c ****                         ##### How to use this driver #####
  27:platform/HAL/src/stm32g4xx_hal_fdcan.c ****   ==============================================================================
  28:platform/HAL/src/stm32g4xx_hal_fdcan.c ****     [..]
  29:platform/HAL/src/stm32g4xx_hal_fdcan.c ****       (#) Initialize the FDCAN peripheral using HAL_FDCAN_Init function.
  30:platform/HAL/src/stm32g4xx_hal_fdcan.c **** 
ARM GAS  /tmp/cc2SU6oB.s 			page 2


  31:platform/HAL/src/stm32g4xx_hal_fdcan.c ****       (#) If needed , configure the reception filters and optional features using
  32:platform/HAL/src/stm32g4xx_hal_fdcan.c ****           the following configuration functions:
  33:platform/HAL/src/stm32g4xx_hal_fdcan.c ****             (++) HAL_FDCAN_ConfigFilter
  34:platform/HAL/src/stm32g4xx_hal_fdcan.c ****             (++) HAL_FDCAN_ConfigGlobalFilter
  35:platform/HAL/src/stm32g4xx_hal_fdcan.c ****             (++) HAL_FDCAN_ConfigExtendedIdMask
  36:platform/HAL/src/stm32g4xx_hal_fdcan.c ****             (++) HAL_FDCAN_ConfigRxFifoOverwrite
  37:platform/HAL/src/stm32g4xx_hal_fdcan.c ****             (++) HAL_FDCAN_ConfigRamWatchdog
  38:platform/HAL/src/stm32g4xx_hal_fdcan.c ****             (++) HAL_FDCAN_ConfigTimestampCounter
  39:platform/HAL/src/stm32g4xx_hal_fdcan.c ****             (++) HAL_FDCAN_EnableTimestampCounter
  40:platform/HAL/src/stm32g4xx_hal_fdcan.c ****             (++) HAL_FDCAN_DisableTimestampCounter
  41:platform/HAL/src/stm32g4xx_hal_fdcan.c ****             (++) HAL_FDCAN_ConfigTimeoutCounter
  42:platform/HAL/src/stm32g4xx_hal_fdcan.c ****             (++) HAL_FDCAN_EnableTimeoutCounter
  43:platform/HAL/src/stm32g4xx_hal_fdcan.c ****             (++) HAL_FDCAN_DisableTimeoutCounter
  44:platform/HAL/src/stm32g4xx_hal_fdcan.c ****             (++) HAL_FDCAN_ConfigTxDelayCompensation
  45:platform/HAL/src/stm32g4xx_hal_fdcan.c ****             (++) HAL_FDCAN_EnableTxDelayCompensation
  46:platform/HAL/src/stm32g4xx_hal_fdcan.c ****             (++) HAL_FDCAN_DisableTxDelayCompensation
  47:platform/HAL/src/stm32g4xx_hal_fdcan.c ****             (++) HAL_FDCAN_EnableISOMode
  48:platform/HAL/src/stm32g4xx_hal_fdcan.c ****             (++) HAL_FDCAN_DisableISOMode
  49:platform/HAL/src/stm32g4xx_hal_fdcan.c ****             (++) HAL_FDCAN_EnableEdgeFiltering
  50:platform/HAL/src/stm32g4xx_hal_fdcan.c ****             (++) HAL_FDCAN_DisableEdgeFiltering
  51:platform/HAL/src/stm32g4xx_hal_fdcan.c **** 
  52:platform/HAL/src/stm32g4xx_hal_fdcan.c ****       (#) Start the FDCAN module using HAL_FDCAN_Start function. At this level
  53:platform/HAL/src/stm32g4xx_hal_fdcan.c ****           the node is active on the bus: it can send and receive messages.
  54:platform/HAL/src/stm32g4xx_hal_fdcan.c **** 
  55:platform/HAL/src/stm32g4xx_hal_fdcan.c ****       (#) The following Tx control functions can only be called when the FDCAN
  56:platform/HAL/src/stm32g4xx_hal_fdcan.c ****           module is started:
  57:platform/HAL/src/stm32g4xx_hal_fdcan.c ****             (++) HAL_FDCAN_AddMessageToTxFifoQ
  58:platform/HAL/src/stm32g4xx_hal_fdcan.c ****             (++) HAL_FDCAN_AbortTxRequest
  59:platform/HAL/src/stm32g4xx_hal_fdcan.c **** 
  60:platform/HAL/src/stm32g4xx_hal_fdcan.c ****       (#) After having submitted a Tx request in Tx Fifo or Queue, it is possible to
  61:platform/HAL/src/stm32g4xx_hal_fdcan.c ****           get Tx buffer location used to place the Tx request thanks to
  62:platform/HAL/src/stm32g4xx_hal_fdcan.c ****           HAL_FDCAN_GetLatestTxFifoQRequestBuffer API.
  63:platform/HAL/src/stm32g4xx_hal_fdcan.c ****           It is then possible to abort later on the corresponding Tx Request using
  64:platform/HAL/src/stm32g4xx_hal_fdcan.c ****           HAL_FDCAN_AbortTxRequest API.
  65:platform/HAL/src/stm32g4xx_hal_fdcan.c **** 
  66:platform/HAL/src/stm32g4xx_hal_fdcan.c ****       (#) When a message is received into the FDCAN message RAM, it can be
  67:platform/HAL/src/stm32g4xx_hal_fdcan.c ****           retrieved using the HAL_FDCAN_GetRxMessage function.
  68:platform/HAL/src/stm32g4xx_hal_fdcan.c **** 
  69:platform/HAL/src/stm32g4xx_hal_fdcan.c ****       (#) Calling the HAL_FDCAN_Stop function stops the FDCAN module by entering
  70:platform/HAL/src/stm32g4xx_hal_fdcan.c ****           it to initialization mode and re-enabling access to configuration
  71:platform/HAL/src/stm32g4xx_hal_fdcan.c ****           registers through the configuration functions listed here above.
  72:platform/HAL/src/stm32g4xx_hal_fdcan.c **** 
  73:platform/HAL/src/stm32g4xx_hal_fdcan.c ****       (#) All other control functions can be called any time after initialization
  74:platform/HAL/src/stm32g4xx_hal_fdcan.c ****           phase, no matter if the FDCAN module is started or stopped.
  75:platform/HAL/src/stm32g4xx_hal_fdcan.c **** 
  76:platform/HAL/src/stm32g4xx_hal_fdcan.c ****       *** Polling mode operation ***
  77:platform/HAL/src/stm32g4xx_hal_fdcan.c ****       ==============================
  78:platform/HAL/src/stm32g4xx_hal_fdcan.c ****     [..]
  79:platform/HAL/src/stm32g4xx_hal_fdcan.c ****         (#) Reception and transmission states can be monitored via the following
  80:platform/HAL/src/stm32g4xx_hal_fdcan.c ****             functions:
  81:platform/HAL/src/stm32g4xx_hal_fdcan.c ****               (++) HAL_FDCAN_IsTxBufferMessagePending
  82:platform/HAL/src/stm32g4xx_hal_fdcan.c ****               (++) HAL_FDCAN_GetRxFifoFillLevel
  83:platform/HAL/src/stm32g4xx_hal_fdcan.c ****               (++) HAL_FDCAN_GetTxFifoFreeLevel
  84:platform/HAL/src/stm32g4xx_hal_fdcan.c **** 
  85:platform/HAL/src/stm32g4xx_hal_fdcan.c ****       *** Interrupt mode operation ***
  86:platform/HAL/src/stm32g4xx_hal_fdcan.c ****       ================================
  87:platform/HAL/src/stm32g4xx_hal_fdcan.c ****       [..]
ARM GAS  /tmp/cc2SU6oB.s 			page 3


  88:platform/HAL/src/stm32g4xx_hal_fdcan.c ****         (#) There are two interrupt lines: line 0 and 1.
  89:platform/HAL/src/stm32g4xx_hal_fdcan.c ****             By default, all interrupts are assigned to line 0. Interrupt lines
  90:platform/HAL/src/stm32g4xx_hal_fdcan.c ****             can be configured using HAL_FDCAN_ConfigInterruptLines function.
  91:platform/HAL/src/stm32g4xx_hal_fdcan.c **** 
  92:platform/HAL/src/stm32g4xx_hal_fdcan.c ****         (#) Notifications are activated using HAL_FDCAN_ActivateNotification
  93:platform/HAL/src/stm32g4xx_hal_fdcan.c ****             function. Then, the process can be controlled through one of the
  94:platform/HAL/src/stm32g4xx_hal_fdcan.c ****             available user callbacks: HAL_FDCAN_xxxCallback.
  95:platform/HAL/src/stm32g4xx_hal_fdcan.c **** 
  96:platform/HAL/src/stm32g4xx_hal_fdcan.c ****   *** Callback registration ***
  97:platform/HAL/src/stm32g4xx_hal_fdcan.c ****   =============================================
  98:platform/HAL/src/stm32g4xx_hal_fdcan.c **** 
  99:platform/HAL/src/stm32g4xx_hal_fdcan.c ****   The compilation define USE_HAL_FDCAN_REGISTER_CALLBACKS when set to 1
 100:platform/HAL/src/stm32g4xx_hal_fdcan.c ****   allows the user to configure dynamically the driver callbacks.
 101:platform/HAL/src/stm32g4xx_hal_fdcan.c ****   Use Function HAL_FDCAN_RegisterCallback() or HAL_FDCAN_RegisterXXXCallback()
 102:platform/HAL/src/stm32g4xx_hal_fdcan.c ****   to register an interrupt callback.
 103:platform/HAL/src/stm32g4xx_hal_fdcan.c **** 
 104:platform/HAL/src/stm32g4xx_hal_fdcan.c ****   Function HAL_FDCAN_RegisterCallback() allows to register following callbacks:
 105:platform/HAL/src/stm32g4xx_hal_fdcan.c ****     (+) TxFifoEmptyCallback          : Tx Fifo Empty Callback.
 106:platform/HAL/src/stm32g4xx_hal_fdcan.c ****     (+) HighPriorityMessageCallback  : High Priority Message Callback.
 107:platform/HAL/src/stm32g4xx_hal_fdcan.c ****     (+) TimestampWraparoundCallback  : Timestamp Wraparound Callback.
 108:platform/HAL/src/stm32g4xx_hal_fdcan.c ****     (+) TimeoutOccurredCallback      : Timeout Occurred Callback.
 109:platform/HAL/src/stm32g4xx_hal_fdcan.c ****     (+) ErrorCallback                : Error Callback.
 110:platform/HAL/src/stm32g4xx_hal_fdcan.c ****     (+) MspInitCallback              : FDCAN MspInit.
 111:platform/HAL/src/stm32g4xx_hal_fdcan.c ****     (+) MspDeInitCallback            : FDCAN MspDeInit.
 112:platform/HAL/src/stm32g4xx_hal_fdcan.c ****   This function takes as parameters the HAL peripheral handle, the Callback ID
 113:platform/HAL/src/stm32g4xx_hal_fdcan.c ****   and a pointer to the user callback function.
 114:platform/HAL/src/stm32g4xx_hal_fdcan.c **** 
 115:platform/HAL/src/stm32g4xx_hal_fdcan.c ****   For specific callbacks TxEventFifoCallback, RxFifo0Callback, RxFifo1Callback,
 116:platform/HAL/src/stm32g4xx_hal_fdcan.c ****   TxBufferCompleteCallback, TxBufferAbortCallback and ErrorStatusCallback use dedicated
 117:platform/HAL/src/stm32g4xx_hal_fdcan.c ****   register callbacks: respectively HAL_FDCAN_RegisterTxEventFifoCallback(),
 118:platform/HAL/src/stm32g4xx_hal_fdcan.c ****   HAL_FDCAN_RegisterRxFifo0Callback(), HAL_FDCAN_RegisterRxFifo1Callback(),
 119:platform/HAL/src/stm32g4xx_hal_fdcan.c ****   HAL_FDCAN_RegisterTxBufferCompleteCallback(), HAL_FDCAN_RegisterTxBufferAbortCallback()
 120:platform/HAL/src/stm32g4xx_hal_fdcan.c ****   and HAL_FDCAN_RegisterErrorStatusCallback().
 121:platform/HAL/src/stm32g4xx_hal_fdcan.c **** 
 122:platform/HAL/src/stm32g4xx_hal_fdcan.c ****   Use function HAL_FDCAN_UnRegisterCallback() to reset a callback to the default
 123:platform/HAL/src/stm32g4xx_hal_fdcan.c ****   weak function.
 124:platform/HAL/src/stm32g4xx_hal_fdcan.c ****   HAL_FDCAN_UnRegisterCallback takes as parameters the HAL peripheral handle,
 125:platform/HAL/src/stm32g4xx_hal_fdcan.c ****   and the Callback ID.
 126:platform/HAL/src/stm32g4xx_hal_fdcan.c ****   This function allows to reset following callbacks:
 127:platform/HAL/src/stm32g4xx_hal_fdcan.c ****     (+) TxFifoEmptyCallback          : Tx Fifo Empty Callback.
 128:platform/HAL/src/stm32g4xx_hal_fdcan.c ****     (+) HighPriorityMessageCallback  : High Priority Message Callback.
 129:platform/HAL/src/stm32g4xx_hal_fdcan.c ****     (+) TimestampWraparoundCallback  : Timestamp Wraparound Callback.
 130:platform/HAL/src/stm32g4xx_hal_fdcan.c ****     (+) TimeoutOccurredCallback      : Timeout Occurred Callback.
 131:platform/HAL/src/stm32g4xx_hal_fdcan.c ****     (+) ErrorCallback                : Error Callback.
 132:platform/HAL/src/stm32g4xx_hal_fdcan.c ****     (+) MspInitCallback              : FDCAN MspInit.
 133:platform/HAL/src/stm32g4xx_hal_fdcan.c ****     (+) MspDeInitCallback            : FDCAN MspDeInit.
 134:platform/HAL/src/stm32g4xx_hal_fdcan.c **** 
 135:platform/HAL/src/stm32g4xx_hal_fdcan.c ****   For specific callbacks TxEventFifoCallback, RxFifo0Callback, RxFifo1Callback,
 136:platform/HAL/src/stm32g4xx_hal_fdcan.c ****   TxBufferCompleteCallback and TxBufferAbortCallback, use dedicated
 137:platform/HAL/src/stm32g4xx_hal_fdcan.c ****   unregister callbacks: respectively HAL_FDCAN_UnRegisterTxEventFifoCallback(),
 138:platform/HAL/src/stm32g4xx_hal_fdcan.c ****   HAL_FDCAN_UnRegisterRxFifo0Callback(), HAL_FDCAN_UnRegisterRxFifo1Callback(),
 139:platform/HAL/src/stm32g4xx_hal_fdcan.c ****   HAL_FDCAN_UnRegisterTxBufferCompleteCallback(), HAL_FDCAN_UnRegisterTxBufferAbortCallback()
 140:platform/HAL/src/stm32g4xx_hal_fdcan.c ****   and HAL_FDCAN_UnRegisterErrorStatusCallback().
 141:platform/HAL/src/stm32g4xx_hal_fdcan.c **** 
 142:platform/HAL/src/stm32g4xx_hal_fdcan.c ****   By default, after the HAL_FDCAN_Init() and when the state is HAL_FDCAN_STATE_RESET,
 143:platform/HAL/src/stm32g4xx_hal_fdcan.c ****   all callbacks are set to the corresponding weak functions:
 144:platform/HAL/src/stm32g4xx_hal_fdcan.c ****   examples HAL_FDCAN_ErrorCallback().
ARM GAS  /tmp/cc2SU6oB.s 			page 4


 145:platform/HAL/src/stm32g4xx_hal_fdcan.c ****   Exception done for MspInit and MspDeInit functions that are
 146:platform/HAL/src/stm32g4xx_hal_fdcan.c ****   reset to the legacy weak function in the HAL_FDCAN_Init()/ HAL_FDCAN_DeInit() only when
 147:platform/HAL/src/stm32g4xx_hal_fdcan.c ****   these callbacks are null (not registered beforehand).
 148:platform/HAL/src/stm32g4xx_hal_fdcan.c ****   if not, MspInit or MspDeInit are not null, the HAL_FDCAN_Init()/ HAL_FDCAN_DeInit()
 149:platform/HAL/src/stm32g4xx_hal_fdcan.c ****   keep and use the user MspInit/MspDeInit callbacks (registered beforehand)
 150:platform/HAL/src/stm32g4xx_hal_fdcan.c **** 
 151:platform/HAL/src/stm32g4xx_hal_fdcan.c ****   Callbacks can be registered/unregistered in HAL_FDCAN_STATE_READY state only.
 152:platform/HAL/src/stm32g4xx_hal_fdcan.c ****   Exception done MspInit/MspDeInit that can be registered/unregistered
 153:platform/HAL/src/stm32g4xx_hal_fdcan.c ****   in HAL_FDCAN_STATE_READY or HAL_FDCAN_STATE_RESET state,
 154:platform/HAL/src/stm32g4xx_hal_fdcan.c ****   thus registered (user) MspInit/DeInit callbacks can be used during the Init/DeInit.
 155:platform/HAL/src/stm32g4xx_hal_fdcan.c ****   In that case first register the MspInit/MspDeInit user callbacks
 156:platform/HAL/src/stm32g4xx_hal_fdcan.c ****   using HAL_FDCAN_RegisterCallback() before calling HAL_FDCAN_DeInit()
 157:platform/HAL/src/stm32g4xx_hal_fdcan.c ****   or HAL_FDCAN_Init() function.
 158:platform/HAL/src/stm32g4xx_hal_fdcan.c **** 
 159:platform/HAL/src/stm32g4xx_hal_fdcan.c ****   When The compilation define USE_HAL_FDCAN_REGISTER_CALLBACKS is set to 0 or
 160:platform/HAL/src/stm32g4xx_hal_fdcan.c ****   not defined, the callback registration feature is not available and all callbacks
 161:platform/HAL/src/stm32g4xx_hal_fdcan.c ****   are set to the corresponding weak functions.
 162:platform/HAL/src/stm32g4xx_hal_fdcan.c **** 
 163:platform/HAL/src/stm32g4xx_hal_fdcan.c ****   @endverbatim
 164:platform/HAL/src/stm32g4xx_hal_fdcan.c ****   ******************************************************************************
 165:platform/HAL/src/stm32g4xx_hal_fdcan.c ****   */
 166:platform/HAL/src/stm32g4xx_hal_fdcan.c **** 
 167:platform/HAL/src/stm32g4xx_hal_fdcan.c **** /* Includes ------------------------------------------------------------------*/
 168:platform/HAL/src/stm32g4xx_hal_fdcan.c **** #include "stm32g4xx_hal.h"
 169:platform/HAL/src/stm32g4xx_hal_fdcan.c **** 
 170:platform/HAL/src/stm32g4xx_hal_fdcan.c **** #if defined(FDCAN1)
 171:platform/HAL/src/stm32g4xx_hal_fdcan.c **** 
 172:platform/HAL/src/stm32g4xx_hal_fdcan.c **** /** @addtogroup STM32G4xx_HAL_Driver
 173:platform/HAL/src/stm32g4xx_hal_fdcan.c ****   * @{
 174:platform/HAL/src/stm32g4xx_hal_fdcan.c ****   */
 175:platform/HAL/src/stm32g4xx_hal_fdcan.c **** 
 176:platform/HAL/src/stm32g4xx_hal_fdcan.c **** /** @defgroup FDCAN FDCAN
 177:platform/HAL/src/stm32g4xx_hal_fdcan.c ****   * @brief FDCAN HAL module driver
 178:platform/HAL/src/stm32g4xx_hal_fdcan.c ****   * @{
 179:platform/HAL/src/stm32g4xx_hal_fdcan.c ****   */
 180:platform/HAL/src/stm32g4xx_hal_fdcan.c **** 
 181:platform/HAL/src/stm32g4xx_hal_fdcan.c **** #ifdef HAL_FDCAN_MODULE_ENABLED
 182:platform/HAL/src/stm32g4xx_hal_fdcan.c **** 
 183:platform/HAL/src/stm32g4xx_hal_fdcan.c **** /* Private typedef -----------------------------------------------------------*/
 184:platform/HAL/src/stm32g4xx_hal_fdcan.c **** /* Private define ------------------------------------------------------------*/
 185:platform/HAL/src/stm32g4xx_hal_fdcan.c **** /** @addtogroup FDCAN_Private_Constants
 186:platform/HAL/src/stm32g4xx_hal_fdcan.c ****   * @{
 187:platform/HAL/src/stm32g4xx_hal_fdcan.c ****   */
 188:platform/HAL/src/stm32g4xx_hal_fdcan.c **** #define FDCAN_TIMEOUT_VALUE 10U
 189:platform/HAL/src/stm32g4xx_hal_fdcan.c **** 
 190:platform/HAL/src/stm32g4xx_hal_fdcan.c **** #define FDCAN_TX_EVENT_FIFO_MASK (FDCAN_IR_TEFL | FDCAN_IR_TEFF | FDCAN_IR_TEFN)
 191:platform/HAL/src/stm32g4xx_hal_fdcan.c **** #define FDCAN_RX_FIFO0_MASK (FDCAN_IR_RF0L | FDCAN_IR_RF0F | FDCAN_IR_RF0N)
 192:platform/HAL/src/stm32g4xx_hal_fdcan.c **** #define FDCAN_RX_FIFO1_MASK (FDCAN_IR_RF1L | FDCAN_IR_RF1F | FDCAN_IR_RF1N)
 193:platform/HAL/src/stm32g4xx_hal_fdcan.c **** #define FDCAN_ERROR_MASK (FDCAN_IR_ELO | FDCAN_IR_WDI | FDCAN_IR_PEA | FDCAN_IR_PED | FDCAN_IR_ARA)
 194:platform/HAL/src/stm32g4xx_hal_fdcan.c **** #define FDCAN_ERROR_STATUS_MASK (FDCAN_IR_EP | FDCAN_IR_EW | FDCAN_IR_BO)
 195:platform/HAL/src/stm32g4xx_hal_fdcan.c **** 
 196:platform/HAL/src/stm32g4xx_hal_fdcan.c **** #define FDCAN_ELEMENT_MASK_STDID ((uint32_t)0x1FFC0000U) /* Standard Identifier         */
 197:platform/HAL/src/stm32g4xx_hal_fdcan.c **** #define FDCAN_ELEMENT_MASK_EXTID ((uint32_t)0x1FFFFFFFU) /* Extended Identifier         */
 198:platform/HAL/src/stm32g4xx_hal_fdcan.c **** #define FDCAN_ELEMENT_MASK_RTR   ((uint32_t)0x20000000U) /* Remote Transmission Request */
 199:platform/HAL/src/stm32g4xx_hal_fdcan.c **** #define FDCAN_ELEMENT_MASK_XTD   ((uint32_t)0x40000000U) /* Extended Identifier         */
 200:platform/HAL/src/stm32g4xx_hal_fdcan.c **** #define FDCAN_ELEMENT_MASK_ESI   ((uint32_t)0x80000000U) /* Error State Indicator       */
 201:platform/HAL/src/stm32g4xx_hal_fdcan.c **** #define FDCAN_ELEMENT_MASK_TS    ((uint32_t)0x0000FFFFU) /* Timestamp                   */
ARM GAS  /tmp/cc2SU6oB.s 			page 5


 202:platform/HAL/src/stm32g4xx_hal_fdcan.c **** #define FDCAN_ELEMENT_MASK_DLC   ((uint32_t)0x000F0000U) /* Data Length Code            */
 203:platform/HAL/src/stm32g4xx_hal_fdcan.c **** #define FDCAN_ELEMENT_MASK_BRS   ((uint32_t)0x00100000U) /* Bit Rate Switch             */
 204:platform/HAL/src/stm32g4xx_hal_fdcan.c **** #define FDCAN_ELEMENT_MASK_FDF   ((uint32_t)0x00200000U) /* FD Format                   */
 205:platform/HAL/src/stm32g4xx_hal_fdcan.c **** #define FDCAN_ELEMENT_MASK_EFC   ((uint32_t)0x00800000U) /* Event FIFO Control          */
 206:platform/HAL/src/stm32g4xx_hal_fdcan.c **** #define FDCAN_ELEMENT_MASK_MM    ((uint32_t)0xFF000000U) /* Message Marker              */
 207:platform/HAL/src/stm32g4xx_hal_fdcan.c **** #define FDCAN_ELEMENT_MASK_FIDX  ((uint32_t)0x7F000000U) /* Filter Index                */
 208:platform/HAL/src/stm32g4xx_hal_fdcan.c **** #define FDCAN_ELEMENT_MASK_ANMF  ((uint32_t)0x80000000U) /* Accepted Non-matching Frame */
 209:platform/HAL/src/stm32g4xx_hal_fdcan.c **** #define FDCAN_ELEMENT_MASK_ET    ((uint32_t)0x00C00000U) /* Event type                  */
 210:platform/HAL/src/stm32g4xx_hal_fdcan.c **** 
 211:platform/HAL/src/stm32g4xx_hal_fdcan.c **** #define SRAMCAN_FLS_NBR                  (28U)         /* Max. Filter List Standard Number      */
 212:platform/HAL/src/stm32g4xx_hal_fdcan.c **** #define SRAMCAN_FLE_NBR                  ( 8U)         /* Max. Filter List Extended Number      */
 213:platform/HAL/src/stm32g4xx_hal_fdcan.c **** #define SRAMCAN_RF0_NBR                  ( 3U)         /* RX FIFO 0 Elements Number             */
 214:platform/HAL/src/stm32g4xx_hal_fdcan.c **** #define SRAMCAN_RF1_NBR                  ( 3U)         /* RX FIFO 1 Elements Number             */
 215:platform/HAL/src/stm32g4xx_hal_fdcan.c **** #define SRAMCAN_TEF_NBR                  ( 3U)         /* TX Event FIFO Elements Number         */
 216:platform/HAL/src/stm32g4xx_hal_fdcan.c **** #define SRAMCAN_TFQ_NBR                  ( 3U)         /* TX FIFO/Queue Elements Number         */
 217:platform/HAL/src/stm32g4xx_hal_fdcan.c **** 
 218:platform/HAL/src/stm32g4xx_hal_fdcan.c **** #define SRAMCAN_FLS_SIZE            ( 1U * 4U)         /* Filter Standard Element Size in bytes */
 219:platform/HAL/src/stm32g4xx_hal_fdcan.c **** #define SRAMCAN_FLE_SIZE            ( 2U * 4U)         /* Filter Extended Element Size in bytes */
 220:platform/HAL/src/stm32g4xx_hal_fdcan.c **** #define SRAMCAN_RF0_SIZE            (18U * 4U)         /* RX FIFO 0 Elements Size in bytes      */
 221:platform/HAL/src/stm32g4xx_hal_fdcan.c **** #define SRAMCAN_RF1_SIZE            (18U * 4U)         /* RX FIFO 1 Elements Size in bytes      */
 222:platform/HAL/src/stm32g4xx_hal_fdcan.c **** #define SRAMCAN_TEF_SIZE            ( 2U * 4U)         /* TX Event FIFO Elements Size in bytes  */
 223:platform/HAL/src/stm32g4xx_hal_fdcan.c **** #define SRAMCAN_TFQ_SIZE            (18U * 4U)         /* TX FIFO/Queue Elements Size in bytes  */
 224:platform/HAL/src/stm32g4xx_hal_fdcan.c **** 
 225:platform/HAL/src/stm32g4xx_hal_fdcan.c **** #define SRAMCAN_FLSSA ((uint32_t)0)                                                      /* Filter 
 226:platform/HAL/src/stm32g4xx_hal_fdcan.c ****                                                                                             Address
 227:platform/HAL/src/stm32g4xx_hal_fdcan.c **** #define SRAMCAN_FLESA ((uint32_t)(SRAMCAN_FLSSA + (SRAMCAN_FLS_NBR * SRAMCAN_FLS_SIZE))) /* Filter 
 228:platform/HAL/src/stm32g4xx_hal_fdcan.c ****                                                                                             Address
 229:platform/HAL/src/stm32g4xx_hal_fdcan.c **** #define SRAMCAN_RF0SA ((uint32_t)(SRAMCAN_FLESA + (SRAMCAN_FLE_NBR * SRAMCAN_FLE_SIZE))) /* Rx FIFO
 230:platform/HAL/src/stm32g4xx_hal_fdcan.c **** #define SRAMCAN_RF1SA ((uint32_t)(SRAMCAN_RF0SA + (SRAMCAN_RF0_NBR * SRAMCAN_RF0_SIZE))) /* Rx FIFO
 231:platform/HAL/src/stm32g4xx_hal_fdcan.c **** #define SRAMCAN_TEFSA ((uint32_t)(SRAMCAN_RF1SA + (SRAMCAN_RF1_NBR * SRAMCAN_RF1_SIZE))) /* Tx Even
 232:platform/HAL/src/stm32g4xx_hal_fdcan.c ****                                                                                             Address
 233:platform/HAL/src/stm32g4xx_hal_fdcan.c **** #define SRAMCAN_TFQSA ((uint32_t)(SRAMCAN_TEFSA + (SRAMCAN_TEF_NBR * SRAMCAN_TEF_SIZE))) /* Tx FIFO
 234:platform/HAL/src/stm32g4xx_hal_fdcan.c ****                                                                                             Address
 235:platform/HAL/src/stm32g4xx_hal_fdcan.c **** #define SRAMCAN_SIZE  ((uint32_t)(SRAMCAN_TFQSA + (SRAMCAN_TFQ_NBR * SRAMCAN_TFQ_SIZE))) /* Message
 236:platform/HAL/src/stm32g4xx_hal_fdcan.c **** 
 237:platform/HAL/src/stm32g4xx_hal_fdcan.c **** /**
 238:platform/HAL/src/stm32g4xx_hal_fdcan.c ****   * @}
 239:platform/HAL/src/stm32g4xx_hal_fdcan.c ****   */
 240:platform/HAL/src/stm32g4xx_hal_fdcan.c **** 
 241:platform/HAL/src/stm32g4xx_hal_fdcan.c **** /* Private macro -------------------------------------------------------------*/
 242:platform/HAL/src/stm32g4xx_hal_fdcan.c **** /* Private variables ---------------------------------------------------------*/
 243:platform/HAL/src/stm32g4xx_hal_fdcan.c **** /** @addtogroup FDCAN_Private_Variables
 244:platform/HAL/src/stm32g4xx_hal_fdcan.c ****   * @{
 245:platform/HAL/src/stm32g4xx_hal_fdcan.c ****   */
 246:platform/HAL/src/stm32g4xx_hal_fdcan.c **** static const uint8_t DLCtoBytes[] = {0, 1, 2, 3, 4, 5, 6, 7, 8, 12, 16, 20, 24, 32, 48, 64};
 247:platform/HAL/src/stm32g4xx_hal_fdcan.c **** /**
 248:platform/HAL/src/stm32g4xx_hal_fdcan.c ****   * @}
 249:platform/HAL/src/stm32g4xx_hal_fdcan.c ****   */
 250:platform/HAL/src/stm32g4xx_hal_fdcan.c **** 
 251:platform/HAL/src/stm32g4xx_hal_fdcan.c **** /* Private function prototypes -----------------------------------------------*/
 252:platform/HAL/src/stm32g4xx_hal_fdcan.c **** /** @addtogroup FDCAN_Private_Functions_Prototypes
 253:platform/HAL/src/stm32g4xx_hal_fdcan.c ****   * @{
 254:platform/HAL/src/stm32g4xx_hal_fdcan.c ****   */
 255:platform/HAL/src/stm32g4xx_hal_fdcan.c **** static void FDCAN_CalcultateRamBlockAddresses(FDCAN_HandleTypeDef *hfdcan);
 256:platform/HAL/src/stm32g4xx_hal_fdcan.c **** static void FDCAN_CopyMessageToRAM(const FDCAN_HandleTypeDef *hfdcan, const FDCAN_TxHeaderTypeDef *
 257:platform/HAL/src/stm32g4xx_hal_fdcan.c ****                                    const uint8_t *pTxData, uint32_t BufferIndex);
 258:platform/HAL/src/stm32g4xx_hal_fdcan.c **** /**
ARM GAS  /tmp/cc2SU6oB.s 			page 6


 259:platform/HAL/src/stm32g4xx_hal_fdcan.c ****   * @}
 260:platform/HAL/src/stm32g4xx_hal_fdcan.c ****   */
 261:platform/HAL/src/stm32g4xx_hal_fdcan.c **** 
 262:platform/HAL/src/stm32g4xx_hal_fdcan.c **** /* Exported functions --------------------------------------------------------*/
 263:platform/HAL/src/stm32g4xx_hal_fdcan.c **** /** @defgroup FDCAN_Exported_Functions FDCAN Exported Functions
 264:platform/HAL/src/stm32g4xx_hal_fdcan.c ****   * @{
 265:platform/HAL/src/stm32g4xx_hal_fdcan.c ****   */
 266:platform/HAL/src/stm32g4xx_hal_fdcan.c **** 
 267:platform/HAL/src/stm32g4xx_hal_fdcan.c **** /** @defgroup FDCAN_Exported_Functions_Group1 Initialization and de-initialization functions
 268:platform/HAL/src/stm32g4xx_hal_fdcan.c ****   *  @brief    Initialization and Configuration functions
 269:platform/HAL/src/stm32g4xx_hal_fdcan.c ****   *
 270:platform/HAL/src/stm32g4xx_hal_fdcan.c **** @verbatim
 271:platform/HAL/src/stm32g4xx_hal_fdcan.c ****   ==============================================================================
 272:platform/HAL/src/stm32g4xx_hal_fdcan.c ****               ##### Initialization and de-initialization functions #####
 273:platform/HAL/src/stm32g4xx_hal_fdcan.c ****   ==============================================================================
 274:platform/HAL/src/stm32g4xx_hal_fdcan.c ****     [..]  This section provides functions allowing to:
 275:platform/HAL/src/stm32g4xx_hal_fdcan.c ****       (+) Initialize and configure the FDCAN.
 276:platform/HAL/src/stm32g4xx_hal_fdcan.c ****       (+) De-initialize the FDCAN.
 277:platform/HAL/src/stm32g4xx_hal_fdcan.c ****       (+) Enter FDCAN peripheral in power down mode.
 278:platform/HAL/src/stm32g4xx_hal_fdcan.c ****       (+) Exit power down mode.
 279:platform/HAL/src/stm32g4xx_hal_fdcan.c ****       (+) Register callbacks.
 280:platform/HAL/src/stm32g4xx_hal_fdcan.c ****       (+) Unregister callbacks.
 281:platform/HAL/src/stm32g4xx_hal_fdcan.c **** 
 282:platform/HAL/src/stm32g4xx_hal_fdcan.c **** @endverbatim
 283:platform/HAL/src/stm32g4xx_hal_fdcan.c ****   * @{
 284:platform/HAL/src/stm32g4xx_hal_fdcan.c ****   */
 285:platform/HAL/src/stm32g4xx_hal_fdcan.c **** 
 286:platform/HAL/src/stm32g4xx_hal_fdcan.c **** /**
 287:platform/HAL/src/stm32g4xx_hal_fdcan.c ****   * @brief  Initializes the FDCAN peripheral according to the specified
 288:platform/HAL/src/stm32g4xx_hal_fdcan.c ****   *         parameters in the FDCAN_InitTypeDef structure.
 289:platform/HAL/src/stm32g4xx_hal_fdcan.c ****   * @param  hfdcan pointer to an FDCAN_HandleTypeDef structure that contains
 290:platform/HAL/src/stm32g4xx_hal_fdcan.c ****   *         the configuration information for the specified FDCAN.
 291:platform/HAL/src/stm32g4xx_hal_fdcan.c ****   * @retval HAL status
 292:platform/HAL/src/stm32g4xx_hal_fdcan.c ****   */
 293:platform/HAL/src/stm32g4xx_hal_fdcan.c **** HAL_StatusTypeDef HAL_FDCAN_Init(FDCAN_HandleTypeDef *hfdcan)
 294:platform/HAL/src/stm32g4xx_hal_fdcan.c **** {
 295:platform/HAL/src/stm32g4xx_hal_fdcan.c ****   uint32_t tickstart;
 296:platform/HAL/src/stm32g4xx_hal_fdcan.c **** 
 297:platform/HAL/src/stm32g4xx_hal_fdcan.c ****   /* Check FDCAN handle */
 298:platform/HAL/src/stm32g4xx_hal_fdcan.c ****   if (hfdcan == NULL)
 299:platform/HAL/src/stm32g4xx_hal_fdcan.c ****   {
 300:platform/HAL/src/stm32g4xx_hal_fdcan.c ****     return HAL_ERROR;
 301:platform/HAL/src/stm32g4xx_hal_fdcan.c ****   }
 302:platform/HAL/src/stm32g4xx_hal_fdcan.c **** 
 303:platform/HAL/src/stm32g4xx_hal_fdcan.c ****   /* Check function parameters */
 304:platform/HAL/src/stm32g4xx_hal_fdcan.c ****   assert_param(IS_FDCAN_ALL_INSTANCE(hfdcan->Instance));
 305:platform/HAL/src/stm32g4xx_hal_fdcan.c ****   if (hfdcan->Instance == FDCAN1)
 306:platform/HAL/src/stm32g4xx_hal_fdcan.c ****   {
 307:platform/HAL/src/stm32g4xx_hal_fdcan.c ****     assert_param(IS_FDCAN_CKDIV(hfdcan->Init.ClockDivider));
 308:platform/HAL/src/stm32g4xx_hal_fdcan.c ****   }
 309:platform/HAL/src/stm32g4xx_hal_fdcan.c ****   assert_param(IS_FDCAN_FRAME_FORMAT(hfdcan->Init.FrameFormat));
 310:platform/HAL/src/stm32g4xx_hal_fdcan.c ****   assert_param(IS_FDCAN_MODE(hfdcan->Init.Mode));
 311:platform/HAL/src/stm32g4xx_hal_fdcan.c ****   assert_param(IS_FUNCTIONAL_STATE(hfdcan->Init.AutoRetransmission));
 312:platform/HAL/src/stm32g4xx_hal_fdcan.c ****   assert_param(IS_FUNCTIONAL_STATE(hfdcan->Init.TransmitPause));
 313:platform/HAL/src/stm32g4xx_hal_fdcan.c ****   assert_param(IS_FUNCTIONAL_STATE(hfdcan->Init.ProtocolException));
 314:platform/HAL/src/stm32g4xx_hal_fdcan.c ****   assert_param(IS_FDCAN_NOMINAL_PRESCALER(hfdcan->Init.NominalPrescaler));
 315:platform/HAL/src/stm32g4xx_hal_fdcan.c ****   assert_param(IS_FDCAN_NOMINAL_SJW(hfdcan->Init.NominalSyncJumpWidth));
ARM GAS  /tmp/cc2SU6oB.s 			page 7


 316:platform/HAL/src/stm32g4xx_hal_fdcan.c ****   assert_param(IS_FDCAN_NOMINAL_TSEG1(hfdcan->Init.NominalTimeSeg1));
 317:platform/HAL/src/stm32g4xx_hal_fdcan.c ****   assert_param(IS_FDCAN_NOMINAL_TSEG2(hfdcan->Init.NominalTimeSeg2));
 318:platform/HAL/src/stm32g4xx_hal_fdcan.c ****   if (hfdcan->Init.FrameFormat == FDCAN_FRAME_FD_BRS)
 319:platform/HAL/src/stm32g4xx_hal_fdcan.c ****   {
 320:platform/HAL/src/stm32g4xx_hal_fdcan.c ****     assert_param(IS_FDCAN_DATA_PRESCALER(hfdcan->Init.DataPrescaler));
 321:platform/HAL/src/stm32g4xx_hal_fdcan.c ****     assert_param(IS_FDCAN_DATA_SJW(hfdcan->Init.DataSyncJumpWidth));
 322:platform/HAL/src/stm32g4xx_hal_fdcan.c ****     assert_param(IS_FDCAN_DATA_TSEG1(hfdcan->Init.DataTimeSeg1));
 323:platform/HAL/src/stm32g4xx_hal_fdcan.c ****     assert_param(IS_FDCAN_DATA_TSEG2(hfdcan->Init.DataTimeSeg2));
 324:platform/HAL/src/stm32g4xx_hal_fdcan.c ****   }
 325:platform/HAL/src/stm32g4xx_hal_fdcan.c ****   assert_param(IS_FDCAN_MAX_VALUE(hfdcan->Init.StdFiltersNbr, SRAMCAN_FLS_NBR));
 326:platform/HAL/src/stm32g4xx_hal_fdcan.c ****   assert_param(IS_FDCAN_MAX_VALUE(hfdcan->Init.ExtFiltersNbr, SRAMCAN_FLE_NBR));
 327:platform/HAL/src/stm32g4xx_hal_fdcan.c ****   assert_param(IS_FDCAN_TX_FIFO_QUEUE_MODE(hfdcan->Init.TxFifoQueueMode));
 328:platform/HAL/src/stm32g4xx_hal_fdcan.c **** 
 329:platform/HAL/src/stm32g4xx_hal_fdcan.c **** #if USE_HAL_FDCAN_REGISTER_CALLBACKS == 1
 330:platform/HAL/src/stm32g4xx_hal_fdcan.c ****   if (hfdcan->State == HAL_FDCAN_STATE_RESET)
 331:platform/HAL/src/stm32g4xx_hal_fdcan.c ****   {
 332:platform/HAL/src/stm32g4xx_hal_fdcan.c ****     /* Allocate lock resource and initialize it */
 333:platform/HAL/src/stm32g4xx_hal_fdcan.c ****     hfdcan->Lock = HAL_UNLOCKED;
 334:platform/HAL/src/stm32g4xx_hal_fdcan.c **** 
 335:platform/HAL/src/stm32g4xx_hal_fdcan.c ****     /* Reset callbacks to legacy functions */
 336:platform/HAL/src/stm32g4xx_hal_fdcan.c ****     hfdcan->TxEventFifoCallback         = HAL_FDCAN_TxEventFifoCallback;         /* TxEventFifoCall
 337:platform/HAL/src/stm32g4xx_hal_fdcan.c ****     hfdcan->RxFifo0Callback             = HAL_FDCAN_RxFifo0Callback;             /* RxFifo0Callback
 338:platform/HAL/src/stm32g4xx_hal_fdcan.c ****     hfdcan->RxFifo1Callback             = HAL_FDCAN_RxFifo1Callback;             /* RxFifo1Callback
 339:platform/HAL/src/stm32g4xx_hal_fdcan.c ****     hfdcan->TxFifoEmptyCallback         = HAL_FDCAN_TxFifoEmptyCallback;         /* TxFifoEmptyCall
 340:platform/HAL/src/stm32g4xx_hal_fdcan.c ****     hfdcan->TxBufferCompleteCallback    = HAL_FDCAN_TxBufferCompleteCallback;    /* TxBufferComplet
 341:platform/HAL/src/stm32g4xx_hal_fdcan.c ****     hfdcan->TxBufferAbortCallback       = HAL_FDCAN_TxBufferAbortCallback;       /* TxBufferAbortCa
 342:platform/HAL/src/stm32g4xx_hal_fdcan.c ****     hfdcan->HighPriorityMessageCallback = HAL_FDCAN_HighPriorityMessageCallback; /* HighPriorityMes
 343:platform/HAL/src/stm32g4xx_hal_fdcan.c ****     hfdcan->TimestampWraparoundCallback = HAL_FDCAN_TimestampWraparoundCallback; /* TimestampWrapar
 344:platform/HAL/src/stm32g4xx_hal_fdcan.c ****     hfdcan->TimeoutOccurredCallback     = HAL_FDCAN_TimeoutOccurredCallback;     /* TimeoutOccurred
 345:platform/HAL/src/stm32g4xx_hal_fdcan.c ****     hfdcan->ErrorCallback               = HAL_FDCAN_ErrorCallback;               /* ErrorCallback  
 346:platform/HAL/src/stm32g4xx_hal_fdcan.c ****     hfdcan->ErrorStatusCallback         = HAL_FDCAN_ErrorStatusCallback;         /* ErrorStatusCall
 347:platform/HAL/src/stm32g4xx_hal_fdcan.c **** 
 348:platform/HAL/src/stm32g4xx_hal_fdcan.c ****     if (hfdcan->MspInitCallback == NULL)
 349:platform/HAL/src/stm32g4xx_hal_fdcan.c ****     {
 350:platform/HAL/src/stm32g4xx_hal_fdcan.c ****       hfdcan->MspInitCallback = HAL_FDCAN_MspInit;  /* Legacy weak MspInit */
 351:platform/HAL/src/stm32g4xx_hal_fdcan.c ****     }
 352:platform/HAL/src/stm32g4xx_hal_fdcan.c **** 
 353:platform/HAL/src/stm32g4xx_hal_fdcan.c ****     /* Init the low level hardware: CLOCK, NVIC */
 354:platform/HAL/src/stm32g4xx_hal_fdcan.c ****     hfdcan->MspInitCallback(hfdcan);
 355:platform/HAL/src/stm32g4xx_hal_fdcan.c ****   }
 356:platform/HAL/src/stm32g4xx_hal_fdcan.c **** #else
 357:platform/HAL/src/stm32g4xx_hal_fdcan.c ****   if (hfdcan->State == HAL_FDCAN_STATE_RESET)
 358:platform/HAL/src/stm32g4xx_hal_fdcan.c ****   {
 359:platform/HAL/src/stm32g4xx_hal_fdcan.c ****     /* Allocate lock resource and initialize it */
 360:platform/HAL/src/stm32g4xx_hal_fdcan.c ****     hfdcan->Lock = HAL_UNLOCKED;
 361:platform/HAL/src/stm32g4xx_hal_fdcan.c **** 
 362:platform/HAL/src/stm32g4xx_hal_fdcan.c ****     /* Init the low level hardware: CLOCK, NVIC */
 363:platform/HAL/src/stm32g4xx_hal_fdcan.c ****     HAL_FDCAN_MspInit(hfdcan);
 364:platform/HAL/src/stm32g4xx_hal_fdcan.c ****   }
 365:platform/HAL/src/stm32g4xx_hal_fdcan.c **** #endif /* USE_HAL_FDCAN_REGISTER_CALLBACKS */
 366:platform/HAL/src/stm32g4xx_hal_fdcan.c **** 
 367:platform/HAL/src/stm32g4xx_hal_fdcan.c ****   /* Exit from Sleep mode */
 368:platform/HAL/src/stm32g4xx_hal_fdcan.c ****   CLEAR_BIT(hfdcan->Instance->CCCR, FDCAN_CCCR_CSR);
 369:platform/HAL/src/stm32g4xx_hal_fdcan.c **** 
 370:platform/HAL/src/stm32g4xx_hal_fdcan.c ****   /* Get tick */
 371:platform/HAL/src/stm32g4xx_hal_fdcan.c ****   tickstart = HAL_GetTick();
 372:platform/HAL/src/stm32g4xx_hal_fdcan.c **** 
ARM GAS  /tmp/cc2SU6oB.s 			page 8


 373:platform/HAL/src/stm32g4xx_hal_fdcan.c ****   /* Check Sleep mode acknowledge */
 374:platform/HAL/src/stm32g4xx_hal_fdcan.c ****   while ((hfdcan->Instance->CCCR & FDCAN_CCCR_CSA) == FDCAN_CCCR_CSA)
 375:platform/HAL/src/stm32g4xx_hal_fdcan.c ****   {
 376:platform/HAL/src/stm32g4xx_hal_fdcan.c ****     if ((HAL_GetTick() - tickstart) > FDCAN_TIMEOUT_VALUE)
 377:platform/HAL/src/stm32g4xx_hal_fdcan.c ****     {
 378:platform/HAL/src/stm32g4xx_hal_fdcan.c ****       /* Update error code */
 379:platform/HAL/src/stm32g4xx_hal_fdcan.c ****       hfdcan->ErrorCode |= HAL_FDCAN_ERROR_TIMEOUT;
 380:platform/HAL/src/stm32g4xx_hal_fdcan.c **** 
 381:platform/HAL/src/stm32g4xx_hal_fdcan.c ****       /* Change FDCAN state */
 382:platform/HAL/src/stm32g4xx_hal_fdcan.c ****       hfdcan->State = HAL_FDCAN_STATE_ERROR;
 383:platform/HAL/src/stm32g4xx_hal_fdcan.c **** 
 384:platform/HAL/src/stm32g4xx_hal_fdcan.c ****       return HAL_ERROR;
 385:platform/HAL/src/stm32g4xx_hal_fdcan.c ****     }
 386:platform/HAL/src/stm32g4xx_hal_fdcan.c ****   }
 387:platform/HAL/src/stm32g4xx_hal_fdcan.c **** 
 388:platform/HAL/src/stm32g4xx_hal_fdcan.c ****   /* Request initialisation */
 389:platform/HAL/src/stm32g4xx_hal_fdcan.c ****   SET_BIT(hfdcan->Instance->CCCR, FDCAN_CCCR_INIT);
 390:platform/HAL/src/stm32g4xx_hal_fdcan.c **** 
 391:platform/HAL/src/stm32g4xx_hal_fdcan.c ****   /* Get tick */
 392:platform/HAL/src/stm32g4xx_hal_fdcan.c ****   tickstart = HAL_GetTick();
 393:platform/HAL/src/stm32g4xx_hal_fdcan.c **** 
 394:platform/HAL/src/stm32g4xx_hal_fdcan.c ****   /* Wait until the INIT bit into CCCR register is set */
 395:platform/HAL/src/stm32g4xx_hal_fdcan.c ****   while ((hfdcan->Instance->CCCR & FDCAN_CCCR_INIT) == 0U)
 396:platform/HAL/src/stm32g4xx_hal_fdcan.c ****   {
 397:platform/HAL/src/stm32g4xx_hal_fdcan.c ****     /* Check for the Timeout */
 398:platform/HAL/src/stm32g4xx_hal_fdcan.c ****     if ((HAL_GetTick() - tickstart) > FDCAN_TIMEOUT_VALUE)
 399:platform/HAL/src/stm32g4xx_hal_fdcan.c ****     {
 400:platform/HAL/src/stm32g4xx_hal_fdcan.c ****       /* Update error code */
 401:platform/HAL/src/stm32g4xx_hal_fdcan.c ****       hfdcan->ErrorCode |= HAL_FDCAN_ERROR_TIMEOUT;
 402:platform/HAL/src/stm32g4xx_hal_fdcan.c **** 
 403:platform/HAL/src/stm32g4xx_hal_fdcan.c ****       /* Change FDCAN state */
 404:platform/HAL/src/stm32g4xx_hal_fdcan.c ****       hfdcan->State = HAL_FDCAN_STATE_ERROR;
 405:platform/HAL/src/stm32g4xx_hal_fdcan.c **** 
 406:platform/HAL/src/stm32g4xx_hal_fdcan.c ****       return HAL_ERROR;
 407:platform/HAL/src/stm32g4xx_hal_fdcan.c ****     }
 408:platform/HAL/src/stm32g4xx_hal_fdcan.c ****   }
 409:platform/HAL/src/stm32g4xx_hal_fdcan.c **** 
 410:platform/HAL/src/stm32g4xx_hal_fdcan.c ****   /* Enable configuration change */
 411:platform/HAL/src/stm32g4xx_hal_fdcan.c ****   SET_BIT(hfdcan->Instance->CCCR, FDCAN_CCCR_CCE);
 412:platform/HAL/src/stm32g4xx_hal_fdcan.c **** 
 413:platform/HAL/src/stm32g4xx_hal_fdcan.c ****   /* Check FDCAN instance */
 414:platform/HAL/src/stm32g4xx_hal_fdcan.c ****   if (hfdcan->Instance == FDCAN1)
 415:platform/HAL/src/stm32g4xx_hal_fdcan.c ****   {
 416:platform/HAL/src/stm32g4xx_hal_fdcan.c ****     /* Configure Clock divider */
 417:platform/HAL/src/stm32g4xx_hal_fdcan.c ****     FDCAN_CONFIG->CKDIV = hfdcan->Init.ClockDivider;
 418:platform/HAL/src/stm32g4xx_hal_fdcan.c ****   }
 419:platform/HAL/src/stm32g4xx_hal_fdcan.c **** 
 420:platform/HAL/src/stm32g4xx_hal_fdcan.c ****   /* Set the no automatic retransmission */
 421:platform/HAL/src/stm32g4xx_hal_fdcan.c ****   if (hfdcan->Init.AutoRetransmission == ENABLE)
 422:platform/HAL/src/stm32g4xx_hal_fdcan.c ****   {
 423:platform/HAL/src/stm32g4xx_hal_fdcan.c ****     CLEAR_BIT(hfdcan->Instance->CCCR, FDCAN_CCCR_DAR);
 424:platform/HAL/src/stm32g4xx_hal_fdcan.c ****   }
 425:platform/HAL/src/stm32g4xx_hal_fdcan.c ****   else
 426:platform/HAL/src/stm32g4xx_hal_fdcan.c ****   {
 427:platform/HAL/src/stm32g4xx_hal_fdcan.c ****     SET_BIT(hfdcan->Instance->CCCR, FDCAN_CCCR_DAR);
 428:platform/HAL/src/stm32g4xx_hal_fdcan.c ****   }
 429:platform/HAL/src/stm32g4xx_hal_fdcan.c **** 
ARM GAS  /tmp/cc2SU6oB.s 			page 9


 430:platform/HAL/src/stm32g4xx_hal_fdcan.c ****   /* Set the transmit pause feature */
 431:platform/HAL/src/stm32g4xx_hal_fdcan.c ****   if (hfdcan->Init.TransmitPause == ENABLE)
 432:platform/HAL/src/stm32g4xx_hal_fdcan.c ****   {
 433:platform/HAL/src/stm32g4xx_hal_fdcan.c ****     SET_BIT(hfdcan->Instance->CCCR, FDCAN_CCCR_TXP);
 434:platform/HAL/src/stm32g4xx_hal_fdcan.c ****   }
 435:platform/HAL/src/stm32g4xx_hal_fdcan.c ****   else
 436:platform/HAL/src/stm32g4xx_hal_fdcan.c ****   {
 437:platform/HAL/src/stm32g4xx_hal_fdcan.c ****     CLEAR_BIT(hfdcan->Instance->CCCR, FDCAN_CCCR_TXP);
 438:platform/HAL/src/stm32g4xx_hal_fdcan.c ****   }
 439:platform/HAL/src/stm32g4xx_hal_fdcan.c **** 
 440:platform/HAL/src/stm32g4xx_hal_fdcan.c ****   /* Set the Protocol Exception Handling */
 441:platform/HAL/src/stm32g4xx_hal_fdcan.c ****   if (hfdcan->Init.ProtocolException == ENABLE)
 442:platform/HAL/src/stm32g4xx_hal_fdcan.c ****   {
 443:platform/HAL/src/stm32g4xx_hal_fdcan.c ****     CLEAR_BIT(hfdcan->Instance->CCCR, FDCAN_CCCR_PXHD);
 444:platform/HAL/src/stm32g4xx_hal_fdcan.c ****   }
 445:platform/HAL/src/stm32g4xx_hal_fdcan.c ****   else
 446:platform/HAL/src/stm32g4xx_hal_fdcan.c ****   {
 447:platform/HAL/src/stm32g4xx_hal_fdcan.c ****     SET_BIT(hfdcan->Instance->CCCR, FDCAN_CCCR_PXHD);
 448:platform/HAL/src/stm32g4xx_hal_fdcan.c ****   }
 449:platform/HAL/src/stm32g4xx_hal_fdcan.c **** 
 450:platform/HAL/src/stm32g4xx_hal_fdcan.c ****   /* Set FDCAN Frame Format */
 451:platform/HAL/src/stm32g4xx_hal_fdcan.c ****   MODIFY_REG(hfdcan->Instance->CCCR, FDCAN_FRAME_FD_BRS, hfdcan->Init.FrameFormat);
 452:platform/HAL/src/stm32g4xx_hal_fdcan.c **** 
 453:platform/HAL/src/stm32g4xx_hal_fdcan.c ****   /* Reset FDCAN Operation Mode */
 454:platform/HAL/src/stm32g4xx_hal_fdcan.c ****   CLEAR_BIT(hfdcan->Instance->CCCR, (FDCAN_CCCR_TEST | FDCAN_CCCR_MON | FDCAN_CCCR_ASM));
 455:platform/HAL/src/stm32g4xx_hal_fdcan.c ****   CLEAR_BIT(hfdcan->Instance->TEST, FDCAN_TEST_LBCK);
 456:platform/HAL/src/stm32g4xx_hal_fdcan.c **** 
 457:platform/HAL/src/stm32g4xx_hal_fdcan.c ****   /* Set FDCAN Operating Mode:
 458:platform/HAL/src/stm32g4xx_hal_fdcan.c ****                | Normal | Restricted |    Bus     | Internal | External
 459:platform/HAL/src/stm32g4xx_hal_fdcan.c ****                |        | Operation  | Monitoring | LoopBack | LoopBack
 460:platform/HAL/src/stm32g4xx_hal_fdcan.c ****      CCCR.TEST |   0    |     0      |     0      |    1     |    1
 461:platform/HAL/src/stm32g4xx_hal_fdcan.c ****      CCCR.MON  |   0    |     0      |     1      |    1     |    0
 462:platform/HAL/src/stm32g4xx_hal_fdcan.c ****      TEST.LBCK |   0    |     0      |     0      |    1     |    1
 463:platform/HAL/src/stm32g4xx_hal_fdcan.c ****      CCCR.ASM  |   0    |     1      |     0      |    0     |    0
 464:platform/HAL/src/stm32g4xx_hal_fdcan.c ****   */
 465:platform/HAL/src/stm32g4xx_hal_fdcan.c ****   if (hfdcan->Init.Mode == FDCAN_MODE_RESTRICTED_OPERATION)
 466:platform/HAL/src/stm32g4xx_hal_fdcan.c ****   {
 467:platform/HAL/src/stm32g4xx_hal_fdcan.c ****     /* Enable Restricted Operation mode */
 468:platform/HAL/src/stm32g4xx_hal_fdcan.c ****     SET_BIT(hfdcan->Instance->CCCR, FDCAN_CCCR_ASM);
 469:platform/HAL/src/stm32g4xx_hal_fdcan.c ****   }
 470:platform/HAL/src/stm32g4xx_hal_fdcan.c ****   else if (hfdcan->Init.Mode != FDCAN_MODE_NORMAL)
 471:platform/HAL/src/stm32g4xx_hal_fdcan.c ****   {
 472:platform/HAL/src/stm32g4xx_hal_fdcan.c ****     if (hfdcan->Init.Mode != FDCAN_MODE_BUS_MONITORING)
 473:platform/HAL/src/stm32g4xx_hal_fdcan.c ****     {
 474:platform/HAL/src/stm32g4xx_hal_fdcan.c ****       /* Enable write access to TEST register */
 475:platform/HAL/src/stm32g4xx_hal_fdcan.c ****       SET_BIT(hfdcan->Instance->CCCR, FDCAN_CCCR_TEST);
 476:platform/HAL/src/stm32g4xx_hal_fdcan.c **** 
 477:platform/HAL/src/stm32g4xx_hal_fdcan.c ****       /* Enable LoopBack mode */
 478:platform/HAL/src/stm32g4xx_hal_fdcan.c ****       SET_BIT(hfdcan->Instance->TEST, FDCAN_TEST_LBCK);
 479:platform/HAL/src/stm32g4xx_hal_fdcan.c **** 
 480:platform/HAL/src/stm32g4xx_hal_fdcan.c ****       if (hfdcan->Init.Mode == FDCAN_MODE_INTERNAL_LOOPBACK)
 481:platform/HAL/src/stm32g4xx_hal_fdcan.c ****       {
 482:platform/HAL/src/stm32g4xx_hal_fdcan.c ****         SET_BIT(hfdcan->Instance->CCCR, FDCAN_CCCR_MON);
 483:platform/HAL/src/stm32g4xx_hal_fdcan.c ****       }
 484:platform/HAL/src/stm32g4xx_hal_fdcan.c ****     }
 485:platform/HAL/src/stm32g4xx_hal_fdcan.c ****     else
 486:platform/HAL/src/stm32g4xx_hal_fdcan.c ****     {
ARM GAS  /tmp/cc2SU6oB.s 			page 10


 487:platform/HAL/src/stm32g4xx_hal_fdcan.c ****       /* Enable bus monitoring mode */
 488:platform/HAL/src/stm32g4xx_hal_fdcan.c ****       SET_BIT(hfdcan->Instance->CCCR, FDCAN_CCCR_MON);
 489:platform/HAL/src/stm32g4xx_hal_fdcan.c ****     }
 490:platform/HAL/src/stm32g4xx_hal_fdcan.c ****   }
 491:platform/HAL/src/stm32g4xx_hal_fdcan.c ****   else
 492:platform/HAL/src/stm32g4xx_hal_fdcan.c ****   {
 493:platform/HAL/src/stm32g4xx_hal_fdcan.c ****     /* Nothing to do: normal mode */
 494:platform/HAL/src/stm32g4xx_hal_fdcan.c ****   }
 495:platform/HAL/src/stm32g4xx_hal_fdcan.c **** 
 496:platform/HAL/src/stm32g4xx_hal_fdcan.c ****   /* Set the nominal bit timing register */
 497:platform/HAL/src/stm32g4xx_hal_fdcan.c ****   hfdcan->Instance->NBTP = ((((uint32_t)hfdcan->Init.NominalSyncJumpWidth - 1U) << FDCAN_NBTP_NSJW_
 498:platform/HAL/src/stm32g4xx_hal_fdcan.c ****                             (((uint32_t)hfdcan->Init.NominalTimeSeg1 - 1U) << FDCAN_NBTP_NTSEG1_Pos
 499:platform/HAL/src/stm32g4xx_hal_fdcan.c ****                             (((uint32_t)hfdcan->Init.NominalTimeSeg2 - 1U) << FDCAN_NBTP_NTSEG2_Pos
 500:platform/HAL/src/stm32g4xx_hal_fdcan.c ****                             (((uint32_t)hfdcan->Init.NominalPrescaler - 1U) << FDCAN_NBTP_NBRP_Pos)
 501:platform/HAL/src/stm32g4xx_hal_fdcan.c **** 
 502:platform/HAL/src/stm32g4xx_hal_fdcan.c ****   /* If FD operation with BRS is selected, set the data bit timing register */
 503:platform/HAL/src/stm32g4xx_hal_fdcan.c ****   if (hfdcan->Init.FrameFormat == FDCAN_FRAME_FD_BRS)
 504:platform/HAL/src/stm32g4xx_hal_fdcan.c ****   {
 505:platform/HAL/src/stm32g4xx_hal_fdcan.c ****     hfdcan->Instance->DBTP = ((((uint32_t)hfdcan->Init.DataSyncJumpWidth - 1U) << FDCAN_DBTP_DSJW_P
 506:platform/HAL/src/stm32g4xx_hal_fdcan.c ****                               (((uint32_t)hfdcan->Init.DataTimeSeg1 - 1U) << FDCAN_DBTP_DTSEG1_Pos)
 507:platform/HAL/src/stm32g4xx_hal_fdcan.c ****                               (((uint32_t)hfdcan->Init.DataTimeSeg2 - 1U) << FDCAN_DBTP_DTSEG2_Pos)
 508:platform/HAL/src/stm32g4xx_hal_fdcan.c ****                               (((uint32_t)hfdcan->Init.DataPrescaler - 1U) << FDCAN_DBTP_DBRP_Pos))
 509:platform/HAL/src/stm32g4xx_hal_fdcan.c ****   }
 510:platform/HAL/src/stm32g4xx_hal_fdcan.c **** 
 511:platform/HAL/src/stm32g4xx_hal_fdcan.c ****   /* Select between Tx FIFO and Tx Queue operation modes */
 512:platform/HAL/src/stm32g4xx_hal_fdcan.c ****   SET_BIT(hfdcan->Instance->TXBC, hfdcan->Init.TxFifoQueueMode);
 513:platform/HAL/src/stm32g4xx_hal_fdcan.c **** 
 514:platform/HAL/src/stm32g4xx_hal_fdcan.c ****   /* Calculate each RAM block address */
 515:platform/HAL/src/stm32g4xx_hal_fdcan.c ****   FDCAN_CalcultateRamBlockAddresses(hfdcan);
 516:platform/HAL/src/stm32g4xx_hal_fdcan.c **** 
 517:platform/HAL/src/stm32g4xx_hal_fdcan.c ****   /* Initialize the Latest Tx request buffer index */
 518:platform/HAL/src/stm32g4xx_hal_fdcan.c ****   hfdcan->LatestTxFifoQRequest = 0U;
 519:platform/HAL/src/stm32g4xx_hal_fdcan.c **** 
 520:platform/HAL/src/stm32g4xx_hal_fdcan.c ****   /* Initialize the error code */
 521:platform/HAL/src/stm32g4xx_hal_fdcan.c ****   hfdcan->ErrorCode = HAL_FDCAN_ERROR_NONE;
 522:platform/HAL/src/stm32g4xx_hal_fdcan.c **** 
 523:platform/HAL/src/stm32g4xx_hal_fdcan.c ****   /* Initialize the FDCAN state */
 524:platform/HAL/src/stm32g4xx_hal_fdcan.c ****   hfdcan->State = HAL_FDCAN_STATE_READY;
 525:platform/HAL/src/stm32g4xx_hal_fdcan.c **** 
 526:platform/HAL/src/stm32g4xx_hal_fdcan.c ****   /* Return function status */
 527:platform/HAL/src/stm32g4xx_hal_fdcan.c ****   return HAL_OK;
 528:platform/HAL/src/stm32g4xx_hal_fdcan.c **** }
 529:platform/HAL/src/stm32g4xx_hal_fdcan.c **** 
 530:platform/HAL/src/stm32g4xx_hal_fdcan.c **** /**
 531:platform/HAL/src/stm32g4xx_hal_fdcan.c ****   * @brief  Deinitializes the FDCAN peripheral registers to their default reset values.
 532:platform/HAL/src/stm32g4xx_hal_fdcan.c ****   * @param  hfdcan pointer to an FDCAN_HandleTypeDef structure that contains
 533:platform/HAL/src/stm32g4xx_hal_fdcan.c ****   *         the configuration information for the specified FDCAN.
 534:platform/HAL/src/stm32g4xx_hal_fdcan.c ****   * @retval HAL status
 535:platform/HAL/src/stm32g4xx_hal_fdcan.c ****   */
 536:platform/HAL/src/stm32g4xx_hal_fdcan.c **** HAL_StatusTypeDef HAL_FDCAN_DeInit(FDCAN_HandleTypeDef *hfdcan)
 537:platform/HAL/src/stm32g4xx_hal_fdcan.c **** {
 538:platform/HAL/src/stm32g4xx_hal_fdcan.c ****   /* Check FDCAN handle */
 539:platform/HAL/src/stm32g4xx_hal_fdcan.c ****   if (hfdcan == NULL)
 540:platform/HAL/src/stm32g4xx_hal_fdcan.c ****   {
 541:platform/HAL/src/stm32g4xx_hal_fdcan.c ****     return HAL_ERROR;
 542:platform/HAL/src/stm32g4xx_hal_fdcan.c ****   }
 543:platform/HAL/src/stm32g4xx_hal_fdcan.c **** 
ARM GAS  /tmp/cc2SU6oB.s 			page 11


 544:platform/HAL/src/stm32g4xx_hal_fdcan.c ****   /* Check function parameters */
 545:platform/HAL/src/stm32g4xx_hal_fdcan.c ****   assert_param(IS_FDCAN_ALL_INSTANCE(hfdcan->Instance));
 546:platform/HAL/src/stm32g4xx_hal_fdcan.c **** 
 547:platform/HAL/src/stm32g4xx_hal_fdcan.c ****   /* Stop the FDCAN module: return value is voluntary ignored */
 548:platform/HAL/src/stm32g4xx_hal_fdcan.c ****   (void)HAL_FDCAN_Stop(hfdcan);
 549:platform/HAL/src/stm32g4xx_hal_fdcan.c **** 
 550:platform/HAL/src/stm32g4xx_hal_fdcan.c ****   /* Disable Interrupt lines */
 551:platform/HAL/src/stm32g4xx_hal_fdcan.c ****   CLEAR_BIT(hfdcan->Instance->ILE, (FDCAN_INTERRUPT_LINE0 | FDCAN_INTERRUPT_LINE1));
 552:platform/HAL/src/stm32g4xx_hal_fdcan.c **** 
 553:platform/HAL/src/stm32g4xx_hal_fdcan.c **** #if USE_HAL_FDCAN_REGISTER_CALLBACKS == 1
 554:platform/HAL/src/stm32g4xx_hal_fdcan.c ****   if (hfdcan->MspDeInitCallback == NULL)
 555:platform/HAL/src/stm32g4xx_hal_fdcan.c ****   {
 556:platform/HAL/src/stm32g4xx_hal_fdcan.c ****     hfdcan->MspDeInitCallback = HAL_FDCAN_MspDeInit; /* Legacy weak MspDeInit */
 557:platform/HAL/src/stm32g4xx_hal_fdcan.c ****   }
 558:platform/HAL/src/stm32g4xx_hal_fdcan.c **** 
 559:platform/HAL/src/stm32g4xx_hal_fdcan.c ****   /* DeInit the low level hardware: CLOCK, NVIC */
 560:platform/HAL/src/stm32g4xx_hal_fdcan.c ****   hfdcan->MspDeInitCallback(hfdcan);
 561:platform/HAL/src/stm32g4xx_hal_fdcan.c **** #else
 562:platform/HAL/src/stm32g4xx_hal_fdcan.c ****   /* DeInit the low level hardware: CLOCK, NVIC */
 563:platform/HAL/src/stm32g4xx_hal_fdcan.c ****   HAL_FDCAN_MspDeInit(hfdcan);
 564:platform/HAL/src/stm32g4xx_hal_fdcan.c **** #endif /* USE_HAL_FDCAN_REGISTER_CALLBACKS */
 565:platform/HAL/src/stm32g4xx_hal_fdcan.c **** 
 566:platform/HAL/src/stm32g4xx_hal_fdcan.c ****   /* Reset the FDCAN ErrorCode */
 567:platform/HAL/src/stm32g4xx_hal_fdcan.c ****   hfdcan->ErrorCode = HAL_FDCAN_ERROR_NONE;
 568:platform/HAL/src/stm32g4xx_hal_fdcan.c **** 
 569:platform/HAL/src/stm32g4xx_hal_fdcan.c ****   /* Change FDCAN state */
 570:platform/HAL/src/stm32g4xx_hal_fdcan.c ****   hfdcan->State = HAL_FDCAN_STATE_RESET;
 571:platform/HAL/src/stm32g4xx_hal_fdcan.c **** 
 572:platform/HAL/src/stm32g4xx_hal_fdcan.c ****   /* Return function status */
 573:platform/HAL/src/stm32g4xx_hal_fdcan.c ****   return HAL_OK;
 574:platform/HAL/src/stm32g4xx_hal_fdcan.c **** }
 575:platform/HAL/src/stm32g4xx_hal_fdcan.c **** 
 576:platform/HAL/src/stm32g4xx_hal_fdcan.c **** /**
 577:platform/HAL/src/stm32g4xx_hal_fdcan.c ****   * @brief  Initializes the FDCAN MSP.
 578:platform/HAL/src/stm32g4xx_hal_fdcan.c ****   * @param  hfdcan pointer to an FDCAN_HandleTypeDef structure that contains
 579:platform/HAL/src/stm32g4xx_hal_fdcan.c ****   *         the configuration information for the specified FDCAN.
 580:platform/HAL/src/stm32g4xx_hal_fdcan.c ****   * @retval None
 581:platform/HAL/src/stm32g4xx_hal_fdcan.c ****   */
 582:platform/HAL/src/stm32g4xx_hal_fdcan.c **** __weak void HAL_FDCAN_MspInit(FDCAN_HandleTypeDef *hfdcan)
 583:platform/HAL/src/stm32g4xx_hal_fdcan.c **** {
 584:platform/HAL/src/stm32g4xx_hal_fdcan.c ****   /* Prevent unused argument(s) compilation warning */
 585:platform/HAL/src/stm32g4xx_hal_fdcan.c ****   UNUSED(hfdcan);
 586:platform/HAL/src/stm32g4xx_hal_fdcan.c ****   /* NOTE: This function Should not be modified, when the callback is needed,
 587:platform/HAL/src/stm32g4xx_hal_fdcan.c ****             the HAL_FDCAN_MspInit could be implemented in the user file
 588:platform/HAL/src/stm32g4xx_hal_fdcan.c ****    */
 589:platform/HAL/src/stm32g4xx_hal_fdcan.c **** }
 590:platform/HAL/src/stm32g4xx_hal_fdcan.c **** 
 591:platform/HAL/src/stm32g4xx_hal_fdcan.c **** /**
 592:platform/HAL/src/stm32g4xx_hal_fdcan.c ****   * @brief  DeInitializes the FDCAN MSP.
 593:platform/HAL/src/stm32g4xx_hal_fdcan.c ****   * @param  hfdcan pointer to an FDCAN_HandleTypeDef structure that contains
 594:platform/HAL/src/stm32g4xx_hal_fdcan.c ****   *         the configuration information for the specified FDCAN.
 595:platform/HAL/src/stm32g4xx_hal_fdcan.c ****   * @retval None
 596:platform/HAL/src/stm32g4xx_hal_fdcan.c ****   */
 597:platform/HAL/src/stm32g4xx_hal_fdcan.c **** __weak void HAL_FDCAN_MspDeInit(FDCAN_HandleTypeDef *hfdcan)
 598:platform/HAL/src/stm32g4xx_hal_fdcan.c **** {
 599:platform/HAL/src/stm32g4xx_hal_fdcan.c ****   /* Prevent unused argument(s) compilation warning */
 600:platform/HAL/src/stm32g4xx_hal_fdcan.c ****   UNUSED(hfdcan);
ARM GAS  /tmp/cc2SU6oB.s 			page 12


 601:platform/HAL/src/stm32g4xx_hal_fdcan.c ****   /* NOTE: This function Should not be modified, when the callback is needed,
 602:platform/HAL/src/stm32g4xx_hal_fdcan.c ****             the HAL_FDCAN_MspDeInit could be implemented in the user file
 603:platform/HAL/src/stm32g4xx_hal_fdcan.c ****    */
 604:platform/HAL/src/stm32g4xx_hal_fdcan.c **** }
 605:platform/HAL/src/stm32g4xx_hal_fdcan.c **** 
 606:platform/HAL/src/stm32g4xx_hal_fdcan.c **** /**
 607:platform/HAL/src/stm32g4xx_hal_fdcan.c ****   * @brief  Enter FDCAN peripheral in sleep mode.
 608:platform/HAL/src/stm32g4xx_hal_fdcan.c ****   * @param  hfdcan pointer to an FDCAN_HandleTypeDef structure that contains
 609:platform/HAL/src/stm32g4xx_hal_fdcan.c ****   *         the configuration information for the specified FDCAN.
 610:platform/HAL/src/stm32g4xx_hal_fdcan.c ****   * @retval HAL status
 611:platform/HAL/src/stm32g4xx_hal_fdcan.c ****   */
 612:platform/HAL/src/stm32g4xx_hal_fdcan.c **** HAL_StatusTypeDef HAL_FDCAN_EnterPowerDownMode(FDCAN_HandleTypeDef *hfdcan)
 613:platform/HAL/src/stm32g4xx_hal_fdcan.c **** {
 614:platform/HAL/src/stm32g4xx_hal_fdcan.c ****   uint32_t tickstart;
 615:platform/HAL/src/stm32g4xx_hal_fdcan.c **** 
 616:platform/HAL/src/stm32g4xx_hal_fdcan.c ****   /* Request clock stop */
 617:platform/HAL/src/stm32g4xx_hal_fdcan.c ****   SET_BIT(hfdcan->Instance->CCCR, FDCAN_CCCR_CSR);
 618:platform/HAL/src/stm32g4xx_hal_fdcan.c **** 
 619:platform/HAL/src/stm32g4xx_hal_fdcan.c ****   /* Get tick */
 620:platform/HAL/src/stm32g4xx_hal_fdcan.c ****   tickstart = HAL_GetTick();
 621:platform/HAL/src/stm32g4xx_hal_fdcan.c **** 
 622:platform/HAL/src/stm32g4xx_hal_fdcan.c ****   /* Wait until FDCAN is ready for power down */
 623:platform/HAL/src/stm32g4xx_hal_fdcan.c ****   while ((hfdcan->Instance->CCCR & FDCAN_CCCR_CSA) == 0U)
 624:platform/HAL/src/stm32g4xx_hal_fdcan.c ****   {
 625:platform/HAL/src/stm32g4xx_hal_fdcan.c ****     if ((HAL_GetTick() - tickstart) > FDCAN_TIMEOUT_VALUE)
 626:platform/HAL/src/stm32g4xx_hal_fdcan.c ****     {
 627:platform/HAL/src/stm32g4xx_hal_fdcan.c ****       /* Update error code */
 628:platform/HAL/src/stm32g4xx_hal_fdcan.c ****       hfdcan->ErrorCode |= HAL_FDCAN_ERROR_TIMEOUT;
 629:platform/HAL/src/stm32g4xx_hal_fdcan.c **** 
 630:platform/HAL/src/stm32g4xx_hal_fdcan.c ****       /* Change FDCAN state */
 631:platform/HAL/src/stm32g4xx_hal_fdcan.c ****       hfdcan->State = HAL_FDCAN_STATE_ERROR;
 632:platform/HAL/src/stm32g4xx_hal_fdcan.c **** 
 633:platform/HAL/src/stm32g4xx_hal_fdcan.c ****       return HAL_ERROR;
 634:platform/HAL/src/stm32g4xx_hal_fdcan.c ****     }
 635:platform/HAL/src/stm32g4xx_hal_fdcan.c ****   }
 636:platform/HAL/src/stm32g4xx_hal_fdcan.c **** 
 637:platform/HAL/src/stm32g4xx_hal_fdcan.c ****   /* Return function status */
 638:platform/HAL/src/stm32g4xx_hal_fdcan.c ****   return HAL_OK;
 639:platform/HAL/src/stm32g4xx_hal_fdcan.c **** }
 640:platform/HAL/src/stm32g4xx_hal_fdcan.c **** 
 641:platform/HAL/src/stm32g4xx_hal_fdcan.c **** /**
 642:platform/HAL/src/stm32g4xx_hal_fdcan.c ****   * @brief  Exit power down mode.
 643:platform/HAL/src/stm32g4xx_hal_fdcan.c ****   * @param  hfdcan pointer to an FDCAN_HandleTypeDef structure that contains
 644:platform/HAL/src/stm32g4xx_hal_fdcan.c ****   *         the configuration information for the specified FDCAN.
 645:platform/HAL/src/stm32g4xx_hal_fdcan.c ****   * @retval HAL status
 646:platform/HAL/src/stm32g4xx_hal_fdcan.c ****   */
 647:platform/HAL/src/stm32g4xx_hal_fdcan.c **** HAL_StatusTypeDef HAL_FDCAN_ExitPowerDownMode(FDCAN_HandleTypeDef *hfdcan)
 648:platform/HAL/src/stm32g4xx_hal_fdcan.c **** {
 649:platform/HAL/src/stm32g4xx_hal_fdcan.c ****   uint32_t tickstart;
 650:platform/HAL/src/stm32g4xx_hal_fdcan.c **** 
 651:platform/HAL/src/stm32g4xx_hal_fdcan.c ****   /* Reset clock stop request */
 652:platform/HAL/src/stm32g4xx_hal_fdcan.c ****   CLEAR_BIT(hfdcan->Instance->CCCR, FDCAN_CCCR_CSR);
 653:platform/HAL/src/stm32g4xx_hal_fdcan.c **** 
 654:platform/HAL/src/stm32g4xx_hal_fdcan.c ****   /* Get tick */
 655:platform/HAL/src/stm32g4xx_hal_fdcan.c ****   tickstart = HAL_GetTick();
 656:platform/HAL/src/stm32g4xx_hal_fdcan.c **** 
 657:platform/HAL/src/stm32g4xx_hal_fdcan.c ****   /* Wait until FDCAN exits sleep mode */
ARM GAS  /tmp/cc2SU6oB.s 			page 13


 658:platform/HAL/src/stm32g4xx_hal_fdcan.c ****   while ((hfdcan->Instance->CCCR & FDCAN_CCCR_CSA) == FDCAN_CCCR_CSA)
 659:platform/HAL/src/stm32g4xx_hal_fdcan.c ****   {
 660:platform/HAL/src/stm32g4xx_hal_fdcan.c ****     if ((HAL_GetTick() - tickstart) > FDCAN_TIMEOUT_VALUE)
 661:platform/HAL/src/stm32g4xx_hal_fdcan.c ****     {
 662:platform/HAL/src/stm32g4xx_hal_fdcan.c ****       /* Update error code */
 663:platform/HAL/src/stm32g4xx_hal_fdcan.c ****       hfdcan->ErrorCode |= HAL_FDCAN_ERROR_TIMEOUT;
 664:platform/HAL/src/stm32g4xx_hal_fdcan.c **** 
 665:platform/HAL/src/stm32g4xx_hal_fdcan.c ****       /* Change FDCAN state */
 666:platform/HAL/src/stm32g4xx_hal_fdcan.c ****       hfdcan->State = HAL_FDCAN_STATE_ERROR;
 667:platform/HAL/src/stm32g4xx_hal_fdcan.c **** 
 668:platform/HAL/src/stm32g4xx_hal_fdcan.c ****       return HAL_ERROR;
 669:platform/HAL/src/stm32g4xx_hal_fdcan.c ****     }
 670:platform/HAL/src/stm32g4xx_hal_fdcan.c ****   }
 671:platform/HAL/src/stm32g4xx_hal_fdcan.c **** 
 672:platform/HAL/src/stm32g4xx_hal_fdcan.c ****   /* Enter normal operation */
 673:platform/HAL/src/stm32g4xx_hal_fdcan.c ****   CLEAR_BIT(hfdcan->Instance->CCCR, FDCAN_CCCR_INIT);
 674:platform/HAL/src/stm32g4xx_hal_fdcan.c **** 
 675:platform/HAL/src/stm32g4xx_hal_fdcan.c ****   /* Return function status */
 676:platform/HAL/src/stm32g4xx_hal_fdcan.c ****   return HAL_OK;
 677:platform/HAL/src/stm32g4xx_hal_fdcan.c **** }
 678:platform/HAL/src/stm32g4xx_hal_fdcan.c **** 
 679:platform/HAL/src/stm32g4xx_hal_fdcan.c **** #if USE_HAL_FDCAN_REGISTER_CALLBACKS == 1
 680:platform/HAL/src/stm32g4xx_hal_fdcan.c **** /**
 681:platform/HAL/src/stm32g4xx_hal_fdcan.c ****   * @brief  Register a FDCAN CallBack.
 682:platform/HAL/src/stm32g4xx_hal_fdcan.c ****   *         To be used instead of the weak predefined callback
 683:platform/HAL/src/stm32g4xx_hal_fdcan.c ****   * @param  hfdcan pointer to a FDCAN_HandleTypeDef structure that contains
 684:platform/HAL/src/stm32g4xx_hal_fdcan.c ****   *         the configuration information for FDCAN module
 685:platform/HAL/src/stm32g4xx_hal_fdcan.c ****   * @param  CallbackID ID of the callback to be registered
 686:platform/HAL/src/stm32g4xx_hal_fdcan.c ****   *         This parameter can be one of the following values:
 687:platform/HAL/src/stm32g4xx_hal_fdcan.c ****   *           @arg @ref HAL_FDCAN_TX_FIFO_EMPTY_CB_ID Tx Fifo Empty callback ID
 688:platform/HAL/src/stm32g4xx_hal_fdcan.c ****   *           @arg @ref HAL_FDCAN_HIGH_PRIO_MESSAGE_CB_ID High priority message callback ID
 689:platform/HAL/src/stm32g4xx_hal_fdcan.c ****   *           @arg @ref HAL_FDCAN_TIMESTAMP_WRAPAROUND_CB_ID Timestamp wraparound callback ID
 690:platform/HAL/src/stm32g4xx_hal_fdcan.c ****   *           @arg @ref HAL_FDCAN_TIMEOUT_OCCURRED_CB_ID Timeout occurred callback ID
 691:platform/HAL/src/stm32g4xx_hal_fdcan.c ****   *           @arg @ref HAL_FDCAN_ERROR_CALLBACK_CB_ID Error callback ID
 692:platform/HAL/src/stm32g4xx_hal_fdcan.c ****   *           @arg @ref HAL_FDCAN_MSPINIT_CB_ID MspInit callback ID
 693:platform/HAL/src/stm32g4xx_hal_fdcan.c ****   *           @arg @ref HAL_FDCAN_MSPDEINIT_CB_ID MspDeInit callback ID
 694:platform/HAL/src/stm32g4xx_hal_fdcan.c ****   * @param  pCallback pointer to the Callback function
 695:platform/HAL/src/stm32g4xx_hal_fdcan.c ****   * @retval HAL status
 696:platform/HAL/src/stm32g4xx_hal_fdcan.c ****   */
 697:platform/HAL/src/stm32g4xx_hal_fdcan.c **** HAL_StatusTypeDef HAL_FDCAN_RegisterCallback(FDCAN_HandleTypeDef *hfdcan, HAL_FDCAN_CallbackIDTypeD
 698:platform/HAL/src/stm32g4xx_hal_fdcan.c ****                                              void (* pCallback)(FDCAN_HandleTypeDef *_hFDCAN))
 699:platform/HAL/src/stm32g4xx_hal_fdcan.c **** {
 700:platform/HAL/src/stm32g4xx_hal_fdcan.c ****   HAL_StatusTypeDef status = HAL_OK;
 701:platform/HAL/src/stm32g4xx_hal_fdcan.c **** 
 702:platform/HAL/src/stm32g4xx_hal_fdcan.c ****   if (pCallback == NULL)
 703:platform/HAL/src/stm32g4xx_hal_fdcan.c ****   {
 704:platform/HAL/src/stm32g4xx_hal_fdcan.c ****     /* Update the error code */
 705:platform/HAL/src/stm32g4xx_hal_fdcan.c ****     hfdcan->ErrorCode |= HAL_FDCAN_ERROR_INVALID_CALLBACK;
 706:platform/HAL/src/stm32g4xx_hal_fdcan.c **** 
 707:platform/HAL/src/stm32g4xx_hal_fdcan.c ****     return HAL_ERROR;
 708:platform/HAL/src/stm32g4xx_hal_fdcan.c ****   }
 709:platform/HAL/src/stm32g4xx_hal_fdcan.c **** 
 710:platform/HAL/src/stm32g4xx_hal_fdcan.c ****   if (hfdcan->State == HAL_FDCAN_STATE_READY)
 711:platform/HAL/src/stm32g4xx_hal_fdcan.c ****   {
 712:platform/HAL/src/stm32g4xx_hal_fdcan.c ****     switch (CallbackID)
 713:platform/HAL/src/stm32g4xx_hal_fdcan.c ****     {
 714:platform/HAL/src/stm32g4xx_hal_fdcan.c ****       case HAL_FDCAN_TX_FIFO_EMPTY_CB_ID :
ARM GAS  /tmp/cc2SU6oB.s 			page 14


 715:platform/HAL/src/stm32g4xx_hal_fdcan.c ****         hfdcan->TxFifoEmptyCallback = pCallback;
 716:platform/HAL/src/stm32g4xx_hal_fdcan.c ****         break;
 717:platform/HAL/src/stm32g4xx_hal_fdcan.c **** 
 718:platform/HAL/src/stm32g4xx_hal_fdcan.c ****       case HAL_FDCAN_HIGH_PRIO_MESSAGE_CB_ID :
 719:platform/HAL/src/stm32g4xx_hal_fdcan.c ****         hfdcan->HighPriorityMessageCallback = pCallback;
 720:platform/HAL/src/stm32g4xx_hal_fdcan.c ****         break;
 721:platform/HAL/src/stm32g4xx_hal_fdcan.c **** 
 722:platform/HAL/src/stm32g4xx_hal_fdcan.c ****       case HAL_FDCAN_TIMESTAMP_WRAPAROUND_CB_ID :
 723:platform/HAL/src/stm32g4xx_hal_fdcan.c ****         hfdcan->TimestampWraparoundCallback = pCallback;
 724:platform/HAL/src/stm32g4xx_hal_fdcan.c ****         break;
 725:platform/HAL/src/stm32g4xx_hal_fdcan.c **** 
 726:platform/HAL/src/stm32g4xx_hal_fdcan.c ****       case HAL_FDCAN_TIMEOUT_OCCURRED_CB_ID :
 727:platform/HAL/src/stm32g4xx_hal_fdcan.c ****         hfdcan->TimeoutOccurredCallback = pCallback;
 728:platform/HAL/src/stm32g4xx_hal_fdcan.c ****         break;
 729:platform/HAL/src/stm32g4xx_hal_fdcan.c **** 
 730:platform/HAL/src/stm32g4xx_hal_fdcan.c ****       case HAL_FDCAN_ERROR_CALLBACK_CB_ID :
 731:platform/HAL/src/stm32g4xx_hal_fdcan.c ****         hfdcan->ErrorCallback = pCallback;
 732:platform/HAL/src/stm32g4xx_hal_fdcan.c ****         break;
 733:platform/HAL/src/stm32g4xx_hal_fdcan.c **** 
 734:platform/HAL/src/stm32g4xx_hal_fdcan.c ****       case HAL_FDCAN_MSPINIT_CB_ID :
 735:platform/HAL/src/stm32g4xx_hal_fdcan.c ****         hfdcan->MspInitCallback = pCallback;
 736:platform/HAL/src/stm32g4xx_hal_fdcan.c ****         break;
 737:platform/HAL/src/stm32g4xx_hal_fdcan.c **** 
 738:platform/HAL/src/stm32g4xx_hal_fdcan.c ****       case HAL_FDCAN_MSPDEINIT_CB_ID :
 739:platform/HAL/src/stm32g4xx_hal_fdcan.c ****         hfdcan->MspDeInitCallback = pCallback;
 740:platform/HAL/src/stm32g4xx_hal_fdcan.c ****         break;
 741:platform/HAL/src/stm32g4xx_hal_fdcan.c **** 
 742:platform/HAL/src/stm32g4xx_hal_fdcan.c ****       default :
 743:platform/HAL/src/stm32g4xx_hal_fdcan.c ****         /* Update the error code */
 744:platform/HAL/src/stm32g4xx_hal_fdcan.c ****         hfdcan->ErrorCode |= HAL_FDCAN_ERROR_INVALID_CALLBACK;
 745:platform/HAL/src/stm32g4xx_hal_fdcan.c **** 
 746:platform/HAL/src/stm32g4xx_hal_fdcan.c ****         /* Return error status */
 747:platform/HAL/src/stm32g4xx_hal_fdcan.c ****         status =  HAL_ERROR;
 748:platform/HAL/src/stm32g4xx_hal_fdcan.c ****         break;
 749:platform/HAL/src/stm32g4xx_hal_fdcan.c ****     }
 750:platform/HAL/src/stm32g4xx_hal_fdcan.c ****   }
 751:platform/HAL/src/stm32g4xx_hal_fdcan.c ****   else if (hfdcan->State == HAL_FDCAN_STATE_RESET)
 752:platform/HAL/src/stm32g4xx_hal_fdcan.c ****   {
 753:platform/HAL/src/stm32g4xx_hal_fdcan.c ****     switch (CallbackID)
 754:platform/HAL/src/stm32g4xx_hal_fdcan.c ****     {
 755:platform/HAL/src/stm32g4xx_hal_fdcan.c ****       case HAL_FDCAN_MSPINIT_CB_ID :
 756:platform/HAL/src/stm32g4xx_hal_fdcan.c ****         hfdcan->MspInitCallback = pCallback;
 757:platform/HAL/src/stm32g4xx_hal_fdcan.c ****         break;
 758:platform/HAL/src/stm32g4xx_hal_fdcan.c **** 
 759:platform/HAL/src/stm32g4xx_hal_fdcan.c ****       case HAL_FDCAN_MSPDEINIT_CB_ID :
 760:platform/HAL/src/stm32g4xx_hal_fdcan.c ****         hfdcan->MspDeInitCallback = pCallback;
 761:platform/HAL/src/stm32g4xx_hal_fdcan.c ****         break;
 762:platform/HAL/src/stm32g4xx_hal_fdcan.c **** 
 763:platform/HAL/src/stm32g4xx_hal_fdcan.c ****       default :
 764:platform/HAL/src/stm32g4xx_hal_fdcan.c ****         /* Update the error code */
 765:platform/HAL/src/stm32g4xx_hal_fdcan.c ****         hfdcan->ErrorCode |= HAL_FDCAN_ERROR_INVALID_CALLBACK;
 766:platform/HAL/src/stm32g4xx_hal_fdcan.c **** 
 767:platform/HAL/src/stm32g4xx_hal_fdcan.c ****         /* Return error status */
 768:platform/HAL/src/stm32g4xx_hal_fdcan.c ****         status =  HAL_ERROR;
 769:platform/HAL/src/stm32g4xx_hal_fdcan.c ****         break;
 770:platform/HAL/src/stm32g4xx_hal_fdcan.c ****     }
 771:platform/HAL/src/stm32g4xx_hal_fdcan.c ****   }
ARM GAS  /tmp/cc2SU6oB.s 			page 15


 772:platform/HAL/src/stm32g4xx_hal_fdcan.c ****   else
 773:platform/HAL/src/stm32g4xx_hal_fdcan.c ****   {
 774:platform/HAL/src/stm32g4xx_hal_fdcan.c ****     /* Update the error code */
 775:platform/HAL/src/stm32g4xx_hal_fdcan.c ****     hfdcan->ErrorCode |= HAL_FDCAN_ERROR_INVALID_CALLBACK;
 776:platform/HAL/src/stm32g4xx_hal_fdcan.c **** 
 777:platform/HAL/src/stm32g4xx_hal_fdcan.c ****     /* Return error status */
 778:platform/HAL/src/stm32g4xx_hal_fdcan.c ****     status =  HAL_ERROR;
 779:platform/HAL/src/stm32g4xx_hal_fdcan.c ****   }
 780:platform/HAL/src/stm32g4xx_hal_fdcan.c **** 
 781:platform/HAL/src/stm32g4xx_hal_fdcan.c ****   return status;
 782:platform/HAL/src/stm32g4xx_hal_fdcan.c **** }
 783:platform/HAL/src/stm32g4xx_hal_fdcan.c **** 
 784:platform/HAL/src/stm32g4xx_hal_fdcan.c **** /**
 785:platform/HAL/src/stm32g4xx_hal_fdcan.c ****   * @brief  Unregister a FDCAN CallBack.
 786:platform/HAL/src/stm32g4xx_hal_fdcan.c ****   *         FDCAN callback is redirected to the weak predefined callback
 787:platform/HAL/src/stm32g4xx_hal_fdcan.c ****   * @param  hfdcan pointer to a FDCAN_HandleTypeDef structure that contains
 788:platform/HAL/src/stm32g4xx_hal_fdcan.c ****   *         the configuration information for FDCAN module
 789:platform/HAL/src/stm32g4xx_hal_fdcan.c ****   * @param  CallbackID ID of the callback to be unregistered
 790:platform/HAL/src/stm32g4xx_hal_fdcan.c ****   *         This parameter can be one of the following values:
 791:platform/HAL/src/stm32g4xx_hal_fdcan.c ****   *           @arg @ref HAL_FDCAN_TX_FIFO_EMPTY_CB_ID Tx Fifo Empty callback ID
 792:platform/HAL/src/stm32g4xx_hal_fdcan.c ****   *           @arg @ref HAL_FDCAN_HIGH_PRIO_MESSAGE_CB_ID High priority message callback ID
 793:platform/HAL/src/stm32g4xx_hal_fdcan.c ****   *           @arg @ref HAL_FDCAN_TIMESTAMP_WRAPAROUND_CB_ID Timestamp wraparound callback ID
 794:platform/HAL/src/stm32g4xx_hal_fdcan.c ****   *           @arg @ref HAL_FDCAN_TIMEOUT_OCCURRED_CB_ID Timeout occurred callback ID
 795:platform/HAL/src/stm32g4xx_hal_fdcan.c ****   *           @arg @ref HAL_FDCAN_ERROR_CALLBACK_CB_ID Error callback ID
 796:platform/HAL/src/stm32g4xx_hal_fdcan.c ****   *           @arg @ref HAL_FDCAN_MSPINIT_CB_ID MspInit callback ID
 797:platform/HAL/src/stm32g4xx_hal_fdcan.c ****   *           @arg @ref HAL_FDCAN_MSPDEINIT_CB_ID MspDeInit callback ID
 798:platform/HAL/src/stm32g4xx_hal_fdcan.c ****   * @retval HAL status
 799:platform/HAL/src/stm32g4xx_hal_fdcan.c ****   */
 800:platform/HAL/src/stm32g4xx_hal_fdcan.c **** HAL_StatusTypeDef HAL_FDCAN_UnRegisterCallback(FDCAN_HandleTypeDef *hfdcan, HAL_FDCAN_CallbackIDTyp
 801:platform/HAL/src/stm32g4xx_hal_fdcan.c **** {
 802:platform/HAL/src/stm32g4xx_hal_fdcan.c ****   HAL_StatusTypeDef status = HAL_OK;
 803:platform/HAL/src/stm32g4xx_hal_fdcan.c **** 
 804:platform/HAL/src/stm32g4xx_hal_fdcan.c ****   if (hfdcan->State == HAL_FDCAN_STATE_READY)
 805:platform/HAL/src/stm32g4xx_hal_fdcan.c ****   {
 806:platform/HAL/src/stm32g4xx_hal_fdcan.c ****     switch (CallbackID)
 807:platform/HAL/src/stm32g4xx_hal_fdcan.c ****     {
 808:platform/HAL/src/stm32g4xx_hal_fdcan.c ****       case HAL_FDCAN_TX_FIFO_EMPTY_CB_ID :
 809:platform/HAL/src/stm32g4xx_hal_fdcan.c ****         hfdcan->TxFifoEmptyCallback = HAL_FDCAN_TxFifoEmptyCallback;
 810:platform/HAL/src/stm32g4xx_hal_fdcan.c ****         break;
 811:platform/HAL/src/stm32g4xx_hal_fdcan.c **** 
 812:platform/HAL/src/stm32g4xx_hal_fdcan.c ****       case HAL_FDCAN_HIGH_PRIO_MESSAGE_CB_ID :
 813:platform/HAL/src/stm32g4xx_hal_fdcan.c ****         hfdcan->HighPriorityMessageCallback = HAL_FDCAN_HighPriorityMessageCallback;
 814:platform/HAL/src/stm32g4xx_hal_fdcan.c ****         break;
 815:platform/HAL/src/stm32g4xx_hal_fdcan.c **** 
 816:platform/HAL/src/stm32g4xx_hal_fdcan.c ****       case HAL_FDCAN_TIMESTAMP_WRAPAROUND_CB_ID :
 817:platform/HAL/src/stm32g4xx_hal_fdcan.c ****         hfdcan->TimestampWraparoundCallback = HAL_FDCAN_TimestampWraparoundCallback;
 818:platform/HAL/src/stm32g4xx_hal_fdcan.c ****         break;
 819:platform/HAL/src/stm32g4xx_hal_fdcan.c **** 
 820:platform/HAL/src/stm32g4xx_hal_fdcan.c ****       case HAL_FDCAN_TIMEOUT_OCCURRED_CB_ID :
 821:platform/HAL/src/stm32g4xx_hal_fdcan.c ****         hfdcan->TimeoutOccurredCallback = HAL_FDCAN_TimeoutOccurredCallback;
 822:platform/HAL/src/stm32g4xx_hal_fdcan.c ****         break;
 823:platform/HAL/src/stm32g4xx_hal_fdcan.c **** 
 824:platform/HAL/src/stm32g4xx_hal_fdcan.c ****       case HAL_FDCAN_ERROR_CALLBACK_CB_ID :
 825:platform/HAL/src/stm32g4xx_hal_fdcan.c ****         hfdcan->ErrorCallback = HAL_FDCAN_ErrorCallback;
 826:platform/HAL/src/stm32g4xx_hal_fdcan.c ****         break;
 827:platform/HAL/src/stm32g4xx_hal_fdcan.c **** 
 828:platform/HAL/src/stm32g4xx_hal_fdcan.c ****       case HAL_FDCAN_MSPINIT_CB_ID :
ARM GAS  /tmp/cc2SU6oB.s 			page 16


 829:platform/HAL/src/stm32g4xx_hal_fdcan.c ****         hfdcan->MspInitCallback = HAL_FDCAN_MspInit;
 830:platform/HAL/src/stm32g4xx_hal_fdcan.c ****         break;
 831:platform/HAL/src/stm32g4xx_hal_fdcan.c **** 
 832:platform/HAL/src/stm32g4xx_hal_fdcan.c ****       case HAL_FDCAN_MSPDEINIT_CB_ID :
 833:platform/HAL/src/stm32g4xx_hal_fdcan.c ****         hfdcan->MspDeInitCallback = HAL_FDCAN_MspDeInit;
 834:platform/HAL/src/stm32g4xx_hal_fdcan.c ****         break;
 835:platform/HAL/src/stm32g4xx_hal_fdcan.c **** 
 836:platform/HAL/src/stm32g4xx_hal_fdcan.c ****       default :
 837:platform/HAL/src/stm32g4xx_hal_fdcan.c ****         /* Update the error code */
 838:platform/HAL/src/stm32g4xx_hal_fdcan.c ****         hfdcan->ErrorCode |= HAL_FDCAN_ERROR_INVALID_CALLBACK;
 839:platform/HAL/src/stm32g4xx_hal_fdcan.c **** 
 840:platform/HAL/src/stm32g4xx_hal_fdcan.c ****         /* Return error status */
 841:platform/HAL/src/stm32g4xx_hal_fdcan.c ****         status =  HAL_ERROR;
 842:platform/HAL/src/stm32g4xx_hal_fdcan.c ****         break;
 843:platform/HAL/src/stm32g4xx_hal_fdcan.c ****     }
 844:platform/HAL/src/stm32g4xx_hal_fdcan.c ****   }
 845:platform/HAL/src/stm32g4xx_hal_fdcan.c ****   else if (hfdcan->State == HAL_FDCAN_STATE_RESET)
 846:platform/HAL/src/stm32g4xx_hal_fdcan.c ****   {
 847:platform/HAL/src/stm32g4xx_hal_fdcan.c ****     switch (CallbackID)
 848:platform/HAL/src/stm32g4xx_hal_fdcan.c ****     {
 849:platform/HAL/src/stm32g4xx_hal_fdcan.c ****       case HAL_FDCAN_MSPINIT_CB_ID :
 850:platform/HAL/src/stm32g4xx_hal_fdcan.c ****         hfdcan->MspInitCallback = HAL_FDCAN_MspInit;
 851:platform/HAL/src/stm32g4xx_hal_fdcan.c ****         break;
 852:platform/HAL/src/stm32g4xx_hal_fdcan.c **** 
 853:platform/HAL/src/stm32g4xx_hal_fdcan.c ****       case HAL_FDCAN_MSPDEINIT_CB_ID :
 854:platform/HAL/src/stm32g4xx_hal_fdcan.c ****         hfdcan->MspDeInitCallback = HAL_FDCAN_MspDeInit;
 855:platform/HAL/src/stm32g4xx_hal_fdcan.c ****         break;
 856:platform/HAL/src/stm32g4xx_hal_fdcan.c **** 
 857:platform/HAL/src/stm32g4xx_hal_fdcan.c ****       default :
 858:platform/HAL/src/stm32g4xx_hal_fdcan.c ****         /* Update the error code */
 859:platform/HAL/src/stm32g4xx_hal_fdcan.c ****         hfdcan->ErrorCode |= HAL_FDCAN_ERROR_INVALID_CALLBACK;
 860:platform/HAL/src/stm32g4xx_hal_fdcan.c **** 
 861:platform/HAL/src/stm32g4xx_hal_fdcan.c ****         /* Return error status */
 862:platform/HAL/src/stm32g4xx_hal_fdcan.c ****         status =  HAL_ERROR;
 863:platform/HAL/src/stm32g4xx_hal_fdcan.c ****         break;
 864:platform/HAL/src/stm32g4xx_hal_fdcan.c ****     }
 865:platform/HAL/src/stm32g4xx_hal_fdcan.c ****   }
 866:platform/HAL/src/stm32g4xx_hal_fdcan.c ****   else
 867:platform/HAL/src/stm32g4xx_hal_fdcan.c ****   {
 868:platform/HAL/src/stm32g4xx_hal_fdcan.c ****     /* Update the error code */
 869:platform/HAL/src/stm32g4xx_hal_fdcan.c ****     hfdcan->ErrorCode |= HAL_FDCAN_ERROR_INVALID_CALLBACK;
 870:platform/HAL/src/stm32g4xx_hal_fdcan.c **** 
 871:platform/HAL/src/stm32g4xx_hal_fdcan.c ****     /* Return error status */
 872:platform/HAL/src/stm32g4xx_hal_fdcan.c ****     status =  HAL_ERROR;
 873:platform/HAL/src/stm32g4xx_hal_fdcan.c ****   }
 874:platform/HAL/src/stm32g4xx_hal_fdcan.c **** 
 875:platform/HAL/src/stm32g4xx_hal_fdcan.c ****   return status;
 876:platform/HAL/src/stm32g4xx_hal_fdcan.c **** }
 877:platform/HAL/src/stm32g4xx_hal_fdcan.c **** 
 878:platform/HAL/src/stm32g4xx_hal_fdcan.c **** /**
 879:platform/HAL/src/stm32g4xx_hal_fdcan.c ****   * @brief  Register Tx Event Fifo FDCAN Callback
 880:platform/HAL/src/stm32g4xx_hal_fdcan.c ****   *         To be used instead of the weak HAL_FDCAN_TxEventFifoCallback() predefined callback
 881:platform/HAL/src/stm32g4xx_hal_fdcan.c ****   * @param  hfdcan FDCAN handle
 882:platform/HAL/src/stm32g4xx_hal_fdcan.c ****   * @param  pCallback pointer to the Tx Event Fifo Callback function
 883:platform/HAL/src/stm32g4xx_hal_fdcan.c ****   * @retval HAL status
 884:platform/HAL/src/stm32g4xx_hal_fdcan.c ****   */
 885:platform/HAL/src/stm32g4xx_hal_fdcan.c **** HAL_StatusTypeDef HAL_FDCAN_RegisterTxEventFifoCallback(FDCAN_HandleTypeDef *hfdcan,
ARM GAS  /tmp/cc2SU6oB.s 			page 17


 886:platform/HAL/src/stm32g4xx_hal_fdcan.c ****                                                         pFDCAN_TxEventFifoCallbackTypeDef pCallback
 887:platform/HAL/src/stm32g4xx_hal_fdcan.c **** {
 888:platform/HAL/src/stm32g4xx_hal_fdcan.c ****   HAL_StatusTypeDef status = HAL_OK;
 889:platform/HAL/src/stm32g4xx_hal_fdcan.c **** 
 890:platform/HAL/src/stm32g4xx_hal_fdcan.c ****   if (pCallback == NULL)
 891:platform/HAL/src/stm32g4xx_hal_fdcan.c ****   {
 892:platform/HAL/src/stm32g4xx_hal_fdcan.c ****     /* Update the error code */
 893:platform/HAL/src/stm32g4xx_hal_fdcan.c ****     hfdcan->ErrorCode |= HAL_FDCAN_ERROR_INVALID_CALLBACK;
 894:platform/HAL/src/stm32g4xx_hal_fdcan.c ****     return HAL_ERROR;
 895:platform/HAL/src/stm32g4xx_hal_fdcan.c ****   }
 896:platform/HAL/src/stm32g4xx_hal_fdcan.c **** 
 897:platform/HAL/src/stm32g4xx_hal_fdcan.c ****   if (hfdcan->State == HAL_FDCAN_STATE_READY)
 898:platform/HAL/src/stm32g4xx_hal_fdcan.c ****   {
 899:platform/HAL/src/stm32g4xx_hal_fdcan.c ****     hfdcan->TxEventFifoCallback = pCallback;
 900:platform/HAL/src/stm32g4xx_hal_fdcan.c ****   }
 901:platform/HAL/src/stm32g4xx_hal_fdcan.c ****   else
 902:platform/HAL/src/stm32g4xx_hal_fdcan.c ****   {
 903:platform/HAL/src/stm32g4xx_hal_fdcan.c ****     /* Update the error code */
 904:platform/HAL/src/stm32g4xx_hal_fdcan.c ****     hfdcan->ErrorCode |= HAL_FDCAN_ERROR_INVALID_CALLBACK;
 905:platform/HAL/src/stm32g4xx_hal_fdcan.c **** 
 906:platform/HAL/src/stm32g4xx_hal_fdcan.c ****     /* Return error status */
 907:platform/HAL/src/stm32g4xx_hal_fdcan.c ****     status =  HAL_ERROR;
 908:platform/HAL/src/stm32g4xx_hal_fdcan.c ****   }
 909:platform/HAL/src/stm32g4xx_hal_fdcan.c **** 
 910:platform/HAL/src/stm32g4xx_hal_fdcan.c ****   return status;
 911:platform/HAL/src/stm32g4xx_hal_fdcan.c **** }
 912:platform/HAL/src/stm32g4xx_hal_fdcan.c **** 
 913:platform/HAL/src/stm32g4xx_hal_fdcan.c **** /**
 914:platform/HAL/src/stm32g4xx_hal_fdcan.c ****   * @brief  UnRegister the Tx Event Fifo FDCAN Callback
 915:platform/HAL/src/stm32g4xx_hal_fdcan.c ****   *         Tx Event Fifo FDCAN Callback is redirected to the weak HAL_FDCAN_TxEventFifoCallback() 
 916:platform/HAL/src/stm32g4xx_hal_fdcan.c ****   * @param  hfdcan FDCAN handle
 917:platform/HAL/src/stm32g4xx_hal_fdcan.c ****   * @retval HAL status
 918:platform/HAL/src/stm32g4xx_hal_fdcan.c ****   */
 919:platform/HAL/src/stm32g4xx_hal_fdcan.c **** HAL_StatusTypeDef HAL_FDCAN_UnRegisterTxEventFifoCallback(FDCAN_HandleTypeDef *hfdcan)
 920:platform/HAL/src/stm32g4xx_hal_fdcan.c **** {
 921:platform/HAL/src/stm32g4xx_hal_fdcan.c ****   HAL_StatusTypeDef status = HAL_OK;
 922:platform/HAL/src/stm32g4xx_hal_fdcan.c **** 
 923:platform/HAL/src/stm32g4xx_hal_fdcan.c ****   if (hfdcan->State == HAL_FDCAN_STATE_READY)
 924:platform/HAL/src/stm32g4xx_hal_fdcan.c ****   {
 925:platform/HAL/src/stm32g4xx_hal_fdcan.c ****     hfdcan->TxEventFifoCallback = HAL_FDCAN_TxEventFifoCallback; /* Legacy weak TxEventFifoCallback
 926:platform/HAL/src/stm32g4xx_hal_fdcan.c ****   }
 927:platform/HAL/src/stm32g4xx_hal_fdcan.c ****   else
 928:platform/HAL/src/stm32g4xx_hal_fdcan.c ****   {
 929:platform/HAL/src/stm32g4xx_hal_fdcan.c ****     /* Update the error code */
 930:platform/HAL/src/stm32g4xx_hal_fdcan.c ****     hfdcan->ErrorCode |= HAL_FDCAN_ERROR_INVALID_CALLBACK;
 931:platform/HAL/src/stm32g4xx_hal_fdcan.c **** 
 932:platform/HAL/src/stm32g4xx_hal_fdcan.c ****     /* Return error status */
 933:platform/HAL/src/stm32g4xx_hal_fdcan.c ****     status =  HAL_ERROR;
 934:platform/HAL/src/stm32g4xx_hal_fdcan.c ****   }
 935:platform/HAL/src/stm32g4xx_hal_fdcan.c **** 
 936:platform/HAL/src/stm32g4xx_hal_fdcan.c ****   return status;
 937:platform/HAL/src/stm32g4xx_hal_fdcan.c **** }
 938:platform/HAL/src/stm32g4xx_hal_fdcan.c **** 
 939:platform/HAL/src/stm32g4xx_hal_fdcan.c **** /**
 940:platform/HAL/src/stm32g4xx_hal_fdcan.c ****   * @brief  Register Rx Fifo 0 FDCAN Callback
 941:platform/HAL/src/stm32g4xx_hal_fdcan.c ****   *         To be used instead of the weak HAL_FDCAN_RxFifo0Callback() predefined callback
 942:platform/HAL/src/stm32g4xx_hal_fdcan.c ****   * @param  hfdcan FDCAN handle
ARM GAS  /tmp/cc2SU6oB.s 			page 18


 943:platform/HAL/src/stm32g4xx_hal_fdcan.c ****   * @param  pCallback pointer to the Rx Fifo 0 Callback function
 944:platform/HAL/src/stm32g4xx_hal_fdcan.c ****   * @retval HAL status
 945:platform/HAL/src/stm32g4xx_hal_fdcan.c ****   */
 946:platform/HAL/src/stm32g4xx_hal_fdcan.c **** HAL_StatusTypeDef HAL_FDCAN_RegisterRxFifo0Callback(FDCAN_HandleTypeDef *hfdcan,
 947:platform/HAL/src/stm32g4xx_hal_fdcan.c ****                                                     pFDCAN_RxFifo0CallbackTypeDef pCallback)
 948:platform/HAL/src/stm32g4xx_hal_fdcan.c **** {
 949:platform/HAL/src/stm32g4xx_hal_fdcan.c ****   HAL_StatusTypeDef status = HAL_OK;
 950:platform/HAL/src/stm32g4xx_hal_fdcan.c **** 
 951:platform/HAL/src/stm32g4xx_hal_fdcan.c ****   if (pCallback == NULL)
 952:platform/HAL/src/stm32g4xx_hal_fdcan.c ****   {
 953:platform/HAL/src/stm32g4xx_hal_fdcan.c ****     /* Update the error code */
 954:platform/HAL/src/stm32g4xx_hal_fdcan.c ****     hfdcan->ErrorCode |= HAL_FDCAN_ERROR_INVALID_CALLBACK;
 955:platform/HAL/src/stm32g4xx_hal_fdcan.c ****     return HAL_ERROR;
 956:platform/HAL/src/stm32g4xx_hal_fdcan.c ****   }
 957:platform/HAL/src/stm32g4xx_hal_fdcan.c **** 
 958:platform/HAL/src/stm32g4xx_hal_fdcan.c ****   if (hfdcan->State == HAL_FDCAN_STATE_READY)
 959:platform/HAL/src/stm32g4xx_hal_fdcan.c ****   {
 960:platform/HAL/src/stm32g4xx_hal_fdcan.c ****     hfdcan->RxFifo0Callback = pCallback;
 961:platform/HAL/src/stm32g4xx_hal_fdcan.c ****   }
 962:platform/HAL/src/stm32g4xx_hal_fdcan.c ****   else
 963:platform/HAL/src/stm32g4xx_hal_fdcan.c ****   {
 964:platform/HAL/src/stm32g4xx_hal_fdcan.c ****     /* Update the error code */
 965:platform/HAL/src/stm32g4xx_hal_fdcan.c ****     hfdcan->ErrorCode |= HAL_FDCAN_ERROR_INVALID_CALLBACK;
 966:platform/HAL/src/stm32g4xx_hal_fdcan.c **** 
 967:platform/HAL/src/stm32g4xx_hal_fdcan.c ****     /* Return error status */
 968:platform/HAL/src/stm32g4xx_hal_fdcan.c ****     status =  HAL_ERROR;
 969:platform/HAL/src/stm32g4xx_hal_fdcan.c ****   }
 970:platform/HAL/src/stm32g4xx_hal_fdcan.c **** 
 971:platform/HAL/src/stm32g4xx_hal_fdcan.c ****   return status;
 972:platform/HAL/src/stm32g4xx_hal_fdcan.c **** }
 973:platform/HAL/src/stm32g4xx_hal_fdcan.c **** 
 974:platform/HAL/src/stm32g4xx_hal_fdcan.c **** /**
 975:platform/HAL/src/stm32g4xx_hal_fdcan.c ****   * @brief  UnRegister the Rx Fifo 0 FDCAN Callback
 976:platform/HAL/src/stm32g4xx_hal_fdcan.c ****   *         Rx Fifo 0 FDCAN Callback is redirected to the weak HAL_FDCAN_RxFifo0Callback() predefin
 977:platform/HAL/src/stm32g4xx_hal_fdcan.c ****   * @param  hfdcan FDCAN handle
 978:platform/HAL/src/stm32g4xx_hal_fdcan.c ****   * @retval HAL status
 979:platform/HAL/src/stm32g4xx_hal_fdcan.c ****   */
 980:platform/HAL/src/stm32g4xx_hal_fdcan.c **** HAL_StatusTypeDef HAL_FDCAN_UnRegisterRxFifo0Callback(FDCAN_HandleTypeDef *hfdcan)
 981:platform/HAL/src/stm32g4xx_hal_fdcan.c **** {
 982:platform/HAL/src/stm32g4xx_hal_fdcan.c ****   HAL_StatusTypeDef status = HAL_OK;
 983:platform/HAL/src/stm32g4xx_hal_fdcan.c **** 
 984:platform/HAL/src/stm32g4xx_hal_fdcan.c ****   if (hfdcan->State == HAL_FDCAN_STATE_READY)
 985:platform/HAL/src/stm32g4xx_hal_fdcan.c ****   {
 986:platform/HAL/src/stm32g4xx_hal_fdcan.c ****     hfdcan->RxFifo0Callback = HAL_FDCAN_RxFifo0Callback; /* Legacy weak RxFifo0Callback  */
 987:platform/HAL/src/stm32g4xx_hal_fdcan.c ****   }
 988:platform/HAL/src/stm32g4xx_hal_fdcan.c ****   else
 989:platform/HAL/src/stm32g4xx_hal_fdcan.c ****   {
 990:platform/HAL/src/stm32g4xx_hal_fdcan.c ****     /* Update the error code */
 991:platform/HAL/src/stm32g4xx_hal_fdcan.c ****     hfdcan->ErrorCode |= HAL_FDCAN_ERROR_INVALID_CALLBACK;
 992:platform/HAL/src/stm32g4xx_hal_fdcan.c **** 
 993:platform/HAL/src/stm32g4xx_hal_fdcan.c ****     /* Return error status */
 994:platform/HAL/src/stm32g4xx_hal_fdcan.c ****     status =  HAL_ERROR;
 995:platform/HAL/src/stm32g4xx_hal_fdcan.c ****   }
 996:platform/HAL/src/stm32g4xx_hal_fdcan.c **** 
 997:platform/HAL/src/stm32g4xx_hal_fdcan.c ****   return status;
 998:platform/HAL/src/stm32g4xx_hal_fdcan.c **** }
 999:platform/HAL/src/stm32g4xx_hal_fdcan.c **** 
ARM GAS  /tmp/cc2SU6oB.s 			page 19


1000:platform/HAL/src/stm32g4xx_hal_fdcan.c **** /**
1001:platform/HAL/src/stm32g4xx_hal_fdcan.c ****   * @brief  Register Rx Fifo 1 FDCAN Callback
1002:platform/HAL/src/stm32g4xx_hal_fdcan.c ****   *         To be used instead of the weak HAL_FDCAN_RxFifo1Callback() predefined callback
1003:platform/HAL/src/stm32g4xx_hal_fdcan.c ****   * @param  hfdcan FDCAN handle
1004:platform/HAL/src/stm32g4xx_hal_fdcan.c ****   * @param  pCallback pointer to the Rx Fifo 1 Callback function
1005:platform/HAL/src/stm32g4xx_hal_fdcan.c ****   * @retval HAL status
1006:platform/HAL/src/stm32g4xx_hal_fdcan.c ****   */
1007:platform/HAL/src/stm32g4xx_hal_fdcan.c **** HAL_StatusTypeDef HAL_FDCAN_RegisterRxFifo1Callback(FDCAN_HandleTypeDef *hfdcan,
1008:platform/HAL/src/stm32g4xx_hal_fdcan.c ****                                                     pFDCAN_RxFifo1CallbackTypeDef pCallback)
1009:platform/HAL/src/stm32g4xx_hal_fdcan.c **** {
1010:platform/HAL/src/stm32g4xx_hal_fdcan.c ****   HAL_StatusTypeDef status = HAL_OK;
1011:platform/HAL/src/stm32g4xx_hal_fdcan.c **** 
1012:platform/HAL/src/stm32g4xx_hal_fdcan.c ****   if (pCallback == NULL)
1013:platform/HAL/src/stm32g4xx_hal_fdcan.c ****   {
1014:platform/HAL/src/stm32g4xx_hal_fdcan.c ****     /* Update the error code */
1015:platform/HAL/src/stm32g4xx_hal_fdcan.c ****     hfdcan->ErrorCode |= HAL_FDCAN_ERROR_INVALID_CALLBACK;
1016:platform/HAL/src/stm32g4xx_hal_fdcan.c ****     return HAL_ERROR;
1017:platform/HAL/src/stm32g4xx_hal_fdcan.c ****   }
1018:platform/HAL/src/stm32g4xx_hal_fdcan.c **** 
1019:platform/HAL/src/stm32g4xx_hal_fdcan.c ****   if (hfdcan->State == HAL_FDCAN_STATE_READY)
1020:platform/HAL/src/stm32g4xx_hal_fdcan.c ****   {
1021:platform/HAL/src/stm32g4xx_hal_fdcan.c ****     hfdcan->RxFifo1Callback = pCallback;
1022:platform/HAL/src/stm32g4xx_hal_fdcan.c ****   }
1023:platform/HAL/src/stm32g4xx_hal_fdcan.c ****   else
1024:platform/HAL/src/stm32g4xx_hal_fdcan.c ****   {
1025:platform/HAL/src/stm32g4xx_hal_fdcan.c ****     /* Update the error code */
1026:platform/HAL/src/stm32g4xx_hal_fdcan.c ****     hfdcan->ErrorCode |= HAL_FDCAN_ERROR_INVALID_CALLBACK;
1027:platform/HAL/src/stm32g4xx_hal_fdcan.c **** 
1028:platform/HAL/src/stm32g4xx_hal_fdcan.c ****     /* Return error status */
1029:platform/HAL/src/stm32g4xx_hal_fdcan.c ****     status =  HAL_ERROR;
1030:platform/HAL/src/stm32g4xx_hal_fdcan.c ****   }
1031:platform/HAL/src/stm32g4xx_hal_fdcan.c **** 
1032:platform/HAL/src/stm32g4xx_hal_fdcan.c ****   return status;
1033:platform/HAL/src/stm32g4xx_hal_fdcan.c **** }
1034:platform/HAL/src/stm32g4xx_hal_fdcan.c **** 
1035:platform/HAL/src/stm32g4xx_hal_fdcan.c **** /**
1036:platform/HAL/src/stm32g4xx_hal_fdcan.c ****   * @brief  UnRegister the Rx Fifo 1 FDCAN Callback
1037:platform/HAL/src/stm32g4xx_hal_fdcan.c ****   *         Rx Fifo 1 FDCAN Callback is redirected to the weak HAL_FDCAN_RxFifo1Callback() predefin
1038:platform/HAL/src/stm32g4xx_hal_fdcan.c ****   * @param  hfdcan FDCAN handle
1039:platform/HAL/src/stm32g4xx_hal_fdcan.c ****   * @retval HAL status
1040:platform/HAL/src/stm32g4xx_hal_fdcan.c ****   */
1041:platform/HAL/src/stm32g4xx_hal_fdcan.c **** HAL_StatusTypeDef HAL_FDCAN_UnRegisterRxFifo1Callback(FDCAN_HandleTypeDef *hfdcan)
1042:platform/HAL/src/stm32g4xx_hal_fdcan.c **** {
1043:platform/HAL/src/stm32g4xx_hal_fdcan.c ****   HAL_StatusTypeDef status = HAL_OK;
1044:platform/HAL/src/stm32g4xx_hal_fdcan.c **** 
1045:platform/HAL/src/stm32g4xx_hal_fdcan.c ****   if (hfdcan->State == HAL_FDCAN_STATE_READY)
1046:platform/HAL/src/stm32g4xx_hal_fdcan.c ****   {
1047:platform/HAL/src/stm32g4xx_hal_fdcan.c ****     hfdcan->RxFifo1Callback = HAL_FDCAN_RxFifo1Callback; /* Legacy weak RxFifo1Callback  */
1048:platform/HAL/src/stm32g4xx_hal_fdcan.c ****   }
1049:platform/HAL/src/stm32g4xx_hal_fdcan.c ****   else
1050:platform/HAL/src/stm32g4xx_hal_fdcan.c ****   {
1051:platform/HAL/src/stm32g4xx_hal_fdcan.c ****     /* Update the error code */
1052:platform/HAL/src/stm32g4xx_hal_fdcan.c ****     hfdcan->ErrorCode |= HAL_FDCAN_ERROR_INVALID_CALLBACK;
1053:platform/HAL/src/stm32g4xx_hal_fdcan.c **** 
1054:platform/HAL/src/stm32g4xx_hal_fdcan.c ****     /* Return error status */
1055:platform/HAL/src/stm32g4xx_hal_fdcan.c ****     status =  HAL_ERROR;
1056:platform/HAL/src/stm32g4xx_hal_fdcan.c ****   }
ARM GAS  /tmp/cc2SU6oB.s 			page 20


1057:platform/HAL/src/stm32g4xx_hal_fdcan.c **** 
1058:platform/HAL/src/stm32g4xx_hal_fdcan.c ****   return status;
1059:platform/HAL/src/stm32g4xx_hal_fdcan.c **** }
1060:platform/HAL/src/stm32g4xx_hal_fdcan.c **** 
1061:platform/HAL/src/stm32g4xx_hal_fdcan.c **** /**
1062:platform/HAL/src/stm32g4xx_hal_fdcan.c ****   * @brief  Register Tx Buffer Complete FDCAN Callback
1063:platform/HAL/src/stm32g4xx_hal_fdcan.c ****   *         To be used instead of the weak HAL_FDCAN_TxBufferCompleteCallback() predefined callback
1064:platform/HAL/src/stm32g4xx_hal_fdcan.c ****   * @param  hfdcan FDCAN handle
1065:platform/HAL/src/stm32g4xx_hal_fdcan.c ****   * @param  pCallback pointer to the Tx Buffer Complete Callback function
1066:platform/HAL/src/stm32g4xx_hal_fdcan.c ****   * @retval HAL status
1067:platform/HAL/src/stm32g4xx_hal_fdcan.c ****   */
1068:platform/HAL/src/stm32g4xx_hal_fdcan.c **** HAL_StatusTypeDef HAL_FDCAN_RegisterTxBufferCompleteCallback(FDCAN_HandleTypeDef *hfdcan,
1069:platform/HAL/src/stm32g4xx_hal_fdcan.c ****                                                              pFDCAN_TxBufferCompleteCallbackTypeDef
1070:platform/HAL/src/stm32g4xx_hal_fdcan.c **** {
1071:platform/HAL/src/stm32g4xx_hal_fdcan.c ****   HAL_StatusTypeDef status = HAL_OK;
1072:platform/HAL/src/stm32g4xx_hal_fdcan.c **** 
1073:platform/HAL/src/stm32g4xx_hal_fdcan.c ****   if (pCallback == NULL)
1074:platform/HAL/src/stm32g4xx_hal_fdcan.c ****   {
1075:platform/HAL/src/stm32g4xx_hal_fdcan.c ****     /* Update the error code */
1076:platform/HAL/src/stm32g4xx_hal_fdcan.c ****     hfdcan->ErrorCode |= HAL_FDCAN_ERROR_INVALID_CALLBACK;
1077:platform/HAL/src/stm32g4xx_hal_fdcan.c ****     return HAL_ERROR;
1078:platform/HAL/src/stm32g4xx_hal_fdcan.c ****   }
1079:platform/HAL/src/stm32g4xx_hal_fdcan.c **** 
1080:platform/HAL/src/stm32g4xx_hal_fdcan.c ****   if (hfdcan->State == HAL_FDCAN_STATE_READY)
1081:platform/HAL/src/stm32g4xx_hal_fdcan.c ****   {
1082:platform/HAL/src/stm32g4xx_hal_fdcan.c ****     hfdcan->TxBufferCompleteCallback = pCallback;
1083:platform/HAL/src/stm32g4xx_hal_fdcan.c ****   }
1084:platform/HAL/src/stm32g4xx_hal_fdcan.c ****   else
1085:platform/HAL/src/stm32g4xx_hal_fdcan.c ****   {
1086:platform/HAL/src/stm32g4xx_hal_fdcan.c ****     /* Update the error code */
1087:platform/HAL/src/stm32g4xx_hal_fdcan.c ****     hfdcan->ErrorCode |= HAL_FDCAN_ERROR_INVALID_CALLBACK;
1088:platform/HAL/src/stm32g4xx_hal_fdcan.c **** 
1089:platform/HAL/src/stm32g4xx_hal_fdcan.c ****     /* Return error status */
1090:platform/HAL/src/stm32g4xx_hal_fdcan.c ****     status =  HAL_ERROR;
1091:platform/HAL/src/stm32g4xx_hal_fdcan.c ****   }
1092:platform/HAL/src/stm32g4xx_hal_fdcan.c **** 
1093:platform/HAL/src/stm32g4xx_hal_fdcan.c ****   return status;
1094:platform/HAL/src/stm32g4xx_hal_fdcan.c **** }
1095:platform/HAL/src/stm32g4xx_hal_fdcan.c **** 
1096:platform/HAL/src/stm32g4xx_hal_fdcan.c **** /**
1097:platform/HAL/src/stm32g4xx_hal_fdcan.c ****   * @brief  UnRegister the Tx Buffer Complete FDCAN Callback
1098:platform/HAL/src/stm32g4xx_hal_fdcan.c ****   *         Tx Buffer Complete FDCAN Callback is redirected to
1099:platform/HAL/src/stm32g4xx_hal_fdcan.c ****   *         the weak HAL_FDCAN_TxBufferCompleteCallback() predefined callback
1100:platform/HAL/src/stm32g4xx_hal_fdcan.c ****   * @param  hfdcan FDCAN handle
1101:platform/HAL/src/stm32g4xx_hal_fdcan.c ****   * @retval HAL status
1102:platform/HAL/src/stm32g4xx_hal_fdcan.c ****   */
1103:platform/HAL/src/stm32g4xx_hal_fdcan.c **** HAL_StatusTypeDef HAL_FDCAN_UnRegisterTxBufferCompleteCallback(FDCAN_HandleTypeDef *hfdcan)
1104:platform/HAL/src/stm32g4xx_hal_fdcan.c **** {
1105:platform/HAL/src/stm32g4xx_hal_fdcan.c ****   HAL_StatusTypeDef status = HAL_OK;
1106:platform/HAL/src/stm32g4xx_hal_fdcan.c **** 
1107:platform/HAL/src/stm32g4xx_hal_fdcan.c ****   if (hfdcan->State == HAL_FDCAN_STATE_READY)
1108:platform/HAL/src/stm32g4xx_hal_fdcan.c ****   {
1109:platform/HAL/src/stm32g4xx_hal_fdcan.c ****     hfdcan->TxBufferCompleteCallback = HAL_FDCAN_TxBufferCompleteCallback; /* Legacy weak TxBufferC
1110:platform/HAL/src/stm32g4xx_hal_fdcan.c ****   }
1111:platform/HAL/src/stm32g4xx_hal_fdcan.c ****   else
1112:platform/HAL/src/stm32g4xx_hal_fdcan.c ****   {
1113:platform/HAL/src/stm32g4xx_hal_fdcan.c ****     /* Update the error code */
ARM GAS  /tmp/cc2SU6oB.s 			page 21


1114:platform/HAL/src/stm32g4xx_hal_fdcan.c ****     hfdcan->ErrorCode |= HAL_FDCAN_ERROR_INVALID_CALLBACK;
1115:platform/HAL/src/stm32g4xx_hal_fdcan.c **** 
1116:platform/HAL/src/stm32g4xx_hal_fdcan.c ****     /* Return error status */
1117:platform/HAL/src/stm32g4xx_hal_fdcan.c ****     status =  HAL_ERROR;
1118:platform/HAL/src/stm32g4xx_hal_fdcan.c ****   }
1119:platform/HAL/src/stm32g4xx_hal_fdcan.c **** 
1120:platform/HAL/src/stm32g4xx_hal_fdcan.c ****   return status;
1121:platform/HAL/src/stm32g4xx_hal_fdcan.c **** }
1122:platform/HAL/src/stm32g4xx_hal_fdcan.c **** 
1123:platform/HAL/src/stm32g4xx_hal_fdcan.c **** /**
1124:platform/HAL/src/stm32g4xx_hal_fdcan.c ****   * @brief  Register Tx Buffer Abort FDCAN Callback
1125:platform/HAL/src/stm32g4xx_hal_fdcan.c ****   *         To be used instead of the weak HAL_FDCAN_TxBufferAbortCallback() predefined callback
1126:platform/HAL/src/stm32g4xx_hal_fdcan.c ****   * @param  hfdcan FDCAN handle
1127:platform/HAL/src/stm32g4xx_hal_fdcan.c ****   * @param  pCallback pointer to the Tx Buffer Abort Callback function
1128:platform/HAL/src/stm32g4xx_hal_fdcan.c ****   * @retval HAL status
1129:platform/HAL/src/stm32g4xx_hal_fdcan.c ****   */
1130:platform/HAL/src/stm32g4xx_hal_fdcan.c **** HAL_StatusTypeDef HAL_FDCAN_RegisterTxBufferAbortCallback(FDCAN_HandleTypeDef *hfdcan,
1131:platform/HAL/src/stm32g4xx_hal_fdcan.c ****                                                           pFDCAN_TxBufferAbortCallbackTypeDef pCall
1132:platform/HAL/src/stm32g4xx_hal_fdcan.c **** {
1133:platform/HAL/src/stm32g4xx_hal_fdcan.c ****   HAL_StatusTypeDef status = HAL_OK;
1134:platform/HAL/src/stm32g4xx_hal_fdcan.c **** 
1135:platform/HAL/src/stm32g4xx_hal_fdcan.c ****   if (pCallback == NULL)
1136:platform/HAL/src/stm32g4xx_hal_fdcan.c ****   {
1137:platform/HAL/src/stm32g4xx_hal_fdcan.c ****     /* Update the error code */
1138:platform/HAL/src/stm32g4xx_hal_fdcan.c ****     hfdcan->ErrorCode |= HAL_FDCAN_ERROR_INVALID_CALLBACK;
1139:platform/HAL/src/stm32g4xx_hal_fdcan.c ****     return HAL_ERROR;
1140:platform/HAL/src/stm32g4xx_hal_fdcan.c ****   }
1141:platform/HAL/src/stm32g4xx_hal_fdcan.c **** 
1142:platform/HAL/src/stm32g4xx_hal_fdcan.c ****   if (hfdcan->State == HAL_FDCAN_STATE_READY)
1143:platform/HAL/src/stm32g4xx_hal_fdcan.c ****   {
1144:platform/HAL/src/stm32g4xx_hal_fdcan.c ****     hfdcan->TxBufferAbortCallback = pCallback;
1145:platform/HAL/src/stm32g4xx_hal_fdcan.c ****   }
1146:platform/HAL/src/stm32g4xx_hal_fdcan.c ****   else
1147:platform/HAL/src/stm32g4xx_hal_fdcan.c ****   {
1148:platform/HAL/src/stm32g4xx_hal_fdcan.c ****     /* Update the error code */
1149:platform/HAL/src/stm32g4xx_hal_fdcan.c ****     hfdcan->ErrorCode |= HAL_FDCAN_ERROR_INVALID_CALLBACK;
1150:platform/HAL/src/stm32g4xx_hal_fdcan.c **** 
1151:platform/HAL/src/stm32g4xx_hal_fdcan.c ****     /* Return error status */
1152:platform/HAL/src/stm32g4xx_hal_fdcan.c ****     status =  HAL_ERROR;
1153:platform/HAL/src/stm32g4xx_hal_fdcan.c ****   }
1154:platform/HAL/src/stm32g4xx_hal_fdcan.c **** 
1155:platform/HAL/src/stm32g4xx_hal_fdcan.c ****   return status;
1156:platform/HAL/src/stm32g4xx_hal_fdcan.c **** }
1157:platform/HAL/src/stm32g4xx_hal_fdcan.c **** 
1158:platform/HAL/src/stm32g4xx_hal_fdcan.c **** /**
1159:platform/HAL/src/stm32g4xx_hal_fdcan.c ****   * @brief  UnRegister the Tx Buffer Abort FDCAN Callback
1160:platform/HAL/src/stm32g4xx_hal_fdcan.c ****   *         Tx Buffer Abort FDCAN Callback is redirected to
1161:platform/HAL/src/stm32g4xx_hal_fdcan.c ****   *         the weak HAL_FDCAN_TxBufferAbortCallback() predefined callback
1162:platform/HAL/src/stm32g4xx_hal_fdcan.c ****   * @param  hfdcan FDCAN handle
1163:platform/HAL/src/stm32g4xx_hal_fdcan.c ****   * @retval HAL status
1164:platform/HAL/src/stm32g4xx_hal_fdcan.c ****   */
1165:platform/HAL/src/stm32g4xx_hal_fdcan.c **** HAL_StatusTypeDef HAL_FDCAN_UnRegisterTxBufferAbortCallback(FDCAN_HandleTypeDef *hfdcan)
1166:platform/HAL/src/stm32g4xx_hal_fdcan.c **** {
1167:platform/HAL/src/stm32g4xx_hal_fdcan.c ****   HAL_StatusTypeDef status = HAL_OK;
1168:platform/HAL/src/stm32g4xx_hal_fdcan.c **** 
1169:platform/HAL/src/stm32g4xx_hal_fdcan.c ****   if (hfdcan->State == HAL_FDCAN_STATE_READY)
1170:platform/HAL/src/stm32g4xx_hal_fdcan.c ****   {
ARM GAS  /tmp/cc2SU6oB.s 			page 22


1171:platform/HAL/src/stm32g4xx_hal_fdcan.c ****     hfdcan->TxBufferAbortCallback = HAL_FDCAN_TxBufferAbortCallback; /* Legacy weak TxBufferAbortCa
1172:platform/HAL/src/stm32g4xx_hal_fdcan.c ****   }
1173:platform/HAL/src/stm32g4xx_hal_fdcan.c ****   else
1174:platform/HAL/src/stm32g4xx_hal_fdcan.c ****   {
1175:platform/HAL/src/stm32g4xx_hal_fdcan.c ****     /* Update the error code */
1176:platform/HAL/src/stm32g4xx_hal_fdcan.c ****     hfdcan->ErrorCode |= HAL_FDCAN_ERROR_INVALID_CALLBACK;
1177:platform/HAL/src/stm32g4xx_hal_fdcan.c **** 
1178:platform/HAL/src/stm32g4xx_hal_fdcan.c ****     /* Return error status */
1179:platform/HAL/src/stm32g4xx_hal_fdcan.c ****     status =  HAL_ERROR;
1180:platform/HAL/src/stm32g4xx_hal_fdcan.c ****   }
1181:platform/HAL/src/stm32g4xx_hal_fdcan.c **** 
1182:platform/HAL/src/stm32g4xx_hal_fdcan.c ****   return status;
1183:platform/HAL/src/stm32g4xx_hal_fdcan.c **** }
1184:platform/HAL/src/stm32g4xx_hal_fdcan.c **** 
1185:platform/HAL/src/stm32g4xx_hal_fdcan.c **** /**
1186:platform/HAL/src/stm32g4xx_hal_fdcan.c ****   * @brief  Register Error Status FDCAN Callback
1187:platform/HAL/src/stm32g4xx_hal_fdcan.c ****   *         To be used instead of the weak HAL_FDCAN_ErrorStatusCallback() predefined callback
1188:platform/HAL/src/stm32g4xx_hal_fdcan.c ****   * @param  hfdcan FDCAN handle
1189:platform/HAL/src/stm32g4xx_hal_fdcan.c ****   * @param  pCallback pointer to the Error Status Callback function
1190:platform/HAL/src/stm32g4xx_hal_fdcan.c ****   * @retval HAL status
1191:platform/HAL/src/stm32g4xx_hal_fdcan.c ****   */
1192:platform/HAL/src/stm32g4xx_hal_fdcan.c **** HAL_StatusTypeDef HAL_FDCAN_RegisterErrorStatusCallback(FDCAN_HandleTypeDef *hfdcan,
1193:platform/HAL/src/stm32g4xx_hal_fdcan.c ****                                                         pFDCAN_ErrorStatusCallbackTypeDef pCallback
1194:platform/HAL/src/stm32g4xx_hal_fdcan.c **** {
1195:platform/HAL/src/stm32g4xx_hal_fdcan.c ****   HAL_StatusTypeDef status = HAL_OK;
1196:platform/HAL/src/stm32g4xx_hal_fdcan.c **** 
1197:platform/HAL/src/stm32g4xx_hal_fdcan.c ****   if (pCallback == NULL)
1198:platform/HAL/src/stm32g4xx_hal_fdcan.c ****   {
1199:platform/HAL/src/stm32g4xx_hal_fdcan.c ****     /* Update the error code */
1200:platform/HAL/src/stm32g4xx_hal_fdcan.c ****     hfdcan->ErrorCode |= HAL_FDCAN_ERROR_INVALID_CALLBACK;
1201:platform/HAL/src/stm32g4xx_hal_fdcan.c ****     return HAL_ERROR;
1202:platform/HAL/src/stm32g4xx_hal_fdcan.c ****   }
1203:platform/HAL/src/stm32g4xx_hal_fdcan.c **** 
1204:platform/HAL/src/stm32g4xx_hal_fdcan.c ****   if (hfdcan->State == HAL_FDCAN_STATE_READY)
1205:platform/HAL/src/stm32g4xx_hal_fdcan.c ****   {
1206:platform/HAL/src/stm32g4xx_hal_fdcan.c ****     hfdcan->ErrorStatusCallback = pCallback;
1207:platform/HAL/src/stm32g4xx_hal_fdcan.c ****   }
1208:platform/HAL/src/stm32g4xx_hal_fdcan.c ****   else
1209:platform/HAL/src/stm32g4xx_hal_fdcan.c ****   {
1210:platform/HAL/src/stm32g4xx_hal_fdcan.c ****     /* Update the error code */
1211:platform/HAL/src/stm32g4xx_hal_fdcan.c ****     hfdcan->ErrorCode |= HAL_FDCAN_ERROR_INVALID_CALLBACK;
1212:platform/HAL/src/stm32g4xx_hal_fdcan.c **** 
1213:platform/HAL/src/stm32g4xx_hal_fdcan.c ****     /* Return error status */
1214:platform/HAL/src/stm32g4xx_hal_fdcan.c ****     status =  HAL_ERROR;
1215:platform/HAL/src/stm32g4xx_hal_fdcan.c ****   }
1216:platform/HAL/src/stm32g4xx_hal_fdcan.c **** 
1217:platform/HAL/src/stm32g4xx_hal_fdcan.c ****   return status;
1218:platform/HAL/src/stm32g4xx_hal_fdcan.c **** }
1219:platform/HAL/src/stm32g4xx_hal_fdcan.c **** 
1220:platform/HAL/src/stm32g4xx_hal_fdcan.c **** /**
1221:platform/HAL/src/stm32g4xx_hal_fdcan.c ****   * @brief  UnRegister the Error Status FDCAN Callback
1222:platform/HAL/src/stm32g4xx_hal_fdcan.c ****   *         Error Status FDCAN Callback is redirected to the weak HAL_FDCAN_ErrorStatusCallback() p
1223:platform/HAL/src/stm32g4xx_hal_fdcan.c ****   * @param  hfdcan FDCAN handle
1224:platform/HAL/src/stm32g4xx_hal_fdcan.c ****   * @retval HAL status
1225:platform/HAL/src/stm32g4xx_hal_fdcan.c ****   */
1226:platform/HAL/src/stm32g4xx_hal_fdcan.c **** HAL_StatusTypeDef HAL_FDCAN_UnRegisterErrorStatusCallback(FDCAN_HandleTypeDef *hfdcan)
1227:platform/HAL/src/stm32g4xx_hal_fdcan.c **** {
ARM GAS  /tmp/cc2SU6oB.s 			page 23


1228:platform/HAL/src/stm32g4xx_hal_fdcan.c ****   HAL_StatusTypeDef status = HAL_OK;
1229:platform/HAL/src/stm32g4xx_hal_fdcan.c **** 
1230:platform/HAL/src/stm32g4xx_hal_fdcan.c ****   if (hfdcan->State == HAL_FDCAN_STATE_READY)
1231:platform/HAL/src/stm32g4xx_hal_fdcan.c ****   {
1232:platform/HAL/src/stm32g4xx_hal_fdcan.c ****     hfdcan->ErrorStatusCallback = HAL_FDCAN_ErrorStatusCallback; /* Legacy weak ErrorStatusCallback
1233:platform/HAL/src/stm32g4xx_hal_fdcan.c ****   }
1234:platform/HAL/src/stm32g4xx_hal_fdcan.c ****   else
1235:platform/HAL/src/stm32g4xx_hal_fdcan.c ****   {
1236:platform/HAL/src/stm32g4xx_hal_fdcan.c ****     /* Update the error code */
1237:platform/HAL/src/stm32g4xx_hal_fdcan.c ****     hfdcan->ErrorCode |= HAL_FDCAN_ERROR_INVALID_CALLBACK;
1238:platform/HAL/src/stm32g4xx_hal_fdcan.c **** 
1239:platform/HAL/src/stm32g4xx_hal_fdcan.c ****     /* Return error status */
1240:platform/HAL/src/stm32g4xx_hal_fdcan.c ****     status =  HAL_ERROR;
1241:platform/HAL/src/stm32g4xx_hal_fdcan.c ****   }
1242:platform/HAL/src/stm32g4xx_hal_fdcan.c **** 
1243:platform/HAL/src/stm32g4xx_hal_fdcan.c ****   return status;
1244:platform/HAL/src/stm32g4xx_hal_fdcan.c **** }
1245:platform/HAL/src/stm32g4xx_hal_fdcan.c **** 
1246:platform/HAL/src/stm32g4xx_hal_fdcan.c **** #endif /* USE_HAL_FDCAN_REGISTER_CALLBACKS */
1247:platform/HAL/src/stm32g4xx_hal_fdcan.c **** 
1248:platform/HAL/src/stm32g4xx_hal_fdcan.c **** /**
1249:platform/HAL/src/stm32g4xx_hal_fdcan.c ****   * @}
1250:platform/HAL/src/stm32g4xx_hal_fdcan.c ****   */
1251:platform/HAL/src/stm32g4xx_hal_fdcan.c **** 
1252:platform/HAL/src/stm32g4xx_hal_fdcan.c **** /** @defgroup FDCAN_Exported_Functions_Group2 Configuration functions
1253:platform/HAL/src/stm32g4xx_hal_fdcan.c ****   *  @brief    FDCAN Configuration functions.
1254:platform/HAL/src/stm32g4xx_hal_fdcan.c ****   *
1255:platform/HAL/src/stm32g4xx_hal_fdcan.c **** @verbatim
1256:platform/HAL/src/stm32g4xx_hal_fdcan.c ****   ==============================================================================
1257:platform/HAL/src/stm32g4xx_hal_fdcan.c ****               ##### Configuration functions #####
1258:platform/HAL/src/stm32g4xx_hal_fdcan.c ****   ==============================================================================
1259:platform/HAL/src/stm32g4xx_hal_fdcan.c ****     [..]  This section provides functions allowing to:
1260:platform/HAL/src/stm32g4xx_hal_fdcan.c ****       (+) HAL_FDCAN_ConfigFilter                  : Configure the FDCAN reception filters
1261:platform/HAL/src/stm32g4xx_hal_fdcan.c ****       (+) HAL_FDCAN_ConfigGlobalFilter            : Configure the FDCAN global filter
1262:platform/HAL/src/stm32g4xx_hal_fdcan.c ****       (+) HAL_FDCAN_ConfigExtendedIdMask          : Configure the extended ID mask
1263:platform/HAL/src/stm32g4xx_hal_fdcan.c ****       (+) HAL_FDCAN_ConfigRxFifoOverwrite         : Configure the Rx FIFO operation mode
1264:platform/HAL/src/stm32g4xx_hal_fdcan.c ****       (+) HAL_FDCAN_ConfigRamWatchdog             : Configure the RAM watchdog
1265:platform/HAL/src/stm32g4xx_hal_fdcan.c ****       (+) HAL_FDCAN_ConfigTimestampCounter        : Configure the timestamp counter
1266:platform/HAL/src/stm32g4xx_hal_fdcan.c ****         (+) HAL_FDCAN_EnableTimestampCounter        : Enable the timestamp counter
1267:platform/HAL/src/stm32g4xx_hal_fdcan.c ****         (+) HAL_FDCAN_DisableTimestampCounter       : Disable the timestamp counter
1268:platform/HAL/src/stm32g4xx_hal_fdcan.c ****         (+) HAL_FDCAN_GetTimestampCounter           : Get the timestamp counter value
1269:platform/HAL/src/stm32g4xx_hal_fdcan.c ****         (+) HAL_FDCAN_ResetTimestampCounter         : Reset the timestamp counter to zero
1270:platform/HAL/src/stm32g4xx_hal_fdcan.c ****       (+) HAL_FDCAN_ConfigTimeoutCounter          : Configure the timeout counter
1271:platform/HAL/src/stm32g4xx_hal_fdcan.c ****         (+) HAL_FDCAN_EnableTimeoutCounter          : Enable the timeout counter
1272:platform/HAL/src/stm32g4xx_hal_fdcan.c ****         (+) HAL_FDCAN_DisableTimeoutCounter         : Disable the timeout counter
1273:platform/HAL/src/stm32g4xx_hal_fdcan.c ****         (+) HAL_FDCAN_GetTimeoutCounter             : Get the timeout counter value
1274:platform/HAL/src/stm32g4xx_hal_fdcan.c ****         (+) HAL_FDCAN_ResetTimeoutCounter           : Reset the timeout counter to its start value
1275:platform/HAL/src/stm32g4xx_hal_fdcan.c ****       (+) HAL_FDCAN_ConfigTxDelayCompensation     : Configure the transmitter delay compensation
1276:platform/HAL/src/stm32g4xx_hal_fdcan.c ****         (+) HAL_FDCAN_EnableTxDelayCompensation     : Enable the transmitter delay compensation
1277:platform/HAL/src/stm32g4xx_hal_fdcan.c ****         (+) HAL_FDCAN_DisableTxDelayCompensation    : Disable the transmitter delay compensation
1278:platform/HAL/src/stm32g4xx_hal_fdcan.c ****       (+) HAL_FDCAN_EnableISOMode                 : Enable ISO 11898-1 protocol mode
1279:platform/HAL/src/stm32g4xx_hal_fdcan.c ****       (+) HAL_FDCAN_DisableISOMode                : Disable ISO 11898-1 protocol mode
1280:platform/HAL/src/stm32g4xx_hal_fdcan.c ****       (+) HAL_FDCAN_EnableEdgeFiltering           : Enable edge filtering during bus integration
1281:platform/HAL/src/stm32g4xx_hal_fdcan.c ****       (+) HAL_FDCAN_DisableEdgeFiltering          : Disable edge filtering during bus integration
1282:platform/HAL/src/stm32g4xx_hal_fdcan.c **** 
1283:platform/HAL/src/stm32g4xx_hal_fdcan.c **** @endverbatim
1284:platform/HAL/src/stm32g4xx_hal_fdcan.c ****   * @{
ARM GAS  /tmp/cc2SU6oB.s 			page 24


1285:platform/HAL/src/stm32g4xx_hal_fdcan.c ****   */
1286:platform/HAL/src/stm32g4xx_hal_fdcan.c **** 
1287:platform/HAL/src/stm32g4xx_hal_fdcan.c **** /**
1288:platform/HAL/src/stm32g4xx_hal_fdcan.c ****   * @brief  Configure the FDCAN reception filter according to the specified
1289:platform/HAL/src/stm32g4xx_hal_fdcan.c ****   *         parameters in the FDCAN_FilterTypeDef structure.
1290:platform/HAL/src/stm32g4xx_hal_fdcan.c ****   * @param  hfdcan pointer to an FDCAN_HandleTypeDef structure that contains
1291:platform/HAL/src/stm32g4xx_hal_fdcan.c ****   *         the configuration information for the specified FDCAN.
1292:platform/HAL/src/stm32g4xx_hal_fdcan.c ****   * @param  sFilterConfig pointer to an FDCAN_FilterTypeDef structure that
1293:platform/HAL/src/stm32g4xx_hal_fdcan.c ****   *         contains the filter configuration information
1294:platform/HAL/src/stm32g4xx_hal_fdcan.c ****   * @retval HAL status
1295:platform/HAL/src/stm32g4xx_hal_fdcan.c ****   */
1296:platform/HAL/src/stm32g4xx_hal_fdcan.c **** HAL_StatusTypeDef HAL_FDCAN_ConfigFilter(FDCAN_HandleTypeDef *hfdcan, const FDCAN_FilterTypeDef *sF
1297:platform/HAL/src/stm32g4xx_hal_fdcan.c **** {
1298:platform/HAL/src/stm32g4xx_hal_fdcan.c ****   uint32_t FilterElementW1;
1299:platform/HAL/src/stm32g4xx_hal_fdcan.c ****   uint32_t FilterElementW2;
1300:platform/HAL/src/stm32g4xx_hal_fdcan.c ****   uint32_t *FilterAddress;
1301:platform/HAL/src/stm32g4xx_hal_fdcan.c ****   HAL_FDCAN_StateTypeDef state = hfdcan->State;
1302:platform/HAL/src/stm32g4xx_hal_fdcan.c **** 
1303:platform/HAL/src/stm32g4xx_hal_fdcan.c ****   if ((state == HAL_FDCAN_STATE_READY) || (state == HAL_FDCAN_STATE_BUSY))
1304:platform/HAL/src/stm32g4xx_hal_fdcan.c ****   {
1305:platform/HAL/src/stm32g4xx_hal_fdcan.c ****     /* Check function parameters */
1306:platform/HAL/src/stm32g4xx_hal_fdcan.c ****     assert_param(IS_FDCAN_ID_TYPE(sFilterConfig->IdType));
1307:platform/HAL/src/stm32g4xx_hal_fdcan.c ****     assert_param(IS_FDCAN_FILTER_CFG(sFilterConfig->FilterConfig));
1308:platform/HAL/src/stm32g4xx_hal_fdcan.c **** 
1309:platform/HAL/src/stm32g4xx_hal_fdcan.c ****     if (sFilterConfig->IdType == FDCAN_STANDARD_ID)
1310:platform/HAL/src/stm32g4xx_hal_fdcan.c ****     {
1311:platform/HAL/src/stm32g4xx_hal_fdcan.c ****       /* Check function parameters */
1312:platform/HAL/src/stm32g4xx_hal_fdcan.c ****       assert_param(IS_FDCAN_MAX_VALUE((sFilterConfig->FilterIndex + 1U), hfdcan->Init.StdFiltersNbr
1313:platform/HAL/src/stm32g4xx_hal_fdcan.c ****       assert_param(IS_FDCAN_MAX_VALUE(sFilterConfig->FilterID1, 0x7FFU));
1314:platform/HAL/src/stm32g4xx_hal_fdcan.c ****       assert_param(IS_FDCAN_MAX_VALUE(sFilterConfig->FilterID2, 0x7FFU));
1315:platform/HAL/src/stm32g4xx_hal_fdcan.c ****       assert_param(IS_FDCAN_STD_FILTER_TYPE(sFilterConfig->FilterType));
1316:platform/HAL/src/stm32g4xx_hal_fdcan.c **** 
1317:platform/HAL/src/stm32g4xx_hal_fdcan.c ****       /* Build filter element */
1318:platform/HAL/src/stm32g4xx_hal_fdcan.c ****       FilterElementW1 = ((sFilterConfig->FilterType << 30U)   |
1319:platform/HAL/src/stm32g4xx_hal_fdcan.c ****                          (sFilterConfig->FilterConfig << 27U) |
1320:platform/HAL/src/stm32g4xx_hal_fdcan.c ****                          (sFilterConfig->FilterID1 << 16U)    |
1321:platform/HAL/src/stm32g4xx_hal_fdcan.c ****                          sFilterConfig->FilterID2);
1322:platform/HAL/src/stm32g4xx_hal_fdcan.c **** 
1323:platform/HAL/src/stm32g4xx_hal_fdcan.c ****       /* Calculate filter address */
1324:platform/HAL/src/stm32g4xx_hal_fdcan.c ****       FilterAddress = (uint32_t *)(hfdcan->msgRam.StandardFilterSA + (sFilterConfig->FilterIndex * 
1325:platform/HAL/src/stm32g4xx_hal_fdcan.c **** 
1326:platform/HAL/src/stm32g4xx_hal_fdcan.c ****       /* Write filter element to the message RAM */
1327:platform/HAL/src/stm32g4xx_hal_fdcan.c ****       *FilterAddress = FilterElementW1;
1328:platform/HAL/src/stm32g4xx_hal_fdcan.c ****     }
1329:platform/HAL/src/stm32g4xx_hal_fdcan.c ****     else /* sFilterConfig->IdType == FDCAN_EXTENDED_ID */
1330:platform/HAL/src/stm32g4xx_hal_fdcan.c ****     {
1331:platform/HAL/src/stm32g4xx_hal_fdcan.c ****       /* Check function parameters */
1332:platform/HAL/src/stm32g4xx_hal_fdcan.c ****       assert_param(IS_FDCAN_MAX_VALUE((sFilterConfig->FilterIndex + 1U), hfdcan->Init.ExtFiltersNbr
1333:platform/HAL/src/stm32g4xx_hal_fdcan.c ****       assert_param(IS_FDCAN_MAX_VALUE(sFilterConfig->FilterID1, 0x1FFFFFFFU));
1334:platform/HAL/src/stm32g4xx_hal_fdcan.c ****       assert_param(IS_FDCAN_MAX_VALUE(sFilterConfig->FilterID2, 0x1FFFFFFFU));
1335:platform/HAL/src/stm32g4xx_hal_fdcan.c ****       assert_param(IS_FDCAN_EXT_FILTER_TYPE(sFilterConfig->FilterType));
1336:platform/HAL/src/stm32g4xx_hal_fdcan.c **** 
1337:platform/HAL/src/stm32g4xx_hal_fdcan.c ****       /* Build first word of filter element */
1338:platform/HAL/src/stm32g4xx_hal_fdcan.c ****       FilterElementW1 = ((sFilterConfig->FilterConfig << 29U) | sFilterConfig->FilterID1);
1339:platform/HAL/src/stm32g4xx_hal_fdcan.c **** 
1340:platform/HAL/src/stm32g4xx_hal_fdcan.c ****       /* Build second word of filter element */
1341:platform/HAL/src/stm32g4xx_hal_fdcan.c ****       FilterElementW2 = ((sFilterConfig->FilterType << 30U) | sFilterConfig->FilterID2);
ARM GAS  /tmp/cc2SU6oB.s 			page 25


1342:platform/HAL/src/stm32g4xx_hal_fdcan.c **** 
1343:platform/HAL/src/stm32g4xx_hal_fdcan.c ****       /* Calculate filter address */
1344:platform/HAL/src/stm32g4xx_hal_fdcan.c ****       FilterAddress = (uint32_t *)(hfdcan->msgRam.ExtendedFilterSA + (sFilterConfig->FilterIndex * 
1345:platform/HAL/src/stm32g4xx_hal_fdcan.c **** 
1346:platform/HAL/src/stm32g4xx_hal_fdcan.c ****       /* Write filter element to the message RAM */
1347:platform/HAL/src/stm32g4xx_hal_fdcan.c ****       *FilterAddress = FilterElementW1;
1348:platform/HAL/src/stm32g4xx_hal_fdcan.c ****       FilterAddress++;
1349:platform/HAL/src/stm32g4xx_hal_fdcan.c ****       *FilterAddress = FilterElementW2;
1350:platform/HAL/src/stm32g4xx_hal_fdcan.c ****     }
1351:platform/HAL/src/stm32g4xx_hal_fdcan.c **** 
1352:platform/HAL/src/stm32g4xx_hal_fdcan.c ****     /* Return function status */
1353:platform/HAL/src/stm32g4xx_hal_fdcan.c ****     return HAL_OK;
1354:platform/HAL/src/stm32g4xx_hal_fdcan.c ****   }
1355:platform/HAL/src/stm32g4xx_hal_fdcan.c ****   else
1356:platform/HAL/src/stm32g4xx_hal_fdcan.c ****   {
1357:platform/HAL/src/stm32g4xx_hal_fdcan.c ****     /* Update error code */
1358:platform/HAL/src/stm32g4xx_hal_fdcan.c ****     hfdcan->ErrorCode |= HAL_FDCAN_ERROR_NOT_INITIALIZED;
1359:platform/HAL/src/stm32g4xx_hal_fdcan.c **** 
1360:platform/HAL/src/stm32g4xx_hal_fdcan.c ****     return HAL_ERROR;
1361:platform/HAL/src/stm32g4xx_hal_fdcan.c ****   }
1362:platform/HAL/src/stm32g4xx_hal_fdcan.c **** }
1363:platform/HAL/src/stm32g4xx_hal_fdcan.c **** 
1364:platform/HAL/src/stm32g4xx_hal_fdcan.c **** /**
1365:platform/HAL/src/stm32g4xx_hal_fdcan.c ****   * @brief  Configure the FDCAN global filter.
1366:platform/HAL/src/stm32g4xx_hal_fdcan.c ****   * @param  hfdcan pointer to an FDCAN_HandleTypeDef structure that contains
1367:platform/HAL/src/stm32g4xx_hal_fdcan.c ****   *         the configuration information for the specified FDCAN.
1368:platform/HAL/src/stm32g4xx_hal_fdcan.c ****   * @param  NonMatchingStd Defines how received messages with 11-bit IDs that
1369:platform/HAL/src/stm32g4xx_hal_fdcan.c ****   *         do not match any element of the filter list are treated.
1370:platform/HAL/src/stm32g4xx_hal_fdcan.c ****   *         This parameter can be a value of @arg FDCAN_Non_Matching_Frames.
1371:platform/HAL/src/stm32g4xx_hal_fdcan.c ****   * @param  NonMatchingExt Defines how received messages with 29-bit IDs that
1372:platform/HAL/src/stm32g4xx_hal_fdcan.c ****   *         do not match any element of the filter list are treated.
1373:platform/HAL/src/stm32g4xx_hal_fdcan.c ****   *         This parameter can be a value of @arg FDCAN_Non_Matching_Frames.
1374:platform/HAL/src/stm32g4xx_hal_fdcan.c ****   * @param  RejectRemoteStd Filter or reject all the remote 11-bit IDs frames.
1375:platform/HAL/src/stm32g4xx_hal_fdcan.c ****   *         This parameter can be a value of @arg FDCAN_Reject_Remote_Frames.
1376:platform/HAL/src/stm32g4xx_hal_fdcan.c ****   * @param  RejectRemoteExt Filter or reject all the remote 29-bit IDs frames.
1377:platform/HAL/src/stm32g4xx_hal_fdcan.c ****   *         This parameter can be a value of @arg FDCAN_Reject_Remote_Frames.
1378:platform/HAL/src/stm32g4xx_hal_fdcan.c ****   * @retval HAL status
1379:platform/HAL/src/stm32g4xx_hal_fdcan.c ****   */
1380:platform/HAL/src/stm32g4xx_hal_fdcan.c **** HAL_StatusTypeDef HAL_FDCAN_ConfigGlobalFilter(FDCAN_HandleTypeDef *hfdcan,
1381:platform/HAL/src/stm32g4xx_hal_fdcan.c ****                                                uint32_t NonMatchingStd,
1382:platform/HAL/src/stm32g4xx_hal_fdcan.c ****                                                uint32_t NonMatchingExt,
1383:platform/HAL/src/stm32g4xx_hal_fdcan.c ****                                                uint32_t RejectRemoteStd,
1384:platform/HAL/src/stm32g4xx_hal_fdcan.c ****                                                uint32_t RejectRemoteExt)
1385:platform/HAL/src/stm32g4xx_hal_fdcan.c **** {
1386:platform/HAL/src/stm32g4xx_hal_fdcan.c ****   /* Check function parameters */
1387:platform/HAL/src/stm32g4xx_hal_fdcan.c ****   assert_param(IS_FDCAN_NON_MATCHING(NonMatchingStd));
1388:platform/HAL/src/stm32g4xx_hal_fdcan.c ****   assert_param(IS_FDCAN_NON_MATCHING(NonMatchingExt));
1389:platform/HAL/src/stm32g4xx_hal_fdcan.c ****   assert_param(IS_FDCAN_REJECT_REMOTE(RejectRemoteStd));
1390:platform/HAL/src/stm32g4xx_hal_fdcan.c ****   assert_param(IS_FDCAN_REJECT_REMOTE(RejectRemoteExt));
1391:platform/HAL/src/stm32g4xx_hal_fdcan.c **** 
1392:platform/HAL/src/stm32g4xx_hal_fdcan.c ****   if (hfdcan->State == HAL_FDCAN_STATE_READY)
1393:platform/HAL/src/stm32g4xx_hal_fdcan.c ****   {
1394:platform/HAL/src/stm32g4xx_hal_fdcan.c ****     /* Configure global filter */
1395:platform/HAL/src/stm32g4xx_hal_fdcan.c ****     MODIFY_REG(hfdcan->Instance->RXGFC, (FDCAN_RXGFC_ANFS |
1396:platform/HAL/src/stm32g4xx_hal_fdcan.c ****                                          FDCAN_RXGFC_ANFE |
1397:platform/HAL/src/stm32g4xx_hal_fdcan.c ****                                          FDCAN_RXGFC_RRFS |
1398:platform/HAL/src/stm32g4xx_hal_fdcan.c ****                                          FDCAN_RXGFC_RRFE),
ARM GAS  /tmp/cc2SU6oB.s 			page 26


1399:platform/HAL/src/stm32g4xx_hal_fdcan.c ****                ((NonMatchingStd << FDCAN_RXGFC_ANFS_Pos)  |
1400:platform/HAL/src/stm32g4xx_hal_fdcan.c ****                 (NonMatchingExt << FDCAN_RXGFC_ANFE_Pos)  |
1401:platform/HAL/src/stm32g4xx_hal_fdcan.c ****                 (RejectRemoteStd << FDCAN_RXGFC_RRFS_Pos) |
1402:platform/HAL/src/stm32g4xx_hal_fdcan.c ****                 (RejectRemoteExt << FDCAN_RXGFC_RRFE_Pos)));
1403:platform/HAL/src/stm32g4xx_hal_fdcan.c **** 
1404:platform/HAL/src/stm32g4xx_hal_fdcan.c ****     /* Return function status */
1405:platform/HAL/src/stm32g4xx_hal_fdcan.c ****     return HAL_OK;
1406:platform/HAL/src/stm32g4xx_hal_fdcan.c ****   }
1407:platform/HAL/src/stm32g4xx_hal_fdcan.c ****   else
1408:platform/HAL/src/stm32g4xx_hal_fdcan.c ****   {
1409:platform/HAL/src/stm32g4xx_hal_fdcan.c ****     /* Update error code */
1410:platform/HAL/src/stm32g4xx_hal_fdcan.c ****     hfdcan->ErrorCode |= HAL_FDCAN_ERROR_NOT_READY;
1411:platform/HAL/src/stm32g4xx_hal_fdcan.c **** 
1412:platform/HAL/src/stm32g4xx_hal_fdcan.c ****     return HAL_ERROR;
1413:platform/HAL/src/stm32g4xx_hal_fdcan.c ****   }
1414:platform/HAL/src/stm32g4xx_hal_fdcan.c **** }
1415:platform/HAL/src/stm32g4xx_hal_fdcan.c **** 
1416:platform/HAL/src/stm32g4xx_hal_fdcan.c **** /**
1417:platform/HAL/src/stm32g4xx_hal_fdcan.c ****   * @brief  Configure the extended ID mask.
1418:platform/HAL/src/stm32g4xx_hal_fdcan.c ****   * @param  hfdcan pointer to an FDCAN_HandleTypeDef structure that contains
1419:platform/HAL/src/stm32g4xx_hal_fdcan.c ****   *         the configuration information for the specified FDCAN.
1420:platform/HAL/src/stm32g4xx_hal_fdcan.c ****   * @param  Mask Extended ID Mask.
1421:platform/HAL/src/stm32g4xx_hal_fdcan.c ****   *         This parameter must be a number between 0 and 0x1FFFFFFF.
1422:platform/HAL/src/stm32g4xx_hal_fdcan.c ****   * @retval HAL status
1423:platform/HAL/src/stm32g4xx_hal_fdcan.c ****   */
1424:platform/HAL/src/stm32g4xx_hal_fdcan.c **** HAL_StatusTypeDef HAL_FDCAN_ConfigExtendedIdMask(FDCAN_HandleTypeDef *hfdcan, uint32_t Mask)
1425:platform/HAL/src/stm32g4xx_hal_fdcan.c **** {
1426:platform/HAL/src/stm32g4xx_hal_fdcan.c ****   /* Check function parameters */
1427:platform/HAL/src/stm32g4xx_hal_fdcan.c ****   assert_param(IS_FDCAN_MAX_VALUE(Mask, 0x1FFFFFFFU));
1428:platform/HAL/src/stm32g4xx_hal_fdcan.c **** 
1429:platform/HAL/src/stm32g4xx_hal_fdcan.c ****   if (hfdcan->State == HAL_FDCAN_STATE_READY)
1430:platform/HAL/src/stm32g4xx_hal_fdcan.c ****   {
1431:platform/HAL/src/stm32g4xx_hal_fdcan.c ****     /* Configure the extended ID mask */
1432:platform/HAL/src/stm32g4xx_hal_fdcan.c ****     hfdcan->Instance->XIDAM = Mask;
1433:platform/HAL/src/stm32g4xx_hal_fdcan.c **** 
1434:platform/HAL/src/stm32g4xx_hal_fdcan.c ****     /* Return function status */
1435:platform/HAL/src/stm32g4xx_hal_fdcan.c ****     return HAL_OK;
1436:platform/HAL/src/stm32g4xx_hal_fdcan.c ****   }
1437:platform/HAL/src/stm32g4xx_hal_fdcan.c ****   else
1438:platform/HAL/src/stm32g4xx_hal_fdcan.c ****   {
1439:platform/HAL/src/stm32g4xx_hal_fdcan.c ****     /* Update error code */
1440:platform/HAL/src/stm32g4xx_hal_fdcan.c ****     hfdcan->ErrorCode |= HAL_FDCAN_ERROR_NOT_READY;
1441:platform/HAL/src/stm32g4xx_hal_fdcan.c **** 
1442:platform/HAL/src/stm32g4xx_hal_fdcan.c ****     return HAL_ERROR;
1443:platform/HAL/src/stm32g4xx_hal_fdcan.c ****   }
1444:platform/HAL/src/stm32g4xx_hal_fdcan.c **** }
1445:platform/HAL/src/stm32g4xx_hal_fdcan.c **** 
1446:platform/HAL/src/stm32g4xx_hal_fdcan.c **** /**
1447:platform/HAL/src/stm32g4xx_hal_fdcan.c ****   * @brief  Configure the Rx FIFO operation mode.
1448:platform/HAL/src/stm32g4xx_hal_fdcan.c ****   * @param  hfdcan pointer to an FDCAN_HandleTypeDef structure that contains
1449:platform/HAL/src/stm32g4xx_hal_fdcan.c ****   *         the configuration information for the specified FDCAN.
1450:platform/HAL/src/stm32g4xx_hal_fdcan.c ****   * @param  RxFifo Rx FIFO.
1451:platform/HAL/src/stm32g4xx_hal_fdcan.c ****   *         This parameter can be one of the following values:
1452:platform/HAL/src/stm32g4xx_hal_fdcan.c ****   *           @arg FDCAN_RX_FIFO0: Rx FIFO 0
1453:platform/HAL/src/stm32g4xx_hal_fdcan.c ****   *           @arg FDCAN_RX_FIFO1: Rx FIFO 1
1454:platform/HAL/src/stm32g4xx_hal_fdcan.c ****   * @param  OperationMode operation mode.
1455:platform/HAL/src/stm32g4xx_hal_fdcan.c ****   *         This parameter can be a value of @arg FDCAN_Rx_FIFO_operation_mode.
ARM GAS  /tmp/cc2SU6oB.s 			page 27


1456:platform/HAL/src/stm32g4xx_hal_fdcan.c ****   * @retval HAL status
1457:platform/HAL/src/stm32g4xx_hal_fdcan.c ****   */
1458:platform/HAL/src/stm32g4xx_hal_fdcan.c **** HAL_StatusTypeDef HAL_FDCAN_ConfigRxFifoOverwrite(FDCAN_HandleTypeDef *hfdcan, uint32_t RxFifo, uin
1459:platform/HAL/src/stm32g4xx_hal_fdcan.c **** {
1460:platform/HAL/src/stm32g4xx_hal_fdcan.c ****   /* Check function parameters */
1461:platform/HAL/src/stm32g4xx_hal_fdcan.c ****   assert_param(IS_FDCAN_RX_FIFO(RxFifo));
1462:platform/HAL/src/stm32g4xx_hal_fdcan.c ****   assert_param(IS_FDCAN_RX_FIFO_MODE(OperationMode));
1463:platform/HAL/src/stm32g4xx_hal_fdcan.c **** 
1464:platform/HAL/src/stm32g4xx_hal_fdcan.c ****   if (hfdcan->State == HAL_FDCAN_STATE_READY)
1465:platform/HAL/src/stm32g4xx_hal_fdcan.c ****   {
1466:platform/HAL/src/stm32g4xx_hal_fdcan.c ****     if (RxFifo == FDCAN_RX_FIFO0)
1467:platform/HAL/src/stm32g4xx_hal_fdcan.c ****     {
1468:platform/HAL/src/stm32g4xx_hal_fdcan.c ****       /* Select FIFO 0 Operation Mode */
1469:platform/HAL/src/stm32g4xx_hal_fdcan.c ****       MODIFY_REG(hfdcan->Instance->RXGFC, FDCAN_RXGFC_F0OM, (OperationMode << FDCAN_RXGFC_F0OM_Pos)
1470:platform/HAL/src/stm32g4xx_hal_fdcan.c ****     }
1471:platform/HAL/src/stm32g4xx_hal_fdcan.c ****     else /* RxFifo == FDCAN_RX_FIFO1 */
1472:platform/HAL/src/stm32g4xx_hal_fdcan.c ****     {
1473:platform/HAL/src/stm32g4xx_hal_fdcan.c ****       /* Select FIFO 1 Operation Mode */
1474:platform/HAL/src/stm32g4xx_hal_fdcan.c ****       MODIFY_REG(hfdcan->Instance->RXGFC, FDCAN_RXGFC_F1OM, (OperationMode << FDCAN_RXGFC_F1OM_Pos)
1475:platform/HAL/src/stm32g4xx_hal_fdcan.c ****     }
1476:platform/HAL/src/stm32g4xx_hal_fdcan.c **** 
1477:platform/HAL/src/stm32g4xx_hal_fdcan.c ****     /* Return function status */
1478:platform/HAL/src/stm32g4xx_hal_fdcan.c ****     return HAL_OK;
1479:platform/HAL/src/stm32g4xx_hal_fdcan.c ****   }
1480:platform/HAL/src/stm32g4xx_hal_fdcan.c ****   else
1481:platform/HAL/src/stm32g4xx_hal_fdcan.c ****   {
1482:platform/HAL/src/stm32g4xx_hal_fdcan.c ****     /* Update error code */
1483:platform/HAL/src/stm32g4xx_hal_fdcan.c ****     hfdcan->ErrorCode |= HAL_FDCAN_ERROR_NOT_READY;
1484:platform/HAL/src/stm32g4xx_hal_fdcan.c **** 
1485:platform/HAL/src/stm32g4xx_hal_fdcan.c ****     return HAL_ERROR;
1486:platform/HAL/src/stm32g4xx_hal_fdcan.c ****   }
1487:platform/HAL/src/stm32g4xx_hal_fdcan.c **** }
1488:platform/HAL/src/stm32g4xx_hal_fdcan.c **** 
1489:platform/HAL/src/stm32g4xx_hal_fdcan.c **** /**
1490:platform/HAL/src/stm32g4xx_hal_fdcan.c ****   * @brief  Configure the RAM watchdog.
1491:platform/HAL/src/stm32g4xx_hal_fdcan.c ****   * @param  hfdcan pointer to an FDCAN_HandleTypeDef structure that contains
1492:platform/HAL/src/stm32g4xx_hal_fdcan.c ****   *         the configuration information for the specified FDCAN.
1493:platform/HAL/src/stm32g4xx_hal_fdcan.c ****   * @param  CounterStartValue Start value of the Message RAM Watchdog Counter,
1494:platform/HAL/src/stm32g4xx_hal_fdcan.c ****   *         This parameter must be a number between 0x00 and 0xFF,
1495:platform/HAL/src/stm32g4xx_hal_fdcan.c ****   *         with the reset value of 0x00 the counter is disabled.
1496:platform/HAL/src/stm32g4xx_hal_fdcan.c ****   * @retval HAL status
1497:platform/HAL/src/stm32g4xx_hal_fdcan.c ****   */
1498:platform/HAL/src/stm32g4xx_hal_fdcan.c **** HAL_StatusTypeDef HAL_FDCAN_ConfigRamWatchdog(FDCAN_HandleTypeDef *hfdcan, uint32_t CounterStartVal
1499:platform/HAL/src/stm32g4xx_hal_fdcan.c **** {
1500:platform/HAL/src/stm32g4xx_hal_fdcan.c ****   /* Check function parameters */
1501:platform/HAL/src/stm32g4xx_hal_fdcan.c ****   assert_param(IS_FDCAN_MAX_VALUE(CounterStartValue, 0xFFU));
1502:platform/HAL/src/stm32g4xx_hal_fdcan.c **** 
1503:platform/HAL/src/stm32g4xx_hal_fdcan.c ****   if (hfdcan->State == HAL_FDCAN_STATE_READY)
1504:platform/HAL/src/stm32g4xx_hal_fdcan.c ****   {
1505:platform/HAL/src/stm32g4xx_hal_fdcan.c ****     /* Configure the RAM watchdog counter start value */
1506:platform/HAL/src/stm32g4xx_hal_fdcan.c ****     MODIFY_REG(hfdcan->Instance->RWD, FDCAN_RWD_WDC, CounterStartValue);
1507:platform/HAL/src/stm32g4xx_hal_fdcan.c **** 
1508:platform/HAL/src/stm32g4xx_hal_fdcan.c ****     /* Return function status */
1509:platform/HAL/src/stm32g4xx_hal_fdcan.c ****     return HAL_OK;
1510:platform/HAL/src/stm32g4xx_hal_fdcan.c ****   }
1511:platform/HAL/src/stm32g4xx_hal_fdcan.c ****   else
1512:platform/HAL/src/stm32g4xx_hal_fdcan.c ****   {
ARM GAS  /tmp/cc2SU6oB.s 			page 28


1513:platform/HAL/src/stm32g4xx_hal_fdcan.c ****     /* Update error code */
1514:platform/HAL/src/stm32g4xx_hal_fdcan.c ****     hfdcan->ErrorCode |= HAL_FDCAN_ERROR_NOT_READY;
1515:platform/HAL/src/stm32g4xx_hal_fdcan.c **** 
1516:platform/HAL/src/stm32g4xx_hal_fdcan.c ****     return HAL_ERROR;
1517:platform/HAL/src/stm32g4xx_hal_fdcan.c ****   }
1518:platform/HAL/src/stm32g4xx_hal_fdcan.c **** }
1519:platform/HAL/src/stm32g4xx_hal_fdcan.c **** 
1520:platform/HAL/src/stm32g4xx_hal_fdcan.c **** /**
1521:platform/HAL/src/stm32g4xx_hal_fdcan.c ****   * @brief  Configure the timestamp counter.
1522:platform/HAL/src/stm32g4xx_hal_fdcan.c ****   * @param  hfdcan pointer to an FDCAN_HandleTypeDef structure that contains
1523:platform/HAL/src/stm32g4xx_hal_fdcan.c ****   *         the configuration information for the specified FDCAN.
1524:platform/HAL/src/stm32g4xx_hal_fdcan.c ****   * @param  TimestampPrescaler Timestamp Counter Prescaler.
1525:platform/HAL/src/stm32g4xx_hal_fdcan.c ****   *         This parameter can be a value of @arg FDCAN_Timestamp_Prescaler.
1526:platform/HAL/src/stm32g4xx_hal_fdcan.c ****   * @retval HAL status
1527:platform/HAL/src/stm32g4xx_hal_fdcan.c ****   */
1528:platform/HAL/src/stm32g4xx_hal_fdcan.c **** HAL_StatusTypeDef HAL_FDCAN_ConfigTimestampCounter(FDCAN_HandleTypeDef *hfdcan, uint32_t TimestampP
1529:platform/HAL/src/stm32g4xx_hal_fdcan.c **** {
1530:platform/HAL/src/stm32g4xx_hal_fdcan.c ****   /* Check function parameters */
1531:platform/HAL/src/stm32g4xx_hal_fdcan.c ****   assert_param(IS_FDCAN_TIMESTAMP_PRESCALER(TimestampPrescaler));
1532:platform/HAL/src/stm32g4xx_hal_fdcan.c **** 
1533:platform/HAL/src/stm32g4xx_hal_fdcan.c ****   if (hfdcan->State == HAL_FDCAN_STATE_READY)
1534:platform/HAL/src/stm32g4xx_hal_fdcan.c ****   {
1535:platform/HAL/src/stm32g4xx_hal_fdcan.c ****     /* Configure prescaler */
1536:platform/HAL/src/stm32g4xx_hal_fdcan.c ****     MODIFY_REG(hfdcan->Instance->TSCC, FDCAN_TSCC_TCP, TimestampPrescaler);
1537:platform/HAL/src/stm32g4xx_hal_fdcan.c **** 
1538:platform/HAL/src/stm32g4xx_hal_fdcan.c ****     /* Return function status */
1539:platform/HAL/src/stm32g4xx_hal_fdcan.c ****     return HAL_OK;
1540:platform/HAL/src/stm32g4xx_hal_fdcan.c ****   }
1541:platform/HAL/src/stm32g4xx_hal_fdcan.c ****   else
1542:platform/HAL/src/stm32g4xx_hal_fdcan.c ****   {
1543:platform/HAL/src/stm32g4xx_hal_fdcan.c ****     /* Update error code */
1544:platform/HAL/src/stm32g4xx_hal_fdcan.c ****     hfdcan->ErrorCode |= HAL_FDCAN_ERROR_NOT_READY;
1545:platform/HAL/src/stm32g4xx_hal_fdcan.c **** 
1546:platform/HAL/src/stm32g4xx_hal_fdcan.c ****     return HAL_ERROR;
1547:platform/HAL/src/stm32g4xx_hal_fdcan.c ****   }
1548:platform/HAL/src/stm32g4xx_hal_fdcan.c **** }
1549:platform/HAL/src/stm32g4xx_hal_fdcan.c **** 
1550:platform/HAL/src/stm32g4xx_hal_fdcan.c **** /**
1551:platform/HAL/src/stm32g4xx_hal_fdcan.c ****   * @brief  Enable the timestamp counter.
1552:platform/HAL/src/stm32g4xx_hal_fdcan.c ****   * @param  hfdcan pointer to an FDCAN_HandleTypeDef structure that contains
1553:platform/HAL/src/stm32g4xx_hal_fdcan.c ****   *         the configuration information for the specified FDCAN.
1554:platform/HAL/src/stm32g4xx_hal_fdcan.c ****   * @param  TimestampOperation Timestamp counter operation.
1555:platform/HAL/src/stm32g4xx_hal_fdcan.c ****   *         This parameter can be a value of @arg FDCAN_Timestamp.
1556:platform/HAL/src/stm32g4xx_hal_fdcan.c ****   * @retval HAL status
1557:platform/HAL/src/stm32g4xx_hal_fdcan.c ****   */
1558:platform/HAL/src/stm32g4xx_hal_fdcan.c **** HAL_StatusTypeDef HAL_FDCAN_EnableTimestampCounter(FDCAN_HandleTypeDef *hfdcan, uint32_t TimestampO
1559:platform/HAL/src/stm32g4xx_hal_fdcan.c **** {
1560:platform/HAL/src/stm32g4xx_hal_fdcan.c ****   /* Check function parameters */
1561:platform/HAL/src/stm32g4xx_hal_fdcan.c ****   assert_param(IS_FDCAN_TIMESTAMP(TimestampOperation));
1562:platform/HAL/src/stm32g4xx_hal_fdcan.c **** 
1563:platform/HAL/src/stm32g4xx_hal_fdcan.c ****   if (hfdcan->State == HAL_FDCAN_STATE_READY)
1564:platform/HAL/src/stm32g4xx_hal_fdcan.c ****   {
1565:platform/HAL/src/stm32g4xx_hal_fdcan.c ****     /* Enable timestamp counter */
1566:platform/HAL/src/stm32g4xx_hal_fdcan.c ****     MODIFY_REG(hfdcan->Instance->TSCC, FDCAN_TSCC_TSS, TimestampOperation);
1567:platform/HAL/src/stm32g4xx_hal_fdcan.c **** 
1568:platform/HAL/src/stm32g4xx_hal_fdcan.c ****     /* Return function status */
1569:platform/HAL/src/stm32g4xx_hal_fdcan.c ****     return HAL_OK;
ARM GAS  /tmp/cc2SU6oB.s 			page 29


1570:platform/HAL/src/stm32g4xx_hal_fdcan.c ****   }
1571:platform/HAL/src/stm32g4xx_hal_fdcan.c ****   else
1572:platform/HAL/src/stm32g4xx_hal_fdcan.c ****   {
1573:platform/HAL/src/stm32g4xx_hal_fdcan.c ****     /* Update error code */
1574:platform/HAL/src/stm32g4xx_hal_fdcan.c ****     hfdcan->ErrorCode |= HAL_FDCAN_ERROR_NOT_READY;
1575:platform/HAL/src/stm32g4xx_hal_fdcan.c **** 
1576:platform/HAL/src/stm32g4xx_hal_fdcan.c ****     return HAL_ERROR;
1577:platform/HAL/src/stm32g4xx_hal_fdcan.c ****   }
1578:platform/HAL/src/stm32g4xx_hal_fdcan.c **** }
1579:platform/HAL/src/stm32g4xx_hal_fdcan.c **** 
1580:platform/HAL/src/stm32g4xx_hal_fdcan.c **** /**
1581:platform/HAL/src/stm32g4xx_hal_fdcan.c ****   * @brief  Disable the timestamp counter.
1582:platform/HAL/src/stm32g4xx_hal_fdcan.c ****   * @param  hfdcan pointer to an FDCAN_HandleTypeDef structure that contains
1583:platform/HAL/src/stm32g4xx_hal_fdcan.c ****   *         the configuration information for the specified FDCAN.
1584:platform/HAL/src/stm32g4xx_hal_fdcan.c ****   * @retval HAL status
1585:platform/HAL/src/stm32g4xx_hal_fdcan.c ****   */
1586:platform/HAL/src/stm32g4xx_hal_fdcan.c **** HAL_StatusTypeDef HAL_FDCAN_DisableTimestampCounter(FDCAN_HandleTypeDef *hfdcan)
1587:platform/HAL/src/stm32g4xx_hal_fdcan.c **** {
1588:platform/HAL/src/stm32g4xx_hal_fdcan.c ****   if (hfdcan->State == HAL_FDCAN_STATE_READY)
1589:platform/HAL/src/stm32g4xx_hal_fdcan.c ****   {
1590:platform/HAL/src/stm32g4xx_hal_fdcan.c ****     /* Disable timestamp counter */
1591:platform/HAL/src/stm32g4xx_hal_fdcan.c ****     CLEAR_BIT(hfdcan->Instance->TSCC, FDCAN_TSCC_TSS);
1592:platform/HAL/src/stm32g4xx_hal_fdcan.c **** 
1593:platform/HAL/src/stm32g4xx_hal_fdcan.c ****     /* Return function status */
1594:platform/HAL/src/stm32g4xx_hal_fdcan.c ****     return HAL_OK;
1595:platform/HAL/src/stm32g4xx_hal_fdcan.c ****   }
1596:platform/HAL/src/stm32g4xx_hal_fdcan.c ****   else
1597:platform/HAL/src/stm32g4xx_hal_fdcan.c ****   {
1598:platform/HAL/src/stm32g4xx_hal_fdcan.c ****     /* Update error code */
1599:platform/HAL/src/stm32g4xx_hal_fdcan.c ****     hfdcan->ErrorCode |= HAL_FDCAN_ERROR_NOT_READY;
1600:platform/HAL/src/stm32g4xx_hal_fdcan.c **** 
1601:platform/HAL/src/stm32g4xx_hal_fdcan.c ****     return HAL_ERROR;
1602:platform/HAL/src/stm32g4xx_hal_fdcan.c ****   }
1603:platform/HAL/src/stm32g4xx_hal_fdcan.c **** }
1604:platform/HAL/src/stm32g4xx_hal_fdcan.c **** 
1605:platform/HAL/src/stm32g4xx_hal_fdcan.c **** /**
1606:platform/HAL/src/stm32g4xx_hal_fdcan.c ****   * @brief  Get the timestamp counter value.
1607:platform/HAL/src/stm32g4xx_hal_fdcan.c ****   * @param  hfdcan pointer to an FDCAN_HandleTypeDef structure that contains
1608:platform/HAL/src/stm32g4xx_hal_fdcan.c ****   *         the configuration information for the specified FDCAN.
1609:platform/HAL/src/stm32g4xx_hal_fdcan.c ****   * @retval Timestamp counter value
1610:platform/HAL/src/stm32g4xx_hal_fdcan.c ****   */
1611:platform/HAL/src/stm32g4xx_hal_fdcan.c **** uint16_t HAL_FDCAN_GetTimestampCounter(const FDCAN_HandleTypeDef *hfdcan)
1612:platform/HAL/src/stm32g4xx_hal_fdcan.c **** {
1613:platform/HAL/src/stm32g4xx_hal_fdcan.c ****   return (uint16_t)(hfdcan->Instance->TSCV);
1614:platform/HAL/src/stm32g4xx_hal_fdcan.c **** }
1615:platform/HAL/src/stm32g4xx_hal_fdcan.c **** 
1616:platform/HAL/src/stm32g4xx_hal_fdcan.c **** /**
1617:platform/HAL/src/stm32g4xx_hal_fdcan.c ****   * @brief  Reset the timestamp counter to zero.
1618:platform/HAL/src/stm32g4xx_hal_fdcan.c ****   * @param  hfdcan pointer to an FDCAN_HandleTypeDef structure that contains
1619:platform/HAL/src/stm32g4xx_hal_fdcan.c ****   *         the configuration information for the specified FDCAN.
1620:platform/HAL/src/stm32g4xx_hal_fdcan.c ****   * @retval HAL status
1621:platform/HAL/src/stm32g4xx_hal_fdcan.c ****   */
1622:platform/HAL/src/stm32g4xx_hal_fdcan.c **** HAL_StatusTypeDef HAL_FDCAN_ResetTimestampCounter(FDCAN_HandleTypeDef *hfdcan)
1623:platform/HAL/src/stm32g4xx_hal_fdcan.c **** {
1624:platform/HAL/src/stm32g4xx_hal_fdcan.c ****   if ((hfdcan->Instance->TSCC & FDCAN_TSCC_TSS) != FDCAN_TIMESTAMP_EXTERNAL)
1625:platform/HAL/src/stm32g4xx_hal_fdcan.c ****   {
1626:platform/HAL/src/stm32g4xx_hal_fdcan.c ****     /* Reset timestamp counter.
ARM GAS  /tmp/cc2SU6oB.s 			page 30


1627:platform/HAL/src/stm32g4xx_hal_fdcan.c ****        Actually any write operation to TSCV clears the counter */
1628:platform/HAL/src/stm32g4xx_hal_fdcan.c ****     CLEAR_REG(hfdcan->Instance->TSCV);
1629:platform/HAL/src/stm32g4xx_hal_fdcan.c ****   }
1630:platform/HAL/src/stm32g4xx_hal_fdcan.c ****   else
1631:platform/HAL/src/stm32g4xx_hal_fdcan.c ****   {
1632:platform/HAL/src/stm32g4xx_hal_fdcan.c ****     /* Update error code.
1633:platform/HAL/src/stm32g4xx_hal_fdcan.c ****        Unable to reset external counter */
1634:platform/HAL/src/stm32g4xx_hal_fdcan.c ****     hfdcan->ErrorCode |= HAL_FDCAN_ERROR_NOT_SUPPORTED;
1635:platform/HAL/src/stm32g4xx_hal_fdcan.c **** 
1636:platform/HAL/src/stm32g4xx_hal_fdcan.c ****     return HAL_ERROR;
1637:platform/HAL/src/stm32g4xx_hal_fdcan.c ****   }
1638:platform/HAL/src/stm32g4xx_hal_fdcan.c **** 
1639:platform/HAL/src/stm32g4xx_hal_fdcan.c ****   /* Return function status */
1640:platform/HAL/src/stm32g4xx_hal_fdcan.c ****   return HAL_OK;
1641:platform/HAL/src/stm32g4xx_hal_fdcan.c **** }
1642:platform/HAL/src/stm32g4xx_hal_fdcan.c **** 
1643:platform/HAL/src/stm32g4xx_hal_fdcan.c **** /**
1644:platform/HAL/src/stm32g4xx_hal_fdcan.c ****   * @brief  Configure the timeout counter.
1645:platform/HAL/src/stm32g4xx_hal_fdcan.c ****   * @param  hfdcan pointer to an FDCAN_HandleTypeDef structure that contains
1646:platform/HAL/src/stm32g4xx_hal_fdcan.c ****   *         the configuration information for the specified FDCAN.
1647:platform/HAL/src/stm32g4xx_hal_fdcan.c ****   * @param  TimeoutOperation Timeout counter operation.
1648:platform/HAL/src/stm32g4xx_hal_fdcan.c ****   *         This parameter can be a value of @arg FDCAN_Timeout_Operation.
1649:platform/HAL/src/stm32g4xx_hal_fdcan.c ****   * @param  TimeoutPeriod Start value of the timeout down-counter.
1650:platform/HAL/src/stm32g4xx_hal_fdcan.c ****   *         This parameter must be a number between 0x0000 and 0xFFFF
1651:platform/HAL/src/stm32g4xx_hal_fdcan.c ****   * @retval HAL status
1652:platform/HAL/src/stm32g4xx_hal_fdcan.c ****   */
1653:platform/HAL/src/stm32g4xx_hal_fdcan.c **** HAL_StatusTypeDef HAL_FDCAN_ConfigTimeoutCounter(FDCAN_HandleTypeDef *hfdcan, uint32_t TimeoutOpera
1654:platform/HAL/src/stm32g4xx_hal_fdcan.c ****                                                  uint32_t TimeoutPeriod)
1655:platform/HAL/src/stm32g4xx_hal_fdcan.c **** {
1656:platform/HAL/src/stm32g4xx_hal_fdcan.c ****   /* Check function parameters */
1657:platform/HAL/src/stm32g4xx_hal_fdcan.c ****   assert_param(IS_FDCAN_TIMEOUT(TimeoutOperation));
1658:platform/HAL/src/stm32g4xx_hal_fdcan.c ****   assert_param(IS_FDCAN_MAX_VALUE(TimeoutPeriod, 0xFFFFU));
1659:platform/HAL/src/stm32g4xx_hal_fdcan.c **** 
1660:platform/HAL/src/stm32g4xx_hal_fdcan.c ****   if (hfdcan->State == HAL_FDCAN_STATE_READY)
1661:platform/HAL/src/stm32g4xx_hal_fdcan.c ****   {
1662:platform/HAL/src/stm32g4xx_hal_fdcan.c ****     /* Select timeout operation and configure period */
1663:platform/HAL/src/stm32g4xx_hal_fdcan.c ****     MODIFY_REG(hfdcan->Instance->TOCC,
1664:platform/HAL/src/stm32g4xx_hal_fdcan.c ****                (FDCAN_TOCC_TOS | FDCAN_TOCC_TOP), (TimeoutOperation | (TimeoutPeriod << FDCAN_TOCC_
1665:platform/HAL/src/stm32g4xx_hal_fdcan.c **** 
1666:platform/HAL/src/stm32g4xx_hal_fdcan.c ****     /* Return function status */
1667:platform/HAL/src/stm32g4xx_hal_fdcan.c ****     return HAL_OK;
1668:platform/HAL/src/stm32g4xx_hal_fdcan.c ****   }
1669:platform/HAL/src/stm32g4xx_hal_fdcan.c ****   else
1670:platform/HAL/src/stm32g4xx_hal_fdcan.c ****   {
1671:platform/HAL/src/stm32g4xx_hal_fdcan.c ****     /* Update error code */
1672:platform/HAL/src/stm32g4xx_hal_fdcan.c ****     hfdcan->ErrorCode |= HAL_FDCAN_ERROR_NOT_READY;
1673:platform/HAL/src/stm32g4xx_hal_fdcan.c **** 
1674:platform/HAL/src/stm32g4xx_hal_fdcan.c ****     return HAL_ERROR;
1675:platform/HAL/src/stm32g4xx_hal_fdcan.c ****   }
1676:platform/HAL/src/stm32g4xx_hal_fdcan.c **** }
1677:platform/HAL/src/stm32g4xx_hal_fdcan.c **** 
1678:platform/HAL/src/stm32g4xx_hal_fdcan.c **** /**
1679:platform/HAL/src/stm32g4xx_hal_fdcan.c ****   * @brief  Enable the timeout counter.
1680:platform/HAL/src/stm32g4xx_hal_fdcan.c ****   * @param  hfdcan pointer to an FDCAN_HandleTypeDef structure that contains
1681:platform/HAL/src/stm32g4xx_hal_fdcan.c ****   *         the configuration information for the specified FDCAN.
1682:platform/HAL/src/stm32g4xx_hal_fdcan.c ****   * @retval HAL status
1683:platform/HAL/src/stm32g4xx_hal_fdcan.c ****   */
ARM GAS  /tmp/cc2SU6oB.s 			page 31


1684:platform/HAL/src/stm32g4xx_hal_fdcan.c **** HAL_StatusTypeDef HAL_FDCAN_EnableTimeoutCounter(FDCAN_HandleTypeDef *hfdcan)
1685:platform/HAL/src/stm32g4xx_hal_fdcan.c **** {
1686:platform/HAL/src/stm32g4xx_hal_fdcan.c ****   if (hfdcan->State == HAL_FDCAN_STATE_READY)
1687:platform/HAL/src/stm32g4xx_hal_fdcan.c ****   {
1688:platform/HAL/src/stm32g4xx_hal_fdcan.c ****     /* Enable timeout counter */
1689:platform/HAL/src/stm32g4xx_hal_fdcan.c ****     SET_BIT(hfdcan->Instance->TOCC, FDCAN_TOCC_ETOC);
1690:platform/HAL/src/stm32g4xx_hal_fdcan.c **** 
1691:platform/HAL/src/stm32g4xx_hal_fdcan.c ****     /* Return function status */
1692:platform/HAL/src/stm32g4xx_hal_fdcan.c ****     return HAL_OK;
1693:platform/HAL/src/stm32g4xx_hal_fdcan.c ****   }
1694:platform/HAL/src/stm32g4xx_hal_fdcan.c ****   else
1695:platform/HAL/src/stm32g4xx_hal_fdcan.c ****   {
1696:platform/HAL/src/stm32g4xx_hal_fdcan.c ****     /* Update error code */
1697:platform/HAL/src/stm32g4xx_hal_fdcan.c ****     hfdcan->ErrorCode |= HAL_FDCAN_ERROR_NOT_READY;
1698:platform/HAL/src/stm32g4xx_hal_fdcan.c **** 
1699:platform/HAL/src/stm32g4xx_hal_fdcan.c ****     return HAL_ERROR;
1700:platform/HAL/src/stm32g4xx_hal_fdcan.c ****   }
1701:platform/HAL/src/stm32g4xx_hal_fdcan.c **** }
1702:platform/HAL/src/stm32g4xx_hal_fdcan.c **** 
1703:platform/HAL/src/stm32g4xx_hal_fdcan.c **** /**
1704:platform/HAL/src/stm32g4xx_hal_fdcan.c ****   * @brief  Disable the timeout counter.
1705:platform/HAL/src/stm32g4xx_hal_fdcan.c ****   * @param  hfdcan pointer to an FDCAN_HandleTypeDef structure that contains
1706:platform/HAL/src/stm32g4xx_hal_fdcan.c ****   *         the configuration information for the specified FDCAN.
1707:platform/HAL/src/stm32g4xx_hal_fdcan.c ****   * @retval HAL status
1708:platform/HAL/src/stm32g4xx_hal_fdcan.c ****   */
1709:platform/HAL/src/stm32g4xx_hal_fdcan.c **** HAL_StatusTypeDef HAL_FDCAN_DisableTimeoutCounter(FDCAN_HandleTypeDef *hfdcan)
1710:platform/HAL/src/stm32g4xx_hal_fdcan.c **** {
1711:platform/HAL/src/stm32g4xx_hal_fdcan.c ****   if (hfdcan->State == HAL_FDCAN_STATE_READY)
1712:platform/HAL/src/stm32g4xx_hal_fdcan.c ****   {
1713:platform/HAL/src/stm32g4xx_hal_fdcan.c ****     /* Disable timeout counter */
1714:platform/HAL/src/stm32g4xx_hal_fdcan.c ****     CLEAR_BIT(hfdcan->Instance->TOCC, FDCAN_TOCC_ETOC);
1715:platform/HAL/src/stm32g4xx_hal_fdcan.c **** 
1716:platform/HAL/src/stm32g4xx_hal_fdcan.c ****     /* Return function status */
1717:platform/HAL/src/stm32g4xx_hal_fdcan.c ****     return HAL_OK;
1718:platform/HAL/src/stm32g4xx_hal_fdcan.c ****   }
1719:platform/HAL/src/stm32g4xx_hal_fdcan.c ****   else
1720:platform/HAL/src/stm32g4xx_hal_fdcan.c ****   {
1721:platform/HAL/src/stm32g4xx_hal_fdcan.c ****     /* Update error code */
1722:platform/HAL/src/stm32g4xx_hal_fdcan.c ****     hfdcan->ErrorCode |= HAL_FDCAN_ERROR_NOT_READY;
1723:platform/HAL/src/stm32g4xx_hal_fdcan.c **** 
1724:platform/HAL/src/stm32g4xx_hal_fdcan.c ****     return HAL_ERROR;
1725:platform/HAL/src/stm32g4xx_hal_fdcan.c ****   }
1726:platform/HAL/src/stm32g4xx_hal_fdcan.c **** }
1727:platform/HAL/src/stm32g4xx_hal_fdcan.c **** 
1728:platform/HAL/src/stm32g4xx_hal_fdcan.c **** /**
1729:platform/HAL/src/stm32g4xx_hal_fdcan.c ****   * @brief  Get the timeout counter value.
1730:platform/HAL/src/stm32g4xx_hal_fdcan.c ****   * @param  hfdcan pointer to an FDCAN_HandleTypeDef structure that contains
1731:platform/HAL/src/stm32g4xx_hal_fdcan.c ****   *         the configuration information for the specified FDCAN.
1732:platform/HAL/src/stm32g4xx_hal_fdcan.c ****   * @retval Timeout counter value
1733:platform/HAL/src/stm32g4xx_hal_fdcan.c ****   */
1734:platform/HAL/src/stm32g4xx_hal_fdcan.c **** uint16_t HAL_FDCAN_GetTimeoutCounter(const FDCAN_HandleTypeDef *hfdcan)
1735:platform/HAL/src/stm32g4xx_hal_fdcan.c **** {
1736:platform/HAL/src/stm32g4xx_hal_fdcan.c ****   return (uint16_t)(hfdcan->Instance->TOCV);
1737:platform/HAL/src/stm32g4xx_hal_fdcan.c **** }
1738:platform/HAL/src/stm32g4xx_hal_fdcan.c **** 
1739:platform/HAL/src/stm32g4xx_hal_fdcan.c **** /**
1740:platform/HAL/src/stm32g4xx_hal_fdcan.c ****   * @brief  Reset the timeout counter to its start value.
ARM GAS  /tmp/cc2SU6oB.s 			page 32


1741:platform/HAL/src/stm32g4xx_hal_fdcan.c ****   * @param  hfdcan pointer to an FDCAN_HandleTypeDef structure that contains
1742:platform/HAL/src/stm32g4xx_hal_fdcan.c ****   *         the configuration information for the specified FDCAN.
1743:platform/HAL/src/stm32g4xx_hal_fdcan.c ****   * @retval HAL status
1744:platform/HAL/src/stm32g4xx_hal_fdcan.c ****   */
1745:platform/HAL/src/stm32g4xx_hal_fdcan.c **** HAL_StatusTypeDef HAL_FDCAN_ResetTimeoutCounter(FDCAN_HandleTypeDef *hfdcan)
1746:platform/HAL/src/stm32g4xx_hal_fdcan.c **** {
1747:platform/HAL/src/stm32g4xx_hal_fdcan.c ****   if ((hfdcan->Instance->TOCC & FDCAN_TOCC_TOS) == FDCAN_TIMEOUT_CONTINUOUS)
1748:platform/HAL/src/stm32g4xx_hal_fdcan.c ****   {
1749:platform/HAL/src/stm32g4xx_hal_fdcan.c ****     /* Reset timeout counter to start value */
1750:platform/HAL/src/stm32g4xx_hal_fdcan.c ****     CLEAR_REG(hfdcan->Instance->TOCV);
1751:platform/HAL/src/stm32g4xx_hal_fdcan.c **** 
1752:platform/HAL/src/stm32g4xx_hal_fdcan.c ****     /* Return function status */
1753:platform/HAL/src/stm32g4xx_hal_fdcan.c ****     return HAL_OK;
1754:platform/HAL/src/stm32g4xx_hal_fdcan.c ****   }
1755:platform/HAL/src/stm32g4xx_hal_fdcan.c ****   else
1756:platform/HAL/src/stm32g4xx_hal_fdcan.c ****   {
1757:platform/HAL/src/stm32g4xx_hal_fdcan.c ****     /* Update error code.
1758:platform/HAL/src/stm32g4xx_hal_fdcan.c ****        Unable to reset counter: controlled only by FIFO empty state */
1759:platform/HAL/src/stm32g4xx_hal_fdcan.c ****     hfdcan->ErrorCode |= HAL_FDCAN_ERROR_NOT_SUPPORTED;
1760:platform/HAL/src/stm32g4xx_hal_fdcan.c **** 
1761:platform/HAL/src/stm32g4xx_hal_fdcan.c ****     return HAL_ERROR;
1762:platform/HAL/src/stm32g4xx_hal_fdcan.c ****   }
1763:platform/HAL/src/stm32g4xx_hal_fdcan.c **** }
1764:platform/HAL/src/stm32g4xx_hal_fdcan.c **** 
1765:platform/HAL/src/stm32g4xx_hal_fdcan.c **** /**
1766:platform/HAL/src/stm32g4xx_hal_fdcan.c ****   * @brief  Configure the transmitter delay compensation.
1767:platform/HAL/src/stm32g4xx_hal_fdcan.c ****   * @param  hfdcan pointer to an FDCAN_HandleTypeDef structure that contains
1768:platform/HAL/src/stm32g4xx_hal_fdcan.c ****   *         the configuration information for the specified FDCAN.
1769:platform/HAL/src/stm32g4xx_hal_fdcan.c ****   * @param  TdcOffset Transmitter Delay Compensation Offset.
1770:platform/HAL/src/stm32g4xx_hal_fdcan.c ****   *         This parameter must be a number between 0x00 and 0x7F.
1771:platform/HAL/src/stm32g4xx_hal_fdcan.c ****   * @param  TdcFilter Transmitter Delay Compensation Filter Window Length.
1772:platform/HAL/src/stm32g4xx_hal_fdcan.c ****   *         This parameter must be a number between 0x00 and 0x7F.
1773:platform/HAL/src/stm32g4xx_hal_fdcan.c ****   * @retval HAL status
1774:platform/HAL/src/stm32g4xx_hal_fdcan.c ****   */
1775:platform/HAL/src/stm32g4xx_hal_fdcan.c **** HAL_StatusTypeDef HAL_FDCAN_ConfigTxDelayCompensation(FDCAN_HandleTypeDef *hfdcan, uint32_t TdcOffs
1776:platform/HAL/src/stm32g4xx_hal_fdcan.c ****                                                       uint32_t TdcFilter)
1777:platform/HAL/src/stm32g4xx_hal_fdcan.c **** {
1778:platform/HAL/src/stm32g4xx_hal_fdcan.c ****   /* Check function parameters */
1779:platform/HAL/src/stm32g4xx_hal_fdcan.c ****   assert_param(IS_FDCAN_MAX_VALUE(TdcOffset, 0x7FU));
1780:platform/HAL/src/stm32g4xx_hal_fdcan.c ****   assert_param(IS_FDCAN_MAX_VALUE(TdcFilter, 0x7FU));
1781:platform/HAL/src/stm32g4xx_hal_fdcan.c **** 
1782:platform/HAL/src/stm32g4xx_hal_fdcan.c ****   if (hfdcan->State == HAL_FDCAN_STATE_READY)
1783:platform/HAL/src/stm32g4xx_hal_fdcan.c ****   {
1784:platform/HAL/src/stm32g4xx_hal_fdcan.c ****     /* Configure TDC offset and filter window */
1785:platform/HAL/src/stm32g4xx_hal_fdcan.c ****     hfdcan->Instance->TDCR = ((TdcFilter << FDCAN_TDCR_TDCF_Pos) | (TdcOffset << FDCAN_TDCR_TDCO_Po
1786:platform/HAL/src/stm32g4xx_hal_fdcan.c **** 
1787:platform/HAL/src/stm32g4xx_hal_fdcan.c ****     /* Return function status */
1788:platform/HAL/src/stm32g4xx_hal_fdcan.c ****     return HAL_OK;
1789:platform/HAL/src/stm32g4xx_hal_fdcan.c ****   }
1790:platform/HAL/src/stm32g4xx_hal_fdcan.c ****   else
1791:platform/HAL/src/stm32g4xx_hal_fdcan.c ****   {
1792:platform/HAL/src/stm32g4xx_hal_fdcan.c ****     /* Update error code */
1793:platform/HAL/src/stm32g4xx_hal_fdcan.c ****     hfdcan->ErrorCode |= HAL_FDCAN_ERROR_NOT_READY;
1794:platform/HAL/src/stm32g4xx_hal_fdcan.c **** 
1795:platform/HAL/src/stm32g4xx_hal_fdcan.c ****     return HAL_ERROR;
1796:platform/HAL/src/stm32g4xx_hal_fdcan.c ****   }
1797:platform/HAL/src/stm32g4xx_hal_fdcan.c **** }
ARM GAS  /tmp/cc2SU6oB.s 			page 33


1798:platform/HAL/src/stm32g4xx_hal_fdcan.c **** 
1799:platform/HAL/src/stm32g4xx_hal_fdcan.c **** /**
1800:platform/HAL/src/stm32g4xx_hal_fdcan.c ****   * @brief  Enable the transmitter delay compensation.
1801:platform/HAL/src/stm32g4xx_hal_fdcan.c ****   * @param  hfdcan pointer to an FDCAN_HandleTypeDef structure that contains
1802:platform/HAL/src/stm32g4xx_hal_fdcan.c ****   *         the configuration information for the specified FDCAN.
1803:platform/HAL/src/stm32g4xx_hal_fdcan.c ****   * @retval HAL status
1804:platform/HAL/src/stm32g4xx_hal_fdcan.c ****   */
1805:platform/HAL/src/stm32g4xx_hal_fdcan.c **** HAL_StatusTypeDef HAL_FDCAN_EnableTxDelayCompensation(FDCAN_HandleTypeDef *hfdcan)
1806:platform/HAL/src/stm32g4xx_hal_fdcan.c **** {
1807:platform/HAL/src/stm32g4xx_hal_fdcan.c ****   if (hfdcan->State == HAL_FDCAN_STATE_READY)
1808:platform/HAL/src/stm32g4xx_hal_fdcan.c ****   {
1809:platform/HAL/src/stm32g4xx_hal_fdcan.c ****     /* Enable transmitter delay compensation */
1810:platform/HAL/src/stm32g4xx_hal_fdcan.c ****     SET_BIT(hfdcan->Instance->DBTP, FDCAN_DBTP_TDC);
1811:platform/HAL/src/stm32g4xx_hal_fdcan.c **** 
1812:platform/HAL/src/stm32g4xx_hal_fdcan.c ****     /* Return function status */
1813:platform/HAL/src/stm32g4xx_hal_fdcan.c ****     return HAL_OK;
1814:platform/HAL/src/stm32g4xx_hal_fdcan.c ****   }
1815:platform/HAL/src/stm32g4xx_hal_fdcan.c ****   else
1816:platform/HAL/src/stm32g4xx_hal_fdcan.c ****   {
1817:platform/HAL/src/stm32g4xx_hal_fdcan.c ****     /* Update error code */
1818:platform/HAL/src/stm32g4xx_hal_fdcan.c ****     hfdcan->ErrorCode |= HAL_FDCAN_ERROR_NOT_READY;
1819:platform/HAL/src/stm32g4xx_hal_fdcan.c **** 
1820:platform/HAL/src/stm32g4xx_hal_fdcan.c ****     return HAL_ERROR;
1821:platform/HAL/src/stm32g4xx_hal_fdcan.c ****   }
1822:platform/HAL/src/stm32g4xx_hal_fdcan.c **** }
1823:platform/HAL/src/stm32g4xx_hal_fdcan.c **** 
1824:platform/HAL/src/stm32g4xx_hal_fdcan.c **** /**
1825:platform/HAL/src/stm32g4xx_hal_fdcan.c ****   * @brief  Disable the transmitter delay compensation.
1826:platform/HAL/src/stm32g4xx_hal_fdcan.c ****   * @param  hfdcan pointer to an FDCAN_HandleTypeDef structure that contains
1827:platform/HAL/src/stm32g4xx_hal_fdcan.c ****   *         the configuration information for the specified FDCAN.
1828:platform/HAL/src/stm32g4xx_hal_fdcan.c ****   * @retval HAL status
1829:platform/HAL/src/stm32g4xx_hal_fdcan.c ****   */
1830:platform/HAL/src/stm32g4xx_hal_fdcan.c **** HAL_StatusTypeDef HAL_FDCAN_DisableTxDelayCompensation(FDCAN_HandleTypeDef *hfdcan)
1831:platform/HAL/src/stm32g4xx_hal_fdcan.c **** {
1832:platform/HAL/src/stm32g4xx_hal_fdcan.c ****   if (hfdcan->State == HAL_FDCAN_STATE_READY)
1833:platform/HAL/src/stm32g4xx_hal_fdcan.c ****   {
1834:platform/HAL/src/stm32g4xx_hal_fdcan.c ****     /* Disable transmitter delay compensation */
1835:platform/HAL/src/stm32g4xx_hal_fdcan.c ****     CLEAR_BIT(hfdcan->Instance->DBTP, FDCAN_DBTP_TDC);
1836:platform/HAL/src/stm32g4xx_hal_fdcan.c **** 
1837:platform/HAL/src/stm32g4xx_hal_fdcan.c ****     /* Return function status */
1838:platform/HAL/src/stm32g4xx_hal_fdcan.c ****     return HAL_OK;
1839:platform/HAL/src/stm32g4xx_hal_fdcan.c ****   }
1840:platform/HAL/src/stm32g4xx_hal_fdcan.c ****   else
1841:platform/HAL/src/stm32g4xx_hal_fdcan.c ****   {
1842:platform/HAL/src/stm32g4xx_hal_fdcan.c ****     /* Update error code */
1843:platform/HAL/src/stm32g4xx_hal_fdcan.c ****     hfdcan->ErrorCode |= HAL_FDCAN_ERROR_NOT_READY;
1844:platform/HAL/src/stm32g4xx_hal_fdcan.c **** 
1845:platform/HAL/src/stm32g4xx_hal_fdcan.c ****     return HAL_ERROR;
1846:platform/HAL/src/stm32g4xx_hal_fdcan.c ****   }
1847:platform/HAL/src/stm32g4xx_hal_fdcan.c **** }
1848:platform/HAL/src/stm32g4xx_hal_fdcan.c **** 
1849:platform/HAL/src/stm32g4xx_hal_fdcan.c **** /**
1850:platform/HAL/src/stm32g4xx_hal_fdcan.c ****   * @brief  Enable ISO 11898-1 protocol mode.
1851:platform/HAL/src/stm32g4xx_hal_fdcan.c ****   *         CAN FD frame format is according to ISO 11898-1 standard.
1852:platform/HAL/src/stm32g4xx_hal_fdcan.c ****   * @param  hfdcan pointer to an FDCAN_HandleTypeDef structure that contains
1853:platform/HAL/src/stm32g4xx_hal_fdcan.c ****   *         the configuration information for the specified FDCAN.
1854:platform/HAL/src/stm32g4xx_hal_fdcan.c ****   * @retval HAL status
ARM GAS  /tmp/cc2SU6oB.s 			page 34


1855:platform/HAL/src/stm32g4xx_hal_fdcan.c ****   */
1856:platform/HAL/src/stm32g4xx_hal_fdcan.c **** HAL_StatusTypeDef HAL_FDCAN_EnableISOMode(FDCAN_HandleTypeDef *hfdcan)
1857:platform/HAL/src/stm32g4xx_hal_fdcan.c **** {
1858:platform/HAL/src/stm32g4xx_hal_fdcan.c ****   if (hfdcan->State == HAL_FDCAN_STATE_READY)
1859:platform/HAL/src/stm32g4xx_hal_fdcan.c ****   {
1860:platform/HAL/src/stm32g4xx_hal_fdcan.c ****     /* Disable Non ISO protocol mode */
1861:platform/HAL/src/stm32g4xx_hal_fdcan.c ****     CLEAR_BIT(hfdcan->Instance->CCCR, FDCAN_CCCR_NISO);
1862:platform/HAL/src/stm32g4xx_hal_fdcan.c **** 
1863:platform/HAL/src/stm32g4xx_hal_fdcan.c ****     /* Return function status */
1864:platform/HAL/src/stm32g4xx_hal_fdcan.c ****     return HAL_OK;
1865:platform/HAL/src/stm32g4xx_hal_fdcan.c ****   }
1866:platform/HAL/src/stm32g4xx_hal_fdcan.c ****   else
1867:platform/HAL/src/stm32g4xx_hal_fdcan.c ****   {
1868:platform/HAL/src/stm32g4xx_hal_fdcan.c ****     /* Update error code */
1869:platform/HAL/src/stm32g4xx_hal_fdcan.c ****     hfdcan->ErrorCode |= HAL_FDCAN_ERROR_NOT_READY;
1870:platform/HAL/src/stm32g4xx_hal_fdcan.c **** 
1871:platform/HAL/src/stm32g4xx_hal_fdcan.c ****     return HAL_ERROR;
1872:platform/HAL/src/stm32g4xx_hal_fdcan.c ****   }
1873:platform/HAL/src/stm32g4xx_hal_fdcan.c **** }
1874:platform/HAL/src/stm32g4xx_hal_fdcan.c **** 
1875:platform/HAL/src/stm32g4xx_hal_fdcan.c **** /**
1876:platform/HAL/src/stm32g4xx_hal_fdcan.c ****   * @brief  Disable ISO 11898-1 protocol mode.
1877:platform/HAL/src/stm32g4xx_hal_fdcan.c ****   *         CAN FD frame format is according to Bosch CAN FD specification V1.0.
1878:platform/HAL/src/stm32g4xx_hal_fdcan.c ****   * @param  hfdcan pointer to an FDCAN_HandleTypeDef structure that contains
1879:platform/HAL/src/stm32g4xx_hal_fdcan.c ****   *         the configuration information for the specified FDCAN.
1880:platform/HAL/src/stm32g4xx_hal_fdcan.c ****   * @retval HAL status
1881:platform/HAL/src/stm32g4xx_hal_fdcan.c ****   */
1882:platform/HAL/src/stm32g4xx_hal_fdcan.c **** HAL_StatusTypeDef HAL_FDCAN_DisableISOMode(FDCAN_HandleTypeDef *hfdcan)
1883:platform/HAL/src/stm32g4xx_hal_fdcan.c **** {
1884:platform/HAL/src/stm32g4xx_hal_fdcan.c ****   if (hfdcan->State == HAL_FDCAN_STATE_READY)
1885:platform/HAL/src/stm32g4xx_hal_fdcan.c ****   {
1886:platform/HAL/src/stm32g4xx_hal_fdcan.c ****     /* Enable Non ISO protocol mode */
1887:platform/HAL/src/stm32g4xx_hal_fdcan.c ****     SET_BIT(hfdcan->Instance->CCCR, FDCAN_CCCR_NISO);
1888:platform/HAL/src/stm32g4xx_hal_fdcan.c **** 
1889:platform/HAL/src/stm32g4xx_hal_fdcan.c ****     /* Return function status */
1890:platform/HAL/src/stm32g4xx_hal_fdcan.c ****     return HAL_OK;
1891:platform/HAL/src/stm32g4xx_hal_fdcan.c ****   }
1892:platform/HAL/src/stm32g4xx_hal_fdcan.c ****   else
1893:platform/HAL/src/stm32g4xx_hal_fdcan.c ****   {
1894:platform/HAL/src/stm32g4xx_hal_fdcan.c ****     /* Update error code */
1895:platform/HAL/src/stm32g4xx_hal_fdcan.c ****     hfdcan->ErrorCode |= HAL_FDCAN_ERROR_NOT_READY;
1896:platform/HAL/src/stm32g4xx_hal_fdcan.c **** 
1897:platform/HAL/src/stm32g4xx_hal_fdcan.c ****     return HAL_ERROR;
1898:platform/HAL/src/stm32g4xx_hal_fdcan.c ****   }
1899:platform/HAL/src/stm32g4xx_hal_fdcan.c **** }
1900:platform/HAL/src/stm32g4xx_hal_fdcan.c **** 
1901:platform/HAL/src/stm32g4xx_hal_fdcan.c **** /**
1902:platform/HAL/src/stm32g4xx_hal_fdcan.c ****   * @brief  Enable edge filtering during bus integration.
1903:platform/HAL/src/stm32g4xx_hal_fdcan.c ****   *         Two consecutive dominant tq are required to detect an edge for hard synchronization.
1904:platform/HAL/src/stm32g4xx_hal_fdcan.c ****   * @param  hfdcan pointer to an FDCAN_HandleTypeDef structure that contains
1905:platform/HAL/src/stm32g4xx_hal_fdcan.c ****   *         the configuration information for the specified FDCAN.
1906:platform/HAL/src/stm32g4xx_hal_fdcan.c ****   * @retval HAL status
1907:platform/HAL/src/stm32g4xx_hal_fdcan.c ****   */
1908:platform/HAL/src/stm32g4xx_hal_fdcan.c **** HAL_StatusTypeDef HAL_FDCAN_EnableEdgeFiltering(FDCAN_HandleTypeDef *hfdcan)
1909:platform/HAL/src/stm32g4xx_hal_fdcan.c **** {
1910:platform/HAL/src/stm32g4xx_hal_fdcan.c ****   if (hfdcan->State == HAL_FDCAN_STATE_READY)
1911:platform/HAL/src/stm32g4xx_hal_fdcan.c ****   {
ARM GAS  /tmp/cc2SU6oB.s 			page 35


1912:platform/HAL/src/stm32g4xx_hal_fdcan.c ****     /* Enable edge filtering */
1913:platform/HAL/src/stm32g4xx_hal_fdcan.c ****     SET_BIT(hfdcan->Instance->CCCR, FDCAN_CCCR_EFBI);
1914:platform/HAL/src/stm32g4xx_hal_fdcan.c **** 
1915:platform/HAL/src/stm32g4xx_hal_fdcan.c ****     /* Return function status */
1916:platform/HAL/src/stm32g4xx_hal_fdcan.c ****     return HAL_OK;
1917:platform/HAL/src/stm32g4xx_hal_fdcan.c ****   }
1918:platform/HAL/src/stm32g4xx_hal_fdcan.c ****   else
1919:platform/HAL/src/stm32g4xx_hal_fdcan.c ****   {
1920:platform/HAL/src/stm32g4xx_hal_fdcan.c ****     /* Update error code */
1921:platform/HAL/src/stm32g4xx_hal_fdcan.c ****     hfdcan->ErrorCode |= HAL_FDCAN_ERROR_NOT_READY;
1922:platform/HAL/src/stm32g4xx_hal_fdcan.c **** 
1923:platform/HAL/src/stm32g4xx_hal_fdcan.c ****     return HAL_ERROR;
1924:platform/HAL/src/stm32g4xx_hal_fdcan.c ****   }
1925:platform/HAL/src/stm32g4xx_hal_fdcan.c **** }
1926:platform/HAL/src/stm32g4xx_hal_fdcan.c **** 
1927:platform/HAL/src/stm32g4xx_hal_fdcan.c **** /**
1928:platform/HAL/src/stm32g4xx_hal_fdcan.c ****   * @brief  Disable edge filtering during bus integration.
1929:platform/HAL/src/stm32g4xx_hal_fdcan.c ****   *         One dominant tq is required to detect an edge for hard synchronization.
1930:platform/HAL/src/stm32g4xx_hal_fdcan.c ****   * @param  hfdcan pointer to an FDCAN_HandleTypeDef structure that contains
1931:platform/HAL/src/stm32g4xx_hal_fdcan.c ****   *         the configuration information for the specified FDCAN.
1932:platform/HAL/src/stm32g4xx_hal_fdcan.c ****   * @retval HAL status
1933:platform/HAL/src/stm32g4xx_hal_fdcan.c ****   */
1934:platform/HAL/src/stm32g4xx_hal_fdcan.c **** HAL_StatusTypeDef HAL_FDCAN_DisableEdgeFiltering(FDCAN_HandleTypeDef *hfdcan)
1935:platform/HAL/src/stm32g4xx_hal_fdcan.c **** {
1936:platform/HAL/src/stm32g4xx_hal_fdcan.c ****   if (hfdcan->State == HAL_FDCAN_STATE_READY)
1937:platform/HAL/src/stm32g4xx_hal_fdcan.c ****   {
1938:platform/HAL/src/stm32g4xx_hal_fdcan.c ****     /* Disable edge filtering */
1939:platform/HAL/src/stm32g4xx_hal_fdcan.c ****     CLEAR_BIT(hfdcan->Instance->CCCR, FDCAN_CCCR_EFBI);
1940:platform/HAL/src/stm32g4xx_hal_fdcan.c **** 
1941:platform/HAL/src/stm32g4xx_hal_fdcan.c ****     /* Return function status */
1942:platform/HAL/src/stm32g4xx_hal_fdcan.c ****     return HAL_OK;
1943:platform/HAL/src/stm32g4xx_hal_fdcan.c ****   }
1944:platform/HAL/src/stm32g4xx_hal_fdcan.c ****   else
1945:platform/HAL/src/stm32g4xx_hal_fdcan.c ****   {
1946:platform/HAL/src/stm32g4xx_hal_fdcan.c ****     /* Update error code */
1947:platform/HAL/src/stm32g4xx_hal_fdcan.c ****     hfdcan->ErrorCode |= HAL_FDCAN_ERROR_NOT_READY;
1948:platform/HAL/src/stm32g4xx_hal_fdcan.c **** 
1949:platform/HAL/src/stm32g4xx_hal_fdcan.c ****     return HAL_ERROR;
1950:platform/HAL/src/stm32g4xx_hal_fdcan.c ****   }
1951:platform/HAL/src/stm32g4xx_hal_fdcan.c **** }
1952:platform/HAL/src/stm32g4xx_hal_fdcan.c **** 
1953:platform/HAL/src/stm32g4xx_hal_fdcan.c **** /**
1954:platform/HAL/src/stm32g4xx_hal_fdcan.c ****   * @}
1955:platform/HAL/src/stm32g4xx_hal_fdcan.c ****   */
1956:platform/HAL/src/stm32g4xx_hal_fdcan.c **** 
1957:platform/HAL/src/stm32g4xx_hal_fdcan.c **** /** @defgroup FDCAN_Exported_Functions_Group3 Control functions
1958:platform/HAL/src/stm32g4xx_hal_fdcan.c ****   *  @brief    Control functions
1959:platform/HAL/src/stm32g4xx_hal_fdcan.c ****   *
1960:platform/HAL/src/stm32g4xx_hal_fdcan.c **** @verbatim
1961:platform/HAL/src/stm32g4xx_hal_fdcan.c ****   ==============================================================================
1962:platform/HAL/src/stm32g4xx_hal_fdcan.c ****                           ##### Control functions #####
1963:platform/HAL/src/stm32g4xx_hal_fdcan.c ****   ==============================================================================
1964:platform/HAL/src/stm32g4xx_hal_fdcan.c ****     [..]  This section provides functions allowing to:
1965:platform/HAL/src/stm32g4xx_hal_fdcan.c ****       (+) HAL_FDCAN_Start                         : Start the FDCAN module
1966:platform/HAL/src/stm32g4xx_hal_fdcan.c ****       (+) HAL_FDCAN_Stop                          : Stop the FDCAN module and enable access to conf
1967:platform/HAL/src/stm32g4xx_hal_fdcan.c ****       (+) HAL_FDCAN_AddMessageToTxFifoQ           : Add a message to the Tx FIFO/Queue and activate
1968:platform/HAL/src/stm32g4xx_hal_fdcan.c ****                                                     transmission request
ARM GAS  /tmp/cc2SU6oB.s 			page 36


1969:platform/HAL/src/stm32g4xx_hal_fdcan.c ****       (+) HAL_FDCAN_GetLatestTxFifoQRequestBuffer : Get Tx buffer index of latest Tx FIFO/Queue req
1970:platform/HAL/src/stm32g4xx_hal_fdcan.c ****       (+) HAL_FDCAN_AbortTxRequest                : Abort transmission request
1971:platform/HAL/src/stm32g4xx_hal_fdcan.c ****       (+) HAL_FDCAN_GetRxMessage                  : Get an FDCAN frame from the Rx FIFO zone into t
1972:platform/HAL/src/stm32g4xx_hal_fdcan.c ****       (+) HAL_FDCAN_GetTxEvent                    : Get an FDCAN Tx event from the Tx Event FIFO zo
1973:platform/HAL/src/stm32g4xx_hal_fdcan.c ****                                                     into the message RAM
1974:platform/HAL/src/stm32g4xx_hal_fdcan.c ****       (+) HAL_FDCAN_GetHighPriorityMessageStatus  : Get high priority message status
1975:platform/HAL/src/stm32g4xx_hal_fdcan.c ****       (+) HAL_FDCAN_GetProtocolStatus             : Get protocol status
1976:platform/HAL/src/stm32g4xx_hal_fdcan.c ****       (+) HAL_FDCAN_GetErrorCounters              : Get error counter values
1977:platform/HAL/src/stm32g4xx_hal_fdcan.c ****       (+) HAL_FDCAN_IsTxBufferMessagePending      : Check if a transmission request is pending
1978:platform/HAL/src/stm32g4xx_hal_fdcan.c ****                                                     on the selected Tx buffer
1979:platform/HAL/src/stm32g4xx_hal_fdcan.c ****       (+) HAL_FDCAN_GetRxFifoFillLevel            : Return Rx FIFO fill level
1980:platform/HAL/src/stm32g4xx_hal_fdcan.c ****       (+) HAL_FDCAN_GetTxFifoFreeLevel            : Return Tx FIFO free level
1981:platform/HAL/src/stm32g4xx_hal_fdcan.c ****       (+) HAL_FDCAN_IsRestrictedOperationMode     : Check if the FDCAN peripheral entered Restricte
1982:platform/HAL/src/stm32g4xx_hal_fdcan.c ****       (+) HAL_FDCAN_ExitRestrictedOperationMode   : Exit Restricted Operation Mode
1983:platform/HAL/src/stm32g4xx_hal_fdcan.c **** 
1984:platform/HAL/src/stm32g4xx_hal_fdcan.c **** @endverbatim
1985:platform/HAL/src/stm32g4xx_hal_fdcan.c ****   * @{
1986:platform/HAL/src/stm32g4xx_hal_fdcan.c ****   */
1987:platform/HAL/src/stm32g4xx_hal_fdcan.c **** 
1988:platform/HAL/src/stm32g4xx_hal_fdcan.c **** /**
1989:platform/HAL/src/stm32g4xx_hal_fdcan.c ****   * @brief  Start the FDCAN module.
1990:platform/HAL/src/stm32g4xx_hal_fdcan.c ****   * @param  hfdcan pointer to an FDCAN_HandleTypeDef structure that contains
1991:platform/HAL/src/stm32g4xx_hal_fdcan.c ****   *         the configuration information for the specified FDCAN.
1992:platform/HAL/src/stm32g4xx_hal_fdcan.c ****   * @retval HAL status
1993:platform/HAL/src/stm32g4xx_hal_fdcan.c ****   */
1994:platform/HAL/src/stm32g4xx_hal_fdcan.c **** HAL_StatusTypeDef HAL_FDCAN_Start(FDCAN_HandleTypeDef *hfdcan)
1995:platform/HAL/src/stm32g4xx_hal_fdcan.c **** {
1996:platform/HAL/src/stm32g4xx_hal_fdcan.c ****   if (hfdcan->State == HAL_FDCAN_STATE_READY)
1997:platform/HAL/src/stm32g4xx_hal_fdcan.c ****   {
1998:platform/HAL/src/stm32g4xx_hal_fdcan.c ****     /* Change FDCAN peripheral state */
1999:platform/HAL/src/stm32g4xx_hal_fdcan.c ****     hfdcan->State = HAL_FDCAN_STATE_BUSY;
2000:platform/HAL/src/stm32g4xx_hal_fdcan.c **** 
2001:platform/HAL/src/stm32g4xx_hal_fdcan.c ****     /* Request leave initialisation */
2002:platform/HAL/src/stm32g4xx_hal_fdcan.c ****     CLEAR_BIT(hfdcan->Instance->CCCR, FDCAN_CCCR_INIT);
2003:platform/HAL/src/stm32g4xx_hal_fdcan.c **** 
2004:platform/HAL/src/stm32g4xx_hal_fdcan.c ****     /* Reset the FDCAN ErrorCode */
2005:platform/HAL/src/stm32g4xx_hal_fdcan.c ****     hfdcan->ErrorCode = HAL_FDCAN_ERROR_NONE;
2006:platform/HAL/src/stm32g4xx_hal_fdcan.c **** 
2007:platform/HAL/src/stm32g4xx_hal_fdcan.c ****     /* Return function status */
2008:platform/HAL/src/stm32g4xx_hal_fdcan.c ****     return HAL_OK;
2009:platform/HAL/src/stm32g4xx_hal_fdcan.c ****   }
2010:platform/HAL/src/stm32g4xx_hal_fdcan.c ****   else
2011:platform/HAL/src/stm32g4xx_hal_fdcan.c ****   {
2012:platform/HAL/src/stm32g4xx_hal_fdcan.c ****     /* Update error code */
2013:platform/HAL/src/stm32g4xx_hal_fdcan.c ****     hfdcan->ErrorCode |= HAL_FDCAN_ERROR_NOT_READY;
2014:platform/HAL/src/stm32g4xx_hal_fdcan.c **** 
2015:platform/HAL/src/stm32g4xx_hal_fdcan.c ****     return HAL_ERROR;
2016:platform/HAL/src/stm32g4xx_hal_fdcan.c ****   }
2017:platform/HAL/src/stm32g4xx_hal_fdcan.c **** }
2018:platform/HAL/src/stm32g4xx_hal_fdcan.c **** 
2019:platform/HAL/src/stm32g4xx_hal_fdcan.c **** /**
2020:platform/HAL/src/stm32g4xx_hal_fdcan.c ****   * @brief  Stop the FDCAN module and enable access to configuration registers.
2021:platform/HAL/src/stm32g4xx_hal_fdcan.c ****   * @param  hfdcan pointer to an FDCAN_HandleTypeDef structure that contains
2022:platform/HAL/src/stm32g4xx_hal_fdcan.c ****   *         the configuration information for the specified FDCAN.
2023:platform/HAL/src/stm32g4xx_hal_fdcan.c ****   * @retval HAL status
2024:platform/HAL/src/stm32g4xx_hal_fdcan.c ****   */
2025:platform/HAL/src/stm32g4xx_hal_fdcan.c **** HAL_StatusTypeDef HAL_FDCAN_Stop(FDCAN_HandleTypeDef *hfdcan)
ARM GAS  /tmp/cc2SU6oB.s 			page 37


2026:platform/HAL/src/stm32g4xx_hal_fdcan.c **** {
2027:platform/HAL/src/stm32g4xx_hal_fdcan.c ****   uint32_t Counter = 0U;
2028:platform/HAL/src/stm32g4xx_hal_fdcan.c **** 
2029:platform/HAL/src/stm32g4xx_hal_fdcan.c ****   if (hfdcan->State == HAL_FDCAN_STATE_BUSY)
2030:platform/HAL/src/stm32g4xx_hal_fdcan.c ****   {
2031:platform/HAL/src/stm32g4xx_hal_fdcan.c ****     /* Request initialisation */
2032:platform/HAL/src/stm32g4xx_hal_fdcan.c ****     SET_BIT(hfdcan->Instance->CCCR, FDCAN_CCCR_INIT);
2033:platform/HAL/src/stm32g4xx_hal_fdcan.c **** 
2034:platform/HAL/src/stm32g4xx_hal_fdcan.c ****     /* Wait until the INIT bit into CCCR register is set */
2035:platform/HAL/src/stm32g4xx_hal_fdcan.c ****     while ((hfdcan->Instance->CCCR & FDCAN_CCCR_INIT) == 0U)
2036:platform/HAL/src/stm32g4xx_hal_fdcan.c ****     {
2037:platform/HAL/src/stm32g4xx_hal_fdcan.c ****       /* Check for the Timeout */
2038:platform/HAL/src/stm32g4xx_hal_fdcan.c ****       if (Counter > FDCAN_TIMEOUT_VALUE)
2039:platform/HAL/src/stm32g4xx_hal_fdcan.c ****       {
2040:platform/HAL/src/stm32g4xx_hal_fdcan.c ****         /* Update error code */
2041:platform/HAL/src/stm32g4xx_hal_fdcan.c ****         hfdcan->ErrorCode |= HAL_FDCAN_ERROR_TIMEOUT;
2042:platform/HAL/src/stm32g4xx_hal_fdcan.c **** 
2043:platform/HAL/src/stm32g4xx_hal_fdcan.c ****         /* Change FDCAN state */
2044:platform/HAL/src/stm32g4xx_hal_fdcan.c ****         hfdcan->State = HAL_FDCAN_STATE_ERROR;
2045:platform/HAL/src/stm32g4xx_hal_fdcan.c **** 
2046:platform/HAL/src/stm32g4xx_hal_fdcan.c ****         return HAL_ERROR;
2047:platform/HAL/src/stm32g4xx_hal_fdcan.c ****       }
2048:platform/HAL/src/stm32g4xx_hal_fdcan.c **** 
2049:platform/HAL/src/stm32g4xx_hal_fdcan.c ****       /* Increment counter */
2050:platform/HAL/src/stm32g4xx_hal_fdcan.c ****       Counter++;
2051:platform/HAL/src/stm32g4xx_hal_fdcan.c ****     }
2052:platform/HAL/src/stm32g4xx_hal_fdcan.c **** 
2053:platform/HAL/src/stm32g4xx_hal_fdcan.c ****     /* Reset counter */
2054:platform/HAL/src/stm32g4xx_hal_fdcan.c ****     Counter = 0U;
2055:platform/HAL/src/stm32g4xx_hal_fdcan.c **** 
2056:platform/HAL/src/stm32g4xx_hal_fdcan.c ****     /* Exit from Sleep mode */
2057:platform/HAL/src/stm32g4xx_hal_fdcan.c ****     CLEAR_BIT(hfdcan->Instance->CCCR, FDCAN_CCCR_CSR);
2058:platform/HAL/src/stm32g4xx_hal_fdcan.c **** 
2059:platform/HAL/src/stm32g4xx_hal_fdcan.c ****     /* Wait until FDCAN exits sleep mode */
2060:platform/HAL/src/stm32g4xx_hal_fdcan.c ****     while ((hfdcan->Instance->CCCR & FDCAN_CCCR_CSA) == FDCAN_CCCR_CSA)
2061:platform/HAL/src/stm32g4xx_hal_fdcan.c ****     {
2062:platform/HAL/src/stm32g4xx_hal_fdcan.c ****       /* Check for the Timeout */
2063:platform/HAL/src/stm32g4xx_hal_fdcan.c ****       if (Counter > FDCAN_TIMEOUT_VALUE)
2064:platform/HAL/src/stm32g4xx_hal_fdcan.c ****       {
2065:platform/HAL/src/stm32g4xx_hal_fdcan.c ****         /* Update error code */
2066:platform/HAL/src/stm32g4xx_hal_fdcan.c ****         hfdcan->ErrorCode |= HAL_FDCAN_ERROR_TIMEOUT;
2067:platform/HAL/src/stm32g4xx_hal_fdcan.c **** 
2068:platform/HAL/src/stm32g4xx_hal_fdcan.c ****         /* Change FDCAN state */
2069:platform/HAL/src/stm32g4xx_hal_fdcan.c ****         hfdcan->State = HAL_FDCAN_STATE_ERROR;
2070:platform/HAL/src/stm32g4xx_hal_fdcan.c **** 
2071:platform/HAL/src/stm32g4xx_hal_fdcan.c ****         return HAL_ERROR;
2072:platform/HAL/src/stm32g4xx_hal_fdcan.c ****       }
2073:platform/HAL/src/stm32g4xx_hal_fdcan.c **** 
2074:platform/HAL/src/stm32g4xx_hal_fdcan.c ****       /* Increment counter */
2075:platform/HAL/src/stm32g4xx_hal_fdcan.c ****       Counter++;
2076:platform/HAL/src/stm32g4xx_hal_fdcan.c ****     }
2077:platform/HAL/src/stm32g4xx_hal_fdcan.c **** 
2078:platform/HAL/src/stm32g4xx_hal_fdcan.c ****     /* Enable configuration change */
2079:platform/HAL/src/stm32g4xx_hal_fdcan.c ****     SET_BIT(hfdcan->Instance->CCCR, FDCAN_CCCR_CCE);
2080:platform/HAL/src/stm32g4xx_hal_fdcan.c **** 
2081:platform/HAL/src/stm32g4xx_hal_fdcan.c ****     /* Reset Latest Tx FIFO/Queue Request Buffer Index */
2082:platform/HAL/src/stm32g4xx_hal_fdcan.c ****     hfdcan->LatestTxFifoQRequest = 0U;
ARM GAS  /tmp/cc2SU6oB.s 			page 38


2083:platform/HAL/src/stm32g4xx_hal_fdcan.c **** 
2084:platform/HAL/src/stm32g4xx_hal_fdcan.c ****     /* Change FDCAN peripheral state */
2085:platform/HAL/src/stm32g4xx_hal_fdcan.c ****     hfdcan->State = HAL_FDCAN_STATE_READY;
2086:platform/HAL/src/stm32g4xx_hal_fdcan.c **** 
2087:platform/HAL/src/stm32g4xx_hal_fdcan.c ****     /* Return function status */
2088:platform/HAL/src/stm32g4xx_hal_fdcan.c ****     return HAL_OK;
2089:platform/HAL/src/stm32g4xx_hal_fdcan.c ****   }
2090:platform/HAL/src/stm32g4xx_hal_fdcan.c ****   else
2091:platform/HAL/src/stm32g4xx_hal_fdcan.c ****   {
2092:platform/HAL/src/stm32g4xx_hal_fdcan.c ****     /* Update error code */
2093:platform/HAL/src/stm32g4xx_hal_fdcan.c ****     hfdcan->ErrorCode |= HAL_FDCAN_ERROR_NOT_STARTED;
2094:platform/HAL/src/stm32g4xx_hal_fdcan.c **** 
2095:platform/HAL/src/stm32g4xx_hal_fdcan.c ****     return HAL_ERROR;
2096:platform/HAL/src/stm32g4xx_hal_fdcan.c ****   }
2097:platform/HAL/src/stm32g4xx_hal_fdcan.c **** }
2098:platform/HAL/src/stm32g4xx_hal_fdcan.c **** 
2099:platform/HAL/src/stm32g4xx_hal_fdcan.c **** /**
2100:platform/HAL/src/stm32g4xx_hal_fdcan.c ****   * @brief  Add a message to the Tx FIFO/Queue and activate the corresponding transmission request
2101:platform/HAL/src/stm32g4xx_hal_fdcan.c ****   * @param  hfdcan pointer to an FDCAN_HandleTypeDef structure that contains
2102:platform/HAL/src/stm32g4xx_hal_fdcan.c ****   *         the configuration information for the specified FDCAN.
2103:platform/HAL/src/stm32g4xx_hal_fdcan.c ****   * @param  pTxHeader pointer to a FDCAN_TxHeaderTypeDef structure.
2104:platform/HAL/src/stm32g4xx_hal_fdcan.c ****   * @param  pTxData pointer to a buffer containing the payload of the Tx frame.
2105:platform/HAL/src/stm32g4xx_hal_fdcan.c ****   * @retval HAL status
2106:platform/HAL/src/stm32g4xx_hal_fdcan.c ****   */
2107:platform/HAL/src/stm32g4xx_hal_fdcan.c **** HAL_StatusTypeDef HAL_FDCAN_AddMessageToTxFifoQ(FDCAN_HandleTypeDef *hfdcan, const FDCAN_TxHeaderTy
2108:platform/HAL/src/stm32g4xx_hal_fdcan.c ****                                                 const uint8_t *pTxData)
2109:platform/HAL/src/stm32g4xx_hal_fdcan.c **** {
2110:platform/HAL/src/stm32g4xx_hal_fdcan.c ****   uint32_t PutIndex;
2111:platform/HAL/src/stm32g4xx_hal_fdcan.c **** 
2112:platform/HAL/src/stm32g4xx_hal_fdcan.c ****   /* Check function parameters */
2113:platform/HAL/src/stm32g4xx_hal_fdcan.c ****   assert_param(IS_FDCAN_ID_TYPE(pTxHeader->IdType));
2114:platform/HAL/src/stm32g4xx_hal_fdcan.c ****   if (pTxHeader->IdType == FDCAN_STANDARD_ID)
2115:platform/HAL/src/stm32g4xx_hal_fdcan.c ****   {
2116:platform/HAL/src/stm32g4xx_hal_fdcan.c ****     assert_param(IS_FDCAN_MAX_VALUE(pTxHeader->Identifier, 0x7FFU));
2117:platform/HAL/src/stm32g4xx_hal_fdcan.c ****   }
2118:platform/HAL/src/stm32g4xx_hal_fdcan.c ****   else /* pTxHeader->IdType == FDCAN_EXTENDED_ID */
2119:platform/HAL/src/stm32g4xx_hal_fdcan.c ****   {
2120:platform/HAL/src/stm32g4xx_hal_fdcan.c ****     assert_param(IS_FDCAN_MAX_VALUE(pTxHeader->Identifier, 0x1FFFFFFFU));
2121:platform/HAL/src/stm32g4xx_hal_fdcan.c ****   }
2122:platform/HAL/src/stm32g4xx_hal_fdcan.c ****   assert_param(IS_FDCAN_FRAME_TYPE(pTxHeader->TxFrameType));
2123:platform/HAL/src/stm32g4xx_hal_fdcan.c ****   assert_param(IS_FDCAN_DLC(pTxHeader->DataLength));
2124:platform/HAL/src/stm32g4xx_hal_fdcan.c ****   assert_param(IS_FDCAN_ESI(pTxHeader->ErrorStateIndicator));
2125:platform/HAL/src/stm32g4xx_hal_fdcan.c ****   assert_param(IS_FDCAN_BRS(pTxHeader->BitRateSwitch));
2126:platform/HAL/src/stm32g4xx_hal_fdcan.c ****   assert_param(IS_FDCAN_FDF(pTxHeader->FDFormat));
2127:platform/HAL/src/stm32g4xx_hal_fdcan.c ****   assert_param(IS_FDCAN_EFC(pTxHeader->TxEventFifoControl));
2128:platform/HAL/src/stm32g4xx_hal_fdcan.c ****   assert_param(IS_FDCAN_MAX_VALUE(pTxHeader->MessageMarker, 0xFFU));
2129:platform/HAL/src/stm32g4xx_hal_fdcan.c **** 
2130:platform/HAL/src/stm32g4xx_hal_fdcan.c ****   if (hfdcan->State == HAL_FDCAN_STATE_BUSY)
2131:platform/HAL/src/stm32g4xx_hal_fdcan.c ****   {
2132:platform/HAL/src/stm32g4xx_hal_fdcan.c ****     /* Check that the Tx FIFO/Queue is not full */
2133:platform/HAL/src/stm32g4xx_hal_fdcan.c ****     if ((hfdcan->Instance->TXFQS & FDCAN_TXFQS_TFQF) != 0U)
2134:platform/HAL/src/stm32g4xx_hal_fdcan.c ****     {
2135:platform/HAL/src/stm32g4xx_hal_fdcan.c ****       /* Update error code */
2136:platform/HAL/src/stm32g4xx_hal_fdcan.c ****       hfdcan->ErrorCode |= HAL_FDCAN_ERROR_FIFO_FULL;
2137:platform/HAL/src/stm32g4xx_hal_fdcan.c **** 
2138:platform/HAL/src/stm32g4xx_hal_fdcan.c ****       return HAL_ERROR;
2139:platform/HAL/src/stm32g4xx_hal_fdcan.c ****     }
ARM GAS  /tmp/cc2SU6oB.s 			page 39


2140:platform/HAL/src/stm32g4xx_hal_fdcan.c ****     else
2141:platform/HAL/src/stm32g4xx_hal_fdcan.c ****     {
2142:platform/HAL/src/stm32g4xx_hal_fdcan.c ****       /* Retrieve the Tx FIFO PutIndex */
2143:platform/HAL/src/stm32g4xx_hal_fdcan.c ****       PutIndex = ((hfdcan->Instance->TXFQS & FDCAN_TXFQS_TFQPI) >> FDCAN_TXFQS_TFQPI_Pos);
2144:platform/HAL/src/stm32g4xx_hal_fdcan.c **** 
2145:platform/HAL/src/stm32g4xx_hal_fdcan.c ****       /* Add the message to the Tx FIFO/Queue */
2146:platform/HAL/src/stm32g4xx_hal_fdcan.c ****       FDCAN_CopyMessageToRAM(hfdcan, pTxHeader, pTxData, PutIndex);
2147:platform/HAL/src/stm32g4xx_hal_fdcan.c **** 
2148:platform/HAL/src/stm32g4xx_hal_fdcan.c ****       /* Activate the corresponding transmission request */
2149:platform/HAL/src/stm32g4xx_hal_fdcan.c ****       hfdcan->Instance->TXBAR = ((uint32_t)1 << PutIndex);
2150:platform/HAL/src/stm32g4xx_hal_fdcan.c **** 
2151:platform/HAL/src/stm32g4xx_hal_fdcan.c ****       /* Store the Latest Tx FIFO/Queue Request Buffer Index */
2152:platform/HAL/src/stm32g4xx_hal_fdcan.c ****       hfdcan->LatestTxFifoQRequest = ((uint32_t)1 << PutIndex);
2153:platform/HAL/src/stm32g4xx_hal_fdcan.c ****     }
2154:platform/HAL/src/stm32g4xx_hal_fdcan.c **** 
2155:platform/HAL/src/stm32g4xx_hal_fdcan.c ****     /* Return function status */
2156:platform/HAL/src/stm32g4xx_hal_fdcan.c ****     return HAL_OK;
2157:platform/HAL/src/stm32g4xx_hal_fdcan.c ****   }
2158:platform/HAL/src/stm32g4xx_hal_fdcan.c ****   else
2159:platform/HAL/src/stm32g4xx_hal_fdcan.c ****   {
2160:platform/HAL/src/stm32g4xx_hal_fdcan.c ****     /* Update error code */
2161:platform/HAL/src/stm32g4xx_hal_fdcan.c ****     hfdcan->ErrorCode |= HAL_FDCAN_ERROR_NOT_STARTED;
2162:platform/HAL/src/stm32g4xx_hal_fdcan.c **** 
2163:platform/HAL/src/stm32g4xx_hal_fdcan.c ****     return HAL_ERROR;
2164:platform/HAL/src/stm32g4xx_hal_fdcan.c ****   }
2165:platform/HAL/src/stm32g4xx_hal_fdcan.c **** }
2166:platform/HAL/src/stm32g4xx_hal_fdcan.c **** 
2167:platform/HAL/src/stm32g4xx_hal_fdcan.c **** /**
2168:platform/HAL/src/stm32g4xx_hal_fdcan.c ****   * @brief  Get Tx buffer index of latest Tx FIFO/Queue request
2169:platform/HAL/src/stm32g4xx_hal_fdcan.c ****   * @param  hfdcan pointer to an FDCAN_HandleTypeDef structure that contains
2170:platform/HAL/src/stm32g4xx_hal_fdcan.c ****   *         the configuration information for the specified FDCAN.
2171:platform/HAL/src/stm32g4xx_hal_fdcan.c ****   * @retval Tx buffer index of last Tx FIFO/Queue request
2172:platform/HAL/src/stm32g4xx_hal_fdcan.c ****   *          - Any value of @arg FDCAN_Tx_location if Tx request has been submitted.
2173:platform/HAL/src/stm32g4xx_hal_fdcan.c ****   *          - 0 if no Tx FIFO/Queue request have been submitted.
2174:platform/HAL/src/stm32g4xx_hal_fdcan.c ****   */
2175:platform/HAL/src/stm32g4xx_hal_fdcan.c **** uint32_t HAL_FDCAN_GetLatestTxFifoQRequestBuffer(const FDCAN_HandleTypeDef *hfdcan)
2176:platform/HAL/src/stm32g4xx_hal_fdcan.c **** {
2177:platform/HAL/src/stm32g4xx_hal_fdcan.c ****   /* Return Last Tx FIFO/Queue Request Buffer */
2178:platform/HAL/src/stm32g4xx_hal_fdcan.c ****   return hfdcan->LatestTxFifoQRequest;
2179:platform/HAL/src/stm32g4xx_hal_fdcan.c **** }
2180:platform/HAL/src/stm32g4xx_hal_fdcan.c **** 
2181:platform/HAL/src/stm32g4xx_hal_fdcan.c **** /**
2182:platform/HAL/src/stm32g4xx_hal_fdcan.c ****   * @brief  Abort transmission request
2183:platform/HAL/src/stm32g4xx_hal_fdcan.c ****   * @param  hfdcan pointer to an FDCAN_HandleTypeDef structure that contains
2184:platform/HAL/src/stm32g4xx_hal_fdcan.c ****   *         the configuration information for the specified FDCAN.
2185:platform/HAL/src/stm32g4xx_hal_fdcan.c ****   * @param  BufferIndex buffer index.
2186:platform/HAL/src/stm32g4xx_hal_fdcan.c ****   *         This parameter can be any combination of @arg FDCAN_Tx_location.
2187:platform/HAL/src/stm32g4xx_hal_fdcan.c ****   * @retval HAL status
2188:platform/HAL/src/stm32g4xx_hal_fdcan.c ****   */
2189:platform/HAL/src/stm32g4xx_hal_fdcan.c **** HAL_StatusTypeDef HAL_FDCAN_AbortTxRequest(FDCAN_HandleTypeDef *hfdcan, uint32_t BufferIndex)
2190:platform/HAL/src/stm32g4xx_hal_fdcan.c **** {
2191:platform/HAL/src/stm32g4xx_hal_fdcan.c ****   /* Check function parameters */
2192:platform/HAL/src/stm32g4xx_hal_fdcan.c ****   assert_param(IS_FDCAN_TX_LOCATION_LIST(BufferIndex));
2193:platform/HAL/src/stm32g4xx_hal_fdcan.c **** 
2194:platform/HAL/src/stm32g4xx_hal_fdcan.c ****   if (hfdcan->State == HAL_FDCAN_STATE_BUSY)
2195:platform/HAL/src/stm32g4xx_hal_fdcan.c ****   {
2196:platform/HAL/src/stm32g4xx_hal_fdcan.c ****     /* Add cancellation request */
ARM GAS  /tmp/cc2SU6oB.s 			page 40


2197:platform/HAL/src/stm32g4xx_hal_fdcan.c ****     hfdcan->Instance->TXBCR = BufferIndex;
2198:platform/HAL/src/stm32g4xx_hal_fdcan.c **** 
2199:platform/HAL/src/stm32g4xx_hal_fdcan.c ****     /* Return function status */
2200:platform/HAL/src/stm32g4xx_hal_fdcan.c ****     return HAL_OK;
2201:platform/HAL/src/stm32g4xx_hal_fdcan.c ****   }
2202:platform/HAL/src/stm32g4xx_hal_fdcan.c ****   else
2203:platform/HAL/src/stm32g4xx_hal_fdcan.c ****   {
2204:platform/HAL/src/stm32g4xx_hal_fdcan.c ****     /* Update error code */
2205:platform/HAL/src/stm32g4xx_hal_fdcan.c ****     hfdcan->ErrorCode |= HAL_FDCAN_ERROR_NOT_STARTED;
2206:platform/HAL/src/stm32g4xx_hal_fdcan.c **** 
2207:platform/HAL/src/stm32g4xx_hal_fdcan.c ****     return HAL_ERROR;
2208:platform/HAL/src/stm32g4xx_hal_fdcan.c ****   }
2209:platform/HAL/src/stm32g4xx_hal_fdcan.c **** }
2210:platform/HAL/src/stm32g4xx_hal_fdcan.c **** 
2211:platform/HAL/src/stm32g4xx_hal_fdcan.c **** /**
2212:platform/HAL/src/stm32g4xx_hal_fdcan.c ****   * @brief  Get an FDCAN frame from the Rx FIFO zone into the message RAM.
2213:platform/HAL/src/stm32g4xx_hal_fdcan.c ****   * @param  hfdcan pointer to an FDCAN_HandleTypeDef structure that contains
2214:platform/HAL/src/stm32g4xx_hal_fdcan.c ****   *         the configuration information for the specified FDCAN.
2215:platform/HAL/src/stm32g4xx_hal_fdcan.c ****   * @param  RxLocation Location of the received message to be read.
2216:platform/HAL/src/stm32g4xx_hal_fdcan.c ****   *         This parameter can be a value of @arg FDCAN_Rx_location.
2217:platform/HAL/src/stm32g4xx_hal_fdcan.c ****   * @param  pRxHeader pointer to a FDCAN_RxHeaderTypeDef structure.
2218:platform/HAL/src/stm32g4xx_hal_fdcan.c ****   * @param  pRxData pointer to a buffer where the payload of the Rx frame will be stored.
2219:platform/HAL/src/stm32g4xx_hal_fdcan.c ****   * @retval HAL status
2220:platform/HAL/src/stm32g4xx_hal_fdcan.c ****   */
2221:platform/HAL/src/stm32g4xx_hal_fdcan.c **** HAL_StatusTypeDef HAL_FDCAN_GetRxMessage(FDCAN_HandleTypeDef *hfdcan, uint32_t RxLocation,
2222:platform/HAL/src/stm32g4xx_hal_fdcan.c ****                                          FDCAN_RxHeaderTypeDef *pRxHeader, uint8_t *pRxData)
2223:platform/HAL/src/stm32g4xx_hal_fdcan.c **** {
2224:platform/HAL/src/stm32g4xx_hal_fdcan.c ****   uint32_t *RxAddress;
2225:platform/HAL/src/stm32g4xx_hal_fdcan.c ****   uint8_t  *pData;
2226:platform/HAL/src/stm32g4xx_hal_fdcan.c ****   uint32_t ByteCounter;
2227:platform/HAL/src/stm32g4xx_hal_fdcan.c ****   uint32_t GetIndex = 0;
2228:platform/HAL/src/stm32g4xx_hal_fdcan.c ****   HAL_FDCAN_StateTypeDef state = hfdcan->State;
2229:platform/HAL/src/stm32g4xx_hal_fdcan.c **** 
2230:platform/HAL/src/stm32g4xx_hal_fdcan.c ****   /* Check function parameters */
2231:platform/HAL/src/stm32g4xx_hal_fdcan.c ****   assert_param(IS_FDCAN_RX_FIFO(RxLocation));
2232:platform/HAL/src/stm32g4xx_hal_fdcan.c **** 
2233:platform/HAL/src/stm32g4xx_hal_fdcan.c ****   if (state == HAL_FDCAN_STATE_BUSY)
2234:platform/HAL/src/stm32g4xx_hal_fdcan.c ****   {
2235:platform/HAL/src/stm32g4xx_hal_fdcan.c ****     if (RxLocation == FDCAN_RX_FIFO0) /* Rx element is assigned to the Rx FIFO 0 */
2236:platform/HAL/src/stm32g4xx_hal_fdcan.c ****     {
2237:platform/HAL/src/stm32g4xx_hal_fdcan.c ****       /* Check that the Rx FIFO 0 is not empty */
2238:platform/HAL/src/stm32g4xx_hal_fdcan.c ****       if ((hfdcan->Instance->RXF0S & FDCAN_RXF0S_F0FL) == 0U)
2239:platform/HAL/src/stm32g4xx_hal_fdcan.c ****       {
2240:platform/HAL/src/stm32g4xx_hal_fdcan.c ****         /* Update error code */
2241:platform/HAL/src/stm32g4xx_hal_fdcan.c ****         hfdcan->ErrorCode |= HAL_FDCAN_ERROR_FIFO_EMPTY;
2242:platform/HAL/src/stm32g4xx_hal_fdcan.c **** 
2243:platform/HAL/src/stm32g4xx_hal_fdcan.c ****         return HAL_ERROR;
2244:platform/HAL/src/stm32g4xx_hal_fdcan.c ****       }
2245:platform/HAL/src/stm32g4xx_hal_fdcan.c ****       else
2246:platform/HAL/src/stm32g4xx_hal_fdcan.c ****       {
2247:platform/HAL/src/stm32g4xx_hal_fdcan.c ****         /* Check that the Rx FIFO 0 is full & overwrite mode is on */
2248:platform/HAL/src/stm32g4xx_hal_fdcan.c ****         if (((hfdcan->Instance->RXF0S & FDCAN_RXF0S_F0F) >> FDCAN_RXF0S_F0F_Pos) == 1U)
2249:platform/HAL/src/stm32g4xx_hal_fdcan.c ****         {
2250:platform/HAL/src/stm32g4xx_hal_fdcan.c ****           if (((hfdcan->Instance->RXGFC & FDCAN_RXGFC_F0OM) >> FDCAN_RXGFC_F0OM_Pos) == FDCAN_RX_FI
2251:platform/HAL/src/stm32g4xx_hal_fdcan.c ****           {
2252:platform/HAL/src/stm32g4xx_hal_fdcan.c ****             /* When overwrite status is on discard first message in FIFO */
2253:platform/HAL/src/stm32g4xx_hal_fdcan.c ****             GetIndex = 1U;
ARM GAS  /tmp/cc2SU6oB.s 			page 41


2254:platform/HAL/src/stm32g4xx_hal_fdcan.c ****           }
2255:platform/HAL/src/stm32g4xx_hal_fdcan.c ****         }
2256:platform/HAL/src/stm32g4xx_hal_fdcan.c **** 
2257:platform/HAL/src/stm32g4xx_hal_fdcan.c ****         /* Calculate Rx FIFO 0 element index */
2258:platform/HAL/src/stm32g4xx_hal_fdcan.c ****         GetIndex += ((hfdcan->Instance->RXF0S & FDCAN_RXF0S_F0GI) >> FDCAN_RXF0S_F0GI_Pos);
2259:platform/HAL/src/stm32g4xx_hal_fdcan.c **** 
2260:platform/HAL/src/stm32g4xx_hal_fdcan.c ****         /* Calculate Rx FIFO 0 element address */
2261:platform/HAL/src/stm32g4xx_hal_fdcan.c ****         RxAddress = (uint32_t *)(hfdcan->msgRam.RxFIFO0SA + (GetIndex * SRAMCAN_RF0_SIZE));
2262:platform/HAL/src/stm32g4xx_hal_fdcan.c ****       }
2263:platform/HAL/src/stm32g4xx_hal_fdcan.c ****     }
2264:platform/HAL/src/stm32g4xx_hal_fdcan.c ****     else /* Rx element is assigned to the Rx FIFO 1 */
2265:platform/HAL/src/stm32g4xx_hal_fdcan.c ****     {
2266:platform/HAL/src/stm32g4xx_hal_fdcan.c ****       /* Check that the Rx FIFO 1 is not empty */
2267:platform/HAL/src/stm32g4xx_hal_fdcan.c ****       if ((hfdcan->Instance->RXF1S & FDCAN_RXF1S_F1FL) == 0U)
2268:platform/HAL/src/stm32g4xx_hal_fdcan.c ****       {
2269:platform/HAL/src/stm32g4xx_hal_fdcan.c ****         /* Update error code */
2270:platform/HAL/src/stm32g4xx_hal_fdcan.c ****         hfdcan->ErrorCode |= HAL_FDCAN_ERROR_FIFO_EMPTY;
2271:platform/HAL/src/stm32g4xx_hal_fdcan.c **** 
2272:platform/HAL/src/stm32g4xx_hal_fdcan.c ****         return HAL_ERROR;
2273:platform/HAL/src/stm32g4xx_hal_fdcan.c ****       }
2274:platform/HAL/src/stm32g4xx_hal_fdcan.c ****       else
2275:platform/HAL/src/stm32g4xx_hal_fdcan.c ****       {
2276:platform/HAL/src/stm32g4xx_hal_fdcan.c ****         /* Check that the Rx FIFO 1 is full & overwrite mode is on */
2277:platform/HAL/src/stm32g4xx_hal_fdcan.c ****         if (((hfdcan->Instance->RXF1S & FDCAN_RXF1S_F1F) >> FDCAN_RXF1S_F1F_Pos) == 1U)
2278:platform/HAL/src/stm32g4xx_hal_fdcan.c ****         {
2279:platform/HAL/src/stm32g4xx_hal_fdcan.c ****           if (((hfdcan->Instance->RXGFC & FDCAN_RXGFC_F1OM) >> FDCAN_RXGFC_F1OM_Pos) == FDCAN_RX_FI
2280:platform/HAL/src/stm32g4xx_hal_fdcan.c ****           {
2281:platform/HAL/src/stm32g4xx_hal_fdcan.c ****             /* When overwrite status is on discard first message in FIFO */
2282:platform/HAL/src/stm32g4xx_hal_fdcan.c ****             GetIndex = 1U;
2283:platform/HAL/src/stm32g4xx_hal_fdcan.c ****           }
2284:platform/HAL/src/stm32g4xx_hal_fdcan.c ****         }
2285:platform/HAL/src/stm32g4xx_hal_fdcan.c **** 
2286:platform/HAL/src/stm32g4xx_hal_fdcan.c ****         /* Calculate Rx FIFO 1 element index */
2287:platform/HAL/src/stm32g4xx_hal_fdcan.c ****         GetIndex += ((hfdcan->Instance->RXF1S & FDCAN_RXF1S_F1GI) >> FDCAN_RXF1S_F1GI_Pos);
2288:platform/HAL/src/stm32g4xx_hal_fdcan.c ****         /* Calculate Rx FIFO 1 element address */
2289:platform/HAL/src/stm32g4xx_hal_fdcan.c ****         RxAddress = (uint32_t *)(hfdcan->msgRam.RxFIFO1SA + (GetIndex * SRAMCAN_RF1_SIZE));
2290:platform/HAL/src/stm32g4xx_hal_fdcan.c ****       }
2291:platform/HAL/src/stm32g4xx_hal_fdcan.c ****     }
2292:platform/HAL/src/stm32g4xx_hal_fdcan.c **** 
2293:platform/HAL/src/stm32g4xx_hal_fdcan.c ****     /* Retrieve IdType */
2294:platform/HAL/src/stm32g4xx_hal_fdcan.c ****     pRxHeader->IdType = *RxAddress & FDCAN_ELEMENT_MASK_XTD;
2295:platform/HAL/src/stm32g4xx_hal_fdcan.c **** 
2296:platform/HAL/src/stm32g4xx_hal_fdcan.c ****     /* Retrieve Identifier */
2297:platform/HAL/src/stm32g4xx_hal_fdcan.c ****     if (pRxHeader->IdType == FDCAN_STANDARD_ID) /* Standard ID element */
2298:platform/HAL/src/stm32g4xx_hal_fdcan.c ****     {
2299:platform/HAL/src/stm32g4xx_hal_fdcan.c ****       pRxHeader->Identifier = ((*RxAddress & FDCAN_ELEMENT_MASK_STDID) >> 18U);
2300:platform/HAL/src/stm32g4xx_hal_fdcan.c ****     }
2301:platform/HAL/src/stm32g4xx_hal_fdcan.c ****     else /* Extended ID element */
2302:platform/HAL/src/stm32g4xx_hal_fdcan.c ****     {
2303:platform/HAL/src/stm32g4xx_hal_fdcan.c ****       pRxHeader->Identifier = (*RxAddress & FDCAN_ELEMENT_MASK_EXTID);
2304:platform/HAL/src/stm32g4xx_hal_fdcan.c ****     }
2305:platform/HAL/src/stm32g4xx_hal_fdcan.c **** 
2306:platform/HAL/src/stm32g4xx_hal_fdcan.c ****     /* Retrieve RxFrameType */
2307:platform/HAL/src/stm32g4xx_hal_fdcan.c ****     pRxHeader->RxFrameType = (*RxAddress & FDCAN_ELEMENT_MASK_RTR);
2308:platform/HAL/src/stm32g4xx_hal_fdcan.c **** 
2309:platform/HAL/src/stm32g4xx_hal_fdcan.c ****     /* Retrieve ErrorStateIndicator */
2310:platform/HAL/src/stm32g4xx_hal_fdcan.c ****     pRxHeader->ErrorStateIndicator = (*RxAddress & FDCAN_ELEMENT_MASK_ESI);
ARM GAS  /tmp/cc2SU6oB.s 			page 42


2311:platform/HAL/src/stm32g4xx_hal_fdcan.c **** 
2312:platform/HAL/src/stm32g4xx_hal_fdcan.c ****     /* Increment RxAddress pointer to second word of Rx FIFO element */
2313:platform/HAL/src/stm32g4xx_hal_fdcan.c ****     RxAddress++;
2314:platform/HAL/src/stm32g4xx_hal_fdcan.c **** 
2315:platform/HAL/src/stm32g4xx_hal_fdcan.c ****     /* Retrieve RxTimestamp */
2316:platform/HAL/src/stm32g4xx_hal_fdcan.c ****     pRxHeader->RxTimestamp = (*RxAddress & FDCAN_ELEMENT_MASK_TS);
2317:platform/HAL/src/stm32g4xx_hal_fdcan.c **** 
2318:platform/HAL/src/stm32g4xx_hal_fdcan.c ****     /* Retrieve DataLength */
2319:platform/HAL/src/stm32g4xx_hal_fdcan.c ****     pRxHeader->DataLength = ((*RxAddress & FDCAN_ELEMENT_MASK_DLC) >> 16U);
2320:platform/HAL/src/stm32g4xx_hal_fdcan.c **** 
2321:platform/HAL/src/stm32g4xx_hal_fdcan.c ****     /* Retrieve BitRateSwitch */
2322:platform/HAL/src/stm32g4xx_hal_fdcan.c ****     pRxHeader->BitRateSwitch = (*RxAddress & FDCAN_ELEMENT_MASK_BRS);
2323:platform/HAL/src/stm32g4xx_hal_fdcan.c **** 
2324:platform/HAL/src/stm32g4xx_hal_fdcan.c ****     /* Retrieve FDFormat */
2325:platform/HAL/src/stm32g4xx_hal_fdcan.c ****     pRxHeader->FDFormat = (*RxAddress & FDCAN_ELEMENT_MASK_FDF);
2326:platform/HAL/src/stm32g4xx_hal_fdcan.c **** 
2327:platform/HAL/src/stm32g4xx_hal_fdcan.c ****     /* Retrieve FilterIndex */
2328:platform/HAL/src/stm32g4xx_hal_fdcan.c ****     pRxHeader->FilterIndex = ((*RxAddress & FDCAN_ELEMENT_MASK_FIDX) >> 24U);
2329:platform/HAL/src/stm32g4xx_hal_fdcan.c **** 
2330:platform/HAL/src/stm32g4xx_hal_fdcan.c ****     /* Retrieve NonMatchingFrame */
2331:platform/HAL/src/stm32g4xx_hal_fdcan.c ****     pRxHeader->IsFilterMatchingFrame = ((*RxAddress & FDCAN_ELEMENT_MASK_ANMF) >> 31U);
2332:platform/HAL/src/stm32g4xx_hal_fdcan.c **** 
2333:platform/HAL/src/stm32g4xx_hal_fdcan.c ****     /* Increment RxAddress pointer to payload of Rx FIFO element */
2334:platform/HAL/src/stm32g4xx_hal_fdcan.c ****     RxAddress++;
2335:platform/HAL/src/stm32g4xx_hal_fdcan.c **** 
2336:platform/HAL/src/stm32g4xx_hal_fdcan.c ****     /* Retrieve Rx payload */
2337:platform/HAL/src/stm32g4xx_hal_fdcan.c ****     pData = (uint8_t *)RxAddress;
2338:platform/HAL/src/stm32g4xx_hal_fdcan.c ****     for (ByteCounter = 0; ByteCounter < DLCtoBytes[pRxHeader->DataLength]; ByteCounter++)
2339:platform/HAL/src/stm32g4xx_hal_fdcan.c ****     {
2340:platform/HAL/src/stm32g4xx_hal_fdcan.c ****       pRxData[ByteCounter] = pData[ByteCounter];
2341:platform/HAL/src/stm32g4xx_hal_fdcan.c ****     }
2342:platform/HAL/src/stm32g4xx_hal_fdcan.c **** 
2343:platform/HAL/src/stm32g4xx_hal_fdcan.c ****     if (RxLocation == FDCAN_RX_FIFO0) /* Rx element is assigned to the Rx FIFO 0 */
2344:platform/HAL/src/stm32g4xx_hal_fdcan.c ****     {
2345:platform/HAL/src/stm32g4xx_hal_fdcan.c ****       /* Acknowledge the Rx FIFO 0 that the oldest element is read so that it increments the GetInd
2346:platform/HAL/src/stm32g4xx_hal_fdcan.c ****       hfdcan->Instance->RXF0A = GetIndex;
2347:platform/HAL/src/stm32g4xx_hal_fdcan.c ****     }
2348:platform/HAL/src/stm32g4xx_hal_fdcan.c ****     else /* Rx element is assigned to the Rx FIFO 1 */
2349:platform/HAL/src/stm32g4xx_hal_fdcan.c ****     {
2350:platform/HAL/src/stm32g4xx_hal_fdcan.c ****       /* Acknowledge the Rx FIFO 1 that the oldest element is read so that it increments the GetInd
2351:platform/HAL/src/stm32g4xx_hal_fdcan.c ****       hfdcan->Instance->RXF1A = GetIndex;
2352:platform/HAL/src/stm32g4xx_hal_fdcan.c ****     }
2353:platform/HAL/src/stm32g4xx_hal_fdcan.c **** 
2354:platform/HAL/src/stm32g4xx_hal_fdcan.c ****     /* Return function status */
2355:platform/HAL/src/stm32g4xx_hal_fdcan.c ****     return HAL_OK;
2356:platform/HAL/src/stm32g4xx_hal_fdcan.c ****   }
2357:platform/HAL/src/stm32g4xx_hal_fdcan.c ****   else
2358:platform/HAL/src/stm32g4xx_hal_fdcan.c ****   {
2359:platform/HAL/src/stm32g4xx_hal_fdcan.c ****     /* Update error code */
2360:platform/HAL/src/stm32g4xx_hal_fdcan.c ****     hfdcan->ErrorCode |= HAL_FDCAN_ERROR_NOT_STARTED;
2361:platform/HAL/src/stm32g4xx_hal_fdcan.c **** 
2362:platform/HAL/src/stm32g4xx_hal_fdcan.c ****     return HAL_ERROR;
2363:platform/HAL/src/stm32g4xx_hal_fdcan.c ****   }
2364:platform/HAL/src/stm32g4xx_hal_fdcan.c **** }
2365:platform/HAL/src/stm32g4xx_hal_fdcan.c **** 
2366:platform/HAL/src/stm32g4xx_hal_fdcan.c **** /**
2367:platform/HAL/src/stm32g4xx_hal_fdcan.c ****   * @brief  Get an FDCAN Tx event from the Tx Event FIFO zone into the message RAM.
ARM GAS  /tmp/cc2SU6oB.s 			page 43


2368:platform/HAL/src/stm32g4xx_hal_fdcan.c ****   * @param  hfdcan pointer to an FDCAN_HandleTypeDef structure that contains
2369:platform/HAL/src/stm32g4xx_hal_fdcan.c ****   *         the configuration information for the specified FDCAN.
2370:platform/HAL/src/stm32g4xx_hal_fdcan.c ****   * @param  pTxEvent pointer to a FDCAN_TxEventFifoTypeDef structure.
2371:platform/HAL/src/stm32g4xx_hal_fdcan.c ****   * @retval HAL status
2372:platform/HAL/src/stm32g4xx_hal_fdcan.c ****   */
2373:platform/HAL/src/stm32g4xx_hal_fdcan.c **** HAL_StatusTypeDef HAL_FDCAN_GetTxEvent(FDCAN_HandleTypeDef *hfdcan, FDCAN_TxEventFifoTypeDef *pTxEv
2374:platform/HAL/src/stm32g4xx_hal_fdcan.c **** {
2375:platform/HAL/src/stm32g4xx_hal_fdcan.c ****   uint32_t *TxEventAddress;
2376:platform/HAL/src/stm32g4xx_hal_fdcan.c ****   uint32_t GetIndex;
2377:platform/HAL/src/stm32g4xx_hal_fdcan.c ****   HAL_FDCAN_StateTypeDef state = hfdcan->State;
2378:platform/HAL/src/stm32g4xx_hal_fdcan.c **** 
2379:platform/HAL/src/stm32g4xx_hal_fdcan.c ****   if (state == HAL_FDCAN_STATE_BUSY)
2380:platform/HAL/src/stm32g4xx_hal_fdcan.c ****   {
2381:platform/HAL/src/stm32g4xx_hal_fdcan.c ****     /* Check that the Tx event FIFO is not empty */
2382:platform/HAL/src/stm32g4xx_hal_fdcan.c ****     if ((hfdcan->Instance->TXEFS & FDCAN_TXEFS_EFFL) == 0U)
2383:platform/HAL/src/stm32g4xx_hal_fdcan.c ****     {
2384:platform/HAL/src/stm32g4xx_hal_fdcan.c ****       /* Update error code */
2385:platform/HAL/src/stm32g4xx_hal_fdcan.c ****       hfdcan->ErrorCode |= HAL_FDCAN_ERROR_FIFO_EMPTY;
2386:platform/HAL/src/stm32g4xx_hal_fdcan.c **** 
2387:platform/HAL/src/stm32g4xx_hal_fdcan.c ****       return HAL_ERROR;
2388:platform/HAL/src/stm32g4xx_hal_fdcan.c ****     }
2389:platform/HAL/src/stm32g4xx_hal_fdcan.c **** 
2390:platform/HAL/src/stm32g4xx_hal_fdcan.c ****     /* Calculate Tx event FIFO element address */
2391:platform/HAL/src/stm32g4xx_hal_fdcan.c ****     GetIndex = ((hfdcan->Instance->TXEFS & FDCAN_TXEFS_EFGI) >> FDCAN_TXEFS_EFGI_Pos);
2392:platform/HAL/src/stm32g4xx_hal_fdcan.c ****     TxEventAddress = (uint32_t *)(hfdcan->msgRam.TxEventFIFOSA + (GetIndex * SRAMCAN_TEF_SIZE));
2393:platform/HAL/src/stm32g4xx_hal_fdcan.c **** 
2394:platform/HAL/src/stm32g4xx_hal_fdcan.c ****     /* Retrieve IdType */
2395:platform/HAL/src/stm32g4xx_hal_fdcan.c ****     pTxEvent->IdType = *TxEventAddress & FDCAN_ELEMENT_MASK_XTD;
2396:platform/HAL/src/stm32g4xx_hal_fdcan.c **** 
2397:platform/HAL/src/stm32g4xx_hal_fdcan.c ****     /* Retrieve Identifier */
2398:platform/HAL/src/stm32g4xx_hal_fdcan.c ****     if (pTxEvent->IdType == FDCAN_STANDARD_ID) /* Standard ID element */
2399:platform/HAL/src/stm32g4xx_hal_fdcan.c ****     {
2400:platform/HAL/src/stm32g4xx_hal_fdcan.c ****       pTxEvent->Identifier = ((*TxEventAddress & FDCAN_ELEMENT_MASK_STDID) >> 18U);
2401:platform/HAL/src/stm32g4xx_hal_fdcan.c ****     }
2402:platform/HAL/src/stm32g4xx_hal_fdcan.c ****     else /* Extended ID element */
2403:platform/HAL/src/stm32g4xx_hal_fdcan.c ****     {
2404:platform/HAL/src/stm32g4xx_hal_fdcan.c ****       pTxEvent->Identifier = (*TxEventAddress & FDCAN_ELEMENT_MASK_EXTID);
2405:platform/HAL/src/stm32g4xx_hal_fdcan.c ****     }
2406:platform/HAL/src/stm32g4xx_hal_fdcan.c **** 
2407:platform/HAL/src/stm32g4xx_hal_fdcan.c ****     /* Retrieve TxFrameType */
2408:platform/HAL/src/stm32g4xx_hal_fdcan.c ****     pTxEvent->TxFrameType = (*TxEventAddress & FDCAN_ELEMENT_MASK_RTR);
2409:platform/HAL/src/stm32g4xx_hal_fdcan.c **** 
2410:platform/HAL/src/stm32g4xx_hal_fdcan.c ****     /* Retrieve ErrorStateIndicator */
2411:platform/HAL/src/stm32g4xx_hal_fdcan.c ****     pTxEvent->ErrorStateIndicator = (*TxEventAddress & FDCAN_ELEMENT_MASK_ESI);
2412:platform/HAL/src/stm32g4xx_hal_fdcan.c **** 
2413:platform/HAL/src/stm32g4xx_hal_fdcan.c ****     /* Increment TxEventAddress pointer to second word of Tx Event FIFO element */
2414:platform/HAL/src/stm32g4xx_hal_fdcan.c ****     TxEventAddress++;
2415:platform/HAL/src/stm32g4xx_hal_fdcan.c **** 
2416:platform/HAL/src/stm32g4xx_hal_fdcan.c ****     /* Retrieve TxTimestamp */
2417:platform/HAL/src/stm32g4xx_hal_fdcan.c ****     pTxEvent->TxTimestamp = (*TxEventAddress & FDCAN_ELEMENT_MASK_TS);
2418:platform/HAL/src/stm32g4xx_hal_fdcan.c **** 
2419:platform/HAL/src/stm32g4xx_hal_fdcan.c ****     /* Retrieve DataLength */
2420:platform/HAL/src/stm32g4xx_hal_fdcan.c ****     pTxEvent->DataLength = ((*TxEventAddress & FDCAN_ELEMENT_MASK_DLC) >> 16U);
2421:platform/HAL/src/stm32g4xx_hal_fdcan.c **** 
2422:platform/HAL/src/stm32g4xx_hal_fdcan.c ****     /* Retrieve BitRateSwitch */
2423:platform/HAL/src/stm32g4xx_hal_fdcan.c ****     pTxEvent->BitRateSwitch = (*TxEventAddress & FDCAN_ELEMENT_MASK_BRS);
2424:platform/HAL/src/stm32g4xx_hal_fdcan.c **** 
ARM GAS  /tmp/cc2SU6oB.s 			page 44


2425:platform/HAL/src/stm32g4xx_hal_fdcan.c ****     /* Retrieve FDFormat */
2426:platform/HAL/src/stm32g4xx_hal_fdcan.c ****     pTxEvent->FDFormat = (*TxEventAddress & FDCAN_ELEMENT_MASK_FDF);
2427:platform/HAL/src/stm32g4xx_hal_fdcan.c **** 
2428:platform/HAL/src/stm32g4xx_hal_fdcan.c ****     /* Retrieve EventType */
2429:platform/HAL/src/stm32g4xx_hal_fdcan.c ****     pTxEvent->EventType = (*TxEventAddress & FDCAN_ELEMENT_MASK_ET);
2430:platform/HAL/src/stm32g4xx_hal_fdcan.c **** 
2431:platform/HAL/src/stm32g4xx_hal_fdcan.c ****     /* Retrieve MessageMarker */
2432:platform/HAL/src/stm32g4xx_hal_fdcan.c ****     pTxEvent->MessageMarker = ((*TxEventAddress & FDCAN_ELEMENT_MASK_MM) >> 24U);
2433:platform/HAL/src/stm32g4xx_hal_fdcan.c **** 
2434:platform/HAL/src/stm32g4xx_hal_fdcan.c ****     /* Acknowledge the Tx Event FIFO that the oldest element is read so that it increments the GetI
2435:platform/HAL/src/stm32g4xx_hal_fdcan.c ****     hfdcan->Instance->TXEFA = GetIndex;
2436:platform/HAL/src/stm32g4xx_hal_fdcan.c **** 
2437:platform/HAL/src/stm32g4xx_hal_fdcan.c ****     /* Return function status */
2438:platform/HAL/src/stm32g4xx_hal_fdcan.c ****     return HAL_OK;
2439:platform/HAL/src/stm32g4xx_hal_fdcan.c ****   }
2440:platform/HAL/src/stm32g4xx_hal_fdcan.c ****   else
2441:platform/HAL/src/stm32g4xx_hal_fdcan.c ****   {
2442:platform/HAL/src/stm32g4xx_hal_fdcan.c ****     /* Update error code */
2443:platform/HAL/src/stm32g4xx_hal_fdcan.c ****     hfdcan->ErrorCode |= HAL_FDCAN_ERROR_NOT_STARTED;
2444:platform/HAL/src/stm32g4xx_hal_fdcan.c **** 
2445:platform/HAL/src/stm32g4xx_hal_fdcan.c ****     return HAL_ERROR;
2446:platform/HAL/src/stm32g4xx_hal_fdcan.c ****   }
2447:platform/HAL/src/stm32g4xx_hal_fdcan.c **** }
2448:platform/HAL/src/stm32g4xx_hal_fdcan.c **** 
2449:platform/HAL/src/stm32g4xx_hal_fdcan.c **** /**
2450:platform/HAL/src/stm32g4xx_hal_fdcan.c ****   * @brief  Get high priority message status.
2451:platform/HAL/src/stm32g4xx_hal_fdcan.c ****   * @param  hfdcan pointer to an FDCAN_HandleTypeDef structure that contains
2452:platform/HAL/src/stm32g4xx_hal_fdcan.c ****   *         the configuration information for the specified FDCAN.
2453:platform/HAL/src/stm32g4xx_hal_fdcan.c ****   * @param  HpMsgStatus pointer to an FDCAN_HpMsgStatusTypeDef structure.
2454:platform/HAL/src/stm32g4xx_hal_fdcan.c ****   * @retval HAL status
2455:platform/HAL/src/stm32g4xx_hal_fdcan.c ****   */
2456:platform/HAL/src/stm32g4xx_hal_fdcan.c **** HAL_StatusTypeDef HAL_FDCAN_GetHighPriorityMessageStatus(const FDCAN_HandleTypeDef *hfdcan,
2457:platform/HAL/src/stm32g4xx_hal_fdcan.c ****                                                          FDCAN_HpMsgStatusTypeDef *HpMsgStatus)
2458:platform/HAL/src/stm32g4xx_hal_fdcan.c **** {
2459:platform/HAL/src/stm32g4xx_hal_fdcan.c ****   HpMsgStatus->FilterList = ((hfdcan->Instance->HPMS & FDCAN_HPMS_FLST) >> FDCAN_HPMS_FLST_Pos);
2460:platform/HAL/src/stm32g4xx_hal_fdcan.c ****   HpMsgStatus->FilterIndex = ((hfdcan->Instance->HPMS & FDCAN_HPMS_FIDX) >> FDCAN_HPMS_FIDX_Pos);
2461:platform/HAL/src/stm32g4xx_hal_fdcan.c ****   HpMsgStatus->MessageStorage = (hfdcan->Instance->HPMS & FDCAN_HPMS_MSI);
2462:platform/HAL/src/stm32g4xx_hal_fdcan.c ****   HpMsgStatus->MessageIndex = (hfdcan->Instance->HPMS & FDCAN_HPMS_BIDX);
2463:platform/HAL/src/stm32g4xx_hal_fdcan.c **** 
2464:platform/HAL/src/stm32g4xx_hal_fdcan.c ****   /* Return function status */
2465:platform/HAL/src/stm32g4xx_hal_fdcan.c ****   return HAL_OK;
2466:platform/HAL/src/stm32g4xx_hal_fdcan.c **** }
2467:platform/HAL/src/stm32g4xx_hal_fdcan.c **** 
2468:platform/HAL/src/stm32g4xx_hal_fdcan.c **** /**
2469:platform/HAL/src/stm32g4xx_hal_fdcan.c ****   * @brief  Get protocol status.
2470:platform/HAL/src/stm32g4xx_hal_fdcan.c ****   * @param  hfdcan pointer to an FDCAN_HandleTypeDef structure that contains
2471:platform/HAL/src/stm32g4xx_hal_fdcan.c ****   *         the configuration information for the specified FDCAN.
2472:platform/HAL/src/stm32g4xx_hal_fdcan.c ****   * @param  ProtocolStatus pointer to an FDCAN_ProtocolStatusTypeDef structure.
2473:platform/HAL/src/stm32g4xx_hal_fdcan.c ****   * @retval HAL status
2474:platform/HAL/src/stm32g4xx_hal_fdcan.c ****   */
2475:platform/HAL/src/stm32g4xx_hal_fdcan.c **** HAL_StatusTypeDef HAL_FDCAN_GetProtocolStatus(const FDCAN_HandleTypeDef *hfdcan,
2476:platform/HAL/src/stm32g4xx_hal_fdcan.c ****                                               FDCAN_ProtocolStatusTypeDef *ProtocolStatus)
2477:platform/HAL/src/stm32g4xx_hal_fdcan.c **** {
2478:platform/HAL/src/stm32g4xx_hal_fdcan.c ****   uint32_t StatusReg;
2479:platform/HAL/src/stm32g4xx_hal_fdcan.c **** 
2480:platform/HAL/src/stm32g4xx_hal_fdcan.c ****   /* Read the protocol status register */
2481:platform/HAL/src/stm32g4xx_hal_fdcan.c ****   StatusReg = READ_REG(hfdcan->Instance->PSR);
ARM GAS  /tmp/cc2SU6oB.s 			page 45


2482:platform/HAL/src/stm32g4xx_hal_fdcan.c **** 
2483:platform/HAL/src/stm32g4xx_hal_fdcan.c ****   /* Fill the protocol status structure */
2484:platform/HAL/src/stm32g4xx_hal_fdcan.c ****   ProtocolStatus->LastErrorCode = (StatusReg & FDCAN_PSR_LEC);
2485:platform/HAL/src/stm32g4xx_hal_fdcan.c ****   ProtocolStatus->DataLastErrorCode = ((StatusReg & FDCAN_PSR_DLEC) >> FDCAN_PSR_DLEC_Pos);
2486:platform/HAL/src/stm32g4xx_hal_fdcan.c ****   ProtocolStatus->Activity = (StatusReg & FDCAN_PSR_ACT);
2487:platform/HAL/src/stm32g4xx_hal_fdcan.c ****   ProtocolStatus->ErrorPassive = ((StatusReg & FDCAN_PSR_EP) >> FDCAN_PSR_EP_Pos);
2488:platform/HAL/src/stm32g4xx_hal_fdcan.c ****   ProtocolStatus->Warning = ((StatusReg & FDCAN_PSR_EW) >> FDCAN_PSR_EW_Pos);
2489:platform/HAL/src/stm32g4xx_hal_fdcan.c ****   ProtocolStatus->BusOff = ((StatusReg & FDCAN_PSR_BO) >> FDCAN_PSR_BO_Pos);
2490:platform/HAL/src/stm32g4xx_hal_fdcan.c ****   ProtocolStatus->RxESIflag = ((StatusReg & FDCAN_PSR_RESI) >> FDCAN_PSR_RESI_Pos);
2491:platform/HAL/src/stm32g4xx_hal_fdcan.c ****   ProtocolStatus->RxBRSflag = ((StatusReg & FDCAN_PSR_RBRS) >> FDCAN_PSR_RBRS_Pos);
2492:platform/HAL/src/stm32g4xx_hal_fdcan.c ****   ProtocolStatus->RxFDFflag = ((StatusReg & FDCAN_PSR_REDL) >> FDCAN_PSR_REDL_Pos);
2493:platform/HAL/src/stm32g4xx_hal_fdcan.c ****   ProtocolStatus->ProtocolException = ((StatusReg & FDCAN_PSR_PXE) >> FDCAN_PSR_PXE_Pos);
2494:platform/HAL/src/stm32g4xx_hal_fdcan.c ****   ProtocolStatus->TDCvalue = ((StatusReg & FDCAN_PSR_TDCV) >> FDCAN_PSR_TDCV_Pos);
2495:platform/HAL/src/stm32g4xx_hal_fdcan.c **** 
2496:platform/HAL/src/stm32g4xx_hal_fdcan.c ****   /* Return function status */
2497:platform/HAL/src/stm32g4xx_hal_fdcan.c ****   return HAL_OK;
2498:platform/HAL/src/stm32g4xx_hal_fdcan.c **** }
2499:platform/HAL/src/stm32g4xx_hal_fdcan.c **** 
2500:platform/HAL/src/stm32g4xx_hal_fdcan.c **** /**
2501:platform/HAL/src/stm32g4xx_hal_fdcan.c ****   * @brief  Get error counter values.
2502:platform/HAL/src/stm32g4xx_hal_fdcan.c ****   * @param  hfdcan pointer to an FDCAN_HandleTypeDef structure that contains
2503:platform/HAL/src/stm32g4xx_hal_fdcan.c ****   *         the configuration information for the specified FDCAN.
2504:platform/HAL/src/stm32g4xx_hal_fdcan.c ****   * @param  ErrorCounters pointer to an FDCAN_ErrorCountersTypeDef structure.
2505:platform/HAL/src/stm32g4xx_hal_fdcan.c ****   * @retval HAL status
2506:platform/HAL/src/stm32g4xx_hal_fdcan.c ****   */
2507:platform/HAL/src/stm32g4xx_hal_fdcan.c **** HAL_StatusTypeDef HAL_FDCAN_GetErrorCounters(const FDCAN_HandleTypeDef *hfdcan,
2508:platform/HAL/src/stm32g4xx_hal_fdcan.c ****                                              FDCAN_ErrorCountersTypeDef *ErrorCounters)
2509:platform/HAL/src/stm32g4xx_hal_fdcan.c **** {
2510:platform/HAL/src/stm32g4xx_hal_fdcan.c ****   uint32_t CountersReg;
2511:platform/HAL/src/stm32g4xx_hal_fdcan.c **** 
2512:platform/HAL/src/stm32g4xx_hal_fdcan.c ****   /* Read the error counters register */
2513:platform/HAL/src/stm32g4xx_hal_fdcan.c ****   CountersReg = READ_REG(hfdcan->Instance->ECR);
2514:platform/HAL/src/stm32g4xx_hal_fdcan.c **** 
2515:platform/HAL/src/stm32g4xx_hal_fdcan.c ****   /* Fill the error counters structure */
2516:platform/HAL/src/stm32g4xx_hal_fdcan.c ****   ErrorCounters->TxErrorCnt = ((CountersReg & FDCAN_ECR_TEC) >> FDCAN_ECR_TEC_Pos);
2517:platform/HAL/src/stm32g4xx_hal_fdcan.c ****   ErrorCounters->RxErrorCnt = ((CountersReg & FDCAN_ECR_REC) >> FDCAN_ECR_REC_Pos);
2518:platform/HAL/src/stm32g4xx_hal_fdcan.c ****   ErrorCounters->RxErrorPassive = ((CountersReg & FDCAN_ECR_RP) >> FDCAN_ECR_RP_Pos);
2519:platform/HAL/src/stm32g4xx_hal_fdcan.c ****   ErrorCounters->ErrorLogging = ((CountersReg & FDCAN_ECR_CEL) >> FDCAN_ECR_CEL_Pos);
2520:platform/HAL/src/stm32g4xx_hal_fdcan.c **** 
2521:platform/HAL/src/stm32g4xx_hal_fdcan.c ****   /* Return function status */
2522:platform/HAL/src/stm32g4xx_hal_fdcan.c ****   return HAL_OK;
2523:platform/HAL/src/stm32g4xx_hal_fdcan.c **** }
2524:platform/HAL/src/stm32g4xx_hal_fdcan.c **** 
2525:platform/HAL/src/stm32g4xx_hal_fdcan.c **** /**
2526:platform/HAL/src/stm32g4xx_hal_fdcan.c ****   * @brief  Check if a transmission request is pending on the selected Tx buffer.
2527:platform/HAL/src/stm32g4xx_hal_fdcan.c ****   * @param  hfdcan pointer to an FDCAN_HandleTypeDef structure that contains
2528:platform/HAL/src/stm32g4xx_hal_fdcan.c ****   *         the configuration information for the specified FDCAN.
2529:platform/HAL/src/stm32g4xx_hal_fdcan.c ****   * @param  TxBufferIndex Tx buffer index.
2530:platform/HAL/src/stm32g4xx_hal_fdcan.c ****   *         This parameter can be any combination of @arg FDCAN_Tx_location.
2531:platform/HAL/src/stm32g4xx_hal_fdcan.c ****   * @retval Status
2532:platform/HAL/src/stm32g4xx_hal_fdcan.c ****   *          - 0 : No pending transmission request on TxBufferIndex list.
2533:platform/HAL/src/stm32g4xx_hal_fdcan.c ****   *          - 1 : Pending transmission request on TxBufferIndex.
2534:platform/HAL/src/stm32g4xx_hal_fdcan.c ****   */
2535:platform/HAL/src/stm32g4xx_hal_fdcan.c **** uint32_t HAL_FDCAN_IsTxBufferMessagePending(const FDCAN_HandleTypeDef *hfdcan, uint32_t TxBufferInd
2536:platform/HAL/src/stm32g4xx_hal_fdcan.c **** {
2537:platform/HAL/src/stm32g4xx_hal_fdcan.c ****   /* Check function parameters */
2538:platform/HAL/src/stm32g4xx_hal_fdcan.c ****   assert_param(IS_FDCAN_TX_LOCATION_LIST(TxBufferIndex));
ARM GAS  /tmp/cc2SU6oB.s 			page 46


2539:platform/HAL/src/stm32g4xx_hal_fdcan.c **** 
2540:platform/HAL/src/stm32g4xx_hal_fdcan.c ****   /* Check pending transmission request on the selected buffer */
2541:platform/HAL/src/stm32g4xx_hal_fdcan.c ****   if ((hfdcan->Instance->TXBRP & TxBufferIndex) == 0U)
2542:platform/HAL/src/stm32g4xx_hal_fdcan.c ****   {
2543:platform/HAL/src/stm32g4xx_hal_fdcan.c ****     return 0;
2544:platform/HAL/src/stm32g4xx_hal_fdcan.c ****   }
2545:platform/HAL/src/stm32g4xx_hal_fdcan.c ****   return 1;
2546:platform/HAL/src/stm32g4xx_hal_fdcan.c **** }
2547:platform/HAL/src/stm32g4xx_hal_fdcan.c **** 
2548:platform/HAL/src/stm32g4xx_hal_fdcan.c **** /**
2549:platform/HAL/src/stm32g4xx_hal_fdcan.c ****   * @brief  Return Rx FIFO fill level.
2550:platform/HAL/src/stm32g4xx_hal_fdcan.c ****   * @param  hfdcan pointer to an FDCAN_HandleTypeDef structure that contains
2551:platform/HAL/src/stm32g4xx_hal_fdcan.c ****   *         the configuration information for the specified FDCAN.
2552:platform/HAL/src/stm32g4xx_hal_fdcan.c ****   * @param  RxFifo Rx FIFO.
2553:platform/HAL/src/stm32g4xx_hal_fdcan.c ****   *         This parameter can be one of the following values:
2554:platform/HAL/src/stm32g4xx_hal_fdcan.c ****   *           @arg FDCAN_RX_FIFO0: Rx FIFO 0
2555:platform/HAL/src/stm32g4xx_hal_fdcan.c ****   *           @arg FDCAN_RX_FIFO1: Rx FIFO 1
2556:platform/HAL/src/stm32g4xx_hal_fdcan.c ****   * @retval Rx FIFO fill level.
2557:platform/HAL/src/stm32g4xx_hal_fdcan.c ****   */
2558:platform/HAL/src/stm32g4xx_hal_fdcan.c **** uint32_t HAL_FDCAN_GetRxFifoFillLevel(const FDCAN_HandleTypeDef *hfdcan, uint32_t RxFifo)
2559:platform/HAL/src/stm32g4xx_hal_fdcan.c **** {
2560:platform/HAL/src/stm32g4xx_hal_fdcan.c ****   uint32_t FillLevel;
2561:platform/HAL/src/stm32g4xx_hal_fdcan.c **** 
2562:platform/HAL/src/stm32g4xx_hal_fdcan.c ****   /* Check function parameters */
2563:platform/HAL/src/stm32g4xx_hal_fdcan.c ****   assert_param(IS_FDCAN_RX_FIFO(RxFifo));
2564:platform/HAL/src/stm32g4xx_hal_fdcan.c **** 
2565:platform/HAL/src/stm32g4xx_hal_fdcan.c ****   if (RxFifo == FDCAN_RX_FIFO0)
2566:platform/HAL/src/stm32g4xx_hal_fdcan.c ****   {
2567:platform/HAL/src/stm32g4xx_hal_fdcan.c ****     FillLevel = hfdcan->Instance->RXF0S & FDCAN_RXF0S_F0FL;
2568:platform/HAL/src/stm32g4xx_hal_fdcan.c ****   }
2569:platform/HAL/src/stm32g4xx_hal_fdcan.c ****   else /* RxFifo == FDCAN_RX_FIFO1 */
2570:platform/HAL/src/stm32g4xx_hal_fdcan.c ****   {
2571:platform/HAL/src/stm32g4xx_hal_fdcan.c ****     FillLevel = hfdcan->Instance->RXF1S & FDCAN_RXF1S_F1FL;
2572:platform/HAL/src/stm32g4xx_hal_fdcan.c ****   }
2573:platform/HAL/src/stm32g4xx_hal_fdcan.c **** 
2574:platform/HAL/src/stm32g4xx_hal_fdcan.c ****   /* Return Rx FIFO fill level */
2575:platform/HAL/src/stm32g4xx_hal_fdcan.c ****   return FillLevel;
2576:platform/HAL/src/stm32g4xx_hal_fdcan.c **** }
2577:platform/HAL/src/stm32g4xx_hal_fdcan.c **** 
2578:platform/HAL/src/stm32g4xx_hal_fdcan.c **** /**
2579:platform/HAL/src/stm32g4xx_hal_fdcan.c ****   * @brief  Return Tx FIFO free level: number of consecutive free Tx FIFO
2580:platform/HAL/src/stm32g4xx_hal_fdcan.c ****   *         elements starting from Tx FIFO GetIndex.
2581:platform/HAL/src/stm32g4xx_hal_fdcan.c ****   * @param  hfdcan pointer to an FDCAN_HandleTypeDef structure that contains
2582:platform/HAL/src/stm32g4xx_hal_fdcan.c ****   *         the configuration information for the specified FDCAN.
2583:platform/HAL/src/stm32g4xx_hal_fdcan.c ****   * @retval Tx FIFO free level.
2584:platform/HAL/src/stm32g4xx_hal_fdcan.c ****   */
2585:platform/HAL/src/stm32g4xx_hal_fdcan.c **** uint32_t HAL_FDCAN_GetTxFifoFreeLevel(const FDCAN_HandleTypeDef *hfdcan)
2586:platform/HAL/src/stm32g4xx_hal_fdcan.c **** {
2587:platform/HAL/src/stm32g4xx_hal_fdcan.c ****   uint32_t FreeLevel;
2588:platform/HAL/src/stm32g4xx_hal_fdcan.c **** 
2589:platform/HAL/src/stm32g4xx_hal_fdcan.c ****   FreeLevel = hfdcan->Instance->TXFQS & FDCAN_TXFQS_TFFL;
2590:platform/HAL/src/stm32g4xx_hal_fdcan.c **** 
2591:platform/HAL/src/stm32g4xx_hal_fdcan.c ****   /* Return Tx FIFO free level */
2592:platform/HAL/src/stm32g4xx_hal_fdcan.c ****   return FreeLevel;
2593:platform/HAL/src/stm32g4xx_hal_fdcan.c **** }
2594:platform/HAL/src/stm32g4xx_hal_fdcan.c **** 
2595:platform/HAL/src/stm32g4xx_hal_fdcan.c **** /**
ARM GAS  /tmp/cc2SU6oB.s 			page 47


2596:platform/HAL/src/stm32g4xx_hal_fdcan.c ****   * @brief  Check if the FDCAN peripheral entered Restricted Operation Mode.
2597:platform/HAL/src/stm32g4xx_hal_fdcan.c ****   * @param  hfdcan pointer to an FDCAN_HandleTypeDef structure that contains
2598:platform/HAL/src/stm32g4xx_hal_fdcan.c ****   *         the configuration information for the specified FDCAN.
2599:platform/HAL/src/stm32g4xx_hal_fdcan.c ****   * @retval Status
2600:platform/HAL/src/stm32g4xx_hal_fdcan.c ****   *          - 0 : Normal FDCAN operation.
2601:platform/HAL/src/stm32g4xx_hal_fdcan.c ****   *          - 1 : Restricted Operation Mode active.
2602:platform/HAL/src/stm32g4xx_hal_fdcan.c ****   */
2603:platform/HAL/src/stm32g4xx_hal_fdcan.c **** uint32_t HAL_FDCAN_IsRestrictedOperationMode(const FDCAN_HandleTypeDef *hfdcan)
2604:platform/HAL/src/stm32g4xx_hal_fdcan.c **** {
2605:platform/HAL/src/stm32g4xx_hal_fdcan.c ****   uint32_t OperationMode;
2606:platform/HAL/src/stm32g4xx_hal_fdcan.c **** 
2607:platform/HAL/src/stm32g4xx_hal_fdcan.c ****   /* Get Operation Mode */
2608:platform/HAL/src/stm32g4xx_hal_fdcan.c ****   OperationMode = ((hfdcan->Instance->CCCR & FDCAN_CCCR_ASM) >> FDCAN_CCCR_ASM_Pos);
2609:platform/HAL/src/stm32g4xx_hal_fdcan.c **** 
2610:platform/HAL/src/stm32g4xx_hal_fdcan.c ****   return OperationMode;
2611:platform/HAL/src/stm32g4xx_hal_fdcan.c **** }
2612:platform/HAL/src/stm32g4xx_hal_fdcan.c **** 
2613:platform/HAL/src/stm32g4xx_hal_fdcan.c **** /**
2614:platform/HAL/src/stm32g4xx_hal_fdcan.c ****   * @brief  Exit Restricted Operation Mode.
2615:platform/HAL/src/stm32g4xx_hal_fdcan.c ****   * @param  hfdcan pointer to an FDCAN_HandleTypeDef structure that contains
2616:platform/HAL/src/stm32g4xx_hal_fdcan.c ****   *         the configuration information for the specified FDCAN.
2617:platform/HAL/src/stm32g4xx_hal_fdcan.c ****   * @retval HAL status
2618:platform/HAL/src/stm32g4xx_hal_fdcan.c ****   */
2619:platform/HAL/src/stm32g4xx_hal_fdcan.c **** HAL_StatusTypeDef HAL_FDCAN_ExitRestrictedOperationMode(FDCAN_HandleTypeDef *hfdcan)
2620:platform/HAL/src/stm32g4xx_hal_fdcan.c **** {
2621:platform/HAL/src/stm32g4xx_hal_fdcan.c ****   HAL_FDCAN_StateTypeDef state = hfdcan->State;
2622:platform/HAL/src/stm32g4xx_hal_fdcan.c **** 
2623:platform/HAL/src/stm32g4xx_hal_fdcan.c ****   if ((state == HAL_FDCAN_STATE_READY) || (state == HAL_FDCAN_STATE_BUSY))
2624:platform/HAL/src/stm32g4xx_hal_fdcan.c ****   {
2625:platform/HAL/src/stm32g4xx_hal_fdcan.c ****     /* Exit Restricted Operation mode */
2626:platform/HAL/src/stm32g4xx_hal_fdcan.c ****     CLEAR_BIT(hfdcan->Instance->CCCR, FDCAN_CCCR_ASM);
2627:platform/HAL/src/stm32g4xx_hal_fdcan.c **** 
2628:platform/HAL/src/stm32g4xx_hal_fdcan.c ****     /* Return function status */
2629:platform/HAL/src/stm32g4xx_hal_fdcan.c ****     return HAL_OK;
2630:platform/HAL/src/stm32g4xx_hal_fdcan.c ****   }
2631:platform/HAL/src/stm32g4xx_hal_fdcan.c ****   else
2632:platform/HAL/src/stm32g4xx_hal_fdcan.c ****   {
2633:platform/HAL/src/stm32g4xx_hal_fdcan.c ****     /* Update error code */
2634:platform/HAL/src/stm32g4xx_hal_fdcan.c ****     hfdcan->ErrorCode |= HAL_FDCAN_ERROR_NOT_INITIALIZED;
2635:platform/HAL/src/stm32g4xx_hal_fdcan.c **** 
2636:platform/HAL/src/stm32g4xx_hal_fdcan.c ****     return HAL_ERROR;
2637:platform/HAL/src/stm32g4xx_hal_fdcan.c ****   }
2638:platform/HAL/src/stm32g4xx_hal_fdcan.c **** }
2639:platform/HAL/src/stm32g4xx_hal_fdcan.c **** 
2640:platform/HAL/src/stm32g4xx_hal_fdcan.c **** /**
2641:platform/HAL/src/stm32g4xx_hal_fdcan.c ****   * @}
2642:platform/HAL/src/stm32g4xx_hal_fdcan.c ****   */
2643:platform/HAL/src/stm32g4xx_hal_fdcan.c **** 
2644:platform/HAL/src/stm32g4xx_hal_fdcan.c **** /** @defgroup FDCAN_Exported_Functions_Group4 Interrupts management
2645:platform/HAL/src/stm32g4xx_hal_fdcan.c ****   *  @brief    Interrupts management
2646:platform/HAL/src/stm32g4xx_hal_fdcan.c ****   *
2647:platform/HAL/src/stm32g4xx_hal_fdcan.c **** @verbatim
2648:platform/HAL/src/stm32g4xx_hal_fdcan.c ****   ==============================================================================
2649:platform/HAL/src/stm32g4xx_hal_fdcan.c ****                        ##### Interrupts management #####
2650:platform/HAL/src/stm32g4xx_hal_fdcan.c ****   ==============================================================================
2651:platform/HAL/src/stm32g4xx_hal_fdcan.c ****     [..]  This section provides functions allowing to:
2652:platform/HAL/src/stm32g4xx_hal_fdcan.c ****       (+) HAL_FDCAN_ConfigInterruptLines      : Assign interrupts to either Interrupt line 0 or 1
ARM GAS  /tmp/cc2SU6oB.s 			page 48


2653:platform/HAL/src/stm32g4xx_hal_fdcan.c ****       (+) HAL_FDCAN_ActivateNotification      : Enable interrupts
2654:platform/HAL/src/stm32g4xx_hal_fdcan.c ****       (+) HAL_FDCAN_DeactivateNotification    : Disable interrupts
2655:platform/HAL/src/stm32g4xx_hal_fdcan.c ****       (+) HAL_FDCAN_IRQHandler                : Handles FDCAN interrupt request
2656:platform/HAL/src/stm32g4xx_hal_fdcan.c **** 
2657:platform/HAL/src/stm32g4xx_hal_fdcan.c **** @endverbatim
2658:platform/HAL/src/stm32g4xx_hal_fdcan.c ****   * @{
2659:platform/HAL/src/stm32g4xx_hal_fdcan.c ****   */
2660:platform/HAL/src/stm32g4xx_hal_fdcan.c **** 
2661:platform/HAL/src/stm32g4xx_hal_fdcan.c **** /**
2662:platform/HAL/src/stm32g4xx_hal_fdcan.c ****   * @brief  Assign interrupts to either Interrupt line 0 or 1.
2663:platform/HAL/src/stm32g4xx_hal_fdcan.c ****   * @param  hfdcan pointer to an FDCAN_HandleTypeDef structure that contains
2664:platform/HAL/src/stm32g4xx_hal_fdcan.c ****   *         the configuration information for the specified FDCAN.
2665:platform/HAL/src/stm32g4xx_hal_fdcan.c ****   * @param  ITList indicates which interrupts group will be assigned to the selected interrupt line
2666:platform/HAL/src/stm32g4xx_hal_fdcan.c ****   *         This parameter can be any combination of @arg FDCAN_Interrupts_Group.
2667:platform/HAL/src/stm32g4xx_hal_fdcan.c ****   * @param  InterruptLine Interrupt line.
2668:platform/HAL/src/stm32g4xx_hal_fdcan.c ****   *         This parameter can be a value of @arg FDCAN_Interrupt_Line.
2669:platform/HAL/src/stm32g4xx_hal_fdcan.c ****   * @retval HAL status
2670:platform/HAL/src/stm32g4xx_hal_fdcan.c ****   */
2671:platform/HAL/src/stm32g4xx_hal_fdcan.c **** HAL_StatusTypeDef HAL_FDCAN_ConfigInterruptLines(FDCAN_HandleTypeDef *hfdcan, uint32_t ITList, uint
2672:platform/HAL/src/stm32g4xx_hal_fdcan.c **** {
2673:platform/HAL/src/stm32g4xx_hal_fdcan.c ****   HAL_FDCAN_StateTypeDef state = hfdcan->State;
2674:platform/HAL/src/stm32g4xx_hal_fdcan.c **** 
2675:platform/HAL/src/stm32g4xx_hal_fdcan.c ****   /* Check function parameters */
2676:platform/HAL/src/stm32g4xx_hal_fdcan.c ****   assert_param(IS_FDCAN_IT_GROUP(ITList));
2677:platform/HAL/src/stm32g4xx_hal_fdcan.c ****   assert_param(IS_FDCAN_IT_LINE(InterruptLine));
2678:platform/HAL/src/stm32g4xx_hal_fdcan.c **** 
2679:platform/HAL/src/stm32g4xx_hal_fdcan.c ****   if ((state == HAL_FDCAN_STATE_READY) || (state == HAL_FDCAN_STATE_BUSY))
2680:platform/HAL/src/stm32g4xx_hal_fdcan.c ****   {
2681:platform/HAL/src/stm32g4xx_hal_fdcan.c ****     /* Assign list of interrupts to the selected line */
2682:platform/HAL/src/stm32g4xx_hal_fdcan.c ****     if (InterruptLine == FDCAN_INTERRUPT_LINE0)
2683:platform/HAL/src/stm32g4xx_hal_fdcan.c ****     {
2684:platform/HAL/src/stm32g4xx_hal_fdcan.c ****       CLEAR_BIT(hfdcan->Instance->ILS, ITList);
2685:platform/HAL/src/stm32g4xx_hal_fdcan.c ****     }
2686:platform/HAL/src/stm32g4xx_hal_fdcan.c ****     else /* InterruptLine == FDCAN_INTERRUPT_LINE1 */
2687:platform/HAL/src/stm32g4xx_hal_fdcan.c ****     {
2688:platform/HAL/src/stm32g4xx_hal_fdcan.c ****       SET_BIT(hfdcan->Instance->ILS, ITList);
2689:platform/HAL/src/stm32g4xx_hal_fdcan.c ****     }
2690:platform/HAL/src/stm32g4xx_hal_fdcan.c **** 
2691:platform/HAL/src/stm32g4xx_hal_fdcan.c ****     /* Return function status */
2692:platform/HAL/src/stm32g4xx_hal_fdcan.c ****     return HAL_OK;
2693:platform/HAL/src/stm32g4xx_hal_fdcan.c ****   }
2694:platform/HAL/src/stm32g4xx_hal_fdcan.c ****   else
2695:platform/HAL/src/stm32g4xx_hal_fdcan.c ****   {
2696:platform/HAL/src/stm32g4xx_hal_fdcan.c ****     /* Update error code */
2697:platform/HAL/src/stm32g4xx_hal_fdcan.c ****     hfdcan->ErrorCode |= HAL_FDCAN_ERROR_NOT_INITIALIZED;
2698:platform/HAL/src/stm32g4xx_hal_fdcan.c **** 
2699:platform/HAL/src/stm32g4xx_hal_fdcan.c ****     return HAL_ERROR;
2700:platform/HAL/src/stm32g4xx_hal_fdcan.c ****   }
2701:platform/HAL/src/stm32g4xx_hal_fdcan.c **** }
2702:platform/HAL/src/stm32g4xx_hal_fdcan.c **** 
2703:platform/HAL/src/stm32g4xx_hal_fdcan.c **** /**
2704:platform/HAL/src/stm32g4xx_hal_fdcan.c ****   * @brief  Enable interrupts.
2705:platform/HAL/src/stm32g4xx_hal_fdcan.c ****   * @param  hfdcan pointer to an FDCAN_HandleTypeDef structure that contains
2706:platform/HAL/src/stm32g4xx_hal_fdcan.c ****   *         the configuration information for the specified FDCAN.
2707:platform/HAL/src/stm32g4xx_hal_fdcan.c ****   * @param  ActiveITs indicates which interrupts will be enabled.
2708:platform/HAL/src/stm32g4xx_hal_fdcan.c ****   *         This parameter can be any combination of @arg FDCAN_Interrupts.
2709:platform/HAL/src/stm32g4xx_hal_fdcan.c ****   * @param  BufferIndexes Tx Buffer Indexes.
ARM GAS  /tmp/cc2SU6oB.s 			page 49


2710:platform/HAL/src/stm32g4xx_hal_fdcan.c ****   *         This parameter can be any combination of @arg FDCAN_Tx_location.
2711:platform/HAL/src/stm32g4xx_hal_fdcan.c ****   *         This parameter is ignored if ActiveITs does not include one of the following:
2712:platform/HAL/src/stm32g4xx_hal_fdcan.c ****   *           - FDCAN_IT_TX_COMPLETE
2713:platform/HAL/src/stm32g4xx_hal_fdcan.c ****   *           - FDCAN_IT_TX_ABORT_COMPLETE
2714:platform/HAL/src/stm32g4xx_hal_fdcan.c ****   * @retval HAL status
2715:platform/HAL/src/stm32g4xx_hal_fdcan.c ****   */
2716:platform/HAL/src/stm32g4xx_hal_fdcan.c **** HAL_StatusTypeDef HAL_FDCAN_ActivateNotification(FDCAN_HandleTypeDef *hfdcan, uint32_t ActiveITs,
2717:platform/HAL/src/stm32g4xx_hal_fdcan.c ****                                                  uint32_t BufferIndexes)
2718:platform/HAL/src/stm32g4xx_hal_fdcan.c **** {
2719:platform/HAL/src/stm32g4xx_hal_fdcan.c ****   HAL_FDCAN_StateTypeDef state = hfdcan->State;
2720:platform/HAL/src/stm32g4xx_hal_fdcan.c ****   uint32_t ITs_lines_selection;
2721:platform/HAL/src/stm32g4xx_hal_fdcan.c **** 
2722:platform/HAL/src/stm32g4xx_hal_fdcan.c ****   /* Check function parameters */
2723:platform/HAL/src/stm32g4xx_hal_fdcan.c ****   assert_param(IS_FDCAN_IT(ActiveITs));
2724:platform/HAL/src/stm32g4xx_hal_fdcan.c ****   if ((ActiveITs & (FDCAN_IT_TX_COMPLETE | FDCAN_IT_TX_ABORT_COMPLETE)) != 0U)
2725:platform/HAL/src/stm32g4xx_hal_fdcan.c ****   {
2726:platform/HAL/src/stm32g4xx_hal_fdcan.c ****     assert_param(IS_FDCAN_TX_LOCATION_LIST(BufferIndexes));
2727:platform/HAL/src/stm32g4xx_hal_fdcan.c ****   }
2728:platform/HAL/src/stm32g4xx_hal_fdcan.c **** 
2729:platform/HAL/src/stm32g4xx_hal_fdcan.c ****   if ((state == HAL_FDCAN_STATE_READY) || (state == HAL_FDCAN_STATE_BUSY))
2730:platform/HAL/src/stm32g4xx_hal_fdcan.c ****   {
2731:platform/HAL/src/stm32g4xx_hal_fdcan.c ****     /* Get interrupts line selection */
2732:platform/HAL/src/stm32g4xx_hal_fdcan.c ****     ITs_lines_selection = hfdcan->Instance->ILS;
2733:platform/HAL/src/stm32g4xx_hal_fdcan.c **** 
2734:platform/HAL/src/stm32g4xx_hal_fdcan.c ****     /* Enable Interrupt lines */
2735:platform/HAL/src/stm32g4xx_hal_fdcan.c ****     if ((((ActiveITs & FDCAN_IT_LIST_RX_FIFO0) != 0U)
2736:platform/HAL/src/stm32g4xx_hal_fdcan.c ****          && (((ITs_lines_selection) & FDCAN_IT_GROUP_RX_FIFO0) == 0U)) || \
2737:platform/HAL/src/stm32g4xx_hal_fdcan.c ****         (((ActiveITs & FDCAN_IT_LIST_RX_FIFO1)       != 0U)
2738:platform/HAL/src/stm32g4xx_hal_fdcan.c ****          && (((ITs_lines_selection) & FDCAN_IT_GROUP_RX_FIFO1) == 0U)) || \
2739:platform/HAL/src/stm32g4xx_hal_fdcan.c ****         (((ActiveITs & FDCAN_IT_LIST_SMSG)           != 0U)
2740:platform/HAL/src/stm32g4xx_hal_fdcan.c ****          && (((ITs_lines_selection) & FDCAN_IT_GROUP_SMSG)     == 0U)) || \
2741:platform/HAL/src/stm32g4xx_hal_fdcan.c ****         (((ActiveITs & FDCAN_IT_LIST_TX_FIFO_ERROR)  != 0U)
2742:platform/HAL/src/stm32g4xx_hal_fdcan.c ****          && (((ITs_lines_selection) & FDCAN_IT_GROUP_TX_FIFO_ERROR)  == 0U)) || \
2743:platform/HAL/src/stm32g4xx_hal_fdcan.c ****         (((ActiveITs & FDCAN_IT_LIST_MISC)           != 0U)
2744:platform/HAL/src/stm32g4xx_hal_fdcan.c ****          && (((ITs_lines_selection) & FDCAN_IT_GROUP_MISC)           == 0U)) || \
2745:platform/HAL/src/stm32g4xx_hal_fdcan.c ****         (((ActiveITs & FDCAN_IT_LIST_BIT_LINE_ERROR) != 0U)
2746:platform/HAL/src/stm32g4xx_hal_fdcan.c ****          && (((ITs_lines_selection) & FDCAN_IT_GROUP_BIT_LINE_ERROR) == 0U)) || \
2747:platform/HAL/src/stm32g4xx_hal_fdcan.c ****         (((ActiveITs & FDCAN_IT_LIST_PROTOCOL_ERROR) != 0U)
2748:platform/HAL/src/stm32g4xx_hal_fdcan.c ****          && (((ITs_lines_selection) & FDCAN_IT_GROUP_PROTOCOL_ERROR) == 0U)))
2749:platform/HAL/src/stm32g4xx_hal_fdcan.c ****     {
2750:platform/HAL/src/stm32g4xx_hal_fdcan.c ****       /* Enable Interrupt line 0 */
2751:platform/HAL/src/stm32g4xx_hal_fdcan.c ****       SET_BIT(hfdcan->Instance->ILE, FDCAN_INTERRUPT_LINE0);
2752:platform/HAL/src/stm32g4xx_hal_fdcan.c ****     }
2753:platform/HAL/src/stm32g4xx_hal_fdcan.c ****     if ((((ActiveITs & FDCAN_IT_LIST_RX_FIFO0)       != 0U)
2754:platform/HAL/src/stm32g4xx_hal_fdcan.c ****          && (((ITs_lines_selection) & FDCAN_IT_GROUP_RX_FIFO0)      != 0U)) || \
2755:platform/HAL/src/stm32g4xx_hal_fdcan.c ****         (((ActiveITs & FDCAN_IT_LIST_RX_FIFO1)       != 0U)
2756:platform/HAL/src/stm32g4xx_hal_fdcan.c ****          && (((ITs_lines_selection) & FDCAN_IT_GROUP_RX_FIFO1)       != 0U)) || \
2757:platform/HAL/src/stm32g4xx_hal_fdcan.c ****         (((ActiveITs & FDCAN_IT_LIST_SMSG)           != 0U)
2758:platform/HAL/src/stm32g4xx_hal_fdcan.c ****          && (((ITs_lines_selection) & FDCAN_IT_GROUP_SMSG)           != 0U)) || \
2759:platform/HAL/src/stm32g4xx_hal_fdcan.c ****         (((ActiveITs & FDCAN_IT_LIST_TX_FIFO_ERROR)  != 0U)
2760:platform/HAL/src/stm32g4xx_hal_fdcan.c ****          && (((ITs_lines_selection) & FDCAN_IT_GROUP_TX_FIFO_ERROR)  != 0U)) || \
2761:platform/HAL/src/stm32g4xx_hal_fdcan.c ****         (((ActiveITs & FDCAN_IT_LIST_MISC)           != 0U)
2762:platform/HAL/src/stm32g4xx_hal_fdcan.c ****          && (((ITs_lines_selection) & FDCAN_IT_GROUP_MISC)           != 0U)) || \
2763:platform/HAL/src/stm32g4xx_hal_fdcan.c ****         (((ActiveITs & FDCAN_IT_LIST_BIT_LINE_ERROR) != 0U)
2764:platform/HAL/src/stm32g4xx_hal_fdcan.c ****          && (((ITs_lines_selection) & FDCAN_IT_GROUP_BIT_LINE_ERROR) != 0U)) || \
2765:platform/HAL/src/stm32g4xx_hal_fdcan.c ****         (((ActiveITs & FDCAN_IT_LIST_PROTOCOL_ERROR) != 0U)
2766:platform/HAL/src/stm32g4xx_hal_fdcan.c ****          && (((ITs_lines_selection) & FDCAN_IT_GROUP_PROTOCOL_ERROR) != 0U)))
ARM GAS  /tmp/cc2SU6oB.s 			page 50


2767:platform/HAL/src/stm32g4xx_hal_fdcan.c ****     {
2768:platform/HAL/src/stm32g4xx_hal_fdcan.c ****       /* Enable Interrupt line 1 */
2769:platform/HAL/src/stm32g4xx_hal_fdcan.c ****       SET_BIT(hfdcan->Instance->ILE, FDCAN_INTERRUPT_LINE1);
2770:platform/HAL/src/stm32g4xx_hal_fdcan.c ****     }
2771:platform/HAL/src/stm32g4xx_hal_fdcan.c **** 
2772:platform/HAL/src/stm32g4xx_hal_fdcan.c ****     if ((ActiveITs & FDCAN_IT_TX_COMPLETE) != 0U)
2773:platform/HAL/src/stm32g4xx_hal_fdcan.c ****     {
2774:platform/HAL/src/stm32g4xx_hal_fdcan.c ****       /* Enable Tx Buffer Transmission Interrupt to set TC flag in IR register,
2775:platform/HAL/src/stm32g4xx_hal_fdcan.c ****          but interrupt will only occur if TC is enabled in IE register */
2776:platform/HAL/src/stm32g4xx_hal_fdcan.c ****       SET_BIT(hfdcan->Instance->TXBTIE, BufferIndexes);
2777:platform/HAL/src/stm32g4xx_hal_fdcan.c ****     }
2778:platform/HAL/src/stm32g4xx_hal_fdcan.c **** 
2779:platform/HAL/src/stm32g4xx_hal_fdcan.c ****     if ((ActiveITs & FDCAN_IT_TX_ABORT_COMPLETE) != 0U)
2780:platform/HAL/src/stm32g4xx_hal_fdcan.c ****     {
2781:platform/HAL/src/stm32g4xx_hal_fdcan.c ****       /* Enable Tx Buffer Cancellation Finished Interrupt to set TCF flag in IR register,
2782:platform/HAL/src/stm32g4xx_hal_fdcan.c ****          but interrupt will only occur if TCF is enabled in IE register */
2783:platform/HAL/src/stm32g4xx_hal_fdcan.c ****       SET_BIT(hfdcan->Instance->TXBCIE, BufferIndexes);
2784:platform/HAL/src/stm32g4xx_hal_fdcan.c ****     }
2785:platform/HAL/src/stm32g4xx_hal_fdcan.c **** 
2786:platform/HAL/src/stm32g4xx_hal_fdcan.c ****     /* Enable the selected interrupts */
2787:platform/HAL/src/stm32g4xx_hal_fdcan.c ****     __HAL_FDCAN_ENABLE_IT(hfdcan, ActiveITs);
2788:platform/HAL/src/stm32g4xx_hal_fdcan.c **** 
2789:platform/HAL/src/stm32g4xx_hal_fdcan.c ****     /* Return function status */
2790:platform/HAL/src/stm32g4xx_hal_fdcan.c ****     return HAL_OK;
2791:platform/HAL/src/stm32g4xx_hal_fdcan.c ****   }
2792:platform/HAL/src/stm32g4xx_hal_fdcan.c ****   else
2793:platform/HAL/src/stm32g4xx_hal_fdcan.c ****   {
2794:platform/HAL/src/stm32g4xx_hal_fdcan.c ****     /* Update error code */
2795:platform/HAL/src/stm32g4xx_hal_fdcan.c ****     hfdcan->ErrorCode |= HAL_FDCAN_ERROR_NOT_INITIALIZED;
2796:platform/HAL/src/stm32g4xx_hal_fdcan.c **** 
2797:platform/HAL/src/stm32g4xx_hal_fdcan.c ****     return HAL_ERROR;
2798:platform/HAL/src/stm32g4xx_hal_fdcan.c ****   }
2799:platform/HAL/src/stm32g4xx_hal_fdcan.c **** }
2800:platform/HAL/src/stm32g4xx_hal_fdcan.c **** 
2801:platform/HAL/src/stm32g4xx_hal_fdcan.c **** /**
2802:platform/HAL/src/stm32g4xx_hal_fdcan.c ****   * @brief  Disable interrupts.
2803:platform/HAL/src/stm32g4xx_hal_fdcan.c ****   * @param  hfdcan pointer to an FDCAN_HandleTypeDef structure that contains
2804:platform/HAL/src/stm32g4xx_hal_fdcan.c ****   *         the configuration information for the specified FDCAN.
2805:platform/HAL/src/stm32g4xx_hal_fdcan.c ****   * @param  InactiveITs indicates which interrupts will be disabled.
2806:platform/HAL/src/stm32g4xx_hal_fdcan.c ****   *         This parameter can be any combination of @arg FDCAN_Interrupts.
2807:platform/HAL/src/stm32g4xx_hal_fdcan.c ****   * @retval HAL status
2808:platform/HAL/src/stm32g4xx_hal_fdcan.c ****   */
2809:platform/HAL/src/stm32g4xx_hal_fdcan.c **** HAL_StatusTypeDef HAL_FDCAN_DeactivateNotification(FDCAN_HandleTypeDef *hfdcan, uint32_t InactiveIT
2810:platform/HAL/src/stm32g4xx_hal_fdcan.c **** {
2811:platform/HAL/src/stm32g4xx_hal_fdcan.c ****   HAL_FDCAN_StateTypeDef state = hfdcan->State;
2812:platform/HAL/src/stm32g4xx_hal_fdcan.c ****   uint32_t ITs_enabled;
2813:platform/HAL/src/stm32g4xx_hal_fdcan.c ****   uint32_t ITs_lines_selection;
2814:platform/HAL/src/stm32g4xx_hal_fdcan.c **** 
2815:platform/HAL/src/stm32g4xx_hal_fdcan.c ****   /* Check function parameters */
2816:platform/HAL/src/stm32g4xx_hal_fdcan.c ****   assert_param(IS_FDCAN_IT(InactiveITs));
2817:platform/HAL/src/stm32g4xx_hal_fdcan.c **** 
2818:platform/HAL/src/stm32g4xx_hal_fdcan.c ****   if ((state == HAL_FDCAN_STATE_READY) || (state == HAL_FDCAN_STATE_BUSY))
2819:platform/HAL/src/stm32g4xx_hal_fdcan.c ****   {
2820:platform/HAL/src/stm32g4xx_hal_fdcan.c ****     /* Disable the selected interrupts */
2821:platform/HAL/src/stm32g4xx_hal_fdcan.c ****     __HAL_FDCAN_DISABLE_IT(hfdcan, InactiveITs);
2822:platform/HAL/src/stm32g4xx_hal_fdcan.c **** 
2823:platform/HAL/src/stm32g4xx_hal_fdcan.c ****     if ((InactiveITs & FDCAN_IT_TX_COMPLETE) != 0U)
ARM GAS  /tmp/cc2SU6oB.s 			page 51


2824:platform/HAL/src/stm32g4xx_hal_fdcan.c ****     {
2825:platform/HAL/src/stm32g4xx_hal_fdcan.c ****       /* Disable Tx Buffer Transmission Interrupts */
2826:platform/HAL/src/stm32g4xx_hal_fdcan.c ****       CLEAR_REG(hfdcan->Instance->TXBTIE);
2827:platform/HAL/src/stm32g4xx_hal_fdcan.c ****     }
2828:platform/HAL/src/stm32g4xx_hal_fdcan.c **** 
2829:platform/HAL/src/stm32g4xx_hal_fdcan.c ****     if ((InactiveITs & FDCAN_IT_TX_ABORT_COMPLETE) != 0U)
2830:platform/HAL/src/stm32g4xx_hal_fdcan.c ****     {
2831:platform/HAL/src/stm32g4xx_hal_fdcan.c ****       /* Disable Tx Buffer Cancellation Finished Interrupt */
2832:platform/HAL/src/stm32g4xx_hal_fdcan.c ****       CLEAR_REG(hfdcan->Instance->TXBCIE);
2833:platform/HAL/src/stm32g4xx_hal_fdcan.c ****     }
2834:platform/HAL/src/stm32g4xx_hal_fdcan.c **** 
2835:platform/HAL/src/stm32g4xx_hal_fdcan.c ****     /* Get interrupts enabled and interrupts line selection */
2836:platform/HAL/src/stm32g4xx_hal_fdcan.c ****     ITs_enabled = hfdcan->Instance->IE;
2837:platform/HAL/src/stm32g4xx_hal_fdcan.c ****     ITs_lines_selection = hfdcan->Instance->ILS;
2838:platform/HAL/src/stm32g4xx_hal_fdcan.c **** 
2839:platform/HAL/src/stm32g4xx_hal_fdcan.c ****     /* Check if some interrupts are still enabled on interrupt line 0 */
2840:platform/HAL/src/stm32g4xx_hal_fdcan.c ****     if ((((ITs_enabled & FDCAN_IT_LIST_RX_FIFO0)       != 0U)
2841:platform/HAL/src/stm32g4xx_hal_fdcan.c ****          && (((ITs_lines_selection) & FDCAN_IT_GROUP_RX_FIFO0)       == 0U)) || \
2842:platform/HAL/src/stm32g4xx_hal_fdcan.c ****         (((ITs_enabled & FDCAN_IT_LIST_RX_FIFO1)       != 0U)
2843:platform/HAL/src/stm32g4xx_hal_fdcan.c ****          && (((ITs_lines_selection) & FDCAN_IT_GROUP_RX_FIFO1)       == 0U)) || \
2844:platform/HAL/src/stm32g4xx_hal_fdcan.c ****         (((ITs_enabled & FDCAN_IT_LIST_SMSG)           != 0U)
2845:platform/HAL/src/stm32g4xx_hal_fdcan.c ****          && (((ITs_lines_selection) & FDCAN_IT_GROUP_SMSG)           == 0U)) || \
2846:platform/HAL/src/stm32g4xx_hal_fdcan.c ****         (((ITs_enabled & FDCAN_IT_LIST_TX_FIFO_ERROR)  != 0U)
2847:platform/HAL/src/stm32g4xx_hal_fdcan.c ****          && (((ITs_lines_selection) & FDCAN_IT_GROUP_TX_FIFO_ERROR)  == 0U)) || \
2848:platform/HAL/src/stm32g4xx_hal_fdcan.c ****         (((ITs_enabled & FDCAN_IT_LIST_MISC)           != 0U)
2849:platform/HAL/src/stm32g4xx_hal_fdcan.c ****          && (((ITs_lines_selection) & FDCAN_IT_GROUP_MISC)           == 0U)) || \
2850:platform/HAL/src/stm32g4xx_hal_fdcan.c ****         (((ITs_enabled & FDCAN_IT_LIST_BIT_LINE_ERROR) != 0U)
2851:platform/HAL/src/stm32g4xx_hal_fdcan.c ****          && (((ITs_lines_selection) & FDCAN_IT_GROUP_BIT_LINE_ERROR) == 0U)) || \
2852:platform/HAL/src/stm32g4xx_hal_fdcan.c ****         (((ITs_enabled & FDCAN_IT_LIST_PROTOCOL_ERROR) != 0U)
2853:platform/HAL/src/stm32g4xx_hal_fdcan.c ****          && (((ITs_lines_selection) & FDCAN_IT_GROUP_PROTOCOL_ERROR) == 0U)))
2854:platform/HAL/src/stm32g4xx_hal_fdcan.c ****     {
2855:platform/HAL/src/stm32g4xx_hal_fdcan.c ****       /* Do nothing */
2856:platform/HAL/src/stm32g4xx_hal_fdcan.c ****     }
2857:platform/HAL/src/stm32g4xx_hal_fdcan.c ****     else /* no more interrupts enabled on interrupt line 0 */
2858:platform/HAL/src/stm32g4xx_hal_fdcan.c ****     {
2859:platform/HAL/src/stm32g4xx_hal_fdcan.c ****       /* Disable interrupt line 0 */
2860:platform/HAL/src/stm32g4xx_hal_fdcan.c ****       CLEAR_BIT(hfdcan->Instance->ILE, FDCAN_INTERRUPT_LINE0);
2861:platform/HAL/src/stm32g4xx_hal_fdcan.c ****     }
2862:platform/HAL/src/stm32g4xx_hal_fdcan.c **** 
2863:platform/HAL/src/stm32g4xx_hal_fdcan.c ****     /* Check if some interrupts are still enabled on interrupt line 1 */
2864:platform/HAL/src/stm32g4xx_hal_fdcan.c ****     if ((((ITs_enabled & FDCAN_IT_LIST_RX_FIFO0)       != 0U)
2865:platform/HAL/src/stm32g4xx_hal_fdcan.c ****          && (((ITs_lines_selection) & FDCAN_IT_GROUP_RX_FIFO0)       != 0U)) || \
2866:platform/HAL/src/stm32g4xx_hal_fdcan.c ****         (((ITs_enabled & FDCAN_IT_LIST_RX_FIFO1)       != 0U)
2867:platform/HAL/src/stm32g4xx_hal_fdcan.c ****          && (((ITs_lines_selection) & FDCAN_IT_GROUP_RX_FIFO1)       != 0U)) || \
2868:platform/HAL/src/stm32g4xx_hal_fdcan.c ****         (((ITs_enabled & FDCAN_IT_LIST_SMSG)           != 0U)
2869:platform/HAL/src/stm32g4xx_hal_fdcan.c ****          && (((ITs_lines_selection) & FDCAN_IT_GROUP_SMSG)           != 0U)) || \
2870:platform/HAL/src/stm32g4xx_hal_fdcan.c ****         (((ITs_enabled & FDCAN_IT_LIST_TX_FIFO_ERROR)  != 0U)
2871:platform/HAL/src/stm32g4xx_hal_fdcan.c ****          && (((ITs_lines_selection) & FDCAN_IT_GROUP_TX_FIFO_ERROR)  != 0U)) || \
2872:platform/HAL/src/stm32g4xx_hal_fdcan.c ****         (((ITs_enabled & FDCAN_IT_LIST_MISC)           != 0U)
2873:platform/HAL/src/stm32g4xx_hal_fdcan.c ****          && (((ITs_lines_selection) & FDCAN_IT_GROUP_MISC)           != 0U)) || \
2874:platform/HAL/src/stm32g4xx_hal_fdcan.c ****         (((ITs_enabled & FDCAN_IT_LIST_BIT_LINE_ERROR) != 0U)
2875:platform/HAL/src/stm32g4xx_hal_fdcan.c ****          && (((ITs_lines_selection) & FDCAN_IT_GROUP_BIT_LINE_ERROR) != 0U)) || \
2876:platform/HAL/src/stm32g4xx_hal_fdcan.c ****         (((ITs_enabled & FDCAN_IT_LIST_PROTOCOL_ERROR) != 0U)
2877:platform/HAL/src/stm32g4xx_hal_fdcan.c ****          && (((ITs_lines_selection) & FDCAN_IT_GROUP_PROTOCOL_ERROR) != 0U)))
2878:platform/HAL/src/stm32g4xx_hal_fdcan.c ****     {
2879:platform/HAL/src/stm32g4xx_hal_fdcan.c ****       /* Do nothing */
2880:platform/HAL/src/stm32g4xx_hal_fdcan.c ****     }
ARM GAS  /tmp/cc2SU6oB.s 			page 52


2881:platform/HAL/src/stm32g4xx_hal_fdcan.c ****     else /* no more interrupts enabled on interrupt line 1 */
2882:platform/HAL/src/stm32g4xx_hal_fdcan.c ****     {
2883:platform/HAL/src/stm32g4xx_hal_fdcan.c ****       /* Disable interrupt line 1 */
2884:platform/HAL/src/stm32g4xx_hal_fdcan.c ****       CLEAR_BIT(hfdcan->Instance->ILE, FDCAN_INTERRUPT_LINE1);
2885:platform/HAL/src/stm32g4xx_hal_fdcan.c ****     }
2886:platform/HAL/src/stm32g4xx_hal_fdcan.c **** 
2887:platform/HAL/src/stm32g4xx_hal_fdcan.c ****     /* Return function status */
2888:platform/HAL/src/stm32g4xx_hal_fdcan.c ****     return HAL_OK;
2889:platform/HAL/src/stm32g4xx_hal_fdcan.c ****   }
2890:platform/HAL/src/stm32g4xx_hal_fdcan.c ****   else
2891:platform/HAL/src/stm32g4xx_hal_fdcan.c ****   {
2892:platform/HAL/src/stm32g4xx_hal_fdcan.c ****     /* Update error code */
2893:platform/HAL/src/stm32g4xx_hal_fdcan.c ****     hfdcan->ErrorCode |= HAL_FDCAN_ERROR_NOT_INITIALIZED;
2894:platform/HAL/src/stm32g4xx_hal_fdcan.c **** 
2895:platform/HAL/src/stm32g4xx_hal_fdcan.c ****     return HAL_ERROR;
2896:platform/HAL/src/stm32g4xx_hal_fdcan.c ****   }
2897:platform/HAL/src/stm32g4xx_hal_fdcan.c **** }
2898:platform/HAL/src/stm32g4xx_hal_fdcan.c **** 
2899:platform/HAL/src/stm32g4xx_hal_fdcan.c **** /**
2900:platform/HAL/src/stm32g4xx_hal_fdcan.c ****   * @brief  Handles FDCAN interrupt request.
2901:platform/HAL/src/stm32g4xx_hal_fdcan.c ****   * @param  hfdcan pointer to an FDCAN_HandleTypeDef structure that contains
2902:platform/HAL/src/stm32g4xx_hal_fdcan.c ****   *         the configuration information for the specified FDCAN.
2903:platform/HAL/src/stm32g4xx_hal_fdcan.c ****   * @retval HAL status
2904:platform/HAL/src/stm32g4xx_hal_fdcan.c ****   */
2905:platform/HAL/src/stm32g4xx_hal_fdcan.c **** void HAL_FDCAN_IRQHandler(FDCAN_HandleTypeDef *hfdcan)
2906:platform/HAL/src/stm32g4xx_hal_fdcan.c **** {
2907:platform/HAL/src/stm32g4xx_hal_fdcan.c ****   uint32_t TxEventFifoITs;
2908:platform/HAL/src/stm32g4xx_hal_fdcan.c ****   uint32_t RxFifo0ITs;
2909:platform/HAL/src/stm32g4xx_hal_fdcan.c ****   uint32_t RxFifo1ITs;
2910:platform/HAL/src/stm32g4xx_hal_fdcan.c ****   uint32_t Errors;
2911:platform/HAL/src/stm32g4xx_hal_fdcan.c ****   uint32_t ErrorStatusITs;
2912:platform/HAL/src/stm32g4xx_hal_fdcan.c ****   uint32_t TransmittedBuffers;
2913:platform/HAL/src/stm32g4xx_hal_fdcan.c ****   uint32_t AbortedBuffers;
2914:platform/HAL/src/stm32g4xx_hal_fdcan.c ****   uint32_t itsource;
2915:platform/HAL/src/stm32g4xx_hal_fdcan.c ****   uint32_t itflag;
2916:platform/HAL/src/stm32g4xx_hal_fdcan.c **** 
2917:platform/HAL/src/stm32g4xx_hal_fdcan.c ****   TxEventFifoITs = hfdcan->Instance->IR & FDCAN_TX_EVENT_FIFO_MASK;
2918:platform/HAL/src/stm32g4xx_hal_fdcan.c ****   TxEventFifoITs &= hfdcan->Instance->IE;
2919:platform/HAL/src/stm32g4xx_hal_fdcan.c ****   RxFifo0ITs = hfdcan->Instance->IR & FDCAN_RX_FIFO0_MASK;
2920:platform/HAL/src/stm32g4xx_hal_fdcan.c ****   RxFifo0ITs &= hfdcan->Instance->IE;
2921:platform/HAL/src/stm32g4xx_hal_fdcan.c ****   RxFifo1ITs = hfdcan->Instance->IR & FDCAN_RX_FIFO1_MASK;
2922:platform/HAL/src/stm32g4xx_hal_fdcan.c ****   RxFifo1ITs &= hfdcan->Instance->IE;
2923:platform/HAL/src/stm32g4xx_hal_fdcan.c ****   Errors = hfdcan->Instance->IR & FDCAN_ERROR_MASK;
2924:platform/HAL/src/stm32g4xx_hal_fdcan.c ****   Errors &= hfdcan->Instance->IE;
2925:platform/HAL/src/stm32g4xx_hal_fdcan.c ****   ErrorStatusITs = hfdcan->Instance->IR & FDCAN_ERROR_STATUS_MASK;
2926:platform/HAL/src/stm32g4xx_hal_fdcan.c ****   ErrorStatusITs &= hfdcan->Instance->IE;
2927:platform/HAL/src/stm32g4xx_hal_fdcan.c ****   itsource = hfdcan->Instance->IE;
2928:platform/HAL/src/stm32g4xx_hal_fdcan.c ****   itflag = hfdcan->Instance->IR;
2929:platform/HAL/src/stm32g4xx_hal_fdcan.c **** 
2930:platform/HAL/src/stm32g4xx_hal_fdcan.c ****   /* High Priority Message interrupt management *******************************/
2931:platform/HAL/src/stm32g4xx_hal_fdcan.c ****   if (FDCAN_CHECK_FLAG(itflag, FDCAN_FLAG_RX_HIGH_PRIORITY_MSG) != RESET)
2932:platform/HAL/src/stm32g4xx_hal_fdcan.c ****   {
2933:platform/HAL/src/stm32g4xx_hal_fdcan.c ****     if (FDCAN_CHECK_IT_SOURCE(itsource, FDCAN_IT_RX_HIGH_PRIORITY_MSG) != RESET)
2934:platform/HAL/src/stm32g4xx_hal_fdcan.c ****     {
2935:platform/HAL/src/stm32g4xx_hal_fdcan.c ****       /* Clear the High Priority Message flag */
2936:platform/HAL/src/stm32g4xx_hal_fdcan.c ****       __HAL_FDCAN_CLEAR_FLAG(hfdcan, FDCAN_FLAG_RX_HIGH_PRIORITY_MSG);
2937:platform/HAL/src/stm32g4xx_hal_fdcan.c **** 
ARM GAS  /tmp/cc2SU6oB.s 			page 53


2938:platform/HAL/src/stm32g4xx_hal_fdcan.c **** #if USE_HAL_FDCAN_REGISTER_CALLBACKS == 1
2939:platform/HAL/src/stm32g4xx_hal_fdcan.c ****       /* Call registered callback*/
2940:platform/HAL/src/stm32g4xx_hal_fdcan.c ****       hfdcan->HighPriorityMessageCallback(hfdcan);
2941:platform/HAL/src/stm32g4xx_hal_fdcan.c **** #else
2942:platform/HAL/src/stm32g4xx_hal_fdcan.c ****       /* High Priority Message Callback */
2943:platform/HAL/src/stm32g4xx_hal_fdcan.c ****       HAL_FDCAN_HighPriorityMessageCallback(hfdcan);
2944:platform/HAL/src/stm32g4xx_hal_fdcan.c **** #endif /* USE_HAL_FDCAN_REGISTER_CALLBACKS */
2945:platform/HAL/src/stm32g4xx_hal_fdcan.c ****     }
2946:platform/HAL/src/stm32g4xx_hal_fdcan.c ****   }
2947:platform/HAL/src/stm32g4xx_hal_fdcan.c **** 
2948:platform/HAL/src/stm32g4xx_hal_fdcan.c ****   /* Transmission Abort interrupt management **********************************/
2949:platform/HAL/src/stm32g4xx_hal_fdcan.c ****   if (FDCAN_CHECK_FLAG(itflag, FDCAN_FLAG_TX_ABORT_COMPLETE) != RESET)
2950:platform/HAL/src/stm32g4xx_hal_fdcan.c ****   {
2951:platform/HAL/src/stm32g4xx_hal_fdcan.c ****     if (FDCAN_CHECK_IT_SOURCE(itsource, FDCAN_IT_TX_ABORT_COMPLETE) != RESET)
2952:platform/HAL/src/stm32g4xx_hal_fdcan.c ****     {
2953:platform/HAL/src/stm32g4xx_hal_fdcan.c ****       /* List of aborted monitored buffers */
2954:platform/HAL/src/stm32g4xx_hal_fdcan.c ****       AbortedBuffers = hfdcan->Instance->TXBCF;
2955:platform/HAL/src/stm32g4xx_hal_fdcan.c ****       AbortedBuffers &= hfdcan->Instance->TXBCIE;
2956:platform/HAL/src/stm32g4xx_hal_fdcan.c **** 
2957:platform/HAL/src/stm32g4xx_hal_fdcan.c ****       /* Clear the Transmission Cancellation flag */
2958:platform/HAL/src/stm32g4xx_hal_fdcan.c ****       __HAL_FDCAN_CLEAR_FLAG(hfdcan, FDCAN_FLAG_TX_ABORT_COMPLETE);
2959:platform/HAL/src/stm32g4xx_hal_fdcan.c **** 
2960:platform/HAL/src/stm32g4xx_hal_fdcan.c **** #if USE_HAL_FDCAN_REGISTER_CALLBACKS == 1
2961:platform/HAL/src/stm32g4xx_hal_fdcan.c ****       /* Call registered callback*/
2962:platform/HAL/src/stm32g4xx_hal_fdcan.c ****       hfdcan->TxBufferAbortCallback(hfdcan, AbortedBuffers);
2963:platform/HAL/src/stm32g4xx_hal_fdcan.c **** #else
2964:platform/HAL/src/stm32g4xx_hal_fdcan.c ****       /* Transmission Cancellation Callback */
2965:platform/HAL/src/stm32g4xx_hal_fdcan.c ****       HAL_FDCAN_TxBufferAbortCallback(hfdcan, AbortedBuffers);
2966:platform/HAL/src/stm32g4xx_hal_fdcan.c **** #endif /* USE_HAL_FDCAN_REGISTER_CALLBACKS */
2967:platform/HAL/src/stm32g4xx_hal_fdcan.c ****     }
2968:platform/HAL/src/stm32g4xx_hal_fdcan.c ****   }
2969:platform/HAL/src/stm32g4xx_hal_fdcan.c **** 
2970:platform/HAL/src/stm32g4xx_hal_fdcan.c ****   /* Tx event FIFO interrupts management **************************************/
2971:platform/HAL/src/stm32g4xx_hal_fdcan.c ****   if (TxEventFifoITs != 0U)
2972:platform/HAL/src/stm32g4xx_hal_fdcan.c ****   {
2973:platform/HAL/src/stm32g4xx_hal_fdcan.c ****     /* Clear the Tx Event FIFO flags */
2974:platform/HAL/src/stm32g4xx_hal_fdcan.c ****     __HAL_FDCAN_CLEAR_FLAG(hfdcan, TxEventFifoITs);
2975:platform/HAL/src/stm32g4xx_hal_fdcan.c **** 
2976:platform/HAL/src/stm32g4xx_hal_fdcan.c **** #if USE_HAL_FDCAN_REGISTER_CALLBACKS == 1
2977:platform/HAL/src/stm32g4xx_hal_fdcan.c ****     /* Call registered callback*/
2978:platform/HAL/src/stm32g4xx_hal_fdcan.c ****     hfdcan->TxEventFifoCallback(hfdcan, TxEventFifoITs);
2979:platform/HAL/src/stm32g4xx_hal_fdcan.c **** #else
2980:platform/HAL/src/stm32g4xx_hal_fdcan.c ****     /* Tx Event FIFO Callback */
2981:platform/HAL/src/stm32g4xx_hal_fdcan.c ****     HAL_FDCAN_TxEventFifoCallback(hfdcan, TxEventFifoITs);
2982:platform/HAL/src/stm32g4xx_hal_fdcan.c **** #endif /* USE_HAL_FDCAN_REGISTER_CALLBACKS */
2983:platform/HAL/src/stm32g4xx_hal_fdcan.c ****   }
2984:platform/HAL/src/stm32g4xx_hal_fdcan.c **** 
2985:platform/HAL/src/stm32g4xx_hal_fdcan.c ****   /* Rx FIFO 0 interrupts management ******************************************/
2986:platform/HAL/src/stm32g4xx_hal_fdcan.c ****   if (RxFifo0ITs != 0U)
2987:platform/HAL/src/stm32g4xx_hal_fdcan.c ****   {
2988:platform/HAL/src/stm32g4xx_hal_fdcan.c ****     /* Clear the Rx FIFO 0 flags */
2989:platform/HAL/src/stm32g4xx_hal_fdcan.c ****     __HAL_FDCAN_CLEAR_FLAG(hfdcan, RxFifo0ITs);
2990:platform/HAL/src/stm32g4xx_hal_fdcan.c **** 
2991:platform/HAL/src/stm32g4xx_hal_fdcan.c **** #if USE_HAL_FDCAN_REGISTER_CALLBACKS == 1
2992:platform/HAL/src/stm32g4xx_hal_fdcan.c ****     /* Call registered callback*/
2993:platform/HAL/src/stm32g4xx_hal_fdcan.c ****     hfdcan->RxFifo0Callback(hfdcan, RxFifo0ITs);
2994:platform/HAL/src/stm32g4xx_hal_fdcan.c **** #else
ARM GAS  /tmp/cc2SU6oB.s 			page 54


2995:platform/HAL/src/stm32g4xx_hal_fdcan.c ****     /* Rx FIFO 0 Callback */
2996:platform/HAL/src/stm32g4xx_hal_fdcan.c ****     HAL_FDCAN_RxFifo0Callback(hfdcan, RxFifo0ITs);
2997:platform/HAL/src/stm32g4xx_hal_fdcan.c **** #endif /* USE_HAL_FDCAN_REGISTER_CALLBACKS */
2998:platform/HAL/src/stm32g4xx_hal_fdcan.c ****   }
2999:platform/HAL/src/stm32g4xx_hal_fdcan.c **** 
3000:platform/HAL/src/stm32g4xx_hal_fdcan.c ****   /* Rx FIFO 1 interrupts management ******************************************/
3001:platform/HAL/src/stm32g4xx_hal_fdcan.c ****   if (RxFifo1ITs != 0U)
3002:platform/HAL/src/stm32g4xx_hal_fdcan.c ****   {
3003:platform/HAL/src/stm32g4xx_hal_fdcan.c ****     /* Clear the Rx FIFO 1 flags */
3004:platform/HAL/src/stm32g4xx_hal_fdcan.c ****     __HAL_FDCAN_CLEAR_FLAG(hfdcan, RxFifo1ITs);
3005:platform/HAL/src/stm32g4xx_hal_fdcan.c **** 
3006:platform/HAL/src/stm32g4xx_hal_fdcan.c **** #if USE_HAL_FDCAN_REGISTER_CALLBACKS == 1
3007:platform/HAL/src/stm32g4xx_hal_fdcan.c ****     /* Call registered callback*/
3008:platform/HAL/src/stm32g4xx_hal_fdcan.c ****     hfdcan->RxFifo1Callback(hfdcan, RxFifo1ITs);
3009:platform/HAL/src/stm32g4xx_hal_fdcan.c **** #else
3010:platform/HAL/src/stm32g4xx_hal_fdcan.c ****     /* Rx FIFO 1 Callback */
3011:platform/HAL/src/stm32g4xx_hal_fdcan.c ****     HAL_FDCAN_RxFifo1Callback(hfdcan, RxFifo1ITs);
3012:platform/HAL/src/stm32g4xx_hal_fdcan.c **** #endif /* USE_HAL_FDCAN_REGISTER_CALLBACKS */
3013:platform/HAL/src/stm32g4xx_hal_fdcan.c ****   }
3014:platform/HAL/src/stm32g4xx_hal_fdcan.c **** 
3015:platform/HAL/src/stm32g4xx_hal_fdcan.c ****   /* Tx FIFO empty interrupt management ***************************************/
3016:platform/HAL/src/stm32g4xx_hal_fdcan.c ****   if (FDCAN_CHECK_FLAG(itflag, FDCAN_FLAG_TX_FIFO_EMPTY) != RESET)
3017:platform/HAL/src/stm32g4xx_hal_fdcan.c ****   {
3018:platform/HAL/src/stm32g4xx_hal_fdcan.c ****     if (FDCAN_CHECK_IT_SOURCE(itsource, FDCAN_IT_TX_FIFO_EMPTY) != RESET)
3019:platform/HAL/src/stm32g4xx_hal_fdcan.c ****     {
3020:platform/HAL/src/stm32g4xx_hal_fdcan.c ****       /* Clear the Tx FIFO empty flag */
3021:platform/HAL/src/stm32g4xx_hal_fdcan.c ****       __HAL_FDCAN_CLEAR_FLAG(hfdcan, FDCAN_FLAG_TX_FIFO_EMPTY);
3022:platform/HAL/src/stm32g4xx_hal_fdcan.c **** 
3023:platform/HAL/src/stm32g4xx_hal_fdcan.c **** #if USE_HAL_FDCAN_REGISTER_CALLBACKS == 1
3024:platform/HAL/src/stm32g4xx_hal_fdcan.c ****       /* Call registered callback*/
3025:platform/HAL/src/stm32g4xx_hal_fdcan.c ****       hfdcan->TxFifoEmptyCallback(hfdcan);
3026:platform/HAL/src/stm32g4xx_hal_fdcan.c **** #else
3027:platform/HAL/src/stm32g4xx_hal_fdcan.c ****       /* Tx FIFO empty Callback */
3028:platform/HAL/src/stm32g4xx_hal_fdcan.c ****       HAL_FDCAN_TxFifoEmptyCallback(hfdcan);
3029:platform/HAL/src/stm32g4xx_hal_fdcan.c **** #endif /* USE_HAL_FDCAN_REGISTER_CALLBACKS */
3030:platform/HAL/src/stm32g4xx_hal_fdcan.c ****     }
3031:platform/HAL/src/stm32g4xx_hal_fdcan.c ****   }
3032:platform/HAL/src/stm32g4xx_hal_fdcan.c **** 
3033:platform/HAL/src/stm32g4xx_hal_fdcan.c ****   /* Transmission Complete interrupt management *******************************/
3034:platform/HAL/src/stm32g4xx_hal_fdcan.c ****   if (FDCAN_CHECK_FLAG(itflag, FDCAN_FLAG_TX_COMPLETE) != RESET)
3035:platform/HAL/src/stm32g4xx_hal_fdcan.c ****   {
3036:platform/HAL/src/stm32g4xx_hal_fdcan.c ****     if (FDCAN_CHECK_IT_SOURCE(itsource, FDCAN_IT_TX_COMPLETE) != RESET)
3037:platform/HAL/src/stm32g4xx_hal_fdcan.c ****     {
3038:platform/HAL/src/stm32g4xx_hal_fdcan.c ****       /* List of transmitted monitored buffers */
3039:platform/HAL/src/stm32g4xx_hal_fdcan.c ****       TransmittedBuffers = hfdcan->Instance->TXBTO;
3040:platform/HAL/src/stm32g4xx_hal_fdcan.c ****       TransmittedBuffers &= hfdcan->Instance->TXBTIE;
3041:platform/HAL/src/stm32g4xx_hal_fdcan.c **** 
3042:platform/HAL/src/stm32g4xx_hal_fdcan.c ****       /* Clear the Transmission Complete flag */
3043:platform/HAL/src/stm32g4xx_hal_fdcan.c ****       __HAL_FDCAN_CLEAR_FLAG(hfdcan, FDCAN_FLAG_TX_COMPLETE);
3044:platform/HAL/src/stm32g4xx_hal_fdcan.c **** 
3045:platform/HAL/src/stm32g4xx_hal_fdcan.c **** #if USE_HAL_FDCAN_REGISTER_CALLBACKS == 1
3046:platform/HAL/src/stm32g4xx_hal_fdcan.c ****       /* Call registered callback*/
3047:platform/HAL/src/stm32g4xx_hal_fdcan.c ****       hfdcan->TxBufferCompleteCallback(hfdcan, TransmittedBuffers);
3048:platform/HAL/src/stm32g4xx_hal_fdcan.c **** #else
3049:platform/HAL/src/stm32g4xx_hal_fdcan.c ****       /* Transmission Complete Callback */
3050:platform/HAL/src/stm32g4xx_hal_fdcan.c ****       HAL_FDCAN_TxBufferCompleteCallback(hfdcan, TransmittedBuffers);
3051:platform/HAL/src/stm32g4xx_hal_fdcan.c **** #endif /* USE_HAL_FDCAN_REGISTER_CALLBACKS */
ARM GAS  /tmp/cc2SU6oB.s 			page 55


3052:platform/HAL/src/stm32g4xx_hal_fdcan.c ****     }
3053:platform/HAL/src/stm32g4xx_hal_fdcan.c ****   }
3054:platform/HAL/src/stm32g4xx_hal_fdcan.c **** 
3055:platform/HAL/src/stm32g4xx_hal_fdcan.c ****   /* Timestamp Wraparound interrupt management ********************************/
3056:platform/HAL/src/stm32g4xx_hal_fdcan.c ****   if (FDCAN_CHECK_FLAG(itflag, FDCAN_FLAG_TIMESTAMP_WRAPAROUND) != RESET)
3057:platform/HAL/src/stm32g4xx_hal_fdcan.c ****   {
3058:platform/HAL/src/stm32g4xx_hal_fdcan.c ****     if (FDCAN_CHECK_IT_SOURCE(itsource, FDCAN_IT_TIMESTAMP_WRAPAROUND) != RESET)
3059:platform/HAL/src/stm32g4xx_hal_fdcan.c ****     {
3060:platform/HAL/src/stm32g4xx_hal_fdcan.c ****       /* Clear the Timestamp Wraparound flag */
3061:platform/HAL/src/stm32g4xx_hal_fdcan.c ****       __HAL_FDCAN_CLEAR_FLAG(hfdcan, FDCAN_FLAG_TIMESTAMP_WRAPAROUND);
3062:platform/HAL/src/stm32g4xx_hal_fdcan.c **** 
3063:platform/HAL/src/stm32g4xx_hal_fdcan.c **** #if USE_HAL_FDCAN_REGISTER_CALLBACKS == 1
3064:platform/HAL/src/stm32g4xx_hal_fdcan.c ****       /* Call registered callback*/
3065:platform/HAL/src/stm32g4xx_hal_fdcan.c ****       hfdcan->TimestampWraparoundCallback(hfdcan);
3066:platform/HAL/src/stm32g4xx_hal_fdcan.c **** #else
3067:platform/HAL/src/stm32g4xx_hal_fdcan.c ****       /* Timestamp Wraparound Callback */
3068:platform/HAL/src/stm32g4xx_hal_fdcan.c ****       HAL_FDCAN_TimestampWraparoundCallback(hfdcan);
3069:platform/HAL/src/stm32g4xx_hal_fdcan.c **** #endif /* USE_HAL_FDCAN_REGISTER_CALLBACKS */
3070:platform/HAL/src/stm32g4xx_hal_fdcan.c ****     }
3071:platform/HAL/src/stm32g4xx_hal_fdcan.c ****   }
3072:platform/HAL/src/stm32g4xx_hal_fdcan.c **** 
3073:platform/HAL/src/stm32g4xx_hal_fdcan.c ****   /* Timeout Occurred interrupt management ************************************/
3074:platform/HAL/src/stm32g4xx_hal_fdcan.c ****   if (FDCAN_CHECK_FLAG(itflag, FDCAN_FLAG_TIMEOUT_OCCURRED) != RESET)
3075:platform/HAL/src/stm32g4xx_hal_fdcan.c ****   {
3076:platform/HAL/src/stm32g4xx_hal_fdcan.c ****     if (FDCAN_CHECK_IT_SOURCE(itsource, FDCAN_IT_TIMEOUT_OCCURRED) != RESET)
3077:platform/HAL/src/stm32g4xx_hal_fdcan.c ****     {
3078:platform/HAL/src/stm32g4xx_hal_fdcan.c ****       /* Clear the Timeout Occurred flag */
3079:platform/HAL/src/stm32g4xx_hal_fdcan.c ****       __HAL_FDCAN_CLEAR_FLAG(hfdcan, FDCAN_FLAG_TIMEOUT_OCCURRED);
3080:platform/HAL/src/stm32g4xx_hal_fdcan.c **** 
3081:platform/HAL/src/stm32g4xx_hal_fdcan.c **** #if USE_HAL_FDCAN_REGISTER_CALLBACKS == 1
3082:platform/HAL/src/stm32g4xx_hal_fdcan.c ****       /* Call registered callback*/
3083:platform/HAL/src/stm32g4xx_hal_fdcan.c ****       hfdcan->TimeoutOccurredCallback(hfdcan);
3084:platform/HAL/src/stm32g4xx_hal_fdcan.c **** #else
3085:platform/HAL/src/stm32g4xx_hal_fdcan.c ****       /* Timeout Occurred Callback */
3086:platform/HAL/src/stm32g4xx_hal_fdcan.c ****       HAL_FDCAN_TimeoutOccurredCallback(hfdcan);
3087:platform/HAL/src/stm32g4xx_hal_fdcan.c **** #endif /* USE_HAL_FDCAN_REGISTER_CALLBACKS */
3088:platform/HAL/src/stm32g4xx_hal_fdcan.c ****     }
3089:platform/HAL/src/stm32g4xx_hal_fdcan.c ****   }
3090:platform/HAL/src/stm32g4xx_hal_fdcan.c **** 
3091:platform/HAL/src/stm32g4xx_hal_fdcan.c ****   /* Message RAM access failure interrupt management **************************/
3092:platform/HAL/src/stm32g4xx_hal_fdcan.c ****   if (FDCAN_CHECK_FLAG(itflag, FDCAN_FLAG_RAM_ACCESS_FAILURE) != RESET)
3093:platform/HAL/src/stm32g4xx_hal_fdcan.c ****   {
3094:platform/HAL/src/stm32g4xx_hal_fdcan.c ****     if (FDCAN_CHECK_IT_SOURCE(itsource, FDCAN_IT_RAM_ACCESS_FAILURE) != RESET)
3095:platform/HAL/src/stm32g4xx_hal_fdcan.c ****     {
3096:platform/HAL/src/stm32g4xx_hal_fdcan.c ****       /* Clear the Message RAM access failure flag */
3097:platform/HAL/src/stm32g4xx_hal_fdcan.c ****       __HAL_FDCAN_CLEAR_FLAG(hfdcan, FDCAN_FLAG_RAM_ACCESS_FAILURE);
3098:platform/HAL/src/stm32g4xx_hal_fdcan.c **** 
3099:platform/HAL/src/stm32g4xx_hal_fdcan.c ****       /* Update error code */
3100:platform/HAL/src/stm32g4xx_hal_fdcan.c ****       hfdcan->ErrorCode |= HAL_FDCAN_ERROR_RAM_ACCESS;
3101:platform/HAL/src/stm32g4xx_hal_fdcan.c ****     }
3102:platform/HAL/src/stm32g4xx_hal_fdcan.c ****   }
3103:platform/HAL/src/stm32g4xx_hal_fdcan.c **** 
3104:platform/HAL/src/stm32g4xx_hal_fdcan.c ****   /* Error Status interrupts management ***************************************/
3105:platform/HAL/src/stm32g4xx_hal_fdcan.c ****   if (ErrorStatusITs != 0U)
3106:platform/HAL/src/stm32g4xx_hal_fdcan.c ****   {
3107:platform/HAL/src/stm32g4xx_hal_fdcan.c ****     /* Clear the Error flags */
3108:platform/HAL/src/stm32g4xx_hal_fdcan.c ****     __HAL_FDCAN_CLEAR_FLAG(hfdcan, ErrorStatusITs);
ARM GAS  /tmp/cc2SU6oB.s 			page 56


3109:platform/HAL/src/stm32g4xx_hal_fdcan.c **** 
3110:platform/HAL/src/stm32g4xx_hal_fdcan.c **** #if USE_HAL_FDCAN_REGISTER_CALLBACKS == 1
3111:platform/HAL/src/stm32g4xx_hal_fdcan.c ****     /* Call registered callback*/
3112:platform/HAL/src/stm32g4xx_hal_fdcan.c ****     hfdcan->ErrorStatusCallback(hfdcan, ErrorStatusITs);
3113:platform/HAL/src/stm32g4xx_hal_fdcan.c **** #else
3114:platform/HAL/src/stm32g4xx_hal_fdcan.c ****     /* Error Status Callback */
3115:platform/HAL/src/stm32g4xx_hal_fdcan.c ****     HAL_FDCAN_ErrorStatusCallback(hfdcan, ErrorStatusITs);
3116:platform/HAL/src/stm32g4xx_hal_fdcan.c **** #endif /* USE_HAL_FDCAN_REGISTER_CALLBACKS */
3117:platform/HAL/src/stm32g4xx_hal_fdcan.c ****   }
3118:platform/HAL/src/stm32g4xx_hal_fdcan.c **** 
3119:platform/HAL/src/stm32g4xx_hal_fdcan.c ****   /* Error interrupts management **********************************************/
3120:platform/HAL/src/stm32g4xx_hal_fdcan.c ****   if (Errors != 0U)
3121:platform/HAL/src/stm32g4xx_hal_fdcan.c ****   {
3122:platform/HAL/src/stm32g4xx_hal_fdcan.c ****     /* Clear the Error flags */
3123:platform/HAL/src/stm32g4xx_hal_fdcan.c ****     __HAL_FDCAN_CLEAR_FLAG(hfdcan, Errors);
3124:platform/HAL/src/stm32g4xx_hal_fdcan.c **** 
3125:platform/HAL/src/stm32g4xx_hal_fdcan.c ****     /* Update error code */
3126:platform/HAL/src/stm32g4xx_hal_fdcan.c ****     hfdcan->ErrorCode |= Errors;
3127:platform/HAL/src/stm32g4xx_hal_fdcan.c ****   }
3128:platform/HAL/src/stm32g4xx_hal_fdcan.c **** 
3129:platform/HAL/src/stm32g4xx_hal_fdcan.c ****   if (hfdcan->ErrorCode != HAL_FDCAN_ERROR_NONE)
3130:platform/HAL/src/stm32g4xx_hal_fdcan.c ****   {
3131:platform/HAL/src/stm32g4xx_hal_fdcan.c **** #if USE_HAL_FDCAN_REGISTER_CALLBACKS == 1
3132:platform/HAL/src/stm32g4xx_hal_fdcan.c ****     /* Call registered callback*/
3133:platform/HAL/src/stm32g4xx_hal_fdcan.c ****     hfdcan->ErrorCallback(hfdcan);
3134:platform/HAL/src/stm32g4xx_hal_fdcan.c **** #else
3135:platform/HAL/src/stm32g4xx_hal_fdcan.c ****     /* Error Callback */
3136:platform/HAL/src/stm32g4xx_hal_fdcan.c ****     HAL_FDCAN_ErrorCallback(hfdcan);
3137:platform/HAL/src/stm32g4xx_hal_fdcan.c **** #endif /* USE_HAL_FDCAN_REGISTER_CALLBACKS */
3138:platform/HAL/src/stm32g4xx_hal_fdcan.c ****   }
3139:platform/HAL/src/stm32g4xx_hal_fdcan.c **** }
3140:platform/HAL/src/stm32g4xx_hal_fdcan.c **** 
3141:platform/HAL/src/stm32g4xx_hal_fdcan.c **** /**
3142:platform/HAL/src/stm32g4xx_hal_fdcan.c ****   * @}
3143:platform/HAL/src/stm32g4xx_hal_fdcan.c ****   */
3144:platform/HAL/src/stm32g4xx_hal_fdcan.c **** 
3145:platform/HAL/src/stm32g4xx_hal_fdcan.c **** /** @defgroup FDCAN_Exported_Functions_Group5 Callback functions
3146:platform/HAL/src/stm32g4xx_hal_fdcan.c ****   *  @brief   FDCAN Callback functions
3147:platform/HAL/src/stm32g4xx_hal_fdcan.c ****   *
3148:platform/HAL/src/stm32g4xx_hal_fdcan.c **** @verbatim
3149:platform/HAL/src/stm32g4xx_hal_fdcan.c ****   ==============================================================================
3150:platform/HAL/src/stm32g4xx_hal_fdcan.c ****                           ##### Callback functions #####
3151:platform/HAL/src/stm32g4xx_hal_fdcan.c ****   ==============================================================================
3152:platform/HAL/src/stm32g4xx_hal_fdcan.c ****     [..]
3153:platform/HAL/src/stm32g4xx_hal_fdcan.c ****     This subsection provides the following callback functions:
3154:platform/HAL/src/stm32g4xx_hal_fdcan.c ****       (+) HAL_FDCAN_TxEventFifoCallback
3155:platform/HAL/src/stm32g4xx_hal_fdcan.c ****       (+) HAL_FDCAN_RxFifo0Callback
3156:platform/HAL/src/stm32g4xx_hal_fdcan.c ****       (+) HAL_FDCAN_RxFifo1Callback
3157:platform/HAL/src/stm32g4xx_hal_fdcan.c ****       (+) HAL_FDCAN_TxFifoEmptyCallback
3158:platform/HAL/src/stm32g4xx_hal_fdcan.c ****       (+) HAL_FDCAN_TxBufferCompleteCallback
3159:platform/HAL/src/stm32g4xx_hal_fdcan.c ****       (+) HAL_FDCAN_TxBufferAbortCallback
3160:platform/HAL/src/stm32g4xx_hal_fdcan.c ****       (+) HAL_FDCAN_HighPriorityMessageCallback
3161:platform/HAL/src/stm32g4xx_hal_fdcan.c ****       (+) HAL_FDCAN_TimestampWraparoundCallback
3162:platform/HAL/src/stm32g4xx_hal_fdcan.c ****       (+) HAL_FDCAN_TimeoutOccurredCallback
3163:platform/HAL/src/stm32g4xx_hal_fdcan.c ****       (+) HAL_FDCAN_ErrorCallback
3164:platform/HAL/src/stm32g4xx_hal_fdcan.c ****       (+) HAL_FDCAN_ErrorStatusCallback
3165:platform/HAL/src/stm32g4xx_hal_fdcan.c **** 
ARM GAS  /tmp/cc2SU6oB.s 			page 57


3166:platform/HAL/src/stm32g4xx_hal_fdcan.c **** @endverbatim
3167:platform/HAL/src/stm32g4xx_hal_fdcan.c ****   * @{
3168:platform/HAL/src/stm32g4xx_hal_fdcan.c ****   */
3169:platform/HAL/src/stm32g4xx_hal_fdcan.c **** 
3170:platform/HAL/src/stm32g4xx_hal_fdcan.c **** /**
3171:platform/HAL/src/stm32g4xx_hal_fdcan.c ****   * @brief  Tx Event callback.
3172:platform/HAL/src/stm32g4xx_hal_fdcan.c ****   * @param  hfdcan pointer to an FDCAN_HandleTypeDef structure that contains
3173:platform/HAL/src/stm32g4xx_hal_fdcan.c ****   *         the configuration information for the specified FDCAN.
3174:platform/HAL/src/stm32g4xx_hal_fdcan.c ****   * @param  TxEventFifoITs indicates which Tx Event FIFO interrupts are signaled.
3175:platform/HAL/src/stm32g4xx_hal_fdcan.c ****   *         This parameter can be any combination of @arg FDCAN_Tx_Event_Fifo_Interrupts.
3176:platform/HAL/src/stm32g4xx_hal_fdcan.c ****   * @retval None
3177:platform/HAL/src/stm32g4xx_hal_fdcan.c ****   */
3178:platform/HAL/src/stm32g4xx_hal_fdcan.c **** __weak void HAL_FDCAN_TxEventFifoCallback(FDCAN_HandleTypeDef *hfdcan, uint32_t TxEventFifoITs)
3179:platform/HAL/src/stm32g4xx_hal_fdcan.c **** {
3180:platform/HAL/src/stm32g4xx_hal_fdcan.c ****   /* Prevent unused argument(s) compilation warning */
3181:platform/HAL/src/stm32g4xx_hal_fdcan.c ****   UNUSED(hfdcan);
3182:platform/HAL/src/stm32g4xx_hal_fdcan.c ****   UNUSED(TxEventFifoITs);
3183:platform/HAL/src/stm32g4xx_hal_fdcan.c **** 
3184:platform/HAL/src/stm32g4xx_hal_fdcan.c ****   /* NOTE: This function Should not be modified, when the callback is needed,
3185:platform/HAL/src/stm32g4xx_hal_fdcan.c ****             the HAL_FDCAN_TxEventFifoCallback could be implemented in the user file
3186:platform/HAL/src/stm32g4xx_hal_fdcan.c ****    */
3187:platform/HAL/src/stm32g4xx_hal_fdcan.c **** }
3188:platform/HAL/src/stm32g4xx_hal_fdcan.c **** 
3189:platform/HAL/src/stm32g4xx_hal_fdcan.c **** /**
3190:platform/HAL/src/stm32g4xx_hal_fdcan.c ****   * @brief  Rx FIFO 0 callback.
3191:platform/HAL/src/stm32g4xx_hal_fdcan.c ****   * @param  hfdcan pointer to an FDCAN_HandleTypeDef structure that contains
3192:platform/HAL/src/stm32g4xx_hal_fdcan.c ****   *         the configuration information for the specified FDCAN.
3193:platform/HAL/src/stm32g4xx_hal_fdcan.c ****   * @param  RxFifo0ITs indicates which Rx FIFO 0 interrupts are signaled.
3194:platform/HAL/src/stm32g4xx_hal_fdcan.c ****   *         This parameter can be any combination of @arg FDCAN_Rx_Fifo0_Interrupts.
3195:platform/HAL/src/stm32g4xx_hal_fdcan.c ****   * @retval None
3196:platform/HAL/src/stm32g4xx_hal_fdcan.c ****   */
3197:platform/HAL/src/stm32g4xx_hal_fdcan.c **** __weak void HAL_FDCAN_RxFifo0Callback(FDCAN_HandleTypeDef *hfdcan, uint32_t RxFifo0ITs)
3198:platform/HAL/src/stm32g4xx_hal_fdcan.c **** {
3199:platform/HAL/src/stm32g4xx_hal_fdcan.c ****   /* Prevent unused argument(s) compilation warning */
3200:platform/HAL/src/stm32g4xx_hal_fdcan.c ****   UNUSED(hfdcan);
3201:platform/HAL/src/stm32g4xx_hal_fdcan.c ****   UNUSED(RxFifo0ITs);
3202:platform/HAL/src/stm32g4xx_hal_fdcan.c **** 
3203:platform/HAL/src/stm32g4xx_hal_fdcan.c ****   /* NOTE: This function Should not be modified, when the callback is needed,
3204:platform/HAL/src/stm32g4xx_hal_fdcan.c ****             the HAL_FDCAN_RxFifo0Callback could be implemented in the user file
3205:platform/HAL/src/stm32g4xx_hal_fdcan.c ****    */
3206:platform/HAL/src/stm32g4xx_hal_fdcan.c **** }
3207:platform/HAL/src/stm32g4xx_hal_fdcan.c **** 
3208:platform/HAL/src/stm32g4xx_hal_fdcan.c **** /**
3209:platform/HAL/src/stm32g4xx_hal_fdcan.c ****   * @brief  Rx FIFO 1 callback.
3210:platform/HAL/src/stm32g4xx_hal_fdcan.c ****   * @param  hfdcan pointer to an FDCAN_HandleTypeDef structure that contains
3211:platform/HAL/src/stm32g4xx_hal_fdcan.c ****   *         the configuration information for the specified FDCAN.
3212:platform/HAL/src/stm32g4xx_hal_fdcan.c ****   * @param  RxFifo1ITs indicates which Rx FIFO 1 interrupts are signaled.
3213:platform/HAL/src/stm32g4xx_hal_fdcan.c ****   *         This parameter can be any combination of @arg FDCAN_Rx_Fifo1_Interrupts.
3214:platform/HAL/src/stm32g4xx_hal_fdcan.c ****   * @retval None
3215:platform/HAL/src/stm32g4xx_hal_fdcan.c ****   */
3216:platform/HAL/src/stm32g4xx_hal_fdcan.c **** __weak void HAL_FDCAN_RxFifo1Callback(FDCAN_HandleTypeDef *hfdcan, uint32_t RxFifo1ITs)
3217:platform/HAL/src/stm32g4xx_hal_fdcan.c **** {
3218:platform/HAL/src/stm32g4xx_hal_fdcan.c ****   /* Prevent unused argument(s) compilation warning */
3219:platform/HAL/src/stm32g4xx_hal_fdcan.c ****   UNUSED(hfdcan);
3220:platform/HAL/src/stm32g4xx_hal_fdcan.c ****   UNUSED(RxFifo1ITs);
3221:platform/HAL/src/stm32g4xx_hal_fdcan.c **** 
3222:platform/HAL/src/stm32g4xx_hal_fdcan.c ****   /* NOTE: This function Should not be modified, when the callback is needed,
ARM GAS  /tmp/cc2SU6oB.s 			page 58


3223:platform/HAL/src/stm32g4xx_hal_fdcan.c ****             the HAL_FDCAN_RxFifo1Callback could be implemented in the user file
3224:platform/HAL/src/stm32g4xx_hal_fdcan.c ****    */
3225:platform/HAL/src/stm32g4xx_hal_fdcan.c **** }
3226:platform/HAL/src/stm32g4xx_hal_fdcan.c **** 
3227:platform/HAL/src/stm32g4xx_hal_fdcan.c **** /**
3228:platform/HAL/src/stm32g4xx_hal_fdcan.c ****   * @brief  Tx FIFO Empty callback.
3229:platform/HAL/src/stm32g4xx_hal_fdcan.c ****   * @param  hfdcan pointer to an FDCAN_HandleTypeDef structure that contains
3230:platform/HAL/src/stm32g4xx_hal_fdcan.c ****   *         the configuration information for the specified FDCAN.
3231:platform/HAL/src/stm32g4xx_hal_fdcan.c ****   * @retval None
3232:platform/HAL/src/stm32g4xx_hal_fdcan.c ****   */
3233:platform/HAL/src/stm32g4xx_hal_fdcan.c **** __weak void HAL_FDCAN_TxFifoEmptyCallback(FDCAN_HandleTypeDef *hfdcan)
3234:platform/HAL/src/stm32g4xx_hal_fdcan.c **** {
3235:platform/HAL/src/stm32g4xx_hal_fdcan.c ****   /* Prevent unused argument(s) compilation warning */
3236:platform/HAL/src/stm32g4xx_hal_fdcan.c ****   UNUSED(hfdcan);
3237:platform/HAL/src/stm32g4xx_hal_fdcan.c **** 
3238:platform/HAL/src/stm32g4xx_hal_fdcan.c ****   /* NOTE: This function Should not be modified, when the callback is needed,
3239:platform/HAL/src/stm32g4xx_hal_fdcan.c ****             the HAL_FDCAN_TxFifoEmptyCallback could be implemented in the user file
3240:platform/HAL/src/stm32g4xx_hal_fdcan.c ****    */
3241:platform/HAL/src/stm32g4xx_hal_fdcan.c **** }
3242:platform/HAL/src/stm32g4xx_hal_fdcan.c **** 
3243:platform/HAL/src/stm32g4xx_hal_fdcan.c **** /**
3244:platform/HAL/src/stm32g4xx_hal_fdcan.c ****   * @brief  Transmission Complete callback.
3245:platform/HAL/src/stm32g4xx_hal_fdcan.c ****   * @param  hfdcan pointer to an FDCAN_HandleTypeDef structure that contains
3246:platform/HAL/src/stm32g4xx_hal_fdcan.c ****   *         the configuration information for the specified FDCAN.
3247:platform/HAL/src/stm32g4xx_hal_fdcan.c ****   * @param  BufferIndexes Indexes of the transmitted buffers.
3248:platform/HAL/src/stm32g4xx_hal_fdcan.c ****   *         This parameter can be any combination of @arg FDCAN_Tx_location.
3249:platform/HAL/src/stm32g4xx_hal_fdcan.c ****   * @retval None
3250:platform/HAL/src/stm32g4xx_hal_fdcan.c ****   */
3251:platform/HAL/src/stm32g4xx_hal_fdcan.c **** __weak void HAL_FDCAN_TxBufferCompleteCallback(FDCAN_HandleTypeDef *hfdcan, uint32_t BufferIndexes)
3252:platform/HAL/src/stm32g4xx_hal_fdcan.c **** {
3253:platform/HAL/src/stm32g4xx_hal_fdcan.c ****   /* Prevent unused argument(s) compilation warning */
3254:platform/HAL/src/stm32g4xx_hal_fdcan.c ****   UNUSED(hfdcan);
3255:platform/HAL/src/stm32g4xx_hal_fdcan.c ****   UNUSED(BufferIndexes);
3256:platform/HAL/src/stm32g4xx_hal_fdcan.c **** 
3257:platform/HAL/src/stm32g4xx_hal_fdcan.c ****   /* NOTE: This function Should not be modified, when the callback is needed,
3258:platform/HAL/src/stm32g4xx_hal_fdcan.c ****             the HAL_FDCAN_TxBufferCompleteCallback could be implemented in the user file
3259:platform/HAL/src/stm32g4xx_hal_fdcan.c ****    */
3260:platform/HAL/src/stm32g4xx_hal_fdcan.c **** }
3261:platform/HAL/src/stm32g4xx_hal_fdcan.c **** 
3262:platform/HAL/src/stm32g4xx_hal_fdcan.c **** /**
3263:platform/HAL/src/stm32g4xx_hal_fdcan.c ****   * @brief  Transmission Cancellation callback.
3264:platform/HAL/src/stm32g4xx_hal_fdcan.c ****   * @param  hfdcan pointer to an FDCAN_HandleTypeDef structure that contains
3265:platform/HAL/src/stm32g4xx_hal_fdcan.c ****   *         the configuration information for the specified FDCAN.
3266:platform/HAL/src/stm32g4xx_hal_fdcan.c ****   * @param  BufferIndexes Indexes of the aborted buffers.
3267:platform/HAL/src/stm32g4xx_hal_fdcan.c ****   *         This parameter can be any combination of @arg FDCAN_Tx_location.
3268:platform/HAL/src/stm32g4xx_hal_fdcan.c ****   * @retval None
3269:platform/HAL/src/stm32g4xx_hal_fdcan.c ****   */
3270:platform/HAL/src/stm32g4xx_hal_fdcan.c **** __weak void HAL_FDCAN_TxBufferAbortCallback(FDCAN_HandleTypeDef *hfdcan, uint32_t BufferIndexes)
3271:platform/HAL/src/stm32g4xx_hal_fdcan.c **** {
3272:platform/HAL/src/stm32g4xx_hal_fdcan.c ****   /* Prevent unused argument(s) compilation warning */
3273:platform/HAL/src/stm32g4xx_hal_fdcan.c ****   UNUSED(hfdcan);
3274:platform/HAL/src/stm32g4xx_hal_fdcan.c ****   UNUSED(BufferIndexes);
3275:platform/HAL/src/stm32g4xx_hal_fdcan.c **** 
3276:platform/HAL/src/stm32g4xx_hal_fdcan.c ****   /* NOTE: This function Should not be modified, when the callback is needed,
3277:platform/HAL/src/stm32g4xx_hal_fdcan.c ****             the HAL_FDCAN_TxBufferAbortCallback could be implemented in the user file
3278:platform/HAL/src/stm32g4xx_hal_fdcan.c ****    */
3279:platform/HAL/src/stm32g4xx_hal_fdcan.c **** }
ARM GAS  /tmp/cc2SU6oB.s 			page 59


3280:platform/HAL/src/stm32g4xx_hal_fdcan.c **** 
3281:platform/HAL/src/stm32g4xx_hal_fdcan.c **** /**
3282:platform/HAL/src/stm32g4xx_hal_fdcan.c ****   * @brief  Timestamp Wraparound callback.
3283:platform/HAL/src/stm32g4xx_hal_fdcan.c ****   * @param  hfdcan pointer to an FDCAN_HandleTypeDef structure that contains
3284:platform/HAL/src/stm32g4xx_hal_fdcan.c ****   *         the configuration information for the specified FDCAN.
3285:platform/HAL/src/stm32g4xx_hal_fdcan.c ****   * @retval None
3286:platform/HAL/src/stm32g4xx_hal_fdcan.c ****   */
3287:platform/HAL/src/stm32g4xx_hal_fdcan.c **** __weak void HAL_FDCAN_TimestampWraparoundCallback(FDCAN_HandleTypeDef *hfdcan)
3288:platform/HAL/src/stm32g4xx_hal_fdcan.c **** {
3289:platform/HAL/src/stm32g4xx_hal_fdcan.c ****   /* Prevent unused argument(s) compilation warning */
3290:platform/HAL/src/stm32g4xx_hal_fdcan.c ****   UNUSED(hfdcan);
3291:platform/HAL/src/stm32g4xx_hal_fdcan.c **** 
3292:platform/HAL/src/stm32g4xx_hal_fdcan.c ****   /* NOTE: This function Should not be modified, when the callback is needed,
3293:platform/HAL/src/stm32g4xx_hal_fdcan.c ****             the HAL_FDCAN_TimestampWraparoundCallback could be implemented in the user file
3294:platform/HAL/src/stm32g4xx_hal_fdcan.c ****    */
3295:platform/HAL/src/stm32g4xx_hal_fdcan.c **** }
3296:platform/HAL/src/stm32g4xx_hal_fdcan.c **** 
3297:platform/HAL/src/stm32g4xx_hal_fdcan.c **** /**
3298:platform/HAL/src/stm32g4xx_hal_fdcan.c ****   * @brief  Timeout Occurred callback.
3299:platform/HAL/src/stm32g4xx_hal_fdcan.c ****   * @param  hfdcan pointer to an FDCAN_HandleTypeDef structure that contains
3300:platform/HAL/src/stm32g4xx_hal_fdcan.c ****   *         the configuration information for the specified FDCAN.
3301:platform/HAL/src/stm32g4xx_hal_fdcan.c ****   * @retval None
3302:platform/HAL/src/stm32g4xx_hal_fdcan.c ****   */
3303:platform/HAL/src/stm32g4xx_hal_fdcan.c **** __weak void HAL_FDCAN_TimeoutOccurredCallback(FDCAN_HandleTypeDef *hfdcan)
3304:platform/HAL/src/stm32g4xx_hal_fdcan.c **** {
3305:platform/HAL/src/stm32g4xx_hal_fdcan.c ****   /* Prevent unused argument(s) compilation warning */
3306:platform/HAL/src/stm32g4xx_hal_fdcan.c ****   UNUSED(hfdcan);
3307:platform/HAL/src/stm32g4xx_hal_fdcan.c **** 
3308:platform/HAL/src/stm32g4xx_hal_fdcan.c ****   /* NOTE: This function Should not be modified, when the callback is needed,
3309:platform/HAL/src/stm32g4xx_hal_fdcan.c ****             the HAL_FDCAN_TimeoutOccurredCallback could be implemented in the user file
3310:platform/HAL/src/stm32g4xx_hal_fdcan.c ****    */
3311:platform/HAL/src/stm32g4xx_hal_fdcan.c **** }
3312:platform/HAL/src/stm32g4xx_hal_fdcan.c **** 
3313:platform/HAL/src/stm32g4xx_hal_fdcan.c **** /**
3314:platform/HAL/src/stm32g4xx_hal_fdcan.c ****   * @brief  High Priority Message callback.
3315:platform/HAL/src/stm32g4xx_hal_fdcan.c ****   * @param  hfdcan pointer to an FDCAN_HandleTypeDef structure that contains
3316:platform/HAL/src/stm32g4xx_hal_fdcan.c ****   *         the configuration information for the specified FDCAN.
3317:platform/HAL/src/stm32g4xx_hal_fdcan.c ****   * @retval None
3318:platform/HAL/src/stm32g4xx_hal_fdcan.c ****   */
3319:platform/HAL/src/stm32g4xx_hal_fdcan.c **** __weak void HAL_FDCAN_HighPriorityMessageCallback(FDCAN_HandleTypeDef *hfdcan)
3320:platform/HAL/src/stm32g4xx_hal_fdcan.c **** {
3321:platform/HAL/src/stm32g4xx_hal_fdcan.c ****   /* Prevent unused argument(s) compilation warning */
3322:platform/HAL/src/stm32g4xx_hal_fdcan.c ****   UNUSED(hfdcan);
3323:platform/HAL/src/stm32g4xx_hal_fdcan.c **** 
3324:platform/HAL/src/stm32g4xx_hal_fdcan.c ****   /* NOTE: This function Should not be modified, when the callback is needed,
3325:platform/HAL/src/stm32g4xx_hal_fdcan.c ****             the HAL_FDCAN_HighPriorityMessageCallback could be implemented in the user file
3326:platform/HAL/src/stm32g4xx_hal_fdcan.c ****    */
3327:platform/HAL/src/stm32g4xx_hal_fdcan.c **** }
3328:platform/HAL/src/stm32g4xx_hal_fdcan.c **** 
3329:platform/HAL/src/stm32g4xx_hal_fdcan.c **** /**
3330:platform/HAL/src/stm32g4xx_hal_fdcan.c ****   * @brief  Error callback.
3331:platform/HAL/src/stm32g4xx_hal_fdcan.c ****   * @param  hfdcan pointer to an FDCAN_HandleTypeDef structure that contains
3332:platform/HAL/src/stm32g4xx_hal_fdcan.c ****   *         the configuration information for the specified FDCAN.
3333:platform/HAL/src/stm32g4xx_hal_fdcan.c ****   * @retval None
3334:platform/HAL/src/stm32g4xx_hal_fdcan.c ****   */
3335:platform/HAL/src/stm32g4xx_hal_fdcan.c **** __weak void HAL_FDCAN_ErrorCallback(FDCAN_HandleTypeDef *hfdcan)
3336:platform/HAL/src/stm32g4xx_hal_fdcan.c **** {
ARM GAS  /tmp/cc2SU6oB.s 			page 60


3337:platform/HAL/src/stm32g4xx_hal_fdcan.c ****   /* Prevent unused argument(s) compilation warning */
3338:platform/HAL/src/stm32g4xx_hal_fdcan.c ****   UNUSED(hfdcan);
3339:platform/HAL/src/stm32g4xx_hal_fdcan.c **** 
3340:platform/HAL/src/stm32g4xx_hal_fdcan.c ****   /* NOTE: This function Should not be modified, when the callback is needed,
3341:platform/HAL/src/stm32g4xx_hal_fdcan.c ****             the HAL_FDCAN_ErrorCallback could be implemented in the user file
3342:platform/HAL/src/stm32g4xx_hal_fdcan.c ****    */
3343:platform/HAL/src/stm32g4xx_hal_fdcan.c **** }
3344:platform/HAL/src/stm32g4xx_hal_fdcan.c **** 
3345:platform/HAL/src/stm32g4xx_hal_fdcan.c **** /**
3346:platform/HAL/src/stm32g4xx_hal_fdcan.c ****   * @brief  Error status callback.
3347:platform/HAL/src/stm32g4xx_hal_fdcan.c ****   * @param  hfdcan pointer to an FDCAN_HandleTypeDef structure that contains
3348:platform/HAL/src/stm32g4xx_hal_fdcan.c ****   *         the configuration information for the specified FDCAN.
3349:platform/HAL/src/stm32g4xx_hal_fdcan.c ****   * @param  ErrorStatusITs indicates which Error Status interrupts are signaled.
3350:platform/HAL/src/stm32g4xx_hal_fdcan.c ****   *         This parameter can be any combination of @arg FDCAN_Error_Status_Interrupts.
3351:platform/HAL/src/stm32g4xx_hal_fdcan.c ****   * @retval None
3352:platform/HAL/src/stm32g4xx_hal_fdcan.c ****   */
3353:platform/HAL/src/stm32g4xx_hal_fdcan.c **** __weak void HAL_FDCAN_ErrorStatusCallback(FDCAN_HandleTypeDef *hfdcan, uint32_t ErrorStatusITs)
3354:platform/HAL/src/stm32g4xx_hal_fdcan.c **** {
3355:platform/HAL/src/stm32g4xx_hal_fdcan.c ****   /* Prevent unused argument(s) compilation warning */
3356:platform/HAL/src/stm32g4xx_hal_fdcan.c ****   UNUSED(hfdcan);
3357:platform/HAL/src/stm32g4xx_hal_fdcan.c ****   UNUSED(ErrorStatusITs);
3358:platform/HAL/src/stm32g4xx_hal_fdcan.c **** 
3359:platform/HAL/src/stm32g4xx_hal_fdcan.c ****   /* NOTE: This function Should not be modified, when the callback is needed,
3360:platform/HAL/src/stm32g4xx_hal_fdcan.c ****             the HAL_FDCAN_ErrorStatusCallback could be implemented in the user file
3361:platform/HAL/src/stm32g4xx_hal_fdcan.c ****    */
3362:platform/HAL/src/stm32g4xx_hal_fdcan.c **** }
3363:platform/HAL/src/stm32g4xx_hal_fdcan.c **** 
3364:platform/HAL/src/stm32g4xx_hal_fdcan.c **** /**
3365:platform/HAL/src/stm32g4xx_hal_fdcan.c ****   * @}
3366:platform/HAL/src/stm32g4xx_hal_fdcan.c ****   */
3367:platform/HAL/src/stm32g4xx_hal_fdcan.c **** 
3368:platform/HAL/src/stm32g4xx_hal_fdcan.c **** /** @defgroup FDCAN_Exported_Functions_Group6 Peripheral State functions
3369:platform/HAL/src/stm32g4xx_hal_fdcan.c ****   *  @brief   FDCAN Peripheral State functions
3370:platform/HAL/src/stm32g4xx_hal_fdcan.c ****   *
3371:platform/HAL/src/stm32g4xx_hal_fdcan.c **** @verbatim
3372:platform/HAL/src/stm32g4xx_hal_fdcan.c ****   ==============================================================================
3373:platform/HAL/src/stm32g4xx_hal_fdcan.c ****                       ##### Peripheral State functions #####
3374:platform/HAL/src/stm32g4xx_hal_fdcan.c ****   ==============================================================================
3375:platform/HAL/src/stm32g4xx_hal_fdcan.c ****     [..]
3376:platform/HAL/src/stm32g4xx_hal_fdcan.c ****     This subsection provides functions allowing to :
3377:platform/HAL/src/stm32g4xx_hal_fdcan.c ****       (+) HAL_FDCAN_GetState()  : Return the FDCAN state.
3378:platform/HAL/src/stm32g4xx_hal_fdcan.c ****       (+) HAL_FDCAN_GetError()  : Return the FDCAN error code if any.
3379:platform/HAL/src/stm32g4xx_hal_fdcan.c **** 
3380:platform/HAL/src/stm32g4xx_hal_fdcan.c **** @endverbatim
3381:platform/HAL/src/stm32g4xx_hal_fdcan.c ****   * @{
3382:platform/HAL/src/stm32g4xx_hal_fdcan.c ****   */
3383:platform/HAL/src/stm32g4xx_hal_fdcan.c **** /**
3384:platform/HAL/src/stm32g4xx_hal_fdcan.c ****   * @brief  Return the FDCAN state
3385:platform/HAL/src/stm32g4xx_hal_fdcan.c ****   * @param  hfdcan pointer to an FDCAN_HandleTypeDef structure that contains
3386:platform/HAL/src/stm32g4xx_hal_fdcan.c ****   *         the configuration information for the specified FDCAN.
3387:platform/HAL/src/stm32g4xx_hal_fdcan.c ****   * @retval HAL state
3388:platform/HAL/src/stm32g4xx_hal_fdcan.c ****   */
3389:platform/HAL/src/stm32g4xx_hal_fdcan.c **** HAL_FDCAN_StateTypeDef HAL_FDCAN_GetState(const FDCAN_HandleTypeDef *hfdcan)
3390:platform/HAL/src/stm32g4xx_hal_fdcan.c **** {
3391:platform/HAL/src/stm32g4xx_hal_fdcan.c ****   /* Return FDCAN state */
3392:platform/HAL/src/stm32g4xx_hal_fdcan.c ****   return hfdcan->State;
3393:platform/HAL/src/stm32g4xx_hal_fdcan.c **** }
ARM GAS  /tmp/cc2SU6oB.s 			page 61


3394:platform/HAL/src/stm32g4xx_hal_fdcan.c **** 
3395:platform/HAL/src/stm32g4xx_hal_fdcan.c **** /**
3396:platform/HAL/src/stm32g4xx_hal_fdcan.c ****   * @brief  Return the FDCAN error code
3397:platform/HAL/src/stm32g4xx_hal_fdcan.c ****   * @param  hfdcan pointer to an FDCAN_HandleTypeDef structure that contains
3398:platform/HAL/src/stm32g4xx_hal_fdcan.c ****   *         the configuration information for the specified FDCAN.
3399:platform/HAL/src/stm32g4xx_hal_fdcan.c ****   * @retval FDCAN Error Code
3400:platform/HAL/src/stm32g4xx_hal_fdcan.c ****   */
3401:platform/HAL/src/stm32g4xx_hal_fdcan.c **** uint32_t HAL_FDCAN_GetError(const FDCAN_HandleTypeDef *hfdcan)
3402:platform/HAL/src/stm32g4xx_hal_fdcan.c **** {
3403:platform/HAL/src/stm32g4xx_hal_fdcan.c ****   /* Return FDCAN error code */
3404:platform/HAL/src/stm32g4xx_hal_fdcan.c ****   return hfdcan->ErrorCode;
3405:platform/HAL/src/stm32g4xx_hal_fdcan.c **** }
3406:platform/HAL/src/stm32g4xx_hal_fdcan.c **** 
3407:platform/HAL/src/stm32g4xx_hal_fdcan.c **** /**
3408:platform/HAL/src/stm32g4xx_hal_fdcan.c ****   * @}
3409:platform/HAL/src/stm32g4xx_hal_fdcan.c ****   */
3410:platform/HAL/src/stm32g4xx_hal_fdcan.c **** 
3411:platform/HAL/src/stm32g4xx_hal_fdcan.c **** /**
3412:platform/HAL/src/stm32g4xx_hal_fdcan.c ****   * @}
3413:platform/HAL/src/stm32g4xx_hal_fdcan.c ****   */
3414:platform/HAL/src/stm32g4xx_hal_fdcan.c **** 
3415:platform/HAL/src/stm32g4xx_hal_fdcan.c **** /** @defgroup FDCAN_Private_Functions FDCAN Private Functions
3416:platform/HAL/src/stm32g4xx_hal_fdcan.c ****   * @{
3417:platform/HAL/src/stm32g4xx_hal_fdcan.c ****   */
3418:platform/HAL/src/stm32g4xx_hal_fdcan.c **** 
3419:platform/HAL/src/stm32g4xx_hal_fdcan.c **** /**
3420:platform/HAL/src/stm32g4xx_hal_fdcan.c ****   * @brief  Calculate each RAM block start address and size
3421:platform/HAL/src/stm32g4xx_hal_fdcan.c ****   * @param  hfdcan pointer to an FDCAN_HandleTypeDef structure that contains
3422:platform/HAL/src/stm32g4xx_hal_fdcan.c ****   *         the configuration information for the specified FDCAN.
3423:platform/HAL/src/stm32g4xx_hal_fdcan.c ****   * @retval none
3424:platform/HAL/src/stm32g4xx_hal_fdcan.c ****  */
3425:platform/HAL/src/stm32g4xx_hal_fdcan.c **** static void FDCAN_CalcultateRamBlockAddresses(FDCAN_HandleTypeDef *hfdcan)
3426:platform/HAL/src/stm32g4xx_hal_fdcan.c **** {
  29              		.loc 1 3426 1 view -0
  30              		.cfi_startproc
  31              		@ args = 0, pretend = 0, frame = 0
  32              		@ frame_needed = 0, uses_anonymous_args = 0
  33              		@ link register save eliminated.
  34              		.loc 1 3426 1 is_stmt 0 view .LVU1
  35 0000 10B4     		push	{r4}
  36              	.LCFI0:
  37              		.cfi_def_cfa_offset 4
  38              		.cfi_offset 4, -4
3427:platform/HAL/src/stm32g4xx_hal_fdcan.c ****   uint32_t RAMcounter;
  39              		.loc 1 3427 3 is_stmt 1 view .LVU2
3428:platform/HAL/src/stm32g4xx_hal_fdcan.c ****   uint32_t SramCanInstanceBase = SRAMCAN_BASE;
  40              		.loc 1 3428 3 view .LVU3
  41              	.LVL1:
3429:platform/HAL/src/stm32g4xx_hal_fdcan.c **** #if defined(FDCAN2)
3430:platform/HAL/src/stm32g4xx_hal_fdcan.c **** 
3431:platform/HAL/src/stm32g4xx_hal_fdcan.c ****   if (hfdcan->Instance == FDCAN2)
  42              		.loc 1 3431 3 view .LVU4
  43              		.loc 1 3431 13 is_stmt 0 view .LVU5
  44 0002 0268     		ldr	r2, [r0]
  45              		.loc 1 3431 6 view .LVU6
  46 0004 1D4B     		ldr	r3, .L9
  47 0006 9A42     		cmp	r2, r3
ARM GAS  /tmp/cc2SU6oB.s 			page 62


  48 0008 28D0     		beq	.L6
3428:platform/HAL/src/stm32g4xx_hal_fdcan.c ****   uint32_t SramCanInstanceBase = SRAMCAN_BASE;
  49              		.loc 1 3428 12 view .LVU7
  50 000a 1D49     		ldr	r1, .L9+4
  51              	.L2:
  52              	.LVL2:
3432:platform/HAL/src/stm32g4xx_hal_fdcan.c ****   {
3433:platform/HAL/src/stm32g4xx_hal_fdcan.c ****     SramCanInstanceBase += SRAMCAN_SIZE;
3434:platform/HAL/src/stm32g4xx_hal_fdcan.c ****   }
3435:platform/HAL/src/stm32g4xx_hal_fdcan.c **** #endif /* FDCAN2 */
3436:platform/HAL/src/stm32g4xx_hal_fdcan.c **** #if defined(FDCAN3)
3437:platform/HAL/src/stm32g4xx_hal_fdcan.c ****   if (hfdcan->Instance == FDCAN3)
  53              		.loc 1 3437 3 is_stmt 1 view .LVU8
  54              		.loc 1 3437 6 is_stmt 0 view .LVU9
  55 000c 1D4B     		ldr	r3, .L9+8
  56 000e 9A42     		cmp	r2, r3
  57 0010 26D0     		beq	.L8
  58              	.LVL3:
  59              	.L3:
3438:platform/HAL/src/stm32g4xx_hal_fdcan.c ****   {
3439:platform/HAL/src/stm32g4xx_hal_fdcan.c ****     SramCanInstanceBase += SRAMCAN_SIZE * 2U;
3440:platform/HAL/src/stm32g4xx_hal_fdcan.c ****   }
3441:platform/HAL/src/stm32g4xx_hal_fdcan.c **** #endif /* FDCAN3 */
3442:platform/HAL/src/stm32g4xx_hal_fdcan.c **** 
3443:platform/HAL/src/stm32g4xx_hal_fdcan.c ****   /* Standard filter list start address */
3444:platform/HAL/src/stm32g4xx_hal_fdcan.c ****   hfdcan->msgRam.StandardFilterSA = SramCanInstanceBase + SRAMCAN_FLSSA;
  60              		.loc 1 3444 3 is_stmt 1 view .LVU10
  61              		.loc 1 3444 35 is_stmt 0 view .LVU11
  62 0012 0164     		str	r1, [r0, #64]
3445:platform/HAL/src/stm32g4xx_hal_fdcan.c **** 
3446:platform/HAL/src/stm32g4xx_hal_fdcan.c ****   /* Standard filter elements number */
3447:platform/HAL/src/stm32g4xx_hal_fdcan.c ****   MODIFY_REG(hfdcan->Instance->RXGFC, FDCAN_RXGFC_LSS, (hfdcan->Init.StdFiltersNbr << FDCAN_RXGFC_L
  63              		.loc 1 3447 3 is_stmt 1 view .LVU12
  64 0014 D2F88030 		ldr	r3, [r2, #128]
  65 0018 23F4F813 		bic	r3, r3, #2031616
  66 001c 446B     		ldr	r4, [r0, #52]
  67 001e 43EA0443 		orr	r3, r3, r4, lsl #16
  68 0022 C2F88030 		str	r3, [r2, #128]
3448:platform/HAL/src/stm32g4xx_hal_fdcan.c **** 
3449:platform/HAL/src/stm32g4xx_hal_fdcan.c ****   /* Extended filter list start address */
3450:platform/HAL/src/stm32g4xx_hal_fdcan.c ****   hfdcan->msgRam.ExtendedFilterSA = SramCanInstanceBase + SRAMCAN_FLESA;
  69              		.loc 1 3450 3 view .LVU13
  70              		.loc 1 3450 57 is_stmt 0 view .LVU14
  71 0026 01F17003 		add	r3, r1, #112
  72              		.loc 1 3450 35 view .LVU15
  73 002a 4364     		str	r3, [r0, #68]
3451:platform/HAL/src/stm32g4xx_hal_fdcan.c **** 
3452:platform/HAL/src/stm32g4xx_hal_fdcan.c ****   /* Extended filter elements number */
3453:platform/HAL/src/stm32g4xx_hal_fdcan.c ****   MODIFY_REG(hfdcan->Instance->RXGFC, FDCAN_RXGFC_LSE, (hfdcan->Init.ExtFiltersNbr << FDCAN_RXGFC_L
  74              		.loc 1 3453 3 is_stmt 1 view .LVU16
  75 002c 0268     		ldr	r2, [r0]
  76 002e D2F88030 		ldr	r3, [r2, #128]
  77 0032 23F07063 		bic	r3, r3, #251658240
  78 0036 846B     		ldr	r4, [r0, #56]
  79 0038 43EA0463 		orr	r3, r3, r4, lsl #24
  80 003c C2F88030 		str	r3, [r2, #128]
3454:platform/HAL/src/stm32g4xx_hal_fdcan.c **** 
ARM GAS  /tmp/cc2SU6oB.s 			page 63


3455:platform/HAL/src/stm32g4xx_hal_fdcan.c ****   /* Rx FIFO 0 start address */
3456:platform/HAL/src/stm32g4xx_hal_fdcan.c ****   hfdcan->msgRam.RxFIFO0SA = SramCanInstanceBase + SRAMCAN_RF0SA;
  81              		.loc 1 3456 3 view .LVU17
  82              		.loc 1 3456 50 is_stmt 0 view .LVU18
  83 0040 01F1B003 		add	r3, r1, #176
  84              		.loc 1 3456 28 view .LVU19
  85 0044 8364     		str	r3, [r0, #72]
3457:platform/HAL/src/stm32g4xx_hal_fdcan.c **** 
3458:platform/HAL/src/stm32g4xx_hal_fdcan.c ****   /* Rx FIFO 1 start address */
3459:platform/HAL/src/stm32g4xx_hal_fdcan.c ****   hfdcan->msgRam.RxFIFO1SA = SramCanInstanceBase + SRAMCAN_RF1SA;
  86              		.loc 1 3459 3 is_stmt 1 view .LVU20
  87              		.loc 1 3459 50 is_stmt 0 view .LVU21
  88 0046 01F5C473 		add	r3, r1, #392
  89              		.loc 1 3459 28 view .LVU22
  90 004a C364     		str	r3, [r0, #76]
3460:platform/HAL/src/stm32g4xx_hal_fdcan.c **** 
3461:platform/HAL/src/stm32g4xx_hal_fdcan.c ****   /* Tx event FIFO start address */
3462:platform/HAL/src/stm32g4xx_hal_fdcan.c ****   hfdcan->msgRam.TxEventFIFOSA = SramCanInstanceBase + SRAMCAN_TEFSA;
  91              		.loc 1 3462 3 is_stmt 1 view .LVU23
  92              		.loc 1 3462 54 is_stmt 0 view .LVU24
  93 004c 01F51873 		add	r3, r1, #608
  94              		.loc 1 3462 32 view .LVU25
  95 0050 0365     		str	r3, [r0, #80]
3463:platform/HAL/src/stm32g4xx_hal_fdcan.c **** 
3464:platform/HAL/src/stm32g4xx_hal_fdcan.c ****   /* Tx FIFO/queue start address */
3465:platform/HAL/src/stm32g4xx_hal_fdcan.c ****   hfdcan->msgRam.TxFIFOQSA = SramCanInstanceBase + SRAMCAN_TFQSA;
  96              		.loc 1 3465 3 is_stmt 1 view .LVU26
  97              		.loc 1 3465 50 is_stmt 0 view .LVU27
  98 0052 01F51E73 		add	r3, r1, #632
  99              		.loc 1 3465 28 view .LVU28
 100 0056 4365     		str	r3, [r0, #84]
3466:platform/HAL/src/stm32g4xx_hal_fdcan.c **** 
3467:platform/HAL/src/stm32g4xx_hal_fdcan.c ****   /* Flush the allocated Message RAM area */
3468:platform/HAL/src/stm32g4xx_hal_fdcan.c ****   for (RAMcounter = SramCanInstanceBase; RAMcounter < (SramCanInstanceBase + SRAMCAN_SIZE); RAMcoun
 101              		.loc 1 3468 3 is_stmt 1 view .LVU29
 102              	.LVL4:
 103              		.loc 1 3468 19 is_stmt 0 view .LVU30
 104 0058 0B46     		mov	r3, r1
 105              		.loc 1 3468 3 view .LVU31
 106 005a 07E0     		b	.L4
 107              	.LVL5:
 108              	.L6:
3433:platform/HAL/src/stm32g4xx_hal_fdcan.c ****   }
 109              		.loc 1 3433 25 view .LVU32
 110 005c 0A49     		ldr	r1, .L9+12
 111 005e D5E7     		b	.L2
 112              	.LVL6:
 113              	.L8:
3439:platform/HAL/src/stm32g4xx_hal_fdcan.c ****   }
 114              		.loc 1 3439 5 is_stmt 1 view .LVU33
3439:platform/HAL/src/stm32g4xx_hal_fdcan.c ****   }
 115              		.loc 1 3439 25 is_stmt 0 view .LVU34
 116 0060 01F5D461 		add	r1, r1, #1696
 117              	.LVL7:
3439:platform/HAL/src/stm32g4xx_hal_fdcan.c ****   }
 118              		.loc 1 3439 25 view .LVU35
 119 0064 D5E7     		b	.L3
ARM GAS  /tmp/cc2SU6oB.s 			page 64


 120              	.LVL8:
 121              	.L5:
3469:platform/HAL/src/stm32g4xx_hal_fdcan.c ****   {
3470:platform/HAL/src/stm32g4xx_hal_fdcan.c ****     *(uint32_t *)(RAMcounter) = 0x00000000U;
 122              		.loc 1 3470 5 is_stmt 1 view .LVU36
 123              		.loc 1 3470 31 is_stmt 0 view .LVU37
 124 0066 0022     		movs	r2, #0
 125 0068 43F8042B 		str	r2, [r3], #4
 126              	.LVL9:
3468:platform/HAL/src/stm32g4xx_hal_fdcan.c ****   {
 127              		.loc 1 3468 104 is_stmt 1 discriminator 3 view .LVU38
 128              	.L4:
3468:platform/HAL/src/stm32g4xx_hal_fdcan.c ****   {
 129              		.loc 1 3468 53 discriminator 1 view .LVU39
3468:platform/HAL/src/stm32g4xx_hal_fdcan.c ****   {
 130              		.loc 1 3468 76 is_stmt 0 discriminator 1 view .LVU40
 131 006c 01F55472 		add	r2, r1, #848
3468:platform/HAL/src/stm32g4xx_hal_fdcan.c ****   {
 132              		.loc 1 3468 53 discriminator 1 view .LVU41
 133 0070 9A42     		cmp	r2, r3
 134 0072 F8D8     		bhi	.L5
3471:platform/HAL/src/stm32g4xx_hal_fdcan.c ****   }
3472:platform/HAL/src/stm32g4xx_hal_fdcan.c **** }
 135              		.loc 1 3472 1 view .LVU42
 136 0074 5DF8044B 		ldr	r4, [sp], #4
 137              	.LCFI1:
 138              		.cfi_restore 4
 139              		.cfi_def_cfa_offset 0
 140 0078 7047     		bx	lr
 141              	.L10:
 142 007a 00BF     		.align	2
 143              	.L9:
 144 007c 00680040 		.word	1073768448
 145 0080 00A40040 		.word	1073783808
 146 0084 006C0040 		.word	1073769472
 147 0088 50A70040 		.word	1073784656
 148              		.cfi_endproc
 149              	.LFE389:
 151              		.section	.text.FDCAN_CopyMessageToRAM,"ax",%progbits
 152              		.align	1
 153              		.syntax unified
 154              		.thumb
 155              		.thumb_func
 157              	FDCAN_CopyMessageToRAM:
 158              	.LVL10:
 159              	.LFB390:
3473:platform/HAL/src/stm32g4xx_hal_fdcan.c **** 
3474:platform/HAL/src/stm32g4xx_hal_fdcan.c **** /**
3475:platform/HAL/src/stm32g4xx_hal_fdcan.c ****   * @brief  Copy Tx message to the message RAM.
3476:platform/HAL/src/stm32g4xx_hal_fdcan.c ****   * @param  hfdcan pointer to an FDCAN_HandleTypeDef structure that contains
3477:platform/HAL/src/stm32g4xx_hal_fdcan.c ****   *         the configuration information for the specified FDCAN.
3478:platform/HAL/src/stm32g4xx_hal_fdcan.c ****   * @param  pTxHeader pointer to a FDCAN_TxHeaderTypeDef structure.
3479:platform/HAL/src/stm32g4xx_hal_fdcan.c ****   * @param  pTxData pointer to a buffer containing the payload of the Tx frame.
3480:platform/HAL/src/stm32g4xx_hal_fdcan.c ****   * @param  BufferIndex index of the buffer to be configured.
3481:platform/HAL/src/stm32g4xx_hal_fdcan.c ****   * @retval none
3482:platform/HAL/src/stm32g4xx_hal_fdcan.c ****  */
3483:platform/HAL/src/stm32g4xx_hal_fdcan.c **** static void FDCAN_CopyMessageToRAM(const FDCAN_HandleTypeDef *hfdcan, const FDCAN_TxHeaderTypeDef *
ARM GAS  /tmp/cc2SU6oB.s 			page 65


3484:platform/HAL/src/stm32g4xx_hal_fdcan.c ****                                    const uint8_t *pTxData, uint32_t BufferIndex)
3485:platform/HAL/src/stm32g4xx_hal_fdcan.c **** {
 160              		.loc 1 3485 1 is_stmt 1 view -0
 161              		.cfi_startproc
 162              		@ args = 0, pretend = 0, frame = 0
 163              		@ frame_needed = 0, uses_anonymous_args = 0
 164              		.loc 1 3485 1 is_stmt 0 view .LVU44
 165 0000 70B5     		push	{r4, r5, r6, lr}
 166              	.LCFI2:
 167              		.cfi_def_cfa_offset 16
 168              		.cfi_offset 4, -16
 169              		.cfi_offset 5, -12
 170              		.cfi_offset 6, -8
 171              		.cfi_offset 14, -4
3486:platform/HAL/src/stm32g4xx_hal_fdcan.c ****   uint32_t TxElementW1;
 172              		.loc 1 3486 3 is_stmt 1 view .LVU45
3487:platform/HAL/src/stm32g4xx_hal_fdcan.c ****   uint32_t TxElementW2;
 173              		.loc 1 3487 3 view .LVU46
3488:platform/HAL/src/stm32g4xx_hal_fdcan.c ****   uint32_t *TxAddress;
 174              		.loc 1 3488 3 view .LVU47
3489:platform/HAL/src/stm32g4xx_hal_fdcan.c ****   uint32_t ByteCounter;
 175              		.loc 1 3489 3 view .LVU48
3490:platform/HAL/src/stm32g4xx_hal_fdcan.c **** 
3491:platform/HAL/src/stm32g4xx_hal_fdcan.c ****   /* Build first word of Tx header element */
3492:platform/HAL/src/stm32g4xx_hal_fdcan.c ****   if (pTxHeader->IdType == FDCAN_STANDARD_ID)
 176              		.loc 1 3492 3 view .LVU49
 177              		.loc 1 3492 16 is_stmt 0 view .LVU50
 178 0002 4C68     		ldr	r4, [r1, #4]
 179              		.loc 1 3492 6 view .LVU51
 180 0004 ECB9     		cbnz	r4, .L12
3493:platform/HAL/src/stm32g4xx_hal_fdcan.c ****   {
3494:platform/HAL/src/stm32g4xx_hal_fdcan.c ****     TxElementW1 = (pTxHeader->ErrorStateIndicator |
 181              		.loc 1 3494 5 is_stmt 1 view .LVU52
 182              		.loc 1 3494 29 is_stmt 0 view .LVU53
 183 0006 0D69     		ldr	r5, [r1, #16]
3495:platform/HAL/src/stm32g4xx_hal_fdcan.c ****                    FDCAN_STANDARD_ID |
3496:platform/HAL/src/stm32g4xx_hal_fdcan.c ****                    pTxHeader->TxFrameType |
 184              		.loc 1 3496 29 view .LVU54
 185 0008 8C68     		ldr	r4, [r1, #8]
3495:platform/HAL/src/stm32g4xx_hal_fdcan.c ****                    FDCAN_STANDARD_ID |
 186              		.loc 1 3495 38 view .LVU55
 187 000a 2543     		orrs	r5, r5, r4
3497:platform/HAL/src/stm32g4xx_hal_fdcan.c ****                    (pTxHeader->Identifier << 18U));
 188              		.loc 1 3497 30 view .LVU56
 189 000c 0C68     		ldr	r4, [r1]
3494:platform/HAL/src/stm32g4xx_hal_fdcan.c ****                    FDCAN_STANDARD_ID |
 190              		.loc 1 3494 17 view .LVU57
 191 000e 45EA8445 		orr	r5, r5, r4, lsl #18
 192              	.LVL11:
 193              	.L13:
3498:platform/HAL/src/stm32g4xx_hal_fdcan.c ****   }
3499:platform/HAL/src/stm32g4xx_hal_fdcan.c ****   else /* pTxHeader->IdType == FDCAN_EXTENDED_ID */
3500:platform/HAL/src/stm32g4xx_hal_fdcan.c ****   {
3501:platform/HAL/src/stm32g4xx_hal_fdcan.c ****     TxElementW1 = (pTxHeader->ErrorStateIndicator |
3502:platform/HAL/src/stm32g4xx_hal_fdcan.c ****                    FDCAN_EXTENDED_ID |
3503:platform/HAL/src/stm32g4xx_hal_fdcan.c ****                    pTxHeader->TxFrameType |
3504:platform/HAL/src/stm32g4xx_hal_fdcan.c ****                    pTxHeader->Identifier);
ARM GAS  /tmp/cc2SU6oB.s 			page 66


3505:platform/HAL/src/stm32g4xx_hal_fdcan.c ****   }
3506:platform/HAL/src/stm32g4xx_hal_fdcan.c **** 
3507:platform/HAL/src/stm32g4xx_hal_fdcan.c ****   /* Build second word of Tx header element */
3508:platform/HAL/src/stm32g4xx_hal_fdcan.c ****   TxElementW2 = ((pTxHeader->MessageMarker << 24U) |
 194              		.loc 1 3508 3 is_stmt 1 view .LVU58
3509:platform/HAL/src/stm32g4xx_hal_fdcan.c ****                  pTxHeader->TxEventFifoControl |
 195              		.loc 1 3509 27 is_stmt 0 view .LVU59
 196 0012 CC69     		ldr	r4, [r1, #28]
3508:platform/HAL/src/stm32g4xx_hal_fdcan.c ****                  pTxHeader->TxEventFifoControl |
 197              		.loc 1 3508 52 view .LVU60
 198 0014 0E6A     		ldr	r6, [r1, #32]
 199 0016 44EA0664 		orr	r4, r4, r6, lsl #24
 200              		.loc 1 3509 48 view .LVU61
 201 001a 8E69     		ldr	r6, [r1, #24]
 202 001c 3443     		orrs	r4, r4, r6
3510:platform/HAL/src/stm32g4xx_hal_fdcan.c ****                  pTxHeader->FDFormat |
 203              		.loc 1 3510 38 view .LVU62
 204 001e 4E69     		ldr	r6, [r1, #20]
 205 0020 3443     		orrs	r4, r4, r6
3508:platform/HAL/src/stm32g4xx_hal_fdcan.c ****                  pTxHeader->TxEventFifoControl |
 206              		.loc 1 3508 15 view .LVU63
 207 0022 CE68     		ldr	r6, [r1, #12]
 208 0024 44EA0644 		orr	r4, r4, r6, lsl #16
 209              	.LVL12:
3511:platform/HAL/src/stm32g4xx_hal_fdcan.c ****                  pTxHeader->BitRateSwitch |
3512:platform/HAL/src/stm32g4xx_hal_fdcan.c ****                  (pTxHeader->DataLength << 16U));
3513:platform/HAL/src/stm32g4xx_hal_fdcan.c **** 
3514:platform/HAL/src/stm32g4xx_hal_fdcan.c ****   /* Calculate Tx element address */
3515:platform/HAL/src/stm32g4xx_hal_fdcan.c ****   TxAddress = (uint32_t *)(hfdcan->msgRam.TxFIFOQSA + (BufferIndex * SRAMCAN_TFQ_SIZE));
 210              		.loc 1 3515 3 is_stmt 1 view .LVU64
 211              		.loc 1 3515 42 is_stmt 0 view .LVU65
 212 0028 406D     		ldr	r0, [r0, #84]
 213              	.LVL13:
 214              		.loc 1 3515 68 view .LVU66
 215 002a 03EBC303 		add	r3, r3, r3, lsl #3
 216              	.LVL14:
 217              		.loc 1 3515 53 view .LVU67
 218 002e 00EBC30E 		add	lr, r0, r3, lsl #3
 219              	.LVL15:
3516:platform/HAL/src/stm32g4xx_hal_fdcan.c **** 
3517:platform/HAL/src/stm32g4xx_hal_fdcan.c ****   /* Write Tx element header to the message RAM */
3518:platform/HAL/src/stm32g4xx_hal_fdcan.c ****   *TxAddress = TxElementW1;
 220              		.loc 1 3518 3 is_stmt 1 view .LVU68
 221              		.loc 1 3518 14 is_stmt 0 view .LVU69
 222 0032 40F83350 		str	r5, [r0, r3, lsl #3]
3519:platform/HAL/src/stm32g4xx_hal_fdcan.c ****   TxAddress++;
 223              		.loc 1 3519 3 is_stmt 1 view .LVU70
 224              	.LVL16:
3520:platform/HAL/src/stm32g4xx_hal_fdcan.c ****   *TxAddress = TxElementW2;
 225              		.loc 1 3520 3 view .LVU71
 226              		.loc 1 3520 14 is_stmt 0 view .LVU72
 227 0036 CEF80440 		str	r4, [lr, #4]
3521:platform/HAL/src/stm32g4xx_hal_fdcan.c ****   TxAddress++;
 228              		.loc 1 3521 3 is_stmt 1 view .LVU73
 229              		.loc 1 3521 12 is_stmt 0 view .LVU74
 230 003a 0EF1080E 		add	lr, lr, #8
 231              	.LVL17:
ARM GAS  /tmp/cc2SU6oB.s 			page 67


3522:platform/HAL/src/stm32g4xx_hal_fdcan.c **** 
3523:platform/HAL/src/stm32g4xx_hal_fdcan.c ****   /* Write Tx payload to the message RAM */
3524:platform/HAL/src/stm32g4xx_hal_fdcan.c ****   for (ByteCounter = 0; ByteCounter < DLCtoBytes[pTxHeader->DataLength]; ByteCounter += 4U)
 232              		.loc 1 3524 3 is_stmt 1 view .LVU75
 233              		.loc 1 3524 20 is_stmt 0 view .LVU76
 234 003e 0020     		movs	r0, #0
 235              		.loc 1 3524 3 view .LVU77
 236 0040 19E0     		b	.L14
 237              	.LVL18:
 238              	.L12:
3501:platform/HAL/src/stm32g4xx_hal_fdcan.c ****                    FDCAN_EXTENDED_ID |
 239              		.loc 1 3501 5 is_stmt 1 view .LVU78
3501:platform/HAL/src/stm32g4xx_hal_fdcan.c ****                    FDCAN_EXTENDED_ID |
 240              		.loc 1 3501 29 is_stmt 0 view .LVU79
 241 0042 0C69     		ldr	r4, [r1, #16]
3503:platform/HAL/src/stm32g4xx_hal_fdcan.c ****                    pTxHeader->Identifier);
 242              		.loc 1 3503 29 view .LVU80
 243 0044 8D68     		ldr	r5, [r1, #8]
3502:platform/HAL/src/stm32g4xx_hal_fdcan.c ****                    pTxHeader->TxFrameType |
 244              		.loc 1 3502 38 view .LVU81
 245 0046 2543     		orrs	r5, r5, r4
3504:platform/HAL/src/stm32g4xx_hal_fdcan.c ****   }
 246              		.loc 1 3504 29 view .LVU82
 247 0048 0C68     		ldr	r4, [r1]
3503:platform/HAL/src/stm32g4xx_hal_fdcan.c ****                    pTxHeader->Identifier);
 248              		.loc 1 3503 43 view .LVU83
 249 004a 2543     		orrs	r5, r5, r4
3501:platform/HAL/src/stm32g4xx_hal_fdcan.c ****                    FDCAN_EXTENDED_ID |
 250              		.loc 1 3501 17 view .LVU84
 251 004c 45F08045 		orr	r5, r5, #1073741824
 252 0050 DFE7     		b	.L13
 253              	.LVL19:
 254              	.L15:
3525:platform/HAL/src/stm32g4xx_hal_fdcan.c ****   {
3526:platform/HAL/src/stm32g4xx_hal_fdcan.c ****     *TxAddress = (((uint32_t)pTxData[ByteCounter + 3U] << 24U) |
 255              		.loc 1 3526 5 is_stmt 1 view .LVU85
 256              		.loc 1 3526 37 is_stmt 0 view .LVU86
 257 0052 02EB000C 		add	ip, r2, r0
 258 0056 9CF80340 		ldrb	r4, [ip, #3]	@ zero_extendqisi2
3527:platform/HAL/src/stm32g4xx_hal_fdcan.c ****                   ((uint32_t)pTxData[ByteCounter + 2U] << 16U) |
 259              		.loc 1 3527 37 view .LVU87
 260 005a 9CF80230 		ldrb	r3, [ip, #2]	@ zero_extendqisi2
 261              		.loc 1 3527 56 view .LVU88
 262 005e 1B04     		lsls	r3, r3, #16
3526:platform/HAL/src/stm32g4xx_hal_fdcan.c ****                   ((uint32_t)pTxData[ByteCounter + 2U] << 16U) |
 263              		.loc 1 3526 64 view .LVU89
 264 0060 43EA0463 		orr	r3, r3, r4, lsl #24
3528:platform/HAL/src/stm32g4xx_hal_fdcan.c ****                   ((uint32_t)pTxData[ByteCounter + 1U] << 8U)  |
 265              		.loc 1 3528 37 view .LVU90
 266 0064 9CF80140 		ldrb	r4, [ip, #1]	@ zero_extendqisi2
3527:platform/HAL/src/stm32g4xx_hal_fdcan.c ****                   ((uint32_t)pTxData[ByteCounter + 2U] << 16U) |
 267              		.loc 1 3527 64 view .LVU91
 268 0068 43EA0423 		orr	r3, r3, r4, lsl #8
3529:platform/HAL/src/stm32g4xx_hal_fdcan.c ****                   (uint32_t)pTxData[ByteCounter]);
 269              		.loc 1 3529 36 view .LVU92
 270 006c 145C     		ldrb	r4, [r2, r0]	@ zero_extendqisi2
3528:platform/HAL/src/stm32g4xx_hal_fdcan.c ****                   ((uint32_t)pTxData[ByteCounter + 1U] << 8U)  |
ARM GAS  /tmp/cc2SU6oB.s 			page 68


 271              		.loc 1 3528 64 view .LVU93
 272 006e 2343     		orrs	r3, r3, r4
3526:platform/HAL/src/stm32g4xx_hal_fdcan.c ****                   ((uint32_t)pTxData[ByteCounter + 2U] << 16U) |
 273              		.loc 1 3526 16 view .LVU94
 274 0070 4EF8043B 		str	r3, [lr], #4
 275              	.LVL20:
3530:platform/HAL/src/stm32g4xx_hal_fdcan.c ****     TxAddress++;
 276              		.loc 1 3530 5 is_stmt 1 view .LVU95
3524:platform/HAL/src/stm32g4xx_hal_fdcan.c ****   {
 277              		.loc 1 3524 86 discriminator 3 view .LVU96
 278 0074 0430     		adds	r0, r0, #4
 279              	.LVL21:
 280              	.L14:
3524:platform/HAL/src/stm32g4xx_hal_fdcan.c ****   {
 281              		.loc 1 3524 37 discriminator 1 view .LVU97
3524:platform/HAL/src/stm32g4xx_hal_fdcan.c ****   {
 282              		.loc 1 3524 59 is_stmt 0 discriminator 1 view .LVU98
 283 0076 CB68     		ldr	r3, [r1, #12]
3524:platform/HAL/src/stm32g4xx_hal_fdcan.c ****   {
 284              		.loc 1 3524 49 discriminator 1 view .LVU99
 285 0078 024C     		ldr	r4, .L17
 286 007a E35C     		ldrb	r3, [r4, r3]	@ zero_extendqisi2
3524:platform/HAL/src/stm32g4xx_hal_fdcan.c ****   {
 287              		.loc 1 3524 37 discriminator 1 view .LVU100
 288 007c 8342     		cmp	r3, r0
 289 007e E8D8     		bhi	.L15
3531:platform/HAL/src/stm32g4xx_hal_fdcan.c ****   }
3532:platform/HAL/src/stm32g4xx_hal_fdcan.c **** }
 290              		.loc 1 3532 1 view .LVU101
 291 0080 70BD     		pop	{r4, r5, r6, pc}
 292              	.LVL22:
 293              	.L18:
 294              		.loc 1 3532 1 view .LVU102
 295 0082 00BF     		.align	2
 296              	.L17:
 297 0084 00000000 		.word	DLCtoBytes
 298              		.cfi_endproc
 299              	.LFE390:
 301              		.section	.text.HAL_FDCAN_MspInit,"ax",%progbits
 302              		.align	1
 303              		.weak	HAL_FDCAN_MspInit
 304              		.syntax unified
 305              		.thumb
 306              		.thumb_func
 308              	HAL_FDCAN_MspInit:
 309              	.LVL23:
 310              	.LFB331:
 583:platform/HAL/src/stm32g4xx_hal_fdcan.c ****   /* Prevent unused argument(s) compilation warning */
 311              		.loc 1 583 1 is_stmt 1 view -0
 312              		.cfi_startproc
 313              		@ args = 0, pretend = 0, frame = 0
 314              		@ frame_needed = 0, uses_anonymous_args = 0
 315              		@ link register save eliminated.
 585:platform/HAL/src/stm32g4xx_hal_fdcan.c ****   /* NOTE: This function Should not be modified, when the callback is needed,
 316              		.loc 1 585 3 view .LVU104
 589:platform/HAL/src/stm32g4xx_hal_fdcan.c **** 
 317              		.loc 1 589 1 is_stmt 0 view .LVU105
ARM GAS  /tmp/cc2SU6oB.s 			page 69


 318 0000 7047     		bx	lr
 319              		.cfi_endproc
 320              	.LFE331:
 322              		.section	.text.HAL_FDCAN_Init,"ax",%progbits
 323              		.align	1
 324              		.global	HAL_FDCAN_Init
 325              		.syntax unified
 326              		.thumb
 327              		.thumb_func
 329              	HAL_FDCAN_Init:
 330              	.LVL24:
 331              	.LFB329:
 294:platform/HAL/src/stm32g4xx_hal_fdcan.c ****   uint32_t tickstart;
 332              		.loc 1 294 1 is_stmt 1 view -0
 333              		.cfi_startproc
 334              		@ args = 0, pretend = 0, frame = 0
 335              		@ frame_needed = 0, uses_anonymous_args = 0
 295:platform/HAL/src/stm32g4xx_hal_fdcan.c **** 
 336              		.loc 1 295 3 view .LVU107
 298:platform/HAL/src/stm32g4xx_hal_fdcan.c ****   {
 337              		.loc 1 298 3 view .LVU108
 298:platform/HAL/src/stm32g4xx_hal_fdcan.c ****   {
 338              		.loc 1 298 6 is_stmt 0 view .LVU109
 339 0000 0028     		cmp	r0, #0
 340 0002 00F0E380 		beq	.L38
 294:platform/HAL/src/stm32g4xx_hal_fdcan.c ****   uint32_t tickstart;
 341              		.loc 1 294 1 view .LVU110
 342 0006 38B5     		push	{r3, r4, r5, lr}
 343              	.LCFI3:
 344              		.cfi_def_cfa_offset 16
 345              		.cfi_offset 3, -16
 346              		.cfi_offset 4, -12
 347              		.cfi_offset 5, -8
 348              		.cfi_offset 14, -4
 349 0008 0446     		mov	r4, r0
 304:platform/HAL/src/stm32g4xx_hal_fdcan.c ****   if (hfdcan->Instance == FDCAN1)
 350              		.loc 1 304 3 is_stmt 1 view .LVU111
 305:platform/HAL/src/stm32g4xx_hal_fdcan.c ****   {
 351              		.loc 1 305 3 view .LVU112
 307:platform/HAL/src/stm32g4xx_hal_fdcan.c ****   }
 352              		.loc 1 307 5 view .LVU113
 309:platform/HAL/src/stm32g4xx_hal_fdcan.c ****   assert_param(IS_FDCAN_MODE(hfdcan->Init.Mode));
 353              		.loc 1 309 3 view .LVU114
 310:platform/HAL/src/stm32g4xx_hal_fdcan.c ****   assert_param(IS_FUNCTIONAL_STATE(hfdcan->Init.AutoRetransmission));
 354              		.loc 1 310 3 view .LVU115
 311:platform/HAL/src/stm32g4xx_hal_fdcan.c ****   assert_param(IS_FUNCTIONAL_STATE(hfdcan->Init.TransmitPause));
 355              		.loc 1 311 3 view .LVU116
 312:platform/HAL/src/stm32g4xx_hal_fdcan.c ****   assert_param(IS_FUNCTIONAL_STATE(hfdcan->Init.ProtocolException));
 356              		.loc 1 312 3 view .LVU117
 313:platform/HAL/src/stm32g4xx_hal_fdcan.c ****   assert_param(IS_FDCAN_NOMINAL_PRESCALER(hfdcan->Init.NominalPrescaler));
 357              		.loc 1 313 3 view .LVU118
 314:platform/HAL/src/stm32g4xx_hal_fdcan.c ****   assert_param(IS_FDCAN_NOMINAL_SJW(hfdcan->Init.NominalSyncJumpWidth));
 358              		.loc 1 314 3 view .LVU119
 315:platform/HAL/src/stm32g4xx_hal_fdcan.c ****   assert_param(IS_FDCAN_NOMINAL_TSEG1(hfdcan->Init.NominalTimeSeg1));
 359              		.loc 1 315 3 view .LVU120
 316:platform/HAL/src/stm32g4xx_hal_fdcan.c ****   assert_param(IS_FDCAN_NOMINAL_TSEG2(hfdcan->Init.NominalTimeSeg2));
 360              		.loc 1 316 3 view .LVU121
ARM GAS  /tmp/cc2SU6oB.s 			page 70


 317:platform/HAL/src/stm32g4xx_hal_fdcan.c ****   if (hfdcan->Init.FrameFormat == FDCAN_FRAME_FD_BRS)
 361              		.loc 1 317 3 view .LVU122
 318:platform/HAL/src/stm32g4xx_hal_fdcan.c ****   {
 362              		.loc 1 318 3 view .LVU123
 320:platform/HAL/src/stm32g4xx_hal_fdcan.c ****     assert_param(IS_FDCAN_DATA_SJW(hfdcan->Init.DataSyncJumpWidth));
 363              		.loc 1 320 5 view .LVU124
 321:platform/HAL/src/stm32g4xx_hal_fdcan.c ****     assert_param(IS_FDCAN_DATA_TSEG1(hfdcan->Init.DataTimeSeg1));
 364              		.loc 1 321 5 view .LVU125
 322:platform/HAL/src/stm32g4xx_hal_fdcan.c ****     assert_param(IS_FDCAN_DATA_TSEG2(hfdcan->Init.DataTimeSeg2));
 365              		.loc 1 322 5 view .LVU126
 323:platform/HAL/src/stm32g4xx_hal_fdcan.c ****   }
 366              		.loc 1 323 5 view .LVU127
 325:platform/HAL/src/stm32g4xx_hal_fdcan.c ****   assert_param(IS_FDCAN_MAX_VALUE(hfdcan->Init.ExtFiltersNbr, SRAMCAN_FLE_NBR));
 367              		.loc 1 325 3 view .LVU128
 326:platform/HAL/src/stm32g4xx_hal_fdcan.c ****   assert_param(IS_FDCAN_TX_FIFO_QUEUE_MODE(hfdcan->Init.TxFifoQueueMode));
 368              		.loc 1 326 3 view .LVU129
 327:platform/HAL/src/stm32g4xx_hal_fdcan.c **** 
 369              		.loc 1 327 3 view .LVU130
 357:platform/HAL/src/stm32g4xx_hal_fdcan.c ****   {
 370              		.loc 1 357 3 view .LVU131
 357:platform/HAL/src/stm32g4xx_hal_fdcan.c ****   {
 371              		.loc 1 357 13 is_stmt 0 view .LVU132
 372 000a 90F85C30 		ldrb	r3, [r0, #92]	@ zero_extendqisi2
 357:platform/HAL/src/stm32g4xx_hal_fdcan.c ****   {
 373              		.loc 1 357 6 view .LVU133
 374 000e D3B1     		cbz	r3, .L43
 375              	.LVL25:
 376              	.L22:
 368:platform/HAL/src/stm32g4xx_hal_fdcan.c **** 
 377              		.loc 1 368 3 is_stmt 1 view .LVU134
 378 0010 2268     		ldr	r2, [r4]
 379 0012 9369     		ldr	r3, [r2, #24]
 380 0014 23F01003 		bic	r3, r3, #16
 381 0018 9361     		str	r3, [r2, #24]
 371:platform/HAL/src/stm32g4xx_hal_fdcan.c **** 
 382              		.loc 1 371 3 view .LVU135
 371:platform/HAL/src/stm32g4xx_hal_fdcan.c **** 
 383              		.loc 1 371 15 is_stmt 0 view .LVU136
 384 001a FFF7FEFF 		bl	HAL_GetTick
 385              	.LVL26:
 386 001e 0546     		mov	r5, r0
 387              	.LVL27:
 374:platform/HAL/src/stm32g4xx_hal_fdcan.c ****   {
 388              		.loc 1 374 3 is_stmt 1 view .LVU137
 389              	.L23:
 374:platform/HAL/src/stm32g4xx_hal_fdcan.c ****   {
 390              		.loc 1 374 52 view .LVU138
 374:platform/HAL/src/stm32g4xx_hal_fdcan.c ****   {
 391              		.loc 1 374 17 is_stmt 0 view .LVU139
 392 0020 2368     		ldr	r3, [r4]
 374:platform/HAL/src/stm32g4xx_hal_fdcan.c ****   {
 393              		.loc 1 374 27 view .LVU140
 394 0022 9A69     		ldr	r2, [r3, #24]
 374:platform/HAL/src/stm32g4xx_hal_fdcan.c ****   {
 395              		.loc 1 374 52 view .LVU141
 396 0024 12F0080F 		tst	r2, #8
 397 0028 12D0     		beq	.L44
ARM GAS  /tmp/cc2SU6oB.s 			page 71


 376:platform/HAL/src/stm32g4xx_hal_fdcan.c ****     {
 398              		.loc 1 376 5 is_stmt 1 view .LVU142
 376:platform/HAL/src/stm32g4xx_hal_fdcan.c ****     {
 399              		.loc 1 376 10 is_stmt 0 view .LVU143
 400 002a FFF7FEFF 		bl	HAL_GetTick
 401              	.LVL28:
 376:platform/HAL/src/stm32g4xx_hal_fdcan.c ****     {
 402              		.loc 1 376 24 discriminator 1 view .LVU144
 403 002e 401B     		subs	r0, r0, r5
 376:platform/HAL/src/stm32g4xx_hal_fdcan.c ****     {
 404              		.loc 1 376 8 discriminator 1 view .LVU145
 405 0030 0A28     		cmp	r0, #10
 406 0032 F5D9     		bls	.L23
 379:platform/HAL/src/stm32g4xx_hal_fdcan.c **** 
 407              		.loc 1 379 7 is_stmt 1 view .LVU146
 379:platform/HAL/src/stm32g4xx_hal_fdcan.c **** 
 408              		.loc 1 379 13 is_stmt 0 view .LVU147
 409 0034 236E     		ldr	r3, [r4, #96]
 379:platform/HAL/src/stm32g4xx_hal_fdcan.c **** 
 410              		.loc 1 379 25 view .LVU148
 411 0036 43F00103 		orr	r3, r3, #1
 412 003a 2366     		str	r3, [r4, #96]
 382:platform/HAL/src/stm32g4xx_hal_fdcan.c **** 
 413              		.loc 1 382 7 is_stmt 1 view .LVU149
 382:platform/HAL/src/stm32g4xx_hal_fdcan.c **** 
 414              		.loc 1 382 21 is_stmt 0 view .LVU150
 415 003c 0323     		movs	r3, #3
 416 003e 84F85C30 		strb	r3, [r4, #92]
 384:platform/HAL/src/stm32g4xx_hal_fdcan.c ****     }
 417              		.loc 1 384 7 is_stmt 1 view .LVU151
 384:platform/HAL/src/stm32g4xx_hal_fdcan.c ****     }
 418              		.loc 1 384 14 is_stmt 0 view .LVU152
 419 0042 0120     		movs	r0, #1
 420              	.L21:
 528:platform/HAL/src/stm32g4xx_hal_fdcan.c **** 
 421              		.loc 1 528 1 view .LVU153
 422 0044 38BD     		pop	{r3, r4, r5, pc}
 423              	.LVL29:
 424              	.L43:
 360:platform/HAL/src/stm32g4xx_hal_fdcan.c **** 
 425              		.loc 1 360 5 is_stmt 1 view .LVU154
 360:platform/HAL/src/stm32g4xx_hal_fdcan.c **** 
 426              		.loc 1 360 18 is_stmt 0 view .LVU155
 427 0046 80F85D30 		strb	r3, [r0, #93]
 363:platform/HAL/src/stm32g4xx_hal_fdcan.c ****   }
 428              		.loc 1 363 5 is_stmt 1 view .LVU156
 429 004a FFF7FEFF 		bl	HAL_FDCAN_MspInit
 430              	.LVL30:
 363:platform/HAL/src/stm32g4xx_hal_fdcan.c ****   }
 431              		.loc 1 363 5 is_stmt 0 view .LVU157
 432 004e DFE7     		b	.L22
 433              	.LVL31:
 434              	.L44:
 389:platform/HAL/src/stm32g4xx_hal_fdcan.c **** 
 435              		.loc 1 389 3 is_stmt 1 view .LVU158
 436 0050 9A69     		ldr	r2, [r3, #24]
 437 0052 42F00102 		orr	r2, r2, #1
ARM GAS  /tmp/cc2SU6oB.s 			page 72


 438 0056 9A61     		str	r2, [r3, #24]
 392:platform/HAL/src/stm32g4xx_hal_fdcan.c **** 
 439              		.loc 1 392 3 view .LVU159
 392:platform/HAL/src/stm32g4xx_hal_fdcan.c **** 
 440              		.loc 1 392 15 is_stmt 0 view .LVU160
 441 0058 FFF7FEFF 		bl	HAL_GetTick
 442              	.LVL32:
 443 005c 0546     		mov	r5, r0
 444              	.LVL33:
 395:platform/HAL/src/stm32g4xx_hal_fdcan.c ****   {
 445              		.loc 1 395 3 is_stmt 1 view .LVU161
 446              	.L25:
 395:platform/HAL/src/stm32g4xx_hal_fdcan.c ****   {
 447              		.loc 1 395 53 view .LVU162
 395:platform/HAL/src/stm32g4xx_hal_fdcan.c ****   {
 448              		.loc 1 395 17 is_stmt 0 view .LVU163
 449 005e 2368     		ldr	r3, [r4]
 395:platform/HAL/src/stm32g4xx_hal_fdcan.c ****   {
 450              		.loc 1 395 27 view .LVU164
 451 0060 9A69     		ldr	r2, [r3, #24]
 395:platform/HAL/src/stm32g4xx_hal_fdcan.c ****   {
 452              		.loc 1 395 53 view .LVU165
 453 0062 12F0010F 		tst	r2, #1
 454 0066 0DD1     		bne	.L45
 398:platform/HAL/src/stm32g4xx_hal_fdcan.c ****     {
 455              		.loc 1 398 5 is_stmt 1 view .LVU166
 398:platform/HAL/src/stm32g4xx_hal_fdcan.c ****     {
 456              		.loc 1 398 10 is_stmt 0 view .LVU167
 457 0068 FFF7FEFF 		bl	HAL_GetTick
 458              	.LVL34:
 398:platform/HAL/src/stm32g4xx_hal_fdcan.c ****     {
 459              		.loc 1 398 24 discriminator 1 view .LVU168
 460 006c 401B     		subs	r0, r0, r5
 398:platform/HAL/src/stm32g4xx_hal_fdcan.c ****     {
 461              		.loc 1 398 8 discriminator 1 view .LVU169
 462 006e 0A28     		cmp	r0, #10
 463 0070 F5D9     		bls	.L25
 401:platform/HAL/src/stm32g4xx_hal_fdcan.c **** 
 464              		.loc 1 401 7 is_stmt 1 view .LVU170
 401:platform/HAL/src/stm32g4xx_hal_fdcan.c **** 
 465              		.loc 1 401 13 is_stmt 0 view .LVU171
 466 0072 236E     		ldr	r3, [r4, #96]
 401:platform/HAL/src/stm32g4xx_hal_fdcan.c **** 
 467              		.loc 1 401 25 view .LVU172
 468 0074 43F00103 		orr	r3, r3, #1
 469 0078 2366     		str	r3, [r4, #96]
 404:platform/HAL/src/stm32g4xx_hal_fdcan.c **** 
 470              		.loc 1 404 7 is_stmt 1 view .LVU173
 404:platform/HAL/src/stm32g4xx_hal_fdcan.c **** 
 471              		.loc 1 404 21 is_stmt 0 view .LVU174
 472 007a 0323     		movs	r3, #3
 473 007c 84F85C30 		strb	r3, [r4, #92]
 406:platform/HAL/src/stm32g4xx_hal_fdcan.c ****     }
 474              		.loc 1 406 7 is_stmt 1 view .LVU175
 406:platform/HAL/src/stm32g4xx_hal_fdcan.c ****     }
 475              		.loc 1 406 14 is_stmt 0 view .LVU176
 476 0080 0120     		movs	r0, #1
ARM GAS  /tmp/cc2SU6oB.s 			page 73


 477 0082 DFE7     		b	.L21
 478              	.L45:
 411:platform/HAL/src/stm32g4xx_hal_fdcan.c **** 
 479              		.loc 1 411 3 is_stmt 1 view .LVU177
 480 0084 9A69     		ldr	r2, [r3, #24]
 481 0086 42F00202 		orr	r2, r2, #2
 482 008a 9A61     		str	r2, [r3, #24]
 414:platform/HAL/src/stm32g4xx_hal_fdcan.c ****   {
 483              		.loc 1 414 3 view .LVU178
 414:platform/HAL/src/stm32g4xx_hal_fdcan.c ****   {
 484              		.loc 1 414 13 is_stmt 0 view .LVU179
 485 008c 2268     		ldr	r2, [r4]
 414:platform/HAL/src/stm32g4xx_hal_fdcan.c ****   {
 486              		.loc 1 414 6 view .LVU180
 487 008e 504B     		ldr	r3, .L52
 488 0090 9A42     		cmp	r2, r3
 489 0092 42D0     		beq	.L46
 490              	.L27:
 421:platform/HAL/src/stm32g4xx_hal_fdcan.c ****   {
 491              		.loc 1 421 3 is_stmt 1 view .LVU181
 421:platform/HAL/src/stm32g4xx_hal_fdcan.c ****   {
 492              		.loc 1 421 19 is_stmt 0 view .LVU182
 493 0094 237C     		ldrb	r3, [r4, #16]	@ zero_extendqisi2
 421:platform/HAL/src/stm32g4xx_hal_fdcan.c ****   {
 494              		.loc 1 421 6 view .LVU183
 495 0096 012B     		cmp	r3, #1
 496 0098 45D0     		beq	.L47
 427:platform/HAL/src/stm32g4xx_hal_fdcan.c ****   }
 497              		.loc 1 427 5 is_stmt 1 view .LVU184
 498 009a 2268     		ldr	r2, [r4]
 499 009c 9369     		ldr	r3, [r2, #24]
 500 009e 43F04003 		orr	r3, r3, #64
 501 00a2 9361     		str	r3, [r2, #24]
 502              	.L29:
 431:platform/HAL/src/stm32g4xx_hal_fdcan.c ****   {
 503              		.loc 1 431 3 view .LVU185
 431:platform/HAL/src/stm32g4xx_hal_fdcan.c ****   {
 504              		.loc 1 431 19 is_stmt 0 view .LVU186
 505 00a4 637C     		ldrb	r3, [r4, #17]	@ zero_extendqisi2
 431:platform/HAL/src/stm32g4xx_hal_fdcan.c ****   {
 506              		.loc 1 431 6 view .LVU187
 507 00a6 012B     		cmp	r3, #1
 508 00a8 43D0     		beq	.L48
 437:platform/HAL/src/stm32g4xx_hal_fdcan.c ****   }
 509              		.loc 1 437 5 is_stmt 1 view .LVU188
 510 00aa 2268     		ldr	r2, [r4]
 511 00ac 9369     		ldr	r3, [r2, #24]
 512 00ae 23F48043 		bic	r3, r3, #16384
 513 00b2 9361     		str	r3, [r2, #24]
 514              	.L31:
 441:platform/HAL/src/stm32g4xx_hal_fdcan.c ****   {
 515              		.loc 1 441 3 view .LVU189
 441:platform/HAL/src/stm32g4xx_hal_fdcan.c ****   {
 516              		.loc 1 441 19 is_stmt 0 view .LVU190
 517 00b4 A37C     		ldrb	r3, [r4, #18]	@ zero_extendqisi2
 441:platform/HAL/src/stm32g4xx_hal_fdcan.c ****   {
 518              		.loc 1 441 6 view .LVU191
ARM GAS  /tmp/cc2SU6oB.s 			page 74


 519 00b6 012B     		cmp	r3, #1
 520 00b8 41D0     		beq	.L49
 447:platform/HAL/src/stm32g4xx_hal_fdcan.c ****   }
 521              		.loc 1 447 5 is_stmt 1 view .LVU192
 522 00ba 2268     		ldr	r2, [r4]
 523 00bc 9369     		ldr	r3, [r2, #24]
 524 00be 43F48053 		orr	r3, r3, #4096
 525 00c2 9361     		str	r3, [r2, #24]
 526              	.L33:
 451:platform/HAL/src/stm32g4xx_hal_fdcan.c **** 
 527              		.loc 1 451 3 view .LVU193
 528 00c4 2268     		ldr	r2, [r4]
 529 00c6 9369     		ldr	r3, [r2, #24]
 530 00c8 23F44073 		bic	r3, r3, #768
 531 00cc A168     		ldr	r1, [r4, #8]
 532 00ce 0B43     		orrs	r3, r3, r1
 533 00d0 9361     		str	r3, [r2, #24]
 454:platform/HAL/src/stm32g4xx_hal_fdcan.c ****   CLEAR_BIT(hfdcan->Instance->TEST, FDCAN_TEST_LBCK);
 534              		.loc 1 454 3 view .LVU194
 535 00d2 2268     		ldr	r2, [r4]
 536 00d4 9369     		ldr	r3, [r2, #24]
 537 00d6 23F0A403 		bic	r3, r3, #164
 538 00da 9361     		str	r3, [r2, #24]
 455:platform/HAL/src/stm32g4xx_hal_fdcan.c **** 
 539              		.loc 1 455 3 view .LVU195
 540 00dc 2268     		ldr	r2, [r4]
 541 00de 1369     		ldr	r3, [r2, #16]
 542 00e0 23F01003 		bic	r3, r3, #16
 543 00e4 1361     		str	r3, [r2, #16]
 465:platform/HAL/src/stm32g4xx_hal_fdcan.c ****   {
 544              		.loc 1 465 3 view .LVU196
 465:platform/HAL/src/stm32g4xx_hal_fdcan.c ****   {
 545              		.loc 1 465 19 is_stmt 0 view .LVU197
 546 00e6 E368     		ldr	r3, [r4, #12]
 465:platform/HAL/src/stm32g4xx_hal_fdcan.c ****   {
 547              		.loc 1 465 6 view .LVU198
 548 00e8 012B     		cmp	r3, #1
 549 00ea 2ED0     		beq	.L50
 470:platform/HAL/src/stm32g4xx_hal_fdcan.c ****   {
 550              		.loc 1 470 8 is_stmt 1 view .LVU199
 470:platform/HAL/src/stm32g4xx_hal_fdcan.c ****   {
 551              		.loc 1 470 11 is_stmt 0 view .LVU200
 552 00ec 002B     		cmp	r3, #0
 553 00ee 31D0     		beq	.L35
 472:platform/HAL/src/stm32g4xx_hal_fdcan.c ****     {
 554              		.loc 1 472 5 is_stmt 1 view .LVU201
 472:platform/HAL/src/stm32g4xx_hal_fdcan.c ****     {
 555              		.loc 1 472 8 is_stmt 0 view .LVU202
 556 00f0 022B     		cmp	r3, #2
 557 00f2 54D0     		beq	.L36
 475:platform/HAL/src/stm32g4xx_hal_fdcan.c **** 
 558              		.loc 1 475 7 is_stmt 1 view .LVU203
 559 00f4 2268     		ldr	r2, [r4]
 560 00f6 9369     		ldr	r3, [r2, #24]
 561 00f8 43F08003 		orr	r3, r3, #128
 562 00fc 9361     		str	r3, [r2, #24]
 478:platform/HAL/src/stm32g4xx_hal_fdcan.c **** 
ARM GAS  /tmp/cc2SU6oB.s 			page 75


 563              		.loc 1 478 7 view .LVU204
 564 00fe 2268     		ldr	r2, [r4]
 565 0100 1369     		ldr	r3, [r2, #16]
 566 0102 43F01003 		orr	r3, r3, #16
 567 0106 1361     		str	r3, [r2, #16]
 480:platform/HAL/src/stm32g4xx_hal_fdcan.c ****       {
 568              		.loc 1 480 7 view .LVU205
 480:platform/HAL/src/stm32g4xx_hal_fdcan.c ****       {
 569              		.loc 1 480 23 is_stmt 0 view .LVU206
 570 0108 E368     		ldr	r3, [r4, #12]
 480:platform/HAL/src/stm32g4xx_hal_fdcan.c ****       {
 571              		.loc 1 480 10 view .LVU207
 572 010a 032B     		cmp	r3, #3
 573 010c 22D1     		bne	.L35
 482:platform/HAL/src/stm32g4xx_hal_fdcan.c ****       }
 574              		.loc 1 482 9 is_stmt 1 view .LVU208
 575 010e 2268     		ldr	r2, [r4]
 576 0110 9369     		ldr	r3, [r2, #24]
 577 0112 43F02003 		orr	r3, r3, #32
 578 0116 9361     		str	r3, [r2, #24]
 579 0118 1CE0     		b	.L35
 580              	.L46:
 417:platform/HAL/src/stm32g4xx_hal_fdcan.c ****   }
 581              		.loc 1 417 5 view .LVU209
 417:platform/HAL/src/stm32g4xx_hal_fdcan.c ****   }
 582              		.loc 1 417 39 is_stmt 0 view .LVU210
 583 011a 6268     		ldr	r2, [r4, #4]
 417:platform/HAL/src/stm32g4xx_hal_fdcan.c ****   }
 584              		.loc 1 417 25 view .LVU211
 585 011c A3F58063 		sub	r3, r3, #1024
 586 0120 C3F80025 		str	r2, [r3, #1280]
 587 0124 B6E7     		b	.L27
 588              	.L47:
 423:platform/HAL/src/stm32g4xx_hal_fdcan.c ****   }
 589              		.loc 1 423 5 is_stmt 1 view .LVU212
 590 0126 2268     		ldr	r2, [r4]
 591 0128 9369     		ldr	r3, [r2, #24]
 592 012a 23F04003 		bic	r3, r3, #64
 593 012e 9361     		str	r3, [r2, #24]
 594 0130 B8E7     		b	.L29
 595              	.L48:
 433:platform/HAL/src/stm32g4xx_hal_fdcan.c ****   }
 596              		.loc 1 433 5 view .LVU213
 597 0132 2268     		ldr	r2, [r4]
 598 0134 9369     		ldr	r3, [r2, #24]
 599 0136 43F48043 		orr	r3, r3, #16384
 600 013a 9361     		str	r3, [r2, #24]
 601 013c BAE7     		b	.L31
 602              	.L49:
 443:platform/HAL/src/stm32g4xx_hal_fdcan.c ****   }
 603              		.loc 1 443 5 view .LVU214
 604 013e 2268     		ldr	r2, [r4]
 605 0140 9369     		ldr	r3, [r2, #24]
 606 0142 23F48053 		bic	r3, r3, #4096
 607 0146 9361     		str	r3, [r2, #24]
 608 0148 BCE7     		b	.L33
 609              	.L50:
ARM GAS  /tmp/cc2SU6oB.s 			page 76


 468:platform/HAL/src/stm32g4xx_hal_fdcan.c ****   }
 610              		.loc 1 468 5 view .LVU215
 611 014a 2268     		ldr	r2, [r4]
 612 014c 9369     		ldr	r3, [r2, #24]
 613 014e 43F00403 		orr	r3, r3, #4
 614 0152 9361     		str	r3, [r2, #24]
 615              	.L35:
 494:platform/HAL/src/stm32g4xx_hal_fdcan.c **** 
 616              		.loc 1 494 3 view .LVU216
 497:platform/HAL/src/stm32g4xx_hal_fdcan.c ****                             (((uint32_t)hfdcan->Init.NominalTimeSeg1 - 1U) << FDCAN_NBTP_NTSEG1_Pos
 617              		.loc 1 497 3 view .LVU217
 497:platform/HAL/src/stm32g4xx_hal_fdcan.c ****                             (((uint32_t)hfdcan->Init.NominalTimeSeg1 - 1U) << FDCAN_NBTP_NTSEG1_Pos
 618              		.loc 1 497 53 is_stmt 0 view .LVU218
 619 0154 A369     		ldr	r3, [r4, #24]
 497:platform/HAL/src/stm32g4xx_hal_fdcan.c ****                             (((uint32_t)hfdcan->Init.NominalTimeSeg1 - 1U) << FDCAN_NBTP_NTSEG1_Pos
 620              		.loc 1 497 75 view .LVU219
 621 0156 5A1E     		subs	r2, r3, #1
 498:platform/HAL/src/stm32g4xx_hal_fdcan.c ****                             (((uint32_t)hfdcan->Init.NominalTimeSeg2 - 1U) << FDCAN_NBTP_NTSEG2_Pos
 622              		.loc 1 498 53 view .LVU220
 623 0158 E369     		ldr	r3, [r4, #28]
 498:platform/HAL/src/stm32g4xx_hal_fdcan.c ****                             (((uint32_t)hfdcan->Init.NominalTimeSeg2 - 1U) << FDCAN_NBTP_NTSEG2_Pos
 624              		.loc 1 498 70 view .LVU221
 625 015a 013B     		subs	r3, r3, #1
 498:platform/HAL/src/stm32g4xx_hal_fdcan.c ****                             (((uint32_t)hfdcan->Init.NominalTimeSeg2 - 1U) << FDCAN_NBTP_NTSEG2_Pos
 626              		.loc 1 498 76 view .LVU222
 627 015c 1B02     		lsls	r3, r3, #8
 497:platform/HAL/src/stm32g4xx_hal_fdcan.c ****                             (((uint32_t)hfdcan->Init.NominalTimeSeg1 - 1U) << FDCAN_NBTP_NTSEG1_Pos
 628              		.loc 1 497 105 view .LVU223
 629 015e 43EA4263 		orr	r3, r3, r2, lsl #25
 499:platform/HAL/src/stm32g4xx_hal_fdcan.c ****                             (((uint32_t)hfdcan->Init.NominalPrescaler - 1U) << FDCAN_NBTP_NBRP_Pos)
 630              		.loc 1 499 53 view .LVU224
 631 0162 226A     		ldr	r2, [r4, #32]
 499:platform/HAL/src/stm32g4xx_hal_fdcan.c ****                             (((uint32_t)hfdcan->Init.NominalPrescaler - 1U) << FDCAN_NBTP_NBRP_Pos)
 632              		.loc 1 499 76 view .LVU225
 633 0164 013A     		subs	r2, r2, #1
 498:platform/HAL/src/stm32g4xx_hal_fdcan.c ****                             (((uint32_t)hfdcan->Init.NominalTimeSeg2 - 1U) << FDCAN_NBTP_NTSEG2_Pos
 634              		.loc 1 498 105 view .LVU226
 635 0166 1343     		orrs	r3, r3, r2
 500:platform/HAL/src/stm32g4xx_hal_fdcan.c **** 
 636              		.loc 1 500 53 view .LVU227
 637 0168 6269     		ldr	r2, [r4, #20]
 500:platform/HAL/src/stm32g4xx_hal_fdcan.c **** 
 638              		.loc 1 500 71 view .LVU228
 639 016a 013A     		subs	r2, r2, #1
 497:platform/HAL/src/stm32g4xx_hal_fdcan.c ****                             (((uint32_t)hfdcan->Init.NominalTimeSeg1 - 1U) << FDCAN_NBTP_NTSEG1_Pos
 640              		.loc 1 497 9 view .LVU229
 641 016c 2168     		ldr	r1, [r4]
 499:platform/HAL/src/stm32g4xx_hal_fdcan.c ****                             (((uint32_t)hfdcan->Init.NominalPrescaler - 1U) << FDCAN_NBTP_NBRP_Pos)
 642              		.loc 1 499 105 view .LVU230
 643 016e 43EA0243 		orr	r3, r3, r2, lsl #16
 497:platform/HAL/src/stm32g4xx_hal_fdcan.c ****                             (((uint32_t)hfdcan->Init.NominalTimeSeg1 - 1U) << FDCAN_NBTP_NTSEG1_Pos
 644              		.loc 1 497 26 view .LVU231
 645 0172 CB61     		str	r3, [r1, #28]
 503:platform/HAL/src/stm32g4xx_hal_fdcan.c ****   {
 646              		.loc 1 503 3 is_stmt 1 view .LVU232
 503:platform/HAL/src/stm32g4xx_hal_fdcan.c ****   {
 647              		.loc 1 503 19 is_stmt 0 view .LVU233
ARM GAS  /tmp/cc2SU6oB.s 			page 77


 648 0174 A368     		ldr	r3, [r4, #8]
 503:platform/HAL/src/stm32g4xx_hal_fdcan.c ****   {
 649              		.loc 1 503 6 view .LVU234
 650 0176 B3F5407F 		cmp	r3, #768
 651 017a 16D0     		beq	.L51
 652              	.L37:
 512:platform/HAL/src/stm32g4xx_hal_fdcan.c **** 
 653              		.loc 1 512 3 is_stmt 1 view .LVU235
 654 017c 2268     		ldr	r2, [r4]
 655 017e D2F8C030 		ldr	r3, [r2, #192]
 656 0182 E16B     		ldr	r1, [r4, #60]
 657 0184 0B43     		orrs	r3, r3, r1
 658 0186 C2F8C030 		str	r3, [r2, #192]
 515:platform/HAL/src/stm32g4xx_hal_fdcan.c **** 
 659              		.loc 1 515 3 view .LVU236
 660 018a 2046     		mov	r0, r4
 661 018c FFF7FEFF 		bl	FDCAN_CalcultateRamBlockAddresses
 662              	.LVL35:
 518:platform/HAL/src/stm32g4xx_hal_fdcan.c **** 
 663              		.loc 1 518 3 view .LVU237
 518:platform/HAL/src/stm32g4xx_hal_fdcan.c **** 
 664              		.loc 1 518 32 is_stmt 0 view .LVU238
 665 0190 0020     		movs	r0, #0
 666 0192 A065     		str	r0, [r4, #88]
 521:platform/HAL/src/stm32g4xx_hal_fdcan.c **** 
 667              		.loc 1 521 3 is_stmt 1 view .LVU239
 521:platform/HAL/src/stm32g4xx_hal_fdcan.c **** 
 668              		.loc 1 521 21 is_stmt 0 view .LVU240
 669 0194 2066     		str	r0, [r4, #96]
 524:platform/HAL/src/stm32g4xx_hal_fdcan.c **** 
 670              		.loc 1 524 3 is_stmt 1 view .LVU241
 524:platform/HAL/src/stm32g4xx_hal_fdcan.c **** 
 671              		.loc 1 524 17 is_stmt 0 view .LVU242
 672 0196 0123     		movs	r3, #1
 673 0198 84F85C30 		strb	r3, [r4, #92]
 527:platform/HAL/src/stm32g4xx_hal_fdcan.c **** }
 674              		.loc 1 527 3 is_stmt 1 view .LVU243
 527:platform/HAL/src/stm32g4xx_hal_fdcan.c **** }
 675              		.loc 1 527 10 is_stmt 0 view .LVU244
 676 019c 52E7     		b	.L21
 677              	.L36:
 488:platform/HAL/src/stm32g4xx_hal_fdcan.c ****     }
 678              		.loc 1 488 7 is_stmt 1 view .LVU245
 679 019e 2268     		ldr	r2, [r4]
 680 01a0 9369     		ldr	r3, [r2, #24]
 681 01a2 43F02003 		orr	r3, r3, #32
 682 01a6 9361     		str	r3, [r2, #24]
 683 01a8 D4E7     		b	.L35
 684              	.L51:
 505:platform/HAL/src/stm32g4xx_hal_fdcan.c ****                               (((uint32_t)hfdcan->Init.DataTimeSeg1 - 1U) << FDCAN_DBTP_DTSEG1_Pos)
 685              		.loc 1 505 5 view .LVU246
 505:platform/HAL/src/stm32g4xx_hal_fdcan.c ****                               (((uint32_t)hfdcan->Init.DataTimeSeg1 - 1U) << FDCAN_DBTP_DTSEG1_Pos)
 686              		.loc 1 505 55 is_stmt 0 view .LVU247
 687 01aa A36A     		ldr	r3, [r4, #40]
 505:platform/HAL/src/stm32g4xx_hal_fdcan.c ****                               (((uint32_t)hfdcan->Init.DataTimeSeg1 - 1U) << FDCAN_DBTP_DTSEG1_Pos)
 688              		.loc 1 505 80 view .LVU248
 689 01ac 013B     		subs	r3, r3, #1
ARM GAS  /tmp/cc2SU6oB.s 			page 78


 506:platform/HAL/src/stm32g4xx_hal_fdcan.c ****                               (((uint32_t)hfdcan->Init.DataTimeSeg2 - 1U) << FDCAN_DBTP_DTSEG2_Pos)
 690              		.loc 1 506 55 view .LVU249
 691 01ae E26A     		ldr	r2, [r4, #44]
 506:platform/HAL/src/stm32g4xx_hal_fdcan.c ****                               (((uint32_t)hfdcan->Init.DataTimeSeg2 - 1U) << FDCAN_DBTP_DTSEG2_Pos)
 692              		.loc 1 506 69 view .LVU250
 693 01b0 013A     		subs	r2, r2, #1
 505:platform/HAL/src/stm32g4xx_hal_fdcan.c ****                               (((uint32_t)hfdcan->Init.DataTimeSeg1 - 1U) << FDCAN_DBTP_DTSEG1_Pos)
 694              		.loc 1 505 105 view .LVU251
 695 01b2 43EA0223 		orr	r3, r3, r2, lsl #8
 507:platform/HAL/src/stm32g4xx_hal_fdcan.c ****                               (((uint32_t)hfdcan->Init.DataPrescaler - 1U) << FDCAN_DBTP_DBRP_Pos))
 696              		.loc 1 507 55 view .LVU252
 697 01b6 226B     		ldr	r2, [r4, #48]
 507:platform/HAL/src/stm32g4xx_hal_fdcan.c ****                               (((uint32_t)hfdcan->Init.DataPrescaler - 1U) << FDCAN_DBTP_DBRP_Pos))
 698              		.loc 1 507 69 view .LVU253
 699 01b8 013A     		subs	r2, r2, #1
 506:platform/HAL/src/stm32g4xx_hal_fdcan.c ****                               (((uint32_t)hfdcan->Init.DataTimeSeg2 - 1U) << FDCAN_DBTP_DTSEG2_Pos)
 700              		.loc 1 506 105 view .LVU254
 701 01ba 43EA0213 		orr	r3, r3, r2, lsl #4
 508:platform/HAL/src/stm32g4xx_hal_fdcan.c ****   }
 702              		.loc 1 508 55 view .LVU255
 703 01be 626A     		ldr	r2, [r4, #36]
 508:platform/HAL/src/stm32g4xx_hal_fdcan.c ****   }
 704              		.loc 1 508 70 view .LVU256
 705 01c0 013A     		subs	r2, r2, #1
 505:platform/HAL/src/stm32g4xx_hal_fdcan.c ****                               (((uint32_t)hfdcan->Init.DataTimeSeg1 - 1U) << FDCAN_DBTP_DTSEG1_Pos)
 706              		.loc 1 505 11 view .LVU257
 707 01c2 2168     		ldr	r1, [r4]
 507:platform/HAL/src/stm32g4xx_hal_fdcan.c ****                               (((uint32_t)hfdcan->Init.DataPrescaler - 1U) << FDCAN_DBTP_DBRP_Pos))
 708              		.loc 1 507 105 view .LVU258
 709 01c4 43EA0243 		orr	r3, r3, r2, lsl #16
 505:platform/HAL/src/stm32g4xx_hal_fdcan.c ****                               (((uint32_t)hfdcan->Init.DataTimeSeg1 - 1U) << FDCAN_DBTP_DTSEG1_Pos)
 710              		.loc 1 505 28 view .LVU259
 711 01c8 CB60     		str	r3, [r1, #12]
 712 01ca D7E7     		b	.L37
 713              	.LVL36:
 714              	.L38:
 715              	.LCFI4:
 716              		.cfi_def_cfa_offset 0
 717              		.cfi_restore 3
 718              		.cfi_restore 4
 719              		.cfi_restore 5
 720              		.cfi_restore 14
 300:platform/HAL/src/stm32g4xx_hal_fdcan.c ****   }
 721              		.loc 1 300 12 view .LVU260
 722 01cc 0120     		movs	r0, #1
 723              	.LVL37:
 528:platform/HAL/src/stm32g4xx_hal_fdcan.c **** 
 724              		.loc 1 528 1 view .LVU261
 725 01ce 7047     		bx	lr
 726              	.L53:
 727              		.align	2
 728              	.L52:
 729 01d0 00640040 		.word	1073767424
 730              		.cfi_endproc
 731              	.LFE329:
 733              		.section	.text.HAL_FDCAN_MspDeInit,"ax",%progbits
 734              		.align	1
ARM GAS  /tmp/cc2SU6oB.s 			page 79


 735              		.weak	HAL_FDCAN_MspDeInit
 736              		.syntax unified
 737              		.thumb
 738              		.thumb_func
 740              	HAL_FDCAN_MspDeInit:
 741              	.LVL38:
 742              	.LFB332:
 598:platform/HAL/src/stm32g4xx_hal_fdcan.c ****   /* Prevent unused argument(s) compilation warning */
 743              		.loc 1 598 1 is_stmt 1 view -0
 744              		.cfi_startproc
 745              		@ args = 0, pretend = 0, frame = 0
 746              		@ frame_needed = 0, uses_anonymous_args = 0
 747              		@ link register save eliminated.
 600:platform/HAL/src/stm32g4xx_hal_fdcan.c ****   /* NOTE: This function Should not be modified, when the callback is needed,
 748              		.loc 1 600 3 view .LVU263
 604:platform/HAL/src/stm32g4xx_hal_fdcan.c **** 
 749              		.loc 1 604 1 is_stmt 0 view .LVU264
 750 0000 7047     		bx	lr
 751              		.cfi_endproc
 752              	.LFE332:
 754              		.section	.text.HAL_FDCAN_EnterPowerDownMode,"ax",%progbits
 755              		.align	1
 756              		.global	HAL_FDCAN_EnterPowerDownMode
 757              		.syntax unified
 758              		.thumb
 759              		.thumb_func
 761              	HAL_FDCAN_EnterPowerDownMode:
 762              	.LVL39:
 763              	.LFB333:
 613:platform/HAL/src/stm32g4xx_hal_fdcan.c ****   uint32_t tickstart;
 764              		.loc 1 613 1 is_stmt 1 view -0
 765              		.cfi_startproc
 766              		@ args = 0, pretend = 0, frame = 0
 767              		@ frame_needed = 0, uses_anonymous_args = 0
 613:platform/HAL/src/stm32g4xx_hal_fdcan.c ****   uint32_t tickstart;
 768              		.loc 1 613 1 is_stmt 0 view .LVU266
 769 0000 38B5     		push	{r3, r4, r5, lr}
 770              	.LCFI5:
 771              		.cfi_def_cfa_offset 16
 772              		.cfi_offset 3, -16
 773              		.cfi_offset 4, -12
 774              		.cfi_offset 5, -8
 775              		.cfi_offset 14, -4
 776 0002 0446     		mov	r4, r0
 614:platform/HAL/src/stm32g4xx_hal_fdcan.c **** 
 777              		.loc 1 614 3 is_stmt 1 view .LVU267
 617:platform/HAL/src/stm32g4xx_hal_fdcan.c **** 
 778              		.loc 1 617 3 view .LVU268
 779 0004 0268     		ldr	r2, [r0]
 780 0006 9369     		ldr	r3, [r2, #24]
 781 0008 43F01003 		orr	r3, r3, #16
 782 000c 9361     		str	r3, [r2, #24]
 620:platform/HAL/src/stm32g4xx_hal_fdcan.c **** 
 783              		.loc 1 620 3 view .LVU269
 620:platform/HAL/src/stm32g4xx_hal_fdcan.c **** 
 784              		.loc 1 620 15 is_stmt 0 view .LVU270
 785 000e FFF7FEFF 		bl	HAL_GetTick
ARM GAS  /tmp/cc2SU6oB.s 			page 80


 786              	.LVL40:
 620:platform/HAL/src/stm32g4xx_hal_fdcan.c **** 
 787              		.loc 1 620 15 view .LVU271
 788 0012 0546     		mov	r5, r0
 789              	.LVL41:
 623:platform/HAL/src/stm32g4xx_hal_fdcan.c ****   {
 790              		.loc 1 623 3 is_stmt 1 view .LVU272
 791              	.L56:
 623:platform/HAL/src/stm32g4xx_hal_fdcan.c ****   {
 792              		.loc 1 623 52 view .LVU273
 623:platform/HAL/src/stm32g4xx_hal_fdcan.c ****   {
 793              		.loc 1 623 17 is_stmt 0 view .LVU274
 794 0014 2368     		ldr	r3, [r4]
 623:platform/HAL/src/stm32g4xx_hal_fdcan.c ****   {
 795              		.loc 1 623 27 view .LVU275
 796 0016 9B69     		ldr	r3, [r3, #24]
 623:platform/HAL/src/stm32g4xx_hal_fdcan.c ****   {
 797              		.loc 1 623 52 view .LVU276
 798 0018 13F0080F 		tst	r3, #8
 799 001c 0DD1     		bne	.L60
 625:platform/HAL/src/stm32g4xx_hal_fdcan.c ****     {
 800              		.loc 1 625 5 is_stmt 1 view .LVU277
 625:platform/HAL/src/stm32g4xx_hal_fdcan.c ****     {
 801              		.loc 1 625 10 is_stmt 0 view .LVU278
 802 001e FFF7FEFF 		bl	HAL_GetTick
 803              	.LVL42:
 625:platform/HAL/src/stm32g4xx_hal_fdcan.c ****     {
 804              		.loc 1 625 24 discriminator 1 view .LVU279
 805 0022 401B     		subs	r0, r0, r5
 625:platform/HAL/src/stm32g4xx_hal_fdcan.c ****     {
 806              		.loc 1 625 8 discriminator 1 view .LVU280
 807 0024 0A28     		cmp	r0, #10
 808 0026 F5D9     		bls	.L56
 628:platform/HAL/src/stm32g4xx_hal_fdcan.c **** 
 809              		.loc 1 628 7 is_stmt 1 view .LVU281
 628:platform/HAL/src/stm32g4xx_hal_fdcan.c **** 
 810              		.loc 1 628 13 is_stmt 0 view .LVU282
 811 0028 236E     		ldr	r3, [r4, #96]
 628:platform/HAL/src/stm32g4xx_hal_fdcan.c **** 
 812              		.loc 1 628 25 view .LVU283
 813 002a 43F00103 		orr	r3, r3, #1
 814 002e 2366     		str	r3, [r4, #96]
 631:platform/HAL/src/stm32g4xx_hal_fdcan.c **** 
 815              		.loc 1 631 7 is_stmt 1 view .LVU284
 631:platform/HAL/src/stm32g4xx_hal_fdcan.c **** 
 816              		.loc 1 631 21 is_stmt 0 view .LVU285
 817 0030 0323     		movs	r3, #3
 818 0032 84F85C30 		strb	r3, [r4, #92]
 633:platform/HAL/src/stm32g4xx_hal_fdcan.c ****     }
 819              		.loc 1 633 7 is_stmt 1 view .LVU286
 633:platform/HAL/src/stm32g4xx_hal_fdcan.c ****     }
 820              		.loc 1 633 14 is_stmt 0 view .LVU287
 821 0036 0120     		movs	r0, #1
 822 0038 00E0     		b	.L57
 823              	.L60:
 638:platform/HAL/src/stm32g4xx_hal_fdcan.c **** }
 824              		.loc 1 638 10 view .LVU288
ARM GAS  /tmp/cc2SU6oB.s 			page 81


 825 003a 0020     		movs	r0, #0
 826              	.L57:
 639:platform/HAL/src/stm32g4xx_hal_fdcan.c **** 
 827              		.loc 1 639 1 view .LVU289
 828 003c 38BD     		pop	{r3, r4, r5, pc}
 639:platform/HAL/src/stm32g4xx_hal_fdcan.c **** 
 829              		.loc 1 639 1 view .LVU290
 830              		.cfi_endproc
 831              	.LFE333:
 833              		.section	.text.HAL_FDCAN_ExitPowerDownMode,"ax",%progbits
 834              		.align	1
 835              		.global	HAL_FDCAN_ExitPowerDownMode
 836              		.syntax unified
 837              		.thumb
 838              		.thumb_func
 840              	HAL_FDCAN_ExitPowerDownMode:
 841              	.LVL43:
 842              	.LFB334:
 648:platform/HAL/src/stm32g4xx_hal_fdcan.c ****   uint32_t tickstart;
 843              		.loc 1 648 1 is_stmt 1 view -0
 844              		.cfi_startproc
 845              		@ args = 0, pretend = 0, frame = 0
 846              		@ frame_needed = 0, uses_anonymous_args = 0
 648:platform/HAL/src/stm32g4xx_hal_fdcan.c ****   uint32_t tickstart;
 847              		.loc 1 648 1 is_stmt 0 view .LVU292
 848 0000 38B5     		push	{r3, r4, r5, lr}
 849              	.LCFI6:
 850              		.cfi_def_cfa_offset 16
 851              		.cfi_offset 3, -16
 852              		.cfi_offset 4, -12
 853              		.cfi_offset 5, -8
 854              		.cfi_offset 14, -4
 855 0002 0446     		mov	r4, r0
 649:platform/HAL/src/stm32g4xx_hal_fdcan.c **** 
 856              		.loc 1 649 3 is_stmt 1 view .LVU293
 652:platform/HAL/src/stm32g4xx_hal_fdcan.c **** 
 857              		.loc 1 652 3 view .LVU294
 858 0004 0268     		ldr	r2, [r0]
 859 0006 9369     		ldr	r3, [r2, #24]
 860 0008 23F01003 		bic	r3, r3, #16
 861 000c 9361     		str	r3, [r2, #24]
 655:platform/HAL/src/stm32g4xx_hal_fdcan.c **** 
 862              		.loc 1 655 3 view .LVU295
 655:platform/HAL/src/stm32g4xx_hal_fdcan.c **** 
 863              		.loc 1 655 15 is_stmt 0 view .LVU296
 864 000e FFF7FEFF 		bl	HAL_GetTick
 865              	.LVL44:
 655:platform/HAL/src/stm32g4xx_hal_fdcan.c **** 
 866              		.loc 1 655 15 view .LVU297
 867 0012 0546     		mov	r5, r0
 868              	.LVL45:
 658:platform/HAL/src/stm32g4xx_hal_fdcan.c ****   {
 869              		.loc 1 658 3 is_stmt 1 view .LVU298
 870              	.L62:
 658:platform/HAL/src/stm32g4xx_hal_fdcan.c ****   {
 871              		.loc 1 658 52 view .LVU299
 658:platform/HAL/src/stm32g4xx_hal_fdcan.c ****   {
ARM GAS  /tmp/cc2SU6oB.s 			page 82


 872              		.loc 1 658 17 is_stmt 0 view .LVU300
 873 0014 2368     		ldr	r3, [r4]
 658:platform/HAL/src/stm32g4xx_hal_fdcan.c ****   {
 874              		.loc 1 658 27 view .LVU301
 875 0016 9A69     		ldr	r2, [r3, #24]
 658:platform/HAL/src/stm32g4xx_hal_fdcan.c ****   {
 876              		.loc 1 658 52 view .LVU302
 877 0018 12F0080F 		tst	r2, #8
 878 001c 0DD0     		beq	.L66
 660:platform/HAL/src/stm32g4xx_hal_fdcan.c ****     {
 879              		.loc 1 660 5 is_stmt 1 view .LVU303
 660:platform/HAL/src/stm32g4xx_hal_fdcan.c ****     {
 880              		.loc 1 660 10 is_stmt 0 view .LVU304
 881 001e FFF7FEFF 		bl	HAL_GetTick
 882              	.LVL46:
 660:platform/HAL/src/stm32g4xx_hal_fdcan.c ****     {
 883              		.loc 1 660 24 discriminator 1 view .LVU305
 884 0022 401B     		subs	r0, r0, r5
 660:platform/HAL/src/stm32g4xx_hal_fdcan.c ****     {
 885              		.loc 1 660 8 discriminator 1 view .LVU306
 886 0024 0A28     		cmp	r0, #10
 887 0026 F5D9     		bls	.L62
 663:platform/HAL/src/stm32g4xx_hal_fdcan.c **** 
 888              		.loc 1 663 7 is_stmt 1 view .LVU307
 663:platform/HAL/src/stm32g4xx_hal_fdcan.c **** 
 889              		.loc 1 663 13 is_stmt 0 view .LVU308
 890 0028 236E     		ldr	r3, [r4, #96]
 663:platform/HAL/src/stm32g4xx_hal_fdcan.c **** 
 891              		.loc 1 663 25 view .LVU309
 892 002a 43F00103 		orr	r3, r3, #1
 893 002e 2366     		str	r3, [r4, #96]
 666:platform/HAL/src/stm32g4xx_hal_fdcan.c **** 
 894              		.loc 1 666 7 is_stmt 1 view .LVU310
 666:platform/HAL/src/stm32g4xx_hal_fdcan.c **** 
 895              		.loc 1 666 21 is_stmt 0 view .LVU311
 896 0030 0323     		movs	r3, #3
 897 0032 84F85C30 		strb	r3, [r4, #92]
 668:platform/HAL/src/stm32g4xx_hal_fdcan.c ****     }
 898              		.loc 1 668 7 is_stmt 1 view .LVU312
 668:platform/HAL/src/stm32g4xx_hal_fdcan.c ****     }
 899              		.loc 1 668 14 is_stmt 0 view .LVU313
 900 0036 0120     		movs	r0, #1
 901 0038 04E0     		b	.L63
 902              	.L66:
 673:platform/HAL/src/stm32g4xx_hal_fdcan.c **** 
 903              		.loc 1 673 3 is_stmt 1 view .LVU314
 904 003a 9A69     		ldr	r2, [r3, #24]
 905 003c 22F00102 		bic	r2, r2, #1
 906 0040 9A61     		str	r2, [r3, #24]
 676:platform/HAL/src/stm32g4xx_hal_fdcan.c **** }
 907              		.loc 1 676 3 view .LVU315
 676:platform/HAL/src/stm32g4xx_hal_fdcan.c **** }
 908              		.loc 1 676 10 is_stmt 0 view .LVU316
 909 0042 0020     		movs	r0, #0
 910              	.L63:
 677:platform/HAL/src/stm32g4xx_hal_fdcan.c **** 
 911              		.loc 1 677 1 view .LVU317
ARM GAS  /tmp/cc2SU6oB.s 			page 83


 912 0044 38BD     		pop	{r3, r4, r5, pc}
 677:platform/HAL/src/stm32g4xx_hal_fdcan.c **** 
 913              		.loc 1 677 1 view .LVU318
 914              		.cfi_endproc
 915              	.LFE334:
 917              		.section	.text.HAL_FDCAN_ConfigFilter,"ax",%progbits
 918              		.align	1
 919              		.global	HAL_FDCAN_ConfigFilter
 920              		.syntax unified
 921              		.thumb
 922              		.thumb_func
 924              	HAL_FDCAN_ConfigFilter:
 925              	.LVL47:
 926              	.LFB335:
1297:platform/HAL/src/stm32g4xx_hal_fdcan.c ****   uint32_t FilterElementW1;
 927              		.loc 1 1297 1 is_stmt 1 view -0
 928              		.cfi_startproc
 929              		@ args = 0, pretend = 0, frame = 0
 930              		@ frame_needed = 0, uses_anonymous_args = 0
 931              		@ link register save eliminated.
1298:platform/HAL/src/stm32g4xx_hal_fdcan.c ****   uint32_t FilterElementW2;
 932              		.loc 1 1298 3 view .LVU320
1299:platform/HAL/src/stm32g4xx_hal_fdcan.c ****   uint32_t *FilterAddress;
 933              		.loc 1 1299 3 view .LVU321
1300:platform/HAL/src/stm32g4xx_hal_fdcan.c ****   HAL_FDCAN_StateTypeDef state = hfdcan->State;
 934              		.loc 1 1300 3 view .LVU322
1301:platform/HAL/src/stm32g4xx_hal_fdcan.c **** 
 935              		.loc 1 1301 3 view .LVU323
1301:platform/HAL/src/stm32g4xx_hal_fdcan.c **** 
 936              		.loc 1 1301 26 is_stmt 0 view .LVU324
 937 0000 90F85C30 		ldrb	r3, [r0, #92]	@ zero_extendqisi2
 938              	.LVL48:
1303:platform/HAL/src/stm32g4xx_hal_fdcan.c ****   {
 939              		.loc 1 1303 3 is_stmt 1 view .LVU325
1303:platform/HAL/src/stm32g4xx_hal_fdcan.c ****   {
 940              		.loc 1 1303 40 is_stmt 0 view .LVU326
 941 0004 013B     		subs	r3, r3, #1
 942              	.LVL49:
1303:platform/HAL/src/stm32g4xx_hal_fdcan.c ****   {
 943              		.loc 1 1303 40 view .LVU327
 944 0006 DBB2     		uxtb	r3, r3
 945              	.LVL50:
1303:platform/HAL/src/stm32g4xx_hal_fdcan.c ****   {
 946              		.loc 1 1303 6 view .LVU328
 947 0008 012B     		cmp	r3, #1
 948 000a 05D9     		bls	.L77
1358:platform/HAL/src/stm32g4xx_hal_fdcan.c **** 
 949              		.loc 1 1358 5 is_stmt 1 view .LVU329
1358:platform/HAL/src/stm32g4xx_hal_fdcan.c **** 
 950              		.loc 1 1358 11 is_stmt 0 view .LVU330
 951 000c 036E     		ldr	r3, [r0, #96]
1358:platform/HAL/src/stm32g4xx_hal_fdcan.c **** 
 952              		.loc 1 1358 23 view .LVU331
 953 000e 43F00203 		orr	r3, r3, #2
 954 0012 0366     		str	r3, [r0, #96]
1360:platform/HAL/src/stm32g4xx_hal_fdcan.c ****   }
 955              		.loc 1 1360 5 is_stmt 1 view .LVU332
ARM GAS  /tmp/cc2SU6oB.s 			page 84


1360:platform/HAL/src/stm32g4xx_hal_fdcan.c ****   }
 956              		.loc 1 1360 12 is_stmt 0 view .LVU333
 957 0014 0120     		movs	r0, #1
 958              	.LVL51:
1360:platform/HAL/src/stm32g4xx_hal_fdcan.c ****   }
 959              		.loc 1 1360 12 view .LVU334
 960 0016 7047     		bx	lr
 961              	.LVL52:
 962              	.L77:
1306:platform/HAL/src/stm32g4xx_hal_fdcan.c ****     assert_param(IS_FDCAN_FILTER_CFG(sFilterConfig->FilterConfig));
 963              		.loc 1 1306 5 is_stmt 1 view .LVU335
1307:platform/HAL/src/stm32g4xx_hal_fdcan.c **** 
 964              		.loc 1 1307 5 view .LVU336
1309:platform/HAL/src/stm32g4xx_hal_fdcan.c ****     {
 965              		.loc 1 1309 5 view .LVU337
1309:platform/HAL/src/stm32g4xx_hal_fdcan.c ****     {
 966              		.loc 1 1309 22 is_stmt 0 view .LVU338
 967 0018 0B68     		ldr	r3, [r1]
1309:platform/HAL/src/stm32g4xx_hal_fdcan.c ****     {
 968              		.loc 1 1309 8 view .LVU339
 969 001a A3B1     		cbz	r3, .L76
1297:platform/HAL/src/stm32g4xx_hal_fdcan.c ****   uint32_t FilterElementW1;
 970              		.loc 1 1297 1 view .LVU340
 971 001c 10B4     		push	{r4}
 972              	.LCFI7:
 973              		.cfi_def_cfa_offset 4
 974              		.cfi_offset 4, -4
1332:platform/HAL/src/stm32g4xx_hal_fdcan.c ****       assert_param(IS_FDCAN_MAX_VALUE(sFilterConfig->FilterID1, 0x1FFFFFFFU));
 975              		.loc 1 1332 7 is_stmt 1 view .LVU341
1333:platform/HAL/src/stm32g4xx_hal_fdcan.c ****       assert_param(IS_FDCAN_MAX_VALUE(sFilterConfig->FilterID2, 0x1FFFFFFFU));
 976              		.loc 1 1333 7 view .LVU342
1334:platform/HAL/src/stm32g4xx_hal_fdcan.c ****       assert_param(IS_FDCAN_EXT_FILTER_TYPE(sFilterConfig->FilterType));
 977              		.loc 1 1334 7 view .LVU343
1335:platform/HAL/src/stm32g4xx_hal_fdcan.c **** 
 978              		.loc 1 1335 7 view .LVU344
1338:platform/HAL/src/stm32g4xx_hal_fdcan.c **** 
 979              		.loc 1 1338 7 view .LVU345
1338:platform/HAL/src/stm32g4xx_hal_fdcan.c **** 
 980              		.loc 1 1338 40 is_stmt 0 view .LVU346
 981 001e CA68     		ldr	r2, [r1, #12]
1338:platform/HAL/src/stm32g4xx_hal_fdcan.c **** 
 982              		.loc 1 1338 78 view .LVU347
 983 0020 0B69     		ldr	r3, [r1, #16]
1338:platform/HAL/src/stm32g4xx_hal_fdcan.c **** 
 984              		.loc 1 1338 23 view .LVU348
 985 0022 43EA4272 		orr	r2, r3, r2, lsl #29
 986              	.LVL53:
1341:platform/HAL/src/stm32g4xx_hal_fdcan.c **** 
 987              		.loc 1 1341 7 is_stmt 1 view .LVU349
1341:platform/HAL/src/stm32g4xx_hal_fdcan.c **** 
 988              		.loc 1 1341 76 is_stmt 0 view .LVU350
 989 0026 4B69     		ldr	r3, [r1, #20]
1341:platform/HAL/src/stm32g4xx_hal_fdcan.c **** 
 990              		.loc 1 1341 23 view .LVU351
 991 0028 8C68     		ldr	r4, [r1, #8]
 992 002a 43EA8473 		orr	r3, r3, r4, lsl #30
 993              	.LVL54:
ARM GAS  /tmp/cc2SU6oB.s 			page 85


1344:platform/HAL/src/stm32g4xx_hal_fdcan.c **** 
 994              		.loc 1 1344 7 is_stmt 1 view .LVU352
1344:platform/HAL/src/stm32g4xx_hal_fdcan.c **** 
 995              		.loc 1 1344 50 is_stmt 0 view .LVU353
 996 002e 406C     		ldr	r0, [r0, #68]
 997              	.LVL55:
1344:platform/HAL/src/stm32g4xx_hal_fdcan.c **** 
 998              		.loc 1 1344 84 view .LVU354
 999 0030 4968     		ldr	r1, [r1, #4]
 1000              	.LVL56:
1344:platform/HAL/src/stm32g4xx_hal_fdcan.c **** 
 1001              		.loc 1 1344 68 view .LVU355
 1002 0032 00EBC10C 		add	ip, r0, r1, lsl #3
 1003              	.LVL57:
1347:platform/HAL/src/stm32g4xx_hal_fdcan.c ****       FilterAddress++;
 1004              		.loc 1 1347 7 is_stmt 1 view .LVU356
1347:platform/HAL/src/stm32g4xx_hal_fdcan.c ****       FilterAddress++;
 1005              		.loc 1 1347 22 is_stmt 0 view .LVU357
 1006 0036 40F83120 		str	r2, [r0, r1, lsl #3]
1348:platform/HAL/src/stm32g4xx_hal_fdcan.c ****       *FilterAddress = FilterElementW2;
 1007              		.loc 1 1348 7 is_stmt 1 view .LVU358
 1008              	.LVL58:
1349:platform/HAL/src/stm32g4xx_hal_fdcan.c ****     }
 1009              		.loc 1 1349 7 view .LVU359
1349:platform/HAL/src/stm32g4xx_hal_fdcan.c ****     }
 1010              		.loc 1 1349 22 is_stmt 0 view .LVU360
 1011 003a CCF80430 		str	r3, [ip, #4]
1353:platform/HAL/src/stm32g4xx_hal_fdcan.c ****   }
 1012              		.loc 1 1353 5 is_stmt 1 view .LVU361
1353:platform/HAL/src/stm32g4xx_hal_fdcan.c ****   }
 1013              		.loc 1 1353 12 is_stmt 0 view .LVU362
 1014 003e 0020     		movs	r0, #0
1362:platform/HAL/src/stm32g4xx_hal_fdcan.c **** 
 1015              		.loc 1 1362 1 view .LVU363
 1016 0040 5DF8044B 		ldr	r4, [sp], #4
 1017              	.LCFI8:
 1018              		.cfi_restore 4
 1019              		.cfi_def_cfa_offset 0
 1020 0044 7047     		bx	lr
 1021              	.LVL59:
 1022              	.L76:
1312:platform/HAL/src/stm32g4xx_hal_fdcan.c ****       assert_param(IS_FDCAN_MAX_VALUE(sFilterConfig->FilterID1, 0x7FFU));
 1023              		.loc 1 1312 7 is_stmt 1 view .LVU364
1313:platform/HAL/src/stm32g4xx_hal_fdcan.c ****       assert_param(IS_FDCAN_MAX_VALUE(sFilterConfig->FilterID2, 0x7FFU));
 1024              		.loc 1 1313 7 view .LVU365
1314:platform/HAL/src/stm32g4xx_hal_fdcan.c ****       assert_param(IS_FDCAN_STD_FILTER_TYPE(sFilterConfig->FilterType));
 1025              		.loc 1 1314 7 view .LVU366
1315:platform/HAL/src/stm32g4xx_hal_fdcan.c **** 
 1026              		.loc 1 1315 7 view .LVU367
1318:platform/HAL/src/stm32g4xx_hal_fdcan.c ****                          (sFilterConfig->FilterConfig << 27U) |
 1027              		.loc 1 1318 7 view .LVU368
1318:platform/HAL/src/stm32g4xx_hal_fdcan.c ****                          (sFilterConfig->FilterConfig << 27U) |
 1028              		.loc 1 1318 40 is_stmt 0 view .LVU369
 1029 0046 8A68     		ldr	r2, [r1, #8]
1319:platform/HAL/src/stm32g4xx_hal_fdcan.c ****                          (sFilterConfig->FilterID1 << 16U)    |
 1030              		.loc 1 1319 40 view .LVU370
 1031 0048 CB68     		ldr	r3, [r1, #12]
ARM GAS  /tmp/cc2SU6oB.s 			page 86


1319:platform/HAL/src/stm32g4xx_hal_fdcan.c ****                          (sFilterConfig->FilterID1 << 16U)    |
 1032              		.loc 1 1319 55 view .LVU371
 1033 004a DB06     		lsls	r3, r3, #27
1318:platform/HAL/src/stm32g4xx_hal_fdcan.c ****                          (sFilterConfig->FilterConfig << 27U) |
 1034              		.loc 1 1318 63 view .LVU372
 1035 004c 43EA8273 		orr	r3, r3, r2, lsl #30
1320:platform/HAL/src/stm32g4xx_hal_fdcan.c ****                          sFilterConfig->FilterID2);
 1036              		.loc 1 1320 40 view .LVU373
 1037 0050 0A69     		ldr	r2, [r1, #16]
1319:platform/HAL/src/stm32g4xx_hal_fdcan.c ****                          (sFilterConfig->FilterID1 << 16U)    |
 1038              		.loc 1 1319 63 view .LVU374
 1039 0052 43EA0243 		orr	r3, r3, r2, lsl #16
1321:platform/HAL/src/stm32g4xx_hal_fdcan.c **** 
 1040              		.loc 1 1321 39 view .LVU375
 1041 0056 4A69     		ldr	r2, [r1, #20]
1318:platform/HAL/src/stm32g4xx_hal_fdcan.c ****                          (sFilterConfig->FilterConfig << 27U) |
 1042              		.loc 1 1318 23 view .LVU376
 1043 0058 1343     		orrs	r3, r3, r2
 1044              	.LVL60:
1324:platform/HAL/src/stm32g4xx_hal_fdcan.c **** 
 1045              		.loc 1 1324 7 is_stmt 1 view .LVU377
1324:platform/HAL/src/stm32g4xx_hal_fdcan.c **** 
 1046              		.loc 1 1324 50 is_stmt 0 view .LVU378
 1047 005a 026C     		ldr	r2, [r0, #64]
1324:platform/HAL/src/stm32g4xx_hal_fdcan.c **** 
 1048              		.loc 1 1324 84 view .LVU379
 1049 005c 4968     		ldr	r1, [r1, #4]
 1050              	.LVL61:
1327:platform/HAL/src/stm32g4xx_hal_fdcan.c ****     }
 1051              		.loc 1 1327 7 is_stmt 1 view .LVU380
1327:platform/HAL/src/stm32g4xx_hal_fdcan.c ****     }
 1052              		.loc 1 1327 22 is_stmt 0 view .LVU381
 1053 005e 42F82130 		str	r3, [r2, r1, lsl #2]
1353:platform/HAL/src/stm32g4xx_hal_fdcan.c ****   }
 1054              		.loc 1 1353 5 is_stmt 1 view .LVU382
1353:platform/HAL/src/stm32g4xx_hal_fdcan.c ****   }
 1055              		.loc 1 1353 12 is_stmt 0 view .LVU383
 1056 0062 0020     		movs	r0, #0
 1057              	.LVL62:
1362:platform/HAL/src/stm32g4xx_hal_fdcan.c **** 
 1058              		.loc 1 1362 1 view .LVU384
 1059 0064 7047     		bx	lr
 1060              		.cfi_endproc
 1061              	.LFE335:
 1063              		.section	.text.HAL_FDCAN_ConfigGlobalFilter,"ax",%progbits
 1064              		.align	1
 1065              		.global	HAL_FDCAN_ConfigGlobalFilter
 1066              		.syntax unified
 1067              		.thumb
 1068              		.thumb_func
 1070              	HAL_FDCAN_ConfigGlobalFilter:
 1071              	.LVL63:
 1072              	.LFB336:
1385:platform/HAL/src/stm32g4xx_hal_fdcan.c ****   /* Check function parameters */
 1073              		.loc 1 1385 1 is_stmt 1 view -0
 1074              		.cfi_startproc
 1075              		@ args = 4, pretend = 0, frame = 0
ARM GAS  /tmp/cc2SU6oB.s 			page 87


 1076              		@ frame_needed = 0, uses_anonymous_args = 0
 1077              		@ link register save eliminated.
1387:platform/HAL/src/stm32g4xx_hal_fdcan.c ****   assert_param(IS_FDCAN_NON_MATCHING(NonMatchingExt));
 1078              		.loc 1 1387 3 view .LVU386
1388:platform/HAL/src/stm32g4xx_hal_fdcan.c ****   assert_param(IS_FDCAN_REJECT_REMOTE(RejectRemoteStd));
 1079              		.loc 1 1388 3 view .LVU387
1389:platform/HAL/src/stm32g4xx_hal_fdcan.c ****   assert_param(IS_FDCAN_REJECT_REMOTE(RejectRemoteExt));
 1080              		.loc 1 1389 3 view .LVU388
1390:platform/HAL/src/stm32g4xx_hal_fdcan.c **** 
 1081              		.loc 1 1390 3 view .LVU389
1392:platform/HAL/src/stm32g4xx_hal_fdcan.c ****   {
 1082              		.loc 1 1392 3 view .LVU390
1392:platform/HAL/src/stm32g4xx_hal_fdcan.c ****   {
 1083              		.loc 1 1392 13 is_stmt 0 view .LVU391
 1084 0000 90F85CC0 		ldrb	ip, [r0, #92]	@ zero_extendqisi2
1392:platform/HAL/src/stm32g4xx_hal_fdcan.c ****   {
 1085              		.loc 1 1392 6 view .LVU392
 1086 0004 BCF1010F 		cmp	ip, #1
 1087 0008 05D0     		beq	.L85
1410:platform/HAL/src/stm32g4xx_hal_fdcan.c **** 
 1088              		.loc 1 1410 5 is_stmt 1 view .LVU393
1410:platform/HAL/src/stm32g4xx_hal_fdcan.c **** 
 1089              		.loc 1 1410 11 is_stmt 0 view .LVU394
 1090 000a 036E     		ldr	r3, [r0, #96]
 1091              	.LVL64:
1410:platform/HAL/src/stm32g4xx_hal_fdcan.c **** 
 1092              		.loc 1 1410 23 view .LVU395
 1093 000c 43F00403 		orr	r3, r3, #4
 1094 0010 0366     		str	r3, [r0, #96]
1412:platform/HAL/src/stm32g4xx_hal_fdcan.c ****   }
 1095              		.loc 1 1412 5 is_stmt 1 view .LVU396
1412:platform/HAL/src/stm32g4xx_hal_fdcan.c ****   }
 1096              		.loc 1 1412 12 is_stmt 0 view .LVU397
 1097 0012 0120     		movs	r0, #1
 1098              	.LVL65:
1414:platform/HAL/src/stm32g4xx_hal_fdcan.c **** 
 1099              		.loc 1 1414 1 view .LVU398
 1100 0014 7047     		bx	lr
 1101              	.LVL66:
 1102              	.L85:
1385:platform/HAL/src/stm32g4xx_hal_fdcan.c ****   /* Check function parameters */
 1103              		.loc 1 1385 1 view .LVU399
 1104 0016 10B4     		push	{r4}
 1105              	.LCFI9:
 1106              		.cfi_def_cfa_offset 4
 1107              		.cfi_offset 4, -4
1395:platform/HAL/src/stm32g4xx_hal_fdcan.c ****                                          FDCAN_RXGFC_ANFE |
 1108              		.loc 1 1395 5 is_stmt 1 view .LVU400
 1109 0018 0468     		ldr	r4, [r0]
 1110 001a D4F88000 		ldr	r0, [r4, #128]
 1111              	.LVL67:
1395:platform/HAL/src/stm32g4xx_hal_fdcan.c ****                                          FDCAN_RXGFC_ANFE |
 1112              		.loc 1 1395 5 is_stmt 0 view .LVU401
 1113 001e 20F03F00 		bic	r0, r0, #63
 1114 0022 9200     		lsls	r2, r2, #2
 1115              	.LVL68:
1395:platform/HAL/src/stm32g4xx_hal_fdcan.c ****                                          FDCAN_RXGFC_ANFE |
ARM GAS  /tmp/cc2SU6oB.s 			page 88


 1116              		.loc 1 1395 5 view .LVU402
 1117 0024 42EA0112 		orr	r2, r2, r1, lsl #4
 1118 0028 42EA4303 		orr	r3, r2, r3, lsl #1
 1119              	.LVL69:
1395:platform/HAL/src/stm32g4xx_hal_fdcan.c ****                                          FDCAN_RXGFC_ANFE |
 1120              		.loc 1 1395 5 view .LVU403
 1121 002c 019A     		ldr	r2, [sp, #4]
 1122 002e 1A43     		orrs	r2, r2, r3
 1123 0030 0243     		orrs	r2, r2, r0
 1124 0032 C4F88020 		str	r2, [r4, #128]
1405:platform/HAL/src/stm32g4xx_hal_fdcan.c ****   }
 1125              		.loc 1 1405 5 is_stmt 1 view .LVU404
1405:platform/HAL/src/stm32g4xx_hal_fdcan.c ****   }
 1126              		.loc 1 1405 12 is_stmt 0 view .LVU405
 1127 0036 0020     		movs	r0, #0
1414:platform/HAL/src/stm32g4xx_hal_fdcan.c **** 
 1128              		.loc 1 1414 1 view .LVU406
 1129 0038 5DF8044B 		ldr	r4, [sp], #4
 1130              	.LCFI10:
 1131              		.cfi_restore 4
 1132              		.cfi_def_cfa_offset 0
 1133              	.LVL70:
1414:platform/HAL/src/stm32g4xx_hal_fdcan.c **** 
 1134              		.loc 1 1414 1 view .LVU407
 1135 003c 7047     		bx	lr
 1136              		.cfi_endproc
 1137              	.LFE336:
 1139              		.section	.text.HAL_FDCAN_ConfigExtendedIdMask,"ax",%progbits
 1140              		.align	1
 1141              		.global	HAL_FDCAN_ConfigExtendedIdMask
 1142              		.syntax unified
 1143              		.thumb
 1144              		.thumb_func
 1146              	HAL_FDCAN_ConfigExtendedIdMask:
 1147              	.LVL71:
 1148              	.LFB337:
1425:platform/HAL/src/stm32g4xx_hal_fdcan.c ****   /* Check function parameters */
 1149              		.loc 1 1425 1 is_stmt 1 view -0
 1150              		.cfi_startproc
 1151              		@ args = 0, pretend = 0, frame = 0
 1152              		@ frame_needed = 0, uses_anonymous_args = 0
 1153              		@ link register save eliminated.
1427:platform/HAL/src/stm32g4xx_hal_fdcan.c **** 
 1154              		.loc 1 1427 3 view .LVU409
1429:platform/HAL/src/stm32g4xx_hal_fdcan.c ****   {
 1155              		.loc 1 1429 3 view .LVU410
1429:platform/HAL/src/stm32g4xx_hal_fdcan.c ****   {
 1156              		.loc 1 1429 13 is_stmt 0 view .LVU411
 1157 0000 90F85C30 		ldrb	r3, [r0, #92]	@ zero_extendqisi2
1429:platform/HAL/src/stm32g4xx_hal_fdcan.c ****   {
 1158              		.loc 1 1429 6 view .LVU412
 1159 0004 012B     		cmp	r3, #1
 1160 0006 05D0     		beq	.L89
1440:platform/HAL/src/stm32g4xx_hal_fdcan.c **** 
 1161              		.loc 1 1440 5 is_stmt 1 view .LVU413
1440:platform/HAL/src/stm32g4xx_hal_fdcan.c **** 
 1162              		.loc 1 1440 11 is_stmt 0 view .LVU414
ARM GAS  /tmp/cc2SU6oB.s 			page 89


 1163 0008 036E     		ldr	r3, [r0, #96]
1440:platform/HAL/src/stm32g4xx_hal_fdcan.c **** 
 1164              		.loc 1 1440 23 view .LVU415
 1165 000a 43F00403 		orr	r3, r3, #4
 1166 000e 0366     		str	r3, [r0, #96]
1442:platform/HAL/src/stm32g4xx_hal_fdcan.c ****   }
 1167              		.loc 1 1442 5 is_stmt 1 view .LVU416
1442:platform/HAL/src/stm32g4xx_hal_fdcan.c ****   }
 1168              		.loc 1 1442 12 is_stmt 0 view .LVU417
 1169 0010 0120     		movs	r0, #1
 1170              	.LVL72:
1444:platform/HAL/src/stm32g4xx_hal_fdcan.c **** 
 1171              		.loc 1 1444 1 view .LVU418
 1172 0012 7047     		bx	lr
 1173              	.LVL73:
 1174              	.L89:
1432:platform/HAL/src/stm32g4xx_hal_fdcan.c **** 
 1175              		.loc 1 1432 5 is_stmt 1 view .LVU419
1432:platform/HAL/src/stm32g4xx_hal_fdcan.c **** 
 1176              		.loc 1 1432 11 is_stmt 0 view .LVU420
 1177 0014 0368     		ldr	r3, [r0]
1432:platform/HAL/src/stm32g4xx_hal_fdcan.c **** 
 1178              		.loc 1 1432 29 view .LVU421
 1179 0016 C3F88410 		str	r1, [r3, #132]
1435:platform/HAL/src/stm32g4xx_hal_fdcan.c ****   }
 1180              		.loc 1 1435 5 is_stmt 1 view .LVU422
1435:platform/HAL/src/stm32g4xx_hal_fdcan.c ****   }
 1181              		.loc 1 1435 12 is_stmt 0 view .LVU423
 1182 001a 0020     		movs	r0, #0
 1183              	.LVL74:
1435:platform/HAL/src/stm32g4xx_hal_fdcan.c ****   }
 1184              		.loc 1 1435 12 view .LVU424
 1185 001c 7047     		bx	lr
 1186              		.cfi_endproc
 1187              	.LFE337:
 1189              		.section	.text.HAL_FDCAN_ConfigRxFifoOverwrite,"ax",%progbits
 1190              		.align	1
 1191              		.global	HAL_FDCAN_ConfigRxFifoOverwrite
 1192              		.syntax unified
 1193              		.thumb
 1194              		.thumb_func
 1196              	HAL_FDCAN_ConfigRxFifoOverwrite:
 1197              	.LVL75:
 1198              	.LFB338:
1459:platform/HAL/src/stm32g4xx_hal_fdcan.c ****   /* Check function parameters */
 1199              		.loc 1 1459 1 is_stmt 1 view -0
 1200              		.cfi_startproc
 1201              		@ args = 0, pretend = 0, frame = 0
 1202              		@ frame_needed = 0, uses_anonymous_args = 0
 1203              		@ link register save eliminated.
1461:platform/HAL/src/stm32g4xx_hal_fdcan.c ****   assert_param(IS_FDCAN_RX_FIFO_MODE(OperationMode));
 1204              		.loc 1 1461 3 view .LVU426
1462:platform/HAL/src/stm32g4xx_hal_fdcan.c **** 
 1205              		.loc 1 1462 3 view .LVU427
1464:platform/HAL/src/stm32g4xx_hal_fdcan.c ****   {
 1206              		.loc 1 1464 3 view .LVU428
1464:platform/HAL/src/stm32g4xx_hal_fdcan.c ****   {
ARM GAS  /tmp/cc2SU6oB.s 			page 90


 1207              		.loc 1 1464 13 is_stmt 0 view .LVU429
 1208 0000 90F85C30 		ldrb	r3, [r0, #92]	@ zero_extendqisi2
1464:platform/HAL/src/stm32g4xx_hal_fdcan.c ****   {
 1209              		.loc 1 1464 6 view .LVU430
 1210 0004 012B     		cmp	r3, #1
 1211 0006 05D0     		beq	.L95
1483:platform/HAL/src/stm32g4xx_hal_fdcan.c **** 
 1212              		.loc 1 1483 5 is_stmt 1 view .LVU431
1483:platform/HAL/src/stm32g4xx_hal_fdcan.c **** 
 1213              		.loc 1 1483 11 is_stmt 0 view .LVU432
 1214 0008 036E     		ldr	r3, [r0, #96]
1483:platform/HAL/src/stm32g4xx_hal_fdcan.c **** 
 1215              		.loc 1 1483 23 view .LVU433
 1216 000a 43F00403 		orr	r3, r3, #4
 1217 000e 0366     		str	r3, [r0, #96]
1485:platform/HAL/src/stm32g4xx_hal_fdcan.c ****   }
 1218              		.loc 1 1485 5 is_stmt 1 view .LVU434
1485:platform/HAL/src/stm32g4xx_hal_fdcan.c ****   }
 1219              		.loc 1 1485 12 is_stmt 0 view .LVU435
 1220 0010 0120     		movs	r0, #1
 1221              	.LVL76:
1487:platform/HAL/src/stm32g4xx_hal_fdcan.c **** 
 1222              		.loc 1 1487 1 view .LVU436
 1223 0012 7047     		bx	lr
 1224              	.LVL77:
 1225              	.L95:
1466:platform/HAL/src/stm32g4xx_hal_fdcan.c ****     {
 1226              		.loc 1 1466 5 is_stmt 1 view .LVU437
1466:platform/HAL/src/stm32g4xx_hal_fdcan.c ****     {
 1227              		.loc 1 1466 8 is_stmt 0 view .LVU438
 1228 0014 4029     		cmp	r1, #64
 1229 0016 0AD0     		beq	.L96
1474:platform/HAL/src/stm32g4xx_hal_fdcan.c ****     }
 1230              		.loc 1 1474 7 is_stmt 1 view .LVU439
 1231 0018 0168     		ldr	r1, [r0]
 1232              	.LVL78:
1474:platform/HAL/src/stm32g4xx_hal_fdcan.c ****     }
 1233              		.loc 1 1474 7 is_stmt 0 view .LVU440
 1234 001a D1F88030 		ldr	r3, [r1, #128]
 1235 001e 23F48073 		bic	r3, r3, #256
 1236 0022 43EA0223 		orr	r3, r3, r2, lsl #8
 1237 0026 C1F88030 		str	r3, [r1, #128]
 1238              	.L93:
1478:platform/HAL/src/stm32g4xx_hal_fdcan.c ****   }
 1239              		.loc 1 1478 5 is_stmt 1 view .LVU441
1478:platform/HAL/src/stm32g4xx_hal_fdcan.c ****   }
 1240              		.loc 1 1478 12 is_stmt 0 view .LVU442
 1241 002a 0020     		movs	r0, #0
 1242              	.LVL79:
1478:platform/HAL/src/stm32g4xx_hal_fdcan.c ****   }
 1243              		.loc 1 1478 12 view .LVU443
 1244 002c 7047     		bx	lr
 1245              	.LVL80:
 1246              	.L96:
1469:platform/HAL/src/stm32g4xx_hal_fdcan.c ****     }
 1247              		.loc 1 1469 7 is_stmt 1 view .LVU444
 1248 002e 0168     		ldr	r1, [r0]
ARM GAS  /tmp/cc2SU6oB.s 			page 91


 1249              	.LVL81:
1469:platform/HAL/src/stm32g4xx_hal_fdcan.c ****     }
 1250              		.loc 1 1469 7 is_stmt 0 view .LVU445
 1251 0030 D1F88030 		ldr	r3, [r1, #128]
 1252 0034 23F40073 		bic	r3, r3, #512
 1253 0038 43EA4223 		orr	r3, r3, r2, lsl #9
 1254 003c C1F88030 		str	r3, [r1, #128]
 1255 0040 F3E7     		b	.L93
 1256              		.cfi_endproc
 1257              	.LFE338:
 1259              		.section	.text.HAL_FDCAN_ConfigRamWatchdog,"ax",%progbits
 1260              		.align	1
 1261              		.global	HAL_FDCAN_ConfigRamWatchdog
 1262              		.syntax unified
 1263              		.thumb
 1264              		.thumb_func
 1266              	HAL_FDCAN_ConfigRamWatchdog:
 1267              	.LVL82:
 1268              	.LFB339:
1499:platform/HAL/src/stm32g4xx_hal_fdcan.c ****   /* Check function parameters */
 1269              		.loc 1 1499 1 is_stmt 1 view -0
 1270              		.cfi_startproc
 1271              		@ args = 0, pretend = 0, frame = 0
 1272              		@ frame_needed = 0, uses_anonymous_args = 0
 1273              		@ link register save eliminated.
1501:platform/HAL/src/stm32g4xx_hal_fdcan.c **** 
 1274              		.loc 1 1501 3 view .LVU447
1503:platform/HAL/src/stm32g4xx_hal_fdcan.c ****   {
 1275              		.loc 1 1503 3 view .LVU448
1503:platform/HAL/src/stm32g4xx_hal_fdcan.c ****   {
 1276              		.loc 1 1503 13 is_stmt 0 view .LVU449
 1277 0000 90F85C30 		ldrb	r3, [r0, #92]	@ zero_extendqisi2
1503:platform/HAL/src/stm32g4xx_hal_fdcan.c ****   {
 1278              		.loc 1 1503 6 view .LVU450
 1279 0004 012B     		cmp	r3, #1
 1280 0006 05D0     		beq	.L100
1514:platform/HAL/src/stm32g4xx_hal_fdcan.c **** 
 1281              		.loc 1 1514 5 is_stmt 1 view .LVU451
1514:platform/HAL/src/stm32g4xx_hal_fdcan.c **** 
 1282              		.loc 1 1514 11 is_stmt 0 view .LVU452
 1283 0008 036E     		ldr	r3, [r0, #96]
1514:platform/HAL/src/stm32g4xx_hal_fdcan.c **** 
 1284              		.loc 1 1514 23 view .LVU453
 1285 000a 43F00403 		orr	r3, r3, #4
 1286 000e 0366     		str	r3, [r0, #96]
1516:platform/HAL/src/stm32g4xx_hal_fdcan.c ****   }
 1287              		.loc 1 1516 5 is_stmt 1 view .LVU454
1516:platform/HAL/src/stm32g4xx_hal_fdcan.c ****   }
 1288              		.loc 1 1516 12 is_stmt 0 view .LVU455
 1289 0010 0120     		movs	r0, #1
 1290              	.LVL83:
1518:platform/HAL/src/stm32g4xx_hal_fdcan.c **** 
 1291              		.loc 1 1518 1 view .LVU456
 1292 0012 7047     		bx	lr
 1293              	.LVL84:
 1294              	.L100:
1506:platform/HAL/src/stm32g4xx_hal_fdcan.c **** 
ARM GAS  /tmp/cc2SU6oB.s 			page 92


 1295              		.loc 1 1506 5 is_stmt 1 view .LVU457
 1296 0014 0268     		ldr	r2, [r0]
 1297 0016 5369     		ldr	r3, [r2, #20]
 1298 0018 23F0FF03 		bic	r3, r3, #255
 1299 001c 0B43     		orrs	r3, r3, r1
 1300 001e 5361     		str	r3, [r2, #20]
1509:platform/HAL/src/stm32g4xx_hal_fdcan.c ****   }
 1301              		.loc 1 1509 5 view .LVU458
1509:platform/HAL/src/stm32g4xx_hal_fdcan.c ****   }
 1302              		.loc 1 1509 12 is_stmt 0 view .LVU459
 1303 0020 0020     		movs	r0, #0
 1304              	.LVL85:
1509:platform/HAL/src/stm32g4xx_hal_fdcan.c ****   }
 1305              		.loc 1 1509 12 view .LVU460
 1306 0022 7047     		bx	lr
 1307              		.cfi_endproc
 1308              	.LFE339:
 1310              		.section	.text.HAL_FDCAN_ConfigTimestampCounter,"ax",%progbits
 1311              		.align	1
 1312              		.global	HAL_FDCAN_ConfigTimestampCounter
 1313              		.syntax unified
 1314              		.thumb
 1315              		.thumb_func
 1317              	HAL_FDCAN_ConfigTimestampCounter:
 1318              	.LVL86:
 1319              	.LFB340:
1529:platform/HAL/src/stm32g4xx_hal_fdcan.c ****   /* Check function parameters */
 1320              		.loc 1 1529 1 is_stmt 1 view -0
 1321              		.cfi_startproc
 1322              		@ args = 0, pretend = 0, frame = 0
 1323              		@ frame_needed = 0, uses_anonymous_args = 0
 1324              		@ link register save eliminated.
1531:platform/HAL/src/stm32g4xx_hal_fdcan.c **** 
 1325              		.loc 1 1531 3 view .LVU462
1533:platform/HAL/src/stm32g4xx_hal_fdcan.c ****   {
 1326              		.loc 1 1533 3 view .LVU463
1533:platform/HAL/src/stm32g4xx_hal_fdcan.c ****   {
 1327              		.loc 1 1533 13 is_stmt 0 view .LVU464
 1328 0000 90F85C30 		ldrb	r3, [r0, #92]	@ zero_extendqisi2
1533:platform/HAL/src/stm32g4xx_hal_fdcan.c ****   {
 1329              		.loc 1 1533 6 view .LVU465
 1330 0004 012B     		cmp	r3, #1
 1331 0006 05D0     		beq	.L104
1544:platform/HAL/src/stm32g4xx_hal_fdcan.c **** 
 1332              		.loc 1 1544 5 is_stmt 1 view .LVU466
1544:platform/HAL/src/stm32g4xx_hal_fdcan.c **** 
 1333              		.loc 1 1544 11 is_stmt 0 view .LVU467
 1334 0008 036E     		ldr	r3, [r0, #96]
1544:platform/HAL/src/stm32g4xx_hal_fdcan.c **** 
 1335              		.loc 1 1544 23 view .LVU468
 1336 000a 43F00403 		orr	r3, r3, #4
 1337 000e 0366     		str	r3, [r0, #96]
1546:platform/HAL/src/stm32g4xx_hal_fdcan.c ****   }
 1338              		.loc 1 1546 5 is_stmt 1 view .LVU469
1546:platform/HAL/src/stm32g4xx_hal_fdcan.c ****   }
 1339              		.loc 1 1546 12 is_stmt 0 view .LVU470
 1340 0010 0120     		movs	r0, #1
ARM GAS  /tmp/cc2SU6oB.s 			page 93


 1341              	.LVL87:
1548:platform/HAL/src/stm32g4xx_hal_fdcan.c **** 
 1342              		.loc 1 1548 1 view .LVU471
 1343 0012 7047     		bx	lr
 1344              	.LVL88:
 1345              	.L104:
1536:platform/HAL/src/stm32g4xx_hal_fdcan.c **** 
 1346              		.loc 1 1536 5 is_stmt 1 view .LVU472
 1347 0014 0268     		ldr	r2, [r0]
 1348 0016 136A     		ldr	r3, [r2, #32]
 1349 0018 23F47023 		bic	r3, r3, #983040
 1350 001c 0B43     		orrs	r3, r3, r1
 1351 001e 1362     		str	r3, [r2, #32]
1539:platform/HAL/src/stm32g4xx_hal_fdcan.c ****   }
 1352              		.loc 1 1539 5 view .LVU473
1539:platform/HAL/src/stm32g4xx_hal_fdcan.c ****   }
 1353              		.loc 1 1539 12 is_stmt 0 view .LVU474
 1354 0020 0020     		movs	r0, #0
 1355              	.LVL89:
1539:platform/HAL/src/stm32g4xx_hal_fdcan.c ****   }
 1356              		.loc 1 1539 12 view .LVU475
 1357 0022 7047     		bx	lr
 1358              		.cfi_endproc
 1359              	.LFE340:
 1361              		.section	.text.HAL_FDCAN_EnableTimestampCounter,"ax",%progbits
 1362              		.align	1
 1363              		.global	HAL_FDCAN_EnableTimestampCounter
 1364              		.syntax unified
 1365              		.thumb
 1366              		.thumb_func
 1368              	HAL_FDCAN_EnableTimestampCounter:
 1369              	.LVL90:
 1370              	.LFB341:
1559:platform/HAL/src/stm32g4xx_hal_fdcan.c ****   /* Check function parameters */
 1371              		.loc 1 1559 1 is_stmt 1 view -0
 1372              		.cfi_startproc
 1373              		@ args = 0, pretend = 0, frame = 0
 1374              		@ frame_needed = 0, uses_anonymous_args = 0
 1375              		@ link register save eliminated.
1561:platform/HAL/src/stm32g4xx_hal_fdcan.c **** 
 1376              		.loc 1 1561 3 view .LVU477
1563:platform/HAL/src/stm32g4xx_hal_fdcan.c ****   {
 1377              		.loc 1 1563 3 view .LVU478
1563:platform/HAL/src/stm32g4xx_hal_fdcan.c ****   {
 1378              		.loc 1 1563 13 is_stmt 0 view .LVU479
 1379 0000 90F85C30 		ldrb	r3, [r0, #92]	@ zero_extendqisi2
1563:platform/HAL/src/stm32g4xx_hal_fdcan.c ****   {
 1380              		.loc 1 1563 6 view .LVU480
 1381 0004 012B     		cmp	r3, #1
 1382 0006 05D0     		beq	.L108
1574:platform/HAL/src/stm32g4xx_hal_fdcan.c **** 
 1383              		.loc 1 1574 5 is_stmt 1 view .LVU481
1574:platform/HAL/src/stm32g4xx_hal_fdcan.c **** 
 1384              		.loc 1 1574 11 is_stmt 0 view .LVU482
 1385 0008 036E     		ldr	r3, [r0, #96]
1574:platform/HAL/src/stm32g4xx_hal_fdcan.c **** 
 1386              		.loc 1 1574 23 view .LVU483
ARM GAS  /tmp/cc2SU6oB.s 			page 94


 1387 000a 43F00403 		orr	r3, r3, #4
 1388 000e 0366     		str	r3, [r0, #96]
1576:platform/HAL/src/stm32g4xx_hal_fdcan.c ****   }
 1389              		.loc 1 1576 5 is_stmt 1 view .LVU484
1576:platform/HAL/src/stm32g4xx_hal_fdcan.c ****   }
 1390              		.loc 1 1576 12 is_stmt 0 view .LVU485
 1391 0010 0120     		movs	r0, #1
 1392              	.LVL91:
1578:platform/HAL/src/stm32g4xx_hal_fdcan.c **** 
 1393              		.loc 1 1578 1 view .LVU486
 1394 0012 7047     		bx	lr
 1395              	.LVL92:
 1396              	.L108:
1566:platform/HAL/src/stm32g4xx_hal_fdcan.c **** 
 1397              		.loc 1 1566 5 is_stmt 1 view .LVU487
 1398 0014 0268     		ldr	r2, [r0]
 1399 0016 136A     		ldr	r3, [r2, #32]
 1400 0018 23F00303 		bic	r3, r3, #3
 1401 001c 0B43     		orrs	r3, r3, r1
 1402 001e 1362     		str	r3, [r2, #32]
1569:platform/HAL/src/stm32g4xx_hal_fdcan.c ****   }
 1403              		.loc 1 1569 5 view .LVU488
1569:platform/HAL/src/stm32g4xx_hal_fdcan.c ****   }
 1404              		.loc 1 1569 12 is_stmt 0 view .LVU489
 1405 0020 0020     		movs	r0, #0
 1406              	.LVL93:
1569:platform/HAL/src/stm32g4xx_hal_fdcan.c ****   }
 1407              		.loc 1 1569 12 view .LVU490
 1408 0022 7047     		bx	lr
 1409              		.cfi_endproc
 1410              	.LFE341:
 1412              		.section	.text.HAL_FDCAN_DisableTimestampCounter,"ax",%progbits
 1413              		.align	1
 1414              		.global	HAL_FDCAN_DisableTimestampCounter
 1415              		.syntax unified
 1416              		.thumb
 1417              		.thumb_func
 1419              	HAL_FDCAN_DisableTimestampCounter:
 1420              	.LVL94:
 1421              	.LFB342:
1587:platform/HAL/src/stm32g4xx_hal_fdcan.c ****   if (hfdcan->State == HAL_FDCAN_STATE_READY)
 1422              		.loc 1 1587 1 is_stmt 1 view -0
 1423              		.cfi_startproc
 1424              		@ args = 0, pretend = 0, frame = 0
 1425              		@ frame_needed = 0, uses_anonymous_args = 0
 1426              		@ link register save eliminated.
1588:platform/HAL/src/stm32g4xx_hal_fdcan.c ****   {
 1427              		.loc 1 1588 3 view .LVU492
1588:platform/HAL/src/stm32g4xx_hal_fdcan.c ****   {
 1428              		.loc 1 1588 13 is_stmt 0 view .LVU493
 1429 0000 90F85C30 		ldrb	r3, [r0, #92]	@ zero_extendqisi2
1588:platform/HAL/src/stm32g4xx_hal_fdcan.c ****   {
 1430              		.loc 1 1588 6 view .LVU494
 1431 0004 012B     		cmp	r3, #1
 1432 0006 05D0     		beq	.L112
1599:platform/HAL/src/stm32g4xx_hal_fdcan.c **** 
 1433              		.loc 1 1599 5 is_stmt 1 view .LVU495
ARM GAS  /tmp/cc2SU6oB.s 			page 95


1599:platform/HAL/src/stm32g4xx_hal_fdcan.c **** 
 1434              		.loc 1 1599 11 is_stmt 0 view .LVU496
 1435 0008 036E     		ldr	r3, [r0, #96]
1599:platform/HAL/src/stm32g4xx_hal_fdcan.c **** 
 1436              		.loc 1 1599 23 view .LVU497
 1437 000a 43F00403 		orr	r3, r3, #4
 1438 000e 0366     		str	r3, [r0, #96]
1601:platform/HAL/src/stm32g4xx_hal_fdcan.c ****   }
 1439              		.loc 1 1601 5 is_stmt 1 view .LVU498
1601:platform/HAL/src/stm32g4xx_hal_fdcan.c ****   }
 1440              		.loc 1 1601 12 is_stmt 0 view .LVU499
 1441 0010 0120     		movs	r0, #1
 1442              	.LVL95:
1603:platform/HAL/src/stm32g4xx_hal_fdcan.c **** 
 1443              		.loc 1 1603 1 view .LVU500
 1444 0012 7047     		bx	lr
 1445              	.LVL96:
 1446              	.L112:
1591:platform/HAL/src/stm32g4xx_hal_fdcan.c **** 
 1447              		.loc 1 1591 5 is_stmt 1 view .LVU501
 1448 0014 0268     		ldr	r2, [r0]
 1449 0016 136A     		ldr	r3, [r2, #32]
 1450 0018 23F00303 		bic	r3, r3, #3
 1451 001c 1362     		str	r3, [r2, #32]
1594:platform/HAL/src/stm32g4xx_hal_fdcan.c ****   }
 1452              		.loc 1 1594 5 view .LVU502
1594:platform/HAL/src/stm32g4xx_hal_fdcan.c ****   }
 1453              		.loc 1 1594 12 is_stmt 0 view .LVU503
 1454 001e 0020     		movs	r0, #0
 1455              	.LVL97:
1594:platform/HAL/src/stm32g4xx_hal_fdcan.c ****   }
 1456              		.loc 1 1594 12 view .LVU504
 1457 0020 7047     		bx	lr
 1458              		.cfi_endproc
 1459              	.LFE342:
 1461              		.section	.text.HAL_FDCAN_GetTimestampCounter,"ax",%progbits
 1462              		.align	1
 1463              		.global	HAL_FDCAN_GetTimestampCounter
 1464              		.syntax unified
 1465              		.thumb
 1466              		.thumb_func
 1468              	HAL_FDCAN_GetTimestampCounter:
 1469              	.LVL98:
 1470              	.LFB343:
1612:platform/HAL/src/stm32g4xx_hal_fdcan.c ****   return (uint16_t)(hfdcan->Instance->TSCV);
 1471              		.loc 1 1612 1 is_stmt 1 view -0
 1472              		.cfi_startproc
 1473              		@ args = 0, pretend = 0, frame = 0
 1474              		@ frame_needed = 0, uses_anonymous_args = 0
 1475              		@ link register save eliminated.
1613:platform/HAL/src/stm32g4xx_hal_fdcan.c **** }
 1476              		.loc 1 1613 3 view .LVU506
1613:platform/HAL/src/stm32g4xx_hal_fdcan.c **** }
 1477              		.loc 1 1613 27 is_stmt 0 view .LVU507
 1478 0000 0368     		ldr	r3, [r0]
1613:platform/HAL/src/stm32g4xx_hal_fdcan.c **** }
 1479              		.loc 1 1613 37 view .LVU508
ARM GAS  /tmp/cc2SU6oB.s 			page 96


 1480 0002 586A     		ldr	r0, [r3, #36]
 1481              	.LVL99:
1614:platform/HAL/src/stm32g4xx_hal_fdcan.c **** 
 1482              		.loc 1 1614 1 view .LVU509
 1483 0004 80B2     		uxth	r0, r0
 1484 0006 7047     		bx	lr
 1485              		.cfi_endproc
 1486              	.LFE343:
 1488              		.section	.text.HAL_FDCAN_ResetTimestampCounter,"ax",%progbits
 1489              		.align	1
 1490              		.global	HAL_FDCAN_ResetTimestampCounter
 1491              		.syntax unified
 1492              		.thumb
 1493              		.thumb_func
 1495              	HAL_FDCAN_ResetTimestampCounter:
 1496              	.LVL100:
 1497              	.LFB344:
1623:platform/HAL/src/stm32g4xx_hal_fdcan.c ****   if ((hfdcan->Instance->TSCC & FDCAN_TSCC_TSS) != FDCAN_TIMESTAMP_EXTERNAL)
 1498              		.loc 1 1623 1 is_stmt 1 view -0
 1499              		.cfi_startproc
 1500              		@ args = 0, pretend = 0, frame = 0
 1501              		@ frame_needed = 0, uses_anonymous_args = 0
 1502              		@ link register save eliminated.
1624:platform/HAL/src/stm32g4xx_hal_fdcan.c ****   {
 1503              		.loc 1 1624 3 view .LVU511
1624:platform/HAL/src/stm32g4xx_hal_fdcan.c ****   {
 1504              		.loc 1 1624 14 is_stmt 0 view .LVU512
 1505 0000 0268     		ldr	r2, [r0]
1624:platform/HAL/src/stm32g4xx_hal_fdcan.c ****   {
 1506              		.loc 1 1624 24 view .LVU513
 1507 0002 136A     		ldr	r3, [r2, #32]
1624:platform/HAL/src/stm32g4xx_hal_fdcan.c ****   {
 1508              		.loc 1 1624 31 view .LVU514
 1509 0004 03F00303 		and	r3, r3, #3
1624:platform/HAL/src/stm32g4xx_hal_fdcan.c ****   {
 1510              		.loc 1 1624 6 view .LVU515
 1511 0008 022B     		cmp	r3, #2
 1512 000a 02D0     		beq	.L115
1628:platform/HAL/src/stm32g4xx_hal_fdcan.c ****   }
 1513              		.loc 1 1628 5 is_stmt 1 view .LVU516
 1514 000c 0020     		movs	r0, #0
 1515              	.LVL101:
1628:platform/HAL/src/stm32g4xx_hal_fdcan.c ****   }
 1516              		.loc 1 1628 5 is_stmt 0 view .LVU517
 1517 000e 5062     		str	r0, [r2, #36]
1640:platform/HAL/src/stm32g4xx_hal_fdcan.c **** }
 1518              		.loc 1 1640 3 is_stmt 1 view .LVU518
1640:platform/HAL/src/stm32g4xx_hal_fdcan.c **** }
 1519              		.loc 1 1640 10 is_stmt 0 view .LVU519
 1520 0010 7047     		bx	lr
 1521              	.LVL102:
 1522              	.L115:
1634:platform/HAL/src/stm32g4xx_hal_fdcan.c **** 
 1523              		.loc 1 1634 5 is_stmt 1 view .LVU520
1634:platform/HAL/src/stm32g4xx_hal_fdcan.c **** 
 1524              		.loc 1 1634 11 is_stmt 0 view .LVU521
 1525 0012 036E     		ldr	r3, [r0, #96]
ARM GAS  /tmp/cc2SU6oB.s 			page 97


1634:platform/HAL/src/stm32g4xx_hal_fdcan.c **** 
 1526              		.loc 1 1634 23 view .LVU522
 1527 0014 43F01003 		orr	r3, r3, #16
 1528 0018 0366     		str	r3, [r0, #96]
1636:platform/HAL/src/stm32g4xx_hal_fdcan.c ****   }
 1529              		.loc 1 1636 5 is_stmt 1 view .LVU523
1636:platform/HAL/src/stm32g4xx_hal_fdcan.c ****   }
 1530              		.loc 1 1636 12 is_stmt 0 view .LVU524
 1531 001a 0120     		movs	r0, #1
 1532              	.LVL103:
1641:platform/HAL/src/stm32g4xx_hal_fdcan.c **** 
 1533              		.loc 1 1641 1 view .LVU525
 1534 001c 7047     		bx	lr
 1535              		.cfi_endproc
 1536              	.LFE344:
 1538              		.section	.text.HAL_FDCAN_ConfigTimeoutCounter,"ax",%progbits
 1539              		.align	1
 1540              		.global	HAL_FDCAN_ConfigTimeoutCounter
 1541              		.syntax unified
 1542              		.thumb
 1543              		.thumb_func
 1545              	HAL_FDCAN_ConfigTimeoutCounter:
 1546              	.LVL104:
 1547              	.LFB345:
1655:platform/HAL/src/stm32g4xx_hal_fdcan.c ****   /* Check function parameters */
 1548              		.loc 1 1655 1 is_stmt 1 view -0
 1549              		.cfi_startproc
 1550              		@ args = 0, pretend = 0, frame = 0
 1551              		@ frame_needed = 0, uses_anonymous_args = 0
 1552              		@ link register save eliminated.
1657:platform/HAL/src/stm32g4xx_hal_fdcan.c ****   assert_param(IS_FDCAN_MAX_VALUE(TimeoutPeriod, 0xFFFFU));
 1553              		.loc 1 1657 3 view .LVU527
1658:platform/HAL/src/stm32g4xx_hal_fdcan.c **** 
 1554              		.loc 1 1658 3 view .LVU528
1660:platform/HAL/src/stm32g4xx_hal_fdcan.c ****   {
 1555              		.loc 1 1660 3 view .LVU529
1660:platform/HAL/src/stm32g4xx_hal_fdcan.c ****   {
 1556              		.loc 1 1660 13 is_stmt 0 view .LVU530
 1557 0000 90F85C30 		ldrb	r3, [r0, #92]	@ zero_extendqisi2
1660:platform/HAL/src/stm32g4xx_hal_fdcan.c ****   {
 1558              		.loc 1 1660 6 view .LVU531
 1559 0004 012B     		cmp	r3, #1
 1560 0006 05D0     		beq	.L120
1672:platform/HAL/src/stm32g4xx_hal_fdcan.c **** 
 1561              		.loc 1 1672 5 is_stmt 1 view .LVU532
1672:platform/HAL/src/stm32g4xx_hal_fdcan.c **** 
 1562              		.loc 1 1672 11 is_stmt 0 view .LVU533
 1563 0008 036E     		ldr	r3, [r0, #96]
1672:platform/HAL/src/stm32g4xx_hal_fdcan.c **** 
 1564              		.loc 1 1672 23 view .LVU534
 1565 000a 43F00403 		orr	r3, r3, #4
 1566 000e 0366     		str	r3, [r0, #96]
1674:platform/HAL/src/stm32g4xx_hal_fdcan.c ****   }
 1567              		.loc 1 1674 5 is_stmt 1 view .LVU535
1674:platform/HAL/src/stm32g4xx_hal_fdcan.c ****   }
 1568              		.loc 1 1674 12 is_stmt 0 view .LVU536
 1569 0010 0120     		movs	r0, #1
ARM GAS  /tmp/cc2SU6oB.s 			page 98


 1570              	.LVL105:
1676:platform/HAL/src/stm32g4xx_hal_fdcan.c **** 
 1571              		.loc 1 1676 1 view .LVU537
 1572 0012 7047     		bx	lr
 1573              	.LVL106:
 1574              	.L120:
1663:platform/HAL/src/stm32g4xx_hal_fdcan.c ****                (FDCAN_TOCC_TOS | FDCAN_TOCC_TOP), (TimeoutOperation | (TimeoutPeriod << FDCAN_TOCC_
 1575              		.loc 1 1663 5 is_stmt 1 view .LVU538
 1576 0014 0068     		ldr	r0, [r0]
 1577              	.LVL107:
1663:platform/HAL/src/stm32g4xx_hal_fdcan.c ****                (FDCAN_TOCC_TOS | FDCAN_TOCC_TOP), (TimeoutOperation | (TimeoutPeriod << FDCAN_TOCC_
 1578              		.loc 1 1663 5 is_stmt 0 view .LVU539
 1579 0016 836A     		ldr	r3, [r0, #40]
 1580 0018 23F00603 		bic	r3, r3, #6
 1581 001c 1B04     		lsls	r3, r3, #16
 1582 001e 1B0C     		lsrs	r3, r3, #16
 1583 0020 41EA0241 		orr	r1, r1, r2, lsl #16
 1584              	.LVL108:
1663:platform/HAL/src/stm32g4xx_hal_fdcan.c ****                (FDCAN_TOCC_TOS | FDCAN_TOCC_TOP), (TimeoutOperation | (TimeoutPeriod << FDCAN_TOCC_
 1585              		.loc 1 1663 5 view .LVU540
 1586 0024 0B43     		orrs	r3, r3, r1
 1587 0026 8362     		str	r3, [r0, #40]
1667:platform/HAL/src/stm32g4xx_hal_fdcan.c ****   }
 1588              		.loc 1 1667 5 is_stmt 1 view .LVU541
1667:platform/HAL/src/stm32g4xx_hal_fdcan.c ****   }
 1589              		.loc 1 1667 12 is_stmt 0 view .LVU542
 1590 0028 0020     		movs	r0, #0
 1591 002a 7047     		bx	lr
 1592              		.cfi_endproc
 1593              	.LFE345:
 1595              		.section	.text.HAL_FDCAN_EnableTimeoutCounter,"ax",%progbits
 1596              		.align	1
 1597              		.global	HAL_FDCAN_EnableTimeoutCounter
 1598              		.syntax unified
 1599              		.thumb
 1600              		.thumb_func
 1602              	HAL_FDCAN_EnableTimeoutCounter:
 1603              	.LVL109:
 1604              	.LFB346:
1685:platform/HAL/src/stm32g4xx_hal_fdcan.c ****   if (hfdcan->State == HAL_FDCAN_STATE_READY)
 1605              		.loc 1 1685 1 is_stmt 1 view -0
 1606              		.cfi_startproc
 1607              		@ args = 0, pretend = 0, frame = 0
 1608              		@ frame_needed = 0, uses_anonymous_args = 0
 1609              		@ link register save eliminated.
1686:platform/HAL/src/stm32g4xx_hal_fdcan.c ****   {
 1610              		.loc 1 1686 3 view .LVU544
1686:platform/HAL/src/stm32g4xx_hal_fdcan.c ****   {
 1611              		.loc 1 1686 13 is_stmt 0 view .LVU545
 1612 0000 90F85C30 		ldrb	r3, [r0, #92]	@ zero_extendqisi2
1686:platform/HAL/src/stm32g4xx_hal_fdcan.c ****   {
 1613              		.loc 1 1686 6 view .LVU546
 1614 0004 012B     		cmp	r3, #1
 1615 0006 05D0     		beq	.L124
1697:platform/HAL/src/stm32g4xx_hal_fdcan.c **** 
 1616              		.loc 1 1697 5 is_stmt 1 view .LVU547
1697:platform/HAL/src/stm32g4xx_hal_fdcan.c **** 
ARM GAS  /tmp/cc2SU6oB.s 			page 99


 1617              		.loc 1 1697 11 is_stmt 0 view .LVU548
 1618 0008 036E     		ldr	r3, [r0, #96]
1697:platform/HAL/src/stm32g4xx_hal_fdcan.c **** 
 1619              		.loc 1 1697 23 view .LVU549
 1620 000a 43F00403 		orr	r3, r3, #4
 1621 000e 0366     		str	r3, [r0, #96]
1699:platform/HAL/src/stm32g4xx_hal_fdcan.c ****   }
 1622              		.loc 1 1699 5 is_stmt 1 view .LVU550
1699:platform/HAL/src/stm32g4xx_hal_fdcan.c ****   }
 1623              		.loc 1 1699 12 is_stmt 0 view .LVU551
 1624 0010 0120     		movs	r0, #1
 1625              	.LVL110:
1701:platform/HAL/src/stm32g4xx_hal_fdcan.c **** 
 1626              		.loc 1 1701 1 view .LVU552
 1627 0012 7047     		bx	lr
 1628              	.LVL111:
 1629              	.L124:
1689:platform/HAL/src/stm32g4xx_hal_fdcan.c **** 
 1630              		.loc 1 1689 5 is_stmt 1 view .LVU553
 1631 0014 0268     		ldr	r2, [r0]
 1632 0016 936A     		ldr	r3, [r2, #40]
 1633 0018 43F00103 		orr	r3, r3, #1
 1634 001c 9362     		str	r3, [r2, #40]
1692:platform/HAL/src/stm32g4xx_hal_fdcan.c ****   }
 1635              		.loc 1 1692 5 view .LVU554
1692:platform/HAL/src/stm32g4xx_hal_fdcan.c ****   }
 1636              		.loc 1 1692 12 is_stmt 0 view .LVU555
 1637 001e 0020     		movs	r0, #0
 1638              	.LVL112:
1692:platform/HAL/src/stm32g4xx_hal_fdcan.c ****   }
 1639              		.loc 1 1692 12 view .LVU556
 1640 0020 7047     		bx	lr
 1641              		.cfi_endproc
 1642              	.LFE346:
 1644              		.section	.text.HAL_FDCAN_DisableTimeoutCounter,"ax",%progbits
 1645              		.align	1
 1646              		.global	HAL_FDCAN_DisableTimeoutCounter
 1647              		.syntax unified
 1648              		.thumb
 1649              		.thumb_func
 1651              	HAL_FDCAN_DisableTimeoutCounter:
 1652              	.LVL113:
 1653              	.LFB347:
1710:platform/HAL/src/stm32g4xx_hal_fdcan.c ****   if (hfdcan->State == HAL_FDCAN_STATE_READY)
 1654              		.loc 1 1710 1 is_stmt 1 view -0
 1655              		.cfi_startproc
 1656              		@ args = 0, pretend = 0, frame = 0
 1657              		@ frame_needed = 0, uses_anonymous_args = 0
 1658              		@ link register save eliminated.
1711:platform/HAL/src/stm32g4xx_hal_fdcan.c ****   {
 1659              		.loc 1 1711 3 view .LVU558
1711:platform/HAL/src/stm32g4xx_hal_fdcan.c ****   {
 1660              		.loc 1 1711 13 is_stmt 0 view .LVU559
 1661 0000 90F85C30 		ldrb	r3, [r0, #92]	@ zero_extendqisi2
1711:platform/HAL/src/stm32g4xx_hal_fdcan.c ****   {
 1662              		.loc 1 1711 6 view .LVU560
 1663 0004 012B     		cmp	r3, #1
ARM GAS  /tmp/cc2SU6oB.s 			page 100


 1664 0006 05D0     		beq	.L128
1722:platform/HAL/src/stm32g4xx_hal_fdcan.c **** 
 1665              		.loc 1 1722 5 is_stmt 1 view .LVU561
1722:platform/HAL/src/stm32g4xx_hal_fdcan.c **** 
 1666              		.loc 1 1722 11 is_stmt 0 view .LVU562
 1667 0008 036E     		ldr	r3, [r0, #96]
1722:platform/HAL/src/stm32g4xx_hal_fdcan.c **** 
 1668              		.loc 1 1722 23 view .LVU563
 1669 000a 43F00403 		orr	r3, r3, #4
 1670 000e 0366     		str	r3, [r0, #96]
1724:platform/HAL/src/stm32g4xx_hal_fdcan.c ****   }
 1671              		.loc 1 1724 5 is_stmt 1 view .LVU564
1724:platform/HAL/src/stm32g4xx_hal_fdcan.c ****   }
 1672              		.loc 1 1724 12 is_stmt 0 view .LVU565
 1673 0010 0120     		movs	r0, #1
 1674              	.LVL114:
1726:platform/HAL/src/stm32g4xx_hal_fdcan.c **** 
 1675              		.loc 1 1726 1 view .LVU566
 1676 0012 7047     		bx	lr
 1677              	.LVL115:
 1678              	.L128:
1714:platform/HAL/src/stm32g4xx_hal_fdcan.c **** 
 1679              		.loc 1 1714 5 is_stmt 1 view .LVU567
 1680 0014 0268     		ldr	r2, [r0]
 1681 0016 936A     		ldr	r3, [r2, #40]
 1682 0018 23F00103 		bic	r3, r3, #1
 1683 001c 9362     		str	r3, [r2, #40]
1717:platform/HAL/src/stm32g4xx_hal_fdcan.c ****   }
 1684              		.loc 1 1717 5 view .LVU568
1717:platform/HAL/src/stm32g4xx_hal_fdcan.c ****   }
 1685              		.loc 1 1717 12 is_stmt 0 view .LVU569
 1686 001e 0020     		movs	r0, #0
 1687              	.LVL116:
1717:platform/HAL/src/stm32g4xx_hal_fdcan.c ****   }
 1688              		.loc 1 1717 12 view .LVU570
 1689 0020 7047     		bx	lr
 1690              		.cfi_endproc
 1691              	.LFE347:
 1693              		.section	.text.HAL_FDCAN_GetTimeoutCounter,"ax",%progbits
 1694              		.align	1
 1695              		.global	HAL_FDCAN_GetTimeoutCounter
 1696              		.syntax unified
 1697              		.thumb
 1698              		.thumb_func
 1700              	HAL_FDCAN_GetTimeoutCounter:
 1701              	.LVL117:
 1702              	.LFB348:
1735:platform/HAL/src/stm32g4xx_hal_fdcan.c ****   return (uint16_t)(hfdcan->Instance->TOCV);
 1703              		.loc 1 1735 1 is_stmt 1 view -0
 1704              		.cfi_startproc
 1705              		@ args = 0, pretend = 0, frame = 0
 1706              		@ frame_needed = 0, uses_anonymous_args = 0
 1707              		@ link register save eliminated.
1736:platform/HAL/src/stm32g4xx_hal_fdcan.c **** }
 1708              		.loc 1 1736 3 view .LVU572
1736:platform/HAL/src/stm32g4xx_hal_fdcan.c **** }
 1709              		.loc 1 1736 27 is_stmt 0 view .LVU573
ARM GAS  /tmp/cc2SU6oB.s 			page 101


 1710 0000 0368     		ldr	r3, [r0]
1736:platform/HAL/src/stm32g4xx_hal_fdcan.c **** }
 1711              		.loc 1 1736 37 view .LVU574
 1712 0002 D86A     		ldr	r0, [r3, #44]
 1713              	.LVL118:
1737:platform/HAL/src/stm32g4xx_hal_fdcan.c **** 
 1714              		.loc 1 1737 1 view .LVU575
 1715 0004 80B2     		uxth	r0, r0
 1716 0006 7047     		bx	lr
 1717              		.cfi_endproc
 1718              	.LFE348:
 1720              		.section	.text.HAL_FDCAN_ResetTimeoutCounter,"ax",%progbits
 1721              		.align	1
 1722              		.global	HAL_FDCAN_ResetTimeoutCounter
 1723              		.syntax unified
 1724              		.thumb
 1725              		.thumb_func
 1727              	HAL_FDCAN_ResetTimeoutCounter:
 1728              	.LVL119:
 1729              	.LFB349:
1746:platform/HAL/src/stm32g4xx_hal_fdcan.c ****   if ((hfdcan->Instance->TOCC & FDCAN_TOCC_TOS) == FDCAN_TIMEOUT_CONTINUOUS)
 1730              		.loc 1 1746 1 is_stmt 1 view -0
 1731              		.cfi_startproc
 1732              		@ args = 0, pretend = 0, frame = 0
 1733              		@ frame_needed = 0, uses_anonymous_args = 0
 1734              		@ link register save eliminated.
1747:platform/HAL/src/stm32g4xx_hal_fdcan.c ****   {
 1735              		.loc 1 1747 3 view .LVU577
1747:platform/HAL/src/stm32g4xx_hal_fdcan.c ****   {
 1736              		.loc 1 1747 14 is_stmt 0 view .LVU578
 1737 0000 0368     		ldr	r3, [r0]
1747:platform/HAL/src/stm32g4xx_hal_fdcan.c ****   {
 1738              		.loc 1 1747 24 view .LVU579
 1739 0002 9A6A     		ldr	r2, [r3, #40]
1747:platform/HAL/src/stm32g4xx_hal_fdcan.c ****   {
 1740              		.loc 1 1747 6 view .LVU580
 1741 0004 12F0060F 		tst	r2, #6
 1742 0008 02D1     		bne	.L131
1750:platform/HAL/src/stm32g4xx_hal_fdcan.c **** 
 1743              		.loc 1 1750 5 is_stmt 1 view .LVU581
 1744 000a 0020     		movs	r0, #0
 1745              	.LVL120:
1750:platform/HAL/src/stm32g4xx_hal_fdcan.c **** 
 1746              		.loc 1 1750 5 is_stmt 0 view .LVU582
 1747 000c D862     		str	r0, [r3, #44]
1753:platform/HAL/src/stm32g4xx_hal_fdcan.c ****   }
 1748              		.loc 1 1753 5 is_stmt 1 view .LVU583
1753:platform/HAL/src/stm32g4xx_hal_fdcan.c ****   }
 1749              		.loc 1 1753 12 is_stmt 0 view .LVU584
 1750 000e 7047     		bx	lr
 1751              	.LVL121:
 1752              	.L131:
1759:platform/HAL/src/stm32g4xx_hal_fdcan.c **** 
 1753              		.loc 1 1759 5 is_stmt 1 view .LVU585
1759:platform/HAL/src/stm32g4xx_hal_fdcan.c **** 
 1754              		.loc 1 1759 11 is_stmt 0 view .LVU586
 1755 0010 036E     		ldr	r3, [r0, #96]
ARM GAS  /tmp/cc2SU6oB.s 			page 102


1759:platform/HAL/src/stm32g4xx_hal_fdcan.c **** 
 1756              		.loc 1 1759 23 view .LVU587
 1757 0012 43F01003 		orr	r3, r3, #16
 1758 0016 0366     		str	r3, [r0, #96]
1761:platform/HAL/src/stm32g4xx_hal_fdcan.c ****   }
 1759              		.loc 1 1761 5 is_stmt 1 view .LVU588
1761:platform/HAL/src/stm32g4xx_hal_fdcan.c ****   }
 1760              		.loc 1 1761 12 is_stmt 0 view .LVU589
 1761 0018 0120     		movs	r0, #1
 1762              	.LVL122:
1763:platform/HAL/src/stm32g4xx_hal_fdcan.c **** 
 1763              		.loc 1 1763 1 view .LVU590
 1764 001a 7047     		bx	lr
 1765              		.cfi_endproc
 1766              	.LFE349:
 1768              		.section	.text.HAL_FDCAN_ConfigTxDelayCompensation,"ax",%progbits
 1769              		.align	1
 1770              		.global	HAL_FDCAN_ConfigTxDelayCompensation
 1771              		.syntax unified
 1772              		.thumb
 1773              		.thumb_func
 1775              	HAL_FDCAN_ConfigTxDelayCompensation:
 1776              	.LVL123:
 1777              	.LFB350:
1777:platform/HAL/src/stm32g4xx_hal_fdcan.c ****   /* Check function parameters */
 1778              		.loc 1 1777 1 is_stmt 1 view -0
 1779              		.cfi_startproc
 1780              		@ args = 0, pretend = 0, frame = 0
 1781              		@ frame_needed = 0, uses_anonymous_args = 0
 1782              		@ link register save eliminated.
1779:platform/HAL/src/stm32g4xx_hal_fdcan.c ****   assert_param(IS_FDCAN_MAX_VALUE(TdcFilter, 0x7FU));
 1783              		.loc 1 1779 3 view .LVU592
1780:platform/HAL/src/stm32g4xx_hal_fdcan.c **** 
 1784              		.loc 1 1780 3 view .LVU593
1782:platform/HAL/src/stm32g4xx_hal_fdcan.c ****   {
 1785              		.loc 1 1782 3 view .LVU594
1782:platform/HAL/src/stm32g4xx_hal_fdcan.c ****   {
 1786              		.loc 1 1782 13 is_stmt 0 view .LVU595
 1787 0000 90F85C30 		ldrb	r3, [r0, #92]	@ zero_extendqisi2
1782:platform/HAL/src/stm32g4xx_hal_fdcan.c ****   {
 1788              		.loc 1 1782 6 view .LVU596
 1789 0004 012B     		cmp	r3, #1
 1790 0006 05D0     		beq	.L136
1793:platform/HAL/src/stm32g4xx_hal_fdcan.c **** 
 1791              		.loc 1 1793 5 is_stmt 1 view .LVU597
1793:platform/HAL/src/stm32g4xx_hal_fdcan.c **** 
 1792              		.loc 1 1793 11 is_stmt 0 view .LVU598
 1793 0008 036E     		ldr	r3, [r0, #96]
1793:platform/HAL/src/stm32g4xx_hal_fdcan.c **** 
 1794              		.loc 1 1793 23 view .LVU599
 1795 000a 43F00403 		orr	r3, r3, #4
 1796 000e 0366     		str	r3, [r0, #96]
1795:platform/HAL/src/stm32g4xx_hal_fdcan.c ****   }
 1797              		.loc 1 1795 5 is_stmt 1 view .LVU600
1795:platform/HAL/src/stm32g4xx_hal_fdcan.c ****   }
 1798              		.loc 1 1795 12 is_stmt 0 view .LVU601
 1799 0010 0120     		movs	r0, #1
ARM GAS  /tmp/cc2SU6oB.s 			page 103


 1800              	.LVL124:
1797:platform/HAL/src/stm32g4xx_hal_fdcan.c **** 
 1801              		.loc 1 1797 1 view .LVU602
 1802 0012 7047     		bx	lr
 1803              	.LVL125:
 1804              	.L136:
1785:platform/HAL/src/stm32g4xx_hal_fdcan.c **** 
 1805              		.loc 1 1785 5 is_stmt 1 view .LVU603
1785:platform/HAL/src/stm32g4xx_hal_fdcan.c **** 
 1806              		.loc 1 1785 11 is_stmt 0 view .LVU604
 1807 0014 0368     		ldr	r3, [r0]
1785:platform/HAL/src/stm32g4xx_hal_fdcan.c **** 
 1808              		.loc 1 1785 66 view .LVU605
 1809 0016 42EA0122 		orr	r2, r2, r1, lsl #8
 1810              	.LVL126:
1785:platform/HAL/src/stm32g4xx_hal_fdcan.c **** 
 1811              		.loc 1 1785 28 view .LVU606
 1812 001a 9A64     		str	r2, [r3, #72]
1788:platform/HAL/src/stm32g4xx_hal_fdcan.c ****   }
 1813              		.loc 1 1788 5 is_stmt 1 view .LVU607
1788:platform/HAL/src/stm32g4xx_hal_fdcan.c ****   }
 1814              		.loc 1 1788 12 is_stmt 0 view .LVU608
 1815 001c 0020     		movs	r0, #0
 1816              	.LVL127:
1788:platform/HAL/src/stm32g4xx_hal_fdcan.c ****   }
 1817              		.loc 1 1788 12 view .LVU609
 1818 001e 7047     		bx	lr
 1819              		.cfi_endproc
 1820              	.LFE350:
 1822              		.section	.text.HAL_FDCAN_EnableTxDelayCompensation,"ax",%progbits
 1823              		.align	1
 1824              		.global	HAL_FDCAN_EnableTxDelayCompensation
 1825              		.syntax unified
 1826              		.thumb
 1827              		.thumb_func
 1829              	HAL_FDCAN_EnableTxDelayCompensation:
 1830              	.LVL128:
 1831              	.LFB351:
1806:platform/HAL/src/stm32g4xx_hal_fdcan.c ****   if (hfdcan->State == HAL_FDCAN_STATE_READY)
 1832              		.loc 1 1806 1 is_stmt 1 view -0
 1833              		.cfi_startproc
 1834              		@ args = 0, pretend = 0, frame = 0
 1835              		@ frame_needed = 0, uses_anonymous_args = 0
 1836              		@ link register save eliminated.
1807:platform/HAL/src/stm32g4xx_hal_fdcan.c ****   {
 1837              		.loc 1 1807 3 view .LVU611
1807:platform/HAL/src/stm32g4xx_hal_fdcan.c ****   {
 1838              		.loc 1 1807 13 is_stmt 0 view .LVU612
 1839 0000 90F85C30 		ldrb	r3, [r0, #92]	@ zero_extendqisi2
1807:platform/HAL/src/stm32g4xx_hal_fdcan.c ****   {
 1840              		.loc 1 1807 6 view .LVU613
 1841 0004 012B     		cmp	r3, #1
 1842 0006 05D0     		beq	.L140
1818:platform/HAL/src/stm32g4xx_hal_fdcan.c **** 
 1843              		.loc 1 1818 5 is_stmt 1 view .LVU614
1818:platform/HAL/src/stm32g4xx_hal_fdcan.c **** 
 1844              		.loc 1 1818 11 is_stmt 0 view .LVU615
ARM GAS  /tmp/cc2SU6oB.s 			page 104


 1845 0008 036E     		ldr	r3, [r0, #96]
1818:platform/HAL/src/stm32g4xx_hal_fdcan.c **** 
 1846              		.loc 1 1818 23 view .LVU616
 1847 000a 43F00403 		orr	r3, r3, #4
 1848 000e 0366     		str	r3, [r0, #96]
1820:platform/HAL/src/stm32g4xx_hal_fdcan.c ****   }
 1849              		.loc 1 1820 5 is_stmt 1 view .LVU617
1820:platform/HAL/src/stm32g4xx_hal_fdcan.c ****   }
 1850              		.loc 1 1820 12 is_stmt 0 view .LVU618
 1851 0010 0120     		movs	r0, #1
 1852              	.LVL129:
1822:platform/HAL/src/stm32g4xx_hal_fdcan.c **** 
 1853              		.loc 1 1822 1 view .LVU619
 1854 0012 7047     		bx	lr
 1855              	.LVL130:
 1856              	.L140:
1810:platform/HAL/src/stm32g4xx_hal_fdcan.c **** 
 1857              		.loc 1 1810 5 is_stmt 1 view .LVU620
 1858 0014 0268     		ldr	r2, [r0]
 1859 0016 D368     		ldr	r3, [r2, #12]
 1860 0018 43F40003 		orr	r3, r3, #8388608
 1861 001c D360     		str	r3, [r2, #12]
1813:platform/HAL/src/stm32g4xx_hal_fdcan.c ****   }
 1862              		.loc 1 1813 5 view .LVU621
1813:platform/HAL/src/stm32g4xx_hal_fdcan.c ****   }
 1863              		.loc 1 1813 12 is_stmt 0 view .LVU622
 1864 001e 0020     		movs	r0, #0
 1865              	.LVL131:
1813:platform/HAL/src/stm32g4xx_hal_fdcan.c ****   }
 1866              		.loc 1 1813 12 view .LVU623
 1867 0020 7047     		bx	lr
 1868              		.cfi_endproc
 1869              	.LFE351:
 1871              		.section	.text.HAL_FDCAN_DisableTxDelayCompensation,"ax",%progbits
 1872              		.align	1
 1873              		.global	HAL_FDCAN_DisableTxDelayCompensation
 1874              		.syntax unified
 1875              		.thumb
 1876              		.thumb_func
 1878              	HAL_FDCAN_DisableTxDelayCompensation:
 1879              	.LVL132:
 1880              	.LFB352:
1831:platform/HAL/src/stm32g4xx_hal_fdcan.c ****   if (hfdcan->State == HAL_FDCAN_STATE_READY)
 1881              		.loc 1 1831 1 is_stmt 1 view -0
 1882              		.cfi_startproc
 1883              		@ args = 0, pretend = 0, frame = 0
 1884              		@ frame_needed = 0, uses_anonymous_args = 0
 1885              		@ link register save eliminated.
1832:platform/HAL/src/stm32g4xx_hal_fdcan.c ****   {
 1886              		.loc 1 1832 3 view .LVU625
1832:platform/HAL/src/stm32g4xx_hal_fdcan.c ****   {
 1887              		.loc 1 1832 13 is_stmt 0 view .LVU626
 1888 0000 90F85C30 		ldrb	r3, [r0, #92]	@ zero_extendqisi2
1832:platform/HAL/src/stm32g4xx_hal_fdcan.c ****   {
 1889              		.loc 1 1832 6 view .LVU627
 1890 0004 012B     		cmp	r3, #1
 1891 0006 05D0     		beq	.L144
ARM GAS  /tmp/cc2SU6oB.s 			page 105


1843:platform/HAL/src/stm32g4xx_hal_fdcan.c **** 
 1892              		.loc 1 1843 5 is_stmt 1 view .LVU628
1843:platform/HAL/src/stm32g4xx_hal_fdcan.c **** 
 1893              		.loc 1 1843 11 is_stmt 0 view .LVU629
 1894 0008 036E     		ldr	r3, [r0, #96]
1843:platform/HAL/src/stm32g4xx_hal_fdcan.c **** 
 1895              		.loc 1 1843 23 view .LVU630
 1896 000a 43F00403 		orr	r3, r3, #4
 1897 000e 0366     		str	r3, [r0, #96]
1845:platform/HAL/src/stm32g4xx_hal_fdcan.c ****   }
 1898              		.loc 1 1845 5 is_stmt 1 view .LVU631
1845:platform/HAL/src/stm32g4xx_hal_fdcan.c ****   }
 1899              		.loc 1 1845 12 is_stmt 0 view .LVU632
 1900 0010 0120     		movs	r0, #1
 1901              	.LVL133:
1847:platform/HAL/src/stm32g4xx_hal_fdcan.c **** 
 1902              		.loc 1 1847 1 view .LVU633
 1903 0012 7047     		bx	lr
 1904              	.LVL134:
 1905              	.L144:
1835:platform/HAL/src/stm32g4xx_hal_fdcan.c **** 
 1906              		.loc 1 1835 5 is_stmt 1 view .LVU634
 1907 0014 0268     		ldr	r2, [r0]
 1908 0016 D368     		ldr	r3, [r2, #12]
 1909 0018 23F40003 		bic	r3, r3, #8388608
 1910 001c D360     		str	r3, [r2, #12]
1838:platform/HAL/src/stm32g4xx_hal_fdcan.c ****   }
 1911              		.loc 1 1838 5 view .LVU635
1838:platform/HAL/src/stm32g4xx_hal_fdcan.c ****   }
 1912              		.loc 1 1838 12 is_stmt 0 view .LVU636
 1913 001e 0020     		movs	r0, #0
 1914              	.LVL135:
1838:platform/HAL/src/stm32g4xx_hal_fdcan.c ****   }
 1915              		.loc 1 1838 12 view .LVU637
 1916 0020 7047     		bx	lr
 1917              		.cfi_endproc
 1918              	.LFE352:
 1920              		.section	.text.HAL_FDCAN_EnableISOMode,"ax",%progbits
 1921              		.align	1
 1922              		.global	HAL_FDCAN_EnableISOMode
 1923              		.syntax unified
 1924              		.thumb
 1925              		.thumb_func
 1927              	HAL_FDCAN_EnableISOMode:
 1928              	.LVL136:
 1929              	.LFB353:
1857:platform/HAL/src/stm32g4xx_hal_fdcan.c ****   if (hfdcan->State == HAL_FDCAN_STATE_READY)
 1930              		.loc 1 1857 1 is_stmt 1 view -0
 1931              		.cfi_startproc
 1932              		@ args = 0, pretend = 0, frame = 0
 1933              		@ frame_needed = 0, uses_anonymous_args = 0
 1934              		@ link register save eliminated.
1858:platform/HAL/src/stm32g4xx_hal_fdcan.c ****   {
 1935              		.loc 1 1858 3 view .LVU639
1858:platform/HAL/src/stm32g4xx_hal_fdcan.c ****   {
 1936              		.loc 1 1858 13 is_stmt 0 view .LVU640
 1937 0000 90F85C30 		ldrb	r3, [r0, #92]	@ zero_extendqisi2
ARM GAS  /tmp/cc2SU6oB.s 			page 106


1858:platform/HAL/src/stm32g4xx_hal_fdcan.c ****   {
 1938              		.loc 1 1858 6 view .LVU641
 1939 0004 012B     		cmp	r3, #1
 1940 0006 05D0     		beq	.L148
1869:platform/HAL/src/stm32g4xx_hal_fdcan.c **** 
 1941              		.loc 1 1869 5 is_stmt 1 view .LVU642
1869:platform/HAL/src/stm32g4xx_hal_fdcan.c **** 
 1942              		.loc 1 1869 11 is_stmt 0 view .LVU643
 1943 0008 036E     		ldr	r3, [r0, #96]
1869:platform/HAL/src/stm32g4xx_hal_fdcan.c **** 
 1944              		.loc 1 1869 23 view .LVU644
 1945 000a 43F00403 		orr	r3, r3, #4
 1946 000e 0366     		str	r3, [r0, #96]
1871:platform/HAL/src/stm32g4xx_hal_fdcan.c ****   }
 1947              		.loc 1 1871 5 is_stmt 1 view .LVU645
1871:platform/HAL/src/stm32g4xx_hal_fdcan.c ****   }
 1948              		.loc 1 1871 12 is_stmt 0 view .LVU646
 1949 0010 0120     		movs	r0, #1
 1950              	.LVL137:
1873:platform/HAL/src/stm32g4xx_hal_fdcan.c **** 
 1951              		.loc 1 1873 1 view .LVU647
 1952 0012 7047     		bx	lr
 1953              	.LVL138:
 1954              	.L148:
1861:platform/HAL/src/stm32g4xx_hal_fdcan.c **** 
 1955              		.loc 1 1861 5 is_stmt 1 view .LVU648
 1956 0014 0268     		ldr	r2, [r0]
 1957 0016 9369     		ldr	r3, [r2, #24]
 1958 0018 23F40043 		bic	r3, r3, #32768
 1959 001c 9361     		str	r3, [r2, #24]
1864:platform/HAL/src/stm32g4xx_hal_fdcan.c ****   }
 1960              		.loc 1 1864 5 view .LVU649
1864:platform/HAL/src/stm32g4xx_hal_fdcan.c ****   }
 1961              		.loc 1 1864 12 is_stmt 0 view .LVU650
 1962 001e 0020     		movs	r0, #0
 1963              	.LVL139:
1864:platform/HAL/src/stm32g4xx_hal_fdcan.c ****   }
 1964              		.loc 1 1864 12 view .LVU651
 1965 0020 7047     		bx	lr
 1966              		.cfi_endproc
 1967              	.LFE353:
 1969              		.section	.text.HAL_FDCAN_DisableISOMode,"ax",%progbits
 1970              		.align	1
 1971              		.global	HAL_FDCAN_DisableISOMode
 1972              		.syntax unified
 1973              		.thumb
 1974              		.thumb_func
 1976              	HAL_FDCAN_DisableISOMode:
 1977              	.LVL140:
 1978              	.LFB354:
1883:platform/HAL/src/stm32g4xx_hal_fdcan.c ****   if (hfdcan->State == HAL_FDCAN_STATE_READY)
 1979              		.loc 1 1883 1 is_stmt 1 view -0
 1980              		.cfi_startproc
 1981              		@ args = 0, pretend = 0, frame = 0
 1982              		@ frame_needed = 0, uses_anonymous_args = 0
 1983              		@ link register save eliminated.
1884:platform/HAL/src/stm32g4xx_hal_fdcan.c ****   {
ARM GAS  /tmp/cc2SU6oB.s 			page 107


 1984              		.loc 1 1884 3 view .LVU653
1884:platform/HAL/src/stm32g4xx_hal_fdcan.c ****   {
 1985              		.loc 1 1884 13 is_stmt 0 view .LVU654
 1986 0000 90F85C30 		ldrb	r3, [r0, #92]	@ zero_extendqisi2
1884:platform/HAL/src/stm32g4xx_hal_fdcan.c ****   {
 1987              		.loc 1 1884 6 view .LVU655
 1988 0004 012B     		cmp	r3, #1
 1989 0006 05D0     		beq	.L152
1895:platform/HAL/src/stm32g4xx_hal_fdcan.c **** 
 1990              		.loc 1 1895 5 is_stmt 1 view .LVU656
1895:platform/HAL/src/stm32g4xx_hal_fdcan.c **** 
 1991              		.loc 1 1895 11 is_stmt 0 view .LVU657
 1992 0008 036E     		ldr	r3, [r0, #96]
1895:platform/HAL/src/stm32g4xx_hal_fdcan.c **** 
 1993              		.loc 1 1895 23 view .LVU658
 1994 000a 43F00403 		orr	r3, r3, #4
 1995 000e 0366     		str	r3, [r0, #96]
1897:platform/HAL/src/stm32g4xx_hal_fdcan.c ****   }
 1996              		.loc 1 1897 5 is_stmt 1 view .LVU659
1897:platform/HAL/src/stm32g4xx_hal_fdcan.c ****   }
 1997              		.loc 1 1897 12 is_stmt 0 view .LVU660
 1998 0010 0120     		movs	r0, #1
 1999              	.LVL141:
1899:platform/HAL/src/stm32g4xx_hal_fdcan.c **** 
 2000              		.loc 1 1899 1 view .LVU661
 2001 0012 7047     		bx	lr
 2002              	.LVL142:
 2003              	.L152:
1887:platform/HAL/src/stm32g4xx_hal_fdcan.c **** 
 2004              		.loc 1 1887 5 is_stmt 1 view .LVU662
 2005 0014 0268     		ldr	r2, [r0]
 2006 0016 9369     		ldr	r3, [r2, #24]
 2007 0018 43F40043 		orr	r3, r3, #32768
 2008 001c 9361     		str	r3, [r2, #24]
1890:platform/HAL/src/stm32g4xx_hal_fdcan.c ****   }
 2009              		.loc 1 1890 5 view .LVU663
1890:platform/HAL/src/stm32g4xx_hal_fdcan.c ****   }
 2010              		.loc 1 1890 12 is_stmt 0 view .LVU664
 2011 001e 0020     		movs	r0, #0
 2012              	.LVL143:
1890:platform/HAL/src/stm32g4xx_hal_fdcan.c ****   }
 2013              		.loc 1 1890 12 view .LVU665
 2014 0020 7047     		bx	lr
 2015              		.cfi_endproc
 2016              	.LFE354:
 2018              		.section	.text.HAL_FDCAN_EnableEdgeFiltering,"ax",%progbits
 2019              		.align	1
 2020              		.global	HAL_FDCAN_EnableEdgeFiltering
 2021              		.syntax unified
 2022              		.thumb
 2023              		.thumb_func
 2025              	HAL_FDCAN_EnableEdgeFiltering:
 2026              	.LVL144:
 2027              	.LFB355:
1909:platform/HAL/src/stm32g4xx_hal_fdcan.c ****   if (hfdcan->State == HAL_FDCAN_STATE_READY)
 2028              		.loc 1 1909 1 is_stmt 1 view -0
 2029              		.cfi_startproc
ARM GAS  /tmp/cc2SU6oB.s 			page 108


 2030              		@ args = 0, pretend = 0, frame = 0
 2031              		@ frame_needed = 0, uses_anonymous_args = 0
 2032              		@ link register save eliminated.
1910:platform/HAL/src/stm32g4xx_hal_fdcan.c ****   {
 2033              		.loc 1 1910 3 view .LVU667
1910:platform/HAL/src/stm32g4xx_hal_fdcan.c ****   {
 2034              		.loc 1 1910 13 is_stmt 0 view .LVU668
 2035 0000 90F85C30 		ldrb	r3, [r0, #92]	@ zero_extendqisi2
1910:platform/HAL/src/stm32g4xx_hal_fdcan.c ****   {
 2036              		.loc 1 1910 6 view .LVU669
 2037 0004 012B     		cmp	r3, #1
 2038 0006 05D0     		beq	.L156
1921:platform/HAL/src/stm32g4xx_hal_fdcan.c **** 
 2039              		.loc 1 1921 5 is_stmt 1 view .LVU670
1921:platform/HAL/src/stm32g4xx_hal_fdcan.c **** 
 2040              		.loc 1 1921 11 is_stmt 0 view .LVU671
 2041 0008 036E     		ldr	r3, [r0, #96]
1921:platform/HAL/src/stm32g4xx_hal_fdcan.c **** 
 2042              		.loc 1 1921 23 view .LVU672
 2043 000a 43F00403 		orr	r3, r3, #4
 2044 000e 0366     		str	r3, [r0, #96]
1923:platform/HAL/src/stm32g4xx_hal_fdcan.c ****   }
 2045              		.loc 1 1923 5 is_stmt 1 view .LVU673
1923:platform/HAL/src/stm32g4xx_hal_fdcan.c ****   }
 2046              		.loc 1 1923 12 is_stmt 0 view .LVU674
 2047 0010 0120     		movs	r0, #1
 2048              	.LVL145:
1925:platform/HAL/src/stm32g4xx_hal_fdcan.c **** 
 2049              		.loc 1 1925 1 view .LVU675
 2050 0012 7047     		bx	lr
 2051              	.LVL146:
 2052              	.L156:
1913:platform/HAL/src/stm32g4xx_hal_fdcan.c **** 
 2053              		.loc 1 1913 5 is_stmt 1 view .LVU676
 2054 0014 0268     		ldr	r2, [r0]
 2055 0016 9369     		ldr	r3, [r2, #24]
 2056 0018 43F40053 		orr	r3, r3, #8192
 2057 001c 9361     		str	r3, [r2, #24]
1916:platform/HAL/src/stm32g4xx_hal_fdcan.c ****   }
 2058              		.loc 1 1916 5 view .LVU677
1916:platform/HAL/src/stm32g4xx_hal_fdcan.c ****   }
 2059              		.loc 1 1916 12 is_stmt 0 view .LVU678
 2060 001e 0020     		movs	r0, #0
 2061              	.LVL147:
1916:platform/HAL/src/stm32g4xx_hal_fdcan.c ****   }
 2062              		.loc 1 1916 12 view .LVU679
 2063 0020 7047     		bx	lr
 2064              		.cfi_endproc
 2065              	.LFE355:
 2067              		.section	.text.HAL_FDCAN_DisableEdgeFiltering,"ax",%progbits
 2068              		.align	1
 2069              		.global	HAL_FDCAN_DisableEdgeFiltering
 2070              		.syntax unified
 2071              		.thumb
 2072              		.thumb_func
 2074              	HAL_FDCAN_DisableEdgeFiltering:
 2075              	.LVL148:
ARM GAS  /tmp/cc2SU6oB.s 			page 109


 2076              	.LFB356:
1935:platform/HAL/src/stm32g4xx_hal_fdcan.c ****   if (hfdcan->State == HAL_FDCAN_STATE_READY)
 2077              		.loc 1 1935 1 is_stmt 1 view -0
 2078              		.cfi_startproc
 2079              		@ args = 0, pretend = 0, frame = 0
 2080              		@ frame_needed = 0, uses_anonymous_args = 0
 2081              		@ link register save eliminated.
1936:platform/HAL/src/stm32g4xx_hal_fdcan.c ****   {
 2082              		.loc 1 1936 3 view .LVU681
1936:platform/HAL/src/stm32g4xx_hal_fdcan.c ****   {
 2083              		.loc 1 1936 13 is_stmt 0 view .LVU682
 2084 0000 90F85C30 		ldrb	r3, [r0, #92]	@ zero_extendqisi2
1936:platform/HAL/src/stm32g4xx_hal_fdcan.c ****   {
 2085              		.loc 1 1936 6 view .LVU683
 2086 0004 012B     		cmp	r3, #1
 2087 0006 05D0     		beq	.L160
1947:platform/HAL/src/stm32g4xx_hal_fdcan.c **** 
 2088              		.loc 1 1947 5 is_stmt 1 view .LVU684
1947:platform/HAL/src/stm32g4xx_hal_fdcan.c **** 
 2089              		.loc 1 1947 11 is_stmt 0 view .LVU685
 2090 0008 036E     		ldr	r3, [r0, #96]
1947:platform/HAL/src/stm32g4xx_hal_fdcan.c **** 
 2091              		.loc 1 1947 23 view .LVU686
 2092 000a 43F00403 		orr	r3, r3, #4
 2093 000e 0366     		str	r3, [r0, #96]
1949:platform/HAL/src/stm32g4xx_hal_fdcan.c ****   }
 2094              		.loc 1 1949 5 is_stmt 1 view .LVU687
1949:platform/HAL/src/stm32g4xx_hal_fdcan.c ****   }
 2095              		.loc 1 1949 12 is_stmt 0 view .LVU688
 2096 0010 0120     		movs	r0, #1
 2097              	.LVL149:
1951:platform/HAL/src/stm32g4xx_hal_fdcan.c **** 
 2098              		.loc 1 1951 1 view .LVU689
 2099 0012 7047     		bx	lr
 2100              	.LVL150:
 2101              	.L160:
1939:platform/HAL/src/stm32g4xx_hal_fdcan.c **** 
 2102              		.loc 1 1939 5 is_stmt 1 view .LVU690
 2103 0014 0268     		ldr	r2, [r0]
 2104 0016 9369     		ldr	r3, [r2, #24]
 2105 0018 23F40053 		bic	r3, r3, #8192
 2106 001c 9361     		str	r3, [r2, #24]
1942:platform/HAL/src/stm32g4xx_hal_fdcan.c ****   }
 2107              		.loc 1 1942 5 view .LVU691
1942:platform/HAL/src/stm32g4xx_hal_fdcan.c ****   }
 2108              		.loc 1 1942 12 is_stmt 0 view .LVU692
 2109 001e 0020     		movs	r0, #0
 2110              	.LVL151:
1942:platform/HAL/src/stm32g4xx_hal_fdcan.c ****   }
 2111              		.loc 1 1942 12 view .LVU693
 2112 0020 7047     		bx	lr
 2113              		.cfi_endproc
 2114              	.LFE356:
 2116              		.section	.text.HAL_FDCAN_Start,"ax",%progbits
 2117              		.align	1
 2118              		.global	HAL_FDCAN_Start
 2119              		.syntax unified
ARM GAS  /tmp/cc2SU6oB.s 			page 110


 2120              		.thumb
 2121              		.thumb_func
 2123              	HAL_FDCAN_Start:
 2124              	.LVL152:
 2125              	.LFB357:
1995:platform/HAL/src/stm32g4xx_hal_fdcan.c ****   if (hfdcan->State == HAL_FDCAN_STATE_READY)
 2126              		.loc 1 1995 1 is_stmt 1 view -0
 2127              		.cfi_startproc
 2128              		@ args = 0, pretend = 0, frame = 0
 2129              		@ frame_needed = 0, uses_anonymous_args = 0
 2130              		@ link register save eliminated.
1996:platform/HAL/src/stm32g4xx_hal_fdcan.c ****   {
 2131              		.loc 1 1996 3 view .LVU695
1996:platform/HAL/src/stm32g4xx_hal_fdcan.c ****   {
 2132              		.loc 1 1996 13 is_stmt 0 view .LVU696
 2133 0000 90F85C30 		ldrb	r3, [r0, #92]	@ zero_extendqisi2
1996:platform/HAL/src/stm32g4xx_hal_fdcan.c ****   {
 2134              		.loc 1 1996 6 view .LVU697
 2135 0004 012B     		cmp	r3, #1
 2136 0006 05D0     		beq	.L164
2013:platform/HAL/src/stm32g4xx_hal_fdcan.c **** 
 2137              		.loc 1 2013 5 is_stmt 1 view .LVU698
2013:platform/HAL/src/stm32g4xx_hal_fdcan.c **** 
 2138              		.loc 1 2013 11 is_stmt 0 view .LVU699
 2139 0008 036E     		ldr	r3, [r0, #96]
2013:platform/HAL/src/stm32g4xx_hal_fdcan.c **** 
 2140              		.loc 1 2013 23 view .LVU700
 2141 000a 43F00403 		orr	r3, r3, #4
 2142 000e 0366     		str	r3, [r0, #96]
2015:platform/HAL/src/stm32g4xx_hal_fdcan.c ****   }
 2143              		.loc 1 2015 5 is_stmt 1 view .LVU701
2015:platform/HAL/src/stm32g4xx_hal_fdcan.c ****   }
 2144              		.loc 1 2015 12 is_stmt 0 view .LVU702
 2145 0010 0120     		movs	r0, #1
 2146              	.LVL153:
2017:platform/HAL/src/stm32g4xx_hal_fdcan.c **** 
 2147              		.loc 1 2017 1 view .LVU703
 2148 0012 7047     		bx	lr
 2149              	.LVL154:
 2150              	.L164:
1999:platform/HAL/src/stm32g4xx_hal_fdcan.c **** 
 2151              		.loc 1 1999 5 is_stmt 1 view .LVU704
1999:platform/HAL/src/stm32g4xx_hal_fdcan.c **** 
 2152              		.loc 1 1999 19 is_stmt 0 view .LVU705
 2153 0014 0223     		movs	r3, #2
 2154 0016 80F85C30 		strb	r3, [r0, #92]
2002:platform/HAL/src/stm32g4xx_hal_fdcan.c **** 
 2155              		.loc 1 2002 5 is_stmt 1 view .LVU706
 2156 001a 0268     		ldr	r2, [r0]
 2157 001c 9369     		ldr	r3, [r2, #24]
 2158 001e 23F00103 		bic	r3, r3, #1
 2159 0022 9361     		str	r3, [r2, #24]
2005:platform/HAL/src/stm32g4xx_hal_fdcan.c **** 
 2160              		.loc 1 2005 5 view .LVU707
2005:platform/HAL/src/stm32g4xx_hal_fdcan.c **** 
 2161              		.loc 1 2005 23 is_stmt 0 view .LVU708
 2162 0024 0023     		movs	r3, #0
ARM GAS  /tmp/cc2SU6oB.s 			page 111


 2163 0026 0366     		str	r3, [r0, #96]
2008:platform/HAL/src/stm32g4xx_hal_fdcan.c ****   }
 2164              		.loc 1 2008 5 is_stmt 1 view .LVU709
2008:platform/HAL/src/stm32g4xx_hal_fdcan.c ****   }
 2165              		.loc 1 2008 12 is_stmt 0 view .LVU710
 2166 0028 1846     		mov	r0, r3
 2167              	.LVL155:
2008:platform/HAL/src/stm32g4xx_hal_fdcan.c ****   }
 2168              		.loc 1 2008 12 view .LVU711
 2169 002a 7047     		bx	lr
 2170              		.cfi_endproc
 2171              	.LFE357:
 2173              		.section	.text.HAL_FDCAN_Stop,"ax",%progbits
 2174              		.align	1
 2175              		.global	HAL_FDCAN_Stop
 2176              		.syntax unified
 2177              		.thumb
 2178              		.thumb_func
 2180              	HAL_FDCAN_Stop:
 2181              	.LVL156:
 2182              	.LFB358:
2026:platform/HAL/src/stm32g4xx_hal_fdcan.c ****   uint32_t Counter = 0U;
 2183              		.loc 1 2026 1 is_stmt 1 view -0
 2184              		.cfi_startproc
 2185              		@ args = 0, pretend = 0, frame = 0
 2186              		@ frame_needed = 0, uses_anonymous_args = 0
 2187              		@ link register save eliminated.
2027:platform/HAL/src/stm32g4xx_hal_fdcan.c **** 
 2188              		.loc 1 2027 3 view .LVU713
2029:platform/HAL/src/stm32g4xx_hal_fdcan.c ****   {
 2189              		.loc 1 2029 3 view .LVU714
2029:platform/HAL/src/stm32g4xx_hal_fdcan.c ****   {
 2190              		.loc 1 2029 13 is_stmt 0 view .LVU715
 2191 0000 90F85C30 		ldrb	r3, [r0, #92]	@ zero_extendqisi2
2029:platform/HAL/src/stm32g4xx_hal_fdcan.c ****   {
 2192              		.loc 1 2029 6 view .LVU716
 2193 0004 022B     		cmp	r3, #2
 2194 0006 39D1     		bne	.L166
2032:platform/HAL/src/stm32g4xx_hal_fdcan.c **** 
 2195              		.loc 1 2032 5 is_stmt 1 view .LVU717
 2196 0008 0268     		ldr	r2, [r0]
 2197 000a 9369     		ldr	r3, [r2, #24]
 2198 000c 43F00103 		orr	r3, r3, #1
 2199 0010 9361     		str	r3, [r2, #24]
2035:platform/HAL/src/stm32g4xx_hal_fdcan.c ****     {
 2200              		.loc 1 2035 5 view .LVU718
2027:platform/HAL/src/stm32g4xx_hal_fdcan.c **** 
 2201              		.loc 1 2027 12 is_stmt 0 view .LVU719
 2202 0012 0023     		movs	r3, #0
 2203              	.LVL157:
 2204              	.L167:
2035:platform/HAL/src/stm32g4xx_hal_fdcan.c ****     {
 2205              		.loc 1 2035 55 is_stmt 1 view .LVU720
2035:platform/HAL/src/stm32g4xx_hal_fdcan.c ****     {
 2206              		.loc 1 2035 19 is_stmt 0 view .LVU721
 2207 0014 0268     		ldr	r2, [r0]
2035:platform/HAL/src/stm32g4xx_hal_fdcan.c ****     {
ARM GAS  /tmp/cc2SU6oB.s 			page 112


 2208              		.loc 1 2035 29 view .LVU722
 2209 0016 9169     		ldr	r1, [r2, #24]
2035:platform/HAL/src/stm32g4xx_hal_fdcan.c ****     {
 2210              		.loc 1 2035 55 view .LVU723
 2211 0018 11F0010F 		tst	r1, #1
 2212 001c 0CD1     		bne	.L174
2038:platform/HAL/src/stm32g4xx_hal_fdcan.c ****       {
 2213              		.loc 1 2038 7 is_stmt 1 view .LVU724
2038:platform/HAL/src/stm32g4xx_hal_fdcan.c ****       {
 2214              		.loc 1 2038 10 is_stmt 0 view .LVU725
 2215 001e 0A2B     		cmp	r3, #10
 2216 0020 01D8     		bhi	.L175
2050:platform/HAL/src/stm32g4xx_hal_fdcan.c ****     }
 2217              		.loc 1 2050 7 is_stmt 1 view .LVU726
2050:platform/HAL/src/stm32g4xx_hal_fdcan.c ****     }
 2218              		.loc 1 2050 14 is_stmt 0 view .LVU727
 2219 0022 0133     		adds	r3, r3, #1
 2220              	.LVL158:
2050:platform/HAL/src/stm32g4xx_hal_fdcan.c ****     }
 2221              		.loc 1 2050 14 view .LVU728
 2222 0024 F6E7     		b	.L167
 2223              	.LVL159:
 2224              	.L175:
2041:platform/HAL/src/stm32g4xx_hal_fdcan.c **** 
 2225              		.loc 1 2041 9 is_stmt 1 view .LVU729
2041:platform/HAL/src/stm32g4xx_hal_fdcan.c **** 
 2226              		.loc 1 2041 15 is_stmt 0 view .LVU730
 2227 0026 036E     		ldr	r3, [r0, #96]
 2228              	.LVL160:
2041:platform/HAL/src/stm32g4xx_hal_fdcan.c **** 
 2229              		.loc 1 2041 27 view .LVU731
 2230 0028 43F00103 		orr	r3, r3, #1
 2231 002c 0366     		str	r3, [r0, #96]
2044:platform/HAL/src/stm32g4xx_hal_fdcan.c **** 
 2232              		.loc 1 2044 9 is_stmt 1 view .LVU732
2044:platform/HAL/src/stm32g4xx_hal_fdcan.c **** 
 2233              		.loc 1 2044 23 is_stmt 0 view .LVU733
 2234 002e 0323     		movs	r3, #3
 2235 0030 80F85C30 		strb	r3, [r0, #92]
2046:platform/HAL/src/stm32g4xx_hal_fdcan.c ****       }
 2236              		.loc 1 2046 9 is_stmt 1 view .LVU734
2046:platform/HAL/src/stm32g4xx_hal_fdcan.c ****       }
 2237              		.loc 1 2046 16 is_stmt 0 view .LVU735
 2238 0034 0120     		movs	r0, #1
 2239              	.LVL161:
2046:platform/HAL/src/stm32g4xx_hal_fdcan.c ****       }
 2240              		.loc 1 2046 16 view .LVU736
 2241 0036 7047     		bx	lr
 2242              	.LVL162:
 2243              	.L174:
2054:platform/HAL/src/stm32g4xx_hal_fdcan.c **** 
 2244              		.loc 1 2054 5 is_stmt 1 view .LVU737
2057:platform/HAL/src/stm32g4xx_hal_fdcan.c **** 
 2245              		.loc 1 2057 5 view .LVU738
 2246 0038 9369     		ldr	r3, [r2, #24]
 2247 003a 23F01003 		bic	r3, r3, #16
 2248 003e 9361     		str	r3, [r2, #24]
ARM GAS  /tmp/cc2SU6oB.s 			page 113


2060:platform/HAL/src/stm32g4xx_hal_fdcan.c ****     {
 2249              		.loc 1 2060 5 view .LVU739
2054:platform/HAL/src/stm32g4xx_hal_fdcan.c **** 
 2250              		.loc 1 2054 13 is_stmt 0 view .LVU740
 2251 0040 0023     		movs	r3, #0
 2252              	.LVL163:
 2253              	.L171:
2060:platform/HAL/src/stm32g4xx_hal_fdcan.c ****     {
 2254              		.loc 1 2060 54 is_stmt 1 view .LVU741
2060:platform/HAL/src/stm32g4xx_hal_fdcan.c ****     {
 2255              		.loc 1 2060 19 is_stmt 0 view .LVU742
 2256 0042 0268     		ldr	r2, [r0]
2060:platform/HAL/src/stm32g4xx_hal_fdcan.c ****     {
 2257              		.loc 1 2060 29 view .LVU743
 2258 0044 9169     		ldr	r1, [r2, #24]
2060:platform/HAL/src/stm32g4xx_hal_fdcan.c ****     {
 2259              		.loc 1 2060 54 view .LVU744
 2260 0046 11F0080F 		tst	r1, #8
 2261 004a 0CD0     		beq	.L176
2063:platform/HAL/src/stm32g4xx_hal_fdcan.c ****       {
 2262              		.loc 1 2063 7 is_stmt 1 view .LVU745
2063:platform/HAL/src/stm32g4xx_hal_fdcan.c ****       {
 2263              		.loc 1 2063 10 is_stmt 0 view .LVU746
 2264 004c 0A2B     		cmp	r3, #10
 2265 004e 01D8     		bhi	.L177
2075:platform/HAL/src/stm32g4xx_hal_fdcan.c ****     }
 2266              		.loc 1 2075 7 is_stmt 1 view .LVU747
2075:platform/HAL/src/stm32g4xx_hal_fdcan.c ****     }
 2267              		.loc 1 2075 14 is_stmt 0 view .LVU748
 2268 0050 0133     		adds	r3, r3, #1
 2269              	.LVL164:
2075:platform/HAL/src/stm32g4xx_hal_fdcan.c ****     }
 2270              		.loc 1 2075 14 view .LVU749
 2271 0052 F6E7     		b	.L171
 2272              	.LVL165:
 2273              	.L177:
2066:platform/HAL/src/stm32g4xx_hal_fdcan.c **** 
 2274              		.loc 1 2066 9 is_stmt 1 view .LVU750
2066:platform/HAL/src/stm32g4xx_hal_fdcan.c **** 
 2275              		.loc 1 2066 15 is_stmt 0 view .LVU751
 2276 0054 036E     		ldr	r3, [r0, #96]
 2277              	.LVL166:
2066:platform/HAL/src/stm32g4xx_hal_fdcan.c **** 
 2278              		.loc 1 2066 27 view .LVU752
 2279 0056 43F00103 		orr	r3, r3, #1
 2280 005a 0366     		str	r3, [r0, #96]
2069:platform/HAL/src/stm32g4xx_hal_fdcan.c **** 
 2281              		.loc 1 2069 9 is_stmt 1 view .LVU753
2069:platform/HAL/src/stm32g4xx_hal_fdcan.c **** 
 2282              		.loc 1 2069 23 is_stmt 0 view .LVU754
 2283 005c 0323     		movs	r3, #3
 2284 005e 80F85C30 		strb	r3, [r0, #92]
2071:platform/HAL/src/stm32g4xx_hal_fdcan.c ****       }
 2285              		.loc 1 2071 9 is_stmt 1 view .LVU755
2071:platform/HAL/src/stm32g4xx_hal_fdcan.c ****       }
 2286              		.loc 1 2071 16 is_stmt 0 view .LVU756
 2287 0062 0120     		movs	r0, #1
ARM GAS  /tmp/cc2SU6oB.s 			page 114


 2288              	.LVL167:
2071:platform/HAL/src/stm32g4xx_hal_fdcan.c ****       }
 2289              		.loc 1 2071 16 view .LVU757
 2290 0064 7047     		bx	lr
 2291              	.LVL168:
 2292              	.L176:
2079:platform/HAL/src/stm32g4xx_hal_fdcan.c **** 
 2293              		.loc 1 2079 5 is_stmt 1 view .LVU758
 2294 0066 9369     		ldr	r3, [r2, #24]
 2295              	.LVL169:
2079:platform/HAL/src/stm32g4xx_hal_fdcan.c **** 
 2296              		.loc 1 2079 5 is_stmt 0 view .LVU759
 2297 0068 43F00203 		orr	r3, r3, #2
 2298 006c 9361     		str	r3, [r2, #24]
2082:platform/HAL/src/stm32g4xx_hal_fdcan.c **** 
 2299              		.loc 1 2082 5 is_stmt 1 view .LVU760
2082:platform/HAL/src/stm32g4xx_hal_fdcan.c **** 
 2300              		.loc 1 2082 34 is_stmt 0 view .LVU761
 2301 006e 0023     		movs	r3, #0
 2302 0070 8365     		str	r3, [r0, #88]
2085:platform/HAL/src/stm32g4xx_hal_fdcan.c **** 
 2303              		.loc 1 2085 5 is_stmt 1 view .LVU762
2085:platform/HAL/src/stm32g4xx_hal_fdcan.c **** 
 2304              		.loc 1 2085 19 is_stmt 0 view .LVU763
 2305 0072 0122     		movs	r2, #1
 2306 0074 80F85C20 		strb	r2, [r0, #92]
2088:platform/HAL/src/stm32g4xx_hal_fdcan.c ****   }
 2307              		.loc 1 2088 5 is_stmt 1 view .LVU764
2088:platform/HAL/src/stm32g4xx_hal_fdcan.c ****   }
 2308              		.loc 1 2088 12 is_stmt 0 view .LVU765
 2309 0078 1846     		mov	r0, r3
 2310              	.LVL170:
2088:platform/HAL/src/stm32g4xx_hal_fdcan.c ****   }
 2311              		.loc 1 2088 12 view .LVU766
 2312 007a 7047     		bx	lr
 2313              	.LVL171:
 2314              	.L166:
2093:platform/HAL/src/stm32g4xx_hal_fdcan.c **** 
 2315              		.loc 1 2093 5 is_stmt 1 view .LVU767
2093:platform/HAL/src/stm32g4xx_hal_fdcan.c **** 
 2316              		.loc 1 2093 11 is_stmt 0 view .LVU768
 2317 007c 036E     		ldr	r3, [r0, #96]
2093:platform/HAL/src/stm32g4xx_hal_fdcan.c **** 
 2318              		.loc 1 2093 23 view .LVU769
 2319 007e 43F00803 		orr	r3, r3, #8
 2320 0082 0366     		str	r3, [r0, #96]
2095:platform/HAL/src/stm32g4xx_hal_fdcan.c ****   }
 2321              		.loc 1 2095 5 is_stmt 1 view .LVU770
2095:platform/HAL/src/stm32g4xx_hal_fdcan.c ****   }
 2322              		.loc 1 2095 12 is_stmt 0 view .LVU771
 2323 0084 0120     		movs	r0, #1
 2324              	.LVL172:
2097:platform/HAL/src/stm32g4xx_hal_fdcan.c **** 
 2325              		.loc 1 2097 1 view .LVU772
 2326 0086 7047     		bx	lr
 2327              		.cfi_endproc
 2328              	.LFE358:
ARM GAS  /tmp/cc2SU6oB.s 			page 115


 2330              		.section	.text.HAL_FDCAN_DeInit,"ax",%progbits
 2331              		.align	1
 2332              		.global	HAL_FDCAN_DeInit
 2333              		.syntax unified
 2334              		.thumb
 2335              		.thumb_func
 2337              	HAL_FDCAN_DeInit:
 2338              	.LVL173:
 2339              	.LFB330:
 537:platform/HAL/src/stm32g4xx_hal_fdcan.c ****   /* Check FDCAN handle */
 2340              		.loc 1 537 1 is_stmt 1 view -0
 2341              		.cfi_startproc
 2342              		@ args = 0, pretend = 0, frame = 0
 2343              		@ frame_needed = 0, uses_anonymous_args = 0
 539:platform/HAL/src/stm32g4xx_hal_fdcan.c ****   {
 2344              		.loc 1 539 3 view .LVU774
 539:platform/HAL/src/stm32g4xx_hal_fdcan.c ****   {
 2345              		.loc 1 539 6 is_stmt 0 view .LVU775
 2346 0000 80B1     		cbz	r0, .L180
 537:platform/HAL/src/stm32g4xx_hal_fdcan.c ****   /* Check FDCAN handle */
 2347              		.loc 1 537 1 view .LVU776
 2348 0002 10B5     		push	{r4, lr}
 2349              	.LCFI11:
 2350              		.cfi_def_cfa_offset 8
 2351              		.cfi_offset 4, -8
 2352              		.cfi_offset 14, -4
 2353 0004 0446     		mov	r4, r0
 545:platform/HAL/src/stm32g4xx_hal_fdcan.c **** 
 2354              		.loc 1 545 3 is_stmt 1 view .LVU777
 548:platform/HAL/src/stm32g4xx_hal_fdcan.c **** 
 2355              		.loc 1 548 3 view .LVU778
 548:platform/HAL/src/stm32g4xx_hal_fdcan.c **** 
 2356              		.loc 1 548 9 is_stmt 0 view .LVU779
 2357 0006 FFF7FEFF 		bl	HAL_FDCAN_Stop
 2358              	.LVL174:
 551:platform/HAL/src/stm32g4xx_hal_fdcan.c **** 
 2359              		.loc 1 551 3 is_stmt 1 view .LVU780
 2360 000a 2268     		ldr	r2, [r4]
 2361 000c D36D     		ldr	r3, [r2, #92]
 2362 000e 23F00303 		bic	r3, r3, #3
 2363 0012 D365     		str	r3, [r2, #92]
 563:platform/HAL/src/stm32g4xx_hal_fdcan.c **** #endif /* USE_HAL_FDCAN_REGISTER_CALLBACKS */
 2364              		.loc 1 563 3 view .LVU781
 2365 0014 2046     		mov	r0, r4
 2366 0016 FFF7FEFF 		bl	HAL_FDCAN_MspDeInit
 2367              	.LVL175:
 567:platform/HAL/src/stm32g4xx_hal_fdcan.c **** 
 2368              		.loc 1 567 3 view .LVU782
 567:platform/HAL/src/stm32g4xx_hal_fdcan.c **** 
 2369              		.loc 1 567 21 is_stmt 0 view .LVU783
 2370 001a 0020     		movs	r0, #0
 2371 001c 2066     		str	r0, [r4, #96]
 570:platform/HAL/src/stm32g4xx_hal_fdcan.c **** 
 2372              		.loc 1 570 3 is_stmt 1 view .LVU784
 570:platform/HAL/src/stm32g4xx_hal_fdcan.c **** 
 2373              		.loc 1 570 17 is_stmt 0 view .LVU785
 2374 001e 84F85C00 		strb	r0, [r4, #92]
ARM GAS  /tmp/cc2SU6oB.s 			page 116


 573:platform/HAL/src/stm32g4xx_hal_fdcan.c **** }
 2375              		.loc 1 573 3 is_stmt 1 view .LVU786
 574:platform/HAL/src/stm32g4xx_hal_fdcan.c **** 
 2376              		.loc 1 574 1 is_stmt 0 view .LVU787
 2377 0022 10BD     		pop	{r4, pc}
 2378              	.LVL176:
 2379              	.L180:
 2380              	.LCFI12:
 2381              		.cfi_def_cfa_offset 0
 2382              		.cfi_restore 4
 2383              		.cfi_restore 14
 541:platform/HAL/src/stm32g4xx_hal_fdcan.c ****   }
 2384              		.loc 1 541 12 view .LVU788
 2385 0024 0120     		movs	r0, #1
 2386              	.LVL177:
 574:platform/HAL/src/stm32g4xx_hal_fdcan.c **** 
 2387              		.loc 1 574 1 view .LVU789
 2388 0026 7047     		bx	lr
 2389              		.cfi_endproc
 2390              	.LFE330:
 2392              		.section	.text.HAL_FDCAN_AddMessageToTxFifoQ,"ax",%progbits
 2393              		.align	1
 2394              		.global	HAL_FDCAN_AddMessageToTxFifoQ
 2395              		.syntax unified
 2396              		.thumb
 2397              		.thumb_func
 2399              	HAL_FDCAN_AddMessageToTxFifoQ:
 2400              	.LVL178:
 2401              	.LFB359:
2109:platform/HAL/src/stm32g4xx_hal_fdcan.c ****   uint32_t PutIndex;
 2402              		.loc 1 2109 1 is_stmt 1 view -0
 2403              		.cfi_startproc
 2404              		@ args = 0, pretend = 0, frame = 0
 2405              		@ frame_needed = 0, uses_anonymous_args = 0
2109:platform/HAL/src/stm32g4xx_hal_fdcan.c ****   uint32_t PutIndex;
 2406              		.loc 1 2109 1 is_stmt 0 view .LVU791
 2407 0000 38B5     		push	{r3, r4, r5, lr}
 2408              	.LCFI13:
 2409              		.cfi_def_cfa_offset 16
 2410              		.cfi_offset 3, -16
 2411              		.cfi_offset 4, -12
 2412              		.cfi_offset 5, -8
 2413              		.cfi_offset 14, -4
 2414 0002 0446     		mov	r4, r0
2110:platform/HAL/src/stm32g4xx_hal_fdcan.c **** 
 2415              		.loc 1 2110 3 is_stmt 1 view .LVU792
2113:platform/HAL/src/stm32g4xx_hal_fdcan.c ****   if (pTxHeader->IdType == FDCAN_STANDARD_ID)
 2416              		.loc 1 2113 3 view .LVU793
2114:platform/HAL/src/stm32g4xx_hal_fdcan.c ****   {
 2417              		.loc 1 2114 3 view .LVU794
2116:platform/HAL/src/stm32g4xx_hal_fdcan.c ****   }
 2418              		.loc 1 2116 5 view .LVU795
2120:platform/HAL/src/stm32g4xx_hal_fdcan.c ****   }
 2419              		.loc 1 2120 5 view .LVU796
2122:platform/HAL/src/stm32g4xx_hal_fdcan.c ****   assert_param(IS_FDCAN_DLC(pTxHeader->DataLength));
 2420              		.loc 1 2122 3 view .LVU797
2123:platform/HAL/src/stm32g4xx_hal_fdcan.c ****   assert_param(IS_FDCAN_ESI(pTxHeader->ErrorStateIndicator));
ARM GAS  /tmp/cc2SU6oB.s 			page 117


 2421              		.loc 1 2123 3 view .LVU798
2124:platform/HAL/src/stm32g4xx_hal_fdcan.c ****   assert_param(IS_FDCAN_BRS(pTxHeader->BitRateSwitch));
 2422              		.loc 1 2124 3 view .LVU799
2125:platform/HAL/src/stm32g4xx_hal_fdcan.c ****   assert_param(IS_FDCAN_FDF(pTxHeader->FDFormat));
 2423              		.loc 1 2125 3 view .LVU800
2126:platform/HAL/src/stm32g4xx_hal_fdcan.c ****   assert_param(IS_FDCAN_EFC(pTxHeader->TxEventFifoControl));
 2424              		.loc 1 2126 3 view .LVU801
2127:platform/HAL/src/stm32g4xx_hal_fdcan.c ****   assert_param(IS_FDCAN_MAX_VALUE(pTxHeader->MessageMarker, 0xFFU));
 2425              		.loc 1 2127 3 view .LVU802
2128:platform/HAL/src/stm32g4xx_hal_fdcan.c **** 
 2426              		.loc 1 2128 3 view .LVU803
2130:platform/HAL/src/stm32g4xx_hal_fdcan.c ****   {
 2427              		.loc 1 2130 3 view .LVU804
2130:platform/HAL/src/stm32g4xx_hal_fdcan.c ****   {
 2428              		.loc 1 2130 13 is_stmt 0 view .LVU805
 2429 0004 90F85C30 		ldrb	r3, [r0, #92]	@ zero_extendqisi2
2130:platform/HAL/src/stm32g4xx_hal_fdcan.c ****   {
 2430              		.loc 1 2130 6 view .LVU806
 2431 0008 022B     		cmp	r3, #2
 2432 000a 1BD1     		bne	.L186
2133:platform/HAL/src/stm32g4xx_hal_fdcan.c ****     {
 2433              		.loc 1 2133 5 is_stmt 1 view .LVU807
2133:platform/HAL/src/stm32g4xx_hal_fdcan.c ****     {
 2434              		.loc 1 2133 16 is_stmt 0 view .LVU808
 2435 000c 0368     		ldr	r3, [r0]
2133:platform/HAL/src/stm32g4xx_hal_fdcan.c ****     {
 2436              		.loc 1 2133 26 view .LVU809
 2437 000e D3F8C400 		ldr	r0, [r3, #196]
 2438              	.LVL179:
2133:platform/HAL/src/stm32g4xx_hal_fdcan.c ****     {
 2439              		.loc 1 2133 8 view .LVU810
 2440 0012 10F4001F 		tst	r0, #2097152
 2441 0016 05D0     		beq	.L187
2136:platform/HAL/src/stm32g4xx_hal_fdcan.c **** 
 2442              		.loc 1 2136 7 is_stmt 1 view .LVU811
2136:platform/HAL/src/stm32g4xx_hal_fdcan.c **** 
 2443              		.loc 1 2136 13 is_stmt 0 view .LVU812
 2444 0018 236E     		ldr	r3, [r4, #96]
2136:platform/HAL/src/stm32g4xx_hal_fdcan.c **** 
 2445              		.loc 1 2136 25 view .LVU813
 2446 001a 43F40073 		orr	r3, r3, #512
 2447 001e 2366     		str	r3, [r4, #96]
2138:platform/HAL/src/stm32g4xx_hal_fdcan.c ****     }
 2448              		.loc 1 2138 7 is_stmt 1 view .LVU814
2138:platform/HAL/src/stm32g4xx_hal_fdcan.c ****     }
 2449              		.loc 1 2138 14 is_stmt 0 view .LVU815
 2450 0020 0120     		movs	r0, #1
 2451 0022 14E0     		b	.L188
 2452              	.L187:
2143:platform/HAL/src/stm32g4xx_hal_fdcan.c **** 
 2453              		.loc 1 2143 7 is_stmt 1 view .LVU816
2143:platform/HAL/src/stm32g4xx_hal_fdcan.c **** 
 2454              		.loc 1 2143 36 is_stmt 0 view .LVU817
 2455 0024 D3F8C450 		ldr	r5, [r3, #196]
2143:platform/HAL/src/stm32g4xx_hal_fdcan.c **** 
 2456              		.loc 1 2143 16 view .LVU818
 2457 0028 C5F30145 		ubfx	r5, r5, #16, #2
ARM GAS  /tmp/cc2SU6oB.s 			page 118


 2458              	.LVL180:
2146:platform/HAL/src/stm32g4xx_hal_fdcan.c **** 
 2459              		.loc 1 2146 7 is_stmt 1 view .LVU819
 2460 002c 2B46     		mov	r3, r5
 2461 002e 2046     		mov	r0, r4
 2462 0030 FFF7FEFF 		bl	FDCAN_CopyMessageToRAM
 2463              	.LVL181:
2149:platform/HAL/src/stm32g4xx_hal_fdcan.c **** 
 2464              		.loc 1 2149 7 view .LVU820
2149:platform/HAL/src/stm32g4xx_hal_fdcan.c **** 
 2465              		.loc 1 2149 13 is_stmt 0 view .LVU821
 2466 0034 2268     		ldr	r2, [r4]
2149:platform/HAL/src/stm32g4xx_hal_fdcan.c **** 
 2467              		.loc 1 2149 46 view .LVU822
 2468 0036 0123     		movs	r3, #1
 2469 0038 AB40     		lsls	r3, r3, r5
2149:platform/HAL/src/stm32g4xx_hal_fdcan.c **** 
 2470              		.loc 1 2149 31 view .LVU823
 2471 003a C2F8CC30 		str	r3, [r2, #204]
2152:platform/HAL/src/stm32g4xx_hal_fdcan.c ****     }
 2472              		.loc 1 2152 7 is_stmt 1 view .LVU824
2152:platform/HAL/src/stm32g4xx_hal_fdcan.c ****     }
 2473              		.loc 1 2152 36 is_stmt 0 view .LVU825
 2474 003e A365     		str	r3, [r4, #88]
2156:platform/HAL/src/stm32g4xx_hal_fdcan.c ****   }
 2475              		.loc 1 2156 5 is_stmt 1 view .LVU826
2156:platform/HAL/src/stm32g4xx_hal_fdcan.c ****   }
 2476              		.loc 1 2156 12 is_stmt 0 view .LVU827
 2477 0040 0020     		movs	r0, #0
 2478 0042 04E0     		b	.L188
 2479              	.LVL182:
 2480              	.L186:
2161:platform/HAL/src/stm32g4xx_hal_fdcan.c **** 
 2481              		.loc 1 2161 5 is_stmt 1 view .LVU828
2161:platform/HAL/src/stm32g4xx_hal_fdcan.c **** 
 2482              		.loc 1 2161 11 is_stmt 0 view .LVU829
 2483 0044 036E     		ldr	r3, [r0, #96]
2161:platform/HAL/src/stm32g4xx_hal_fdcan.c **** 
 2484              		.loc 1 2161 23 view .LVU830
 2485 0046 43F00803 		orr	r3, r3, #8
 2486 004a 0366     		str	r3, [r0, #96]
2163:platform/HAL/src/stm32g4xx_hal_fdcan.c ****   }
 2487              		.loc 1 2163 5 is_stmt 1 view .LVU831
2163:platform/HAL/src/stm32g4xx_hal_fdcan.c ****   }
 2488              		.loc 1 2163 12 is_stmt 0 view .LVU832
 2489 004c 0120     		movs	r0, #1
 2490              	.LVL183:
 2491              	.L188:
2165:platform/HAL/src/stm32g4xx_hal_fdcan.c **** 
 2492              		.loc 1 2165 1 view .LVU833
 2493 004e 38BD     		pop	{r3, r4, r5, pc}
2165:platform/HAL/src/stm32g4xx_hal_fdcan.c **** 
 2494              		.loc 1 2165 1 view .LVU834
 2495              		.cfi_endproc
 2496              	.LFE359:
 2498              		.section	.text.HAL_FDCAN_GetLatestTxFifoQRequestBuffer,"ax",%progbits
 2499              		.align	1
ARM GAS  /tmp/cc2SU6oB.s 			page 119


 2500              		.global	HAL_FDCAN_GetLatestTxFifoQRequestBuffer
 2501              		.syntax unified
 2502              		.thumb
 2503              		.thumb_func
 2505              	HAL_FDCAN_GetLatestTxFifoQRequestBuffer:
 2506              	.LVL184:
 2507              	.LFB360:
2176:platform/HAL/src/stm32g4xx_hal_fdcan.c ****   /* Return Last Tx FIFO/Queue Request Buffer */
 2508              		.loc 1 2176 1 is_stmt 1 view -0
 2509              		.cfi_startproc
 2510              		@ args = 0, pretend = 0, frame = 0
 2511              		@ frame_needed = 0, uses_anonymous_args = 0
 2512              		@ link register save eliminated.
2178:platform/HAL/src/stm32g4xx_hal_fdcan.c **** }
 2513              		.loc 1 2178 3 view .LVU836
2179:platform/HAL/src/stm32g4xx_hal_fdcan.c **** 
 2514              		.loc 1 2179 1 is_stmt 0 view .LVU837
 2515 0000 806D     		ldr	r0, [r0, #88]
 2516              	.LVL185:
2179:platform/HAL/src/stm32g4xx_hal_fdcan.c **** 
 2517              		.loc 1 2179 1 view .LVU838
 2518 0002 7047     		bx	lr
 2519              		.cfi_endproc
 2520              	.LFE360:
 2522              		.section	.text.HAL_FDCAN_AbortTxRequest,"ax",%progbits
 2523              		.align	1
 2524              		.global	HAL_FDCAN_AbortTxRequest
 2525              		.syntax unified
 2526              		.thumb
 2527              		.thumb_func
 2529              	HAL_FDCAN_AbortTxRequest:
 2530              	.LVL186:
 2531              	.LFB361:
2190:platform/HAL/src/stm32g4xx_hal_fdcan.c ****   /* Check function parameters */
 2532              		.loc 1 2190 1 is_stmt 1 view -0
 2533              		.cfi_startproc
 2534              		@ args = 0, pretend = 0, frame = 0
 2535              		@ frame_needed = 0, uses_anonymous_args = 0
 2536              		@ link register save eliminated.
2192:platform/HAL/src/stm32g4xx_hal_fdcan.c **** 
 2537              		.loc 1 2192 3 view .LVU840
2194:platform/HAL/src/stm32g4xx_hal_fdcan.c ****   {
 2538              		.loc 1 2194 3 view .LVU841
2194:platform/HAL/src/stm32g4xx_hal_fdcan.c ****   {
 2539              		.loc 1 2194 13 is_stmt 0 view .LVU842
 2540 0000 90F85C30 		ldrb	r3, [r0, #92]	@ zero_extendqisi2
2194:platform/HAL/src/stm32g4xx_hal_fdcan.c ****   {
 2541              		.loc 1 2194 6 view .LVU843
 2542 0004 022B     		cmp	r3, #2
 2543 0006 05D0     		beq	.L194
2205:platform/HAL/src/stm32g4xx_hal_fdcan.c **** 
 2544              		.loc 1 2205 5 is_stmt 1 view .LVU844
2205:platform/HAL/src/stm32g4xx_hal_fdcan.c **** 
 2545              		.loc 1 2205 11 is_stmt 0 view .LVU845
 2546 0008 036E     		ldr	r3, [r0, #96]
2205:platform/HAL/src/stm32g4xx_hal_fdcan.c **** 
 2547              		.loc 1 2205 23 view .LVU846
ARM GAS  /tmp/cc2SU6oB.s 			page 120


 2548 000a 43F00803 		orr	r3, r3, #8
 2549 000e 0366     		str	r3, [r0, #96]
2207:platform/HAL/src/stm32g4xx_hal_fdcan.c ****   }
 2550              		.loc 1 2207 5 is_stmt 1 view .LVU847
2207:platform/HAL/src/stm32g4xx_hal_fdcan.c ****   }
 2551              		.loc 1 2207 12 is_stmt 0 view .LVU848
 2552 0010 0120     		movs	r0, #1
 2553              	.LVL187:
2209:platform/HAL/src/stm32g4xx_hal_fdcan.c **** 
 2554              		.loc 1 2209 1 view .LVU849
 2555 0012 7047     		bx	lr
 2556              	.LVL188:
 2557              	.L194:
2197:platform/HAL/src/stm32g4xx_hal_fdcan.c **** 
 2558              		.loc 1 2197 5 is_stmt 1 view .LVU850
2197:platform/HAL/src/stm32g4xx_hal_fdcan.c **** 
 2559              		.loc 1 2197 11 is_stmt 0 view .LVU851
 2560 0014 0368     		ldr	r3, [r0]
2197:platform/HAL/src/stm32g4xx_hal_fdcan.c **** 
 2561              		.loc 1 2197 29 view .LVU852
 2562 0016 C3F8D010 		str	r1, [r3, #208]
2200:platform/HAL/src/stm32g4xx_hal_fdcan.c ****   }
 2563              		.loc 1 2200 5 is_stmt 1 view .LVU853
2200:platform/HAL/src/stm32g4xx_hal_fdcan.c ****   }
 2564              		.loc 1 2200 12 is_stmt 0 view .LVU854
 2565 001a 0020     		movs	r0, #0
 2566              	.LVL189:
2200:platform/HAL/src/stm32g4xx_hal_fdcan.c ****   }
 2567              		.loc 1 2200 12 view .LVU855
 2568 001c 7047     		bx	lr
 2569              		.cfi_endproc
 2570              	.LFE361:
 2572              		.section	.text.HAL_FDCAN_GetRxMessage,"ax",%progbits
 2573              		.align	1
 2574              		.global	HAL_FDCAN_GetRxMessage
 2575              		.syntax unified
 2576              		.thumb
 2577              		.thumb_func
 2579              	HAL_FDCAN_GetRxMessage:
 2580              	.LVL190:
 2581              	.LFB362:
2223:platform/HAL/src/stm32g4xx_hal_fdcan.c ****   uint32_t *RxAddress;
 2582              		.loc 1 2223 1 is_stmt 1 view -0
 2583              		.cfi_startproc
 2584              		@ args = 0, pretend = 0, frame = 0
 2585              		@ frame_needed = 0, uses_anonymous_args = 0
2223:platform/HAL/src/stm32g4xx_hal_fdcan.c ****   uint32_t *RxAddress;
 2586              		.loc 1 2223 1 is_stmt 0 view .LVU857
 2587 0000 70B5     		push	{r4, r5, r6, lr}
 2588              	.LCFI14:
 2589              		.cfi_def_cfa_offset 16
 2590              		.cfi_offset 4, -16
 2591              		.cfi_offset 5, -12
 2592              		.cfi_offset 6, -8
 2593              		.cfi_offset 14, -4
2224:platform/HAL/src/stm32g4xx_hal_fdcan.c ****   uint8_t  *pData;
 2594              		.loc 1 2224 3 is_stmt 1 view .LVU858
ARM GAS  /tmp/cc2SU6oB.s 			page 121


2225:platform/HAL/src/stm32g4xx_hal_fdcan.c ****   uint32_t ByteCounter;
 2595              		.loc 1 2225 3 view .LVU859
2226:platform/HAL/src/stm32g4xx_hal_fdcan.c ****   uint32_t GetIndex = 0;
 2596              		.loc 1 2226 3 view .LVU860
2227:platform/HAL/src/stm32g4xx_hal_fdcan.c ****   HAL_FDCAN_StateTypeDef state = hfdcan->State;
 2597              		.loc 1 2227 3 view .LVU861
 2598              	.LVL191:
2228:platform/HAL/src/stm32g4xx_hal_fdcan.c **** 
 2599              		.loc 1 2228 3 view .LVU862
2228:platform/HAL/src/stm32g4xx_hal_fdcan.c **** 
 2600              		.loc 1 2228 26 is_stmt 0 view .LVU863
 2601 0002 90F85C40 		ldrb	r4, [r0, #92]	@ zero_extendqisi2
 2602              	.LVL192:
2231:platform/HAL/src/stm32g4xx_hal_fdcan.c **** 
 2603              		.loc 1 2231 3 is_stmt 1 view .LVU864
2233:platform/HAL/src/stm32g4xx_hal_fdcan.c ****   {
 2604              		.loc 1 2233 3 view .LVU865
2233:platform/HAL/src/stm32g4xx_hal_fdcan.c ****   {
 2605              		.loc 1 2233 6 is_stmt 0 view .LVU866
 2606 0006 022C     		cmp	r4, #2
 2607 0008 40F09580 		bne	.L196
2235:platform/HAL/src/stm32g4xx_hal_fdcan.c ****     {
 2608              		.loc 1 2235 5 is_stmt 1 view .LVU867
2235:platform/HAL/src/stm32g4xx_hal_fdcan.c ****     {
 2609              		.loc 1 2235 8 is_stmt 0 view .LVU868
 2610 000c 4029     		cmp	r1, #64
 2611 000e 0BD0     		beq	.L213
2267:platform/HAL/src/stm32g4xx_hal_fdcan.c ****       {
 2612              		.loc 1 2267 7 is_stmt 1 view .LVU869
2267:platform/HAL/src/stm32g4xx_hal_fdcan.c ****       {
 2613              		.loc 1 2267 18 is_stmt 0 view .LVU870
 2614 0010 0468     		ldr	r4, [r0]
 2615              	.LVL193:
2267:platform/HAL/src/stm32g4xx_hal_fdcan.c ****       {
 2616              		.loc 1 2267 28 view .LVU871
 2617 0012 D4F89850 		ldr	r5, [r4, #152]
2267:platform/HAL/src/stm32g4xx_hal_fdcan.c ****       {
 2618              		.loc 1 2267 10 view .LVU872
 2619 0016 15F00F0F 		tst	r5, #15
 2620 001a 27D1     		bne	.L202
2270:platform/HAL/src/stm32g4xx_hal_fdcan.c **** 
 2621              		.loc 1 2270 9 is_stmt 1 view .LVU873
2270:platform/HAL/src/stm32g4xx_hal_fdcan.c **** 
 2622              		.loc 1 2270 15 is_stmt 0 view .LVU874
 2623 001c 036E     		ldr	r3, [r0, #96]
 2624              	.LVL194:
2270:platform/HAL/src/stm32g4xx_hal_fdcan.c **** 
 2625              		.loc 1 2270 27 view .LVU875
 2626 001e 43F48073 		orr	r3, r3, #256
 2627 0022 0366     		str	r3, [r0, #96]
2272:platform/HAL/src/stm32g4xx_hal_fdcan.c ****       }
 2628              		.loc 1 2272 9 is_stmt 1 view .LVU876
2272:platform/HAL/src/stm32g4xx_hal_fdcan.c ****       }
 2629              		.loc 1 2272 16 is_stmt 0 view .LVU877
 2630 0024 0120     		movs	r0, #1
 2631              	.LVL195:
2272:platform/HAL/src/stm32g4xx_hal_fdcan.c ****       }
ARM GAS  /tmp/cc2SU6oB.s 			page 122


 2632              		.loc 1 2272 16 view .LVU878
 2633 0026 8BE0     		b	.L199
 2634              	.LVL196:
 2635              	.L213:
2238:platform/HAL/src/stm32g4xx_hal_fdcan.c ****       {
 2636              		.loc 1 2238 7 is_stmt 1 view .LVU879
2238:platform/HAL/src/stm32g4xx_hal_fdcan.c ****       {
 2637              		.loc 1 2238 18 is_stmt 0 view .LVU880
 2638 0028 0468     		ldr	r4, [r0]
 2639              	.LVL197:
2238:platform/HAL/src/stm32g4xx_hal_fdcan.c ****       {
 2640              		.loc 1 2238 28 view .LVU881
 2641 002a D4F89050 		ldr	r5, [r4, #144]
2238:platform/HAL/src/stm32g4xx_hal_fdcan.c ****       {
 2642              		.loc 1 2238 10 view .LVU882
 2643 002e 15F00F0F 		tst	r5, #15
 2644 0032 05D1     		bne	.L198
2241:platform/HAL/src/stm32g4xx_hal_fdcan.c **** 
 2645              		.loc 1 2241 9 is_stmt 1 view .LVU883
2241:platform/HAL/src/stm32g4xx_hal_fdcan.c **** 
 2646              		.loc 1 2241 15 is_stmt 0 view .LVU884
 2647 0034 036E     		ldr	r3, [r0, #96]
 2648              	.LVL198:
2241:platform/HAL/src/stm32g4xx_hal_fdcan.c **** 
 2649              		.loc 1 2241 27 view .LVU885
 2650 0036 43F48073 		orr	r3, r3, #256
 2651 003a 0366     		str	r3, [r0, #96]
2243:platform/HAL/src/stm32g4xx_hal_fdcan.c ****       }
 2652              		.loc 1 2243 9 is_stmt 1 view .LVU886
2243:platform/HAL/src/stm32g4xx_hal_fdcan.c ****       }
 2653              		.loc 1 2243 16 is_stmt 0 view .LVU887
 2654 003c 0120     		movs	r0, #1
 2655              	.LVL199:
2243:platform/HAL/src/stm32g4xx_hal_fdcan.c ****       }
 2656              		.loc 1 2243 16 view .LVU888
 2657 003e 7FE0     		b	.L199
 2658              	.LVL200:
 2659              	.L198:
2248:platform/HAL/src/stm32g4xx_hal_fdcan.c ****         {
 2660              		.loc 1 2248 9 is_stmt 1 view .LVU889
2248:platform/HAL/src/stm32g4xx_hal_fdcan.c ****         {
 2661              		.loc 1 2248 31 is_stmt 0 view .LVU890
 2662 0040 D4F89060 		ldr	r6, [r4, #144]
2248:platform/HAL/src/stm32g4xx_hal_fdcan.c ****         {
 2663              		.loc 1 2248 12 view .LVU891
 2664 0044 16F08076 		ands	r6, r6, #16777216
 2665 0048 05D0     		beq	.L200
2250:platform/HAL/src/stm32g4xx_hal_fdcan.c ****           {
 2666              		.loc 1 2250 11 is_stmt 1 view .LVU892
2250:platform/HAL/src/stm32g4xx_hal_fdcan.c ****           {
 2667              		.loc 1 2250 33 is_stmt 0 view .LVU893
 2668 004a D4F88060 		ldr	r6, [r4, #128]
2250:platform/HAL/src/stm32g4xx_hal_fdcan.c ****           {
 2669              		.loc 1 2250 14 view .LVU894
 2670 004e 16F40076 		ands	r6, r6, #512
 2671 0052 00D0     		beq	.L200
2253:platform/HAL/src/stm32g4xx_hal_fdcan.c ****           }
ARM GAS  /tmp/cc2SU6oB.s 			page 123


 2672              		.loc 1 2253 22 view .LVU895
 2673 0054 0126     		movs	r6, #1
 2674              	.L200:
 2675              	.LVL201:
2258:platform/HAL/src/stm32g4xx_hal_fdcan.c **** 
 2676              		.loc 1 2258 9 is_stmt 1 view .LVU896
2258:platform/HAL/src/stm32g4xx_hal_fdcan.c **** 
 2677              		.loc 1 2258 39 is_stmt 0 view .LVU897
 2678 0056 D4F89040 		ldr	r4, [r4, #144]
2258:platform/HAL/src/stm32g4xx_hal_fdcan.c **** 
 2679              		.loc 1 2258 67 view .LVU898
 2680 005a C4F30124 		ubfx	r4, r4, #8, #2
2258:platform/HAL/src/stm32g4xx_hal_fdcan.c **** 
 2681              		.loc 1 2258 18 view .LVU899
 2682 005e 2644     		add	r6, r6, r4
 2683              	.LVL202:
2261:platform/HAL/src/stm32g4xx_hal_fdcan.c ****       }
 2684              		.loc 1 2261 9 is_stmt 1 view .LVU900
2261:platform/HAL/src/stm32g4xx_hal_fdcan.c ****       }
 2685              		.loc 1 2261 48 is_stmt 0 view .LVU901
 2686 0060 846C     		ldr	r4, [r0, #72]
2261:platform/HAL/src/stm32g4xx_hal_fdcan.c ****       }
 2687              		.loc 1 2261 71 view .LVU902
 2688 0062 06EBC605 		add	r5, r6, r6, lsl #3
2261:platform/HAL/src/stm32g4xx_hal_fdcan.c ****       }
 2689              		.loc 1 2261 59 view .LVU903
 2690 0066 04EBC50E 		add	lr, r4, r5, lsl #3
 2691              	.LVL203:
2261:platform/HAL/src/stm32g4xx_hal_fdcan.c ****       }
 2692              		.loc 1 2261 59 view .LVU904
 2693 006a 14E0     		b	.L201
 2694              	.LVL204:
 2695              	.L202:
2277:platform/HAL/src/stm32g4xx_hal_fdcan.c ****         {
 2696              		.loc 1 2277 9 is_stmt 1 view .LVU905
2277:platform/HAL/src/stm32g4xx_hal_fdcan.c ****         {
 2697              		.loc 1 2277 31 is_stmt 0 view .LVU906
 2698 006c D4F89860 		ldr	r6, [r4, #152]
2277:platform/HAL/src/stm32g4xx_hal_fdcan.c ****         {
 2699              		.loc 1 2277 12 view .LVU907
 2700 0070 16F08076 		ands	r6, r6, #16777216
 2701 0074 05D0     		beq	.L203
2279:platform/HAL/src/stm32g4xx_hal_fdcan.c ****           {
 2702              		.loc 1 2279 11 is_stmt 1 view .LVU908
2279:platform/HAL/src/stm32g4xx_hal_fdcan.c ****           {
 2703              		.loc 1 2279 33 is_stmt 0 view .LVU909
 2704 0076 D4F88060 		ldr	r6, [r4, #128]
2279:platform/HAL/src/stm32g4xx_hal_fdcan.c ****           {
 2705              		.loc 1 2279 14 view .LVU910
 2706 007a 16F48076 		ands	r6, r6, #256
 2707 007e 00D0     		beq	.L203
2282:platform/HAL/src/stm32g4xx_hal_fdcan.c ****           }
 2708              		.loc 1 2282 22 view .LVU911
 2709 0080 0126     		movs	r6, #1
 2710              	.L203:
 2711              	.LVL205:
2287:platform/HAL/src/stm32g4xx_hal_fdcan.c ****         /* Calculate Rx FIFO 1 element address */
ARM GAS  /tmp/cc2SU6oB.s 			page 124


 2712              		.loc 1 2287 9 is_stmt 1 view .LVU912
2287:platform/HAL/src/stm32g4xx_hal_fdcan.c ****         /* Calculate Rx FIFO 1 element address */
 2713              		.loc 1 2287 39 is_stmt 0 view .LVU913
 2714 0082 D4F89840 		ldr	r4, [r4, #152]
2287:platform/HAL/src/stm32g4xx_hal_fdcan.c ****         /* Calculate Rx FIFO 1 element address */
 2715              		.loc 1 2287 67 view .LVU914
 2716 0086 C4F30124 		ubfx	r4, r4, #8, #2
2287:platform/HAL/src/stm32g4xx_hal_fdcan.c ****         /* Calculate Rx FIFO 1 element address */
 2717              		.loc 1 2287 18 view .LVU915
 2718 008a 2644     		add	r6, r6, r4
 2719              	.LVL206:
2289:platform/HAL/src/stm32g4xx_hal_fdcan.c ****       }
 2720              		.loc 1 2289 9 is_stmt 1 view .LVU916
2289:platform/HAL/src/stm32g4xx_hal_fdcan.c ****       }
 2721              		.loc 1 2289 48 is_stmt 0 view .LVU917
 2722 008c C46C     		ldr	r4, [r0, #76]
2289:platform/HAL/src/stm32g4xx_hal_fdcan.c ****       }
 2723              		.loc 1 2289 71 view .LVU918
 2724 008e 06EBC605 		add	r5, r6, r6, lsl #3
2289:platform/HAL/src/stm32g4xx_hal_fdcan.c ****       }
 2725              		.loc 1 2289 59 view .LVU919
 2726 0092 04EBC50E 		add	lr, r4, r5, lsl #3
 2727              	.L201:
 2728              	.LVL207:
2294:platform/HAL/src/stm32g4xx_hal_fdcan.c **** 
 2729              		.loc 1 2294 5 is_stmt 1 view .LVU920
2294:platform/HAL/src/stm32g4xx_hal_fdcan.c **** 
 2730              		.loc 1 2294 25 is_stmt 0 view .LVU921
 2731 0096 DEF80040 		ldr	r4, [lr]
2294:platform/HAL/src/stm32g4xx_hal_fdcan.c **** 
 2732              		.loc 1 2294 36 view .LVU922
 2733 009a 04F08044 		and	r4, r4, #1073741824
2294:platform/HAL/src/stm32g4xx_hal_fdcan.c **** 
 2734              		.loc 1 2294 23 view .LVU923
 2735 009e 5460     		str	r4, [r2, #4]
2297:platform/HAL/src/stm32g4xx_hal_fdcan.c ****     {
 2736              		.loc 1 2297 5 is_stmt 1 view .LVU924
2297:platform/HAL/src/stm32g4xx_hal_fdcan.c ****     {
 2737              		.loc 1 2297 8 is_stmt 0 view .LVU925
 2738 00a0 64BB     		cbnz	r4, .L204
2299:platform/HAL/src/stm32g4xx_hal_fdcan.c ****     }
 2739              		.loc 1 2299 7 is_stmt 1 view .LVU926
2299:platform/HAL/src/stm32g4xx_hal_fdcan.c ****     }
 2740              		.loc 1 2299 33 is_stmt 0 view .LVU927
 2741 00a2 DEF80040 		ldr	r4, [lr]
2299:platform/HAL/src/stm32g4xx_hal_fdcan.c ****     }
 2742              		.loc 1 2299 72 view .LVU928
 2743 00a6 C4F38A44 		ubfx	r4, r4, #18, #11
2299:platform/HAL/src/stm32g4xx_hal_fdcan.c ****     }
 2744              		.loc 1 2299 29 view .LVU929
 2745 00aa 1460     		str	r4, [r2]
 2746              	.L205:
2307:platform/HAL/src/stm32g4xx_hal_fdcan.c **** 
 2747              		.loc 1 2307 5 is_stmt 1 view .LVU930
2307:platform/HAL/src/stm32g4xx_hal_fdcan.c **** 
 2748              		.loc 1 2307 31 is_stmt 0 view .LVU931
 2749 00ac DEF80040 		ldr	r4, [lr]
ARM GAS  /tmp/cc2SU6oB.s 			page 125


2307:platform/HAL/src/stm32g4xx_hal_fdcan.c **** 
 2750              		.loc 1 2307 42 view .LVU932
 2751 00b0 04F00054 		and	r4, r4, #536870912
2307:platform/HAL/src/stm32g4xx_hal_fdcan.c **** 
 2752              		.loc 1 2307 28 view .LVU933
 2753 00b4 9460     		str	r4, [r2, #8]
2310:platform/HAL/src/stm32g4xx_hal_fdcan.c **** 
 2754              		.loc 1 2310 5 is_stmt 1 view .LVU934
2310:platform/HAL/src/stm32g4xx_hal_fdcan.c **** 
 2755              		.loc 1 2310 39 is_stmt 0 view .LVU935
 2756 00b6 DEF80040 		ldr	r4, [lr]
2310:platform/HAL/src/stm32g4xx_hal_fdcan.c **** 
 2757              		.loc 1 2310 50 view .LVU936
 2758 00ba 04F00044 		and	r4, r4, #-2147483648
2310:platform/HAL/src/stm32g4xx_hal_fdcan.c **** 
 2759              		.loc 1 2310 36 view .LVU937
 2760 00be 1461     		str	r4, [r2, #16]
2313:platform/HAL/src/stm32g4xx_hal_fdcan.c **** 
 2761              		.loc 1 2313 5 is_stmt 1 view .LVU938
 2762              	.LVL208:
2316:platform/HAL/src/stm32g4xx_hal_fdcan.c **** 
 2763              		.loc 1 2316 5 view .LVU939
2316:platform/HAL/src/stm32g4xx_hal_fdcan.c **** 
 2764              		.loc 1 2316 42 is_stmt 0 view .LVU940
 2765 00c0 BEF80440 		ldrh	r4, [lr, #4]
2316:platform/HAL/src/stm32g4xx_hal_fdcan.c **** 
 2766              		.loc 1 2316 28 view .LVU941
 2767 00c4 D461     		str	r4, [r2, #28]
2319:platform/HAL/src/stm32g4xx_hal_fdcan.c **** 
 2768              		.loc 1 2319 5 is_stmt 1 view .LVU942
2319:platform/HAL/src/stm32g4xx_hal_fdcan.c **** 
 2769              		.loc 1 2319 68 is_stmt 0 view .LVU943
 2770 00c6 BEF80640 		ldrh	r4, [lr, #6]
 2771 00ca 04F00F04 		and	r4, r4, #15
2319:platform/HAL/src/stm32g4xx_hal_fdcan.c **** 
 2772              		.loc 1 2319 27 view .LVU944
 2773 00ce D460     		str	r4, [r2, #12]
2322:platform/HAL/src/stm32g4xx_hal_fdcan.c **** 
 2774              		.loc 1 2322 5 is_stmt 1 view .LVU945
2322:platform/HAL/src/stm32g4xx_hal_fdcan.c **** 
 2775              		.loc 1 2322 33 is_stmt 0 view .LVU946
 2776 00d0 DEF80440 		ldr	r4, [lr, #4]
2322:platform/HAL/src/stm32g4xx_hal_fdcan.c **** 
 2777              		.loc 1 2322 44 view .LVU947
 2778 00d4 04F48014 		and	r4, r4, #1048576
2322:platform/HAL/src/stm32g4xx_hal_fdcan.c **** 
 2779              		.loc 1 2322 30 view .LVU948
 2780 00d8 5461     		str	r4, [r2, #20]
2325:platform/HAL/src/stm32g4xx_hal_fdcan.c **** 
 2781              		.loc 1 2325 5 is_stmt 1 view .LVU949
2325:platform/HAL/src/stm32g4xx_hal_fdcan.c **** 
 2782              		.loc 1 2325 28 is_stmt 0 view .LVU950
 2783 00da DEF80440 		ldr	r4, [lr, #4]
2325:platform/HAL/src/stm32g4xx_hal_fdcan.c **** 
 2784              		.loc 1 2325 39 view .LVU951
 2785 00de 04F40014 		and	r4, r4, #2097152
2325:platform/HAL/src/stm32g4xx_hal_fdcan.c **** 
ARM GAS  /tmp/cc2SU6oB.s 			page 126


 2786              		.loc 1 2325 25 view .LVU952
 2787 00e2 9461     		str	r4, [r2, #24]
2328:platform/HAL/src/stm32g4xx_hal_fdcan.c **** 
 2788              		.loc 1 2328 5 is_stmt 1 view .LVU953
2328:platform/HAL/src/stm32g4xx_hal_fdcan.c **** 
 2789              		.loc 1 2328 70 is_stmt 0 view .LVU954
 2790 00e4 9EF80740 		ldrb	r4, [lr, #7]	@ zero_extendqisi2
 2791 00e8 04F07F04 		and	r4, r4, #127
2328:platform/HAL/src/stm32g4xx_hal_fdcan.c **** 
 2792              		.loc 1 2328 28 view .LVU955
 2793 00ec 1462     		str	r4, [r2, #32]
2331:platform/HAL/src/stm32g4xx_hal_fdcan.c **** 
 2794              		.loc 1 2331 5 is_stmt 1 view .LVU956
2331:platform/HAL/src/stm32g4xx_hal_fdcan.c **** 
 2795              		.loc 1 2331 42 is_stmt 0 view .LVU957
 2796 00ee DEF80440 		ldr	r4, [lr, #4]
2331:platform/HAL/src/stm32g4xx_hal_fdcan.c **** 
 2797              		.loc 1 2331 80 view .LVU958
 2798 00f2 E40F     		lsrs	r4, r4, #31
2331:platform/HAL/src/stm32g4xx_hal_fdcan.c **** 
 2799              		.loc 1 2331 38 view .LVU959
 2800 00f4 5462     		str	r4, [r2, #36]
2334:platform/HAL/src/stm32g4xx_hal_fdcan.c **** 
 2801              		.loc 1 2334 5 is_stmt 1 view .LVU960
 2802              	.LVL209:
2337:platform/HAL/src/stm32g4xx_hal_fdcan.c ****     for (ByteCounter = 0; ByteCounter < DLCtoBytes[pRxHeader->DataLength]; ByteCounter++)
 2803              		.loc 1 2337 5 view .LVU961
2338:platform/HAL/src/stm32g4xx_hal_fdcan.c ****     {
 2804              		.loc 1 2338 5 view .LVU962
2338:platform/HAL/src/stm32g4xx_hal_fdcan.c ****     {
 2805              		.loc 1 2338 22 is_stmt 0 view .LVU963
 2806 00f6 4FF0000C 		mov	ip, #0
2338:platform/HAL/src/stm32g4xx_hal_fdcan.c ****     {
 2807              		.loc 1 2338 5 view .LVU964
 2808 00fa 0CE0     		b	.L206
 2809              	.LVL210:
 2810              	.L204:
2303:platform/HAL/src/stm32g4xx_hal_fdcan.c ****     }
 2811              		.loc 1 2303 7 is_stmt 1 view .LVU965
2303:platform/HAL/src/stm32g4xx_hal_fdcan.c ****     }
 2812              		.loc 1 2303 32 is_stmt 0 view .LVU966
 2813 00fc DEF80040 		ldr	r4, [lr]
2303:platform/HAL/src/stm32g4xx_hal_fdcan.c ****     }
 2814              		.loc 1 2303 43 view .LVU967
 2815 0100 24F06044 		bic	r4, r4, #-536870912
2303:platform/HAL/src/stm32g4xx_hal_fdcan.c ****     }
 2816              		.loc 1 2303 29 view .LVU968
 2817 0104 1460     		str	r4, [r2]
 2818 0106 D1E7     		b	.L205
 2819              	.LVL211:
 2820              	.L207:
2340:platform/HAL/src/stm32g4xx_hal_fdcan.c ****     }
 2821              		.loc 1 2340 7 is_stmt 1 view .LVU969
2340:platform/HAL/src/stm32g4xx_hal_fdcan.c ****     }
 2822              		.loc 1 2340 35 is_stmt 0 view .LVU970
 2823 0108 0EEB0C04 		add	r4, lr, ip
 2824 010c 247A     		ldrb	r4, [r4, #8]	@ zero_extendqisi2
ARM GAS  /tmp/cc2SU6oB.s 			page 127


2340:platform/HAL/src/stm32g4xx_hal_fdcan.c ****     }
 2825              		.loc 1 2340 28 view .LVU971
 2826 010e 03F80C40 		strb	r4, [r3, ip]
2338:platform/HAL/src/stm32g4xx_hal_fdcan.c ****     {
 2827              		.loc 1 2338 87 is_stmt 1 discriminator 3 view .LVU972
 2828 0112 0CF1010C 		add	ip, ip, #1
 2829              	.LVL212:
 2830              	.L206:
2338:platform/HAL/src/stm32g4xx_hal_fdcan.c ****     {
 2831              		.loc 1 2338 39 discriminator 1 view .LVU973
2338:platform/HAL/src/stm32g4xx_hal_fdcan.c ****     {
 2832              		.loc 1 2338 61 is_stmt 0 discriminator 1 view .LVU974
 2833 0116 D468     		ldr	r4, [r2, #12]
2338:platform/HAL/src/stm32g4xx_hal_fdcan.c ****     {
 2834              		.loc 1 2338 51 discriminator 1 view .LVU975
 2835 0118 0A4D     		ldr	r5, .L215
 2836 011a 2C5D     		ldrb	r4, [r5, r4]	@ zero_extendqisi2
2338:platform/HAL/src/stm32g4xx_hal_fdcan.c ****     {
 2837              		.loc 1 2338 39 discriminator 1 view .LVU976
 2838 011c 6445     		cmp	r4, ip
 2839 011e F3D8     		bhi	.L207
2343:platform/HAL/src/stm32g4xx_hal_fdcan.c ****     {
 2840              		.loc 1 2343 5 is_stmt 1 view .LVU977
2343:platform/HAL/src/stm32g4xx_hal_fdcan.c ****     {
 2841              		.loc 1 2343 8 is_stmt 0 view .LVU978
 2842 0120 4029     		cmp	r1, #64
 2843 0122 04D0     		beq	.L214
2351:platform/HAL/src/stm32g4xx_hal_fdcan.c ****     }
 2844              		.loc 1 2351 7 is_stmt 1 view .LVU979
2351:platform/HAL/src/stm32g4xx_hal_fdcan.c ****     }
 2845              		.loc 1 2351 13 is_stmt 0 view .LVU980
 2846 0124 0368     		ldr	r3, [r0]
 2847              	.LVL213:
2351:platform/HAL/src/stm32g4xx_hal_fdcan.c ****     }
 2848              		.loc 1 2351 31 view .LVU981
 2849 0126 C3F89C60 		str	r6, [r3, #156]
 2850              	.L209:
2355:platform/HAL/src/stm32g4xx_hal_fdcan.c ****   }
 2851              		.loc 1 2355 5 is_stmt 1 view .LVU982
2355:platform/HAL/src/stm32g4xx_hal_fdcan.c ****   }
 2852              		.loc 1 2355 12 is_stmt 0 view .LVU983
 2853 012a 0020     		movs	r0, #0
 2854              	.LVL214:
2355:platform/HAL/src/stm32g4xx_hal_fdcan.c ****   }
 2855              		.loc 1 2355 12 view .LVU984
 2856 012c 08E0     		b	.L199
 2857              	.LVL215:
 2858              	.L214:
2346:platform/HAL/src/stm32g4xx_hal_fdcan.c ****     }
 2859              		.loc 1 2346 7 is_stmt 1 view .LVU985
2346:platform/HAL/src/stm32g4xx_hal_fdcan.c ****     }
 2860              		.loc 1 2346 13 is_stmt 0 view .LVU986
 2861 012e 0368     		ldr	r3, [r0]
 2862              	.LVL216:
2346:platform/HAL/src/stm32g4xx_hal_fdcan.c ****     }
 2863              		.loc 1 2346 31 view .LVU987
 2864 0130 C3F89460 		str	r6, [r3, #148]
ARM GAS  /tmp/cc2SU6oB.s 			page 128


 2865 0134 F9E7     		b	.L209
 2866              	.LVL217:
 2867              	.L196:
2360:platform/HAL/src/stm32g4xx_hal_fdcan.c **** 
 2868              		.loc 1 2360 5 is_stmt 1 view .LVU988
2360:platform/HAL/src/stm32g4xx_hal_fdcan.c **** 
 2869              		.loc 1 2360 11 is_stmt 0 view .LVU989
 2870 0136 036E     		ldr	r3, [r0, #96]
 2871              	.LVL218:
2360:platform/HAL/src/stm32g4xx_hal_fdcan.c **** 
 2872              		.loc 1 2360 23 view .LVU990
 2873 0138 43F00803 		orr	r3, r3, #8
 2874 013c 0366     		str	r3, [r0, #96]
2362:platform/HAL/src/stm32g4xx_hal_fdcan.c ****   }
 2875              		.loc 1 2362 5 is_stmt 1 view .LVU991
2362:platform/HAL/src/stm32g4xx_hal_fdcan.c ****   }
 2876              		.loc 1 2362 12 is_stmt 0 view .LVU992
 2877 013e 0120     		movs	r0, #1
 2878              	.LVL219:
 2879              	.L199:
2364:platform/HAL/src/stm32g4xx_hal_fdcan.c **** 
 2880              		.loc 1 2364 1 view .LVU993
 2881 0140 70BD     		pop	{r4, r5, r6, pc}
 2882              	.L216:
 2883 0142 00BF     		.align	2
 2884              	.L215:
 2885 0144 00000000 		.word	DLCtoBytes
 2886              		.cfi_endproc
 2887              	.LFE362:
 2889              		.section	.text.HAL_FDCAN_GetTxEvent,"ax",%progbits
 2890              		.align	1
 2891              		.global	HAL_FDCAN_GetTxEvent
 2892              		.syntax unified
 2893              		.thumb
 2894              		.thumb_func
 2896              	HAL_FDCAN_GetTxEvent:
 2897              	.LVL220:
 2898              	.LFB363:
2374:platform/HAL/src/stm32g4xx_hal_fdcan.c ****   uint32_t *TxEventAddress;
 2899              		.loc 1 2374 1 is_stmt 1 view -0
 2900              		.cfi_startproc
 2901              		@ args = 0, pretend = 0, frame = 0
 2902              		@ frame_needed = 0, uses_anonymous_args = 0
 2903              		@ link register save eliminated.
2375:platform/HAL/src/stm32g4xx_hal_fdcan.c ****   uint32_t GetIndex;
 2904              		.loc 1 2375 3 view .LVU995
2376:platform/HAL/src/stm32g4xx_hal_fdcan.c ****   HAL_FDCAN_StateTypeDef state = hfdcan->State;
 2905              		.loc 1 2376 3 view .LVU996
2377:platform/HAL/src/stm32g4xx_hal_fdcan.c **** 
 2906              		.loc 1 2377 3 view .LVU997
2377:platform/HAL/src/stm32g4xx_hal_fdcan.c **** 
 2907              		.loc 1 2377 26 is_stmt 0 view .LVU998
 2908 0000 90F85C30 		ldrb	r3, [r0, #92]	@ zero_extendqisi2
 2909              	.LVL221:
2379:platform/HAL/src/stm32g4xx_hal_fdcan.c ****   {
 2910              		.loc 1 2379 3 is_stmt 1 view .LVU999
2379:platform/HAL/src/stm32g4xx_hal_fdcan.c ****   {
ARM GAS  /tmp/cc2SU6oB.s 			page 129


 2911              		.loc 1 2379 6 is_stmt 0 view .LVU1000
 2912 0004 022B     		cmp	r3, #2
 2913 0006 48D1     		bne	.L218
2382:platform/HAL/src/stm32g4xx_hal_fdcan.c ****     {
 2914              		.loc 1 2382 5 is_stmt 1 view .LVU1001
2382:platform/HAL/src/stm32g4xx_hal_fdcan.c ****     {
 2915              		.loc 1 2382 16 is_stmt 0 view .LVU1002
 2916 0008 0368     		ldr	r3, [r0]
 2917              	.LVL222:
2382:platform/HAL/src/stm32g4xx_hal_fdcan.c ****     {
 2918              		.loc 1 2382 26 view .LVU1003
 2919 000a D3F8E420 		ldr	r2, [r3, #228]
2382:platform/HAL/src/stm32g4xx_hal_fdcan.c ****     {
 2920              		.loc 1 2382 8 view .LVU1004
 2921 000e 12F0070F 		tst	r2, #7
 2922 0012 05D1     		bne	.L219
2385:platform/HAL/src/stm32g4xx_hal_fdcan.c **** 
 2923              		.loc 1 2385 7 is_stmt 1 view .LVU1005
2385:platform/HAL/src/stm32g4xx_hal_fdcan.c **** 
 2924              		.loc 1 2385 13 is_stmt 0 view .LVU1006
 2925 0014 036E     		ldr	r3, [r0, #96]
2385:platform/HAL/src/stm32g4xx_hal_fdcan.c **** 
 2926              		.loc 1 2385 25 view .LVU1007
 2927 0016 43F48073 		orr	r3, r3, #256
 2928 001a 0366     		str	r3, [r0, #96]
2387:platform/HAL/src/stm32g4xx_hal_fdcan.c ****     }
 2929              		.loc 1 2387 7 is_stmt 1 view .LVU1008
2387:platform/HAL/src/stm32g4xx_hal_fdcan.c ****     }
 2930              		.loc 1 2387 14 is_stmt 0 view .LVU1009
 2931 001c 0120     		movs	r0, #1
 2932              	.LVL223:
2387:platform/HAL/src/stm32g4xx_hal_fdcan.c ****     }
 2933              		.loc 1 2387 14 view .LVU1010
 2934 001e 7047     		bx	lr
 2935              	.LVL224:
 2936              	.L219:
2374:platform/HAL/src/stm32g4xx_hal_fdcan.c ****   uint32_t *TxEventAddress;
 2937              		.loc 1 2374 1 view .LVU1011
 2938 0020 30B4     		push	{r4, r5}
 2939              	.LCFI15:
 2940              		.cfi_def_cfa_offset 8
 2941              		.cfi_offset 4, -8
 2942              		.cfi_offset 5, -4
2391:platform/HAL/src/stm32g4xx_hal_fdcan.c ****     TxEventAddress = (uint32_t *)(hfdcan->msgRam.TxEventFIFOSA + (GetIndex * SRAMCAN_TEF_SIZE));
 2943              		.loc 1 2391 5 is_stmt 1 view .LVU1012
2391:platform/HAL/src/stm32g4xx_hal_fdcan.c ****     TxEventAddress = (uint32_t *)(hfdcan->msgRam.TxEventFIFOSA + (GetIndex * SRAMCAN_TEF_SIZE));
 2944              		.loc 1 2391 34 is_stmt 0 view .LVU1013
 2945 0022 D3F8E430 		ldr	r3, [r3, #228]
2391:platform/HAL/src/stm32g4xx_hal_fdcan.c ****     TxEventAddress = (uint32_t *)(hfdcan->msgRam.TxEventFIFOSA + (GetIndex * SRAMCAN_TEF_SIZE));
 2946              		.loc 1 2391 14 view .LVU1014
 2947 0026 C3F30123 		ubfx	r3, r3, #8, #2
 2948              	.LVL225:
2392:platform/HAL/src/stm32g4xx_hal_fdcan.c **** 
 2949              		.loc 1 2392 5 is_stmt 1 view .LVU1015
2392:platform/HAL/src/stm32g4xx_hal_fdcan.c **** 
 2950              		.loc 1 2392 49 is_stmt 0 view .LVU1016
 2951 002a 046D     		ldr	r4, [r0, #80]
ARM GAS  /tmp/cc2SU6oB.s 			page 130


2392:platform/HAL/src/stm32g4xx_hal_fdcan.c **** 
 2952              		.loc 1 2392 64 view .LVU1017
 2953 002c 04EBC302 		add	r2, r4, r3, lsl #3
 2954              	.LVL226:
2395:platform/HAL/src/stm32g4xx_hal_fdcan.c **** 
 2955              		.loc 1 2395 5 is_stmt 1 view .LVU1018
2395:platform/HAL/src/stm32g4xx_hal_fdcan.c **** 
 2956              		.loc 1 2395 24 is_stmt 0 view .LVU1019
 2957 0030 54F83350 		ldr	r5, [r4, r3, lsl #3]
2395:platform/HAL/src/stm32g4xx_hal_fdcan.c **** 
 2958              		.loc 1 2395 40 view .LVU1020
 2959 0034 05F08045 		and	r5, r5, #1073741824
2395:platform/HAL/src/stm32g4xx_hal_fdcan.c **** 
 2960              		.loc 1 2395 22 view .LVU1021
 2961 0038 4D60     		str	r5, [r1, #4]
2398:platform/HAL/src/stm32g4xx_hal_fdcan.c ****     {
 2962              		.loc 1 2398 5 is_stmt 1 view .LVU1022
2398:platform/HAL/src/stm32g4xx_hal_fdcan.c ****     {
 2963              		.loc 1 2398 8 is_stmt 0 view .LVU1023
 2964 003a 45BB     		cbnz	r5, .L221
2400:platform/HAL/src/stm32g4xx_hal_fdcan.c ****     }
 2965              		.loc 1 2400 7 is_stmt 1 view .LVU1024
2400:platform/HAL/src/stm32g4xx_hal_fdcan.c ****     }
 2966              		.loc 1 2400 32 is_stmt 0 view .LVU1025
 2967 003c 54F83350 		ldr	r5, [r4, r3, lsl #3]
2400:platform/HAL/src/stm32g4xx_hal_fdcan.c ****     }
 2968              		.loc 1 2400 76 view .LVU1026
 2969 0040 C5F38A45 		ubfx	r5, r5, #18, #11
2400:platform/HAL/src/stm32g4xx_hal_fdcan.c ****     }
 2970              		.loc 1 2400 28 view .LVU1027
 2971 0044 0D60     		str	r5, [r1]
 2972              	.L222:
2408:platform/HAL/src/stm32g4xx_hal_fdcan.c **** 
 2973              		.loc 1 2408 5 is_stmt 1 view .LVU1028
2408:platform/HAL/src/stm32g4xx_hal_fdcan.c **** 
 2974              		.loc 1 2408 30 is_stmt 0 view .LVU1029
 2975 0046 54F83350 		ldr	r5, [r4, r3, lsl #3]
2408:platform/HAL/src/stm32g4xx_hal_fdcan.c **** 
 2976              		.loc 1 2408 46 view .LVU1030
 2977 004a 05F00055 		and	r5, r5, #536870912
2408:platform/HAL/src/stm32g4xx_hal_fdcan.c **** 
 2978              		.loc 1 2408 27 view .LVU1031
 2979 004e 8D60     		str	r5, [r1, #8]
2411:platform/HAL/src/stm32g4xx_hal_fdcan.c **** 
 2980              		.loc 1 2411 5 is_stmt 1 view .LVU1032
2411:platform/HAL/src/stm32g4xx_hal_fdcan.c **** 
 2981              		.loc 1 2411 38 is_stmt 0 view .LVU1033
 2982 0050 54F83340 		ldr	r4, [r4, r3, lsl #3]
2411:platform/HAL/src/stm32g4xx_hal_fdcan.c **** 
 2983              		.loc 1 2411 54 view .LVU1034
 2984 0054 04F00044 		and	r4, r4, #-2147483648
2411:platform/HAL/src/stm32g4xx_hal_fdcan.c **** 
 2985              		.loc 1 2411 35 view .LVU1035
 2986 0058 0C61     		str	r4, [r1, #16]
2414:platform/HAL/src/stm32g4xx_hal_fdcan.c **** 
 2987              		.loc 1 2414 5 is_stmt 1 view .LVU1036
 2988              	.LVL227:
ARM GAS  /tmp/cc2SU6oB.s 			page 131


2417:platform/HAL/src/stm32g4xx_hal_fdcan.c **** 
 2989              		.loc 1 2417 5 view .LVU1037
2417:platform/HAL/src/stm32g4xx_hal_fdcan.c **** 
 2990              		.loc 1 2417 46 is_stmt 0 view .LVU1038
 2991 005a 9488     		ldrh	r4, [r2, #4]
2417:platform/HAL/src/stm32g4xx_hal_fdcan.c **** 
 2992              		.loc 1 2417 27 view .LVU1039
 2993 005c CC61     		str	r4, [r1, #28]
2420:platform/HAL/src/stm32g4xx_hal_fdcan.c **** 
 2994              		.loc 1 2420 5 is_stmt 1 view .LVU1040
2420:platform/HAL/src/stm32g4xx_hal_fdcan.c **** 
 2995              		.loc 1 2420 72 is_stmt 0 view .LVU1041
 2996 005e D488     		ldrh	r4, [r2, #6]
 2997 0060 04F00F04 		and	r4, r4, #15
2420:platform/HAL/src/stm32g4xx_hal_fdcan.c **** 
 2998              		.loc 1 2420 26 view .LVU1042
 2999 0064 CC60     		str	r4, [r1, #12]
2423:platform/HAL/src/stm32g4xx_hal_fdcan.c **** 
 3000              		.loc 1 2423 5 is_stmt 1 view .LVU1043
2423:platform/HAL/src/stm32g4xx_hal_fdcan.c **** 
 3001              		.loc 1 2423 32 is_stmt 0 view .LVU1044
 3002 0066 5468     		ldr	r4, [r2, #4]
2423:platform/HAL/src/stm32g4xx_hal_fdcan.c **** 
 3003              		.loc 1 2423 48 view .LVU1045
 3004 0068 04F48014 		and	r4, r4, #1048576
2423:platform/HAL/src/stm32g4xx_hal_fdcan.c **** 
 3005              		.loc 1 2423 29 view .LVU1046
 3006 006c 4C61     		str	r4, [r1, #20]
2426:platform/HAL/src/stm32g4xx_hal_fdcan.c **** 
 3007              		.loc 1 2426 5 is_stmt 1 view .LVU1047
2426:platform/HAL/src/stm32g4xx_hal_fdcan.c **** 
 3008              		.loc 1 2426 27 is_stmt 0 view .LVU1048
 3009 006e 5468     		ldr	r4, [r2, #4]
2426:platform/HAL/src/stm32g4xx_hal_fdcan.c **** 
 3010              		.loc 1 2426 43 view .LVU1049
 3011 0070 04F40014 		and	r4, r4, #2097152
2426:platform/HAL/src/stm32g4xx_hal_fdcan.c **** 
 3012              		.loc 1 2426 24 view .LVU1050
 3013 0074 8C61     		str	r4, [r1, #24]
2429:platform/HAL/src/stm32g4xx_hal_fdcan.c **** 
 3014              		.loc 1 2429 5 is_stmt 1 view .LVU1051
2429:platform/HAL/src/stm32g4xx_hal_fdcan.c **** 
 3015              		.loc 1 2429 28 is_stmt 0 view .LVU1052
 3016 0076 5468     		ldr	r4, [r2, #4]
2429:platform/HAL/src/stm32g4xx_hal_fdcan.c **** 
 3017              		.loc 1 2429 44 view .LVU1053
 3018 0078 04F44004 		and	r4, r4, #12582912
2429:platform/HAL/src/stm32g4xx_hal_fdcan.c **** 
 3019              		.loc 1 2429 25 view .LVU1054
 3020 007c 4C62     		str	r4, [r1, #36]
2432:platform/HAL/src/stm32g4xx_hal_fdcan.c **** 
 3021              		.loc 1 2432 5 is_stmt 1 view .LVU1055
2432:platform/HAL/src/stm32g4xx_hal_fdcan.c **** 
 3022              		.loc 1 2432 74 is_stmt 0 view .LVU1056
 3023 007e D279     		ldrb	r2, [r2, #7]	@ zero_extendqisi2
 3024              	.LVL228:
2432:platform/HAL/src/stm32g4xx_hal_fdcan.c **** 
ARM GAS  /tmp/cc2SU6oB.s 			page 132


 3025              		.loc 1 2432 29 view .LVU1057
 3026 0080 0A62     		str	r2, [r1, #32]
2435:platform/HAL/src/stm32g4xx_hal_fdcan.c **** 
 3027              		.loc 1 2435 5 is_stmt 1 view .LVU1058
2435:platform/HAL/src/stm32g4xx_hal_fdcan.c **** 
 3028              		.loc 1 2435 11 is_stmt 0 view .LVU1059
 3029 0082 0268     		ldr	r2, [r0]
2435:platform/HAL/src/stm32g4xx_hal_fdcan.c **** 
 3030              		.loc 1 2435 29 view .LVU1060
 3031 0084 C2F8E830 		str	r3, [r2, #232]
2438:platform/HAL/src/stm32g4xx_hal_fdcan.c ****   }
 3032              		.loc 1 2438 5 is_stmt 1 view .LVU1061
2438:platform/HAL/src/stm32g4xx_hal_fdcan.c ****   }
 3033              		.loc 1 2438 12 is_stmt 0 view .LVU1062
 3034 0088 0020     		movs	r0, #0
 3035              	.LVL229:
2447:platform/HAL/src/stm32g4xx_hal_fdcan.c **** 
 3036              		.loc 1 2447 1 view .LVU1063
 3037 008a 30BC     		pop	{r4, r5}
 3038              	.LCFI16:
 3039              		.cfi_remember_state
 3040              		.cfi_restore 5
 3041              		.cfi_restore 4
 3042              		.cfi_def_cfa_offset 0
 3043 008c 7047     		bx	lr
 3044              	.LVL230:
 3045              	.L221:
 3046              	.LCFI17:
 3047              		.cfi_restore_state
2404:platform/HAL/src/stm32g4xx_hal_fdcan.c ****     }
 3048              		.loc 1 2404 7 is_stmt 1 view .LVU1064
2404:platform/HAL/src/stm32g4xx_hal_fdcan.c ****     }
 3049              		.loc 1 2404 31 is_stmt 0 view .LVU1065
 3050 008e 54F83350 		ldr	r5, [r4, r3, lsl #3]
2404:platform/HAL/src/stm32g4xx_hal_fdcan.c ****     }
 3051              		.loc 1 2404 47 view .LVU1066
 3052 0092 25F06045 		bic	r5, r5, #-536870912
2404:platform/HAL/src/stm32g4xx_hal_fdcan.c ****     }
 3053              		.loc 1 2404 28 view .LVU1067
 3054 0096 0D60     		str	r5, [r1]
 3055 0098 D5E7     		b	.L222
 3056              	.LVL231:
 3057              	.L218:
 3058              	.LCFI18:
 3059              		.cfi_def_cfa_offset 0
 3060              		.cfi_restore 4
 3061              		.cfi_restore 5
2443:platform/HAL/src/stm32g4xx_hal_fdcan.c **** 
 3062              		.loc 1 2443 5 is_stmt 1 view .LVU1068
2443:platform/HAL/src/stm32g4xx_hal_fdcan.c **** 
 3063              		.loc 1 2443 11 is_stmt 0 view .LVU1069
 3064 009a 036E     		ldr	r3, [r0, #96]
 3065              	.LVL232:
2443:platform/HAL/src/stm32g4xx_hal_fdcan.c **** 
 3066              		.loc 1 2443 23 view .LVU1070
 3067 009c 43F00803 		orr	r3, r3, #8
 3068 00a0 0366     		str	r3, [r0, #96]
ARM GAS  /tmp/cc2SU6oB.s 			page 133


2445:platform/HAL/src/stm32g4xx_hal_fdcan.c ****   }
 3069              		.loc 1 2445 5 is_stmt 1 view .LVU1071
2445:platform/HAL/src/stm32g4xx_hal_fdcan.c ****   }
 3070              		.loc 1 2445 12 is_stmt 0 view .LVU1072
 3071 00a2 0120     		movs	r0, #1
 3072              	.LVL233:
2447:platform/HAL/src/stm32g4xx_hal_fdcan.c **** 
 3073              		.loc 1 2447 1 view .LVU1073
 3074 00a4 7047     		bx	lr
 3075              		.cfi_endproc
 3076              	.LFE363:
 3078              		.section	.text.HAL_FDCAN_GetHighPriorityMessageStatus,"ax",%progbits
 3079              		.align	1
 3080              		.global	HAL_FDCAN_GetHighPriorityMessageStatus
 3081              		.syntax unified
 3082              		.thumb
 3083              		.thumb_func
 3085              	HAL_FDCAN_GetHighPriorityMessageStatus:
 3086              	.LVL234:
 3087              	.LFB364:
2458:platform/HAL/src/stm32g4xx_hal_fdcan.c ****   HpMsgStatus->FilterList = ((hfdcan->Instance->HPMS & FDCAN_HPMS_FLST) >> FDCAN_HPMS_FLST_Pos);
 3088              		.loc 1 2458 1 is_stmt 1 view -0
 3089              		.cfi_startproc
 3090              		@ args = 0, pretend = 0, frame = 0
 3091              		@ frame_needed = 0, uses_anonymous_args = 0
 3092              		@ link register save eliminated.
2459:platform/HAL/src/stm32g4xx_hal_fdcan.c ****   HpMsgStatus->FilterIndex = ((hfdcan->Instance->HPMS & FDCAN_HPMS_FIDX) >> FDCAN_HPMS_FIDX_Pos);
 3093              		.loc 1 2459 3 view .LVU1075
2459:platform/HAL/src/stm32g4xx_hal_fdcan.c ****   HpMsgStatus->FilterIndex = ((hfdcan->Instance->HPMS & FDCAN_HPMS_FIDX) >> FDCAN_HPMS_FIDX_Pos);
 3094              		.loc 1 2459 37 is_stmt 0 view .LVU1076
 3095 0000 0368     		ldr	r3, [r0]
2459:platform/HAL/src/stm32g4xx_hal_fdcan.c ****   HpMsgStatus->FilterIndex = ((hfdcan->Instance->HPMS & FDCAN_HPMS_FIDX) >> FDCAN_HPMS_FIDX_Pos);
 3096              		.loc 1 2459 47 view .LVU1077
 3097 0002 D3F88830 		ldr	r3, [r3, #136]
2459:platform/HAL/src/stm32g4xx_hal_fdcan.c ****   HpMsgStatus->FilterIndex = ((hfdcan->Instance->HPMS & FDCAN_HPMS_FIDX) >> FDCAN_HPMS_FIDX_Pos);
 3098              		.loc 1 2459 73 view .LVU1078
 3099 0006 C3F3C033 		ubfx	r3, r3, #15, #1
2459:platform/HAL/src/stm32g4xx_hal_fdcan.c ****   HpMsgStatus->FilterIndex = ((hfdcan->Instance->HPMS & FDCAN_HPMS_FIDX) >> FDCAN_HPMS_FIDX_Pos);
 3100              		.loc 1 2459 27 view .LVU1079
 3101 000a 0B60     		str	r3, [r1]
2460:platform/HAL/src/stm32g4xx_hal_fdcan.c ****   HpMsgStatus->MessageStorage = (hfdcan->Instance->HPMS & FDCAN_HPMS_MSI);
 3102              		.loc 1 2460 3 is_stmt 1 view .LVU1080
2460:platform/HAL/src/stm32g4xx_hal_fdcan.c ****   HpMsgStatus->MessageStorage = (hfdcan->Instance->HPMS & FDCAN_HPMS_MSI);
 3103              		.loc 1 2460 38 is_stmt 0 view .LVU1081
 3104 000c 0368     		ldr	r3, [r0]
2460:platform/HAL/src/stm32g4xx_hal_fdcan.c ****   HpMsgStatus->MessageStorage = (hfdcan->Instance->HPMS & FDCAN_HPMS_MSI);
 3105              		.loc 1 2460 48 view .LVU1082
 3106 000e D3F88830 		ldr	r3, [r3, #136]
2460:platform/HAL/src/stm32g4xx_hal_fdcan.c ****   HpMsgStatus->MessageStorage = (hfdcan->Instance->HPMS & FDCAN_HPMS_MSI);
 3107              		.loc 1 2460 74 view .LVU1083
 3108 0012 C3F30423 		ubfx	r3, r3, #8, #5
2460:platform/HAL/src/stm32g4xx_hal_fdcan.c ****   HpMsgStatus->MessageStorage = (hfdcan->Instance->HPMS & FDCAN_HPMS_MSI);
 3109              		.loc 1 2460 28 view .LVU1084
 3110 0016 4B60     		str	r3, [r1, #4]
2461:platform/HAL/src/stm32g4xx_hal_fdcan.c ****   HpMsgStatus->MessageIndex = (hfdcan->Instance->HPMS & FDCAN_HPMS_BIDX);
 3111              		.loc 1 2461 3 is_stmt 1 view .LVU1085
2461:platform/HAL/src/stm32g4xx_hal_fdcan.c ****   HpMsgStatus->MessageIndex = (hfdcan->Instance->HPMS & FDCAN_HPMS_BIDX);
ARM GAS  /tmp/cc2SU6oB.s 			page 134


 3112              		.loc 1 2461 40 is_stmt 0 view .LVU1086
 3113 0018 0368     		ldr	r3, [r0]
2461:platform/HAL/src/stm32g4xx_hal_fdcan.c ****   HpMsgStatus->MessageIndex = (hfdcan->Instance->HPMS & FDCAN_HPMS_BIDX);
 3114              		.loc 1 2461 50 view .LVU1087
 3115 001a D3F88830 		ldr	r3, [r3, #136]
2461:platform/HAL/src/stm32g4xx_hal_fdcan.c ****   HpMsgStatus->MessageIndex = (hfdcan->Instance->HPMS & FDCAN_HPMS_BIDX);
 3116              		.loc 1 2461 57 view .LVU1088
 3117 001e 03F0C003 		and	r3, r3, #192
2461:platform/HAL/src/stm32g4xx_hal_fdcan.c ****   HpMsgStatus->MessageIndex = (hfdcan->Instance->HPMS & FDCAN_HPMS_BIDX);
 3118              		.loc 1 2461 31 view .LVU1089
 3119 0022 8B60     		str	r3, [r1, #8]
2462:platform/HAL/src/stm32g4xx_hal_fdcan.c **** 
 3120              		.loc 1 2462 3 is_stmt 1 view .LVU1090
2462:platform/HAL/src/stm32g4xx_hal_fdcan.c **** 
 3121              		.loc 1 2462 38 is_stmt 0 view .LVU1091
 3122 0024 0368     		ldr	r3, [r0]
2462:platform/HAL/src/stm32g4xx_hal_fdcan.c **** 
 3123              		.loc 1 2462 48 view .LVU1092
 3124 0026 D3F88830 		ldr	r3, [r3, #136]
2462:platform/HAL/src/stm32g4xx_hal_fdcan.c **** 
 3125              		.loc 1 2462 55 view .LVU1093
 3126 002a 03F00703 		and	r3, r3, #7
2462:platform/HAL/src/stm32g4xx_hal_fdcan.c **** 
 3127              		.loc 1 2462 29 view .LVU1094
 3128 002e CB60     		str	r3, [r1, #12]
2465:platform/HAL/src/stm32g4xx_hal_fdcan.c **** }
 3129              		.loc 1 2465 3 is_stmt 1 view .LVU1095
2466:platform/HAL/src/stm32g4xx_hal_fdcan.c **** 
 3130              		.loc 1 2466 1 is_stmt 0 view .LVU1096
 3131 0030 0020     		movs	r0, #0
 3132              	.LVL235:
2466:platform/HAL/src/stm32g4xx_hal_fdcan.c **** 
 3133              		.loc 1 2466 1 view .LVU1097
 3134 0032 7047     		bx	lr
 3135              		.cfi_endproc
 3136              	.LFE364:
 3138              		.section	.text.HAL_FDCAN_GetProtocolStatus,"ax",%progbits
 3139              		.align	1
 3140              		.global	HAL_FDCAN_GetProtocolStatus
 3141              		.syntax unified
 3142              		.thumb
 3143              		.thumb_func
 3145              	HAL_FDCAN_GetProtocolStatus:
 3146              	.LVL236:
 3147              	.LFB365:
2477:platform/HAL/src/stm32g4xx_hal_fdcan.c ****   uint32_t StatusReg;
 3148              		.loc 1 2477 1 is_stmt 1 view -0
 3149              		.cfi_startproc
 3150              		@ args = 0, pretend = 0, frame = 0
 3151              		@ frame_needed = 0, uses_anonymous_args = 0
 3152              		@ link register save eliminated.
2478:platform/HAL/src/stm32g4xx_hal_fdcan.c **** 
 3153              		.loc 1 2478 3 view .LVU1099
2481:platform/HAL/src/stm32g4xx_hal_fdcan.c **** 
 3154              		.loc 1 2481 3 view .LVU1100
2481:platform/HAL/src/stm32g4xx_hal_fdcan.c **** 
 3155              		.loc 1 2481 15 is_stmt 0 view .LVU1101
ARM GAS  /tmp/cc2SU6oB.s 			page 135


 3156 0000 0368     		ldr	r3, [r0]
2481:platform/HAL/src/stm32g4xx_hal_fdcan.c **** 
 3157              		.loc 1 2481 13 view .LVU1102
 3158 0002 5B6C     		ldr	r3, [r3, #68]
 3159              	.LVL237:
2484:platform/HAL/src/stm32g4xx_hal_fdcan.c ****   ProtocolStatus->DataLastErrorCode = ((StatusReg & FDCAN_PSR_DLEC) >> FDCAN_PSR_DLEC_Pos);
 3160              		.loc 1 2484 3 is_stmt 1 view .LVU1103
2484:platform/HAL/src/stm32g4xx_hal_fdcan.c ****   ProtocolStatus->DataLastErrorCode = ((StatusReg & FDCAN_PSR_DLEC) >> FDCAN_PSR_DLEC_Pos);
 3161              		.loc 1 2484 46 is_stmt 0 view .LVU1104
 3162 0004 03F00702 		and	r2, r3, #7
2484:platform/HAL/src/stm32g4xx_hal_fdcan.c ****   ProtocolStatus->DataLastErrorCode = ((StatusReg & FDCAN_PSR_DLEC) >> FDCAN_PSR_DLEC_Pos);
 3163              		.loc 1 2484 33 view .LVU1105
 3164 0008 0A60     		str	r2, [r1]
2485:platform/HAL/src/stm32g4xx_hal_fdcan.c ****   ProtocolStatus->Activity = (StatusReg & FDCAN_PSR_ACT);
 3165              		.loc 1 2485 3 is_stmt 1 view .LVU1106
2485:platform/HAL/src/stm32g4xx_hal_fdcan.c ****   ProtocolStatus->Activity = (StatusReg & FDCAN_PSR_ACT);
 3166              		.loc 1 2485 69 is_stmt 0 view .LVU1107
 3167 000a C3F30222 		ubfx	r2, r3, #8, #3
2485:platform/HAL/src/stm32g4xx_hal_fdcan.c ****   ProtocolStatus->Activity = (StatusReg & FDCAN_PSR_ACT);
 3168              		.loc 1 2485 37 view .LVU1108
 3169 000e 4A60     		str	r2, [r1, #4]
2486:platform/HAL/src/stm32g4xx_hal_fdcan.c ****   ProtocolStatus->ErrorPassive = ((StatusReg & FDCAN_PSR_EP) >> FDCAN_PSR_EP_Pos);
 3170              		.loc 1 2486 3 is_stmt 1 view .LVU1109
2486:platform/HAL/src/stm32g4xx_hal_fdcan.c ****   ProtocolStatus->ErrorPassive = ((StatusReg & FDCAN_PSR_EP) >> FDCAN_PSR_EP_Pos);
 3171              		.loc 1 2486 41 is_stmt 0 view .LVU1110
 3172 0010 03F01802 		and	r2, r3, #24
2486:platform/HAL/src/stm32g4xx_hal_fdcan.c ****   ProtocolStatus->ErrorPassive = ((StatusReg & FDCAN_PSR_EP) >> FDCAN_PSR_EP_Pos);
 3173              		.loc 1 2486 28 view .LVU1111
 3174 0014 8A60     		str	r2, [r1, #8]
2487:platform/HAL/src/stm32g4xx_hal_fdcan.c ****   ProtocolStatus->Warning = ((StatusReg & FDCAN_PSR_EW) >> FDCAN_PSR_EW_Pos);
 3175              		.loc 1 2487 3 is_stmt 1 view .LVU1112
2487:platform/HAL/src/stm32g4xx_hal_fdcan.c ****   ProtocolStatus->Warning = ((StatusReg & FDCAN_PSR_EW) >> FDCAN_PSR_EW_Pos);
 3176              		.loc 1 2487 62 is_stmt 0 view .LVU1113
 3177 0016 C3F34012 		ubfx	r2, r3, #5, #1
2487:platform/HAL/src/stm32g4xx_hal_fdcan.c ****   ProtocolStatus->Warning = ((StatusReg & FDCAN_PSR_EW) >> FDCAN_PSR_EW_Pos);
 3178              		.loc 1 2487 32 view .LVU1114
 3179 001a CA60     		str	r2, [r1, #12]
2488:platform/HAL/src/stm32g4xx_hal_fdcan.c ****   ProtocolStatus->BusOff = ((StatusReg & FDCAN_PSR_BO) >> FDCAN_PSR_BO_Pos);
 3180              		.loc 1 2488 3 is_stmt 1 view .LVU1115
2488:platform/HAL/src/stm32g4xx_hal_fdcan.c ****   ProtocolStatus->BusOff = ((StatusReg & FDCAN_PSR_BO) >> FDCAN_PSR_BO_Pos);
 3181              		.loc 1 2488 57 is_stmt 0 view .LVU1116
 3182 001c C3F38012 		ubfx	r2, r3, #6, #1
2488:platform/HAL/src/stm32g4xx_hal_fdcan.c ****   ProtocolStatus->BusOff = ((StatusReg & FDCAN_PSR_BO) >> FDCAN_PSR_BO_Pos);
 3183              		.loc 1 2488 27 view .LVU1117
 3184 0020 0A61     		str	r2, [r1, #16]
2489:platform/HAL/src/stm32g4xx_hal_fdcan.c ****   ProtocolStatus->RxESIflag = ((StatusReg & FDCAN_PSR_RESI) >> FDCAN_PSR_RESI_Pos);
 3185              		.loc 1 2489 3 is_stmt 1 view .LVU1118
2489:platform/HAL/src/stm32g4xx_hal_fdcan.c ****   ProtocolStatus->RxESIflag = ((StatusReg & FDCAN_PSR_RESI) >> FDCAN_PSR_RESI_Pos);
 3186              		.loc 1 2489 56 is_stmt 0 view .LVU1119
 3187 0022 C3F3C012 		ubfx	r2, r3, #7, #1
2489:platform/HAL/src/stm32g4xx_hal_fdcan.c ****   ProtocolStatus->RxESIflag = ((StatusReg & FDCAN_PSR_RESI) >> FDCAN_PSR_RESI_Pos);
 3188              		.loc 1 2489 26 view .LVU1120
 3189 0026 4A61     		str	r2, [r1, #20]
2490:platform/HAL/src/stm32g4xx_hal_fdcan.c ****   ProtocolStatus->RxBRSflag = ((StatusReg & FDCAN_PSR_RBRS) >> FDCAN_PSR_RBRS_Pos);
 3190              		.loc 1 2490 3 is_stmt 1 view .LVU1121
2490:platform/HAL/src/stm32g4xx_hal_fdcan.c ****   ProtocolStatus->RxBRSflag = ((StatusReg & FDCAN_PSR_RBRS) >> FDCAN_PSR_RBRS_Pos);
 3191              		.loc 1 2490 61 is_stmt 0 view .LVU1122
ARM GAS  /tmp/cc2SU6oB.s 			page 136


 3192 0028 C3F3C022 		ubfx	r2, r3, #11, #1
2490:platform/HAL/src/stm32g4xx_hal_fdcan.c ****   ProtocolStatus->RxBRSflag = ((StatusReg & FDCAN_PSR_RBRS) >> FDCAN_PSR_RBRS_Pos);
 3193              		.loc 1 2490 29 view .LVU1123
 3194 002c 8A61     		str	r2, [r1, #24]
2491:platform/HAL/src/stm32g4xx_hal_fdcan.c ****   ProtocolStatus->RxFDFflag = ((StatusReg & FDCAN_PSR_REDL) >> FDCAN_PSR_REDL_Pos);
 3195              		.loc 1 2491 3 is_stmt 1 view .LVU1124
2491:platform/HAL/src/stm32g4xx_hal_fdcan.c ****   ProtocolStatus->RxFDFflag = ((StatusReg & FDCAN_PSR_REDL) >> FDCAN_PSR_REDL_Pos);
 3196              		.loc 1 2491 61 is_stmt 0 view .LVU1125
 3197 002e C3F30032 		ubfx	r2, r3, #12, #1
2491:platform/HAL/src/stm32g4xx_hal_fdcan.c ****   ProtocolStatus->RxFDFflag = ((StatusReg & FDCAN_PSR_REDL) >> FDCAN_PSR_REDL_Pos);
 3198              		.loc 1 2491 29 view .LVU1126
 3199 0032 CA61     		str	r2, [r1, #28]
2492:platform/HAL/src/stm32g4xx_hal_fdcan.c ****   ProtocolStatus->ProtocolException = ((StatusReg & FDCAN_PSR_PXE) >> FDCAN_PSR_PXE_Pos);
 3200              		.loc 1 2492 3 is_stmt 1 view .LVU1127
2492:platform/HAL/src/stm32g4xx_hal_fdcan.c ****   ProtocolStatus->ProtocolException = ((StatusReg & FDCAN_PSR_PXE) >> FDCAN_PSR_PXE_Pos);
 3201              		.loc 1 2492 61 is_stmt 0 view .LVU1128
 3202 0034 C3F34032 		ubfx	r2, r3, #13, #1
2492:platform/HAL/src/stm32g4xx_hal_fdcan.c ****   ProtocolStatus->ProtocolException = ((StatusReg & FDCAN_PSR_PXE) >> FDCAN_PSR_PXE_Pos);
 3203              		.loc 1 2492 29 view .LVU1129
 3204 0038 0A62     		str	r2, [r1, #32]
2493:platform/HAL/src/stm32g4xx_hal_fdcan.c ****   ProtocolStatus->TDCvalue = ((StatusReg & FDCAN_PSR_TDCV) >> FDCAN_PSR_TDCV_Pos);
 3205              		.loc 1 2493 3 is_stmt 1 view .LVU1130
2493:platform/HAL/src/stm32g4xx_hal_fdcan.c ****   ProtocolStatus->TDCvalue = ((StatusReg & FDCAN_PSR_TDCV) >> FDCAN_PSR_TDCV_Pos);
 3206              		.loc 1 2493 68 is_stmt 0 view .LVU1131
 3207 003a C3F38032 		ubfx	r2, r3, #14, #1
2493:platform/HAL/src/stm32g4xx_hal_fdcan.c ****   ProtocolStatus->TDCvalue = ((StatusReg & FDCAN_PSR_TDCV) >> FDCAN_PSR_TDCV_Pos);
 3208              		.loc 1 2493 37 view .LVU1132
 3209 003e 4A62     		str	r2, [r1, #36]
2494:platform/HAL/src/stm32g4xx_hal_fdcan.c **** 
 3210              		.loc 1 2494 3 is_stmt 1 view .LVU1133
2494:platform/HAL/src/stm32g4xx_hal_fdcan.c **** 
 3211              		.loc 1 2494 60 is_stmt 0 view .LVU1134
 3212 0040 C3F30643 		ubfx	r3, r3, #16, #7
 3213              	.LVL238:
2494:platform/HAL/src/stm32g4xx_hal_fdcan.c **** 
 3214              		.loc 1 2494 28 view .LVU1135
 3215 0044 8B62     		str	r3, [r1, #40]
2497:platform/HAL/src/stm32g4xx_hal_fdcan.c **** }
 3216              		.loc 1 2497 3 is_stmt 1 view .LVU1136
2498:platform/HAL/src/stm32g4xx_hal_fdcan.c **** 
 3217              		.loc 1 2498 1 is_stmt 0 view .LVU1137
 3218 0046 0020     		movs	r0, #0
 3219              	.LVL239:
2498:platform/HAL/src/stm32g4xx_hal_fdcan.c **** 
 3220              		.loc 1 2498 1 view .LVU1138
 3221 0048 7047     		bx	lr
 3222              		.cfi_endproc
 3223              	.LFE365:
 3225              		.section	.text.HAL_FDCAN_GetErrorCounters,"ax",%progbits
 3226              		.align	1
 3227              		.global	HAL_FDCAN_GetErrorCounters
 3228              		.syntax unified
 3229              		.thumb
 3230              		.thumb_func
 3232              	HAL_FDCAN_GetErrorCounters:
 3233              	.LVL240:
 3234              	.LFB366:
ARM GAS  /tmp/cc2SU6oB.s 			page 137


2509:platform/HAL/src/stm32g4xx_hal_fdcan.c ****   uint32_t CountersReg;
 3235              		.loc 1 2509 1 is_stmt 1 view -0
 3236              		.cfi_startproc
 3237              		@ args = 0, pretend = 0, frame = 0
 3238              		@ frame_needed = 0, uses_anonymous_args = 0
 3239              		@ link register save eliminated.
2510:platform/HAL/src/stm32g4xx_hal_fdcan.c **** 
 3240              		.loc 1 2510 3 view .LVU1140
2513:platform/HAL/src/stm32g4xx_hal_fdcan.c **** 
 3241              		.loc 1 2513 3 view .LVU1141
2513:platform/HAL/src/stm32g4xx_hal_fdcan.c **** 
 3242              		.loc 1 2513 17 is_stmt 0 view .LVU1142
 3243 0000 0368     		ldr	r3, [r0]
2513:platform/HAL/src/stm32g4xx_hal_fdcan.c **** 
 3244              		.loc 1 2513 15 view .LVU1143
 3245 0002 1B6C     		ldr	r3, [r3, #64]
 3246              	.LVL241:
2516:platform/HAL/src/stm32g4xx_hal_fdcan.c ****   ErrorCounters->RxErrorCnt = ((CountersReg & FDCAN_ECR_REC) >> FDCAN_ECR_REC_Pos);
 3247              		.loc 1 2516 3 is_stmt 1 view .LVU1144
2516:platform/HAL/src/stm32g4xx_hal_fdcan.c ****   ErrorCounters->RxErrorCnt = ((CountersReg & FDCAN_ECR_REC) >> FDCAN_ECR_REC_Pos);
 3248              		.loc 1 2516 62 is_stmt 0 view .LVU1145
 3249 0004 DAB2     		uxtb	r2, r3
2516:platform/HAL/src/stm32g4xx_hal_fdcan.c ****   ErrorCounters->RxErrorCnt = ((CountersReg & FDCAN_ECR_REC) >> FDCAN_ECR_REC_Pos);
 3250              		.loc 1 2516 29 view .LVU1146
 3251 0006 0A60     		str	r2, [r1]
2517:platform/HAL/src/stm32g4xx_hal_fdcan.c ****   ErrorCounters->RxErrorPassive = ((CountersReg & FDCAN_ECR_RP) >> FDCAN_ECR_RP_Pos);
 3252              		.loc 1 2517 3 is_stmt 1 view .LVU1147
2517:platform/HAL/src/stm32g4xx_hal_fdcan.c ****   ErrorCounters->RxErrorPassive = ((CountersReg & FDCAN_ECR_RP) >> FDCAN_ECR_RP_Pos);
 3253              		.loc 1 2517 62 is_stmt 0 view .LVU1148
 3254 0008 C3F30622 		ubfx	r2, r3, #8, #7
2517:platform/HAL/src/stm32g4xx_hal_fdcan.c ****   ErrorCounters->RxErrorPassive = ((CountersReg & FDCAN_ECR_RP) >> FDCAN_ECR_RP_Pos);
 3255              		.loc 1 2517 29 view .LVU1149
 3256 000c 4A60     		str	r2, [r1, #4]
2518:platform/HAL/src/stm32g4xx_hal_fdcan.c ****   ErrorCounters->ErrorLogging = ((CountersReg & FDCAN_ECR_CEL) >> FDCAN_ECR_CEL_Pos);
 3257              		.loc 1 2518 3 is_stmt 1 view .LVU1150
2518:platform/HAL/src/stm32g4xx_hal_fdcan.c ****   ErrorCounters->ErrorLogging = ((CountersReg & FDCAN_ECR_CEL) >> FDCAN_ECR_CEL_Pos);
 3258              		.loc 1 2518 65 is_stmt 0 view .LVU1151
 3259 000e C3F3C032 		ubfx	r2, r3, #15, #1
2518:platform/HAL/src/stm32g4xx_hal_fdcan.c ****   ErrorCounters->ErrorLogging = ((CountersReg & FDCAN_ECR_CEL) >> FDCAN_ECR_CEL_Pos);
 3260              		.loc 1 2518 33 view .LVU1152
 3261 0012 8A60     		str	r2, [r1, #8]
2519:platform/HAL/src/stm32g4xx_hal_fdcan.c **** 
 3262              		.loc 1 2519 3 is_stmt 1 view .LVU1153
2519:platform/HAL/src/stm32g4xx_hal_fdcan.c **** 
 3263              		.loc 1 2519 64 is_stmt 0 view .LVU1154
 3264 0014 C3F30743 		ubfx	r3, r3, #16, #8
 3265              	.LVL242:
2519:platform/HAL/src/stm32g4xx_hal_fdcan.c **** 
 3266              		.loc 1 2519 31 view .LVU1155
 3267 0018 CB60     		str	r3, [r1, #12]
2522:platform/HAL/src/stm32g4xx_hal_fdcan.c **** }
 3268              		.loc 1 2522 3 is_stmt 1 view .LVU1156
2523:platform/HAL/src/stm32g4xx_hal_fdcan.c **** 
 3269              		.loc 1 2523 1 is_stmt 0 view .LVU1157
 3270 001a 0020     		movs	r0, #0
 3271              	.LVL243:
2523:platform/HAL/src/stm32g4xx_hal_fdcan.c **** 
ARM GAS  /tmp/cc2SU6oB.s 			page 138


 3272              		.loc 1 2523 1 view .LVU1158
 3273 001c 7047     		bx	lr
 3274              		.cfi_endproc
 3275              	.LFE366:
 3277              		.section	.text.HAL_FDCAN_IsTxBufferMessagePending,"ax",%progbits
 3278              		.align	1
 3279              		.global	HAL_FDCAN_IsTxBufferMessagePending
 3280              		.syntax unified
 3281              		.thumb
 3282              		.thumb_func
 3284              	HAL_FDCAN_IsTxBufferMessagePending:
 3285              	.LVL244:
 3286              	.LFB367:
2536:platform/HAL/src/stm32g4xx_hal_fdcan.c ****   /* Check function parameters */
 3287              		.loc 1 2536 1 is_stmt 1 view -0
 3288              		.cfi_startproc
 3289              		@ args = 0, pretend = 0, frame = 0
 3290              		@ frame_needed = 0, uses_anonymous_args = 0
 3291              		@ link register save eliminated.
2538:platform/HAL/src/stm32g4xx_hal_fdcan.c **** 
 3292              		.loc 1 2538 3 view .LVU1160
2541:platform/HAL/src/stm32g4xx_hal_fdcan.c ****   {
 3293              		.loc 1 2541 3 view .LVU1161
2541:platform/HAL/src/stm32g4xx_hal_fdcan.c ****   {
 3294              		.loc 1 2541 14 is_stmt 0 view .LVU1162
 3295 0000 0368     		ldr	r3, [r0]
2541:platform/HAL/src/stm32g4xx_hal_fdcan.c ****   {
 3296              		.loc 1 2541 24 view .LVU1163
 3297 0002 D3F8C800 		ldr	r0, [r3, #200]
 3298              	.LVL245:
2541:platform/HAL/src/stm32g4xx_hal_fdcan.c ****   {
 3299              		.loc 1 2541 6 view .LVU1164
 3300 0006 0840     		ands	r0, r0, r1
 3301 0008 00D0     		beq	.L229
2545:platform/HAL/src/stm32g4xx_hal_fdcan.c **** }
 3302              		.loc 1 2545 10 view .LVU1165
 3303 000a 0120     		movs	r0, #1
 3304              	.L229:
2546:platform/HAL/src/stm32g4xx_hal_fdcan.c **** 
 3305              		.loc 1 2546 1 view .LVU1166
 3306 000c 7047     		bx	lr
 3307              		.cfi_endproc
 3308              	.LFE367:
 3310              		.section	.text.HAL_FDCAN_GetRxFifoFillLevel,"ax",%progbits
 3311              		.align	1
 3312              		.global	HAL_FDCAN_GetRxFifoFillLevel
 3313              		.syntax unified
 3314              		.thumb
 3315              		.thumb_func
 3317              	HAL_FDCAN_GetRxFifoFillLevel:
 3318              	.LVL246:
 3319              	.LFB368:
2559:platform/HAL/src/stm32g4xx_hal_fdcan.c ****   uint32_t FillLevel;
 3320              		.loc 1 2559 1 is_stmt 1 view -0
 3321              		.cfi_startproc
 3322              		@ args = 0, pretend = 0, frame = 0
 3323              		@ frame_needed = 0, uses_anonymous_args = 0
ARM GAS  /tmp/cc2SU6oB.s 			page 139


 3324              		@ link register save eliminated.
2560:platform/HAL/src/stm32g4xx_hal_fdcan.c **** 
 3325              		.loc 1 2560 3 view .LVU1168
2563:platform/HAL/src/stm32g4xx_hal_fdcan.c **** 
 3326              		.loc 1 2563 3 view .LVU1169
2565:platform/HAL/src/stm32g4xx_hal_fdcan.c ****   {
 3327              		.loc 1 2565 3 view .LVU1170
2565:platform/HAL/src/stm32g4xx_hal_fdcan.c ****   {
 3328              		.loc 1 2565 6 is_stmt 0 view .LVU1171
 3329 0000 4029     		cmp	r1, #64
 3330 0002 05D0     		beq	.L234
2571:platform/HAL/src/stm32g4xx_hal_fdcan.c ****   }
 3331              		.loc 1 2571 5 is_stmt 1 view .LVU1172
2571:platform/HAL/src/stm32g4xx_hal_fdcan.c ****   }
 3332              		.loc 1 2571 23 is_stmt 0 view .LVU1173
 3333 0004 0368     		ldr	r3, [r0]
2571:platform/HAL/src/stm32g4xx_hal_fdcan.c ****   }
 3334              		.loc 1 2571 33 view .LVU1174
 3335 0006 D3F89800 		ldr	r0, [r3, #152]
 3336              	.LVL247:
2571:platform/HAL/src/stm32g4xx_hal_fdcan.c ****   }
 3337              		.loc 1 2571 15 view .LVU1175
 3338 000a 00F00F00 		and	r0, r0, #15
 3339              	.LVL248:
2575:platform/HAL/src/stm32g4xx_hal_fdcan.c **** }
 3340              		.loc 1 2575 3 is_stmt 1 view .LVU1176
2576:platform/HAL/src/stm32g4xx_hal_fdcan.c **** 
 3341              		.loc 1 2576 1 is_stmt 0 view .LVU1177
 3342 000e 7047     		bx	lr
 3343              	.LVL249:
 3344              	.L234:
2567:platform/HAL/src/stm32g4xx_hal_fdcan.c ****   }
 3345              		.loc 1 2567 5 is_stmt 1 view .LVU1178
2567:platform/HAL/src/stm32g4xx_hal_fdcan.c ****   }
 3346              		.loc 1 2567 23 is_stmt 0 view .LVU1179
 3347 0010 0368     		ldr	r3, [r0]
2567:platform/HAL/src/stm32g4xx_hal_fdcan.c ****   }
 3348              		.loc 1 2567 33 view .LVU1180
 3349 0012 D3F89000 		ldr	r0, [r3, #144]
 3350              	.LVL250:
2567:platform/HAL/src/stm32g4xx_hal_fdcan.c ****   }
 3351              		.loc 1 2567 15 view .LVU1181
 3352 0016 00F00F00 		and	r0, r0, #15
 3353              	.LVL251:
2567:platform/HAL/src/stm32g4xx_hal_fdcan.c ****   }
 3354              		.loc 1 2567 15 view .LVU1182
 3355 001a 7047     		bx	lr
 3356              		.cfi_endproc
 3357              	.LFE368:
 3359              		.section	.text.HAL_FDCAN_GetTxFifoFreeLevel,"ax",%progbits
 3360              		.align	1
 3361              		.global	HAL_FDCAN_GetTxFifoFreeLevel
 3362              		.syntax unified
 3363              		.thumb
 3364              		.thumb_func
 3366              	HAL_FDCAN_GetTxFifoFreeLevel:
 3367              	.LVL252:
ARM GAS  /tmp/cc2SU6oB.s 			page 140


 3368              	.LFB369:
2586:platform/HAL/src/stm32g4xx_hal_fdcan.c ****   uint32_t FreeLevel;
 3369              		.loc 1 2586 1 is_stmt 1 view -0
 3370              		.cfi_startproc
 3371              		@ args = 0, pretend = 0, frame = 0
 3372              		@ frame_needed = 0, uses_anonymous_args = 0
 3373              		@ link register save eliminated.
2587:platform/HAL/src/stm32g4xx_hal_fdcan.c **** 
 3374              		.loc 1 2587 3 view .LVU1184
2589:platform/HAL/src/stm32g4xx_hal_fdcan.c **** 
 3375              		.loc 1 2589 3 view .LVU1185
2589:platform/HAL/src/stm32g4xx_hal_fdcan.c **** 
 3376              		.loc 1 2589 21 is_stmt 0 view .LVU1186
 3377 0000 0368     		ldr	r3, [r0]
2589:platform/HAL/src/stm32g4xx_hal_fdcan.c **** 
 3378              		.loc 1 2589 31 view .LVU1187
 3379 0002 D3F8C400 		ldr	r0, [r3, #196]
 3380              	.LVL253:
2592:platform/HAL/src/stm32g4xx_hal_fdcan.c **** }
 3381              		.loc 1 2592 3 is_stmt 1 view .LVU1188
2593:platform/HAL/src/stm32g4xx_hal_fdcan.c **** 
 3382              		.loc 1 2593 1 is_stmt 0 view .LVU1189
 3383 0006 00F00700 		and	r0, r0, #7
 3384              	.LVL254:
2593:platform/HAL/src/stm32g4xx_hal_fdcan.c **** 
 3385              		.loc 1 2593 1 view .LVU1190
 3386 000a 7047     		bx	lr
 3387              		.cfi_endproc
 3388              	.LFE369:
 3390              		.section	.text.HAL_FDCAN_IsRestrictedOperationMode,"ax",%progbits
 3391              		.align	1
 3392              		.global	HAL_FDCAN_IsRestrictedOperationMode
 3393              		.syntax unified
 3394              		.thumb
 3395              		.thumb_func
 3397              	HAL_FDCAN_IsRestrictedOperationMode:
 3398              	.LVL255:
 3399              	.LFB370:
2604:platform/HAL/src/stm32g4xx_hal_fdcan.c ****   uint32_t OperationMode;
 3400              		.loc 1 2604 1 is_stmt 1 view -0
 3401              		.cfi_startproc
 3402              		@ args = 0, pretend = 0, frame = 0
 3403              		@ frame_needed = 0, uses_anonymous_args = 0
 3404              		@ link register save eliminated.
2605:platform/HAL/src/stm32g4xx_hal_fdcan.c **** 
 3405              		.loc 1 2605 3 view .LVU1192
2608:platform/HAL/src/stm32g4xx_hal_fdcan.c **** 
 3406              		.loc 1 2608 3 view .LVU1193
2608:platform/HAL/src/stm32g4xx_hal_fdcan.c **** 
 3407              		.loc 1 2608 27 is_stmt 0 view .LVU1194
 3408 0000 0368     		ldr	r3, [r0]
2608:platform/HAL/src/stm32g4xx_hal_fdcan.c **** 
 3409              		.loc 1 2608 37 view .LVU1195
 3410 0002 9869     		ldr	r0, [r3, #24]
 3411              	.LVL256:
2610:platform/HAL/src/stm32g4xx_hal_fdcan.c **** }
 3412              		.loc 1 2610 3 is_stmt 1 view .LVU1196
ARM GAS  /tmp/cc2SU6oB.s 			page 141


2611:platform/HAL/src/stm32g4xx_hal_fdcan.c **** 
 3413              		.loc 1 2611 1 is_stmt 0 view .LVU1197
 3414 0004 C0F38000 		ubfx	r0, r0, #2, #1
 3415              	.LVL257:
2611:platform/HAL/src/stm32g4xx_hal_fdcan.c **** 
 3416              		.loc 1 2611 1 view .LVU1198
 3417 0008 7047     		bx	lr
 3418              		.cfi_endproc
 3419              	.LFE370:
 3421              		.section	.text.HAL_FDCAN_ExitRestrictedOperationMode,"ax",%progbits
 3422              		.align	1
 3423              		.global	HAL_FDCAN_ExitRestrictedOperationMode
 3424              		.syntax unified
 3425              		.thumb
 3426              		.thumb_func
 3428              	HAL_FDCAN_ExitRestrictedOperationMode:
 3429              	.LVL258:
 3430              	.LFB371:
2620:platform/HAL/src/stm32g4xx_hal_fdcan.c ****   HAL_FDCAN_StateTypeDef state = hfdcan->State;
 3431              		.loc 1 2620 1 is_stmt 1 view -0
 3432              		.cfi_startproc
 3433              		@ args = 0, pretend = 0, frame = 0
 3434              		@ frame_needed = 0, uses_anonymous_args = 0
 3435              		@ link register save eliminated.
2621:platform/HAL/src/stm32g4xx_hal_fdcan.c **** 
 3436              		.loc 1 2621 3 view .LVU1200
2621:platform/HAL/src/stm32g4xx_hal_fdcan.c **** 
 3437              		.loc 1 2621 26 is_stmt 0 view .LVU1201
 3438 0000 90F85C30 		ldrb	r3, [r0, #92]	@ zero_extendqisi2
 3439              	.LVL259:
2623:platform/HAL/src/stm32g4xx_hal_fdcan.c ****   {
 3440              		.loc 1 2623 3 is_stmt 1 view .LVU1202
2623:platform/HAL/src/stm32g4xx_hal_fdcan.c ****   {
 3441              		.loc 1 2623 40 is_stmt 0 view .LVU1203
 3442 0004 013B     		subs	r3, r3, #1
 3443              	.LVL260:
2623:platform/HAL/src/stm32g4xx_hal_fdcan.c ****   {
 3444              		.loc 1 2623 40 view .LVU1204
 3445 0006 DBB2     		uxtb	r3, r3
 3446              	.LVL261:
2623:platform/HAL/src/stm32g4xx_hal_fdcan.c ****   {
 3447              		.loc 1 2623 6 view .LVU1205
 3448 0008 012B     		cmp	r3, #1
 3449 000a 05D9     		bls	.L240
2634:platform/HAL/src/stm32g4xx_hal_fdcan.c **** 
 3450              		.loc 1 2634 5 is_stmt 1 view .LVU1206
2634:platform/HAL/src/stm32g4xx_hal_fdcan.c **** 
 3451              		.loc 1 2634 11 is_stmt 0 view .LVU1207
 3452 000c 036E     		ldr	r3, [r0, #96]
2634:platform/HAL/src/stm32g4xx_hal_fdcan.c **** 
 3453              		.loc 1 2634 23 view .LVU1208
 3454 000e 43F00203 		orr	r3, r3, #2
 3455 0012 0366     		str	r3, [r0, #96]
2636:platform/HAL/src/stm32g4xx_hal_fdcan.c ****   }
 3456              		.loc 1 2636 5 is_stmt 1 view .LVU1209
2636:platform/HAL/src/stm32g4xx_hal_fdcan.c ****   }
 3457              		.loc 1 2636 12 is_stmt 0 view .LVU1210
ARM GAS  /tmp/cc2SU6oB.s 			page 142


 3458 0014 0120     		movs	r0, #1
 3459              	.LVL262:
2638:platform/HAL/src/stm32g4xx_hal_fdcan.c **** 
 3460              		.loc 1 2638 1 view .LVU1211
 3461 0016 7047     		bx	lr
 3462              	.LVL263:
 3463              	.L240:
2626:platform/HAL/src/stm32g4xx_hal_fdcan.c **** 
 3464              		.loc 1 2626 5 is_stmt 1 view .LVU1212
 3465 0018 0268     		ldr	r2, [r0]
 3466 001a 9369     		ldr	r3, [r2, #24]
 3467 001c 23F00403 		bic	r3, r3, #4
 3468 0020 9361     		str	r3, [r2, #24]
2629:platform/HAL/src/stm32g4xx_hal_fdcan.c ****   }
 3469              		.loc 1 2629 5 view .LVU1213
2629:platform/HAL/src/stm32g4xx_hal_fdcan.c ****   }
 3470              		.loc 1 2629 12 is_stmt 0 view .LVU1214
 3471 0022 0020     		movs	r0, #0
 3472              	.LVL264:
2629:platform/HAL/src/stm32g4xx_hal_fdcan.c ****   }
 3473              		.loc 1 2629 12 view .LVU1215
 3474 0024 7047     		bx	lr
 3475              		.cfi_endproc
 3476              	.LFE371:
 3478              		.section	.text.HAL_FDCAN_ConfigInterruptLines,"ax",%progbits
 3479              		.align	1
 3480              		.global	HAL_FDCAN_ConfigInterruptLines
 3481              		.syntax unified
 3482              		.thumb
 3483              		.thumb_func
 3485              	HAL_FDCAN_ConfigInterruptLines:
 3486              	.LVL265:
 3487              	.LFB372:
2672:platform/HAL/src/stm32g4xx_hal_fdcan.c ****   HAL_FDCAN_StateTypeDef state = hfdcan->State;
 3488              		.loc 1 2672 1 is_stmt 1 view -0
 3489              		.cfi_startproc
 3490              		@ args = 0, pretend = 0, frame = 0
 3491              		@ frame_needed = 0, uses_anonymous_args = 0
 3492              		@ link register save eliminated.
2673:platform/HAL/src/stm32g4xx_hal_fdcan.c **** 
 3493              		.loc 1 2673 3 view .LVU1217
2673:platform/HAL/src/stm32g4xx_hal_fdcan.c **** 
 3494              		.loc 1 2673 26 is_stmt 0 view .LVU1218
 3495 0000 90F85C30 		ldrb	r3, [r0, #92]	@ zero_extendqisi2
 3496              	.LVL266:
2676:platform/HAL/src/stm32g4xx_hal_fdcan.c ****   assert_param(IS_FDCAN_IT_LINE(InterruptLine));
 3497              		.loc 1 2676 3 is_stmt 1 view .LVU1219
2677:platform/HAL/src/stm32g4xx_hal_fdcan.c **** 
 3498              		.loc 1 2677 3 view .LVU1220
2679:platform/HAL/src/stm32g4xx_hal_fdcan.c ****   {
 3499              		.loc 1 2679 3 view .LVU1221
2679:platform/HAL/src/stm32g4xx_hal_fdcan.c ****   {
 3500              		.loc 1 2679 40 is_stmt 0 view .LVU1222
 3501 0004 013B     		subs	r3, r3, #1
 3502              	.LVL267:
2679:platform/HAL/src/stm32g4xx_hal_fdcan.c ****   {
 3503              		.loc 1 2679 40 view .LVU1223
ARM GAS  /tmp/cc2SU6oB.s 			page 143


 3504 0006 DBB2     		uxtb	r3, r3
 3505              	.LVL268:
2679:platform/HAL/src/stm32g4xx_hal_fdcan.c ****   {
 3506              		.loc 1 2679 6 view .LVU1224
 3507 0008 012B     		cmp	r3, #1
 3508 000a 05D9     		bls	.L246
2697:platform/HAL/src/stm32g4xx_hal_fdcan.c **** 
 3509              		.loc 1 2697 5 is_stmt 1 view .LVU1225
2697:platform/HAL/src/stm32g4xx_hal_fdcan.c **** 
 3510              		.loc 1 2697 11 is_stmt 0 view .LVU1226
 3511 000c 036E     		ldr	r3, [r0, #96]
2697:platform/HAL/src/stm32g4xx_hal_fdcan.c **** 
 3512              		.loc 1 2697 23 view .LVU1227
 3513 000e 43F00203 		orr	r3, r3, #2
 3514 0012 0366     		str	r3, [r0, #96]
2699:platform/HAL/src/stm32g4xx_hal_fdcan.c ****   }
 3515              		.loc 1 2699 5 is_stmt 1 view .LVU1228
2699:platform/HAL/src/stm32g4xx_hal_fdcan.c ****   }
 3516              		.loc 1 2699 12 is_stmt 0 view .LVU1229
 3517 0014 0120     		movs	r0, #1
 3518              	.LVL269:
2701:platform/HAL/src/stm32g4xx_hal_fdcan.c **** 
 3519              		.loc 1 2701 1 view .LVU1230
 3520 0016 7047     		bx	lr
 3521              	.LVL270:
 3522              	.L246:
2682:platform/HAL/src/stm32g4xx_hal_fdcan.c ****     {
 3523              		.loc 1 2682 5 is_stmt 1 view .LVU1231
2682:platform/HAL/src/stm32g4xx_hal_fdcan.c ****     {
 3524              		.loc 1 2682 8 is_stmt 0 view .LVU1232
 3525 0018 012A     		cmp	r2, #1
 3526 001a 05D0     		beq	.L247
2688:platform/HAL/src/stm32g4xx_hal_fdcan.c ****     }
 3527              		.loc 1 2688 7 is_stmt 1 view .LVU1233
 3528 001c 0268     		ldr	r2, [r0]
 3529              	.LVL271:
2688:platform/HAL/src/stm32g4xx_hal_fdcan.c ****     }
 3530              		.loc 1 2688 7 is_stmt 0 view .LVU1234
 3531 001e 936D     		ldr	r3, [r2, #88]
 3532 0020 0B43     		orrs	r3, r3, r1
 3533 0022 9365     		str	r3, [r2, #88]
 3534              	.L244:
2692:platform/HAL/src/stm32g4xx_hal_fdcan.c ****   }
 3535              		.loc 1 2692 5 is_stmt 1 view .LVU1235
2692:platform/HAL/src/stm32g4xx_hal_fdcan.c ****   }
 3536              		.loc 1 2692 12 is_stmt 0 view .LVU1236
 3537 0024 0020     		movs	r0, #0
 3538              	.LVL272:
2692:platform/HAL/src/stm32g4xx_hal_fdcan.c ****   }
 3539              		.loc 1 2692 12 view .LVU1237
 3540 0026 7047     		bx	lr
 3541              	.LVL273:
 3542              	.L247:
2684:platform/HAL/src/stm32g4xx_hal_fdcan.c ****     }
 3543              		.loc 1 2684 7 is_stmt 1 view .LVU1238
 3544 0028 0268     		ldr	r2, [r0]
 3545              	.LVL274:
ARM GAS  /tmp/cc2SU6oB.s 			page 144


2684:platform/HAL/src/stm32g4xx_hal_fdcan.c ****     }
 3546              		.loc 1 2684 7 is_stmt 0 view .LVU1239
 3547 002a 936D     		ldr	r3, [r2, #88]
 3548 002c 23EA0103 		bic	r3, r3, r1
 3549 0030 9365     		str	r3, [r2, #88]
 3550 0032 F7E7     		b	.L244
 3551              		.cfi_endproc
 3552              	.LFE372:
 3554              		.section	.text.HAL_FDCAN_ActivateNotification,"ax",%progbits
 3555              		.align	1
 3556              		.global	HAL_FDCAN_ActivateNotification
 3557              		.syntax unified
 3558              		.thumb
 3559              		.thumb_func
 3561              	HAL_FDCAN_ActivateNotification:
 3562              	.LVL275:
 3563              	.LFB373:
2718:platform/HAL/src/stm32g4xx_hal_fdcan.c ****   HAL_FDCAN_StateTypeDef state = hfdcan->State;
 3564              		.loc 1 2718 1 is_stmt 1 view -0
 3565              		.cfi_startproc
 3566              		@ args = 0, pretend = 0, frame = 0
 3567              		@ frame_needed = 0, uses_anonymous_args = 0
 3568              		@ link register save eliminated.
2719:platform/HAL/src/stm32g4xx_hal_fdcan.c ****   uint32_t ITs_lines_selection;
 3569              		.loc 1 2719 3 view .LVU1241
2719:platform/HAL/src/stm32g4xx_hal_fdcan.c ****   uint32_t ITs_lines_selection;
 3570              		.loc 1 2719 26 is_stmt 0 view .LVU1242
 3571 0000 90F85C30 		ldrb	r3, [r0, #92]	@ zero_extendqisi2
 3572              	.LVL276:
2720:platform/HAL/src/stm32g4xx_hal_fdcan.c **** 
 3573              		.loc 1 2720 3 is_stmt 1 view .LVU1243
2723:platform/HAL/src/stm32g4xx_hal_fdcan.c ****   if ((ActiveITs & (FDCAN_IT_TX_COMPLETE | FDCAN_IT_TX_ABORT_COMPLETE)) != 0U)
 3574              		.loc 1 2723 3 view .LVU1244
2724:platform/HAL/src/stm32g4xx_hal_fdcan.c ****   {
 3575              		.loc 1 2724 3 view .LVU1245
2726:platform/HAL/src/stm32g4xx_hal_fdcan.c ****   }
 3576              		.loc 1 2726 5 view .LVU1246
2729:platform/HAL/src/stm32g4xx_hal_fdcan.c ****   {
 3577              		.loc 1 2729 3 view .LVU1247
2729:platform/HAL/src/stm32g4xx_hal_fdcan.c ****   {
 3578              		.loc 1 2729 40 is_stmt 0 view .LVU1248
 3579 0004 013B     		subs	r3, r3, #1
 3580              	.LVL277:
2729:platform/HAL/src/stm32g4xx_hal_fdcan.c ****   {
 3581              		.loc 1 2729 40 view .LVU1249
 3582 0006 DBB2     		uxtb	r3, r3
 3583              	.LVL278:
2729:platform/HAL/src/stm32g4xx_hal_fdcan.c ****   {
 3584              		.loc 1 2729 6 view .LVU1250
 3585 0008 012B     		cmp	r3, #1
 3586 000a 05D9     		bls	.L273
2795:platform/HAL/src/stm32g4xx_hal_fdcan.c **** 
 3587              		.loc 1 2795 5 is_stmt 1 view .LVU1251
2795:platform/HAL/src/stm32g4xx_hal_fdcan.c **** 
 3588              		.loc 1 2795 11 is_stmt 0 view .LVU1252
 3589 000c 036E     		ldr	r3, [r0, #96]
2795:platform/HAL/src/stm32g4xx_hal_fdcan.c **** 
ARM GAS  /tmp/cc2SU6oB.s 			page 145


 3590              		.loc 1 2795 23 view .LVU1253
 3591 000e 43F00203 		orr	r3, r3, #2
 3592 0012 0366     		str	r3, [r0, #96]
2797:platform/HAL/src/stm32g4xx_hal_fdcan.c ****   }
 3593              		.loc 1 2797 5 is_stmt 1 view .LVU1254
2797:platform/HAL/src/stm32g4xx_hal_fdcan.c ****   }
 3594              		.loc 1 2797 12 is_stmt 0 view .LVU1255
 3595 0014 0120     		movs	r0, #1
 3596              	.LVL279:
2799:platform/HAL/src/stm32g4xx_hal_fdcan.c **** 
 3597              		.loc 1 2799 1 view .LVU1256
 3598 0016 7047     		bx	lr
 3599              	.LVL280:
 3600              	.L273:
2718:platform/HAL/src/stm32g4xx_hal_fdcan.c ****   HAL_FDCAN_StateTypeDef state = hfdcan->State;
 3601              		.loc 1 2718 1 view .LVU1257
 3602 0018 70B4     		push	{r4, r5, r6}
 3603              	.LCFI19:
 3604              		.cfi_def_cfa_offset 12
 3605              		.cfi_offset 4, -12
 3606              		.cfi_offset 5, -8
 3607              		.cfi_offset 6, -4
2732:platform/HAL/src/stm32g4xx_hal_fdcan.c **** 
 3608              		.loc 1 2732 5 is_stmt 1 view .LVU1258
2732:platform/HAL/src/stm32g4xx_hal_fdcan.c **** 
 3609              		.loc 1 2732 33 is_stmt 0 view .LVU1259
 3610 001a 0468     		ldr	r4, [r0]
2732:platform/HAL/src/stm32g4xx_hal_fdcan.c **** 
 3611              		.loc 1 2732 25 view .LVU1260
 3612 001c A36D     		ldr	r3, [r4, #88]
 3613              	.LVL281:
2735:platform/HAL/src/stm32g4xx_hal_fdcan.c ****          && (((ITs_lines_selection) & FDCAN_IT_GROUP_RX_FIFO0) == 0U)) || \
 3614              		.loc 1 2735 5 is_stmt 1 view .LVU1261
2735:platform/HAL/src/stm32g4xx_hal_fdcan.c ****          && (((ITs_lines_selection) & FDCAN_IT_GROUP_RX_FIFO0) == 0U)) || \
 3615              		.loc 1 2735 8 is_stmt 0 view .LVU1262
 3616 001e 11F00706 		ands	r6, r1, #7
 3617 0022 02D0     		beq	.L250
2736:platform/HAL/src/stm32g4xx_hal_fdcan.c ****         (((ActiveITs & FDCAN_IT_LIST_RX_FIFO1)       != 0U)
 3618              		.loc 1 2736 10 view .LVU1263
 3619 0024 13F0010F 		tst	r3, #1
 3620 0028 23D0     		beq	.L251
 3621              	.L250:
2736:platform/HAL/src/stm32g4xx_hal_fdcan.c ****         (((ActiveITs & FDCAN_IT_LIST_RX_FIFO1)       != 0U)
 3622              		.loc 1 2736 72 discriminator 1 view .LVU1264
 3623 002a 11F0380F 		tst	r1, #56
 3624 002e 02D0     		beq	.L252
2738:platform/HAL/src/stm32g4xx_hal_fdcan.c ****         (((ActiveITs & FDCAN_IT_LIST_SMSG)           != 0U)
 3625              		.loc 1 2738 10 view .LVU1265
 3626 0030 13F0020F 		tst	r3, #2
 3627 0034 1DD0     		beq	.L251
 3628              	.L252:
2738:platform/HAL/src/stm32g4xx_hal_fdcan.c ****         (((ActiveITs & FDCAN_IT_LIST_SMSG)           != 0U)
 3629              		.loc 1 2738 72 discriminator 1 view .LVU1266
 3630 0036 11F4E07F 		tst	r1, #448
 3631 003a 02D0     		beq	.L253
2740:platform/HAL/src/stm32g4xx_hal_fdcan.c ****         (((ActiveITs & FDCAN_IT_LIST_TX_FIFO_ERROR)  != 0U)
 3632              		.loc 1 2740 10 view .LVU1267
ARM GAS  /tmp/cc2SU6oB.s 			page 146


 3633 003c 13F0040F 		tst	r3, #4
 3634 0040 17D0     		beq	.L251
 3635              	.L253:
2740:platform/HAL/src/stm32g4xx_hal_fdcan.c ****         (((ActiveITs & FDCAN_IT_LIST_TX_FIFO_ERROR)  != 0U)
 3636              		.loc 1 2740 72 discriminator 1 view .LVU1268
 3637 0042 11F4F05F 		tst	r1, #7680
 3638 0046 02D0     		beq	.L254
2742:platform/HAL/src/stm32g4xx_hal_fdcan.c ****         (((ActiveITs & FDCAN_IT_LIST_MISC)           != 0U)
 3639              		.loc 1 2742 10 view .LVU1269
 3640 0048 13F0080F 		tst	r3, #8
 3641 004c 11D0     		beq	.L251
 3642              	.L254:
2742:platform/HAL/src/stm32g4xx_hal_fdcan.c ****         (((ActiveITs & FDCAN_IT_LIST_MISC)           != 0U)
 3643              		.loc 1 2742 78 discriminator 1 view .LVU1270
 3644 004e 11F4604F 		tst	r1, #57344
 3645 0052 02D0     		beq	.L255
2744:platform/HAL/src/stm32g4xx_hal_fdcan.c ****         (((ActiveITs & FDCAN_IT_LIST_BIT_LINE_ERROR) != 0U)
 3646              		.loc 1 2744 10 view .LVU1271
 3647 0054 13F0100F 		tst	r3, #16
 3648 0058 0BD0     		beq	.L251
 3649              	.L255:
2744:platform/HAL/src/stm32g4xx_hal_fdcan.c ****         (((ActiveITs & FDCAN_IT_LIST_BIT_LINE_ERROR) != 0U)
 3650              		.loc 1 2744 78 discriminator 1 view .LVU1272
 3651 005a 11F4403F 		tst	r1, #196608
 3652 005e 02D0     		beq	.L256
2746:platform/HAL/src/stm32g4xx_hal_fdcan.c ****         (((ActiveITs & FDCAN_IT_LIST_PROTOCOL_ERROR) != 0U)
 3653              		.loc 1 2746 10 view .LVU1273
 3654 0060 13F0200F 		tst	r3, #32
 3655 0064 05D0     		beq	.L251
 3656              	.L256:
2746:platform/HAL/src/stm32g4xx_hal_fdcan.c ****         (((ActiveITs & FDCAN_IT_LIST_PROTOCOL_ERROR) != 0U)
 3657              		.loc 1 2746 78 discriminator 1 view .LVU1274
 3658 0066 11F47C0F 		tst	r1, #16515072
 3659 006a 06D0     		beq	.L257
2748:platform/HAL/src/stm32g4xx_hal_fdcan.c ****     {
 3660              		.loc 1 2748 10 view .LVU1275
 3661 006c 13F0400F 		tst	r3, #64
 3662 0070 03D1     		bne	.L257
 3663              	.L251:
2751:platform/HAL/src/stm32g4xx_hal_fdcan.c ****     }
 3664              		.loc 1 2751 7 is_stmt 1 view .LVU1276
 3665 0072 E56D     		ldr	r5, [r4, #92]
 3666 0074 45F00105 		orr	r5, r5, #1
 3667 0078 E565     		str	r5, [r4, #92]
 3668              	.L257:
2753:platform/HAL/src/stm32g4xx_hal_fdcan.c ****          && (((ITs_lines_selection) & FDCAN_IT_GROUP_RX_FIFO0)      != 0U)) || \
 3669              		.loc 1 2753 5 view .LVU1277
2753:platform/HAL/src/stm32g4xx_hal_fdcan.c ****          && (((ITs_lines_selection) & FDCAN_IT_GROUP_RX_FIFO0)      != 0U)) || \
 3670              		.loc 1 2753 8 is_stmt 0 view .LVU1278
 3671 007a 16B1     		cbz	r6, .L258
2754:platform/HAL/src/stm32g4xx_hal_fdcan.c ****         (((ActiveITs & FDCAN_IT_LIST_RX_FIFO1)       != 0U)
 3672              		.loc 1 2754 10 view .LVU1279
 3673 007c 13F0010F 		tst	r3, #1
 3674 0080 23D1     		bne	.L259
 3675              	.L258:
2754:platform/HAL/src/stm32g4xx_hal_fdcan.c ****         (((ActiveITs & FDCAN_IT_LIST_RX_FIFO1)       != 0U)
 3676              		.loc 1 2754 77 discriminator 1 view .LVU1280
ARM GAS  /tmp/cc2SU6oB.s 			page 147


 3677 0082 11F0380F 		tst	r1, #56
 3678 0086 02D0     		beq	.L260
2756:platform/HAL/src/stm32g4xx_hal_fdcan.c ****         (((ActiveITs & FDCAN_IT_LIST_SMSG)           != 0U)
 3679              		.loc 1 2756 10 view .LVU1281
 3680 0088 13F0020F 		tst	r3, #2
 3681 008c 1DD1     		bne	.L259
 3682              	.L260:
2756:platform/HAL/src/stm32g4xx_hal_fdcan.c ****         (((ActiveITs & FDCAN_IT_LIST_SMSG)           != 0U)
 3683              		.loc 1 2756 78 discriminator 1 view .LVU1282
 3684 008e 11F4E07F 		tst	r1, #448
 3685 0092 02D0     		beq	.L261
2758:platform/HAL/src/stm32g4xx_hal_fdcan.c ****         (((ActiveITs & FDCAN_IT_LIST_TX_FIFO_ERROR)  != 0U)
 3686              		.loc 1 2758 10 view .LVU1283
 3687 0094 13F0040F 		tst	r3, #4
 3688 0098 17D1     		bne	.L259
 3689              	.L261:
2758:platform/HAL/src/stm32g4xx_hal_fdcan.c ****         (((ActiveITs & FDCAN_IT_LIST_TX_FIFO_ERROR)  != 0U)
 3690              		.loc 1 2758 78 discriminator 1 view .LVU1284
 3691 009a 11F4F05F 		tst	r1, #7680
 3692 009e 02D0     		beq	.L262
2760:platform/HAL/src/stm32g4xx_hal_fdcan.c ****         (((ActiveITs & FDCAN_IT_LIST_MISC)           != 0U)
 3693              		.loc 1 2760 10 view .LVU1285
 3694 00a0 13F0080F 		tst	r3, #8
 3695 00a4 11D1     		bne	.L259
 3696              	.L262:
2760:platform/HAL/src/stm32g4xx_hal_fdcan.c ****         (((ActiveITs & FDCAN_IT_LIST_MISC)           != 0U)
 3697              		.loc 1 2760 78 discriminator 1 view .LVU1286
 3698 00a6 11F4604F 		tst	r1, #57344
 3699 00aa 02D0     		beq	.L263
2762:platform/HAL/src/stm32g4xx_hal_fdcan.c ****         (((ActiveITs & FDCAN_IT_LIST_BIT_LINE_ERROR) != 0U)
 3700              		.loc 1 2762 10 view .LVU1287
 3701 00ac 13F0100F 		tst	r3, #16
 3702 00b0 0BD1     		bne	.L259
 3703              	.L263:
2762:platform/HAL/src/stm32g4xx_hal_fdcan.c ****         (((ActiveITs & FDCAN_IT_LIST_BIT_LINE_ERROR) != 0U)
 3704              		.loc 1 2762 78 discriminator 1 view .LVU1288
 3705 00b2 11F4403F 		tst	r1, #196608
 3706 00b6 02D0     		beq	.L264
2764:platform/HAL/src/stm32g4xx_hal_fdcan.c ****         (((ActiveITs & FDCAN_IT_LIST_PROTOCOL_ERROR) != 0U)
 3707              		.loc 1 2764 10 view .LVU1289
 3708 00b8 13F0200F 		tst	r3, #32
 3709 00bc 05D1     		bne	.L259
 3710              	.L264:
2764:platform/HAL/src/stm32g4xx_hal_fdcan.c ****         (((ActiveITs & FDCAN_IT_LIST_PROTOCOL_ERROR) != 0U)
 3711              		.loc 1 2764 78 discriminator 1 view .LVU1290
 3712 00be 11F47C0F 		tst	r1, #16515072
 3713 00c2 07D0     		beq	.L265
2766:platform/HAL/src/stm32g4xx_hal_fdcan.c ****     {
 3714              		.loc 1 2766 10 view .LVU1291
 3715 00c4 13F0400F 		tst	r3, #64
 3716 00c8 04D0     		beq	.L265
 3717              	.L259:
2769:platform/HAL/src/stm32g4xx_hal_fdcan.c ****     }
 3718              		.loc 1 2769 7 is_stmt 1 view .LVU1292
 3719 00ca 0468     		ldr	r4, [r0]
 3720 00cc E36D     		ldr	r3, [r4, #92]
 3721              	.LVL282:
ARM GAS  /tmp/cc2SU6oB.s 			page 148


2769:platform/HAL/src/stm32g4xx_hal_fdcan.c ****     }
 3722              		.loc 1 2769 7 is_stmt 0 view .LVU1293
 3723 00ce 43F00203 		orr	r3, r3, #2
 3724 00d2 E365     		str	r3, [r4, #92]
 3725              	.L265:
2772:platform/HAL/src/stm32g4xx_hal_fdcan.c ****     {
 3726              		.loc 1 2772 5 is_stmt 1 view .LVU1294
2772:platform/HAL/src/stm32g4xx_hal_fdcan.c ****     {
 3727              		.loc 1 2772 8 is_stmt 0 view .LVU1295
 3728 00d4 11F0800F 		tst	r1, #128
 3729 00d8 05D0     		beq	.L266
2776:platform/HAL/src/stm32g4xx_hal_fdcan.c ****     }
 3730              		.loc 1 2776 7 is_stmt 1 view .LVU1296
 3731 00da 0468     		ldr	r4, [r0]
 3732 00dc D4F8DC30 		ldr	r3, [r4, #220]
 3733 00e0 1343     		orrs	r3, r3, r2
 3734 00e2 C4F8DC30 		str	r3, [r4, #220]
 3735              	.L266:
2779:platform/HAL/src/stm32g4xx_hal_fdcan.c ****     {
 3736              		.loc 1 2779 5 view .LVU1297
2779:platform/HAL/src/stm32g4xx_hal_fdcan.c ****     {
 3737              		.loc 1 2779 8 is_stmt 0 view .LVU1298
 3738 00e6 11F4807F 		tst	r1, #256
 3739 00ea 05D0     		beq	.L267
2783:platform/HAL/src/stm32g4xx_hal_fdcan.c ****     }
 3740              		.loc 1 2783 7 is_stmt 1 view .LVU1299
 3741 00ec 0468     		ldr	r4, [r0]
 3742 00ee D4F8E030 		ldr	r3, [r4, #224]
 3743 00f2 1343     		orrs	r3, r3, r2
 3744 00f4 C4F8E030 		str	r3, [r4, #224]
 3745              	.L267:
2787:platform/HAL/src/stm32g4xx_hal_fdcan.c **** 
 3746              		.loc 1 2787 5 view .LVU1300
 3747 00f8 0268     		ldr	r2, [r0]
 3748              	.LVL283:
2787:platform/HAL/src/stm32g4xx_hal_fdcan.c **** 
 3749              		.loc 1 2787 5 is_stmt 0 view .LVU1301
 3750 00fa 536D     		ldr	r3, [r2, #84]
 3751 00fc 0B43     		orrs	r3, r3, r1
 3752 00fe 5365     		str	r3, [r2, #84]
2790:platform/HAL/src/stm32g4xx_hal_fdcan.c ****   }
 3753              		.loc 1 2790 5 is_stmt 1 view .LVU1302
2790:platform/HAL/src/stm32g4xx_hal_fdcan.c ****   }
 3754              		.loc 1 2790 12 is_stmt 0 view .LVU1303
 3755 0100 0020     		movs	r0, #0
 3756              	.LVL284:
2799:platform/HAL/src/stm32g4xx_hal_fdcan.c **** 
 3757              		.loc 1 2799 1 view .LVU1304
 3758 0102 70BC     		pop	{r4, r5, r6}
 3759              	.LCFI20:
 3760              		.cfi_restore 6
 3761              		.cfi_restore 5
 3762              		.cfi_restore 4
 3763              		.cfi_def_cfa_offset 0
 3764 0104 7047     		bx	lr
 3765              		.cfi_endproc
 3766              	.LFE373:
ARM GAS  /tmp/cc2SU6oB.s 			page 149


 3768              		.section	.text.HAL_FDCAN_DeactivateNotification,"ax",%progbits
 3769              		.align	1
 3770              		.global	HAL_FDCAN_DeactivateNotification
 3771              		.syntax unified
 3772              		.thumb
 3773              		.thumb_func
 3775              	HAL_FDCAN_DeactivateNotification:
 3776              	.LVL285:
 3777              	.LFB374:
2810:platform/HAL/src/stm32g4xx_hal_fdcan.c ****   HAL_FDCAN_StateTypeDef state = hfdcan->State;
 3778              		.loc 1 2810 1 is_stmt 1 view -0
 3779              		.cfi_startproc
 3780              		@ args = 0, pretend = 0, frame = 0
 3781              		@ frame_needed = 0, uses_anonymous_args = 0
 3782              		@ link register save eliminated.
2811:platform/HAL/src/stm32g4xx_hal_fdcan.c ****   uint32_t ITs_enabled;
 3783              		.loc 1 2811 3 view .LVU1306
2811:platform/HAL/src/stm32g4xx_hal_fdcan.c ****   uint32_t ITs_enabled;
 3784              		.loc 1 2811 26 is_stmt 0 view .LVU1307
 3785 0000 90F85C30 		ldrb	r3, [r0, #92]	@ zero_extendqisi2
 3786              	.LVL286:
2812:platform/HAL/src/stm32g4xx_hal_fdcan.c ****   uint32_t ITs_lines_selection;
 3787              		.loc 1 2812 3 is_stmt 1 view .LVU1308
2813:platform/HAL/src/stm32g4xx_hal_fdcan.c **** 
 3788              		.loc 1 2813 3 view .LVU1309
2816:platform/HAL/src/stm32g4xx_hal_fdcan.c **** 
 3789              		.loc 1 2816 3 view .LVU1310
2818:platform/HAL/src/stm32g4xx_hal_fdcan.c ****   {
 3790              		.loc 1 2818 3 view .LVU1311
2818:platform/HAL/src/stm32g4xx_hal_fdcan.c ****   {
 3791              		.loc 1 2818 40 is_stmt 0 view .LVU1312
 3792 0004 013B     		subs	r3, r3, #1
 3793              	.LVL287:
2818:platform/HAL/src/stm32g4xx_hal_fdcan.c ****   {
 3794              		.loc 1 2818 40 view .LVU1313
 3795 0006 DBB2     		uxtb	r3, r3
 3796              	.LVL288:
2818:platform/HAL/src/stm32g4xx_hal_fdcan.c ****   {
 3797              		.loc 1 2818 6 view .LVU1314
 3798 0008 012B     		cmp	r3, #1
 3799 000a 05D9     		bls	.L299
2893:platform/HAL/src/stm32g4xx_hal_fdcan.c **** 
 3800              		.loc 1 2893 5 is_stmt 1 view .LVU1315
2893:platform/HAL/src/stm32g4xx_hal_fdcan.c **** 
 3801              		.loc 1 2893 11 is_stmt 0 view .LVU1316
 3802 000c 036E     		ldr	r3, [r0, #96]
2893:platform/HAL/src/stm32g4xx_hal_fdcan.c **** 
 3803              		.loc 1 2893 23 view .LVU1317
 3804 000e 43F00203 		orr	r3, r3, #2
 3805 0012 0366     		str	r3, [r0, #96]
2895:platform/HAL/src/stm32g4xx_hal_fdcan.c ****   }
 3806              		.loc 1 2895 5 is_stmt 1 view .LVU1318
2895:platform/HAL/src/stm32g4xx_hal_fdcan.c ****   }
 3807              		.loc 1 2895 12 is_stmt 0 view .LVU1319
 3808 0014 0120     		movs	r0, #1
 3809              	.LVL289:
2897:platform/HAL/src/stm32g4xx_hal_fdcan.c **** 
ARM GAS  /tmp/cc2SU6oB.s 			page 150


 3810              		.loc 1 2897 1 view .LVU1320
 3811 0016 7047     		bx	lr
 3812              	.LVL290:
 3813              	.L299:
2810:platform/HAL/src/stm32g4xx_hal_fdcan.c ****   HAL_FDCAN_StateTypeDef state = hfdcan->State;
 3814              		.loc 1 2810 1 view .LVU1321
 3815 0018 30B4     		push	{r4, r5}
 3816              	.LCFI21:
 3817              		.cfi_def_cfa_offset 8
 3818              		.cfi_offset 4, -8
 3819              		.cfi_offset 5, -4
2821:platform/HAL/src/stm32g4xx_hal_fdcan.c **** 
 3820              		.loc 1 2821 5 is_stmt 1 view .LVU1322
 3821 001a 0268     		ldr	r2, [r0]
 3822 001c 536D     		ldr	r3, [r2, #84]
 3823 001e 23EA0103 		bic	r3, r3, r1
 3824 0022 5365     		str	r3, [r2, #84]
2823:platform/HAL/src/stm32g4xx_hal_fdcan.c ****     {
 3825              		.loc 1 2823 5 view .LVU1323
2823:platform/HAL/src/stm32g4xx_hal_fdcan.c ****     {
 3826              		.loc 1 2823 8 is_stmt 0 view .LVU1324
 3827 0024 11F0800F 		tst	r1, #128
 3828 0028 03D0     		beq	.L276
2826:platform/HAL/src/stm32g4xx_hal_fdcan.c ****     }
 3829              		.loc 1 2826 7 is_stmt 1 view .LVU1325
 3830 002a 0368     		ldr	r3, [r0]
 3831 002c 0022     		movs	r2, #0
 3832 002e C3F8DC20 		str	r2, [r3, #220]
 3833              	.L276:
2829:platform/HAL/src/stm32g4xx_hal_fdcan.c ****     {
 3834              		.loc 1 2829 5 view .LVU1326
2829:platform/HAL/src/stm32g4xx_hal_fdcan.c ****     {
 3835              		.loc 1 2829 8 is_stmt 0 view .LVU1327
 3836 0032 11F4807F 		tst	r1, #256
 3837 0036 03D0     		beq	.L277
2832:platform/HAL/src/stm32g4xx_hal_fdcan.c ****     }
 3838              		.loc 1 2832 7 is_stmt 1 view .LVU1328
 3839 0038 0368     		ldr	r3, [r0]
 3840 003a 0022     		movs	r2, #0
 3841 003c C3F8E020 		str	r2, [r3, #224]
 3842              	.L277:
2836:platform/HAL/src/stm32g4xx_hal_fdcan.c ****     ITs_lines_selection = hfdcan->Instance->ILS;
 3843              		.loc 1 2836 5 view .LVU1329
2836:platform/HAL/src/stm32g4xx_hal_fdcan.c ****     ITs_lines_selection = hfdcan->Instance->ILS;
 3844              		.loc 1 2836 25 is_stmt 0 view .LVU1330
 3845 0040 0168     		ldr	r1, [r0]
 3846              	.LVL291:
2836:platform/HAL/src/stm32g4xx_hal_fdcan.c ****     ITs_lines_selection = hfdcan->Instance->ILS;
 3847              		.loc 1 2836 17 view .LVU1331
 3848 0042 4B6D     		ldr	r3, [r1, #84]
 3849              	.LVL292:
2837:platform/HAL/src/stm32g4xx_hal_fdcan.c **** 
 3850              		.loc 1 2837 5 is_stmt 1 view .LVU1332
2837:platform/HAL/src/stm32g4xx_hal_fdcan.c **** 
 3851              		.loc 1 2837 25 is_stmt 0 view .LVU1333
 3852 0044 8A6D     		ldr	r2, [r1, #88]
 3853              	.LVL293:
ARM GAS  /tmp/cc2SU6oB.s 			page 151


2840:platform/HAL/src/stm32g4xx_hal_fdcan.c ****          && (((ITs_lines_selection) & FDCAN_IT_GROUP_RX_FIFO0)       == 0U)) || \
 3854              		.loc 1 2840 5 is_stmt 1 view .LVU1334
2840:platform/HAL/src/stm32g4xx_hal_fdcan.c ****          && (((ITs_lines_selection) & FDCAN_IT_GROUP_RX_FIFO0)       == 0U)) || \
 3855              		.loc 1 2840 8 is_stmt 0 view .LVU1335
 3856 0046 13F00704 		ands	r4, r3, #7
 3857 004a 02D0     		beq	.L278
2841:platform/HAL/src/stm32g4xx_hal_fdcan.c ****         (((ITs_enabled & FDCAN_IT_LIST_RX_FIFO1)       != 0U)
 3858              		.loc 1 2841 10 view .LVU1336
 3859 004c 12F0010F 		tst	r2, #1
 3860 0050 27D0     		beq	.L279
 3861              	.L278:
2841:platform/HAL/src/stm32g4xx_hal_fdcan.c ****         (((ITs_enabled & FDCAN_IT_LIST_RX_FIFO1)       != 0U)
 3862              		.loc 1 2841 78 discriminator 1 view .LVU1337
 3863 0052 13F0380F 		tst	r3, #56
 3864 0056 02D0     		beq	.L280
2843:platform/HAL/src/stm32g4xx_hal_fdcan.c ****         (((ITs_enabled & FDCAN_IT_LIST_SMSG)           != 0U)
 3865              		.loc 1 2843 10 view .LVU1338
 3866 0058 12F0020F 		tst	r2, #2
 3867 005c 21D0     		beq	.L279
 3868              	.L280:
2843:platform/HAL/src/stm32g4xx_hal_fdcan.c ****         (((ITs_enabled & FDCAN_IT_LIST_SMSG)           != 0U)
 3869              		.loc 1 2843 78 discriminator 1 view .LVU1339
 3870 005e 13F4E07F 		tst	r3, #448
 3871 0062 02D0     		beq	.L281
2845:platform/HAL/src/stm32g4xx_hal_fdcan.c ****         (((ITs_enabled & FDCAN_IT_LIST_TX_FIFO_ERROR)  != 0U)
 3872              		.loc 1 2845 10 view .LVU1340
 3873 0064 12F0040F 		tst	r2, #4
 3874 0068 1BD0     		beq	.L279
 3875              	.L281:
2845:platform/HAL/src/stm32g4xx_hal_fdcan.c ****         (((ITs_enabled & FDCAN_IT_LIST_TX_FIFO_ERROR)  != 0U)
 3876              		.loc 1 2845 78 discriminator 1 view .LVU1341
 3877 006a 13F4F05F 		tst	r3, #7680
 3878 006e 02D0     		beq	.L282
2847:platform/HAL/src/stm32g4xx_hal_fdcan.c ****         (((ITs_enabled & FDCAN_IT_LIST_MISC)           != 0U)
 3879              		.loc 1 2847 10 view .LVU1342
 3880 0070 12F0080F 		tst	r2, #8
 3881 0074 15D0     		beq	.L279
 3882              	.L282:
2847:platform/HAL/src/stm32g4xx_hal_fdcan.c ****         (((ITs_enabled & FDCAN_IT_LIST_MISC)           != 0U)
 3883              		.loc 1 2847 78 discriminator 1 view .LVU1343
 3884 0076 13F4604F 		tst	r3, #57344
 3885 007a 02D0     		beq	.L283
2849:platform/HAL/src/stm32g4xx_hal_fdcan.c ****         (((ITs_enabled & FDCAN_IT_LIST_BIT_LINE_ERROR) != 0U)
 3886              		.loc 1 2849 10 view .LVU1344
 3887 007c 12F0100F 		tst	r2, #16
 3888 0080 0FD0     		beq	.L279
 3889              	.L283:
2849:platform/HAL/src/stm32g4xx_hal_fdcan.c ****         (((ITs_enabled & FDCAN_IT_LIST_BIT_LINE_ERROR) != 0U)
 3890              		.loc 1 2849 78 discriminator 1 view .LVU1345
 3891 0082 13F4403F 		tst	r3, #196608
 3892 0086 02D0     		beq	.L284
2851:platform/HAL/src/stm32g4xx_hal_fdcan.c ****         (((ITs_enabled & FDCAN_IT_LIST_PROTOCOL_ERROR) != 0U)
 3893              		.loc 1 2851 10 view .LVU1346
 3894 0088 12F0200F 		tst	r2, #32
 3895 008c 09D0     		beq	.L279
 3896              	.L284:
2851:platform/HAL/src/stm32g4xx_hal_fdcan.c ****         (((ITs_enabled & FDCAN_IT_LIST_PROTOCOL_ERROR) != 0U)
ARM GAS  /tmp/cc2SU6oB.s 			page 152


 3897              		.loc 1 2851 78 discriminator 1 view .LVU1347
 3898 008e 13F47C0F 		tst	r3, #16515072
 3899 0092 02D0     		beq	.L285
2853:platform/HAL/src/stm32g4xx_hal_fdcan.c ****     {
 3900              		.loc 1 2853 10 view .LVU1348
 3901 0094 12F0400F 		tst	r2, #64
 3902 0098 03D0     		beq	.L279
 3903              	.L285:
2860:platform/HAL/src/stm32g4xx_hal_fdcan.c ****     }
 3904              		.loc 1 2860 7 is_stmt 1 view .LVU1349
 3905 009a CD6D     		ldr	r5, [r1, #92]
 3906 009c 25F00105 		bic	r5, r5, #1
 3907 00a0 CD65     		str	r5, [r1, #92]
 3908              	.L279:
2864:platform/HAL/src/stm32g4xx_hal_fdcan.c ****          && (((ITs_lines_selection) & FDCAN_IT_GROUP_RX_FIFO0)       != 0U)) || \
 3909              		.loc 1 2864 5 view .LVU1350
2864:platform/HAL/src/stm32g4xx_hal_fdcan.c ****          && (((ITs_lines_selection) & FDCAN_IT_GROUP_RX_FIFO0)       != 0U)) || \
 3910              		.loc 1 2864 8 is_stmt 0 view .LVU1351
 3911 00a2 14B1     		cbz	r4, .L286
2865:platform/HAL/src/stm32g4xx_hal_fdcan.c ****         (((ITs_enabled & FDCAN_IT_LIST_RX_FIFO1)       != 0U)
 3912              		.loc 1 2865 10 view .LVU1352
 3913 00a4 12F0010F 		tst	r2, #1
 3914 00a8 28D1     		bne	.L287
 3915              	.L286:
2865:platform/HAL/src/stm32g4xx_hal_fdcan.c ****         (((ITs_enabled & FDCAN_IT_LIST_RX_FIFO1)       != 0U)
 3916              		.loc 1 2865 78 discriminator 1 view .LVU1353
 3917 00aa 13F0380F 		tst	r3, #56
 3918 00ae 02D0     		beq	.L288
2867:platform/HAL/src/stm32g4xx_hal_fdcan.c ****         (((ITs_enabled & FDCAN_IT_LIST_SMSG)           != 0U)
 3919              		.loc 1 2867 10 view .LVU1354
 3920 00b0 12F0020F 		tst	r2, #2
 3921 00b4 22D1     		bne	.L287
 3922              	.L288:
2867:platform/HAL/src/stm32g4xx_hal_fdcan.c ****         (((ITs_enabled & FDCAN_IT_LIST_SMSG)           != 0U)
 3923              		.loc 1 2867 78 discriminator 1 view .LVU1355
 3924 00b6 13F4E07F 		tst	r3, #448
 3925 00ba 02D0     		beq	.L289
2869:platform/HAL/src/stm32g4xx_hal_fdcan.c ****         (((ITs_enabled & FDCAN_IT_LIST_TX_FIFO_ERROR)  != 0U)
 3926              		.loc 1 2869 10 view .LVU1356
 3927 00bc 12F0040F 		tst	r2, #4
 3928 00c0 1CD1     		bne	.L287
 3929              	.L289:
2869:platform/HAL/src/stm32g4xx_hal_fdcan.c ****         (((ITs_enabled & FDCAN_IT_LIST_TX_FIFO_ERROR)  != 0U)
 3930              		.loc 1 2869 78 discriminator 1 view .LVU1357
 3931 00c2 13F4F05F 		tst	r3, #7680
 3932 00c6 02D0     		beq	.L290
2871:platform/HAL/src/stm32g4xx_hal_fdcan.c ****         (((ITs_enabled & FDCAN_IT_LIST_MISC)           != 0U)
 3933              		.loc 1 2871 10 view .LVU1358
 3934 00c8 12F0080F 		tst	r2, #8
 3935 00cc 16D1     		bne	.L287
 3936              	.L290:
2871:platform/HAL/src/stm32g4xx_hal_fdcan.c ****         (((ITs_enabled & FDCAN_IT_LIST_MISC)           != 0U)
 3937              		.loc 1 2871 78 discriminator 1 view .LVU1359
 3938 00ce 13F4604F 		tst	r3, #57344
 3939 00d2 02D0     		beq	.L291
2873:platform/HAL/src/stm32g4xx_hal_fdcan.c ****         (((ITs_enabled & FDCAN_IT_LIST_BIT_LINE_ERROR) != 0U)
 3940              		.loc 1 2873 10 view .LVU1360
ARM GAS  /tmp/cc2SU6oB.s 			page 153


 3941 00d4 12F0100F 		tst	r2, #16
 3942 00d8 10D1     		bne	.L287
 3943              	.L291:
2873:platform/HAL/src/stm32g4xx_hal_fdcan.c ****         (((ITs_enabled & FDCAN_IT_LIST_BIT_LINE_ERROR) != 0U)
 3944              		.loc 1 2873 78 discriminator 1 view .LVU1361
 3945 00da 13F4403F 		tst	r3, #196608
 3946 00de 02D0     		beq	.L292
2875:platform/HAL/src/stm32g4xx_hal_fdcan.c ****         (((ITs_enabled & FDCAN_IT_LIST_PROTOCOL_ERROR) != 0U)
 3947              		.loc 1 2875 10 view .LVU1362
 3948 00e0 12F0200F 		tst	r2, #32
 3949 00e4 0AD1     		bne	.L287
 3950              	.L292:
2875:platform/HAL/src/stm32g4xx_hal_fdcan.c ****         (((ITs_enabled & FDCAN_IT_LIST_PROTOCOL_ERROR) != 0U)
 3951              		.loc 1 2875 78 discriminator 1 view .LVU1363
 3952 00e6 13F47C0F 		tst	r3, #16515072
 3953 00ea 02D0     		beq	.L293
2877:platform/HAL/src/stm32g4xx_hal_fdcan.c ****     {
 3954              		.loc 1 2877 10 view .LVU1364
 3955 00ec 12F0400F 		tst	r2, #64
 3956 00f0 04D1     		bne	.L287
 3957              	.L293:
2884:platform/HAL/src/stm32g4xx_hal_fdcan.c ****     }
 3958              		.loc 1 2884 7 is_stmt 1 view .LVU1365
 3959 00f2 0268     		ldr	r2, [r0]
 3960              	.LVL294:
2884:platform/HAL/src/stm32g4xx_hal_fdcan.c ****     }
 3961              		.loc 1 2884 7 is_stmt 0 view .LVU1366
 3962 00f4 D36D     		ldr	r3, [r2, #92]
 3963              	.LVL295:
2884:platform/HAL/src/stm32g4xx_hal_fdcan.c ****     }
 3964              		.loc 1 2884 7 view .LVU1367
 3965 00f6 23F00203 		bic	r3, r3, #2
 3966 00fa D365     		str	r3, [r2, #92]
 3967              	.L287:
2888:platform/HAL/src/stm32g4xx_hal_fdcan.c ****   }
 3968              		.loc 1 2888 5 is_stmt 1 view .LVU1368
2888:platform/HAL/src/stm32g4xx_hal_fdcan.c ****   }
 3969              		.loc 1 2888 12 is_stmt 0 view .LVU1369
 3970 00fc 0020     		movs	r0, #0
 3971              	.LVL296:
2897:platform/HAL/src/stm32g4xx_hal_fdcan.c **** 
 3972              		.loc 1 2897 1 view .LVU1370
 3973 00fe 30BC     		pop	{r4, r5}
 3974              	.LCFI22:
 3975              		.cfi_restore 5
 3976              		.cfi_restore 4
 3977              		.cfi_def_cfa_offset 0
 3978 0100 7047     		bx	lr
 3979              		.cfi_endproc
 3980              	.LFE374:
 3982              		.section	.text.HAL_FDCAN_TxEventFifoCallback,"ax",%progbits
 3983              		.align	1
 3984              		.weak	HAL_FDCAN_TxEventFifoCallback
 3985              		.syntax unified
 3986              		.thumb
 3987              		.thumb_func
 3989              	HAL_FDCAN_TxEventFifoCallback:
ARM GAS  /tmp/cc2SU6oB.s 			page 154


 3990              	.LVL297:
 3991              	.LFB376:
3179:platform/HAL/src/stm32g4xx_hal_fdcan.c ****   /* Prevent unused argument(s) compilation warning */
 3992              		.loc 1 3179 1 is_stmt 1 view -0
 3993              		.cfi_startproc
 3994              		@ args = 0, pretend = 0, frame = 0
 3995              		@ frame_needed = 0, uses_anonymous_args = 0
 3996              		@ link register save eliminated.
3181:platform/HAL/src/stm32g4xx_hal_fdcan.c ****   UNUSED(TxEventFifoITs);
 3997              		.loc 1 3181 3 view .LVU1372
3182:platform/HAL/src/stm32g4xx_hal_fdcan.c **** 
 3998              		.loc 1 3182 3 view .LVU1373
3187:platform/HAL/src/stm32g4xx_hal_fdcan.c **** 
 3999              		.loc 1 3187 1 is_stmt 0 view .LVU1374
 4000 0000 7047     		bx	lr
 4001              		.cfi_endproc
 4002              	.LFE376:
 4004              		.section	.text.HAL_FDCAN_RxFifo0Callback,"ax",%progbits
 4005              		.align	1
 4006              		.weak	HAL_FDCAN_RxFifo0Callback
 4007              		.syntax unified
 4008              		.thumb
 4009              		.thumb_func
 4011              	HAL_FDCAN_RxFifo0Callback:
 4012              	.LVL298:
 4013              	.LFB377:
3198:platform/HAL/src/stm32g4xx_hal_fdcan.c ****   /* Prevent unused argument(s) compilation warning */
 4014              		.loc 1 3198 1 is_stmt 1 view -0
 4015              		.cfi_startproc
 4016              		@ args = 0, pretend = 0, frame = 0
 4017              		@ frame_needed = 0, uses_anonymous_args = 0
 4018              		@ link register save eliminated.
3200:platform/HAL/src/stm32g4xx_hal_fdcan.c ****   UNUSED(RxFifo0ITs);
 4019              		.loc 1 3200 3 view .LVU1376
3201:platform/HAL/src/stm32g4xx_hal_fdcan.c **** 
 4020              		.loc 1 3201 3 view .LVU1377
3206:platform/HAL/src/stm32g4xx_hal_fdcan.c **** 
 4021              		.loc 1 3206 1 is_stmt 0 view .LVU1378
 4022 0000 7047     		bx	lr
 4023              		.cfi_endproc
 4024              	.LFE377:
 4026              		.section	.text.HAL_FDCAN_RxFifo1Callback,"ax",%progbits
 4027              		.align	1
 4028              		.weak	HAL_FDCAN_RxFifo1Callback
 4029              		.syntax unified
 4030              		.thumb
 4031              		.thumb_func
 4033              	HAL_FDCAN_RxFifo1Callback:
 4034              	.LVL299:
 4035              	.LFB378:
3217:platform/HAL/src/stm32g4xx_hal_fdcan.c ****   /* Prevent unused argument(s) compilation warning */
 4036              		.loc 1 3217 1 is_stmt 1 view -0
 4037              		.cfi_startproc
 4038              		@ args = 0, pretend = 0, frame = 0
 4039              		@ frame_needed = 0, uses_anonymous_args = 0
 4040              		@ link register save eliminated.
3219:platform/HAL/src/stm32g4xx_hal_fdcan.c ****   UNUSED(RxFifo1ITs);
ARM GAS  /tmp/cc2SU6oB.s 			page 155


 4041              		.loc 1 3219 3 view .LVU1380
3220:platform/HAL/src/stm32g4xx_hal_fdcan.c **** 
 4042              		.loc 1 3220 3 view .LVU1381
3225:platform/HAL/src/stm32g4xx_hal_fdcan.c **** 
 4043              		.loc 1 3225 1 is_stmt 0 view .LVU1382
 4044 0000 7047     		bx	lr
 4045              		.cfi_endproc
 4046              	.LFE378:
 4048              		.section	.text.HAL_FDCAN_TxFifoEmptyCallback,"ax",%progbits
 4049              		.align	1
 4050              		.weak	HAL_FDCAN_TxFifoEmptyCallback
 4051              		.syntax unified
 4052              		.thumb
 4053              		.thumb_func
 4055              	HAL_FDCAN_TxFifoEmptyCallback:
 4056              	.LVL300:
 4057              	.LFB379:
3234:platform/HAL/src/stm32g4xx_hal_fdcan.c ****   /* Prevent unused argument(s) compilation warning */
 4058              		.loc 1 3234 1 is_stmt 1 view -0
 4059              		.cfi_startproc
 4060              		@ args = 0, pretend = 0, frame = 0
 4061              		@ frame_needed = 0, uses_anonymous_args = 0
 4062              		@ link register save eliminated.
3236:platform/HAL/src/stm32g4xx_hal_fdcan.c **** 
 4063              		.loc 1 3236 3 view .LVU1384
3241:platform/HAL/src/stm32g4xx_hal_fdcan.c **** 
 4064              		.loc 1 3241 1 is_stmt 0 view .LVU1385
 4065 0000 7047     		bx	lr
 4066              		.cfi_endproc
 4067              	.LFE379:
 4069              		.section	.text.HAL_FDCAN_TxBufferCompleteCallback,"ax",%progbits
 4070              		.align	1
 4071              		.weak	HAL_FDCAN_TxBufferCompleteCallback
 4072              		.syntax unified
 4073              		.thumb
 4074              		.thumb_func
 4076              	HAL_FDCAN_TxBufferCompleteCallback:
 4077              	.LVL301:
 4078              	.LFB380:
3252:platform/HAL/src/stm32g4xx_hal_fdcan.c ****   /* Prevent unused argument(s) compilation warning */
 4079              		.loc 1 3252 1 is_stmt 1 view -0
 4080              		.cfi_startproc
 4081              		@ args = 0, pretend = 0, frame = 0
 4082              		@ frame_needed = 0, uses_anonymous_args = 0
 4083              		@ link register save eliminated.
3254:platform/HAL/src/stm32g4xx_hal_fdcan.c ****   UNUSED(BufferIndexes);
 4084              		.loc 1 3254 3 view .LVU1387
3255:platform/HAL/src/stm32g4xx_hal_fdcan.c **** 
 4085              		.loc 1 3255 3 view .LVU1388
3260:platform/HAL/src/stm32g4xx_hal_fdcan.c **** 
 4086              		.loc 1 3260 1 is_stmt 0 view .LVU1389
 4087 0000 7047     		bx	lr
 4088              		.cfi_endproc
 4089              	.LFE380:
 4091              		.section	.text.HAL_FDCAN_TxBufferAbortCallback,"ax",%progbits
 4092              		.align	1
 4093              		.weak	HAL_FDCAN_TxBufferAbortCallback
ARM GAS  /tmp/cc2SU6oB.s 			page 156


 4094              		.syntax unified
 4095              		.thumb
 4096              		.thumb_func
 4098              	HAL_FDCAN_TxBufferAbortCallback:
 4099              	.LVL302:
 4100              	.LFB381:
3271:platform/HAL/src/stm32g4xx_hal_fdcan.c ****   /* Prevent unused argument(s) compilation warning */
 4101              		.loc 1 3271 1 is_stmt 1 view -0
 4102              		.cfi_startproc
 4103              		@ args = 0, pretend = 0, frame = 0
 4104              		@ frame_needed = 0, uses_anonymous_args = 0
 4105              		@ link register save eliminated.
3273:platform/HAL/src/stm32g4xx_hal_fdcan.c ****   UNUSED(BufferIndexes);
 4106              		.loc 1 3273 3 view .LVU1391
3274:platform/HAL/src/stm32g4xx_hal_fdcan.c **** 
 4107              		.loc 1 3274 3 view .LVU1392
3279:platform/HAL/src/stm32g4xx_hal_fdcan.c **** 
 4108              		.loc 1 3279 1 is_stmt 0 view .LVU1393
 4109 0000 7047     		bx	lr
 4110              		.cfi_endproc
 4111              	.LFE381:
 4113              		.section	.text.HAL_FDCAN_TimestampWraparoundCallback,"ax",%progbits
 4114              		.align	1
 4115              		.weak	HAL_FDCAN_TimestampWraparoundCallback
 4116              		.syntax unified
 4117              		.thumb
 4118              		.thumb_func
 4120              	HAL_FDCAN_TimestampWraparoundCallback:
 4121              	.LVL303:
 4122              	.LFB382:
3288:platform/HAL/src/stm32g4xx_hal_fdcan.c ****   /* Prevent unused argument(s) compilation warning */
 4123              		.loc 1 3288 1 is_stmt 1 view -0
 4124              		.cfi_startproc
 4125              		@ args = 0, pretend = 0, frame = 0
 4126              		@ frame_needed = 0, uses_anonymous_args = 0
 4127              		@ link register save eliminated.
3290:platform/HAL/src/stm32g4xx_hal_fdcan.c **** 
 4128              		.loc 1 3290 3 view .LVU1395
3295:platform/HAL/src/stm32g4xx_hal_fdcan.c **** 
 4129              		.loc 1 3295 1 is_stmt 0 view .LVU1396
 4130 0000 7047     		bx	lr
 4131              		.cfi_endproc
 4132              	.LFE382:
 4134              		.section	.text.HAL_FDCAN_TimeoutOccurredCallback,"ax",%progbits
 4135              		.align	1
 4136              		.weak	HAL_FDCAN_TimeoutOccurredCallback
 4137              		.syntax unified
 4138              		.thumb
 4139              		.thumb_func
 4141              	HAL_FDCAN_TimeoutOccurredCallback:
 4142              	.LVL304:
 4143              	.LFB383:
3304:platform/HAL/src/stm32g4xx_hal_fdcan.c ****   /* Prevent unused argument(s) compilation warning */
 4144              		.loc 1 3304 1 is_stmt 1 view -0
 4145              		.cfi_startproc
 4146              		@ args = 0, pretend = 0, frame = 0
 4147              		@ frame_needed = 0, uses_anonymous_args = 0
ARM GAS  /tmp/cc2SU6oB.s 			page 157


 4148              		@ link register save eliminated.
3306:platform/HAL/src/stm32g4xx_hal_fdcan.c **** 
 4149              		.loc 1 3306 3 view .LVU1398
3311:platform/HAL/src/stm32g4xx_hal_fdcan.c **** 
 4150              		.loc 1 3311 1 is_stmt 0 view .LVU1399
 4151 0000 7047     		bx	lr
 4152              		.cfi_endproc
 4153              	.LFE383:
 4155              		.section	.text.HAL_FDCAN_HighPriorityMessageCallback,"ax",%progbits
 4156              		.align	1
 4157              		.weak	HAL_FDCAN_HighPriorityMessageCallback
 4158              		.syntax unified
 4159              		.thumb
 4160              		.thumb_func
 4162              	HAL_FDCAN_HighPriorityMessageCallback:
 4163              	.LVL305:
 4164              	.LFB384:
3320:platform/HAL/src/stm32g4xx_hal_fdcan.c ****   /* Prevent unused argument(s) compilation warning */
 4165              		.loc 1 3320 1 is_stmt 1 view -0
 4166              		.cfi_startproc
 4167              		@ args = 0, pretend = 0, frame = 0
 4168              		@ frame_needed = 0, uses_anonymous_args = 0
 4169              		@ link register save eliminated.
3322:platform/HAL/src/stm32g4xx_hal_fdcan.c **** 
 4170              		.loc 1 3322 3 view .LVU1401
3327:platform/HAL/src/stm32g4xx_hal_fdcan.c **** 
 4171              		.loc 1 3327 1 is_stmt 0 view .LVU1402
 4172 0000 7047     		bx	lr
 4173              		.cfi_endproc
 4174              	.LFE384:
 4176              		.section	.text.HAL_FDCAN_ErrorCallback,"ax",%progbits
 4177              		.align	1
 4178              		.weak	HAL_FDCAN_ErrorCallback
 4179              		.syntax unified
 4180              		.thumb
 4181              		.thumb_func
 4183              	HAL_FDCAN_ErrorCallback:
 4184              	.LVL306:
 4185              	.LFB385:
3336:platform/HAL/src/stm32g4xx_hal_fdcan.c ****   /* Prevent unused argument(s) compilation warning */
 4186              		.loc 1 3336 1 is_stmt 1 view -0
 4187              		.cfi_startproc
 4188              		@ args = 0, pretend = 0, frame = 0
 4189              		@ frame_needed = 0, uses_anonymous_args = 0
 4190              		@ link register save eliminated.
3338:platform/HAL/src/stm32g4xx_hal_fdcan.c **** 
 4191              		.loc 1 3338 3 view .LVU1404
3343:platform/HAL/src/stm32g4xx_hal_fdcan.c **** 
 4192              		.loc 1 3343 1 is_stmt 0 view .LVU1405
 4193 0000 7047     		bx	lr
 4194              		.cfi_endproc
 4195              	.LFE385:
 4197              		.section	.text.HAL_FDCAN_ErrorStatusCallback,"ax",%progbits
 4198              		.align	1
 4199              		.weak	HAL_FDCAN_ErrorStatusCallback
 4200              		.syntax unified
 4201              		.thumb
ARM GAS  /tmp/cc2SU6oB.s 			page 158


 4202              		.thumb_func
 4204              	HAL_FDCAN_ErrorStatusCallback:
 4205              	.LVL307:
 4206              	.LFB386:
3354:platform/HAL/src/stm32g4xx_hal_fdcan.c ****   /* Prevent unused argument(s) compilation warning */
 4207              		.loc 1 3354 1 is_stmt 1 view -0
 4208              		.cfi_startproc
 4209              		@ args = 0, pretend = 0, frame = 0
 4210              		@ frame_needed = 0, uses_anonymous_args = 0
 4211              		@ link register save eliminated.
3356:platform/HAL/src/stm32g4xx_hal_fdcan.c ****   UNUSED(ErrorStatusITs);
 4212              		.loc 1 3356 3 view .LVU1407
3357:platform/HAL/src/stm32g4xx_hal_fdcan.c **** 
 4213              		.loc 1 3357 3 view .LVU1408
3362:platform/HAL/src/stm32g4xx_hal_fdcan.c **** 
 4214              		.loc 1 3362 1 is_stmt 0 view .LVU1409
 4215 0000 7047     		bx	lr
 4216              		.cfi_endproc
 4217              	.LFE386:
 4219              		.section	.text.HAL_FDCAN_IRQHandler,"ax",%progbits
 4220              		.align	1
 4221              		.global	HAL_FDCAN_IRQHandler
 4222              		.syntax unified
 4223              		.thumb
 4224              		.thumb_func
 4226              	HAL_FDCAN_IRQHandler:
 4227              	.LVL308:
 4228              	.LFB375:
2906:platform/HAL/src/stm32g4xx_hal_fdcan.c ****   uint32_t TxEventFifoITs;
 4229              		.loc 1 2906 1 is_stmt 1 view -0
 4230              		.cfi_startproc
 4231              		@ args = 0, pretend = 0, frame = 0
 4232              		@ frame_needed = 0, uses_anonymous_args = 0
2906:platform/HAL/src/stm32g4xx_hal_fdcan.c ****   uint32_t TxEventFifoITs;
 4233              		.loc 1 2906 1 is_stmt 0 view .LVU1411
 4234 0000 2DE9F84F 		push	{r3, r4, r5, r6, r7, r8, r9, r10, fp, lr}
 4235              	.LCFI23:
 4236              		.cfi_def_cfa_offset 40
 4237              		.cfi_offset 3, -40
 4238              		.cfi_offset 4, -36
 4239              		.cfi_offset 5, -32
 4240              		.cfi_offset 6, -28
 4241              		.cfi_offset 7, -24
 4242              		.cfi_offset 8, -20
 4243              		.cfi_offset 9, -16
 4244              		.cfi_offset 10, -12
 4245              		.cfi_offset 11, -8
 4246              		.cfi_offset 14, -4
 4247 0004 0446     		mov	r4, r0
2907:platform/HAL/src/stm32g4xx_hal_fdcan.c ****   uint32_t RxFifo0ITs;
 4248              		.loc 1 2907 3 is_stmt 1 view .LVU1412
2908:platform/HAL/src/stm32g4xx_hal_fdcan.c ****   uint32_t RxFifo1ITs;
 4249              		.loc 1 2908 3 view .LVU1413
2909:platform/HAL/src/stm32g4xx_hal_fdcan.c ****   uint32_t Errors;
 4250              		.loc 1 2909 3 view .LVU1414
2910:platform/HAL/src/stm32g4xx_hal_fdcan.c ****   uint32_t ErrorStatusITs;
 4251              		.loc 1 2910 3 view .LVU1415
ARM GAS  /tmp/cc2SU6oB.s 			page 159


2911:platform/HAL/src/stm32g4xx_hal_fdcan.c ****   uint32_t TransmittedBuffers;
 4252              		.loc 1 2911 3 view .LVU1416
2912:platform/HAL/src/stm32g4xx_hal_fdcan.c ****   uint32_t AbortedBuffers;
 4253              		.loc 1 2912 3 view .LVU1417
2913:platform/HAL/src/stm32g4xx_hal_fdcan.c ****   uint32_t itsource;
 4254              		.loc 1 2913 3 view .LVU1418
2914:platform/HAL/src/stm32g4xx_hal_fdcan.c ****   uint32_t itflag;
 4255              		.loc 1 2914 3 view .LVU1419
2915:platform/HAL/src/stm32g4xx_hal_fdcan.c **** 
 4256              		.loc 1 2915 3 view .LVU1420
2917:platform/HAL/src/stm32g4xx_hal_fdcan.c ****   TxEventFifoITs &= hfdcan->Instance->IE;
 4257              		.loc 1 2917 3 view .LVU1421
2917:platform/HAL/src/stm32g4xx_hal_fdcan.c ****   TxEventFifoITs &= hfdcan->Instance->IE;
 4258              		.loc 1 2917 26 is_stmt 0 view .LVU1422
 4259 0006 0368     		ldr	r3, [r0]
2917:platform/HAL/src/stm32g4xx_hal_fdcan.c ****   TxEventFifoITs &= hfdcan->Instance->IE;
 4260              		.loc 1 2917 36 view .LVU1423
 4261 0008 1A6D     		ldr	r2, [r3, #80]
2917:platform/HAL/src/stm32g4xx_hal_fdcan.c ****   TxEventFifoITs &= hfdcan->Instance->IE;
 4262              		.loc 1 2917 18 view .LVU1424
 4263 000a 02F4E05A 		and	r10, r2, #7168
 4264              	.LVL309:
2918:platform/HAL/src/stm32g4xx_hal_fdcan.c ****   RxFifo0ITs = hfdcan->Instance->IR & FDCAN_RX_FIFO0_MASK;
 4265              		.loc 1 2918 3 is_stmt 1 view .LVU1425
2918:platform/HAL/src/stm32g4xx_hal_fdcan.c ****   RxFifo0ITs = hfdcan->Instance->IR & FDCAN_RX_FIFO0_MASK;
 4266              		.loc 1 2918 37 is_stmt 0 view .LVU1426
 4267 000e 5A6D     		ldr	r2, [r3, #84]
2918:platform/HAL/src/stm32g4xx_hal_fdcan.c ****   RxFifo0ITs = hfdcan->Instance->IR & FDCAN_RX_FIFO0_MASK;
 4268              		.loc 1 2918 18 view .LVU1427
 4269 0010 0AEA020A 		and	r10, r10, r2
 4270              	.LVL310:
2919:platform/HAL/src/stm32g4xx_hal_fdcan.c ****   RxFifo0ITs &= hfdcan->Instance->IE;
 4271              		.loc 1 2919 3 is_stmt 1 view .LVU1428
2919:platform/HAL/src/stm32g4xx_hal_fdcan.c ****   RxFifo0ITs &= hfdcan->Instance->IE;
 4272              		.loc 1 2919 32 is_stmt 0 view .LVU1429
 4273 0014 1A6D     		ldr	r2, [r3, #80]
2919:platform/HAL/src/stm32g4xx_hal_fdcan.c ****   RxFifo0ITs &= hfdcan->Instance->IE;
 4274              		.loc 1 2919 14 view .LVU1430
 4275 0016 02F00709 		and	r9, r2, #7
 4276              	.LVL311:
2920:platform/HAL/src/stm32g4xx_hal_fdcan.c ****   RxFifo1ITs = hfdcan->Instance->IR & FDCAN_RX_FIFO1_MASK;
 4277              		.loc 1 2920 3 is_stmt 1 view .LVU1431
2920:platform/HAL/src/stm32g4xx_hal_fdcan.c ****   RxFifo1ITs = hfdcan->Instance->IR & FDCAN_RX_FIFO1_MASK;
 4278              		.loc 1 2920 33 is_stmt 0 view .LVU1432
 4279 001a 5A6D     		ldr	r2, [r3, #84]
2920:platform/HAL/src/stm32g4xx_hal_fdcan.c ****   RxFifo1ITs = hfdcan->Instance->IR & FDCAN_RX_FIFO1_MASK;
 4280              		.loc 1 2920 14 view .LVU1433
 4281 001c 09EA0209 		and	r9, r9, r2
 4282              	.LVL312:
2921:platform/HAL/src/stm32g4xx_hal_fdcan.c ****   RxFifo1ITs &= hfdcan->Instance->IE;
 4283              		.loc 1 2921 3 is_stmt 1 view .LVU1434
2921:platform/HAL/src/stm32g4xx_hal_fdcan.c ****   RxFifo1ITs &= hfdcan->Instance->IE;
 4284              		.loc 1 2921 32 is_stmt 0 view .LVU1435
 4285 0020 1A6D     		ldr	r2, [r3, #80]
2921:platform/HAL/src/stm32g4xx_hal_fdcan.c ****   RxFifo1ITs &= hfdcan->Instance->IE;
 4286              		.loc 1 2921 14 view .LVU1436
 4287 0022 02F03808 		and	r8, r2, #56
ARM GAS  /tmp/cc2SU6oB.s 			page 160


 4288              	.LVL313:
2922:platform/HAL/src/stm32g4xx_hal_fdcan.c ****   Errors = hfdcan->Instance->IR & FDCAN_ERROR_MASK;
 4289              		.loc 1 2922 3 is_stmt 1 view .LVU1437
2922:platform/HAL/src/stm32g4xx_hal_fdcan.c ****   Errors = hfdcan->Instance->IR & FDCAN_ERROR_MASK;
 4290              		.loc 1 2922 33 is_stmt 0 view .LVU1438
 4291 0026 5A6D     		ldr	r2, [r3, #84]
2922:platform/HAL/src/stm32g4xx_hal_fdcan.c ****   Errors = hfdcan->Instance->IR & FDCAN_ERROR_MASK;
 4292              		.loc 1 2922 14 view .LVU1439
 4293 0028 08EA0208 		and	r8, r8, r2
 4294              	.LVL314:
2923:platform/HAL/src/stm32g4xx_hal_fdcan.c ****   Errors &= hfdcan->Instance->IE;
 4295              		.loc 1 2923 3 is_stmt 1 view .LVU1440
2923:platform/HAL/src/stm32g4xx_hal_fdcan.c ****   Errors &= hfdcan->Instance->IE;
 4296              		.loc 1 2923 28 is_stmt 0 view .LVU1441
 4297 002c 1E6D     		ldr	r6, [r3, #80]
2923:platform/HAL/src/stm32g4xx_hal_fdcan.c ****   Errors &= hfdcan->Instance->IE;
 4298              		.loc 1 2923 10 view .LVU1442
 4299 002e 06F47106 		and	r6, r6, #15794176
 4300              	.LVL315:
2924:platform/HAL/src/stm32g4xx_hal_fdcan.c ****   ErrorStatusITs = hfdcan->Instance->IR & FDCAN_ERROR_STATUS_MASK;
 4301              		.loc 1 2924 3 is_stmt 1 view .LVU1443
2924:platform/HAL/src/stm32g4xx_hal_fdcan.c ****   ErrorStatusITs = hfdcan->Instance->IR & FDCAN_ERROR_STATUS_MASK;
 4302              		.loc 1 2924 29 is_stmt 0 view .LVU1444
 4303 0032 5A6D     		ldr	r2, [r3, #84]
2924:platform/HAL/src/stm32g4xx_hal_fdcan.c ****   ErrorStatusITs = hfdcan->Instance->IR & FDCAN_ERROR_STATUS_MASK;
 4304              		.loc 1 2924 10 view .LVU1445
 4305 0034 1640     		ands	r6, r6, r2
 4306              	.LVL316:
2925:platform/HAL/src/stm32g4xx_hal_fdcan.c ****   ErrorStatusITs &= hfdcan->Instance->IE;
 4307              		.loc 1 2925 3 is_stmt 1 view .LVU1446
2925:platform/HAL/src/stm32g4xx_hal_fdcan.c ****   ErrorStatusITs &= hfdcan->Instance->IE;
 4308              		.loc 1 2925 36 is_stmt 0 view .LVU1447
 4309 0036 1F6D     		ldr	r7, [r3, #80]
2925:platform/HAL/src/stm32g4xx_hal_fdcan.c ****   ErrorStatusITs &= hfdcan->Instance->IE;
 4310              		.loc 1 2925 18 view .LVU1448
 4311 0038 07F46027 		and	r7, r7, #917504
 4312              	.LVL317:
2926:platform/HAL/src/stm32g4xx_hal_fdcan.c ****   itsource = hfdcan->Instance->IE;
 4313              		.loc 1 2926 3 is_stmt 1 view .LVU1449
2926:platform/HAL/src/stm32g4xx_hal_fdcan.c ****   itsource = hfdcan->Instance->IE;
 4314              		.loc 1 2926 37 is_stmt 0 view .LVU1450
 4315 003c 5A6D     		ldr	r2, [r3, #84]
2926:platform/HAL/src/stm32g4xx_hal_fdcan.c ****   itsource = hfdcan->Instance->IE;
 4316              		.loc 1 2926 18 view .LVU1451
 4317 003e 1740     		ands	r7, r7, r2
 4318              	.LVL318:
2927:platform/HAL/src/stm32g4xx_hal_fdcan.c ****   itflag = hfdcan->Instance->IR;
 4319              		.loc 1 2927 3 is_stmt 1 view .LVU1452
2927:platform/HAL/src/stm32g4xx_hal_fdcan.c ****   itflag = hfdcan->Instance->IR;
 4320              		.loc 1 2927 12 is_stmt 0 view .LVU1453
 4321 0040 D3F854B0 		ldr	fp, [r3, #84]
 4322              	.LVL319:
2928:platform/HAL/src/stm32g4xx_hal_fdcan.c **** 
 4323              		.loc 1 2928 3 is_stmt 1 view .LVU1454
2928:platform/HAL/src/stm32g4xx_hal_fdcan.c **** 
 4324              		.loc 1 2928 10 is_stmt 0 view .LVU1455
 4325 0044 1D6D     		ldr	r5, [r3, #80]
ARM GAS  /tmp/cc2SU6oB.s 			page 161


 4326              	.LVL320:
2931:platform/HAL/src/stm32g4xx_hal_fdcan.c ****   {
 4327              		.loc 1 2931 3 is_stmt 1 view .LVU1456
2931:platform/HAL/src/stm32g4xx_hal_fdcan.c ****   {
 4328              		.loc 1 2931 6 is_stmt 0 view .LVU1457
 4329 0046 15F0400F 		tst	r5, #64
 4330 004a 02D0     		beq	.L312
2933:platform/HAL/src/stm32g4xx_hal_fdcan.c ****     {
 4331              		.loc 1 2933 5 is_stmt 1 view .LVU1458
2933:platform/HAL/src/stm32g4xx_hal_fdcan.c ****     {
 4332              		.loc 1 2933 8 is_stmt 0 view .LVU1459
 4333 004c 1BF0400F 		tst	fp, #64
 4334 0050 41D1     		bne	.L326
 4335              	.LVL321:
 4336              	.L312:
2949:platform/HAL/src/stm32g4xx_hal_fdcan.c ****   {
 4337              		.loc 1 2949 3 is_stmt 1 view .LVU1460
2949:platform/HAL/src/stm32g4xx_hal_fdcan.c ****   {
 4338              		.loc 1 2949 6 is_stmt 0 view .LVU1461
 4339 0052 15F4807F 		tst	r5, #256
 4340 0056 02D0     		beq	.L313
2951:platform/HAL/src/stm32g4xx_hal_fdcan.c ****     {
 4341              		.loc 1 2951 5 is_stmt 1 view .LVU1462
2951:platform/HAL/src/stm32g4xx_hal_fdcan.c ****     {
 4342              		.loc 1 2951 8 is_stmt 0 view .LVU1463
 4343 0058 1BF4807F 		tst	fp, #256
 4344 005c 40D1     		bne	.L327
 4345              	.L313:
2971:platform/HAL/src/stm32g4xx_hal_fdcan.c ****   {
 4346              		.loc 1 2971 3 is_stmt 1 view .LVU1464
2971:platform/HAL/src/stm32g4xx_hal_fdcan.c ****   {
 4347              		.loc 1 2971 6 is_stmt 0 view .LVU1465
 4348 005e BAF1000F 		cmp	r10, #0
 4349 0062 4AD1     		bne	.L328
 4350              	.L314:
2986:platform/HAL/src/stm32g4xx_hal_fdcan.c ****   {
 4351              		.loc 1 2986 3 is_stmt 1 view .LVU1466
2986:platform/HAL/src/stm32g4xx_hal_fdcan.c ****   {
 4352              		.loc 1 2986 6 is_stmt 0 view .LVU1467
 4353 0064 B9F1000F 		cmp	r9, #0
 4354 0068 4FD1     		bne	.L329
 4355              	.L315:
3001:platform/HAL/src/stm32g4xx_hal_fdcan.c ****   {
 4356              		.loc 1 3001 3 is_stmt 1 view .LVU1468
3001:platform/HAL/src/stm32g4xx_hal_fdcan.c ****   {
 4357              		.loc 1 3001 6 is_stmt 0 view .LVU1469
 4358 006a B8F1000F 		cmp	r8, #0
 4359 006e 54D1     		bne	.L330
 4360              	.L316:
3016:platform/HAL/src/stm32g4xx_hal_fdcan.c ****   {
 4361              		.loc 1 3016 3 is_stmt 1 view .LVU1470
3016:platform/HAL/src/stm32g4xx_hal_fdcan.c ****   {
 4362              		.loc 1 3016 6 is_stmt 0 view .LVU1471
 4363 0070 15F4007F 		tst	r5, #512
 4364 0074 02D0     		beq	.L317
3018:platform/HAL/src/stm32g4xx_hal_fdcan.c ****     {
 4365              		.loc 1 3018 5 is_stmt 1 view .LVU1472
ARM GAS  /tmp/cc2SU6oB.s 			page 162


3018:platform/HAL/src/stm32g4xx_hal_fdcan.c ****     {
 4366              		.loc 1 3018 8 is_stmt 0 view .LVU1473
 4367 0076 1BF4007F 		tst	fp, #512
 4368 007a 56D1     		bne	.L331
 4369              	.L317:
3034:platform/HAL/src/stm32g4xx_hal_fdcan.c ****   {
 4370              		.loc 1 3034 3 is_stmt 1 view .LVU1474
3034:platform/HAL/src/stm32g4xx_hal_fdcan.c ****   {
 4371              		.loc 1 3034 6 is_stmt 0 view .LVU1475
 4372 007c 15F0800F 		tst	r5, #128
 4373 0080 02D0     		beq	.L318
3036:platform/HAL/src/stm32g4xx_hal_fdcan.c ****     {
 4374              		.loc 1 3036 5 is_stmt 1 view .LVU1476
3036:platform/HAL/src/stm32g4xx_hal_fdcan.c ****     {
 4375              		.loc 1 3036 8 is_stmt 0 view .LVU1477
 4376 0082 1BF0800F 		tst	fp, #128
 4377 0086 58D1     		bne	.L332
 4378              	.L318:
3056:platform/HAL/src/stm32g4xx_hal_fdcan.c ****   {
 4379              		.loc 1 3056 3 is_stmt 1 view .LVU1478
3056:platform/HAL/src/stm32g4xx_hal_fdcan.c ****   {
 4380              		.loc 1 3056 6 is_stmt 0 view .LVU1479
 4381 0088 15F4005F 		tst	r5, #8192
 4382 008c 02D0     		beq	.L319
3058:platform/HAL/src/stm32g4xx_hal_fdcan.c ****     {
 4383              		.loc 1 3058 5 is_stmt 1 view .LVU1480
3058:platform/HAL/src/stm32g4xx_hal_fdcan.c ****     {
 4384              		.loc 1 3058 8 is_stmt 0 view .LVU1481
 4385 008e 1BF4005F 		tst	fp, #8192
 4386 0092 5ED1     		bne	.L333
 4387              	.L319:
3074:platform/HAL/src/stm32g4xx_hal_fdcan.c ****   {
 4388              		.loc 1 3074 3 is_stmt 1 view .LVU1482
3074:platform/HAL/src/stm32g4xx_hal_fdcan.c ****   {
 4389              		.loc 1 3074 6 is_stmt 0 view .LVU1483
 4390 0094 15F4004F 		tst	r5, #32768
 4391 0098 02D0     		beq	.L320
3076:platform/HAL/src/stm32g4xx_hal_fdcan.c ****     {
 4392              		.loc 1 3076 5 is_stmt 1 view .LVU1484
3076:platform/HAL/src/stm32g4xx_hal_fdcan.c ****     {
 4393              		.loc 1 3076 8 is_stmt 0 view .LVU1485
 4394 009a 1BF4004F 		tst	fp, #32768
 4395 009e 60D1     		bne	.L334
 4396              	.L320:
3092:platform/HAL/src/stm32g4xx_hal_fdcan.c ****   {
 4397              		.loc 1 3092 3 is_stmt 1 view .LVU1486
3092:platform/HAL/src/stm32g4xx_hal_fdcan.c ****   {
 4398              		.loc 1 3092 6 is_stmt 0 view .LVU1487
 4399 00a0 15F4804F 		tst	r5, #16384
 4400 00a4 0AD0     		beq	.L321
3094:platform/HAL/src/stm32g4xx_hal_fdcan.c ****     {
 4401              		.loc 1 3094 5 is_stmt 1 view .LVU1488
3094:platform/HAL/src/stm32g4xx_hal_fdcan.c ****     {
 4402              		.loc 1 3094 8 is_stmt 0 view .LVU1489
 4403 00a6 1BF4804F 		tst	fp, #16384
 4404 00aa 07D0     		beq	.L321
3097:platform/HAL/src/stm32g4xx_hal_fdcan.c **** 
ARM GAS  /tmp/cc2SU6oB.s 			page 163


 4405              		.loc 1 3097 7 is_stmt 1 view .LVU1490
 4406 00ac 2368     		ldr	r3, [r4]
 4407 00ae 4FF48042 		mov	r2, #16384
 4408 00b2 1A65     		str	r2, [r3, #80]
3100:platform/HAL/src/stm32g4xx_hal_fdcan.c ****     }
 4409              		.loc 1 3100 7 view .LVU1491
3100:platform/HAL/src/stm32g4xx_hal_fdcan.c ****     }
 4410              		.loc 1 3100 13 is_stmt 0 view .LVU1492
 4411 00b4 236E     		ldr	r3, [r4, #96]
3100:platform/HAL/src/stm32g4xx_hal_fdcan.c ****     }
 4412              		.loc 1 3100 25 view .LVU1493
 4413 00b6 43F08003 		orr	r3, r3, #128
 4414 00ba 2366     		str	r3, [r4, #96]
 4415              	.L321:
3105:platform/HAL/src/stm32g4xx_hal_fdcan.c ****   {
 4416              		.loc 1 3105 3 is_stmt 1 view .LVU1494
3105:platform/HAL/src/stm32g4xx_hal_fdcan.c ****   {
 4417              		.loc 1 3105 6 is_stmt 0 view .LVU1495
 4418 00bc 002F     		cmp	r7, #0
 4419 00be 58D1     		bne	.L335
 4420              	.L322:
3120:platform/HAL/src/stm32g4xx_hal_fdcan.c ****   {
 4421              		.loc 1 3120 3 is_stmt 1 view .LVU1496
3120:platform/HAL/src/stm32g4xx_hal_fdcan.c ****   {
 4422              		.loc 1 3120 6 is_stmt 0 view .LVU1497
 4423 00c0 26B1     		cbz	r6, .L323
3123:platform/HAL/src/stm32g4xx_hal_fdcan.c **** 
 4424              		.loc 1 3123 5 is_stmt 1 view .LVU1498
 4425 00c2 2368     		ldr	r3, [r4]
 4426 00c4 1E65     		str	r6, [r3, #80]
3126:platform/HAL/src/stm32g4xx_hal_fdcan.c ****   }
 4427              		.loc 1 3126 5 view .LVU1499
3126:platform/HAL/src/stm32g4xx_hal_fdcan.c ****   }
 4428              		.loc 1 3126 11 is_stmt 0 view .LVU1500
 4429 00c6 236E     		ldr	r3, [r4, #96]
3126:platform/HAL/src/stm32g4xx_hal_fdcan.c ****   }
 4430              		.loc 1 3126 23 view .LVU1501
 4431 00c8 3343     		orrs	r3, r3, r6
 4432 00ca 2366     		str	r3, [r4, #96]
 4433              	.L323:
3129:platform/HAL/src/stm32g4xx_hal_fdcan.c ****   {
 4434              		.loc 1 3129 3 is_stmt 1 view .LVU1502
3129:platform/HAL/src/stm32g4xx_hal_fdcan.c ****   {
 4435              		.loc 1 3129 13 is_stmt 0 view .LVU1503
 4436 00cc 236E     		ldr	r3, [r4, #96]
3129:platform/HAL/src/stm32g4xx_hal_fdcan.c ****   {
 4437              		.loc 1 3129 6 view .LVU1504
 4438 00ce 002B     		cmp	r3, #0
 4439 00d0 56D1     		bne	.L336
 4440              	.L311:
3139:platform/HAL/src/stm32g4xx_hal_fdcan.c **** 
 4441              		.loc 1 3139 1 view .LVU1505
 4442 00d2 BDE8F88F 		pop	{r3, r4, r5, r6, r7, r8, r9, r10, fp, pc}
 4443              	.LVL322:
 4444              	.L326:
2936:platform/HAL/src/stm32g4xx_hal_fdcan.c **** 
 4445              		.loc 1 2936 7 is_stmt 1 view .LVU1506
ARM GAS  /tmp/cc2SU6oB.s 			page 164


 4446 00d6 4022     		movs	r2, #64
 4447 00d8 1A65     		str	r2, [r3, #80]
2943:platform/HAL/src/stm32g4xx_hal_fdcan.c **** #endif /* USE_HAL_FDCAN_REGISTER_CALLBACKS */
 4448              		.loc 1 2943 7 view .LVU1507
 4449 00da FFF7FEFF 		bl	HAL_FDCAN_HighPriorityMessageCallback
 4450              	.LVL323:
2943:platform/HAL/src/stm32g4xx_hal_fdcan.c **** #endif /* USE_HAL_FDCAN_REGISTER_CALLBACKS */
 4451              		.loc 1 2943 7 is_stmt 0 view .LVU1508
 4452 00de B8E7     		b	.L312
 4453              	.L327:
2954:platform/HAL/src/stm32g4xx_hal_fdcan.c ****       AbortedBuffers &= hfdcan->Instance->TXBCIE;
 4454              		.loc 1 2954 7 is_stmt 1 view .LVU1509
2954:platform/HAL/src/stm32g4xx_hal_fdcan.c ****       AbortedBuffers &= hfdcan->Instance->TXBCIE;
 4455              		.loc 1 2954 30 is_stmt 0 view .LVU1510
 4456 00e0 2368     		ldr	r3, [r4]
2954:platform/HAL/src/stm32g4xx_hal_fdcan.c ****       AbortedBuffers &= hfdcan->Instance->TXBCIE;
 4457              		.loc 1 2954 22 view .LVU1511
 4458 00e2 D3F8D810 		ldr	r1, [r3, #216]
 4459              	.LVL324:
2955:platform/HAL/src/stm32g4xx_hal_fdcan.c **** 
 4460              		.loc 1 2955 7 is_stmt 1 view .LVU1512
2955:platform/HAL/src/stm32g4xx_hal_fdcan.c **** 
 4461              		.loc 1 2955 41 is_stmt 0 view .LVU1513
 4462 00e6 D3F8E020 		ldr	r2, [r3, #224]
 4463              	.LVL325:
2958:platform/HAL/src/stm32g4xx_hal_fdcan.c **** 
 4464              		.loc 1 2958 7 is_stmt 1 view .LVU1514
 4465 00ea 4FF48070 		mov	r0, #256
 4466 00ee 1865     		str	r0, [r3, #80]
2965:platform/HAL/src/stm32g4xx_hal_fdcan.c **** #endif /* USE_HAL_FDCAN_REGISTER_CALLBACKS */
 4467              		.loc 1 2965 7 view .LVU1515
 4468 00f0 1140     		ands	r1, r1, r2
 4469              	.LVL326:
2965:platform/HAL/src/stm32g4xx_hal_fdcan.c **** #endif /* USE_HAL_FDCAN_REGISTER_CALLBACKS */
 4470              		.loc 1 2965 7 is_stmt 0 view .LVU1516
 4471 00f2 2046     		mov	r0, r4
 4472 00f4 FFF7FEFF 		bl	HAL_FDCAN_TxBufferAbortCallback
 4473              	.LVL327:
2965:platform/HAL/src/stm32g4xx_hal_fdcan.c **** #endif /* USE_HAL_FDCAN_REGISTER_CALLBACKS */
 4474              		.loc 1 2965 7 view .LVU1517
 4475 00f8 B1E7     		b	.L313
 4476              	.LVL328:
 4477              	.L328:
2974:platform/HAL/src/stm32g4xx_hal_fdcan.c **** 
 4478              		.loc 1 2974 5 is_stmt 1 view .LVU1518
 4479 00fa 2368     		ldr	r3, [r4]
 4480 00fc C3F850A0 		str	r10, [r3, #80]
2981:platform/HAL/src/stm32g4xx_hal_fdcan.c **** #endif /* USE_HAL_FDCAN_REGISTER_CALLBACKS */
 4481              		.loc 1 2981 5 view .LVU1519
 4482 0100 5146     		mov	r1, r10
 4483 0102 2046     		mov	r0, r4
 4484 0104 FFF7FEFF 		bl	HAL_FDCAN_TxEventFifoCallback
 4485              	.LVL329:
 4486 0108 ACE7     		b	.L314
 4487              	.L329:
2989:platform/HAL/src/stm32g4xx_hal_fdcan.c **** 
 4488              		.loc 1 2989 5 view .LVU1520
ARM GAS  /tmp/cc2SU6oB.s 			page 165


 4489 010a 2368     		ldr	r3, [r4]
 4490 010c C3F85090 		str	r9, [r3, #80]
2996:platform/HAL/src/stm32g4xx_hal_fdcan.c **** #endif /* USE_HAL_FDCAN_REGISTER_CALLBACKS */
 4491              		.loc 1 2996 5 view .LVU1521
 4492 0110 4946     		mov	r1, r9
 4493 0112 2046     		mov	r0, r4
 4494 0114 FFF7FEFF 		bl	HAL_FDCAN_RxFifo0Callback
 4495              	.LVL330:
 4496 0118 A7E7     		b	.L315
 4497              	.L330:
3004:platform/HAL/src/stm32g4xx_hal_fdcan.c **** 
 4498              		.loc 1 3004 5 view .LVU1522
 4499 011a 2368     		ldr	r3, [r4]
 4500 011c C3F85080 		str	r8, [r3, #80]
3011:platform/HAL/src/stm32g4xx_hal_fdcan.c **** #endif /* USE_HAL_FDCAN_REGISTER_CALLBACKS */
 4501              		.loc 1 3011 5 view .LVU1523
 4502 0120 4146     		mov	r1, r8
 4503 0122 2046     		mov	r0, r4
 4504 0124 FFF7FEFF 		bl	HAL_FDCAN_RxFifo1Callback
 4505              	.LVL331:
 4506 0128 A2E7     		b	.L316
 4507              	.L331:
3021:platform/HAL/src/stm32g4xx_hal_fdcan.c **** 
 4508              		.loc 1 3021 7 view .LVU1524
 4509 012a 2368     		ldr	r3, [r4]
 4510 012c 4FF40072 		mov	r2, #512
 4511 0130 1A65     		str	r2, [r3, #80]
3028:platform/HAL/src/stm32g4xx_hal_fdcan.c **** #endif /* USE_HAL_FDCAN_REGISTER_CALLBACKS */
 4512              		.loc 1 3028 7 view .LVU1525
 4513 0132 2046     		mov	r0, r4
 4514 0134 FFF7FEFF 		bl	HAL_FDCAN_TxFifoEmptyCallback
 4515              	.LVL332:
 4516 0138 A0E7     		b	.L317
 4517              	.L332:
3039:platform/HAL/src/stm32g4xx_hal_fdcan.c ****       TransmittedBuffers &= hfdcan->Instance->TXBTIE;
 4518              		.loc 1 3039 7 view .LVU1526
3039:platform/HAL/src/stm32g4xx_hal_fdcan.c ****       TransmittedBuffers &= hfdcan->Instance->TXBTIE;
 4519              		.loc 1 3039 34 is_stmt 0 view .LVU1527
 4520 013a 2368     		ldr	r3, [r4]
3039:platform/HAL/src/stm32g4xx_hal_fdcan.c ****       TransmittedBuffers &= hfdcan->Instance->TXBTIE;
 4521              		.loc 1 3039 26 view .LVU1528
 4522 013c D3F8D410 		ldr	r1, [r3, #212]
 4523              	.LVL333:
3040:platform/HAL/src/stm32g4xx_hal_fdcan.c **** 
 4524              		.loc 1 3040 7 is_stmt 1 view .LVU1529
3040:platform/HAL/src/stm32g4xx_hal_fdcan.c **** 
 4525              		.loc 1 3040 45 is_stmt 0 view .LVU1530
 4526 0140 D3F8DC20 		ldr	r2, [r3, #220]
 4527              	.LVL334:
3043:platform/HAL/src/stm32g4xx_hal_fdcan.c **** 
 4528              		.loc 1 3043 7 is_stmt 1 view .LVU1531
 4529 0144 8020     		movs	r0, #128
 4530 0146 1865     		str	r0, [r3, #80]
3050:platform/HAL/src/stm32g4xx_hal_fdcan.c **** #endif /* USE_HAL_FDCAN_REGISTER_CALLBACKS */
 4531              		.loc 1 3050 7 view .LVU1532
 4532 0148 1140     		ands	r1, r1, r2
 4533              	.LVL335:
ARM GAS  /tmp/cc2SU6oB.s 			page 166


3050:platform/HAL/src/stm32g4xx_hal_fdcan.c **** #endif /* USE_HAL_FDCAN_REGISTER_CALLBACKS */
 4534              		.loc 1 3050 7 is_stmt 0 view .LVU1533
 4535 014a 2046     		mov	r0, r4
 4536 014c FFF7FEFF 		bl	HAL_FDCAN_TxBufferCompleteCallback
 4537              	.LVL336:
3050:platform/HAL/src/stm32g4xx_hal_fdcan.c **** #endif /* USE_HAL_FDCAN_REGISTER_CALLBACKS */
 4538              		.loc 1 3050 7 view .LVU1534
 4539 0150 9AE7     		b	.L318
 4540              	.LVL337:
 4541              	.L333:
3061:platform/HAL/src/stm32g4xx_hal_fdcan.c **** 
 4542              		.loc 1 3061 7 is_stmt 1 view .LVU1535
 4543 0152 2368     		ldr	r3, [r4]
 4544 0154 4FF40052 		mov	r2, #8192
 4545 0158 1A65     		str	r2, [r3, #80]
3068:platform/HAL/src/stm32g4xx_hal_fdcan.c **** #endif /* USE_HAL_FDCAN_REGISTER_CALLBACKS */
 4546              		.loc 1 3068 7 view .LVU1536
 4547 015a 2046     		mov	r0, r4
 4548 015c FFF7FEFF 		bl	HAL_FDCAN_TimestampWraparoundCallback
 4549              	.LVL338:
 4550 0160 98E7     		b	.L319
 4551              	.L334:
3079:platform/HAL/src/stm32g4xx_hal_fdcan.c **** 
 4552              		.loc 1 3079 7 view .LVU1537
 4553 0162 2368     		ldr	r3, [r4]
 4554 0164 4FF40042 		mov	r2, #32768
 4555 0168 1A65     		str	r2, [r3, #80]
3086:platform/HAL/src/stm32g4xx_hal_fdcan.c **** #endif /* USE_HAL_FDCAN_REGISTER_CALLBACKS */
 4556              		.loc 1 3086 7 view .LVU1538
 4557 016a 2046     		mov	r0, r4
 4558 016c FFF7FEFF 		bl	HAL_FDCAN_TimeoutOccurredCallback
 4559              	.LVL339:
 4560 0170 96E7     		b	.L320
 4561              	.L335:
3108:platform/HAL/src/stm32g4xx_hal_fdcan.c **** 
 4562              		.loc 1 3108 5 view .LVU1539
 4563 0172 2368     		ldr	r3, [r4]
 4564 0174 1F65     		str	r7, [r3, #80]
3115:platform/HAL/src/stm32g4xx_hal_fdcan.c **** #endif /* USE_HAL_FDCAN_REGISTER_CALLBACKS */
 4565              		.loc 1 3115 5 view .LVU1540
 4566 0176 3946     		mov	r1, r7
 4567 0178 2046     		mov	r0, r4
 4568 017a FFF7FEFF 		bl	HAL_FDCAN_ErrorStatusCallback
 4569              	.LVL340:
 4570 017e 9FE7     		b	.L322
 4571              	.L336:
3136:platform/HAL/src/stm32g4xx_hal_fdcan.c **** #endif /* USE_HAL_FDCAN_REGISTER_CALLBACKS */
 4572              		.loc 1 3136 5 view .LVU1541
 4573 0180 2046     		mov	r0, r4
 4574 0182 FFF7FEFF 		bl	HAL_FDCAN_ErrorCallback
 4575              	.LVL341:
3139:platform/HAL/src/stm32g4xx_hal_fdcan.c **** 
 4576              		.loc 1 3139 1 is_stmt 0 view .LVU1542
 4577 0186 A4E7     		b	.L311
 4578              		.cfi_endproc
 4579              	.LFE375:
 4581              		.section	.text.HAL_FDCAN_GetState,"ax",%progbits
ARM GAS  /tmp/cc2SU6oB.s 			page 167


 4582              		.align	1
 4583              		.global	HAL_FDCAN_GetState
 4584              		.syntax unified
 4585              		.thumb
 4586              		.thumb_func
 4588              	HAL_FDCAN_GetState:
 4589              	.LVL342:
 4590              	.LFB387:
3390:platform/HAL/src/stm32g4xx_hal_fdcan.c ****   /* Return FDCAN state */
 4591              		.loc 1 3390 1 is_stmt 1 view -0
 4592              		.cfi_startproc
 4593              		@ args = 0, pretend = 0, frame = 0
 4594              		@ frame_needed = 0, uses_anonymous_args = 0
 4595              		@ link register save eliminated.
3392:platform/HAL/src/stm32g4xx_hal_fdcan.c **** }
 4596              		.loc 1 3392 3 view .LVU1544
3392:platform/HAL/src/stm32g4xx_hal_fdcan.c **** }
 4597              		.loc 1 3392 16 is_stmt 0 view .LVU1545
 4598 0000 90F85C00 		ldrb	r0, [r0, #92]	@ zero_extendqisi2
 4599              	.LVL343:
3393:platform/HAL/src/stm32g4xx_hal_fdcan.c **** 
 4600              		.loc 1 3393 1 view .LVU1546
 4601 0004 7047     		bx	lr
 4602              		.cfi_endproc
 4603              	.LFE387:
 4605              		.section	.text.HAL_FDCAN_GetError,"ax",%progbits
 4606              		.align	1
 4607              		.global	HAL_FDCAN_GetError
 4608              		.syntax unified
 4609              		.thumb
 4610              		.thumb_func
 4612              	HAL_FDCAN_GetError:
 4613              	.LVL344:
 4614              	.LFB388:
3402:platform/HAL/src/stm32g4xx_hal_fdcan.c ****   /* Return FDCAN error code */
 4615              		.loc 1 3402 1 is_stmt 1 view -0
 4616              		.cfi_startproc
 4617              		@ args = 0, pretend = 0, frame = 0
 4618              		@ frame_needed = 0, uses_anonymous_args = 0
 4619              		@ link register save eliminated.
3404:platform/HAL/src/stm32g4xx_hal_fdcan.c **** }
 4620              		.loc 1 3404 3 view .LVU1548
3404:platform/HAL/src/stm32g4xx_hal_fdcan.c **** }
 4621              		.loc 1 3404 16 is_stmt 0 view .LVU1549
 4622 0000 006E     		ldr	r0, [r0, #96]
 4623              	.LVL345:
3405:platform/HAL/src/stm32g4xx_hal_fdcan.c **** 
 4624              		.loc 1 3405 1 view .LVU1550
 4625 0002 7047     		bx	lr
 4626              		.cfi_endproc
 4627              	.LFE388:
 4629              		.section	.rodata.DLCtoBytes,"a"
 4630              		.align	2
 4633              	DLCtoBytes:
 4634 0000 00010203 		.ascii	"\000\001\002\003\004\005\006\007\010\014\020\024\030"
 4634      04050607 
 4634      080C1014 
ARM GAS  /tmp/cc2SU6oB.s 			page 168


 4634      18
 4635 000d 203040   		.ascii	" 0@"
 4636              		.text
 4637              	.Letext0:
 4638              		.file 2 "/usr/arm-none-eabi/include/machine/_default_types.h"
 4639              		.file 3 "/usr/arm-none-eabi/include/sys/_stdint.h"
 4640              		.file 4 "platform/CMSIS/Device/ST/STM32G4xx/Include/stm32g474xx.h"
 4641              		.file 5 "platform/CMSIS/Device/ST/STM32G4xx/Include/stm32g4xx.h"
 4642              		.file 6 "platform/HAL/inc/stm32g4xx_hal_def.h"
 4643              		.file 7 "platform/HAL/inc/stm32g4xx_hal_fdcan.h"
 4644              		.file 8 "platform/HAL/inc/stm32g4xx_hal.h"
ARM GAS  /tmp/cc2SU6oB.s 			page 169


DEFINED SYMBOLS
                            *ABS*:00000000 stm32g4xx_hal_fdcan.c
     /tmp/cc2SU6oB.s:21     .text.FDCAN_CalcultateRamBlockAddresses:00000000 $t
     /tmp/cc2SU6oB.s:26     .text.FDCAN_CalcultateRamBlockAddresses:00000000 FDCAN_CalcultateRamBlockAddresses
     /tmp/cc2SU6oB.s:144    .text.FDCAN_CalcultateRamBlockAddresses:0000007c $d
     /tmp/cc2SU6oB.s:152    .text.FDCAN_CopyMessageToRAM:00000000 $t
     /tmp/cc2SU6oB.s:157    .text.FDCAN_CopyMessageToRAM:00000000 FDCAN_CopyMessageToRAM
     /tmp/cc2SU6oB.s:297    .text.FDCAN_CopyMessageToRAM:00000084 $d
     /tmp/cc2SU6oB.s:4633   .rodata.DLCtoBytes:00000000 DLCtoBytes
     /tmp/cc2SU6oB.s:302    .text.HAL_FDCAN_MspInit:00000000 $t
     /tmp/cc2SU6oB.s:308    .text.HAL_FDCAN_MspInit:00000000 HAL_FDCAN_MspInit
     /tmp/cc2SU6oB.s:323    .text.HAL_FDCAN_Init:00000000 $t
     /tmp/cc2SU6oB.s:329    .text.HAL_FDCAN_Init:00000000 HAL_FDCAN_Init
     /tmp/cc2SU6oB.s:729    .text.HAL_FDCAN_Init:000001d0 $d
     /tmp/cc2SU6oB.s:734    .text.HAL_FDCAN_MspDeInit:00000000 $t
     /tmp/cc2SU6oB.s:740    .text.HAL_FDCAN_MspDeInit:00000000 HAL_FDCAN_MspDeInit
     /tmp/cc2SU6oB.s:755    .text.HAL_FDCAN_EnterPowerDownMode:00000000 $t
     /tmp/cc2SU6oB.s:761    .text.HAL_FDCAN_EnterPowerDownMode:00000000 HAL_FDCAN_EnterPowerDownMode
     /tmp/cc2SU6oB.s:834    .text.HAL_FDCAN_ExitPowerDownMode:00000000 $t
     /tmp/cc2SU6oB.s:840    .text.HAL_FDCAN_ExitPowerDownMode:00000000 HAL_FDCAN_ExitPowerDownMode
     /tmp/cc2SU6oB.s:918    .text.HAL_FDCAN_ConfigFilter:00000000 $t
     /tmp/cc2SU6oB.s:924    .text.HAL_FDCAN_ConfigFilter:00000000 HAL_FDCAN_ConfigFilter
     /tmp/cc2SU6oB.s:1064   .text.HAL_FDCAN_ConfigGlobalFilter:00000000 $t
     /tmp/cc2SU6oB.s:1070   .text.HAL_FDCAN_ConfigGlobalFilter:00000000 HAL_FDCAN_ConfigGlobalFilter
     /tmp/cc2SU6oB.s:1140   .text.HAL_FDCAN_ConfigExtendedIdMask:00000000 $t
     /tmp/cc2SU6oB.s:1146   .text.HAL_FDCAN_ConfigExtendedIdMask:00000000 HAL_FDCAN_ConfigExtendedIdMask
     /tmp/cc2SU6oB.s:1190   .text.HAL_FDCAN_ConfigRxFifoOverwrite:00000000 $t
     /tmp/cc2SU6oB.s:1196   .text.HAL_FDCAN_ConfigRxFifoOverwrite:00000000 HAL_FDCAN_ConfigRxFifoOverwrite
     /tmp/cc2SU6oB.s:1260   .text.HAL_FDCAN_ConfigRamWatchdog:00000000 $t
     /tmp/cc2SU6oB.s:1266   .text.HAL_FDCAN_ConfigRamWatchdog:00000000 HAL_FDCAN_ConfigRamWatchdog
     /tmp/cc2SU6oB.s:1311   .text.HAL_FDCAN_ConfigTimestampCounter:00000000 $t
     /tmp/cc2SU6oB.s:1317   .text.HAL_FDCAN_ConfigTimestampCounter:00000000 HAL_FDCAN_ConfigTimestampCounter
     /tmp/cc2SU6oB.s:1362   .text.HAL_FDCAN_EnableTimestampCounter:00000000 $t
     /tmp/cc2SU6oB.s:1368   .text.HAL_FDCAN_EnableTimestampCounter:00000000 HAL_FDCAN_EnableTimestampCounter
     /tmp/cc2SU6oB.s:1413   .text.HAL_FDCAN_DisableTimestampCounter:00000000 $t
     /tmp/cc2SU6oB.s:1419   .text.HAL_FDCAN_DisableTimestampCounter:00000000 HAL_FDCAN_DisableTimestampCounter
     /tmp/cc2SU6oB.s:1462   .text.HAL_FDCAN_GetTimestampCounter:00000000 $t
     /tmp/cc2SU6oB.s:1468   .text.HAL_FDCAN_GetTimestampCounter:00000000 HAL_FDCAN_GetTimestampCounter
     /tmp/cc2SU6oB.s:1489   .text.HAL_FDCAN_ResetTimestampCounter:00000000 $t
     /tmp/cc2SU6oB.s:1495   .text.HAL_FDCAN_ResetTimestampCounter:00000000 HAL_FDCAN_ResetTimestampCounter
     /tmp/cc2SU6oB.s:1539   .text.HAL_FDCAN_ConfigTimeoutCounter:00000000 $t
     /tmp/cc2SU6oB.s:1545   .text.HAL_FDCAN_ConfigTimeoutCounter:00000000 HAL_FDCAN_ConfigTimeoutCounter
     /tmp/cc2SU6oB.s:1596   .text.HAL_FDCAN_EnableTimeoutCounter:00000000 $t
     /tmp/cc2SU6oB.s:1602   .text.HAL_FDCAN_EnableTimeoutCounter:00000000 HAL_FDCAN_EnableTimeoutCounter
     /tmp/cc2SU6oB.s:1645   .text.HAL_FDCAN_DisableTimeoutCounter:00000000 $t
     /tmp/cc2SU6oB.s:1651   .text.HAL_FDCAN_DisableTimeoutCounter:00000000 HAL_FDCAN_DisableTimeoutCounter
     /tmp/cc2SU6oB.s:1694   .text.HAL_FDCAN_GetTimeoutCounter:00000000 $t
     /tmp/cc2SU6oB.s:1700   .text.HAL_FDCAN_GetTimeoutCounter:00000000 HAL_FDCAN_GetTimeoutCounter
     /tmp/cc2SU6oB.s:1721   .text.HAL_FDCAN_ResetTimeoutCounter:00000000 $t
     /tmp/cc2SU6oB.s:1727   .text.HAL_FDCAN_ResetTimeoutCounter:00000000 HAL_FDCAN_ResetTimeoutCounter
     /tmp/cc2SU6oB.s:1769   .text.HAL_FDCAN_ConfigTxDelayCompensation:00000000 $t
     /tmp/cc2SU6oB.s:1775   .text.HAL_FDCAN_ConfigTxDelayCompensation:00000000 HAL_FDCAN_ConfigTxDelayCompensation
     /tmp/cc2SU6oB.s:1823   .text.HAL_FDCAN_EnableTxDelayCompensation:00000000 $t
     /tmp/cc2SU6oB.s:1829   .text.HAL_FDCAN_EnableTxDelayCompensation:00000000 HAL_FDCAN_EnableTxDelayCompensation
     /tmp/cc2SU6oB.s:1872   .text.HAL_FDCAN_DisableTxDelayCompensation:00000000 $t
     /tmp/cc2SU6oB.s:1878   .text.HAL_FDCAN_DisableTxDelayCompensation:00000000 HAL_FDCAN_DisableTxDelayCompensation
     /tmp/cc2SU6oB.s:1921   .text.HAL_FDCAN_EnableISOMode:00000000 $t
ARM GAS  /tmp/cc2SU6oB.s 			page 170


     /tmp/cc2SU6oB.s:1927   .text.HAL_FDCAN_EnableISOMode:00000000 HAL_FDCAN_EnableISOMode
     /tmp/cc2SU6oB.s:1970   .text.HAL_FDCAN_DisableISOMode:00000000 $t
     /tmp/cc2SU6oB.s:1976   .text.HAL_FDCAN_DisableISOMode:00000000 HAL_FDCAN_DisableISOMode
     /tmp/cc2SU6oB.s:2019   .text.HAL_FDCAN_EnableEdgeFiltering:00000000 $t
     /tmp/cc2SU6oB.s:2025   .text.HAL_FDCAN_EnableEdgeFiltering:00000000 HAL_FDCAN_EnableEdgeFiltering
     /tmp/cc2SU6oB.s:2068   .text.HAL_FDCAN_DisableEdgeFiltering:00000000 $t
     /tmp/cc2SU6oB.s:2074   .text.HAL_FDCAN_DisableEdgeFiltering:00000000 HAL_FDCAN_DisableEdgeFiltering
     /tmp/cc2SU6oB.s:2117   .text.HAL_FDCAN_Start:00000000 $t
     /tmp/cc2SU6oB.s:2123   .text.HAL_FDCAN_Start:00000000 HAL_FDCAN_Start
     /tmp/cc2SU6oB.s:2174   .text.HAL_FDCAN_Stop:00000000 $t
     /tmp/cc2SU6oB.s:2180   .text.HAL_FDCAN_Stop:00000000 HAL_FDCAN_Stop
     /tmp/cc2SU6oB.s:2331   .text.HAL_FDCAN_DeInit:00000000 $t
     /tmp/cc2SU6oB.s:2337   .text.HAL_FDCAN_DeInit:00000000 HAL_FDCAN_DeInit
     /tmp/cc2SU6oB.s:2393   .text.HAL_FDCAN_AddMessageToTxFifoQ:00000000 $t
     /tmp/cc2SU6oB.s:2399   .text.HAL_FDCAN_AddMessageToTxFifoQ:00000000 HAL_FDCAN_AddMessageToTxFifoQ
     /tmp/cc2SU6oB.s:2499   .text.HAL_FDCAN_GetLatestTxFifoQRequestBuffer:00000000 $t
     /tmp/cc2SU6oB.s:2505   .text.HAL_FDCAN_GetLatestTxFifoQRequestBuffer:00000000 HAL_FDCAN_GetLatestTxFifoQRequestBuffer
     /tmp/cc2SU6oB.s:2523   .text.HAL_FDCAN_AbortTxRequest:00000000 $t
     /tmp/cc2SU6oB.s:2529   .text.HAL_FDCAN_AbortTxRequest:00000000 HAL_FDCAN_AbortTxRequest
     /tmp/cc2SU6oB.s:2573   .text.HAL_FDCAN_GetRxMessage:00000000 $t
     /tmp/cc2SU6oB.s:2579   .text.HAL_FDCAN_GetRxMessage:00000000 HAL_FDCAN_GetRxMessage
     /tmp/cc2SU6oB.s:2885   .text.HAL_FDCAN_GetRxMessage:00000144 $d
     /tmp/cc2SU6oB.s:2890   .text.HAL_FDCAN_GetTxEvent:00000000 $t
     /tmp/cc2SU6oB.s:2896   .text.HAL_FDCAN_GetTxEvent:00000000 HAL_FDCAN_GetTxEvent
     /tmp/cc2SU6oB.s:3079   .text.HAL_FDCAN_GetHighPriorityMessageStatus:00000000 $t
     /tmp/cc2SU6oB.s:3085   .text.HAL_FDCAN_GetHighPriorityMessageStatus:00000000 HAL_FDCAN_GetHighPriorityMessageStatus
     /tmp/cc2SU6oB.s:3139   .text.HAL_FDCAN_GetProtocolStatus:00000000 $t
     /tmp/cc2SU6oB.s:3145   .text.HAL_FDCAN_GetProtocolStatus:00000000 HAL_FDCAN_GetProtocolStatus
     /tmp/cc2SU6oB.s:3226   .text.HAL_FDCAN_GetErrorCounters:00000000 $t
     /tmp/cc2SU6oB.s:3232   .text.HAL_FDCAN_GetErrorCounters:00000000 HAL_FDCAN_GetErrorCounters
     /tmp/cc2SU6oB.s:3278   .text.HAL_FDCAN_IsTxBufferMessagePending:00000000 $t
     /tmp/cc2SU6oB.s:3284   .text.HAL_FDCAN_IsTxBufferMessagePending:00000000 HAL_FDCAN_IsTxBufferMessagePending
     /tmp/cc2SU6oB.s:3311   .text.HAL_FDCAN_GetRxFifoFillLevel:00000000 $t
     /tmp/cc2SU6oB.s:3317   .text.HAL_FDCAN_GetRxFifoFillLevel:00000000 HAL_FDCAN_GetRxFifoFillLevel
     /tmp/cc2SU6oB.s:3360   .text.HAL_FDCAN_GetTxFifoFreeLevel:00000000 $t
     /tmp/cc2SU6oB.s:3366   .text.HAL_FDCAN_GetTxFifoFreeLevel:00000000 HAL_FDCAN_GetTxFifoFreeLevel
     /tmp/cc2SU6oB.s:3391   .text.HAL_FDCAN_IsRestrictedOperationMode:00000000 $t
     /tmp/cc2SU6oB.s:3397   .text.HAL_FDCAN_IsRestrictedOperationMode:00000000 HAL_FDCAN_IsRestrictedOperationMode
     /tmp/cc2SU6oB.s:3422   .text.HAL_FDCAN_ExitRestrictedOperationMode:00000000 $t
     /tmp/cc2SU6oB.s:3428   .text.HAL_FDCAN_ExitRestrictedOperationMode:00000000 HAL_FDCAN_ExitRestrictedOperationMode
     /tmp/cc2SU6oB.s:3479   .text.HAL_FDCAN_ConfigInterruptLines:00000000 $t
     /tmp/cc2SU6oB.s:3485   .text.HAL_FDCAN_ConfigInterruptLines:00000000 HAL_FDCAN_ConfigInterruptLines
     /tmp/cc2SU6oB.s:3555   .text.HAL_FDCAN_ActivateNotification:00000000 $t
     /tmp/cc2SU6oB.s:3561   .text.HAL_FDCAN_ActivateNotification:00000000 HAL_FDCAN_ActivateNotification
     /tmp/cc2SU6oB.s:3769   .text.HAL_FDCAN_DeactivateNotification:00000000 $t
     /tmp/cc2SU6oB.s:3775   .text.HAL_FDCAN_DeactivateNotification:00000000 HAL_FDCAN_DeactivateNotification
     /tmp/cc2SU6oB.s:3983   .text.HAL_FDCAN_TxEventFifoCallback:00000000 $t
     /tmp/cc2SU6oB.s:3989   .text.HAL_FDCAN_TxEventFifoCallback:00000000 HAL_FDCAN_TxEventFifoCallback
     /tmp/cc2SU6oB.s:4005   .text.HAL_FDCAN_RxFifo0Callback:00000000 $t
     /tmp/cc2SU6oB.s:4011   .text.HAL_FDCAN_RxFifo0Callback:00000000 HAL_FDCAN_RxFifo0Callback
     /tmp/cc2SU6oB.s:4027   .text.HAL_FDCAN_RxFifo1Callback:00000000 $t
     /tmp/cc2SU6oB.s:4033   .text.HAL_FDCAN_RxFifo1Callback:00000000 HAL_FDCAN_RxFifo1Callback
     /tmp/cc2SU6oB.s:4049   .text.HAL_FDCAN_TxFifoEmptyCallback:00000000 $t
     /tmp/cc2SU6oB.s:4055   .text.HAL_FDCAN_TxFifoEmptyCallback:00000000 HAL_FDCAN_TxFifoEmptyCallback
     /tmp/cc2SU6oB.s:4070   .text.HAL_FDCAN_TxBufferCompleteCallback:00000000 $t
     /tmp/cc2SU6oB.s:4076   .text.HAL_FDCAN_TxBufferCompleteCallback:00000000 HAL_FDCAN_TxBufferCompleteCallback
     /tmp/cc2SU6oB.s:4092   .text.HAL_FDCAN_TxBufferAbortCallback:00000000 $t
ARM GAS  /tmp/cc2SU6oB.s 			page 171


     /tmp/cc2SU6oB.s:4098   .text.HAL_FDCAN_TxBufferAbortCallback:00000000 HAL_FDCAN_TxBufferAbortCallback
     /tmp/cc2SU6oB.s:4114   .text.HAL_FDCAN_TimestampWraparoundCallback:00000000 $t
     /tmp/cc2SU6oB.s:4120   .text.HAL_FDCAN_TimestampWraparoundCallback:00000000 HAL_FDCAN_TimestampWraparoundCallback
     /tmp/cc2SU6oB.s:4135   .text.HAL_FDCAN_TimeoutOccurredCallback:00000000 $t
     /tmp/cc2SU6oB.s:4141   .text.HAL_FDCAN_TimeoutOccurredCallback:00000000 HAL_FDCAN_TimeoutOccurredCallback
     /tmp/cc2SU6oB.s:4156   .text.HAL_FDCAN_HighPriorityMessageCallback:00000000 $t
     /tmp/cc2SU6oB.s:4162   .text.HAL_FDCAN_HighPriorityMessageCallback:00000000 HAL_FDCAN_HighPriorityMessageCallback
     /tmp/cc2SU6oB.s:4177   .text.HAL_FDCAN_ErrorCallback:00000000 $t
     /tmp/cc2SU6oB.s:4183   .text.HAL_FDCAN_ErrorCallback:00000000 HAL_FDCAN_ErrorCallback
     /tmp/cc2SU6oB.s:4198   .text.HAL_FDCAN_ErrorStatusCallback:00000000 $t
     /tmp/cc2SU6oB.s:4204   .text.HAL_FDCAN_ErrorStatusCallback:00000000 HAL_FDCAN_ErrorStatusCallback
     /tmp/cc2SU6oB.s:4220   .text.HAL_FDCAN_IRQHandler:00000000 $t
     /tmp/cc2SU6oB.s:4226   .text.HAL_FDCAN_IRQHandler:00000000 HAL_FDCAN_IRQHandler
     /tmp/cc2SU6oB.s:4582   .text.HAL_FDCAN_GetState:00000000 $t
     /tmp/cc2SU6oB.s:4588   .text.HAL_FDCAN_GetState:00000000 HAL_FDCAN_GetState
     /tmp/cc2SU6oB.s:4606   .text.HAL_FDCAN_GetError:00000000 $t
     /tmp/cc2SU6oB.s:4612   .text.HAL_FDCAN_GetError:00000000 HAL_FDCAN_GetError
     /tmp/cc2SU6oB.s:4630   .rodata.DLCtoBytes:00000000 $d

UNDEFINED SYMBOLS
HAL_GetTick
