ARM GAS  /tmp/ccOQHGH1.s 			page 1


   1              		.cpu cortex-m4
   2              		.arch armv7e-m
   3              		.fpu fpv4-sp-d16
   4              		.eabi_attribute 27, 1
   5              		.eabi_attribute 28, 1
   6              		.eabi_attribute 20, 1
   7              		.eabi_attribute 21, 1
   8              		.eabi_attribute 23, 3
   9              		.eabi_attribute 24, 1
  10              		.eabi_attribute 25, 1
  11              		.eabi_attribute 26, 1
  12              		.eabi_attribute 30, 1
  13              		.eabi_attribute 34, 1
  14              		.eabi_attribute 18, 4
  15              		.file	"stm32g4xx_hal_flash.c"
  16              		.text
  17              	.Ltext0:
  18              		.cfi_sections	.debug_frame
  19              		.file 1 "platform/HAL/src/stm32g4xx_hal_flash.c"
  20              		.section	.text.FLASH_Program_DoubleWord,"ax",%progbits
  21              		.align	1
  22              		.syntax unified
  23              		.thumb
  24              		.thumb_func
  26              	FLASH_Program_DoubleWord:
  27              	.LVL0:
  28              	.LFB341:
   1:platform/HAL/src/stm32g4xx_hal_flash.c **** /**
   2:platform/HAL/src/stm32g4xx_hal_flash.c ****   ******************************************************************************
   3:platform/HAL/src/stm32g4xx_hal_flash.c ****   * @file    stm32g4xx_hal_flash.c
   4:platform/HAL/src/stm32g4xx_hal_flash.c ****   * @author  MCD Application Team
   5:platform/HAL/src/stm32g4xx_hal_flash.c ****   * @brief   FLASH HAL module driver.
   6:platform/HAL/src/stm32g4xx_hal_flash.c ****   *          This file provides firmware functions to manage the following
   7:platform/HAL/src/stm32g4xx_hal_flash.c ****   *          functionalities of the internal FLASH memory:
   8:platform/HAL/src/stm32g4xx_hal_flash.c ****   *           + Program operations functions
   9:platform/HAL/src/stm32g4xx_hal_flash.c ****   *           + Memory Control functions
  10:platform/HAL/src/stm32g4xx_hal_flash.c ****   *           + Peripheral Errors functions
  11:platform/HAL/src/stm32g4xx_hal_flash.c ****   *
  12:platform/HAL/src/stm32g4xx_hal_flash.c ****   @verbatim
  13:platform/HAL/src/stm32g4xx_hal_flash.c ****   ==============================================================================
  14:platform/HAL/src/stm32g4xx_hal_flash.c ****                         ##### FLASH peripheral features #####
  15:platform/HAL/src/stm32g4xx_hal_flash.c ****   ==============================================================================
  16:platform/HAL/src/stm32g4xx_hal_flash.c **** 
  17:platform/HAL/src/stm32g4xx_hal_flash.c ****   [..] The Flash memory interface manages CPU AHB I-Code and D-Code accesses
  18:platform/HAL/src/stm32g4xx_hal_flash.c ****        to the Flash memory. It implements the erase and program Flash memory operations
  19:platform/HAL/src/stm32g4xx_hal_flash.c ****        and the read and write protection mechanisms.
  20:platform/HAL/src/stm32g4xx_hal_flash.c **** 
  21:platform/HAL/src/stm32g4xx_hal_flash.c ****   [..] The Flash memory interface accelerates code execution with a system of instruction
  22:platform/HAL/src/stm32g4xx_hal_flash.c ****        prefetch and cache lines.
  23:platform/HAL/src/stm32g4xx_hal_flash.c **** 
  24:platform/HAL/src/stm32g4xx_hal_flash.c ****   [..] The FLASH main features are:
  25:platform/HAL/src/stm32g4xx_hal_flash.c ****       (+) Flash memory read operations
  26:platform/HAL/src/stm32g4xx_hal_flash.c ****       (+) Flash memory program/erase operations
  27:platform/HAL/src/stm32g4xx_hal_flash.c ****       (+) Read / write protections
  28:platform/HAL/src/stm32g4xx_hal_flash.c ****       (+) Option bytes programming
  29:platform/HAL/src/stm32g4xx_hal_flash.c ****       (+) Prefetch on I-Code
  30:platform/HAL/src/stm32g4xx_hal_flash.c ****       (+) 32 cache lines of 4*64 or 2*128 bits on I-Code
ARM GAS  /tmp/ccOQHGH1.s 			page 2


  31:platform/HAL/src/stm32g4xx_hal_flash.c ****       (+) 8 cache lines of 4*64 or 2*128 bits on D-Code
  32:platform/HAL/src/stm32g4xx_hal_flash.c ****       (+) Error code correction (ECC) : Data in flash are 72-bits word
  33:platform/HAL/src/stm32g4xx_hal_flash.c ****           (8 bits added per double word)
  34:platform/HAL/src/stm32g4xx_hal_flash.c **** 
  35:platform/HAL/src/stm32g4xx_hal_flash.c **** 
  36:platform/HAL/src/stm32g4xx_hal_flash.c ****                         ##### How to use this driver #####
  37:platform/HAL/src/stm32g4xx_hal_flash.c ****   ==============================================================================
  38:platform/HAL/src/stm32g4xx_hal_flash.c ****     [..]
  39:platform/HAL/src/stm32g4xx_hal_flash.c ****       This driver provides functions and macros to configure and program the FLASH
  40:platform/HAL/src/stm32g4xx_hal_flash.c ****       memory of all STM32G4xx devices.
  41:platform/HAL/src/stm32g4xx_hal_flash.c **** 
  42:platform/HAL/src/stm32g4xx_hal_flash.c ****       (#) Flash Memory IO Programming functions:
  43:platform/HAL/src/stm32g4xx_hal_flash.c ****            (++) Lock and Unlock the FLASH interface using HAL_FLASH_Unlock() and
  44:platform/HAL/src/stm32g4xx_hal_flash.c ****                 HAL_FLASH_Lock() functions
  45:platform/HAL/src/stm32g4xx_hal_flash.c ****            (++) Program functions: double word and fast program (full row programming)
  46:platform/HAL/src/stm32g4xx_hal_flash.c ****            (++) There are two modes of programming :
  47:platform/HAL/src/stm32g4xx_hal_flash.c ****             (+++) Polling mode using HAL_FLASH_Program() function
  48:platform/HAL/src/stm32g4xx_hal_flash.c ****             (+++) Interrupt mode using HAL_FLASH_Program_IT() function
  49:platform/HAL/src/stm32g4xx_hal_flash.c **** 
  50:platform/HAL/src/stm32g4xx_hal_flash.c ****       (#) Interrupts and flags management functions:
  51:platform/HAL/src/stm32g4xx_hal_flash.c ****            (++) Handle FLASH interrupts by calling HAL_FLASH_IRQHandler()
  52:platform/HAL/src/stm32g4xx_hal_flash.c ****            (++) Callback functions are called when the flash operations are finished :
  53:platform/HAL/src/stm32g4xx_hal_flash.c ****                 HAL_FLASH_EndOfOperationCallback() when everything is ok, otherwise
  54:platform/HAL/src/stm32g4xx_hal_flash.c ****                 HAL_FLASH_OperationErrorCallback()
  55:platform/HAL/src/stm32g4xx_hal_flash.c ****            (++) Get error flag status by calling HAL_GetError()
  56:platform/HAL/src/stm32g4xx_hal_flash.c **** 
  57:platform/HAL/src/stm32g4xx_hal_flash.c ****       (#) Option bytes management functions:
  58:platform/HAL/src/stm32g4xx_hal_flash.c ****            (++) Lock and Unlock the option bytes using HAL_FLASH_OB_Unlock() and
  59:platform/HAL/src/stm32g4xx_hal_flash.c ****                 HAL_FLASH_OB_Lock() functions
  60:platform/HAL/src/stm32g4xx_hal_flash.c ****            (++) Launch the reload of the option bytes using HAL_FLASH_Launch() function.
  61:platform/HAL/src/stm32g4xx_hal_flash.c ****                 In this case, a reset is generated
  62:platform/HAL/src/stm32g4xx_hal_flash.c **** 
  63:platform/HAL/src/stm32g4xx_hal_flash.c ****     [..]
  64:platform/HAL/src/stm32g4xx_hal_flash.c ****       In addition to these functions, this driver includes a set of macros allowing
  65:platform/HAL/src/stm32g4xx_hal_flash.c ****       to handle the following operations:
  66:platform/HAL/src/stm32g4xx_hal_flash.c ****        (+) Set the latency
  67:platform/HAL/src/stm32g4xx_hal_flash.c ****        (+) Enable/Disable the prefetch buffer
  68:platform/HAL/src/stm32g4xx_hal_flash.c ****        (+) Enable/Disable the Instruction cache and the Data cache
  69:platform/HAL/src/stm32g4xx_hal_flash.c ****        (+) Reset the Instruction cache and the Data cache
  70:platform/HAL/src/stm32g4xx_hal_flash.c ****        (+) Enable/Disable the Flash power-down during low-power run and sleep modes
  71:platform/HAL/src/stm32g4xx_hal_flash.c ****        (+) Enable/Disable the Flash interrupts
  72:platform/HAL/src/stm32g4xx_hal_flash.c ****        (+) Monitor the Flash flags status
  73:platform/HAL/src/stm32g4xx_hal_flash.c **** 
  74:platform/HAL/src/stm32g4xx_hal_flash.c ****   @endverbatim
  75:platform/HAL/src/stm32g4xx_hal_flash.c ****   ******************************************************************************
  76:platform/HAL/src/stm32g4xx_hal_flash.c ****   * @attention
  77:platform/HAL/src/stm32g4xx_hal_flash.c ****   *
  78:platform/HAL/src/stm32g4xx_hal_flash.c ****   * Copyright (c) 2019 STMicroelectronics.
  79:platform/HAL/src/stm32g4xx_hal_flash.c ****   * All rights reserved.
  80:platform/HAL/src/stm32g4xx_hal_flash.c ****   *
  81:platform/HAL/src/stm32g4xx_hal_flash.c ****   * This software is licensed under terms that can be found in the LICENSE file in
  82:platform/HAL/src/stm32g4xx_hal_flash.c ****   * the root directory of this software component.
  83:platform/HAL/src/stm32g4xx_hal_flash.c ****   * If no LICENSE file comes with this software, it is provided AS-IS.
  84:platform/HAL/src/stm32g4xx_hal_flash.c ****   ******************************************************************************
  85:platform/HAL/src/stm32g4xx_hal_flash.c ****   */
  86:platform/HAL/src/stm32g4xx_hal_flash.c **** 
  87:platform/HAL/src/stm32g4xx_hal_flash.c **** /* Includes ------------------------------------------------------------------*/
ARM GAS  /tmp/ccOQHGH1.s 			page 3


  88:platform/HAL/src/stm32g4xx_hal_flash.c **** #include "stm32g4xx_hal.h"
  89:platform/HAL/src/stm32g4xx_hal_flash.c **** 
  90:platform/HAL/src/stm32g4xx_hal_flash.c **** /** @addtogroup STM32G4xx_HAL_Driver
  91:platform/HAL/src/stm32g4xx_hal_flash.c ****   * @{
  92:platform/HAL/src/stm32g4xx_hal_flash.c ****   */
  93:platform/HAL/src/stm32g4xx_hal_flash.c **** 
  94:platform/HAL/src/stm32g4xx_hal_flash.c **** /** @defgroup FLASH FLASH
  95:platform/HAL/src/stm32g4xx_hal_flash.c ****   * @brief FLASH HAL module driver
  96:platform/HAL/src/stm32g4xx_hal_flash.c ****   * @{
  97:platform/HAL/src/stm32g4xx_hal_flash.c ****   */
  98:platform/HAL/src/stm32g4xx_hal_flash.c **** 
  99:platform/HAL/src/stm32g4xx_hal_flash.c **** #ifdef HAL_FLASH_MODULE_ENABLED
 100:platform/HAL/src/stm32g4xx_hal_flash.c **** 
 101:platform/HAL/src/stm32g4xx_hal_flash.c **** /* Private typedef -----------------------------------------------------------*/
 102:platform/HAL/src/stm32g4xx_hal_flash.c **** /* Private defines -----------------------------------------------------------*/
 103:platform/HAL/src/stm32g4xx_hal_flash.c **** /** @defgroup FLASH_Private_Constants FLASH Private Constants
 104:platform/HAL/src/stm32g4xx_hal_flash.c ****   * @{
 105:platform/HAL/src/stm32g4xx_hal_flash.c ****   */
 106:platform/HAL/src/stm32g4xx_hal_flash.c **** #define FLASH_NB_DOUBLE_WORDS_IN_ROW  32
 107:platform/HAL/src/stm32g4xx_hal_flash.c **** /**
 108:platform/HAL/src/stm32g4xx_hal_flash.c ****   * @}
 109:platform/HAL/src/stm32g4xx_hal_flash.c ****   */
 110:platform/HAL/src/stm32g4xx_hal_flash.c **** 
 111:platform/HAL/src/stm32g4xx_hal_flash.c **** /* Private macros ------------------------------------------------------------*/
 112:platform/HAL/src/stm32g4xx_hal_flash.c **** /* Private variables ---------------------------------------------------------*/
 113:platform/HAL/src/stm32g4xx_hal_flash.c **** /** @defgroup FLASH_Private_Variables FLASH Private Variables
 114:platform/HAL/src/stm32g4xx_hal_flash.c ****   * @{
 115:platform/HAL/src/stm32g4xx_hal_flash.c ****   */
 116:platform/HAL/src/stm32g4xx_hal_flash.c **** 
 117:platform/HAL/src/stm32g4xx_hal_flash.c **** /**
 118:platform/HAL/src/stm32g4xx_hal_flash.c ****   * @brief  Variable used for Program/Erase sectors under interruption
 119:platform/HAL/src/stm32g4xx_hal_flash.c ****   */
 120:platform/HAL/src/stm32g4xx_hal_flash.c **** FLASH_ProcessTypeDef pFlash  = {.Lock = HAL_UNLOCKED,
 121:platform/HAL/src/stm32g4xx_hal_flash.c ****                                 .ErrorCode = HAL_FLASH_ERROR_NONE,
 122:platform/HAL/src/stm32g4xx_hal_flash.c ****                                 .ProcedureOnGoing = FLASH_PROC_NONE,
 123:platform/HAL/src/stm32g4xx_hal_flash.c ****                                 .Address = 0U,
 124:platform/HAL/src/stm32g4xx_hal_flash.c ****                                 .Bank = FLASH_BANK_1,
 125:platform/HAL/src/stm32g4xx_hal_flash.c ****                                 .Page = 0U,
 126:platform/HAL/src/stm32g4xx_hal_flash.c ****                                 .NbPagesToErase = 0U,
 127:platform/HAL/src/stm32g4xx_hal_flash.c ****                                 .CacheToReactivate = FLASH_CACHE_DISABLED};
 128:platform/HAL/src/stm32g4xx_hal_flash.c **** /**
 129:platform/HAL/src/stm32g4xx_hal_flash.c ****   * @}
 130:platform/HAL/src/stm32g4xx_hal_flash.c ****   */
 131:platform/HAL/src/stm32g4xx_hal_flash.c **** 
 132:platform/HAL/src/stm32g4xx_hal_flash.c **** /* Private function prototypes -----------------------------------------------*/
 133:platform/HAL/src/stm32g4xx_hal_flash.c **** /** @defgroup FLASH_Private_Functions FLASH Private Functions
 134:platform/HAL/src/stm32g4xx_hal_flash.c ****   * @{
 135:platform/HAL/src/stm32g4xx_hal_flash.c ****   */
 136:platform/HAL/src/stm32g4xx_hal_flash.c **** static void          FLASH_Program_DoubleWord(uint32_t Address, uint64_t Data);
 137:platform/HAL/src/stm32g4xx_hal_flash.c **** static void          FLASH_Program_Fast(uint32_t Address, uint32_t DataAddress);
 138:platform/HAL/src/stm32g4xx_hal_flash.c **** /**
 139:platform/HAL/src/stm32g4xx_hal_flash.c ****   * @}
 140:platform/HAL/src/stm32g4xx_hal_flash.c ****   */
 141:platform/HAL/src/stm32g4xx_hal_flash.c **** 
 142:platform/HAL/src/stm32g4xx_hal_flash.c **** /* Exported functions --------------------------------------------------------*/
 143:platform/HAL/src/stm32g4xx_hal_flash.c **** /** @defgroup FLASH_Exported_Functions FLASH Exported Functions
 144:platform/HAL/src/stm32g4xx_hal_flash.c ****   * @{
ARM GAS  /tmp/ccOQHGH1.s 			page 4


 145:platform/HAL/src/stm32g4xx_hal_flash.c ****   */
 146:platform/HAL/src/stm32g4xx_hal_flash.c **** 
 147:platform/HAL/src/stm32g4xx_hal_flash.c **** /** @defgroup FLASH_Exported_Functions_Group1 Programming operation functions
 148:platform/HAL/src/stm32g4xx_hal_flash.c ****   *  @brief   Programming operation functions
 149:platform/HAL/src/stm32g4xx_hal_flash.c ****   *
 150:platform/HAL/src/stm32g4xx_hal_flash.c **** @verbatim
 151:platform/HAL/src/stm32g4xx_hal_flash.c ****  ===============================================================================
 152:platform/HAL/src/stm32g4xx_hal_flash.c ****                   ##### Programming operation functions #####
 153:platform/HAL/src/stm32g4xx_hal_flash.c ****  ===============================================================================
 154:platform/HAL/src/stm32g4xx_hal_flash.c ****     [..]
 155:platform/HAL/src/stm32g4xx_hal_flash.c ****     This subsection provides a set of functions allowing to manage the FLASH
 156:platform/HAL/src/stm32g4xx_hal_flash.c ****     program operations.
 157:platform/HAL/src/stm32g4xx_hal_flash.c **** 
 158:platform/HAL/src/stm32g4xx_hal_flash.c **** @endverbatim
 159:platform/HAL/src/stm32g4xx_hal_flash.c ****   * @{
 160:platform/HAL/src/stm32g4xx_hal_flash.c ****   */
 161:platform/HAL/src/stm32g4xx_hal_flash.c **** 
 162:platform/HAL/src/stm32g4xx_hal_flash.c **** /**
 163:platform/HAL/src/stm32g4xx_hal_flash.c ****   * @brief  Program double word or fast program of a row at a specified address.
 164:platform/HAL/src/stm32g4xx_hal_flash.c ****   * @param  TypeProgram Indicate the way to program at a specified address.
 165:platform/HAL/src/stm32g4xx_hal_flash.c ****   *         This parameter can be a value of @ref FLASH_Type_Program.
 166:platform/HAL/src/stm32g4xx_hal_flash.c ****   * @param  Address specifies the address to be programmed.
 167:platform/HAL/src/stm32g4xx_hal_flash.c ****   * @param  Data specifies the data to be programmed.
 168:platform/HAL/src/stm32g4xx_hal_flash.c ****   *         This parameter is the data for the double word program and the address where
 169:platform/HAL/src/stm32g4xx_hal_flash.c ****   *         are stored the data for the row fast program.
 170:platform/HAL/src/stm32g4xx_hal_flash.c ****   *
 171:platform/HAL/src/stm32g4xx_hal_flash.c ****   * @retval HAL_Status
 172:platform/HAL/src/stm32g4xx_hal_flash.c ****   */
 173:platform/HAL/src/stm32g4xx_hal_flash.c **** HAL_StatusTypeDef HAL_FLASH_Program(uint32_t TypeProgram, uint32_t Address, uint64_t Data)
 174:platform/HAL/src/stm32g4xx_hal_flash.c **** {
 175:platform/HAL/src/stm32g4xx_hal_flash.c ****   HAL_StatusTypeDef status;
 176:platform/HAL/src/stm32g4xx_hal_flash.c ****   uint32_t prog_bit = 0;
 177:platform/HAL/src/stm32g4xx_hal_flash.c **** 
 178:platform/HAL/src/stm32g4xx_hal_flash.c ****   /* Check the parameters */
 179:platform/HAL/src/stm32g4xx_hal_flash.c ****   assert_param(IS_FLASH_TYPEPROGRAM(TypeProgram));
 180:platform/HAL/src/stm32g4xx_hal_flash.c **** 
 181:platform/HAL/src/stm32g4xx_hal_flash.c ****   /* Process Locked */
 182:platform/HAL/src/stm32g4xx_hal_flash.c ****   __HAL_LOCK(&pFlash);
 183:platform/HAL/src/stm32g4xx_hal_flash.c **** 
 184:platform/HAL/src/stm32g4xx_hal_flash.c ****   /* Wait for last operation to be completed */
 185:platform/HAL/src/stm32g4xx_hal_flash.c ****   status = FLASH_WaitForLastOperation((uint32_t)FLASH_TIMEOUT_VALUE);
 186:platform/HAL/src/stm32g4xx_hal_flash.c **** 
 187:platform/HAL/src/stm32g4xx_hal_flash.c ****   if (status == HAL_OK)
 188:platform/HAL/src/stm32g4xx_hal_flash.c ****   {
 189:platform/HAL/src/stm32g4xx_hal_flash.c ****     pFlash.ErrorCode = HAL_FLASH_ERROR_NONE;
 190:platform/HAL/src/stm32g4xx_hal_flash.c **** 
 191:platform/HAL/src/stm32g4xx_hal_flash.c ****     /* Deactivate the data cache if they are activated to avoid data misbehavior */
 192:platform/HAL/src/stm32g4xx_hal_flash.c ****     if(READ_BIT(FLASH->ACR, FLASH_ACR_DCEN) != 0U)
 193:platform/HAL/src/stm32g4xx_hal_flash.c ****     {
 194:platform/HAL/src/stm32g4xx_hal_flash.c ****       /* Disable data cache  */
 195:platform/HAL/src/stm32g4xx_hal_flash.c ****       __HAL_FLASH_DATA_CACHE_DISABLE();
 196:platform/HAL/src/stm32g4xx_hal_flash.c ****       pFlash.CacheToReactivate = FLASH_CACHE_DCACHE_ENABLED;
 197:platform/HAL/src/stm32g4xx_hal_flash.c ****     }
 198:platform/HAL/src/stm32g4xx_hal_flash.c ****     else
 199:platform/HAL/src/stm32g4xx_hal_flash.c ****     {
 200:platform/HAL/src/stm32g4xx_hal_flash.c ****       pFlash.CacheToReactivate = FLASH_CACHE_DISABLED;
 201:platform/HAL/src/stm32g4xx_hal_flash.c ****     }
ARM GAS  /tmp/ccOQHGH1.s 			page 5


 202:platform/HAL/src/stm32g4xx_hal_flash.c ****     if (TypeProgram == FLASH_TYPEPROGRAM_DOUBLEWORD)
 203:platform/HAL/src/stm32g4xx_hal_flash.c ****     {
 204:platform/HAL/src/stm32g4xx_hal_flash.c ****       /* Program double-word (64-bit) at a specified address */
 205:platform/HAL/src/stm32g4xx_hal_flash.c ****       FLASH_Program_DoubleWord(Address, Data);
 206:platform/HAL/src/stm32g4xx_hal_flash.c ****       prog_bit = FLASH_CR_PG;
 207:platform/HAL/src/stm32g4xx_hal_flash.c ****     }
 208:platform/HAL/src/stm32g4xx_hal_flash.c ****     else if ((TypeProgram == FLASH_TYPEPROGRAM_FAST) || (TypeProgram == FLASH_TYPEPROGRAM_FAST_AND_
 209:platform/HAL/src/stm32g4xx_hal_flash.c ****     {
 210:platform/HAL/src/stm32g4xx_hal_flash.c ****       /* Fast program a 32 row double-word (64-bit) at a specified address */
 211:platform/HAL/src/stm32g4xx_hal_flash.c ****       FLASH_Program_Fast(Address, (uint32_t)Data);
 212:platform/HAL/src/stm32g4xx_hal_flash.c **** 
 213:platform/HAL/src/stm32g4xx_hal_flash.c ****       /* If it is the last row, the bit will be cleared at the end of the operation */
 214:platform/HAL/src/stm32g4xx_hal_flash.c ****       if (TypeProgram == FLASH_TYPEPROGRAM_FAST_AND_LAST)
 215:platform/HAL/src/stm32g4xx_hal_flash.c ****       {
 216:platform/HAL/src/stm32g4xx_hal_flash.c ****         prog_bit = FLASH_CR_FSTPG;
 217:platform/HAL/src/stm32g4xx_hal_flash.c ****       }
 218:platform/HAL/src/stm32g4xx_hal_flash.c ****     }
 219:platform/HAL/src/stm32g4xx_hal_flash.c ****     else
 220:platform/HAL/src/stm32g4xx_hal_flash.c ****     {
 221:platform/HAL/src/stm32g4xx_hal_flash.c ****       /* Nothing to do */
 222:platform/HAL/src/stm32g4xx_hal_flash.c ****     }
 223:platform/HAL/src/stm32g4xx_hal_flash.c **** 
 224:platform/HAL/src/stm32g4xx_hal_flash.c ****     /* Wait for last operation to be completed */
 225:platform/HAL/src/stm32g4xx_hal_flash.c ****     status = FLASH_WaitForLastOperation((uint32_t)FLASH_TIMEOUT_VALUE);
 226:platform/HAL/src/stm32g4xx_hal_flash.c **** 
 227:platform/HAL/src/stm32g4xx_hal_flash.c ****     /* If the program operation is completed, disable the PG or FSTPG Bit */
 228:platform/HAL/src/stm32g4xx_hal_flash.c ****     if (prog_bit != 0U)
 229:platform/HAL/src/stm32g4xx_hal_flash.c ****     {
 230:platform/HAL/src/stm32g4xx_hal_flash.c ****       CLEAR_BIT(FLASH->CR, prog_bit);
 231:platform/HAL/src/stm32g4xx_hal_flash.c ****     }
 232:platform/HAL/src/stm32g4xx_hal_flash.c **** 
 233:platform/HAL/src/stm32g4xx_hal_flash.c ****     /* Flush the caches to be sure of the data consistency */
 234:platform/HAL/src/stm32g4xx_hal_flash.c ****     FLASH_FlushCaches();
 235:platform/HAL/src/stm32g4xx_hal_flash.c ****   }
 236:platform/HAL/src/stm32g4xx_hal_flash.c **** 
 237:platform/HAL/src/stm32g4xx_hal_flash.c ****   /* Process Unlocked */
 238:platform/HAL/src/stm32g4xx_hal_flash.c ****   __HAL_UNLOCK(&pFlash);
 239:platform/HAL/src/stm32g4xx_hal_flash.c **** 
 240:platform/HAL/src/stm32g4xx_hal_flash.c ****   /* return status */
 241:platform/HAL/src/stm32g4xx_hal_flash.c ****   return status;
 242:platform/HAL/src/stm32g4xx_hal_flash.c **** }
 243:platform/HAL/src/stm32g4xx_hal_flash.c **** 
 244:platform/HAL/src/stm32g4xx_hal_flash.c **** /**
 245:platform/HAL/src/stm32g4xx_hal_flash.c ****   * @brief  Program double word or fast program of a row at a specified address with interrupt enab
 246:platform/HAL/src/stm32g4xx_hal_flash.c ****   * @param  TypeProgram Indicate the way to program at a specified address.
 247:platform/HAL/src/stm32g4xx_hal_flash.c ****   *         This parameter can be a value of @ref FLASH_Type_Program.
 248:platform/HAL/src/stm32g4xx_hal_flash.c ****   * @param  Address specifies the address to be programmed.
 249:platform/HAL/src/stm32g4xx_hal_flash.c ****   * @param  Data specifies the data to be programmed.
 250:platform/HAL/src/stm32g4xx_hal_flash.c ****   *         This parameter is the data for the double word program and the address where
 251:platform/HAL/src/stm32g4xx_hal_flash.c ****   *         are stored the data for the row fast program.
 252:platform/HAL/src/stm32g4xx_hal_flash.c ****   *
 253:platform/HAL/src/stm32g4xx_hal_flash.c ****   * @retval HAL_Status
 254:platform/HAL/src/stm32g4xx_hal_flash.c ****   */
 255:platform/HAL/src/stm32g4xx_hal_flash.c **** HAL_StatusTypeDef HAL_FLASH_Program_IT(uint32_t TypeProgram, uint32_t Address, uint64_t Data)
 256:platform/HAL/src/stm32g4xx_hal_flash.c **** {
 257:platform/HAL/src/stm32g4xx_hal_flash.c ****   HAL_StatusTypeDef status;
 258:platform/HAL/src/stm32g4xx_hal_flash.c **** 
ARM GAS  /tmp/ccOQHGH1.s 			page 6


 259:platform/HAL/src/stm32g4xx_hal_flash.c ****   /* Check the parameters */
 260:platform/HAL/src/stm32g4xx_hal_flash.c ****   assert_param(IS_FLASH_TYPEPROGRAM(TypeProgram));
 261:platform/HAL/src/stm32g4xx_hal_flash.c **** 
 262:platform/HAL/src/stm32g4xx_hal_flash.c ****   /* Process Locked */
 263:platform/HAL/src/stm32g4xx_hal_flash.c ****   __HAL_LOCK(&pFlash);
 264:platform/HAL/src/stm32g4xx_hal_flash.c **** 
 265:platform/HAL/src/stm32g4xx_hal_flash.c ****   /* Reset error code */
 266:platform/HAL/src/stm32g4xx_hal_flash.c ****   pFlash.ErrorCode = HAL_FLASH_ERROR_NONE;
 267:platform/HAL/src/stm32g4xx_hal_flash.c **** 
 268:platform/HAL/src/stm32g4xx_hal_flash.c ****   /* Deactivate the data cache if they are activated to avoid data misbehavior */
 269:platform/HAL/src/stm32g4xx_hal_flash.c ****   if(READ_BIT(FLASH->ACR, FLASH_ACR_DCEN) != 0U)
 270:platform/HAL/src/stm32g4xx_hal_flash.c ****   {
 271:platform/HAL/src/stm32g4xx_hal_flash.c ****     /* Disable data cache  */
 272:platform/HAL/src/stm32g4xx_hal_flash.c ****     __HAL_FLASH_DATA_CACHE_DISABLE();
 273:platform/HAL/src/stm32g4xx_hal_flash.c ****     pFlash.CacheToReactivate = FLASH_CACHE_DCACHE_ENABLED;
 274:platform/HAL/src/stm32g4xx_hal_flash.c ****   }
 275:platform/HAL/src/stm32g4xx_hal_flash.c ****   else
 276:platform/HAL/src/stm32g4xx_hal_flash.c ****   {
 277:platform/HAL/src/stm32g4xx_hal_flash.c ****     pFlash.CacheToReactivate = FLASH_CACHE_DISABLED;
 278:platform/HAL/src/stm32g4xx_hal_flash.c ****   }
 279:platform/HAL/src/stm32g4xx_hal_flash.c **** 
 280:platform/HAL/src/stm32g4xx_hal_flash.c ****   /* Wait for last operation to be completed */
 281:platform/HAL/src/stm32g4xx_hal_flash.c ****   status = FLASH_WaitForLastOperation(FLASH_TIMEOUT_VALUE);
 282:platform/HAL/src/stm32g4xx_hal_flash.c **** 
 283:platform/HAL/src/stm32g4xx_hal_flash.c ****   if (status != HAL_OK)
 284:platform/HAL/src/stm32g4xx_hal_flash.c ****   {
 285:platform/HAL/src/stm32g4xx_hal_flash.c ****     /* Process Unlocked */
 286:platform/HAL/src/stm32g4xx_hal_flash.c ****     __HAL_UNLOCK(&pFlash);
 287:platform/HAL/src/stm32g4xx_hal_flash.c ****   }
 288:platform/HAL/src/stm32g4xx_hal_flash.c ****   else
 289:platform/HAL/src/stm32g4xx_hal_flash.c ****   {
 290:platform/HAL/src/stm32g4xx_hal_flash.c ****     /* Set internal variables used by the IRQ handler */
 291:platform/HAL/src/stm32g4xx_hal_flash.c ****     if (TypeProgram == FLASH_TYPEPROGRAM_FAST_AND_LAST)
 292:platform/HAL/src/stm32g4xx_hal_flash.c ****     {
 293:platform/HAL/src/stm32g4xx_hal_flash.c ****       pFlash.ProcedureOnGoing = FLASH_PROC_PROGRAM_LAST;
 294:platform/HAL/src/stm32g4xx_hal_flash.c ****     }
 295:platform/HAL/src/stm32g4xx_hal_flash.c ****     else
 296:platform/HAL/src/stm32g4xx_hal_flash.c ****     {
 297:platform/HAL/src/stm32g4xx_hal_flash.c ****       pFlash.ProcedureOnGoing = FLASH_PROC_PROGRAM;
 298:platform/HAL/src/stm32g4xx_hal_flash.c ****     }
 299:platform/HAL/src/stm32g4xx_hal_flash.c ****     pFlash.Address = Address;
 300:platform/HAL/src/stm32g4xx_hal_flash.c **** 
 301:platform/HAL/src/stm32g4xx_hal_flash.c ****     /* Enable End of Operation and Error interrupts */
 302:platform/HAL/src/stm32g4xx_hal_flash.c ****     __HAL_FLASH_ENABLE_IT(FLASH_IT_EOP | FLASH_IT_OPERR);
 303:platform/HAL/src/stm32g4xx_hal_flash.c **** 
 304:platform/HAL/src/stm32g4xx_hal_flash.c ****     if (TypeProgram == FLASH_TYPEPROGRAM_DOUBLEWORD)
 305:platform/HAL/src/stm32g4xx_hal_flash.c ****     {
 306:platform/HAL/src/stm32g4xx_hal_flash.c ****       /* Program double-word (64-bit) at a specified address */
 307:platform/HAL/src/stm32g4xx_hal_flash.c ****       FLASH_Program_DoubleWord(Address, Data);
 308:platform/HAL/src/stm32g4xx_hal_flash.c ****     }
 309:platform/HAL/src/stm32g4xx_hal_flash.c ****     else if ((TypeProgram == FLASH_TYPEPROGRAM_FAST) || (TypeProgram == FLASH_TYPEPROGRAM_FAST_AND_
 310:platform/HAL/src/stm32g4xx_hal_flash.c ****     {
 311:platform/HAL/src/stm32g4xx_hal_flash.c ****       /* Fast program a 32 row double-word (64-bit) at a specified address */
 312:platform/HAL/src/stm32g4xx_hal_flash.c ****       FLASH_Program_Fast(Address, (uint32_t)Data);
 313:platform/HAL/src/stm32g4xx_hal_flash.c ****     }
 314:platform/HAL/src/stm32g4xx_hal_flash.c ****     else
 315:platform/HAL/src/stm32g4xx_hal_flash.c ****     {
ARM GAS  /tmp/ccOQHGH1.s 			page 7


 316:platform/HAL/src/stm32g4xx_hal_flash.c ****       /* Nothing to do */
 317:platform/HAL/src/stm32g4xx_hal_flash.c ****     }
 318:platform/HAL/src/stm32g4xx_hal_flash.c ****   }
 319:platform/HAL/src/stm32g4xx_hal_flash.c **** 
 320:platform/HAL/src/stm32g4xx_hal_flash.c ****   return status;
 321:platform/HAL/src/stm32g4xx_hal_flash.c **** }
 322:platform/HAL/src/stm32g4xx_hal_flash.c **** 
 323:platform/HAL/src/stm32g4xx_hal_flash.c **** /**
 324:platform/HAL/src/stm32g4xx_hal_flash.c ****   * @brief  Handle FLASH interrupt request.
 325:platform/HAL/src/stm32g4xx_hal_flash.c ****   * @retval None
 326:platform/HAL/src/stm32g4xx_hal_flash.c ****   */
 327:platform/HAL/src/stm32g4xx_hal_flash.c **** void HAL_FLASH_IRQHandler(void)
 328:platform/HAL/src/stm32g4xx_hal_flash.c **** {
 329:platform/HAL/src/stm32g4xx_hal_flash.c ****   uint32_t tmp_page;
 330:platform/HAL/src/stm32g4xx_hal_flash.c ****   uint32_t error;
 331:platform/HAL/src/stm32g4xx_hal_flash.c ****   FLASH_ProcedureTypeDef procedure;
 332:platform/HAL/src/stm32g4xx_hal_flash.c **** 
 333:platform/HAL/src/stm32g4xx_hal_flash.c ****   /* If the operation is completed, disable the PG, PNB, MER1, MER2 and PER Bit */
 334:platform/HAL/src/stm32g4xx_hal_flash.c ****   CLEAR_BIT(FLASH->CR, (FLASH_CR_PG | FLASH_CR_MER1 | FLASH_CR_PER | FLASH_CR_PNB));
 335:platform/HAL/src/stm32g4xx_hal_flash.c **** #if defined (FLASH_OPTR_DBANK)
 336:platform/HAL/src/stm32g4xx_hal_flash.c ****   CLEAR_BIT(FLASH->CR, FLASH_CR_MER2);
 337:platform/HAL/src/stm32g4xx_hal_flash.c **** #endif
 338:platform/HAL/src/stm32g4xx_hal_flash.c **** 
 339:platform/HAL/src/stm32g4xx_hal_flash.c ****   /* Disable the FSTPG Bit only if it is the last row programmed */
 340:platform/HAL/src/stm32g4xx_hal_flash.c ****   if (pFlash.ProcedureOnGoing == FLASH_PROC_PROGRAM_LAST)
 341:platform/HAL/src/stm32g4xx_hal_flash.c ****   {
 342:platform/HAL/src/stm32g4xx_hal_flash.c ****     CLEAR_BIT(FLASH->CR, FLASH_CR_FSTPG);
 343:platform/HAL/src/stm32g4xx_hal_flash.c ****   }
 344:platform/HAL/src/stm32g4xx_hal_flash.c **** 
 345:platform/HAL/src/stm32g4xx_hal_flash.c ****   /* Check FLASH operation error flags */
 346:platform/HAL/src/stm32g4xx_hal_flash.c ****   error = (FLASH->SR & FLASH_FLAG_SR_ERRORS);
 347:platform/HAL/src/stm32g4xx_hal_flash.c **** 
 348:platform/HAL/src/stm32g4xx_hal_flash.c ****   if (error != 0U)
 349:platform/HAL/src/stm32g4xx_hal_flash.c ****   {
 350:platform/HAL/src/stm32g4xx_hal_flash.c ****     /* Save the error code */
 351:platform/HAL/src/stm32g4xx_hal_flash.c ****     pFlash.ErrorCode |= error;
 352:platform/HAL/src/stm32g4xx_hal_flash.c **** 
 353:platform/HAL/src/stm32g4xx_hal_flash.c ****     /* Clear error programming flags */
 354:platform/HAL/src/stm32g4xx_hal_flash.c ****     __HAL_FLASH_CLEAR_FLAG(error);
 355:platform/HAL/src/stm32g4xx_hal_flash.c **** 
 356:platform/HAL/src/stm32g4xx_hal_flash.c ****     /* Flush the caches to be sure of the data consistency */
 357:platform/HAL/src/stm32g4xx_hal_flash.c ****     FLASH_FlushCaches();
 358:platform/HAL/src/stm32g4xx_hal_flash.c **** 
 359:platform/HAL/src/stm32g4xx_hal_flash.c ****     /* FLASH error interrupt user callback */
 360:platform/HAL/src/stm32g4xx_hal_flash.c ****     procedure = pFlash.ProcedureOnGoing;
 361:platform/HAL/src/stm32g4xx_hal_flash.c ****     if (procedure == FLASH_PROC_PAGE_ERASE)
 362:platform/HAL/src/stm32g4xx_hal_flash.c ****     {
 363:platform/HAL/src/stm32g4xx_hal_flash.c ****       HAL_FLASH_OperationErrorCallback(pFlash.Page);
 364:platform/HAL/src/stm32g4xx_hal_flash.c ****     }
 365:platform/HAL/src/stm32g4xx_hal_flash.c ****     else if (procedure == FLASH_PROC_MASS_ERASE)
 366:platform/HAL/src/stm32g4xx_hal_flash.c ****     {
 367:platform/HAL/src/stm32g4xx_hal_flash.c ****       HAL_FLASH_OperationErrorCallback(pFlash.Bank);
 368:platform/HAL/src/stm32g4xx_hal_flash.c ****     }
 369:platform/HAL/src/stm32g4xx_hal_flash.c ****     else if ((procedure == FLASH_PROC_PROGRAM) ||
 370:platform/HAL/src/stm32g4xx_hal_flash.c ****              (procedure == FLASH_PROC_PROGRAM_LAST))
 371:platform/HAL/src/stm32g4xx_hal_flash.c ****     {
 372:platform/HAL/src/stm32g4xx_hal_flash.c ****       HAL_FLASH_OperationErrorCallback(pFlash.Address);
ARM GAS  /tmp/ccOQHGH1.s 			page 8


 373:platform/HAL/src/stm32g4xx_hal_flash.c ****     }
 374:platform/HAL/src/stm32g4xx_hal_flash.c ****     else
 375:platform/HAL/src/stm32g4xx_hal_flash.c ****     {
 376:platform/HAL/src/stm32g4xx_hal_flash.c ****       /* Nothing to do */
 377:platform/HAL/src/stm32g4xx_hal_flash.c ****     }
 378:platform/HAL/src/stm32g4xx_hal_flash.c **** 
 379:platform/HAL/src/stm32g4xx_hal_flash.c ****     /*Stop the procedure ongoing*/
 380:platform/HAL/src/stm32g4xx_hal_flash.c ****     pFlash.ProcedureOnGoing = FLASH_PROC_NONE;
 381:platform/HAL/src/stm32g4xx_hal_flash.c ****   }
 382:platform/HAL/src/stm32g4xx_hal_flash.c **** 
 383:platform/HAL/src/stm32g4xx_hal_flash.c ****   /* Check FLASH End of Operation flag  */
 384:platform/HAL/src/stm32g4xx_hal_flash.c ****   if (__HAL_FLASH_GET_FLAG(FLASH_FLAG_EOP))
 385:platform/HAL/src/stm32g4xx_hal_flash.c ****   {
 386:platform/HAL/src/stm32g4xx_hal_flash.c ****     /* Clear FLASH End of Operation pending bit */
 387:platform/HAL/src/stm32g4xx_hal_flash.c ****     __HAL_FLASH_CLEAR_FLAG(FLASH_FLAG_EOP);
 388:platform/HAL/src/stm32g4xx_hal_flash.c **** 
 389:platform/HAL/src/stm32g4xx_hal_flash.c ****     if (pFlash.ProcedureOnGoing == FLASH_PROC_PAGE_ERASE)
 390:platform/HAL/src/stm32g4xx_hal_flash.c ****     {
 391:platform/HAL/src/stm32g4xx_hal_flash.c ****       /* Nb of pages to erased can be decreased */
 392:platform/HAL/src/stm32g4xx_hal_flash.c ****       pFlash.NbPagesToErase--;
 393:platform/HAL/src/stm32g4xx_hal_flash.c **** 
 394:platform/HAL/src/stm32g4xx_hal_flash.c ****       /* Check if there are still pages to erase*/
 395:platform/HAL/src/stm32g4xx_hal_flash.c ****       if (pFlash.NbPagesToErase != 0U)
 396:platform/HAL/src/stm32g4xx_hal_flash.c ****       {
 397:platform/HAL/src/stm32g4xx_hal_flash.c ****         /* Indicate user which page has been erased*/
 398:platform/HAL/src/stm32g4xx_hal_flash.c ****         HAL_FLASH_EndOfOperationCallback(pFlash.Page);
 399:platform/HAL/src/stm32g4xx_hal_flash.c **** 
 400:platform/HAL/src/stm32g4xx_hal_flash.c ****         /* Increment page number */
 401:platform/HAL/src/stm32g4xx_hal_flash.c ****         pFlash.Page++;
 402:platform/HAL/src/stm32g4xx_hal_flash.c ****         tmp_page = pFlash.Page;
 403:platform/HAL/src/stm32g4xx_hal_flash.c ****         FLASH_PageErase(tmp_page, pFlash.Bank);
 404:platform/HAL/src/stm32g4xx_hal_flash.c ****       }
 405:platform/HAL/src/stm32g4xx_hal_flash.c ****       else
 406:platform/HAL/src/stm32g4xx_hal_flash.c ****       {
 407:platform/HAL/src/stm32g4xx_hal_flash.c ****         /* No more pages to Erase */
 408:platform/HAL/src/stm32g4xx_hal_flash.c ****         /* Reset Address and stop Erase pages procedure */
 409:platform/HAL/src/stm32g4xx_hal_flash.c ****         pFlash.Page = 0xFFFFFFFFU;
 410:platform/HAL/src/stm32g4xx_hal_flash.c ****         pFlash.ProcedureOnGoing = FLASH_PROC_NONE;
 411:platform/HAL/src/stm32g4xx_hal_flash.c **** 
 412:platform/HAL/src/stm32g4xx_hal_flash.c ****         /* Flush the caches to be sure of the data consistency */
 413:platform/HAL/src/stm32g4xx_hal_flash.c ****         FLASH_FlushCaches();
 414:platform/HAL/src/stm32g4xx_hal_flash.c **** 
 415:platform/HAL/src/stm32g4xx_hal_flash.c ****         /* FLASH EOP interrupt user callback */
 416:platform/HAL/src/stm32g4xx_hal_flash.c ****         HAL_FLASH_EndOfOperationCallback(pFlash.Page);
 417:platform/HAL/src/stm32g4xx_hal_flash.c ****       }
 418:platform/HAL/src/stm32g4xx_hal_flash.c ****     }
 419:platform/HAL/src/stm32g4xx_hal_flash.c ****     else
 420:platform/HAL/src/stm32g4xx_hal_flash.c ****     {
 421:platform/HAL/src/stm32g4xx_hal_flash.c ****       /* Flush the caches to be sure of the data consistency */
 422:platform/HAL/src/stm32g4xx_hal_flash.c ****       FLASH_FlushCaches();
 423:platform/HAL/src/stm32g4xx_hal_flash.c **** 
 424:platform/HAL/src/stm32g4xx_hal_flash.c ****       procedure = pFlash.ProcedureOnGoing;
 425:platform/HAL/src/stm32g4xx_hal_flash.c ****       if (procedure == FLASH_PROC_MASS_ERASE)
 426:platform/HAL/src/stm32g4xx_hal_flash.c ****       {
 427:platform/HAL/src/stm32g4xx_hal_flash.c ****         /* MassErase ended. Return the selected bank */
 428:platform/HAL/src/stm32g4xx_hal_flash.c ****         /* FLASH EOP interrupt user callback */
 429:platform/HAL/src/stm32g4xx_hal_flash.c ****         HAL_FLASH_EndOfOperationCallback(pFlash.Bank);
ARM GAS  /tmp/ccOQHGH1.s 			page 9


 430:platform/HAL/src/stm32g4xx_hal_flash.c ****       }
 431:platform/HAL/src/stm32g4xx_hal_flash.c ****       else if ((procedure == FLASH_PROC_PROGRAM) ||
 432:platform/HAL/src/stm32g4xx_hal_flash.c ****                (procedure == FLASH_PROC_PROGRAM_LAST))
 433:platform/HAL/src/stm32g4xx_hal_flash.c ****       {
 434:platform/HAL/src/stm32g4xx_hal_flash.c ****         /* Program ended. Return the selected address */
 435:platform/HAL/src/stm32g4xx_hal_flash.c ****         /* FLASH EOP interrupt user callback */
 436:platform/HAL/src/stm32g4xx_hal_flash.c ****         HAL_FLASH_EndOfOperationCallback(pFlash.Address);
 437:platform/HAL/src/stm32g4xx_hal_flash.c ****       }
 438:platform/HAL/src/stm32g4xx_hal_flash.c ****       else
 439:platform/HAL/src/stm32g4xx_hal_flash.c ****       {
 440:platform/HAL/src/stm32g4xx_hal_flash.c ****         /* Nothing to do */
 441:platform/HAL/src/stm32g4xx_hal_flash.c ****       }
 442:platform/HAL/src/stm32g4xx_hal_flash.c **** 
 443:platform/HAL/src/stm32g4xx_hal_flash.c ****       /*Clear the procedure ongoing*/
 444:platform/HAL/src/stm32g4xx_hal_flash.c ****       pFlash.ProcedureOnGoing = FLASH_PROC_NONE;
 445:platform/HAL/src/stm32g4xx_hal_flash.c ****     }
 446:platform/HAL/src/stm32g4xx_hal_flash.c ****   }
 447:platform/HAL/src/stm32g4xx_hal_flash.c **** 
 448:platform/HAL/src/stm32g4xx_hal_flash.c ****   if (pFlash.ProcedureOnGoing == FLASH_PROC_NONE)
 449:platform/HAL/src/stm32g4xx_hal_flash.c ****   {
 450:platform/HAL/src/stm32g4xx_hal_flash.c ****     /* Disable End of Operation and Error interrupts */
 451:platform/HAL/src/stm32g4xx_hal_flash.c ****     __HAL_FLASH_DISABLE_IT(FLASH_IT_EOP | FLASH_IT_OPERR);
 452:platform/HAL/src/stm32g4xx_hal_flash.c **** 
 453:platform/HAL/src/stm32g4xx_hal_flash.c ****     /* Process Unlocked */
 454:platform/HAL/src/stm32g4xx_hal_flash.c ****     __HAL_UNLOCK(&pFlash);
 455:platform/HAL/src/stm32g4xx_hal_flash.c ****   }
 456:platform/HAL/src/stm32g4xx_hal_flash.c **** }
 457:platform/HAL/src/stm32g4xx_hal_flash.c **** 
 458:platform/HAL/src/stm32g4xx_hal_flash.c **** /**
 459:platform/HAL/src/stm32g4xx_hal_flash.c ****   * @brief  FLASH end of operation interrupt callback.
 460:platform/HAL/src/stm32g4xx_hal_flash.c ****   * @param  ReturnValue The value saved in this parameter depends on the ongoing procedure:
 461:platform/HAL/src/stm32g4xx_hal_flash.c ****   *           @arg Mass Erase: Bank number which has been requested to erase
 462:platform/HAL/src/stm32g4xx_hal_flash.c ****   *           @arg Page Erase: Page which has been erased
 463:platform/HAL/src/stm32g4xx_hal_flash.c ****   *                            (if 0xFFFFFFFF, it means that all the selected pages have been erase
 464:platform/HAL/src/stm32g4xx_hal_flash.c ****   *           @arg Program: Address which was selected for data program
 465:platform/HAL/src/stm32g4xx_hal_flash.c ****   * @retval None
 466:platform/HAL/src/stm32g4xx_hal_flash.c ****   */
 467:platform/HAL/src/stm32g4xx_hal_flash.c **** __weak void HAL_FLASH_EndOfOperationCallback(uint32_t ReturnValue)
 468:platform/HAL/src/stm32g4xx_hal_flash.c **** {
 469:platform/HAL/src/stm32g4xx_hal_flash.c ****   /* Prevent unused argument(s) compilation warning */
 470:platform/HAL/src/stm32g4xx_hal_flash.c ****   UNUSED(ReturnValue);
 471:platform/HAL/src/stm32g4xx_hal_flash.c **** 
 472:platform/HAL/src/stm32g4xx_hal_flash.c ****   /* NOTE : This function should not be modified, when the callback is needed,
 473:platform/HAL/src/stm32g4xx_hal_flash.c ****             the HAL_FLASH_EndOfOperationCallback could be implemented in the user file
 474:platform/HAL/src/stm32g4xx_hal_flash.c ****    */
 475:platform/HAL/src/stm32g4xx_hal_flash.c **** }
 476:platform/HAL/src/stm32g4xx_hal_flash.c **** 
 477:platform/HAL/src/stm32g4xx_hal_flash.c **** /**
 478:platform/HAL/src/stm32g4xx_hal_flash.c ****   * @brief  FLASH operation error interrupt callback.
 479:platform/HAL/src/stm32g4xx_hal_flash.c ****   * @param  ReturnValue The value saved in this parameter depends on the ongoing procedure:
 480:platform/HAL/src/stm32g4xx_hal_flash.c ****   *           @arg Mass Erase: Bank number which has been requested to erase
 481:platform/HAL/src/stm32g4xx_hal_flash.c ****   *           @arg Page Erase: Page number which returned an error
 482:platform/HAL/src/stm32g4xx_hal_flash.c ****   *           @arg Program: Address which was selected for data program
 483:platform/HAL/src/stm32g4xx_hal_flash.c ****   * @retval None
 484:platform/HAL/src/stm32g4xx_hal_flash.c ****   */
 485:platform/HAL/src/stm32g4xx_hal_flash.c **** __weak void HAL_FLASH_OperationErrorCallback(uint32_t ReturnValue)
 486:platform/HAL/src/stm32g4xx_hal_flash.c **** {
ARM GAS  /tmp/ccOQHGH1.s 			page 10


 487:platform/HAL/src/stm32g4xx_hal_flash.c ****   /* Prevent unused argument(s) compilation warning */
 488:platform/HAL/src/stm32g4xx_hal_flash.c ****   UNUSED(ReturnValue);
 489:platform/HAL/src/stm32g4xx_hal_flash.c **** 
 490:platform/HAL/src/stm32g4xx_hal_flash.c ****   /* NOTE : This function should not be modified, when the callback is needed,
 491:platform/HAL/src/stm32g4xx_hal_flash.c ****             the HAL_FLASH_OperationErrorCallback could be implemented in the user file
 492:platform/HAL/src/stm32g4xx_hal_flash.c ****    */
 493:platform/HAL/src/stm32g4xx_hal_flash.c **** }
 494:platform/HAL/src/stm32g4xx_hal_flash.c **** 
 495:platform/HAL/src/stm32g4xx_hal_flash.c **** /**
 496:platform/HAL/src/stm32g4xx_hal_flash.c ****   * @}
 497:platform/HAL/src/stm32g4xx_hal_flash.c ****   */
 498:platform/HAL/src/stm32g4xx_hal_flash.c **** 
 499:platform/HAL/src/stm32g4xx_hal_flash.c **** /** @defgroup FLASH_Exported_Functions_Group2 Peripheral Control functions
 500:platform/HAL/src/stm32g4xx_hal_flash.c ****   * @brief   Management functions
 501:platform/HAL/src/stm32g4xx_hal_flash.c ****   *
 502:platform/HAL/src/stm32g4xx_hal_flash.c **** @verbatim
 503:platform/HAL/src/stm32g4xx_hal_flash.c ****  ===============================================================================
 504:platform/HAL/src/stm32g4xx_hal_flash.c ****                       ##### Peripheral Control functions #####
 505:platform/HAL/src/stm32g4xx_hal_flash.c ****  ===============================================================================
 506:platform/HAL/src/stm32g4xx_hal_flash.c ****     [..]
 507:platform/HAL/src/stm32g4xx_hal_flash.c ****     This subsection provides a set of functions allowing to control the FLASH
 508:platform/HAL/src/stm32g4xx_hal_flash.c ****     memory operations.
 509:platform/HAL/src/stm32g4xx_hal_flash.c **** 
 510:platform/HAL/src/stm32g4xx_hal_flash.c **** @endverbatim
 511:platform/HAL/src/stm32g4xx_hal_flash.c ****   * @{
 512:platform/HAL/src/stm32g4xx_hal_flash.c ****   */
 513:platform/HAL/src/stm32g4xx_hal_flash.c **** 
 514:platform/HAL/src/stm32g4xx_hal_flash.c **** /**
 515:platform/HAL/src/stm32g4xx_hal_flash.c ****   * @brief  Unlock the FLASH control register access.
 516:platform/HAL/src/stm32g4xx_hal_flash.c ****   * @retval HAL_Status
 517:platform/HAL/src/stm32g4xx_hal_flash.c ****   */
 518:platform/HAL/src/stm32g4xx_hal_flash.c **** HAL_StatusTypeDef HAL_FLASH_Unlock(void)
 519:platform/HAL/src/stm32g4xx_hal_flash.c **** {
 520:platform/HAL/src/stm32g4xx_hal_flash.c ****   HAL_StatusTypeDef status = HAL_OK;
 521:platform/HAL/src/stm32g4xx_hal_flash.c **** 
 522:platform/HAL/src/stm32g4xx_hal_flash.c ****   if (READ_BIT(FLASH->CR, FLASH_CR_LOCK) != 0U)
 523:platform/HAL/src/stm32g4xx_hal_flash.c ****   {
 524:platform/HAL/src/stm32g4xx_hal_flash.c ****     /* Authorize the FLASH Registers access */
 525:platform/HAL/src/stm32g4xx_hal_flash.c ****     WRITE_REG(FLASH->KEYR, FLASH_KEY1);
 526:platform/HAL/src/stm32g4xx_hal_flash.c ****     WRITE_REG(FLASH->KEYR, FLASH_KEY2);
 527:platform/HAL/src/stm32g4xx_hal_flash.c **** 
 528:platform/HAL/src/stm32g4xx_hal_flash.c ****     /* verify Flash is unlocked */
 529:platform/HAL/src/stm32g4xx_hal_flash.c ****     if (READ_BIT(FLASH->CR, FLASH_CR_LOCK) != 0U)
 530:platform/HAL/src/stm32g4xx_hal_flash.c ****     {
 531:platform/HAL/src/stm32g4xx_hal_flash.c ****       status = HAL_ERROR;
 532:platform/HAL/src/stm32g4xx_hal_flash.c ****     }
 533:platform/HAL/src/stm32g4xx_hal_flash.c ****   }
 534:platform/HAL/src/stm32g4xx_hal_flash.c **** 
 535:platform/HAL/src/stm32g4xx_hal_flash.c ****   return status;
 536:platform/HAL/src/stm32g4xx_hal_flash.c **** }
 537:platform/HAL/src/stm32g4xx_hal_flash.c **** 
 538:platform/HAL/src/stm32g4xx_hal_flash.c **** /**
 539:platform/HAL/src/stm32g4xx_hal_flash.c ****   * @brief  Lock the FLASH control register access.
 540:platform/HAL/src/stm32g4xx_hal_flash.c ****   * @retval HAL_Status
 541:platform/HAL/src/stm32g4xx_hal_flash.c ****   */
 542:platform/HAL/src/stm32g4xx_hal_flash.c **** HAL_StatusTypeDef HAL_FLASH_Lock(void)
 543:platform/HAL/src/stm32g4xx_hal_flash.c **** {
ARM GAS  /tmp/ccOQHGH1.s 			page 11


 544:platform/HAL/src/stm32g4xx_hal_flash.c ****   HAL_StatusTypeDef status = HAL_ERROR;
 545:platform/HAL/src/stm32g4xx_hal_flash.c **** 
 546:platform/HAL/src/stm32g4xx_hal_flash.c ****   /* Set the LOCK Bit to lock the FLASH Registers access */
 547:platform/HAL/src/stm32g4xx_hal_flash.c ****   SET_BIT(FLASH->CR, FLASH_CR_LOCK);
 548:platform/HAL/src/stm32g4xx_hal_flash.c **** 
 549:platform/HAL/src/stm32g4xx_hal_flash.c ****   /* verify Flash is locked */
 550:platform/HAL/src/stm32g4xx_hal_flash.c ****   if (READ_BIT(FLASH->CR, FLASH_CR_LOCK) != 0U)
 551:platform/HAL/src/stm32g4xx_hal_flash.c ****   {
 552:platform/HAL/src/stm32g4xx_hal_flash.c ****     status = HAL_OK;
 553:platform/HAL/src/stm32g4xx_hal_flash.c ****   }
 554:platform/HAL/src/stm32g4xx_hal_flash.c **** 
 555:platform/HAL/src/stm32g4xx_hal_flash.c ****   return status;
 556:platform/HAL/src/stm32g4xx_hal_flash.c **** }
 557:platform/HAL/src/stm32g4xx_hal_flash.c **** 
 558:platform/HAL/src/stm32g4xx_hal_flash.c **** /**
 559:platform/HAL/src/stm32g4xx_hal_flash.c ****   * @brief  Unlock the FLASH Option Bytes Registers access.
 560:platform/HAL/src/stm32g4xx_hal_flash.c ****   * @retval HAL_Status
 561:platform/HAL/src/stm32g4xx_hal_flash.c ****   */
 562:platform/HAL/src/stm32g4xx_hal_flash.c **** HAL_StatusTypeDef HAL_FLASH_OB_Unlock(void)
 563:platform/HAL/src/stm32g4xx_hal_flash.c **** {
 564:platform/HAL/src/stm32g4xx_hal_flash.c ****   HAL_StatusTypeDef status = HAL_OK;
 565:platform/HAL/src/stm32g4xx_hal_flash.c **** 
 566:platform/HAL/src/stm32g4xx_hal_flash.c ****   if (READ_BIT(FLASH->CR, FLASH_CR_OPTLOCK) != 0U)
 567:platform/HAL/src/stm32g4xx_hal_flash.c ****   {
 568:platform/HAL/src/stm32g4xx_hal_flash.c ****     /* Authorizes the Option Byte register programming */
 569:platform/HAL/src/stm32g4xx_hal_flash.c ****     WRITE_REG(FLASH->OPTKEYR, FLASH_OPTKEY1);
 570:platform/HAL/src/stm32g4xx_hal_flash.c ****     WRITE_REG(FLASH->OPTKEYR, FLASH_OPTKEY2);
 571:platform/HAL/src/stm32g4xx_hal_flash.c **** 
 572:platform/HAL/src/stm32g4xx_hal_flash.c ****     /* verify option bytes are unlocked */
 573:platform/HAL/src/stm32g4xx_hal_flash.c ****     if (READ_BIT(FLASH->CR, FLASH_CR_OPTLOCK) != 0U)
 574:platform/HAL/src/stm32g4xx_hal_flash.c ****     {
 575:platform/HAL/src/stm32g4xx_hal_flash.c ****       status = HAL_ERROR;
 576:platform/HAL/src/stm32g4xx_hal_flash.c ****     }
 577:platform/HAL/src/stm32g4xx_hal_flash.c ****   }
 578:platform/HAL/src/stm32g4xx_hal_flash.c **** 
 579:platform/HAL/src/stm32g4xx_hal_flash.c ****   return status;
 580:platform/HAL/src/stm32g4xx_hal_flash.c **** }
 581:platform/HAL/src/stm32g4xx_hal_flash.c **** 
 582:platform/HAL/src/stm32g4xx_hal_flash.c **** /**
 583:platform/HAL/src/stm32g4xx_hal_flash.c ****   * @brief  Lock the FLASH Option Bytes Registers access.
 584:platform/HAL/src/stm32g4xx_hal_flash.c ****   * @retval HAL_Status
 585:platform/HAL/src/stm32g4xx_hal_flash.c ****   */
 586:platform/HAL/src/stm32g4xx_hal_flash.c **** HAL_StatusTypeDef HAL_FLASH_OB_Lock(void)
 587:platform/HAL/src/stm32g4xx_hal_flash.c **** {
 588:platform/HAL/src/stm32g4xx_hal_flash.c ****   HAL_StatusTypeDef status = HAL_ERROR;
 589:platform/HAL/src/stm32g4xx_hal_flash.c **** 
 590:platform/HAL/src/stm32g4xx_hal_flash.c ****   /* Set the OPTLOCK Bit to lock the FLASH Option Byte Registers access */
 591:platform/HAL/src/stm32g4xx_hal_flash.c ****   SET_BIT(FLASH->CR, FLASH_CR_OPTLOCK);
 592:platform/HAL/src/stm32g4xx_hal_flash.c **** 
 593:platform/HAL/src/stm32g4xx_hal_flash.c ****   /* Verify option bytes are locked */
 594:platform/HAL/src/stm32g4xx_hal_flash.c ****   if (READ_BIT(FLASH->CR, FLASH_CR_OPTLOCK) != 0U)
 595:platform/HAL/src/stm32g4xx_hal_flash.c ****   {
 596:platform/HAL/src/stm32g4xx_hal_flash.c ****     status = HAL_OK;
 597:platform/HAL/src/stm32g4xx_hal_flash.c ****   }
 598:platform/HAL/src/stm32g4xx_hal_flash.c **** 
 599:platform/HAL/src/stm32g4xx_hal_flash.c ****   return status;
 600:platform/HAL/src/stm32g4xx_hal_flash.c **** }
ARM GAS  /tmp/ccOQHGH1.s 			page 12


 601:platform/HAL/src/stm32g4xx_hal_flash.c **** 
 602:platform/HAL/src/stm32g4xx_hal_flash.c **** /**
 603:platform/HAL/src/stm32g4xx_hal_flash.c ****   * @brief  Launch the option byte loading.
 604:platform/HAL/src/stm32g4xx_hal_flash.c ****   * @retval HAL_Status
 605:platform/HAL/src/stm32g4xx_hal_flash.c ****   */
 606:platform/HAL/src/stm32g4xx_hal_flash.c **** HAL_StatusTypeDef HAL_FLASH_OB_Launch(void)
 607:platform/HAL/src/stm32g4xx_hal_flash.c **** {
 608:platform/HAL/src/stm32g4xx_hal_flash.c ****   /* Set the bit to force the option byte reloading */
 609:platform/HAL/src/stm32g4xx_hal_flash.c ****   SET_BIT(FLASH->CR, FLASH_CR_OBL_LAUNCH);
 610:platform/HAL/src/stm32g4xx_hal_flash.c **** 
 611:platform/HAL/src/stm32g4xx_hal_flash.c ****   /* Wait for last operation to be completed */
 612:platform/HAL/src/stm32g4xx_hal_flash.c ****   return (FLASH_WaitForLastOperation((uint32_t)FLASH_TIMEOUT_VALUE));
 613:platform/HAL/src/stm32g4xx_hal_flash.c **** }
 614:platform/HAL/src/stm32g4xx_hal_flash.c **** 
 615:platform/HAL/src/stm32g4xx_hal_flash.c **** /**
 616:platform/HAL/src/stm32g4xx_hal_flash.c ****   * @}
 617:platform/HAL/src/stm32g4xx_hal_flash.c ****   */
 618:platform/HAL/src/stm32g4xx_hal_flash.c **** 
 619:platform/HAL/src/stm32g4xx_hal_flash.c **** /** @defgroup FLASH_Exported_Functions_Group3 Peripheral State and Errors functions
 620:platform/HAL/src/stm32g4xx_hal_flash.c ****   * @brief   Peripheral Errors functions
 621:platform/HAL/src/stm32g4xx_hal_flash.c ****   *
 622:platform/HAL/src/stm32g4xx_hal_flash.c **** @verbatim
 623:platform/HAL/src/stm32g4xx_hal_flash.c ****  ===============================================================================
 624:platform/HAL/src/stm32g4xx_hal_flash.c ****                 ##### Peripheral Errors functions #####
 625:platform/HAL/src/stm32g4xx_hal_flash.c ****  ===============================================================================
 626:platform/HAL/src/stm32g4xx_hal_flash.c ****     [..]
 627:platform/HAL/src/stm32g4xx_hal_flash.c ****     This subsection permits to get in run-time Errors of the FLASH peripheral.
 628:platform/HAL/src/stm32g4xx_hal_flash.c **** 
 629:platform/HAL/src/stm32g4xx_hal_flash.c **** @endverbatim
 630:platform/HAL/src/stm32g4xx_hal_flash.c ****   * @{
 631:platform/HAL/src/stm32g4xx_hal_flash.c ****   */
 632:platform/HAL/src/stm32g4xx_hal_flash.c **** 
 633:platform/HAL/src/stm32g4xx_hal_flash.c **** /**
 634:platform/HAL/src/stm32g4xx_hal_flash.c ****   * @brief  Get the specific FLASH error flag.
 635:platform/HAL/src/stm32g4xx_hal_flash.c ****   * @retval FLASH_ErrorCode. The returned value can be:
 636:platform/HAL/src/stm32g4xx_hal_flash.c ****   *            @arg HAL_FLASH_ERROR_RD: FLASH Read Protection error flag (PCROP)
 637:platform/HAL/src/stm32g4xx_hal_flash.c ****   *            @arg HAL_FLASH_ERROR_PGS: FLASH Programming Sequence error flag
 638:platform/HAL/src/stm32g4xx_hal_flash.c ****   *            @arg HAL_FLASH_ERROR_PGP: FLASH Programming Parallelism error flag
 639:platform/HAL/src/stm32g4xx_hal_flash.c ****   *            @arg HAL_FLASH_ERROR_PGA: FLASH Programming Alignment error flag
 640:platform/HAL/src/stm32g4xx_hal_flash.c ****   *            @arg HAL_FLASH_ERROR_WRP: FLASH Write protected error flag
 641:platform/HAL/src/stm32g4xx_hal_flash.c ****   *            @arg HAL_FLASH_ERROR_OPERATION: FLASH operation Error flag
 642:platform/HAL/src/stm32g4xx_hal_flash.c ****   *            @arg HAL_FLASH_ERROR_NONE: No error set
 643:platform/HAL/src/stm32g4xx_hal_flash.c ****   *            @arg HAL_FLASH_ERROR_OP: FLASH Operation error
 644:platform/HAL/src/stm32g4xx_hal_flash.c ****   *            @arg HAL_FLASH_ERROR_PROG: FLASH Programming error
 645:platform/HAL/src/stm32g4xx_hal_flash.c ****   *            @arg HAL_FLASH_ERROR_WRP: FLASH Write protection error
 646:platform/HAL/src/stm32g4xx_hal_flash.c ****   *            @arg HAL_FLASH_ERROR_PGA: FLASH Programming alignment error
 647:platform/HAL/src/stm32g4xx_hal_flash.c ****   *            @arg HAL_FLASH_ERROR_SIZ: FLASH Size error
 648:platform/HAL/src/stm32g4xx_hal_flash.c ****   *            @arg HAL_FLASH_ERROR_PGS: FLASH Programming sequence error
 649:platform/HAL/src/stm32g4xx_hal_flash.c ****   *            @arg HAL_FLASH_ERROR_MIS: FLASH Fast programming data miss error
 650:platform/HAL/src/stm32g4xx_hal_flash.c ****   *            @arg HAL_FLASH_ERROR_FAST: FLASH Fast programming error
 651:platform/HAL/src/stm32g4xx_hal_flash.c ****   *            @arg HAL_FLASH_ERROR_RD: FLASH PCROP read error
 652:platform/HAL/src/stm32g4xx_hal_flash.c ****   *            @arg HAL_FLASH_ERROR_OPTV: FLASH Option validity error
 653:platform/HAL/src/stm32g4xx_hal_flash.c ****   */
 654:platform/HAL/src/stm32g4xx_hal_flash.c **** uint32_t HAL_FLASH_GetError(void)
 655:platform/HAL/src/stm32g4xx_hal_flash.c **** {
 656:platform/HAL/src/stm32g4xx_hal_flash.c ****   return pFlash.ErrorCode;
 657:platform/HAL/src/stm32g4xx_hal_flash.c **** }
ARM GAS  /tmp/ccOQHGH1.s 			page 13


 658:platform/HAL/src/stm32g4xx_hal_flash.c **** 
 659:platform/HAL/src/stm32g4xx_hal_flash.c **** /**
 660:platform/HAL/src/stm32g4xx_hal_flash.c ****   * @}
 661:platform/HAL/src/stm32g4xx_hal_flash.c ****   */
 662:platform/HAL/src/stm32g4xx_hal_flash.c **** 
 663:platform/HAL/src/stm32g4xx_hal_flash.c **** /**
 664:platform/HAL/src/stm32g4xx_hal_flash.c ****   * @}
 665:platform/HAL/src/stm32g4xx_hal_flash.c ****   */
 666:platform/HAL/src/stm32g4xx_hal_flash.c **** 
 667:platform/HAL/src/stm32g4xx_hal_flash.c **** /* Private functions ---------------------------------------------------------*/
 668:platform/HAL/src/stm32g4xx_hal_flash.c **** 
 669:platform/HAL/src/stm32g4xx_hal_flash.c **** /** @addtogroup FLASH_Private_Functions
 670:platform/HAL/src/stm32g4xx_hal_flash.c ****   * @{
 671:platform/HAL/src/stm32g4xx_hal_flash.c ****   */
 672:platform/HAL/src/stm32g4xx_hal_flash.c **** 
 673:platform/HAL/src/stm32g4xx_hal_flash.c **** /**
 674:platform/HAL/src/stm32g4xx_hal_flash.c ****   * @brief  Wait for a FLASH operation to complete.
 675:platform/HAL/src/stm32g4xx_hal_flash.c ****   * @param  Timeout maximum flash operation timeout.
 676:platform/HAL/src/stm32g4xx_hal_flash.c ****   * @retval HAL_Status
 677:platform/HAL/src/stm32g4xx_hal_flash.c ****   */
 678:platform/HAL/src/stm32g4xx_hal_flash.c **** HAL_StatusTypeDef FLASH_WaitForLastOperation(uint32_t Timeout)
 679:platform/HAL/src/stm32g4xx_hal_flash.c **** {
 680:platform/HAL/src/stm32g4xx_hal_flash.c ****   /* Wait for the FLASH operation to complete by polling on BUSY flag to be reset.
 681:platform/HAL/src/stm32g4xx_hal_flash.c ****      Even if the FLASH operation fails, the BUSY flag will be reset and an error
 682:platform/HAL/src/stm32g4xx_hal_flash.c ****      flag will be set */
 683:platform/HAL/src/stm32g4xx_hal_flash.c **** 
 684:platform/HAL/src/stm32g4xx_hal_flash.c ****   uint32_t tickstart = HAL_GetTick();
 685:platform/HAL/src/stm32g4xx_hal_flash.c ****   uint32_t error;
 686:platform/HAL/src/stm32g4xx_hal_flash.c **** 
 687:platform/HAL/src/stm32g4xx_hal_flash.c ****   while (__HAL_FLASH_GET_FLAG(FLASH_FLAG_BSY))
 688:platform/HAL/src/stm32g4xx_hal_flash.c ****   {
 689:platform/HAL/src/stm32g4xx_hal_flash.c ****     if ((HAL_GetTick() - tickstart) > Timeout)
 690:platform/HAL/src/stm32g4xx_hal_flash.c ****     {
 691:platform/HAL/src/stm32g4xx_hal_flash.c ****       return HAL_TIMEOUT;
 692:platform/HAL/src/stm32g4xx_hal_flash.c ****     }
 693:platform/HAL/src/stm32g4xx_hal_flash.c ****   }
 694:platform/HAL/src/stm32g4xx_hal_flash.c **** 
 695:platform/HAL/src/stm32g4xx_hal_flash.c ****   /* Check FLASH operation error flags */
 696:platform/HAL/src/stm32g4xx_hal_flash.c ****   error = (FLASH->SR & FLASH_FLAG_SR_ERRORS);
 697:platform/HAL/src/stm32g4xx_hal_flash.c ****   if (error != 0u)
 698:platform/HAL/src/stm32g4xx_hal_flash.c ****   {
 699:platform/HAL/src/stm32g4xx_hal_flash.c ****     /* Save the error code */
 700:platform/HAL/src/stm32g4xx_hal_flash.c ****     pFlash.ErrorCode |= error;
 701:platform/HAL/src/stm32g4xx_hal_flash.c **** 
 702:platform/HAL/src/stm32g4xx_hal_flash.c ****     /* Clear error programming flags */
 703:platform/HAL/src/stm32g4xx_hal_flash.c ****     __HAL_FLASH_CLEAR_FLAG(error);
 704:platform/HAL/src/stm32g4xx_hal_flash.c **** 
 705:platform/HAL/src/stm32g4xx_hal_flash.c ****     return HAL_ERROR;
 706:platform/HAL/src/stm32g4xx_hal_flash.c ****   }
 707:platform/HAL/src/stm32g4xx_hal_flash.c **** 
 708:platform/HAL/src/stm32g4xx_hal_flash.c ****   /* Check FLASH End of Operation flag  */
 709:platform/HAL/src/stm32g4xx_hal_flash.c ****   if (__HAL_FLASH_GET_FLAG(FLASH_FLAG_EOP))
 710:platform/HAL/src/stm32g4xx_hal_flash.c ****   {
 711:platform/HAL/src/stm32g4xx_hal_flash.c ****     /* Clear FLASH End of Operation pending bit */
 712:platform/HAL/src/stm32g4xx_hal_flash.c ****     __HAL_FLASH_CLEAR_FLAG(FLASH_FLAG_EOP);
 713:platform/HAL/src/stm32g4xx_hal_flash.c ****   }
 714:platform/HAL/src/stm32g4xx_hal_flash.c **** 
ARM GAS  /tmp/ccOQHGH1.s 			page 14


 715:platform/HAL/src/stm32g4xx_hal_flash.c ****   /* If there is an error flag set */
 716:platform/HAL/src/stm32g4xx_hal_flash.c ****   return HAL_OK;
 717:platform/HAL/src/stm32g4xx_hal_flash.c **** }
 718:platform/HAL/src/stm32g4xx_hal_flash.c **** 
 719:platform/HAL/src/stm32g4xx_hal_flash.c **** /**
 720:platform/HAL/src/stm32g4xx_hal_flash.c ****   * @brief  Program double-word (64-bit) at a specified address.
 721:platform/HAL/src/stm32g4xx_hal_flash.c ****   * @param  Address specifies the address to be programmed.
 722:platform/HAL/src/stm32g4xx_hal_flash.c ****   * @param  Data specifies the data to be programmed.
 723:platform/HAL/src/stm32g4xx_hal_flash.c ****   * @retval None
 724:platform/HAL/src/stm32g4xx_hal_flash.c ****   */
 725:platform/HAL/src/stm32g4xx_hal_flash.c **** static void FLASH_Program_DoubleWord(uint32_t Address, uint64_t Data)
 726:platform/HAL/src/stm32g4xx_hal_flash.c **** {
  29              		.loc 1 726 1 view -0
  30              		.cfi_startproc
  31              		@ args = 0, pretend = 0, frame = 0
  32              		@ frame_needed = 0, uses_anonymous_args = 0
  33              		@ link register save eliminated.
  34              		.loc 1 726 1 is_stmt 0 view .LVU1
  35 0000 10B4     		push	{r4}
  36              	.LCFI0:
  37              		.cfi_def_cfa_offset 4
  38              		.cfi_offset 4, -4
 727:platform/HAL/src/stm32g4xx_hal_flash.c ****   /* Check the parameters */
 728:platform/HAL/src/stm32g4xx_hal_flash.c ****   assert_param(IS_FLASH_PROGRAM_ADDRESS(Address));
  39              		.loc 1 728 3 is_stmt 1 view .LVU2
 729:platform/HAL/src/stm32g4xx_hal_flash.c **** 
 730:platform/HAL/src/stm32g4xx_hal_flash.c ****   /* Set PG bit */
 731:platform/HAL/src/stm32g4xx_hal_flash.c ****   SET_BIT(FLASH->CR, FLASH_CR_PG);
  40              		.loc 1 731 3 view .LVU3
  41 0002 064C     		ldr	r4, .L3
  42 0004 6169     		ldr	r1, [r4, #20]
  43 0006 41F00101 		orr	r1, r1, #1
  44 000a 6161     		str	r1, [r4, #20]
 732:platform/HAL/src/stm32g4xx_hal_flash.c **** 
 733:platform/HAL/src/stm32g4xx_hal_flash.c ****   /* Program first word */
 734:platform/HAL/src/stm32g4xx_hal_flash.c ****   *(uint32_t *)Address = (uint32_t)Data;
  45              		.loc 1 734 3 view .LVU4
  46              		.loc 1 734 24 is_stmt 0 view .LVU5
  47 000c 0260     		str	r2, [r0]
 735:platform/HAL/src/stm32g4xx_hal_flash.c **** 
 736:platform/HAL/src/stm32g4xx_hal_flash.c ****   /* Barrier to ensure programming is performed in 2 steps, in right order
 737:platform/HAL/src/stm32g4xx_hal_flash.c ****     (independently of compiler optimization behavior) */
 738:platform/HAL/src/stm32g4xx_hal_flash.c ****   __ISB();
  48              		.loc 1 738 3 is_stmt 1 view .LVU6
  49              	.LBB10:
  50              	.LBI10:
  51              		.file 2 "platform/CMSIS/Include/cmsis_gcc.h"
   1:platform/CMSIS/Include/cmsis_gcc.h **** /**************************************************************************//**
   2:platform/CMSIS/Include/cmsis_gcc.h ****  * @file     cmsis_gcc.h
   3:platform/CMSIS/Include/cmsis_gcc.h ****  * @brief    CMSIS compiler GCC header file
   4:platform/CMSIS/Include/cmsis_gcc.h ****  * @version  V5.2.0
   5:platform/CMSIS/Include/cmsis_gcc.h ****  * @date     08. May 2019
   6:platform/CMSIS/Include/cmsis_gcc.h ****  ******************************************************************************/
   7:platform/CMSIS/Include/cmsis_gcc.h **** /*
   8:platform/CMSIS/Include/cmsis_gcc.h ****  * Copyright (c) 2009-2019 Arm Limited. All rights reserved.
   9:platform/CMSIS/Include/cmsis_gcc.h ****  *
  10:platform/CMSIS/Include/cmsis_gcc.h ****  * SPDX-License-Identifier: Apache-2.0
ARM GAS  /tmp/ccOQHGH1.s 			page 15


  11:platform/CMSIS/Include/cmsis_gcc.h ****  *
  12:platform/CMSIS/Include/cmsis_gcc.h ****  * Licensed under the Apache License, Version 2.0 (the License); you may
  13:platform/CMSIS/Include/cmsis_gcc.h ****  * not use this file except in compliance with the License.
  14:platform/CMSIS/Include/cmsis_gcc.h ****  * You may obtain a copy of the License at
  15:platform/CMSIS/Include/cmsis_gcc.h ****  *
  16:platform/CMSIS/Include/cmsis_gcc.h ****  * www.apache.org/licenses/LICENSE-2.0
  17:platform/CMSIS/Include/cmsis_gcc.h ****  *
  18:platform/CMSIS/Include/cmsis_gcc.h ****  * Unless required by applicable law or agreed to in writing, software
  19:platform/CMSIS/Include/cmsis_gcc.h ****  * distributed under the License is distributed on an AS IS BASIS, WITHOUT
  20:platform/CMSIS/Include/cmsis_gcc.h ****  * WARRANTIES OR CONDITIONS OF ANY KIND, either express or implied.
  21:platform/CMSIS/Include/cmsis_gcc.h ****  * See the License for the specific language governing permissions and
  22:platform/CMSIS/Include/cmsis_gcc.h ****  * limitations under the License.
  23:platform/CMSIS/Include/cmsis_gcc.h ****  */
  24:platform/CMSIS/Include/cmsis_gcc.h **** 
  25:platform/CMSIS/Include/cmsis_gcc.h **** #ifndef __CMSIS_GCC_H
  26:platform/CMSIS/Include/cmsis_gcc.h **** #define __CMSIS_GCC_H
  27:platform/CMSIS/Include/cmsis_gcc.h **** 
  28:platform/CMSIS/Include/cmsis_gcc.h **** /* ignore some GCC warnings */
  29:platform/CMSIS/Include/cmsis_gcc.h **** #pragma GCC diagnostic push
  30:platform/CMSIS/Include/cmsis_gcc.h **** #pragma GCC diagnostic ignored "-Wsign-conversion"
  31:platform/CMSIS/Include/cmsis_gcc.h **** #pragma GCC diagnostic ignored "-Wconversion"
  32:platform/CMSIS/Include/cmsis_gcc.h **** #pragma GCC diagnostic ignored "-Wunused-parameter"
  33:platform/CMSIS/Include/cmsis_gcc.h **** 
  34:platform/CMSIS/Include/cmsis_gcc.h **** /* Fallback for __has_builtin */
  35:platform/CMSIS/Include/cmsis_gcc.h **** #ifndef __has_builtin
  36:platform/CMSIS/Include/cmsis_gcc.h ****   #define __has_builtin(x) (0)
  37:platform/CMSIS/Include/cmsis_gcc.h **** #endif
  38:platform/CMSIS/Include/cmsis_gcc.h **** 
  39:platform/CMSIS/Include/cmsis_gcc.h **** /* CMSIS compiler specific defines */
  40:platform/CMSIS/Include/cmsis_gcc.h **** #ifndef   __ASM
  41:platform/CMSIS/Include/cmsis_gcc.h ****   #define __ASM                                  __asm
  42:platform/CMSIS/Include/cmsis_gcc.h **** #endif
  43:platform/CMSIS/Include/cmsis_gcc.h **** #ifndef   __INLINE
  44:platform/CMSIS/Include/cmsis_gcc.h ****   #define __INLINE                               inline
  45:platform/CMSIS/Include/cmsis_gcc.h **** #endif
  46:platform/CMSIS/Include/cmsis_gcc.h **** #ifndef   __STATIC_INLINE
  47:platform/CMSIS/Include/cmsis_gcc.h ****   #define __STATIC_INLINE                        static inline
  48:platform/CMSIS/Include/cmsis_gcc.h **** #endif
  49:platform/CMSIS/Include/cmsis_gcc.h **** #ifndef   __STATIC_FORCEINLINE                 
  50:platform/CMSIS/Include/cmsis_gcc.h ****   #define __STATIC_FORCEINLINE                   __attribute__((always_inline)) static inline
  51:platform/CMSIS/Include/cmsis_gcc.h **** #endif                                           
  52:platform/CMSIS/Include/cmsis_gcc.h **** #ifndef   __NO_RETURN
  53:platform/CMSIS/Include/cmsis_gcc.h ****   #define __NO_RETURN                            __attribute__((__noreturn__))
  54:platform/CMSIS/Include/cmsis_gcc.h **** #endif
  55:platform/CMSIS/Include/cmsis_gcc.h **** #ifndef   __USED
  56:platform/CMSIS/Include/cmsis_gcc.h ****   #define __USED                                 __attribute__((used))
  57:platform/CMSIS/Include/cmsis_gcc.h **** #endif
  58:platform/CMSIS/Include/cmsis_gcc.h **** #ifndef   __WEAK
  59:platform/CMSIS/Include/cmsis_gcc.h ****   #define __WEAK                                 __attribute__((weak))
  60:platform/CMSIS/Include/cmsis_gcc.h **** #endif
  61:platform/CMSIS/Include/cmsis_gcc.h **** #ifndef   __PACKED
  62:platform/CMSIS/Include/cmsis_gcc.h ****   #define __PACKED                               __attribute__((packed, aligned(1)))
  63:platform/CMSIS/Include/cmsis_gcc.h **** #endif
  64:platform/CMSIS/Include/cmsis_gcc.h **** #ifndef   __PACKED_STRUCT
  65:platform/CMSIS/Include/cmsis_gcc.h ****   #define __PACKED_STRUCT                        struct __attribute__((packed, aligned(1)))
  66:platform/CMSIS/Include/cmsis_gcc.h **** #endif
  67:platform/CMSIS/Include/cmsis_gcc.h **** #ifndef   __PACKED_UNION
ARM GAS  /tmp/ccOQHGH1.s 			page 16


  68:platform/CMSIS/Include/cmsis_gcc.h ****   #define __PACKED_UNION                         union __attribute__((packed, aligned(1)))
  69:platform/CMSIS/Include/cmsis_gcc.h **** #endif
  70:platform/CMSIS/Include/cmsis_gcc.h **** #ifndef   __UNALIGNED_UINT32        /* deprecated */
  71:platform/CMSIS/Include/cmsis_gcc.h ****   #pragma GCC diagnostic push
  72:platform/CMSIS/Include/cmsis_gcc.h ****   #pragma GCC diagnostic ignored "-Wpacked"
  73:platform/CMSIS/Include/cmsis_gcc.h ****   #pragma GCC diagnostic ignored "-Wattributes"
  74:platform/CMSIS/Include/cmsis_gcc.h ****   struct __attribute__((packed)) T_UINT32 { uint32_t v; };
  75:platform/CMSIS/Include/cmsis_gcc.h ****   #pragma GCC diagnostic pop
  76:platform/CMSIS/Include/cmsis_gcc.h ****   #define __UNALIGNED_UINT32(x)                  (((struct T_UINT32 *)(x))->v)
  77:platform/CMSIS/Include/cmsis_gcc.h **** #endif
  78:platform/CMSIS/Include/cmsis_gcc.h **** #ifndef   __UNALIGNED_UINT16_WRITE
  79:platform/CMSIS/Include/cmsis_gcc.h ****   #pragma GCC diagnostic push
  80:platform/CMSIS/Include/cmsis_gcc.h ****   #pragma GCC diagnostic ignored "-Wpacked"
  81:platform/CMSIS/Include/cmsis_gcc.h ****   #pragma GCC diagnostic ignored "-Wattributes"
  82:platform/CMSIS/Include/cmsis_gcc.h ****   __PACKED_STRUCT T_UINT16_WRITE { uint16_t v; };
  83:platform/CMSIS/Include/cmsis_gcc.h ****   #pragma GCC diagnostic pop
  84:platform/CMSIS/Include/cmsis_gcc.h ****   #define __UNALIGNED_UINT16_WRITE(addr, val)    (void)((((struct T_UINT16_WRITE *)(void *)(addr))-
  85:platform/CMSIS/Include/cmsis_gcc.h **** #endif
  86:platform/CMSIS/Include/cmsis_gcc.h **** #ifndef   __UNALIGNED_UINT16_READ
  87:platform/CMSIS/Include/cmsis_gcc.h ****   #pragma GCC diagnostic push
  88:platform/CMSIS/Include/cmsis_gcc.h ****   #pragma GCC diagnostic ignored "-Wpacked"
  89:platform/CMSIS/Include/cmsis_gcc.h ****   #pragma GCC diagnostic ignored "-Wattributes"
  90:platform/CMSIS/Include/cmsis_gcc.h ****   __PACKED_STRUCT T_UINT16_READ { uint16_t v; };
  91:platform/CMSIS/Include/cmsis_gcc.h ****   #pragma GCC diagnostic pop
  92:platform/CMSIS/Include/cmsis_gcc.h ****   #define __UNALIGNED_UINT16_READ(addr)          (((const struct T_UINT16_READ *)(const void *)(add
  93:platform/CMSIS/Include/cmsis_gcc.h **** #endif
  94:platform/CMSIS/Include/cmsis_gcc.h **** #ifndef   __UNALIGNED_UINT32_WRITE
  95:platform/CMSIS/Include/cmsis_gcc.h ****   #pragma GCC diagnostic push
  96:platform/CMSIS/Include/cmsis_gcc.h ****   #pragma GCC diagnostic ignored "-Wpacked"
  97:platform/CMSIS/Include/cmsis_gcc.h ****   #pragma GCC diagnostic ignored "-Wattributes"
  98:platform/CMSIS/Include/cmsis_gcc.h ****   __PACKED_STRUCT T_UINT32_WRITE { uint32_t v; };
  99:platform/CMSIS/Include/cmsis_gcc.h ****   #pragma GCC diagnostic pop
 100:platform/CMSIS/Include/cmsis_gcc.h ****   #define __UNALIGNED_UINT32_WRITE(addr, val)    (void)((((struct T_UINT32_WRITE *)(void *)(addr))-
 101:platform/CMSIS/Include/cmsis_gcc.h **** #endif
 102:platform/CMSIS/Include/cmsis_gcc.h **** #ifndef   __UNALIGNED_UINT32_READ
 103:platform/CMSIS/Include/cmsis_gcc.h ****   #pragma GCC diagnostic push
 104:platform/CMSIS/Include/cmsis_gcc.h ****   #pragma GCC diagnostic ignored "-Wpacked"
 105:platform/CMSIS/Include/cmsis_gcc.h ****   #pragma GCC diagnostic ignored "-Wattributes"
 106:platform/CMSIS/Include/cmsis_gcc.h ****   __PACKED_STRUCT T_UINT32_READ { uint32_t v; };
 107:platform/CMSIS/Include/cmsis_gcc.h ****   #pragma GCC diagnostic pop
 108:platform/CMSIS/Include/cmsis_gcc.h ****   #define __UNALIGNED_UINT32_READ(addr)          (((const struct T_UINT32_READ *)(const void *)(add
 109:platform/CMSIS/Include/cmsis_gcc.h **** #endif
 110:platform/CMSIS/Include/cmsis_gcc.h **** #ifndef   __ALIGNED
 111:platform/CMSIS/Include/cmsis_gcc.h ****   #define __ALIGNED(x)                           __attribute__((aligned(x)))
 112:platform/CMSIS/Include/cmsis_gcc.h **** #endif
 113:platform/CMSIS/Include/cmsis_gcc.h **** #ifndef   __RESTRICT
 114:platform/CMSIS/Include/cmsis_gcc.h ****   #define __RESTRICT                             __restrict
 115:platform/CMSIS/Include/cmsis_gcc.h **** #endif
 116:platform/CMSIS/Include/cmsis_gcc.h **** #ifndef   __COMPILER_BARRIER
 117:platform/CMSIS/Include/cmsis_gcc.h ****   #define __COMPILER_BARRIER()                   __ASM volatile("":::"memory")
 118:platform/CMSIS/Include/cmsis_gcc.h **** #endif
 119:platform/CMSIS/Include/cmsis_gcc.h **** 
 120:platform/CMSIS/Include/cmsis_gcc.h **** /* #########################  Startup and Lowlevel Init  ######################## */
 121:platform/CMSIS/Include/cmsis_gcc.h **** 
 122:platform/CMSIS/Include/cmsis_gcc.h **** #ifndef __PROGRAM_START
 123:platform/CMSIS/Include/cmsis_gcc.h **** 
 124:platform/CMSIS/Include/cmsis_gcc.h **** /**
ARM GAS  /tmp/ccOQHGH1.s 			page 17


 125:platform/CMSIS/Include/cmsis_gcc.h ****   \brief   Initializes data and bss sections
 126:platform/CMSIS/Include/cmsis_gcc.h ****   \details This default implementations initialized all data and additional bss
 127:platform/CMSIS/Include/cmsis_gcc.h ****            sections relying on .copy.table and .zero.table specified properly
 128:platform/CMSIS/Include/cmsis_gcc.h ****            in the used linker script.
 129:platform/CMSIS/Include/cmsis_gcc.h ****   
 130:platform/CMSIS/Include/cmsis_gcc.h ****  */
 131:platform/CMSIS/Include/cmsis_gcc.h **** __STATIC_FORCEINLINE __NO_RETURN void __cmsis_start(void)
 132:platform/CMSIS/Include/cmsis_gcc.h **** {
 133:platform/CMSIS/Include/cmsis_gcc.h ****   extern void _start(void) __NO_RETURN;
 134:platform/CMSIS/Include/cmsis_gcc.h ****   
 135:platform/CMSIS/Include/cmsis_gcc.h ****   typedef struct {
 136:platform/CMSIS/Include/cmsis_gcc.h ****     uint32_t const* src;
 137:platform/CMSIS/Include/cmsis_gcc.h ****     uint32_t* dest;
 138:platform/CMSIS/Include/cmsis_gcc.h ****     uint32_t  wlen;
 139:platform/CMSIS/Include/cmsis_gcc.h ****   } __copy_table_t;
 140:platform/CMSIS/Include/cmsis_gcc.h ****   
 141:platform/CMSIS/Include/cmsis_gcc.h ****   typedef struct {
 142:platform/CMSIS/Include/cmsis_gcc.h ****     uint32_t* dest;
 143:platform/CMSIS/Include/cmsis_gcc.h ****     uint32_t  wlen;
 144:platform/CMSIS/Include/cmsis_gcc.h ****   } __zero_table_t;
 145:platform/CMSIS/Include/cmsis_gcc.h ****   
 146:platform/CMSIS/Include/cmsis_gcc.h ****   extern const __copy_table_t __copy_table_start__;
 147:platform/CMSIS/Include/cmsis_gcc.h ****   extern const __copy_table_t __copy_table_end__;
 148:platform/CMSIS/Include/cmsis_gcc.h ****   extern const __zero_table_t __zero_table_start__;
 149:platform/CMSIS/Include/cmsis_gcc.h ****   extern const __zero_table_t __zero_table_end__;
 150:platform/CMSIS/Include/cmsis_gcc.h **** 
 151:platform/CMSIS/Include/cmsis_gcc.h ****   for (__copy_table_t const* pTable = &__copy_table_start__; pTable < &__copy_table_end__; ++pTable
 152:platform/CMSIS/Include/cmsis_gcc.h ****     for(uint32_t i=0u; i<pTable->wlen; ++i) {
 153:platform/CMSIS/Include/cmsis_gcc.h ****       pTable->dest[i] = pTable->src[i];
 154:platform/CMSIS/Include/cmsis_gcc.h ****     }
 155:platform/CMSIS/Include/cmsis_gcc.h ****   }
 156:platform/CMSIS/Include/cmsis_gcc.h ****  
 157:platform/CMSIS/Include/cmsis_gcc.h ****   for (__zero_table_t const* pTable = &__zero_table_start__; pTable < &__zero_table_end__; ++pTable
 158:platform/CMSIS/Include/cmsis_gcc.h ****     for(uint32_t i=0u; i<pTable->wlen; ++i) {
 159:platform/CMSIS/Include/cmsis_gcc.h ****       pTable->dest[i] = 0u;
 160:platform/CMSIS/Include/cmsis_gcc.h ****     }
 161:platform/CMSIS/Include/cmsis_gcc.h ****   }
 162:platform/CMSIS/Include/cmsis_gcc.h ****  
 163:platform/CMSIS/Include/cmsis_gcc.h ****   _start();
 164:platform/CMSIS/Include/cmsis_gcc.h **** }
 165:platform/CMSIS/Include/cmsis_gcc.h ****   
 166:platform/CMSIS/Include/cmsis_gcc.h **** #define __PROGRAM_START           __cmsis_start
 167:platform/CMSIS/Include/cmsis_gcc.h **** #endif
 168:platform/CMSIS/Include/cmsis_gcc.h **** 
 169:platform/CMSIS/Include/cmsis_gcc.h **** #ifndef __INITIAL_SP
 170:platform/CMSIS/Include/cmsis_gcc.h **** #define __INITIAL_SP              __StackTop
 171:platform/CMSIS/Include/cmsis_gcc.h **** #endif
 172:platform/CMSIS/Include/cmsis_gcc.h **** 
 173:platform/CMSIS/Include/cmsis_gcc.h **** #ifndef __STACK_LIMIT
 174:platform/CMSIS/Include/cmsis_gcc.h **** #define __STACK_LIMIT             __StackLimit
 175:platform/CMSIS/Include/cmsis_gcc.h **** #endif
 176:platform/CMSIS/Include/cmsis_gcc.h **** 
 177:platform/CMSIS/Include/cmsis_gcc.h **** #ifndef __VECTOR_TABLE
 178:platform/CMSIS/Include/cmsis_gcc.h **** #define __VECTOR_TABLE            __Vectors
 179:platform/CMSIS/Include/cmsis_gcc.h **** #endif
 180:platform/CMSIS/Include/cmsis_gcc.h **** 
 181:platform/CMSIS/Include/cmsis_gcc.h **** #ifndef __VECTOR_TABLE_ATTRIBUTE
ARM GAS  /tmp/ccOQHGH1.s 			page 18


 182:platform/CMSIS/Include/cmsis_gcc.h **** #define __VECTOR_TABLE_ATTRIBUTE  __attribute((used, section(".vectors")))
 183:platform/CMSIS/Include/cmsis_gcc.h **** #endif
 184:platform/CMSIS/Include/cmsis_gcc.h **** 
 185:platform/CMSIS/Include/cmsis_gcc.h **** /* ###########################  Core Function Access  ########################### */
 186:platform/CMSIS/Include/cmsis_gcc.h **** /** \ingroup  CMSIS_Core_FunctionInterface
 187:platform/CMSIS/Include/cmsis_gcc.h ****     \defgroup CMSIS_Core_RegAccFunctions CMSIS Core Register Access Functions
 188:platform/CMSIS/Include/cmsis_gcc.h ****   @{
 189:platform/CMSIS/Include/cmsis_gcc.h ****  */
 190:platform/CMSIS/Include/cmsis_gcc.h **** 
 191:platform/CMSIS/Include/cmsis_gcc.h **** /**
 192:platform/CMSIS/Include/cmsis_gcc.h ****   \brief   Enable IRQ Interrupts
 193:platform/CMSIS/Include/cmsis_gcc.h ****   \details Enables IRQ interrupts by clearing the I-bit in the CPSR.
 194:platform/CMSIS/Include/cmsis_gcc.h ****            Can only be executed in Privileged modes.
 195:platform/CMSIS/Include/cmsis_gcc.h ****  */
 196:platform/CMSIS/Include/cmsis_gcc.h **** __STATIC_FORCEINLINE void __enable_irq(void)
 197:platform/CMSIS/Include/cmsis_gcc.h **** {
 198:platform/CMSIS/Include/cmsis_gcc.h ****   __ASM volatile ("cpsie i" : : : "memory");
 199:platform/CMSIS/Include/cmsis_gcc.h **** }
 200:platform/CMSIS/Include/cmsis_gcc.h **** 
 201:platform/CMSIS/Include/cmsis_gcc.h **** 
 202:platform/CMSIS/Include/cmsis_gcc.h **** /**
 203:platform/CMSIS/Include/cmsis_gcc.h ****   \brief   Disable IRQ Interrupts
 204:platform/CMSIS/Include/cmsis_gcc.h ****   \details Disables IRQ interrupts by setting the I-bit in the CPSR.
 205:platform/CMSIS/Include/cmsis_gcc.h ****            Can only be executed in Privileged modes.
 206:platform/CMSIS/Include/cmsis_gcc.h ****  */
 207:platform/CMSIS/Include/cmsis_gcc.h **** __STATIC_FORCEINLINE void __disable_irq(void)
 208:platform/CMSIS/Include/cmsis_gcc.h **** {
 209:platform/CMSIS/Include/cmsis_gcc.h ****   __ASM volatile ("cpsid i" : : : "memory");
 210:platform/CMSIS/Include/cmsis_gcc.h **** }
 211:platform/CMSIS/Include/cmsis_gcc.h **** 
 212:platform/CMSIS/Include/cmsis_gcc.h **** 
 213:platform/CMSIS/Include/cmsis_gcc.h **** /**
 214:platform/CMSIS/Include/cmsis_gcc.h ****   \brief   Get Control Register
 215:platform/CMSIS/Include/cmsis_gcc.h ****   \details Returns the content of the Control Register.
 216:platform/CMSIS/Include/cmsis_gcc.h ****   \return               Control Register value
 217:platform/CMSIS/Include/cmsis_gcc.h ****  */
 218:platform/CMSIS/Include/cmsis_gcc.h **** __STATIC_FORCEINLINE uint32_t __get_CONTROL(void)
 219:platform/CMSIS/Include/cmsis_gcc.h **** {
 220:platform/CMSIS/Include/cmsis_gcc.h ****   uint32_t result;
 221:platform/CMSIS/Include/cmsis_gcc.h **** 
 222:platform/CMSIS/Include/cmsis_gcc.h ****   __ASM volatile ("MRS %0, control" : "=r" (result) );
 223:platform/CMSIS/Include/cmsis_gcc.h ****   return(result);
 224:platform/CMSIS/Include/cmsis_gcc.h **** }
 225:platform/CMSIS/Include/cmsis_gcc.h **** 
 226:platform/CMSIS/Include/cmsis_gcc.h **** 
 227:platform/CMSIS/Include/cmsis_gcc.h **** #if (defined (__ARM_FEATURE_CMSE ) && (__ARM_FEATURE_CMSE == 3))
 228:platform/CMSIS/Include/cmsis_gcc.h **** /**
 229:platform/CMSIS/Include/cmsis_gcc.h ****   \brief   Get Control Register (non-secure)
 230:platform/CMSIS/Include/cmsis_gcc.h ****   \details Returns the content of the non-secure Control Register when in secure mode.
 231:platform/CMSIS/Include/cmsis_gcc.h ****   \return               non-secure Control Register value
 232:platform/CMSIS/Include/cmsis_gcc.h ****  */
 233:platform/CMSIS/Include/cmsis_gcc.h **** __STATIC_FORCEINLINE uint32_t __TZ_get_CONTROL_NS(void)
 234:platform/CMSIS/Include/cmsis_gcc.h **** {
 235:platform/CMSIS/Include/cmsis_gcc.h ****   uint32_t result;
 236:platform/CMSIS/Include/cmsis_gcc.h **** 
 237:platform/CMSIS/Include/cmsis_gcc.h ****   __ASM volatile ("MRS %0, control_ns" : "=r" (result) );
 238:platform/CMSIS/Include/cmsis_gcc.h ****   return(result);
ARM GAS  /tmp/ccOQHGH1.s 			page 19


 239:platform/CMSIS/Include/cmsis_gcc.h **** }
 240:platform/CMSIS/Include/cmsis_gcc.h **** #endif
 241:platform/CMSIS/Include/cmsis_gcc.h **** 
 242:platform/CMSIS/Include/cmsis_gcc.h **** 
 243:platform/CMSIS/Include/cmsis_gcc.h **** /**
 244:platform/CMSIS/Include/cmsis_gcc.h ****   \brief   Set Control Register
 245:platform/CMSIS/Include/cmsis_gcc.h ****   \details Writes the given value to the Control Register.
 246:platform/CMSIS/Include/cmsis_gcc.h ****   \param [in]    control  Control Register value to set
 247:platform/CMSIS/Include/cmsis_gcc.h ****  */
 248:platform/CMSIS/Include/cmsis_gcc.h **** __STATIC_FORCEINLINE void __set_CONTROL(uint32_t control)
 249:platform/CMSIS/Include/cmsis_gcc.h **** {
 250:platform/CMSIS/Include/cmsis_gcc.h ****   __ASM volatile ("MSR control, %0" : : "r" (control) : "memory");
 251:platform/CMSIS/Include/cmsis_gcc.h **** }
 252:platform/CMSIS/Include/cmsis_gcc.h **** 
 253:platform/CMSIS/Include/cmsis_gcc.h **** 
 254:platform/CMSIS/Include/cmsis_gcc.h **** #if (defined (__ARM_FEATURE_CMSE ) && (__ARM_FEATURE_CMSE == 3))
 255:platform/CMSIS/Include/cmsis_gcc.h **** /**
 256:platform/CMSIS/Include/cmsis_gcc.h ****   \brief   Set Control Register (non-secure)
 257:platform/CMSIS/Include/cmsis_gcc.h ****   \details Writes the given value to the non-secure Control Register when in secure state.
 258:platform/CMSIS/Include/cmsis_gcc.h ****   \param [in]    control  Control Register value to set
 259:platform/CMSIS/Include/cmsis_gcc.h ****  */
 260:platform/CMSIS/Include/cmsis_gcc.h **** __STATIC_FORCEINLINE void __TZ_set_CONTROL_NS(uint32_t control)
 261:platform/CMSIS/Include/cmsis_gcc.h **** {
 262:platform/CMSIS/Include/cmsis_gcc.h ****   __ASM volatile ("MSR control_ns, %0" : : "r" (control) : "memory");
 263:platform/CMSIS/Include/cmsis_gcc.h **** }
 264:platform/CMSIS/Include/cmsis_gcc.h **** #endif
 265:platform/CMSIS/Include/cmsis_gcc.h **** 
 266:platform/CMSIS/Include/cmsis_gcc.h **** 
 267:platform/CMSIS/Include/cmsis_gcc.h **** /**
 268:platform/CMSIS/Include/cmsis_gcc.h ****   \brief   Get IPSR Register
 269:platform/CMSIS/Include/cmsis_gcc.h ****   \details Returns the content of the IPSR Register.
 270:platform/CMSIS/Include/cmsis_gcc.h ****   \return               IPSR Register value
 271:platform/CMSIS/Include/cmsis_gcc.h ****  */
 272:platform/CMSIS/Include/cmsis_gcc.h **** __STATIC_FORCEINLINE uint32_t __get_IPSR(void)
 273:platform/CMSIS/Include/cmsis_gcc.h **** {
 274:platform/CMSIS/Include/cmsis_gcc.h ****   uint32_t result;
 275:platform/CMSIS/Include/cmsis_gcc.h **** 
 276:platform/CMSIS/Include/cmsis_gcc.h ****   __ASM volatile ("MRS %0, ipsr" : "=r" (result) );
 277:platform/CMSIS/Include/cmsis_gcc.h ****   return(result);
 278:platform/CMSIS/Include/cmsis_gcc.h **** }
 279:platform/CMSIS/Include/cmsis_gcc.h **** 
 280:platform/CMSIS/Include/cmsis_gcc.h **** 
 281:platform/CMSIS/Include/cmsis_gcc.h **** /**
 282:platform/CMSIS/Include/cmsis_gcc.h ****   \brief   Get APSR Register
 283:platform/CMSIS/Include/cmsis_gcc.h ****   \details Returns the content of the APSR Register.
 284:platform/CMSIS/Include/cmsis_gcc.h ****   \return               APSR Register value
 285:platform/CMSIS/Include/cmsis_gcc.h ****  */
 286:platform/CMSIS/Include/cmsis_gcc.h **** __STATIC_FORCEINLINE uint32_t __get_APSR(void)
 287:platform/CMSIS/Include/cmsis_gcc.h **** {
 288:platform/CMSIS/Include/cmsis_gcc.h ****   uint32_t result;
 289:platform/CMSIS/Include/cmsis_gcc.h **** 
 290:platform/CMSIS/Include/cmsis_gcc.h ****   __ASM volatile ("MRS %0, apsr" : "=r" (result) );
 291:platform/CMSIS/Include/cmsis_gcc.h ****   return(result);
 292:platform/CMSIS/Include/cmsis_gcc.h **** }
 293:platform/CMSIS/Include/cmsis_gcc.h **** 
 294:platform/CMSIS/Include/cmsis_gcc.h **** 
 295:platform/CMSIS/Include/cmsis_gcc.h **** /**
ARM GAS  /tmp/ccOQHGH1.s 			page 20


 296:platform/CMSIS/Include/cmsis_gcc.h ****   \brief   Get xPSR Register
 297:platform/CMSIS/Include/cmsis_gcc.h ****   \details Returns the content of the xPSR Register.
 298:platform/CMSIS/Include/cmsis_gcc.h ****   \return               xPSR Register value
 299:platform/CMSIS/Include/cmsis_gcc.h ****  */
 300:platform/CMSIS/Include/cmsis_gcc.h **** __STATIC_FORCEINLINE uint32_t __get_xPSR(void)
 301:platform/CMSIS/Include/cmsis_gcc.h **** {
 302:platform/CMSIS/Include/cmsis_gcc.h ****   uint32_t result;
 303:platform/CMSIS/Include/cmsis_gcc.h **** 
 304:platform/CMSIS/Include/cmsis_gcc.h ****   __ASM volatile ("MRS %0, xpsr" : "=r" (result) );
 305:platform/CMSIS/Include/cmsis_gcc.h ****   return(result);
 306:platform/CMSIS/Include/cmsis_gcc.h **** }
 307:platform/CMSIS/Include/cmsis_gcc.h **** 
 308:platform/CMSIS/Include/cmsis_gcc.h **** 
 309:platform/CMSIS/Include/cmsis_gcc.h **** /**
 310:platform/CMSIS/Include/cmsis_gcc.h ****   \brief   Get Process Stack Pointer
 311:platform/CMSIS/Include/cmsis_gcc.h ****   \details Returns the current value of the Process Stack Pointer (PSP).
 312:platform/CMSIS/Include/cmsis_gcc.h ****   \return               PSP Register value
 313:platform/CMSIS/Include/cmsis_gcc.h ****  */
 314:platform/CMSIS/Include/cmsis_gcc.h **** __STATIC_FORCEINLINE uint32_t __get_PSP(void)
 315:platform/CMSIS/Include/cmsis_gcc.h **** {
 316:platform/CMSIS/Include/cmsis_gcc.h ****   uint32_t result;
 317:platform/CMSIS/Include/cmsis_gcc.h **** 
 318:platform/CMSIS/Include/cmsis_gcc.h ****   __ASM volatile ("MRS %0, psp"  : "=r" (result) );
 319:platform/CMSIS/Include/cmsis_gcc.h ****   return(result);
 320:platform/CMSIS/Include/cmsis_gcc.h **** }
 321:platform/CMSIS/Include/cmsis_gcc.h **** 
 322:platform/CMSIS/Include/cmsis_gcc.h **** 
 323:platform/CMSIS/Include/cmsis_gcc.h **** #if (defined (__ARM_FEATURE_CMSE ) && (__ARM_FEATURE_CMSE == 3))
 324:platform/CMSIS/Include/cmsis_gcc.h **** /**
 325:platform/CMSIS/Include/cmsis_gcc.h ****   \brief   Get Process Stack Pointer (non-secure)
 326:platform/CMSIS/Include/cmsis_gcc.h ****   \details Returns the current value of the non-secure Process Stack Pointer (PSP) when in secure s
 327:platform/CMSIS/Include/cmsis_gcc.h ****   \return               PSP Register value
 328:platform/CMSIS/Include/cmsis_gcc.h ****  */
 329:platform/CMSIS/Include/cmsis_gcc.h **** __STATIC_FORCEINLINE uint32_t __TZ_get_PSP_NS(void)
 330:platform/CMSIS/Include/cmsis_gcc.h **** {
 331:platform/CMSIS/Include/cmsis_gcc.h ****   uint32_t result;
 332:platform/CMSIS/Include/cmsis_gcc.h **** 
 333:platform/CMSIS/Include/cmsis_gcc.h ****   __ASM volatile ("MRS %0, psp_ns"  : "=r" (result) );
 334:platform/CMSIS/Include/cmsis_gcc.h ****   return(result);
 335:platform/CMSIS/Include/cmsis_gcc.h **** }
 336:platform/CMSIS/Include/cmsis_gcc.h **** #endif
 337:platform/CMSIS/Include/cmsis_gcc.h **** 
 338:platform/CMSIS/Include/cmsis_gcc.h **** 
 339:platform/CMSIS/Include/cmsis_gcc.h **** /**
 340:platform/CMSIS/Include/cmsis_gcc.h ****   \brief   Set Process Stack Pointer
 341:platform/CMSIS/Include/cmsis_gcc.h ****   \details Assigns the given value to the Process Stack Pointer (PSP).
 342:platform/CMSIS/Include/cmsis_gcc.h ****   \param [in]    topOfProcStack  Process Stack Pointer value to set
 343:platform/CMSIS/Include/cmsis_gcc.h ****  */
 344:platform/CMSIS/Include/cmsis_gcc.h **** __STATIC_FORCEINLINE void __set_PSP(uint32_t topOfProcStack)
 345:platform/CMSIS/Include/cmsis_gcc.h **** {
 346:platform/CMSIS/Include/cmsis_gcc.h ****   __ASM volatile ("MSR psp, %0" : : "r" (topOfProcStack) : );
 347:platform/CMSIS/Include/cmsis_gcc.h **** }
 348:platform/CMSIS/Include/cmsis_gcc.h **** 
 349:platform/CMSIS/Include/cmsis_gcc.h **** 
 350:platform/CMSIS/Include/cmsis_gcc.h **** #if (defined (__ARM_FEATURE_CMSE ) && (__ARM_FEATURE_CMSE == 3))
 351:platform/CMSIS/Include/cmsis_gcc.h **** /**
 352:platform/CMSIS/Include/cmsis_gcc.h ****   \brief   Set Process Stack Pointer (non-secure)
ARM GAS  /tmp/ccOQHGH1.s 			page 21


 353:platform/CMSIS/Include/cmsis_gcc.h ****   \details Assigns the given value to the non-secure Process Stack Pointer (PSP) when in secure sta
 354:platform/CMSIS/Include/cmsis_gcc.h ****   \param [in]    topOfProcStack  Process Stack Pointer value to set
 355:platform/CMSIS/Include/cmsis_gcc.h ****  */
 356:platform/CMSIS/Include/cmsis_gcc.h **** __STATIC_FORCEINLINE void __TZ_set_PSP_NS(uint32_t topOfProcStack)
 357:platform/CMSIS/Include/cmsis_gcc.h **** {
 358:platform/CMSIS/Include/cmsis_gcc.h ****   __ASM volatile ("MSR psp_ns, %0" : : "r" (topOfProcStack) : );
 359:platform/CMSIS/Include/cmsis_gcc.h **** }
 360:platform/CMSIS/Include/cmsis_gcc.h **** #endif
 361:platform/CMSIS/Include/cmsis_gcc.h **** 
 362:platform/CMSIS/Include/cmsis_gcc.h **** 
 363:platform/CMSIS/Include/cmsis_gcc.h **** /**
 364:platform/CMSIS/Include/cmsis_gcc.h ****   \brief   Get Main Stack Pointer
 365:platform/CMSIS/Include/cmsis_gcc.h ****   \details Returns the current value of the Main Stack Pointer (MSP).
 366:platform/CMSIS/Include/cmsis_gcc.h ****   \return               MSP Register value
 367:platform/CMSIS/Include/cmsis_gcc.h ****  */
 368:platform/CMSIS/Include/cmsis_gcc.h **** __STATIC_FORCEINLINE uint32_t __get_MSP(void)
 369:platform/CMSIS/Include/cmsis_gcc.h **** {
 370:platform/CMSIS/Include/cmsis_gcc.h ****   uint32_t result;
 371:platform/CMSIS/Include/cmsis_gcc.h **** 
 372:platform/CMSIS/Include/cmsis_gcc.h ****   __ASM volatile ("MRS %0, msp" : "=r" (result) );
 373:platform/CMSIS/Include/cmsis_gcc.h ****   return(result);
 374:platform/CMSIS/Include/cmsis_gcc.h **** }
 375:platform/CMSIS/Include/cmsis_gcc.h **** 
 376:platform/CMSIS/Include/cmsis_gcc.h **** 
 377:platform/CMSIS/Include/cmsis_gcc.h **** #if (defined (__ARM_FEATURE_CMSE ) && (__ARM_FEATURE_CMSE == 3))
 378:platform/CMSIS/Include/cmsis_gcc.h **** /**
 379:platform/CMSIS/Include/cmsis_gcc.h ****   \brief   Get Main Stack Pointer (non-secure)
 380:platform/CMSIS/Include/cmsis_gcc.h ****   \details Returns the current value of the non-secure Main Stack Pointer (MSP) when in secure stat
 381:platform/CMSIS/Include/cmsis_gcc.h ****   \return               MSP Register value
 382:platform/CMSIS/Include/cmsis_gcc.h ****  */
 383:platform/CMSIS/Include/cmsis_gcc.h **** __STATIC_FORCEINLINE uint32_t __TZ_get_MSP_NS(void)
 384:platform/CMSIS/Include/cmsis_gcc.h **** {
 385:platform/CMSIS/Include/cmsis_gcc.h ****   uint32_t result;
 386:platform/CMSIS/Include/cmsis_gcc.h **** 
 387:platform/CMSIS/Include/cmsis_gcc.h ****   __ASM volatile ("MRS %0, msp_ns" : "=r" (result) );
 388:platform/CMSIS/Include/cmsis_gcc.h ****   return(result);
 389:platform/CMSIS/Include/cmsis_gcc.h **** }
 390:platform/CMSIS/Include/cmsis_gcc.h **** #endif
 391:platform/CMSIS/Include/cmsis_gcc.h **** 
 392:platform/CMSIS/Include/cmsis_gcc.h **** 
 393:platform/CMSIS/Include/cmsis_gcc.h **** /**
 394:platform/CMSIS/Include/cmsis_gcc.h ****   \brief   Set Main Stack Pointer
 395:platform/CMSIS/Include/cmsis_gcc.h ****   \details Assigns the given value to the Main Stack Pointer (MSP).
 396:platform/CMSIS/Include/cmsis_gcc.h ****   \param [in]    topOfMainStack  Main Stack Pointer value to set
 397:platform/CMSIS/Include/cmsis_gcc.h ****  */
 398:platform/CMSIS/Include/cmsis_gcc.h **** __STATIC_FORCEINLINE void __set_MSP(uint32_t topOfMainStack)
 399:platform/CMSIS/Include/cmsis_gcc.h **** {
 400:platform/CMSIS/Include/cmsis_gcc.h ****   __ASM volatile ("MSR msp, %0" : : "r" (topOfMainStack) : );
 401:platform/CMSIS/Include/cmsis_gcc.h **** }
 402:platform/CMSIS/Include/cmsis_gcc.h **** 
 403:platform/CMSIS/Include/cmsis_gcc.h **** 
 404:platform/CMSIS/Include/cmsis_gcc.h **** #if (defined (__ARM_FEATURE_CMSE ) && (__ARM_FEATURE_CMSE == 3))
 405:platform/CMSIS/Include/cmsis_gcc.h **** /**
 406:platform/CMSIS/Include/cmsis_gcc.h ****   \brief   Set Main Stack Pointer (non-secure)
 407:platform/CMSIS/Include/cmsis_gcc.h ****   \details Assigns the given value to the non-secure Main Stack Pointer (MSP) when in secure state.
 408:platform/CMSIS/Include/cmsis_gcc.h ****   \param [in]    topOfMainStack  Main Stack Pointer value to set
 409:platform/CMSIS/Include/cmsis_gcc.h ****  */
ARM GAS  /tmp/ccOQHGH1.s 			page 22


 410:platform/CMSIS/Include/cmsis_gcc.h **** __STATIC_FORCEINLINE void __TZ_set_MSP_NS(uint32_t topOfMainStack)
 411:platform/CMSIS/Include/cmsis_gcc.h **** {
 412:platform/CMSIS/Include/cmsis_gcc.h ****   __ASM volatile ("MSR msp_ns, %0" : : "r" (topOfMainStack) : );
 413:platform/CMSIS/Include/cmsis_gcc.h **** }
 414:platform/CMSIS/Include/cmsis_gcc.h **** #endif
 415:platform/CMSIS/Include/cmsis_gcc.h **** 
 416:platform/CMSIS/Include/cmsis_gcc.h **** 
 417:platform/CMSIS/Include/cmsis_gcc.h **** #if (defined (__ARM_FEATURE_CMSE ) && (__ARM_FEATURE_CMSE == 3))
 418:platform/CMSIS/Include/cmsis_gcc.h **** /**
 419:platform/CMSIS/Include/cmsis_gcc.h ****   \brief   Get Stack Pointer (non-secure)
 420:platform/CMSIS/Include/cmsis_gcc.h ****   \details Returns the current value of the non-secure Stack Pointer (SP) when in secure state.
 421:platform/CMSIS/Include/cmsis_gcc.h ****   \return               SP Register value
 422:platform/CMSIS/Include/cmsis_gcc.h ****  */
 423:platform/CMSIS/Include/cmsis_gcc.h **** __STATIC_FORCEINLINE uint32_t __TZ_get_SP_NS(void)
 424:platform/CMSIS/Include/cmsis_gcc.h **** {
 425:platform/CMSIS/Include/cmsis_gcc.h ****   uint32_t result;
 426:platform/CMSIS/Include/cmsis_gcc.h **** 
 427:platform/CMSIS/Include/cmsis_gcc.h ****   __ASM volatile ("MRS %0, sp_ns" : "=r" (result) );
 428:platform/CMSIS/Include/cmsis_gcc.h ****   return(result);
 429:platform/CMSIS/Include/cmsis_gcc.h **** }
 430:platform/CMSIS/Include/cmsis_gcc.h **** 
 431:platform/CMSIS/Include/cmsis_gcc.h **** 
 432:platform/CMSIS/Include/cmsis_gcc.h **** /**
 433:platform/CMSIS/Include/cmsis_gcc.h ****   \brief   Set Stack Pointer (non-secure)
 434:platform/CMSIS/Include/cmsis_gcc.h ****   \details Assigns the given value to the non-secure Stack Pointer (SP) when in secure state.
 435:platform/CMSIS/Include/cmsis_gcc.h ****   \param [in]    topOfStack  Stack Pointer value to set
 436:platform/CMSIS/Include/cmsis_gcc.h ****  */
 437:platform/CMSIS/Include/cmsis_gcc.h **** __STATIC_FORCEINLINE void __TZ_set_SP_NS(uint32_t topOfStack)
 438:platform/CMSIS/Include/cmsis_gcc.h **** {
 439:platform/CMSIS/Include/cmsis_gcc.h ****   __ASM volatile ("MSR sp_ns, %0" : : "r" (topOfStack) : );
 440:platform/CMSIS/Include/cmsis_gcc.h **** }
 441:platform/CMSIS/Include/cmsis_gcc.h **** #endif
 442:platform/CMSIS/Include/cmsis_gcc.h **** 
 443:platform/CMSIS/Include/cmsis_gcc.h **** 
 444:platform/CMSIS/Include/cmsis_gcc.h **** /**
 445:platform/CMSIS/Include/cmsis_gcc.h ****   \brief   Get Priority Mask
 446:platform/CMSIS/Include/cmsis_gcc.h ****   \details Returns the current state of the priority mask bit from the Priority Mask Register.
 447:platform/CMSIS/Include/cmsis_gcc.h ****   \return               Priority Mask value
 448:platform/CMSIS/Include/cmsis_gcc.h ****  */
 449:platform/CMSIS/Include/cmsis_gcc.h **** __STATIC_FORCEINLINE uint32_t __get_PRIMASK(void)
 450:platform/CMSIS/Include/cmsis_gcc.h **** {
 451:platform/CMSIS/Include/cmsis_gcc.h ****   uint32_t result;
 452:platform/CMSIS/Include/cmsis_gcc.h **** 
 453:platform/CMSIS/Include/cmsis_gcc.h ****   __ASM volatile ("MRS %0, primask" : "=r" (result) :: "memory");
 454:platform/CMSIS/Include/cmsis_gcc.h ****   return(result);
 455:platform/CMSIS/Include/cmsis_gcc.h **** }
 456:platform/CMSIS/Include/cmsis_gcc.h **** 
 457:platform/CMSIS/Include/cmsis_gcc.h **** 
 458:platform/CMSIS/Include/cmsis_gcc.h **** #if (defined (__ARM_FEATURE_CMSE ) && (__ARM_FEATURE_CMSE == 3))
 459:platform/CMSIS/Include/cmsis_gcc.h **** /**
 460:platform/CMSIS/Include/cmsis_gcc.h ****   \brief   Get Priority Mask (non-secure)
 461:platform/CMSIS/Include/cmsis_gcc.h ****   \details Returns the current state of the non-secure priority mask bit from the Priority Mask Reg
 462:platform/CMSIS/Include/cmsis_gcc.h ****   \return               Priority Mask value
 463:platform/CMSIS/Include/cmsis_gcc.h ****  */
 464:platform/CMSIS/Include/cmsis_gcc.h **** __STATIC_FORCEINLINE uint32_t __TZ_get_PRIMASK_NS(void)
 465:platform/CMSIS/Include/cmsis_gcc.h **** {
 466:platform/CMSIS/Include/cmsis_gcc.h ****   uint32_t result;
ARM GAS  /tmp/ccOQHGH1.s 			page 23


 467:platform/CMSIS/Include/cmsis_gcc.h **** 
 468:platform/CMSIS/Include/cmsis_gcc.h ****   __ASM volatile ("MRS %0, primask_ns" : "=r" (result) :: "memory");
 469:platform/CMSIS/Include/cmsis_gcc.h ****   return(result);
 470:platform/CMSIS/Include/cmsis_gcc.h **** }
 471:platform/CMSIS/Include/cmsis_gcc.h **** #endif
 472:platform/CMSIS/Include/cmsis_gcc.h **** 
 473:platform/CMSIS/Include/cmsis_gcc.h **** 
 474:platform/CMSIS/Include/cmsis_gcc.h **** /**
 475:platform/CMSIS/Include/cmsis_gcc.h ****   \brief   Set Priority Mask
 476:platform/CMSIS/Include/cmsis_gcc.h ****   \details Assigns the given value to the Priority Mask Register.
 477:platform/CMSIS/Include/cmsis_gcc.h ****   \param [in]    priMask  Priority Mask
 478:platform/CMSIS/Include/cmsis_gcc.h ****  */
 479:platform/CMSIS/Include/cmsis_gcc.h **** __STATIC_FORCEINLINE void __set_PRIMASK(uint32_t priMask)
 480:platform/CMSIS/Include/cmsis_gcc.h **** {
 481:platform/CMSIS/Include/cmsis_gcc.h ****   __ASM volatile ("MSR primask, %0" : : "r" (priMask) : "memory");
 482:platform/CMSIS/Include/cmsis_gcc.h **** }
 483:platform/CMSIS/Include/cmsis_gcc.h **** 
 484:platform/CMSIS/Include/cmsis_gcc.h **** 
 485:platform/CMSIS/Include/cmsis_gcc.h **** #if (defined (__ARM_FEATURE_CMSE ) && (__ARM_FEATURE_CMSE == 3))
 486:platform/CMSIS/Include/cmsis_gcc.h **** /**
 487:platform/CMSIS/Include/cmsis_gcc.h ****   \brief   Set Priority Mask (non-secure)
 488:platform/CMSIS/Include/cmsis_gcc.h ****   \details Assigns the given value to the non-secure Priority Mask Register when in secure state.
 489:platform/CMSIS/Include/cmsis_gcc.h ****   \param [in]    priMask  Priority Mask
 490:platform/CMSIS/Include/cmsis_gcc.h ****  */
 491:platform/CMSIS/Include/cmsis_gcc.h **** __STATIC_FORCEINLINE void __TZ_set_PRIMASK_NS(uint32_t priMask)
 492:platform/CMSIS/Include/cmsis_gcc.h **** {
 493:platform/CMSIS/Include/cmsis_gcc.h ****   __ASM volatile ("MSR primask_ns, %0" : : "r" (priMask) : "memory");
 494:platform/CMSIS/Include/cmsis_gcc.h **** }
 495:platform/CMSIS/Include/cmsis_gcc.h **** #endif
 496:platform/CMSIS/Include/cmsis_gcc.h **** 
 497:platform/CMSIS/Include/cmsis_gcc.h **** 
 498:platform/CMSIS/Include/cmsis_gcc.h **** #if ((defined (__ARM_ARCH_7M__      ) && (__ARM_ARCH_7M__      == 1)) || \
 499:platform/CMSIS/Include/cmsis_gcc.h ****      (defined (__ARM_ARCH_7EM__     ) && (__ARM_ARCH_7EM__     == 1)) || \
 500:platform/CMSIS/Include/cmsis_gcc.h ****      (defined (__ARM_ARCH_8M_MAIN__ ) && (__ARM_ARCH_8M_MAIN__ == 1))    )
 501:platform/CMSIS/Include/cmsis_gcc.h **** /**
 502:platform/CMSIS/Include/cmsis_gcc.h ****   \brief   Enable FIQ
 503:platform/CMSIS/Include/cmsis_gcc.h ****   \details Enables FIQ interrupts by clearing the F-bit in the CPSR.
 504:platform/CMSIS/Include/cmsis_gcc.h ****            Can only be executed in Privileged modes.
 505:platform/CMSIS/Include/cmsis_gcc.h ****  */
 506:platform/CMSIS/Include/cmsis_gcc.h **** __STATIC_FORCEINLINE void __enable_fault_irq(void)
 507:platform/CMSIS/Include/cmsis_gcc.h **** {
 508:platform/CMSIS/Include/cmsis_gcc.h ****   __ASM volatile ("cpsie f" : : : "memory");
 509:platform/CMSIS/Include/cmsis_gcc.h **** }
 510:platform/CMSIS/Include/cmsis_gcc.h **** 
 511:platform/CMSIS/Include/cmsis_gcc.h **** 
 512:platform/CMSIS/Include/cmsis_gcc.h **** /**
 513:platform/CMSIS/Include/cmsis_gcc.h ****   \brief   Disable FIQ
 514:platform/CMSIS/Include/cmsis_gcc.h ****   \details Disables FIQ interrupts by setting the F-bit in the CPSR.
 515:platform/CMSIS/Include/cmsis_gcc.h ****            Can only be executed in Privileged modes.
 516:platform/CMSIS/Include/cmsis_gcc.h ****  */
 517:platform/CMSIS/Include/cmsis_gcc.h **** __STATIC_FORCEINLINE void __disable_fault_irq(void)
 518:platform/CMSIS/Include/cmsis_gcc.h **** {
 519:platform/CMSIS/Include/cmsis_gcc.h ****   __ASM volatile ("cpsid f" : : : "memory");
 520:platform/CMSIS/Include/cmsis_gcc.h **** }
 521:platform/CMSIS/Include/cmsis_gcc.h **** 
 522:platform/CMSIS/Include/cmsis_gcc.h **** 
 523:platform/CMSIS/Include/cmsis_gcc.h **** /**
ARM GAS  /tmp/ccOQHGH1.s 			page 24


 524:platform/CMSIS/Include/cmsis_gcc.h ****   \brief   Get Base Priority
 525:platform/CMSIS/Include/cmsis_gcc.h ****   \details Returns the current value of the Base Priority register.
 526:platform/CMSIS/Include/cmsis_gcc.h ****   \return               Base Priority register value
 527:platform/CMSIS/Include/cmsis_gcc.h ****  */
 528:platform/CMSIS/Include/cmsis_gcc.h **** __STATIC_FORCEINLINE uint32_t __get_BASEPRI(void)
 529:platform/CMSIS/Include/cmsis_gcc.h **** {
 530:platform/CMSIS/Include/cmsis_gcc.h ****   uint32_t result;
 531:platform/CMSIS/Include/cmsis_gcc.h **** 
 532:platform/CMSIS/Include/cmsis_gcc.h ****   __ASM volatile ("MRS %0, basepri" : "=r" (result) );
 533:platform/CMSIS/Include/cmsis_gcc.h ****   return(result);
 534:platform/CMSIS/Include/cmsis_gcc.h **** }
 535:platform/CMSIS/Include/cmsis_gcc.h **** 
 536:platform/CMSIS/Include/cmsis_gcc.h **** 
 537:platform/CMSIS/Include/cmsis_gcc.h **** #if (defined (__ARM_FEATURE_CMSE ) && (__ARM_FEATURE_CMSE == 3))
 538:platform/CMSIS/Include/cmsis_gcc.h **** /**
 539:platform/CMSIS/Include/cmsis_gcc.h ****   \brief   Get Base Priority (non-secure)
 540:platform/CMSIS/Include/cmsis_gcc.h ****   \details Returns the current value of the non-secure Base Priority register when in secure state.
 541:platform/CMSIS/Include/cmsis_gcc.h ****   \return               Base Priority register value
 542:platform/CMSIS/Include/cmsis_gcc.h ****  */
 543:platform/CMSIS/Include/cmsis_gcc.h **** __STATIC_FORCEINLINE uint32_t __TZ_get_BASEPRI_NS(void)
 544:platform/CMSIS/Include/cmsis_gcc.h **** {
 545:platform/CMSIS/Include/cmsis_gcc.h ****   uint32_t result;
 546:platform/CMSIS/Include/cmsis_gcc.h **** 
 547:platform/CMSIS/Include/cmsis_gcc.h ****   __ASM volatile ("MRS %0, basepri_ns" : "=r" (result) );
 548:platform/CMSIS/Include/cmsis_gcc.h ****   return(result);
 549:platform/CMSIS/Include/cmsis_gcc.h **** }
 550:platform/CMSIS/Include/cmsis_gcc.h **** #endif
 551:platform/CMSIS/Include/cmsis_gcc.h **** 
 552:platform/CMSIS/Include/cmsis_gcc.h **** 
 553:platform/CMSIS/Include/cmsis_gcc.h **** /**
 554:platform/CMSIS/Include/cmsis_gcc.h ****   \brief   Set Base Priority
 555:platform/CMSIS/Include/cmsis_gcc.h ****   \details Assigns the given value to the Base Priority register.
 556:platform/CMSIS/Include/cmsis_gcc.h ****   \param [in]    basePri  Base Priority value to set
 557:platform/CMSIS/Include/cmsis_gcc.h ****  */
 558:platform/CMSIS/Include/cmsis_gcc.h **** __STATIC_FORCEINLINE void __set_BASEPRI(uint32_t basePri)
 559:platform/CMSIS/Include/cmsis_gcc.h **** {
 560:platform/CMSIS/Include/cmsis_gcc.h ****   __ASM volatile ("MSR basepri, %0" : : "r" (basePri) : "memory");
 561:platform/CMSIS/Include/cmsis_gcc.h **** }
 562:platform/CMSIS/Include/cmsis_gcc.h **** 
 563:platform/CMSIS/Include/cmsis_gcc.h **** 
 564:platform/CMSIS/Include/cmsis_gcc.h **** #if (defined (__ARM_FEATURE_CMSE ) && (__ARM_FEATURE_CMSE == 3))
 565:platform/CMSIS/Include/cmsis_gcc.h **** /**
 566:platform/CMSIS/Include/cmsis_gcc.h ****   \brief   Set Base Priority (non-secure)
 567:platform/CMSIS/Include/cmsis_gcc.h ****   \details Assigns the given value to the non-secure Base Priority register when in secure state.
 568:platform/CMSIS/Include/cmsis_gcc.h ****   \param [in]    basePri  Base Priority value to set
 569:platform/CMSIS/Include/cmsis_gcc.h ****  */
 570:platform/CMSIS/Include/cmsis_gcc.h **** __STATIC_FORCEINLINE void __TZ_set_BASEPRI_NS(uint32_t basePri)
 571:platform/CMSIS/Include/cmsis_gcc.h **** {
 572:platform/CMSIS/Include/cmsis_gcc.h ****   __ASM volatile ("MSR basepri_ns, %0" : : "r" (basePri) : "memory");
 573:platform/CMSIS/Include/cmsis_gcc.h **** }
 574:platform/CMSIS/Include/cmsis_gcc.h **** #endif
 575:platform/CMSIS/Include/cmsis_gcc.h **** 
 576:platform/CMSIS/Include/cmsis_gcc.h **** 
 577:platform/CMSIS/Include/cmsis_gcc.h **** /**
 578:platform/CMSIS/Include/cmsis_gcc.h ****   \brief   Set Base Priority with condition
 579:platform/CMSIS/Include/cmsis_gcc.h ****   \details Assigns the given value to the Base Priority register only if BASEPRI masking is disable
 580:platform/CMSIS/Include/cmsis_gcc.h ****            or the new value increases the BASEPRI priority level.
ARM GAS  /tmp/ccOQHGH1.s 			page 25


 581:platform/CMSIS/Include/cmsis_gcc.h ****   \param [in]    basePri  Base Priority value to set
 582:platform/CMSIS/Include/cmsis_gcc.h ****  */
 583:platform/CMSIS/Include/cmsis_gcc.h **** __STATIC_FORCEINLINE void __set_BASEPRI_MAX(uint32_t basePri)
 584:platform/CMSIS/Include/cmsis_gcc.h **** {
 585:platform/CMSIS/Include/cmsis_gcc.h ****   __ASM volatile ("MSR basepri_max, %0" : : "r" (basePri) : "memory");
 586:platform/CMSIS/Include/cmsis_gcc.h **** }
 587:platform/CMSIS/Include/cmsis_gcc.h **** 
 588:platform/CMSIS/Include/cmsis_gcc.h **** 
 589:platform/CMSIS/Include/cmsis_gcc.h **** /**
 590:platform/CMSIS/Include/cmsis_gcc.h ****   \brief   Get Fault Mask
 591:platform/CMSIS/Include/cmsis_gcc.h ****   \details Returns the current value of the Fault Mask register.
 592:platform/CMSIS/Include/cmsis_gcc.h ****   \return               Fault Mask register value
 593:platform/CMSIS/Include/cmsis_gcc.h ****  */
 594:platform/CMSIS/Include/cmsis_gcc.h **** __STATIC_FORCEINLINE uint32_t __get_FAULTMASK(void)
 595:platform/CMSIS/Include/cmsis_gcc.h **** {
 596:platform/CMSIS/Include/cmsis_gcc.h ****   uint32_t result;
 597:platform/CMSIS/Include/cmsis_gcc.h **** 
 598:platform/CMSIS/Include/cmsis_gcc.h ****   __ASM volatile ("MRS %0, faultmask" : "=r" (result) );
 599:platform/CMSIS/Include/cmsis_gcc.h ****   return(result);
 600:platform/CMSIS/Include/cmsis_gcc.h **** }
 601:platform/CMSIS/Include/cmsis_gcc.h **** 
 602:platform/CMSIS/Include/cmsis_gcc.h **** 
 603:platform/CMSIS/Include/cmsis_gcc.h **** #if (defined (__ARM_FEATURE_CMSE ) && (__ARM_FEATURE_CMSE == 3))
 604:platform/CMSIS/Include/cmsis_gcc.h **** /**
 605:platform/CMSIS/Include/cmsis_gcc.h ****   \brief   Get Fault Mask (non-secure)
 606:platform/CMSIS/Include/cmsis_gcc.h ****   \details Returns the current value of the non-secure Fault Mask register when in secure state.
 607:platform/CMSIS/Include/cmsis_gcc.h ****   \return               Fault Mask register value
 608:platform/CMSIS/Include/cmsis_gcc.h ****  */
 609:platform/CMSIS/Include/cmsis_gcc.h **** __STATIC_FORCEINLINE uint32_t __TZ_get_FAULTMASK_NS(void)
 610:platform/CMSIS/Include/cmsis_gcc.h **** {
 611:platform/CMSIS/Include/cmsis_gcc.h ****   uint32_t result;
 612:platform/CMSIS/Include/cmsis_gcc.h **** 
 613:platform/CMSIS/Include/cmsis_gcc.h ****   __ASM volatile ("MRS %0, faultmask_ns" : "=r" (result) );
 614:platform/CMSIS/Include/cmsis_gcc.h ****   return(result);
 615:platform/CMSIS/Include/cmsis_gcc.h **** }
 616:platform/CMSIS/Include/cmsis_gcc.h **** #endif
 617:platform/CMSIS/Include/cmsis_gcc.h **** 
 618:platform/CMSIS/Include/cmsis_gcc.h **** 
 619:platform/CMSIS/Include/cmsis_gcc.h **** /**
 620:platform/CMSIS/Include/cmsis_gcc.h ****   \brief   Set Fault Mask
 621:platform/CMSIS/Include/cmsis_gcc.h ****   \details Assigns the given value to the Fault Mask register.
 622:platform/CMSIS/Include/cmsis_gcc.h ****   \param [in]    faultMask  Fault Mask value to set
 623:platform/CMSIS/Include/cmsis_gcc.h ****  */
 624:platform/CMSIS/Include/cmsis_gcc.h **** __STATIC_FORCEINLINE void __set_FAULTMASK(uint32_t faultMask)
 625:platform/CMSIS/Include/cmsis_gcc.h **** {
 626:platform/CMSIS/Include/cmsis_gcc.h ****   __ASM volatile ("MSR faultmask, %0" : : "r" (faultMask) : "memory");
 627:platform/CMSIS/Include/cmsis_gcc.h **** }
 628:platform/CMSIS/Include/cmsis_gcc.h **** 
 629:platform/CMSIS/Include/cmsis_gcc.h **** 
 630:platform/CMSIS/Include/cmsis_gcc.h **** #if (defined (__ARM_FEATURE_CMSE ) && (__ARM_FEATURE_CMSE == 3))
 631:platform/CMSIS/Include/cmsis_gcc.h **** /**
 632:platform/CMSIS/Include/cmsis_gcc.h ****   \brief   Set Fault Mask (non-secure)
 633:platform/CMSIS/Include/cmsis_gcc.h ****   \details Assigns the given value to the non-secure Fault Mask register when in secure state.
 634:platform/CMSIS/Include/cmsis_gcc.h ****   \param [in]    faultMask  Fault Mask value to set
 635:platform/CMSIS/Include/cmsis_gcc.h ****  */
 636:platform/CMSIS/Include/cmsis_gcc.h **** __STATIC_FORCEINLINE void __TZ_set_FAULTMASK_NS(uint32_t faultMask)
 637:platform/CMSIS/Include/cmsis_gcc.h **** {
ARM GAS  /tmp/ccOQHGH1.s 			page 26


 638:platform/CMSIS/Include/cmsis_gcc.h ****   __ASM volatile ("MSR faultmask_ns, %0" : : "r" (faultMask) : "memory");
 639:platform/CMSIS/Include/cmsis_gcc.h **** }
 640:platform/CMSIS/Include/cmsis_gcc.h **** #endif
 641:platform/CMSIS/Include/cmsis_gcc.h **** 
 642:platform/CMSIS/Include/cmsis_gcc.h **** #endif /* ((defined (__ARM_ARCH_7M__      ) && (__ARM_ARCH_7M__      == 1)) || \
 643:platform/CMSIS/Include/cmsis_gcc.h ****            (defined (__ARM_ARCH_7EM__     ) && (__ARM_ARCH_7EM__     == 1)) || \
 644:platform/CMSIS/Include/cmsis_gcc.h ****            (defined (__ARM_ARCH_8M_MAIN__ ) && (__ARM_ARCH_8M_MAIN__ == 1))    ) */
 645:platform/CMSIS/Include/cmsis_gcc.h **** 
 646:platform/CMSIS/Include/cmsis_gcc.h **** 
 647:platform/CMSIS/Include/cmsis_gcc.h **** #if ((defined (__ARM_ARCH_8M_MAIN__ ) && (__ARM_ARCH_8M_MAIN__ == 1)) || \
 648:platform/CMSIS/Include/cmsis_gcc.h ****      (defined (__ARM_ARCH_8M_BASE__ ) && (__ARM_ARCH_8M_BASE__ == 1))    )
 649:platform/CMSIS/Include/cmsis_gcc.h **** 
 650:platform/CMSIS/Include/cmsis_gcc.h **** /**
 651:platform/CMSIS/Include/cmsis_gcc.h ****   \brief   Get Process Stack Pointer Limit
 652:platform/CMSIS/Include/cmsis_gcc.h ****   Devices without ARMv8-M Main Extensions (i.e. Cortex-M23) lack the non-secure
 653:platform/CMSIS/Include/cmsis_gcc.h ****   Stack Pointer Limit register hence zero is returned always in non-secure
 654:platform/CMSIS/Include/cmsis_gcc.h ****   mode.
 655:platform/CMSIS/Include/cmsis_gcc.h ****   
 656:platform/CMSIS/Include/cmsis_gcc.h ****   \details Returns the current value of the Process Stack Pointer Limit (PSPLIM).
 657:platform/CMSIS/Include/cmsis_gcc.h ****   \return               PSPLIM Register value
 658:platform/CMSIS/Include/cmsis_gcc.h ****  */
 659:platform/CMSIS/Include/cmsis_gcc.h **** __STATIC_FORCEINLINE uint32_t __get_PSPLIM(void)
 660:platform/CMSIS/Include/cmsis_gcc.h **** {
 661:platform/CMSIS/Include/cmsis_gcc.h **** #if (!(defined (__ARM_ARCH_8M_MAIN__ ) && (__ARM_ARCH_8M_MAIN__ == 1)) && \
 662:platform/CMSIS/Include/cmsis_gcc.h ****     (!defined (__ARM_FEATURE_CMSE) || (__ARM_FEATURE_CMSE < 3)))
 663:platform/CMSIS/Include/cmsis_gcc.h ****     // without main extensions, the non-secure PSPLIM is RAZ/WI
 664:platform/CMSIS/Include/cmsis_gcc.h ****   return 0U;
 665:platform/CMSIS/Include/cmsis_gcc.h **** #else
 666:platform/CMSIS/Include/cmsis_gcc.h ****   uint32_t result;
 667:platform/CMSIS/Include/cmsis_gcc.h ****   __ASM volatile ("MRS %0, psplim"  : "=r" (result) );
 668:platform/CMSIS/Include/cmsis_gcc.h ****   return result;
 669:platform/CMSIS/Include/cmsis_gcc.h **** #endif
 670:platform/CMSIS/Include/cmsis_gcc.h **** }
 671:platform/CMSIS/Include/cmsis_gcc.h **** 
 672:platform/CMSIS/Include/cmsis_gcc.h **** #if (defined (__ARM_FEATURE_CMSE) && (__ARM_FEATURE_CMSE == 3))
 673:platform/CMSIS/Include/cmsis_gcc.h **** /**
 674:platform/CMSIS/Include/cmsis_gcc.h ****   \brief   Get Process Stack Pointer Limit (non-secure)
 675:platform/CMSIS/Include/cmsis_gcc.h ****   Devices without ARMv8-M Main Extensions (i.e. Cortex-M23) lack the non-secure
 676:platform/CMSIS/Include/cmsis_gcc.h ****   Stack Pointer Limit register hence zero is returned always.
 677:platform/CMSIS/Include/cmsis_gcc.h **** 
 678:platform/CMSIS/Include/cmsis_gcc.h ****   \details Returns the current value of the non-secure Process Stack Pointer Limit (PSPLIM) when in
 679:platform/CMSIS/Include/cmsis_gcc.h ****   \return               PSPLIM Register value
 680:platform/CMSIS/Include/cmsis_gcc.h ****  */
 681:platform/CMSIS/Include/cmsis_gcc.h **** __STATIC_FORCEINLINE uint32_t __TZ_get_PSPLIM_NS(void)
 682:platform/CMSIS/Include/cmsis_gcc.h **** {
 683:platform/CMSIS/Include/cmsis_gcc.h **** #if (!(defined (__ARM_ARCH_8M_MAIN__ ) && (__ARM_ARCH_8M_MAIN__ == 1)))
 684:platform/CMSIS/Include/cmsis_gcc.h ****   // without main extensions, the non-secure PSPLIM is RAZ/WI
 685:platform/CMSIS/Include/cmsis_gcc.h ****   return 0U;
 686:platform/CMSIS/Include/cmsis_gcc.h **** #else
 687:platform/CMSIS/Include/cmsis_gcc.h ****   uint32_t result;
 688:platform/CMSIS/Include/cmsis_gcc.h ****   __ASM volatile ("MRS %0, psplim_ns"  : "=r" (result) );
 689:platform/CMSIS/Include/cmsis_gcc.h ****   return result;
 690:platform/CMSIS/Include/cmsis_gcc.h **** #endif
 691:platform/CMSIS/Include/cmsis_gcc.h **** }
 692:platform/CMSIS/Include/cmsis_gcc.h **** #endif
 693:platform/CMSIS/Include/cmsis_gcc.h **** 
 694:platform/CMSIS/Include/cmsis_gcc.h **** 
ARM GAS  /tmp/ccOQHGH1.s 			page 27


 695:platform/CMSIS/Include/cmsis_gcc.h **** /**
 696:platform/CMSIS/Include/cmsis_gcc.h ****   \brief   Set Process Stack Pointer Limit
 697:platform/CMSIS/Include/cmsis_gcc.h ****   Devices without ARMv8-M Main Extensions (i.e. Cortex-M23) lack the non-secure
 698:platform/CMSIS/Include/cmsis_gcc.h ****   Stack Pointer Limit register hence the write is silently ignored in non-secure
 699:platform/CMSIS/Include/cmsis_gcc.h ****   mode.
 700:platform/CMSIS/Include/cmsis_gcc.h ****   
 701:platform/CMSIS/Include/cmsis_gcc.h ****   \details Assigns the given value to the Process Stack Pointer Limit (PSPLIM).
 702:platform/CMSIS/Include/cmsis_gcc.h ****   \param [in]    ProcStackPtrLimit  Process Stack Pointer Limit value to set
 703:platform/CMSIS/Include/cmsis_gcc.h ****  */
 704:platform/CMSIS/Include/cmsis_gcc.h **** __STATIC_FORCEINLINE void __set_PSPLIM(uint32_t ProcStackPtrLimit)
 705:platform/CMSIS/Include/cmsis_gcc.h **** {
 706:platform/CMSIS/Include/cmsis_gcc.h **** #if (!(defined (__ARM_ARCH_8M_MAIN__ ) && (__ARM_ARCH_8M_MAIN__ == 1)) && \
 707:platform/CMSIS/Include/cmsis_gcc.h ****     (!defined (__ARM_FEATURE_CMSE) || (__ARM_FEATURE_CMSE < 3)))
 708:platform/CMSIS/Include/cmsis_gcc.h ****   // without main extensions, the non-secure PSPLIM is RAZ/WI
 709:platform/CMSIS/Include/cmsis_gcc.h ****   (void)ProcStackPtrLimit;
 710:platform/CMSIS/Include/cmsis_gcc.h **** #else
 711:platform/CMSIS/Include/cmsis_gcc.h ****   __ASM volatile ("MSR psplim, %0" : : "r" (ProcStackPtrLimit));
 712:platform/CMSIS/Include/cmsis_gcc.h **** #endif
 713:platform/CMSIS/Include/cmsis_gcc.h **** }
 714:platform/CMSIS/Include/cmsis_gcc.h **** 
 715:platform/CMSIS/Include/cmsis_gcc.h **** 
 716:platform/CMSIS/Include/cmsis_gcc.h **** #if (defined (__ARM_FEATURE_CMSE  ) && (__ARM_FEATURE_CMSE   == 3))
 717:platform/CMSIS/Include/cmsis_gcc.h **** /**
 718:platform/CMSIS/Include/cmsis_gcc.h ****   \brief   Set Process Stack Pointer (non-secure)
 719:platform/CMSIS/Include/cmsis_gcc.h ****   Devices without ARMv8-M Main Extensions (i.e. Cortex-M23) lack the non-secure
 720:platform/CMSIS/Include/cmsis_gcc.h ****   Stack Pointer Limit register hence the write is silently ignored.
 721:platform/CMSIS/Include/cmsis_gcc.h **** 
 722:platform/CMSIS/Include/cmsis_gcc.h ****   \details Assigns the given value to the non-secure Process Stack Pointer Limit (PSPLIM) when in s
 723:platform/CMSIS/Include/cmsis_gcc.h ****   \param [in]    ProcStackPtrLimit  Process Stack Pointer Limit value to set
 724:platform/CMSIS/Include/cmsis_gcc.h ****  */
 725:platform/CMSIS/Include/cmsis_gcc.h **** __STATIC_FORCEINLINE void __TZ_set_PSPLIM_NS(uint32_t ProcStackPtrLimit)
 726:platform/CMSIS/Include/cmsis_gcc.h **** {
 727:platform/CMSIS/Include/cmsis_gcc.h **** #if (!(defined (__ARM_ARCH_8M_MAIN__ ) && (__ARM_ARCH_8M_MAIN__ == 1)))
 728:platform/CMSIS/Include/cmsis_gcc.h ****   // without main extensions, the non-secure PSPLIM is RAZ/WI
 729:platform/CMSIS/Include/cmsis_gcc.h ****   (void)ProcStackPtrLimit;
 730:platform/CMSIS/Include/cmsis_gcc.h **** #else
 731:platform/CMSIS/Include/cmsis_gcc.h ****   __ASM volatile ("MSR psplim_ns, %0\n" : : "r" (ProcStackPtrLimit));
 732:platform/CMSIS/Include/cmsis_gcc.h **** #endif
 733:platform/CMSIS/Include/cmsis_gcc.h **** }
 734:platform/CMSIS/Include/cmsis_gcc.h **** #endif
 735:platform/CMSIS/Include/cmsis_gcc.h **** 
 736:platform/CMSIS/Include/cmsis_gcc.h **** 
 737:platform/CMSIS/Include/cmsis_gcc.h **** /**
 738:platform/CMSIS/Include/cmsis_gcc.h ****   \brief   Get Main Stack Pointer Limit
 739:platform/CMSIS/Include/cmsis_gcc.h ****   Devices without ARMv8-M Main Extensions (i.e. Cortex-M23) lack the non-secure
 740:platform/CMSIS/Include/cmsis_gcc.h ****   Stack Pointer Limit register hence zero is returned always in non-secure
 741:platform/CMSIS/Include/cmsis_gcc.h ****   mode.
 742:platform/CMSIS/Include/cmsis_gcc.h **** 
 743:platform/CMSIS/Include/cmsis_gcc.h ****   \details Returns the current value of the Main Stack Pointer Limit (MSPLIM).
 744:platform/CMSIS/Include/cmsis_gcc.h ****   \return               MSPLIM Register value
 745:platform/CMSIS/Include/cmsis_gcc.h ****  */
 746:platform/CMSIS/Include/cmsis_gcc.h **** __STATIC_FORCEINLINE uint32_t __get_MSPLIM(void)
 747:platform/CMSIS/Include/cmsis_gcc.h **** {
 748:platform/CMSIS/Include/cmsis_gcc.h **** #if (!(defined (__ARM_ARCH_8M_MAIN__ ) && (__ARM_ARCH_8M_MAIN__ == 1)) && \
 749:platform/CMSIS/Include/cmsis_gcc.h ****     (!defined (__ARM_FEATURE_CMSE) || (__ARM_FEATURE_CMSE < 3)))
 750:platform/CMSIS/Include/cmsis_gcc.h ****   // without main extensions, the non-secure MSPLIM is RAZ/WI
 751:platform/CMSIS/Include/cmsis_gcc.h ****   return 0U;
ARM GAS  /tmp/ccOQHGH1.s 			page 28


 752:platform/CMSIS/Include/cmsis_gcc.h **** #else
 753:platform/CMSIS/Include/cmsis_gcc.h ****   uint32_t result;
 754:platform/CMSIS/Include/cmsis_gcc.h ****   __ASM volatile ("MRS %0, msplim" : "=r" (result) );
 755:platform/CMSIS/Include/cmsis_gcc.h ****   return result;
 756:platform/CMSIS/Include/cmsis_gcc.h **** #endif
 757:platform/CMSIS/Include/cmsis_gcc.h **** }
 758:platform/CMSIS/Include/cmsis_gcc.h **** 
 759:platform/CMSIS/Include/cmsis_gcc.h **** 
 760:platform/CMSIS/Include/cmsis_gcc.h **** #if (defined (__ARM_FEATURE_CMSE  ) && (__ARM_FEATURE_CMSE   == 3))
 761:platform/CMSIS/Include/cmsis_gcc.h **** /**
 762:platform/CMSIS/Include/cmsis_gcc.h ****   \brief   Get Main Stack Pointer Limit (non-secure)
 763:platform/CMSIS/Include/cmsis_gcc.h ****   Devices without ARMv8-M Main Extensions (i.e. Cortex-M23) lack the non-secure
 764:platform/CMSIS/Include/cmsis_gcc.h ****   Stack Pointer Limit register hence zero is returned always.
 765:platform/CMSIS/Include/cmsis_gcc.h **** 
 766:platform/CMSIS/Include/cmsis_gcc.h ****   \details Returns the current value of the non-secure Main Stack Pointer Limit(MSPLIM) when in sec
 767:platform/CMSIS/Include/cmsis_gcc.h ****   \return               MSPLIM Register value
 768:platform/CMSIS/Include/cmsis_gcc.h ****  */
 769:platform/CMSIS/Include/cmsis_gcc.h **** __STATIC_FORCEINLINE uint32_t __TZ_get_MSPLIM_NS(void)
 770:platform/CMSIS/Include/cmsis_gcc.h **** {
 771:platform/CMSIS/Include/cmsis_gcc.h **** #if (!(defined (__ARM_ARCH_8M_MAIN__ ) && (__ARM_ARCH_8M_MAIN__ == 1)))
 772:platform/CMSIS/Include/cmsis_gcc.h ****   // without main extensions, the non-secure MSPLIM is RAZ/WI
 773:platform/CMSIS/Include/cmsis_gcc.h ****   return 0U;
 774:platform/CMSIS/Include/cmsis_gcc.h **** #else
 775:platform/CMSIS/Include/cmsis_gcc.h ****   uint32_t result;
 776:platform/CMSIS/Include/cmsis_gcc.h ****   __ASM volatile ("MRS %0, msplim_ns" : "=r" (result) );
 777:platform/CMSIS/Include/cmsis_gcc.h ****   return result;
 778:platform/CMSIS/Include/cmsis_gcc.h **** #endif
 779:platform/CMSIS/Include/cmsis_gcc.h **** }
 780:platform/CMSIS/Include/cmsis_gcc.h **** #endif
 781:platform/CMSIS/Include/cmsis_gcc.h **** 
 782:platform/CMSIS/Include/cmsis_gcc.h **** 
 783:platform/CMSIS/Include/cmsis_gcc.h **** /**
 784:platform/CMSIS/Include/cmsis_gcc.h ****   \brief   Set Main Stack Pointer Limit
 785:platform/CMSIS/Include/cmsis_gcc.h ****   Devices without ARMv8-M Main Extensions (i.e. Cortex-M23) lack the non-secure
 786:platform/CMSIS/Include/cmsis_gcc.h ****   Stack Pointer Limit register hence the write is silently ignored in non-secure
 787:platform/CMSIS/Include/cmsis_gcc.h ****   mode.
 788:platform/CMSIS/Include/cmsis_gcc.h **** 
 789:platform/CMSIS/Include/cmsis_gcc.h ****   \details Assigns the given value to the Main Stack Pointer Limit (MSPLIM).
 790:platform/CMSIS/Include/cmsis_gcc.h ****   \param [in]    MainStackPtrLimit  Main Stack Pointer Limit value to set
 791:platform/CMSIS/Include/cmsis_gcc.h ****  */
 792:platform/CMSIS/Include/cmsis_gcc.h **** __STATIC_FORCEINLINE void __set_MSPLIM(uint32_t MainStackPtrLimit)
 793:platform/CMSIS/Include/cmsis_gcc.h **** {
 794:platform/CMSIS/Include/cmsis_gcc.h **** #if (!(defined (__ARM_ARCH_8M_MAIN__ ) && (__ARM_ARCH_8M_MAIN__ == 1)) && \
 795:platform/CMSIS/Include/cmsis_gcc.h ****     (!defined (__ARM_FEATURE_CMSE) || (__ARM_FEATURE_CMSE < 3)))
 796:platform/CMSIS/Include/cmsis_gcc.h ****   // without main extensions, the non-secure MSPLIM is RAZ/WI
 797:platform/CMSIS/Include/cmsis_gcc.h ****   (void)MainStackPtrLimit;
 798:platform/CMSIS/Include/cmsis_gcc.h **** #else
 799:platform/CMSIS/Include/cmsis_gcc.h ****   __ASM volatile ("MSR msplim, %0" : : "r" (MainStackPtrLimit));
 800:platform/CMSIS/Include/cmsis_gcc.h **** #endif
 801:platform/CMSIS/Include/cmsis_gcc.h **** }
 802:platform/CMSIS/Include/cmsis_gcc.h **** 
 803:platform/CMSIS/Include/cmsis_gcc.h **** 
 804:platform/CMSIS/Include/cmsis_gcc.h **** #if (defined (__ARM_FEATURE_CMSE  ) && (__ARM_FEATURE_CMSE   == 3))
 805:platform/CMSIS/Include/cmsis_gcc.h **** /**
 806:platform/CMSIS/Include/cmsis_gcc.h ****   \brief   Set Main Stack Pointer Limit (non-secure)
 807:platform/CMSIS/Include/cmsis_gcc.h ****   Devices without ARMv8-M Main Extensions (i.e. Cortex-M23) lack the non-secure
 808:platform/CMSIS/Include/cmsis_gcc.h ****   Stack Pointer Limit register hence the write is silently ignored.
ARM GAS  /tmp/ccOQHGH1.s 			page 29


 809:platform/CMSIS/Include/cmsis_gcc.h **** 
 810:platform/CMSIS/Include/cmsis_gcc.h ****   \details Assigns the given value to the non-secure Main Stack Pointer Limit (MSPLIM) when in secu
 811:platform/CMSIS/Include/cmsis_gcc.h ****   \param [in]    MainStackPtrLimit  Main Stack Pointer value to set
 812:platform/CMSIS/Include/cmsis_gcc.h ****  */
 813:platform/CMSIS/Include/cmsis_gcc.h **** __STATIC_FORCEINLINE void __TZ_set_MSPLIM_NS(uint32_t MainStackPtrLimit)
 814:platform/CMSIS/Include/cmsis_gcc.h **** {
 815:platform/CMSIS/Include/cmsis_gcc.h **** #if (!(defined (__ARM_ARCH_8M_MAIN__ ) && (__ARM_ARCH_8M_MAIN__ == 1)))
 816:platform/CMSIS/Include/cmsis_gcc.h ****   // without main extensions, the non-secure MSPLIM is RAZ/WI
 817:platform/CMSIS/Include/cmsis_gcc.h ****   (void)MainStackPtrLimit;
 818:platform/CMSIS/Include/cmsis_gcc.h **** #else
 819:platform/CMSIS/Include/cmsis_gcc.h ****   __ASM volatile ("MSR msplim_ns, %0" : : "r" (MainStackPtrLimit));
 820:platform/CMSIS/Include/cmsis_gcc.h **** #endif
 821:platform/CMSIS/Include/cmsis_gcc.h **** }
 822:platform/CMSIS/Include/cmsis_gcc.h **** #endif
 823:platform/CMSIS/Include/cmsis_gcc.h **** 
 824:platform/CMSIS/Include/cmsis_gcc.h **** #endif /* ((defined (__ARM_ARCH_8M_MAIN__ ) && (__ARM_ARCH_8M_MAIN__ == 1)) || \
 825:platform/CMSIS/Include/cmsis_gcc.h ****            (defined (__ARM_ARCH_8M_BASE__ ) && (__ARM_ARCH_8M_BASE__ == 1))    ) */
 826:platform/CMSIS/Include/cmsis_gcc.h **** 
 827:platform/CMSIS/Include/cmsis_gcc.h **** 
 828:platform/CMSIS/Include/cmsis_gcc.h **** /**
 829:platform/CMSIS/Include/cmsis_gcc.h ****   \brief   Get FPSCR
 830:platform/CMSIS/Include/cmsis_gcc.h ****   \details Returns the current value of the Floating Point Status/Control register.
 831:platform/CMSIS/Include/cmsis_gcc.h ****   \return               Floating Point Status/Control register value
 832:platform/CMSIS/Include/cmsis_gcc.h ****  */
 833:platform/CMSIS/Include/cmsis_gcc.h **** __STATIC_FORCEINLINE uint32_t __get_FPSCR(void)
 834:platform/CMSIS/Include/cmsis_gcc.h **** {
 835:platform/CMSIS/Include/cmsis_gcc.h **** #if ((defined (__FPU_PRESENT) && (__FPU_PRESENT == 1U)) && \
 836:platform/CMSIS/Include/cmsis_gcc.h ****      (defined (__FPU_USED   ) && (__FPU_USED    == 1U))     )
 837:platform/CMSIS/Include/cmsis_gcc.h **** #if __has_builtin(__builtin_arm_get_fpscr) 
 838:platform/CMSIS/Include/cmsis_gcc.h **** // Re-enable using built-in when GCC has been fixed
 839:platform/CMSIS/Include/cmsis_gcc.h **** // || (__GNUC__ > 7) || (__GNUC__ == 7 && __GNUC_MINOR__ >= 2)
 840:platform/CMSIS/Include/cmsis_gcc.h ****   /* see https://gcc.gnu.org/ml/gcc-patches/2017-04/msg00443.html */
 841:platform/CMSIS/Include/cmsis_gcc.h ****   return __builtin_arm_get_fpscr();
 842:platform/CMSIS/Include/cmsis_gcc.h **** #else
 843:platform/CMSIS/Include/cmsis_gcc.h ****   uint32_t result;
 844:platform/CMSIS/Include/cmsis_gcc.h **** 
 845:platform/CMSIS/Include/cmsis_gcc.h ****   __ASM volatile ("VMRS %0, fpscr" : "=r" (result) );
 846:platform/CMSIS/Include/cmsis_gcc.h ****   return(result);
 847:platform/CMSIS/Include/cmsis_gcc.h **** #endif
 848:platform/CMSIS/Include/cmsis_gcc.h **** #else
 849:platform/CMSIS/Include/cmsis_gcc.h ****   return(0U);
 850:platform/CMSIS/Include/cmsis_gcc.h **** #endif
 851:platform/CMSIS/Include/cmsis_gcc.h **** }
 852:platform/CMSIS/Include/cmsis_gcc.h **** 
 853:platform/CMSIS/Include/cmsis_gcc.h **** 
 854:platform/CMSIS/Include/cmsis_gcc.h **** /**
 855:platform/CMSIS/Include/cmsis_gcc.h ****   \brief   Set FPSCR
 856:platform/CMSIS/Include/cmsis_gcc.h ****   \details Assigns the given value to the Floating Point Status/Control register.
 857:platform/CMSIS/Include/cmsis_gcc.h ****   \param [in]    fpscr  Floating Point Status/Control value to set
 858:platform/CMSIS/Include/cmsis_gcc.h ****  */
 859:platform/CMSIS/Include/cmsis_gcc.h **** __STATIC_FORCEINLINE void __set_FPSCR(uint32_t fpscr)
 860:platform/CMSIS/Include/cmsis_gcc.h **** {
 861:platform/CMSIS/Include/cmsis_gcc.h **** #if ((defined (__FPU_PRESENT) && (__FPU_PRESENT == 1U)) && \
 862:platform/CMSIS/Include/cmsis_gcc.h ****      (defined (__FPU_USED   ) && (__FPU_USED    == 1U))     )
 863:platform/CMSIS/Include/cmsis_gcc.h **** #if __has_builtin(__builtin_arm_set_fpscr)
 864:platform/CMSIS/Include/cmsis_gcc.h **** // Re-enable using built-in when GCC has been fixed
 865:platform/CMSIS/Include/cmsis_gcc.h **** // || (__GNUC__ > 7) || (__GNUC__ == 7 && __GNUC_MINOR__ >= 2)
ARM GAS  /tmp/ccOQHGH1.s 			page 30


 866:platform/CMSIS/Include/cmsis_gcc.h ****   /* see https://gcc.gnu.org/ml/gcc-patches/2017-04/msg00443.html */
 867:platform/CMSIS/Include/cmsis_gcc.h ****   __builtin_arm_set_fpscr(fpscr);
 868:platform/CMSIS/Include/cmsis_gcc.h **** #else
 869:platform/CMSIS/Include/cmsis_gcc.h ****   __ASM volatile ("VMSR fpscr, %0" : : "r" (fpscr) : "vfpcc", "memory");
 870:platform/CMSIS/Include/cmsis_gcc.h **** #endif
 871:platform/CMSIS/Include/cmsis_gcc.h **** #else
 872:platform/CMSIS/Include/cmsis_gcc.h ****   (void)fpscr;
 873:platform/CMSIS/Include/cmsis_gcc.h **** #endif
 874:platform/CMSIS/Include/cmsis_gcc.h **** }
 875:platform/CMSIS/Include/cmsis_gcc.h **** 
 876:platform/CMSIS/Include/cmsis_gcc.h **** 
 877:platform/CMSIS/Include/cmsis_gcc.h **** /*@} end of CMSIS_Core_RegAccFunctions */
 878:platform/CMSIS/Include/cmsis_gcc.h **** 
 879:platform/CMSIS/Include/cmsis_gcc.h **** 
 880:platform/CMSIS/Include/cmsis_gcc.h **** /* ##########################  Core Instruction Access  ######################### */
 881:platform/CMSIS/Include/cmsis_gcc.h **** /** \defgroup CMSIS_Core_InstructionInterface CMSIS Core Instruction Interface
 882:platform/CMSIS/Include/cmsis_gcc.h ****   Access to dedicated instructions
 883:platform/CMSIS/Include/cmsis_gcc.h ****   @{
 884:platform/CMSIS/Include/cmsis_gcc.h **** */
 885:platform/CMSIS/Include/cmsis_gcc.h **** 
 886:platform/CMSIS/Include/cmsis_gcc.h **** /* Define macros for porting to both thumb1 and thumb2.
 887:platform/CMSIS/Include/cmsis_gcc.h ****  * For thumb1, use low register (r0-r7), specified by constraint "l"
 888:platform/CMSIS/Include/cmsis_gcc.h ****  * Otherwise, use general registers, specified by constraint "r" */
 889:platform/CMSIS/Include/cmsis_gcc.h **** #if defined (__thumb__) && !defined (__thumb2__)
 890:platform/CMSIS/Include/cmsis_gcc.h **** #define __CMSIS_GCC_OUT_REG(r) "=l" (r)
 891:platform/CMSIS/Include/cmsis_gcc.h **** #define __CMSIS_GCC_RW_REG(r) "+l" (r)
 892:platform/CMSIS/Include/cmsis_gcc.h **** #define __CMSIS_GCC_USE_REG(r) "l" (r)
 893:platform/CMSIS/Include/cmsis_gcc.h **** #else
 894:platform/CMSIS/Include/cmsis_gcc.h **** #define __CMSIS_GCC_OUT_REG(r) "=r" (r)
 895:platform/CMSIS/Include/cmsis_gcc.h **** #define __CMSIS_GCC_RW_REG(r) "+r" (r)
 896:platform/CMSIS/Include/cmsis_gcc.h **** #define __CMSIS_GCC_USE_REG(r) "r" (r)
 897:platform/CMSIS/Include/cmsis_gcc.h **** #endif
 898:platform/CMSIS/Include/cmsis_gcc.h **** 
 899:platform/CMSIS/Include/cmsis_gcc.h **** /**
 900:platform/CMSIS/Include/cmsis_gcc.h ****   \brief   No Operation
 901:platform/CMSIS/Include/cmsis_gcc.h ****   \details No Operation does nothing. This instruction can be used for code alignment purposes.
 902:platform/CMSIS/Include/cmsis_gcc.h ****  */
 903:platform/CMSIS/Include/cmsis_gcc.h **** #define __NOP()                             __ASM volatile ("nop")
 904:platform/CMSIS/Include/cmsis_gcc.h **** 
 905:platform/CMSIS/Include/cmsis_gcc.h **** /**
 906:platform/CMSIS/Include/cmsis_gcc.h ****   \brief   Wait For Interrupt
 907:platform/CMSIS/Include/cmsis_gcc.h ****   \details Wait For Interrupt is a hint instruction that suspends execution until one of a number o
 908:platform/CMSIS/Include/cmsis_gcc.h ****  */
 909:platform/CMSIS/Include/cmsis_gcc.h **** #define __WFI()                             __ASM volatile ("wfi")
 910:platform/CMSIS/Include/cmsis_gcc.h **** 
 911:platform/CMSIS/Include/cmsis_gcc.h **** 
 912:platform/CMSIS/Include/cmsis_gcc.h **** /**
 913:platform/CMSIS/Include/cmsis_gcc.h ****   \brief   Wait For Event
 914:platform/CMSIS/Include/cmsis_gcc.h ****   \details Wait For Event is a hint instruction that permits the processor to enter
 915:platform/CMSIS/Include/cmsis_gcc.h ****            a low-power state until one of a number of events occurs.
 916:platform/CMSIS/Include/cmsis_gcc.h ****  */
 917:platform/CMSIS/Include/cmsis_gcc.h **** #define __WFE()                             __ASM volatile ("wfe")
 918:platform/CMSIS/Include/cmsis_gcc.h **** 
 919:platform/CMSIS/Include/cmsis_gcc.h **** 
 920:platform/CMSIS/Include/cmsis_gcc.h **** /**
 921:platform/CMSIS/Include/cmsis_gcc.h ****   \brief   Send Event
 922:platform/CMSIS/Include/cmsis_gcc.h ****   \details Send Event is a hint instruction. It causes an event to be signaled to the CPU.
ARM GAS  /tmp/ccOQHGH1.s 			page 31


 923:platform/CMSIS/Include/cmsis_gcc.h ****  */
 924:platform/CMSIS/Include/cmsis_gcc.h **** #define __SEV()                             __ASM volatile ("sev")
 925:platform/CMSIS/Include/cmsis_gcc.h **** 
 926:platform/CMSIS/Include/cmsis_gcc.h **** 
 927:platform/CMSIS/Include/cmsis_gcc.h **** /**
 928:platform/CMSIS/Include/cmsis_gcc.h ****   \brief   Instruction Synchronization Barrier
 929:platform/CMSIS/Include/cmsis_gcc.h ****   \details Instruction Synchronization Barrier flushes the pipeline in the processor,
 930:platform/CMSIS/Include/cmsis_gcc.h ****            so that all instructions following the ISB are fetched from cache or memory,
 931:platform/CMSIS/Include/cmsis_gcc.h ****            after the instruction has been completed.
 932:platform/CMSIS/Include/cmsis_gcc.h ****  */
 933:platform/CMSIS/Include/cmsis_gcc.h **** __STATIC_FORCEINLINE void __ISB(void)
  52              		.loc 2 933 27 view .LVU7
  53              	.LBB11:
 934:platform/CMSIS/Include/cmsis_gcc.h **** {
 935:platform/CMSIS/Include/cmsis_gcc.h ****   __ASM volatile ("isb 0xF":::"memory");
  54              		.loc 2 935 3 view .LVU8
  55              		.syntax unified
  56              	@ 935 "platform/CMSIS/Include/cmsis_gcc.h" 1
  57 000e BFF36F8F 		isb 0xF
  58              	@ 0 "" 2
  59              		.thumb
  60              		.syntax unified
  61              	.LBE11:
  62              	.LBE10:
 739:platform/HAL/src/stm32g4xx_hal_flash.c **** 
 740:platform/HAL/src/stm32g4xx_hal_flash.c ****   /* Program second word */
 741:platform/HAL/src/stm32g4xx_hal_flash.c ****   *(uint32_t *)(Address + 4U) = (uint32_t)(Data >> 32U);
  63              		.loc 1 741 3 view .LVU9
  64              		.loc 1 741 31 is_stmt 0 view .LVU10
  65 0012 4360     		str	r3, [r0, #4]
 742:platform/HAL/src/stm32g4xx_hal_flash.c **** }
  66              		.loc 1 742 1 view .LVU11
  67 0014 5DF8044B 		ldr	r4, [sp], #4
  68              	.LCFI1:
  69              		.cfi_restore 4
  70              		.cfi_def_cfa_offset 0
  71 0018 7047     		bx	lr
  72              	.L4:
  73 001a 00BF     		.align	2
  74              	.L3:
  75 001c 00200240 		.word	1073881088
  76              		.cfi_endproc
  77              	.LFE341:
  79              		.section	.text.FLASH_Program_Fast,"ax",%progbits
  80              		.align	1
  81              		.syntax unified
  82              		.thumb
  83              		.thumb_func
  85              	FLASH_Program_Fast:
  86              	.LVL1:
  87              	.LFB342:
 743:platform/HAL/src/stm32g4xx_hal_flash.c **** 
 744:platform/HAL/src/stm32g4xx_hal_flash.c **** /**
 745:platform/HAL/src/stm32g4xx_hal_flash.c ****   * @brief  Fast program a row double-word (64-bit) at a specified address.
 746:platform/HAL/src/stm32g4xx_hal_flash.c ****   * @param  Address specifies the address to be programmed.
 747:platform/HAL/src/stm32g4xx_hal_flash.c ****   * @param  DataAddress specifies the address where the data are stored.
 748:platform/HAL/src/stm32g4xx_hal_flash.c ****   * @retval None
ARM GAS  /tmp/ccOQHGH1.s 			page 32


 749:platform/HAL/src/stm32g4xx_hal_flash.c ****   */
 750:platform/HAL/src/stm32g4xx_hal_flash.c **** static void FLASH_Program_Fast(uint32_t Address, uint32_t DataAddress)
 751:platform/HAL/src/stm32g4xx_hal_flash.c **** {
  88              		.loc 1 751 1 is_stmt 1 view -0
  89              		.cfi_startproc
  90              		@ args = 0, pretend = 0, frame = 0
  91              		@ frame_needed = 0, uses_anonymous_args = 0
  92              		@ link register save eliminated.
 752:platform/HAL/src/stm32g4xx_hal_flash.c ****   uint8_t row_index = (2 * FLASH_NB_DOUBLE_WORDS_IN_ROW);
  93              		.loc 1 752 3 view .LVU13
 753:platform/HAL/src/stm32g4xx_hal_flash.c ****   uint32_t *dest_addr = (uint32_t *)Address;
  94              		.loc 1 753 3 view .LVU14
 754:platform/HAL/src/stm32g4xx_hal_flash.c ****   uint32_t *src_addr = (uint32_t *)DataAddress;
  95              		.loc 1 754 3 view .LVU15
 755:platform/HAL/src/stm32g4xx_hal_flash.c ****   uint32_t primask_bit;
  96              		.loc 1 755 3 view .LVU16
 756:platform/HAL/src/stm32g4xx_hal_flash.c **** 
 757:platform/HAL/src/stm32g4xx_hal_flash.c ****   /* Check the parameters */
 758:platform/HAL/src/stm32g4xx_hal_flash.c ****   assert_param(IS_FLASH_MAIN_MEM_ADDRESS(Address));
  97              		.loc 1 758 3 view .LVU17
 759:platform/HAL/src/stm32g4xx_hal_flash.c **** 
 760:platform/HAL/src/stm32g4xx_hal_flash.c ****   /* Set FSTPG bit */
 761:platform/HAL/src/stm32g4xx_hal_flash.c ****   SET_BIT(FLASH->CR, FLASH_CR_FSTPG);
  98              		.loc 1 761 3 view .LVU18
  99 0000 094A     		ldr	r2, .L7
 100 0002 5369     		ldr	r3, [r2, #20]
 101 0004 43F48023 		orr	r3, r3, #262144
 102 0008 5361     		str	r3, [r2, #20]
 762:platform/HAL/src/stm32g4xx_hal_flash.c **** 
 763:platform/HAL/src/stm32g4xx_hal_flash.c ****   /* Enter critical section: Disable interrupts to avoid any interruption during the loop */
 764:platform/HAL/src/stm32g4xx_hal_flash.c ****   primask_bit = __get_PRIMASK();
 103              		.loc 1 764 3 view .LVU19
 104              	.LBB12:
 105              	.LBI12:
 449:platform/CMSIS/Include/cmsis_gcc.h **** {
 106              		.loc 2 449 31 view .LVU20
 107              	.LBB13:
 451:platform/CMSIS/Include/cmsis_gcc.h **** 
 108              		.loc 2 451 3 view .LVU21
 453:platform/CMSIS/Include/cmsis_gcc.h ****   return(result);
 109              		.loc 2 453 3 view .LVU22
 110              		.syntax unified
 111              	@ 453 "platform/CMSIS/Include/cmsis_gcc.h" 1
 112 000a EFF3108C 		MRS ip, primask
 113              	@ 0 "" 2
 114              	.LVL2:
 454:platform/CMSIS/Include/cmsis_gcc.h **** }
 115              		.loc 2 454 3 view .LVU23
 454:platform/CMSIS/Include/cmsis_gcc.h **** }
 116              		.loc 2 454 3 is_stmt 0 view .LVU24
 117              		.thumb
 118              		.syntax unified
 119              	.LBE13:
 120              	.LBE12:
 765:platform/HAL/src/stm32g4xx_hal_flash.c ****   __disable_irq();
 121              		.loc 1 765 3 is_stmt 1 view .LVU25
 122              	.LBB14:
ARM GAS  /tmp/ccOQHGH1.s 			page 33


 123              	.LBI14:
 207:platform/CMSIS/Include/cmsis_gcc.h **** {
 124              		.loc 2 207 27 view .LVU26
 125              	.LBB15:
 209:platform/CMSIS/Include/cmsis_gcc.h **** }
 126              		.loc 2 209 3 view .LVU27
 127              		.syntax unified
 128              	@ 209 "platform/CMSIS/Include/cmsis_gcc.h" 1
 129 000e 72B6     		cpsid i
 130              	@ 0 "" 2
 131              		.thumb
 132              		.syntax unified
 133              	.LBE15:
 134              	.LBE14:
 752:platform/HAL/src/stm32g4xx_hal_flash.c ****   uint32_t *dest_addr = (uint32_t *)Address;
 135              		.loc 1 752 11 is_stmt 0 view .LVU28
 136 0010 4023     		movs	r3, #64
 137              	.LVL3:
 138              	.L6:
 766:platform/HAL/src/stm32g4xx_hal_flash.c **** 
 767:platform/HAL/src/stm32g4xx_hal_flash.c ****   /* Program the double words of the row */
 768:platform/HAL/src/stm32g4xx_hal_flash.c ****   do
 139              		.loc 1 768 3 is_stmt 1 view .LVU29
 769:platform/HAL/src/stm32g4xx_hal_flash.c ****   {
 770:platform/HAL/src/stm32g4xx_hal_flash.c ****     *dest_addr = *src_addr;
 140              		.loc 1 770 5 view .LVU30
 141              		.loc 1 770 18 is_stmt 0 view .LVU31
 142 0012 51F8042B 		ldr	r2, [r1], #4
 143              	.LVL4:
 144              		.loc 1 770 16 view .LVU32
 145 0016 40F8042B 		str	r2, [r0], #4
 146              	.LVL5:
 771:platform/HAL/src/stm32g4xx_hal_flash.c ****     dest_addr++;
 147              		.loc 1 771 5 is_stmt 1 view .LVU33
 772:platform/HAL/src/stm32g4xx_hal_flash.c ****     src_addr++;
 148              		.loc 1 772 5 view .LVU34
 773:platform/HAL/src/stm32g4xx_hal_flash.c ****     row_index--;
 149              		.loc 1 773 5 view .LVU35
 150              		.loc 1 773 14 is_stmt 0 view .LVU36
 151 001a 013B     		subs	r3, r3, #1
 152              	.LVL6:
 774:platform/HAL/src/stm32g4xx_hal_flash.c ****   }
 775:platform/HAL/src/stm32g4xx_hal_flash.c ****   while (row_index != 0U);
 153              		.loc 1 775 20 is_stmt 1 discriminator 1 view .LVU37
 154 001c 13F0FF03 		ands	r3, r3, #255
 155              	.LVL7:
 156              		.loc 1 775 20 is_stmt 0 discriminator 1 view .LVU38
 157 0020 F7D1     		bne	.L6
 776:platform/HAL/src/stm32g4xx_hal_flash.c **** 
 777:platform/HAL/src/stm32g4xx_hal_flash.c ****   /* Exit critical section: restore previous priority mask */
 778:platform/HAL/src/stm32g4xx_hal_flash.c ****   __set_PRIMASK(primask_bit);
 158              		.loc 1 778 3 is_stmt 1 view .LVU39
 159              	.LBB16:
 160              	.LBI16:
 479:platform/CMSIS/Include/cmsis_gcc.h **** {
 161              		.loc 2 479 27 view .LVU40
 162              	.LBB17:
ARM GAS  /tmp/ccOQHGH1.s 			page 34


 481:platform/CMSIS/Include/cmsis_gcc.h **** }
 163              		.loc 2 481 3 view .LVU41
 164              		.syntax unified
 165              	@ 481 "platform/CMSIS/Include/cmsis_gcc.h" 1
 166 0022 8CF31088 		MSR primask, ip
 167              	@ 0 "" 2
 168              		.thumb
 169              		.syntax unified
 170              	.LBE17:
 171              	.LBE16:
 779:platform/HAL/src/stm32g4xx_hal_flash.c **** }
 172              		.loc 1 779 1 is_stmt 0 view .LVU42
 173 0026 7047     		bx	lr
 174              	.L8:
 175              		.align	2
 176              	.L7:
 177 0028 00200240 		.word	1073881088
 178              		.cfi_endproc
 179              	.LFE342:
 181              		.section	.text.HAL_FLASH_EndOfOperationCallback,"ax",%progbits
 182              		.align	1
 183              		.weak	HAL_FLASH_EndOfOperationCallback
 184              		.syntax unified
 185              		.thumb
 186              		.thumb_func
 188              	HAL_FLASH_EndOfOperationCallback:
 189              	.LVL8:
 190              	.LFB332:
 468:platform/HAL/src/stm32g4xx_hal_flash.c ****   /* Prevent unused argument(s) compilation warning */
 191              		.loc 1 468 1 is_stmt 1 view -0
 192              		.cfi_startproc
 193              		@ args = 0, pretend = 0, frame = 0
 194              		@ frame_needed = 0, uses_anonymous_args = 0
 195              		@ link register save eliminated.
 470:platform/HAL/src/stm32g4xx_hal_flash.c **** 
 196              		.loc 1 470 3 view .LVU44
 475:platform/HAL/src/stm32g4xx_hal_flash.c **** 
 197              		.loc 1 475 1 is_stmt 0 view .LVU45
 198 0000 7047     		bx	lr
 199              		.cfi_endproc
 200              	.LFE332:
 202              		.section	.text.HAL_FLASH_OperationErrorCallback,"ax",%progbits
 203              		.align	1
 204              		.weak	HAL_FLASH_OperationErrorCallback
 205              		.syntax unified
 206              		.thumb
 207              		.thumb_func
 209              	HAL_FLASH_OperationErrorCallback:
 210              	.LVL9:
 211              	.LFB333:
 486:platform/HAL/src/stm32g4xx_hal_flash.c ****   /* Prevent unused argument(s) compilation warning */
 212              		.loc 1 486 1 is_stmt 1 view -0
 213              		.cfi_startproc
 214              		@ args = 0, pretend = 0, frame = 0
 215              		@ frame_needed = 0, uses_anonymous_args = 0
 216              		@ link register save eliminated.
 488:platform/HAL/src/stm32g4xx_hal_flash.c **** 
ARM GAS  /tmp/ccOQHGH1.s 			page 35


 217              		.loc 1 488 3 view .LVU47
 493:platform/HAL/src/stm32g4xx_hal_flash.c **** 
 218              		.loc 1 493 1 is_stmt 0 view .LVU48
 219 0000 7047     		bx	lr
 220              		.cfi_endproc
 221              	.LFE333:
 223              		.section	.text.HAL_FLASH_IRQHandler,"ax",%progbits
 224              		.align	1
 225              		.global	HAL_FLASH_IRQHandler
 226              		.syntax unified
 227              		.thumb
 228              		.thumb_func
 230              	HAL_FLASH_IRQHandler:
 231              	.LFB331:
 328:platform/HAL/src/stm32g4xx_hal_flash.c ****   uint32_t tmp_page;
 232              		.loc 1 328 1 is_stmt 1 view -0
 233              		.cfi_startproc
 234              		@ args = 0, pretend = 0, frame = 0
 235              		@ frame_needed = 0, uses_anonymous_args = 0
 236 0000 10B5     		push	{r4, lr}
 237              	.LCFI2:
 238              		.cfi_def_cfa_offset 8
 239              		.cfi_offset 4, -8
 240              		.cfi_offset 14, -4
 329:platform/HAL/src/stm32g4xx_hal_flash.c ****   uint32_t error;
 241              		.loc 1 329 3 view .LVU50
 330:platform/HAL/src/stm32g4xx_hal_flash.c ****   FLASH_ProcedureTypeDef procedure;
 242              		.loc 1 330 3 view .LVU51
 331:platform/HAL/src/stm32g4xx_hal_flash.c **** 
 243              		.loc 1 331 3 view .LVU52
 334:platform/HAL/src/stm32g4xx_hal_flash.c **** #if defined (FLASH_OPTR_DBANK)
 244              		.loc 1 334 3 view .LVU53
 245 0002 464B     		ldr	r3, .L31
 246 0004 5A69     		ldr	r2, [r3, #20]
 247 0006 6FF30902 		bfc	r2, #0, #10
 248 000a 5A61     		str	r2, [r3, #20]
 336:platform/HAL/src/stm32g4xx_hal_flash.c **** #endif
 249              		.loc 1 336 3 view .LVU54
 250 000c 5A69     		ldr	r2, [r3, #20]
 251 000e 22F40042 		bic	r2, r2, #32768
 252 0012 5A61     		str	r2, [r3, #20]
 340:platform/HAL/src/stm32g4xx_hal_flash.c ****   {
 253              		.loc 1 340 3 view .LVU55
 340:platform/HAL/src/stm32g4xx_hal_flash.c ****   {
 254              		.loc 1 340 13 is_stmt 0 view .LVU56
 255 0014 424B     		ldr	r3, .L31+4
 256 0016 1B7A     		ldrb	r3, [r3, #8]	@ zero_extendqisi2
 340:platform/HAL/src/stm32g4xx_hal_flash.c ****   {
 257              		.loc 1 340 6 view .LVU57
 258 0018 042B     		cmp	r3, #4
 259 001a 39D0     		beq	.L25
 260              	.L12:
 346:platform/HAL/src/stm32g4xx_hal_flash.c **** 
 261              		.loc 1 346 3 is_stmt 1 view .LVU58
 346:platform/HAL/src/stm32g4xx_hal_flash.c **** 
 262              		.loc 1 346 17 is_stmt 0 view .LVU59
 263 001c 3F4B     		ldr	r3, .L31
ARM GAS  /tmp/ccOQHGH1.s 			page 36


 264 001e 1B69     		ldr	r3, [r3, #16]
 346:platform/HAL/src/stm32g4xx_hal_flash.c **** 
 265              		.loc 1 346 9 view .LVU60
 266 0020 4CF2FA32 		movw	r2, #50170
 267              	.LVL10:
 348:platform/HAL/src/stm32g4xx_hal_flash.c ****   {
 268              		.loc 1 348 3 is_stmt 1 view .LVU61
 348:platform/HAL/src/stm32g4xx_hal_flash.c ****   {
 269              		.loc 1 348 6 is_stmt 0 view .LVU62
 270 0024 1340     		ands	r3, r3, r2
 271              	.LVL11:
 348:platform/HAL/src/stm32g4xx_hal_flash.c ****   {
 272              		.loc 1 348 6 view .LVU63
 273 0026 15D0     		beq	.L13
 351:platform/HAL/src/stm32g4xx_hal_flash.c **** 
 274              		.loc 1 351 5 is_stmt 1 view .LVU64
 351:platform/HAL/src/stm32g4xx_hal_flash.c **** 
 275              		.loc 1 351 11 is_stmt 0 view .LVU65
 276 0028 3D49     		ldr	r1, .L31+4
 277 002a 4A68     		ldr	r2, [r1, #4]
 351:platform/HAL/src/stm32g4xx_hal_flash.c **** 
 278              		.loc 1 351 22 view .LVU66
 279 002c 1A43     		orrs	r2, r2, r3
 280 002e 4A60     		str	r2, [r1, #4]
 354:platform/HAL/src/stm32g4xx_hal_flash.c **** 
 281              		.loc 1 354 5 is_stmt 1 view .LVU67
 354:platform/HAL/src/stm32g4xx_hal_flash.c **** 
 282              		.loc 1 354 5 view .LVU68
 354:platform/HAL/src/stm32g4xx_hal_flash.c **** 
 283              		.loc 1 354 5 discriminator 3 view .LVU69
 354:platform/HAL/src/stm32g4xx_hal_flash.c **** 
 284              		.loc 1 354 5 discriminator 4 view .LVU70
 285 0030 3A4A     		ldr	r2, .L31
 286 0032 1361     		str	r3, [r2, #16]
 354:platform/HAL/src/stm32g4xx_hal_flash.c **** 
 287              		.loc 1 354 5 discriminator 6 view .LVU71
 357:platform/HAL/src/stm32g4xx_hal_flash.c **** 
 288              		.loc 1 357 5 view .LVU72
 289 0034 FFF7FEFF 		bl	FLASH_FlushCaches
 290              	.LVL12:
 360:platform/HAL/src/stm32g4xx_hal_flash.c ****     if (procedure == FLASH_PROC_PAGE_ERASE)
 291              		.loc 1 360 5 view .LVU73
 360:platform/HAL/src/stm32g4xx_hal_flash.c ****     if (procedure == FLASH_PROC_PAGE_ERASE)
 292              		.loc 1 360 15 is_stmt 0 view .LVU74
 293 0038 394B     		ldr	r3, .L31+4
 294 003a 1A7A     		ldrb	r2, [r3, #8]	@ zero_extendqisi2
 295 003c D3B2     		uxtb	r3, r2
 296              	.LVL13:
 361:platform/HAL/src/stm32g4xx_hal_flash.c ****     {
 297              		.loc 1 361 5 is_stmt 1 view .LVU75
 361:platform/HAL/src/stm32g4xx_hal_flash.c ****     {
 298              		.loc 1 361 8 is_stmt 0 view .LVU76
 299 003e 012A     		cmp	r2, #1
 300 0040 2CD0     		beq	.L26
 365:platform/HAL/src/stm32g4xx_hal_flash.c ****     {
 301              		.loc 1 365 10 is_stmt 1 view .LVU77
 365:platform/HAL/src/stm32g4xx_hal_flash.c ****     {
ARM GAS  /tmp/ccOQHGH1.s 			page 37


 302              		.loc 1 365 13 is_stmt 0 view .LVU78
 303 0042 022B     		cmp	r3, #2
 304 0044 2FD0     		beq	.L27
 369:platform/HAL/src/stm32g4xx_hal_flash.c ****              (procedure == FLASH_PROC_PROGRAM_LAST))
 305              		.loc 1 369 10 is_stmt 1 view .LVU79
 369:platform/HAL/src/stm32g4xx_hal_flash.c ****              (procedure == FLASH_PROC_PROGRAM_LAST))
 306              		.loc 1 369 48 is_stmt 0 view .LVU80
 307 0046 033B     		subs	r3, r3, #3
 308              	.LVL14:
 369:platform/HAL/src/stm32g4xx_hal_flash.c ****              (procedure == FLASH_PROC_PROGRAM_LAST))
 309              		.loc 1 369 48 view .LVU81
 310 0048 DBB2     		uxtb	r3, r3
 311              	.LVL15:
 369:platform/HAL/src/stm32g4xx_hal_flash.c ****              (procedure == FLASH_PROC_PROGRAM_LAST))
 312              		.loc 1 369 13 view .LVU82
 313 004a 012B     		cmp	r3, #1
 314 004c 30D9     		bls	.L28
 315              	.LVL16:
 316              	.L16:
 377:platform/HAL/src/stm32g4xx_hal_flash.c **** 
 317              		.loc 1 377 5 is_stmt 1 view .LVU83
 380:platform/HAL/src/stm32g4xx_hal_flash.c ****   }
 318              		.loc 1 380 5 view .LVU84
 380:platform/HAL/src/stm32g4xx_hal_flash.c ****   }
 319              		.loc 1 380 29 is_stmt 0 view .LVU85
 320 004e 344B     		ldr	r3, .L31+4
 321 0050 0022     		movs	r2, #0
 322 0052 1A72     		strb	r2, [r3, #8]
 323              	.LVL17:
 324              	.L13:
 384:platform/HAL/src/stm32g4xx_hal_flash.c ****   {
 325              		.loc 1 384 3 is_stmt 1 view .LVU86
 384:platform/HAL/src/stm32g4xx_hal_flash.c ****   {
 326              		.loc 1 384 7 is_stmt 0 view .LVU87
 327 0054 314B     		ldr	r3, .L31
 328 0056 1B69     		ldr	r3, [r3, #16]
 384:platform/HAL/src/stm32g4xx_hal_flash.c ****   {
 329              		.loc 1 384 6 view .LVU88
 330 0058 13F0010F 		tst	r3, #1
 331 005c 47D0     		beq	.L18
 387:platform/HAL/src/stm32g4xx_hal_flash.c **** 
 332              		.loc 1 387 5 is_stmt 1 view .LVU89
 387:platform/HAL/src/stm32g4xx_hal_flash.c **** 
 333              		.loc 1 387 5 view .LVU90
 387:platform/HAL/src/stm32g4xx_hal_flash.c **** 
 334              		.loc 1 387 5 discriminator 3 view .LVU91
 387:platform/HAL/src/stm32g4xx_hal_flash.c **** 
 335              		.loc 1 387 5 discriminator 4 view .LVU92
 336 005e 2F4B     		ldr	r3, .L31
 337 0060 0122     		movs	r2, #1
 338 0062 1A61     		str	r2, [r3, #16]
 387:platform/HAL/src/stm32g4xx_hal_flash.c **** 
 339              		.loc 1 387 5 discriminator 6 view .LVU93
 389:platform/HAL/src/stm32g4xx_hal_flash.c ****     {
 340              		.loc 1 389 5 view .LVU94
 389:platform/HAL/src/stm32g4xx_hal_flash.c ****     {
 341              		.loc 1 389 15 is_stmt 0 view .LVU95
ARM GAS  /tmp/ccOQHGH1.s 			page 38


 342 0064 2E4B     		ldr	r3, .L31+4
 343 0066 1B7A     		ldrb	r3, [r3, #8]	@ zero_extendqisi2
 389:platform/HAL/src/stm32g4xx_hal_flash.c ****     {
 344              		.loc 1 389 8 view .LVU96
 345 0068 9342     		cmp	r3, r2
 346 006a 32D1     		bne	.L19
 392:platform/HAL/src/stm32g4xx_hal_flash.c **** 
 347              		.loc 1 392 7 is_stmt 1 view .LVU97
 392:platform/HAL/src/stm32g4xx_hal_flash.c **** 
 348              		.loc 1 392 13 is_stmt 0 view .LVU98
 349 006c 2C4B     		ldr	r3, .L31+4
 350 006e 9A69     		ldr	r2, [r3, #24]
 392:platform/HAL/src/stm32g4xx_hal_flash.c **** 
 351              		.loc 1 392 28 view .LVU99
 352 0070 013A     		subs	r2, r2, #1
 353 0072 9A61     		str	r2, [r3, #24]
 395:platform/HAL/src/stm32g4xx_hal_flash.c ****       {
 354              		.loc 1 395 7 is_stmt 1 view .LVU100
 395:platform/HAL/src/stm32g4xx_hal_flash.c ****       {
 355              		.loc 1 395 17 is_stmt 0 view .LVU101
 356 0074 9B69     		ldr	r3, [r3, #24]
 395:platform/HAL/src/stm32g4xx_hal_flash.c ****       {
 357              		.loc 1 395 10 view .LVU102
 358 0076 03B3     		cbz	r3, .L20
 398:platform/HAL/src/stm32g4xx_hal_flash.c **** 
 359              		.loc 1 398 9 is_stmt 1 view .LVU103
 398:platform/HAL/src/stm32g4xx_hal_flash.c **** 
 360              		.loc 1 398 48 is_stmt 0 view .LVU104
 361 0078 294C     		ldr	r4, .L31+4
 362 007a 6069     		ldr	r0, [r4, #20]
 398:platform/HAL/src/stm32g4xx_hal_flash.c **** 
 363              		.loc 1 398 9 view .LVU105
 364 007c FFF7FEFF 		bl	HAL_FLASH_EndOfOperationCallback
 365              	.LVL18:
 401:platform/HAL/src/stm32g4xx_hal_flash.c ****         tmp_page = pFlash.Page;
 366              		.loc 1 401 9 is_stmt 1 view .LVU106
 401:platform/HAL/src/stm32g4xx_hal_flash.c ****         tmp_page = pFlash.Page;
 367              		.loc 1 401 15 is_stmt 0 view .LVU107
 368 0080 6369     		ldr	r3, [r4, #20]
 401:platform/HAL/src/stm32g4xx_hal_flash.c ****         tmp_page = pFlash.Page;
 369              		.loc 1 401 20 view .LVU108
 370 0082 0133     		adds	r3, r3, #1
 371 0084 6361     		str	r3, [r4, #20]
 402:platform/HAL/src/stm32g4xx_hal_flash.c ****         FLASH_PageErase(tmp_page, pFlash.Bank);
 372              		.loc 1 402 9 is_stmt 1 view .LVU109
 402:platform/HAL/src/stm32g4xx_hal_flash.c ****         FLASH_PageErase(tmp_page, pFlash.Bank);
 373              		.loc 1 402 18 is_stmt 0 view .LVU110
 374 0086 6069     		ldr	r0, [r4, #20]
 375              	.LVL19:
 403:platform/HAL/src/stm32g4xx_hal_flash.c ****       }
 376              		.loc 1 403 9 is_stmt 1 view .LVU111
 403:platform/HAL/src/stm32g4xx_hal_flash.c ****       }
 377              		.loc 1 403 41 is_stmt 0 view .LVU112
 378 0088 2169     		ldr	r1, [r4, #16]
 403:platform/HAL/src/stm32g4xx_hal_flash.c ****       }
 379              		.loc 1 403 9 view .LVU113
 380 008a FFF7FEFF 		bl	FLASH_PageErase
ARM GAS  /tmp/ccOQHGH1.s 			page 39


 381              	.LVL20:
 403:platform/HAL/src/stm32g4xx_hal_flash.c ****       }
 382              		.loc 1 403 9 view .LVU114
 383 008e 2EE0     		b	.L18
 384              	.LVL21:
 385              	.L25:
 342:platform/HAL/src/stm32g4xx_hal_flash.c ****   }
 386              		.loc 1 342 5 is_stmt 1 view .LVU115
 387 0090 224A     		ldr	r2, .L31
 388 0092 5369     		ldr	r3, [r2, #20]
 389 0094 23F48023 		bic	r3, r3, #262144
 390 0098 5361     		str	r3, [r2, #20]
 391 009a BFE7     		b	.L12
 392              	.LVL22:
 393              	.L26:
 363:platform/HAL/src/stm32g4xx_hal_flash.c ****     }
 394              		.loc 1 363 7 view .LVU116
 363:platform/HAL/src/stm32g4xx_hal_flash.c ****     }
 395              		.loc 1 363 46 is_stmt 0 view .LVU117
 396 009c 204B     		ldr	r3, .L31+4
 397              	.LVL23:
 363:platform/HAL/src/stm32g4xx_hal_flash.c ****     }
 398              		.loc 1 363 46 view .LVU118
 399 009e 5869     		ldr	r0, [r3, #20]
 363:platform/HAL/src/stm32g4xx_hal_flash.c ****     }
 400              		.loc 1 363 7 view .LVU119
 401 00a0 FFF7FEFF 		bl	HAL_FLASH_OperationErrorCallback
 402              	.LVL24:
 363:platform/HAL/src/stm32g4xx_hal_flash.c ****     }
 403              		.loc 1 363 7 view .LVU120
 404 00a4 D3E7     		b	.L16
 405              	.LVL25:
 406              	.L27:
 367:platform/HAL/src/stm32g4xx_hal_flash.c ****     }
 407              		.loc 1 367 7 is_stmt 1 view .LVU121
 367:platform/HAL/src/stm32g4xx_hal_flash.c ****     }
 408              		.loc 1 367 46 is_stmt 0 view .LVU122
 409 00a6 1E4B     		ldr	r3, .L31+4
 410              	.LVL26:
 367:platform/HAL/src/stm32g4xx_hal_flash.c ****     }
 411              		.loc 1 367 46 view .LVU123
 412 00a8 1869     		ldr	r0, [r3, #16]
 367:platform/HAL/src/stm32g4xx_hal_flash.c ****     }
 413              		.loc 1 367 7 view .LVU124
 414 00aa FFF7FEFF 		bl	HAL_FLASH_OperationErrorCallback
 415              	.LVL27:
 367:platform/HAL/src/stm32g4xx_hal_flash.c ****     }
 416              		.loc 1 367 7 view .LVU125
 417 00ae CEE7     		b	.L16
 418              	.LVL28:
 419              	.L28:
 372:platform/HAL/src/stm32g4xx_hal_flash.c ****     }
 420              		.loc 1 372 7 is_stmt 1 view .LVU126
 372:platform/HAL/src/stm32g4xx_hal_flash.c ****     }
 421              		.loc 1 372 46 is_stmt 0 view .LVU127
 422 00b0 1B4B     		ldr	r3, .L31+4
 423 00b2 D868     		ldr	r0, [r3, #12]
ARM GAS  /tmp/ccOQHGH1.s 			page 40


 372:platform/HAL/src/stm32g4xx_hal_flash.c ****     }
 424              		.loc 1 372 7 view .LVU128
 425 00b4 FFF7FEFF 		bl	HAL_FLASH_OperationErrorCallback
 426              	.LVL29:
 372:platform/HAL/src/stm32g4xx_hal_flash.c ****     }
 427              		.loc 1 372 7 view .LVU129
 428 00b8 C9E7     		b	.L16
 429              	.LVL30:
 430              	.L20:
 409:platform/HAL/src/stm32g4xx_hal_flash.c ****         pFlash.ProcedureOnGoing = FLASH_PROC_NONE;
 431              		.loc 1 409 9 is_stmt 1 view .LVU130
 409:platform/HAL/src/stm32g4xx_hal_flash.c ****         pFlash.ProcedureOnGoing = FLASH_PROC_NONE;
 432              		.loc 1 409 21 is_stmt 0 view .LVU131
 433 00ba 194C     		ldr	r4, .L31+4
 434 00bc 4FF0FF33 		mov	r3, #-1
 435 00c0 6361     		str	r3, [r4, #20]
 410:platform/HAL/src/stm32g4xx_hal_flash.c **** 
 436              		.loc 1 410 9 is_stmt 1 view .LVU132
 410:platform/HAL/src/stm32g4xx_hal_flash.c **** 
 437              		.loc 1 410 33 is_stmt 0 view .LVU133
 438 00c2 0023     		movs	r3, #0
 439 00c4 2372     		strb	r3, [r4, #8]
 413:platform/HAL/src/stm32g4xx_hal_flash.c **** 
 440              		.loc 1 413 9 is_stmt 1 view .LVU134
 441 00c6 FFF7FEFF 		bl	FLASH_FlushCaches
 442              	.LVL31:
 416:platform/HAL/src/stm32g4xx_hal_flash.c ****       }
 443              		.loc 1 416 9 view .LVU135
 416:platform/HAL/src/stm32g4xx_hal_flash.c ****       }
 444              		.loc 1 416 48 is_stmt 0 view .LVU136
 445 00ca 6069     		ldr	r0, [r4, #20]
 416:platform/HAL/src/stm32g4xx_hal_flash.c ****       }
 446              		.loc 1 416 9 view .LVU137
 447 00cc FFF7FEFF 		bl	HAL_FLASH_EndOfOperationCallback
 448              	.LVL32:
 449 00d0 0DE0     		b	.L18
 450              	.L19:
 422:platform/HAL/src/stm32g4xx_hal_flash.c **** 
 451              		.loc 1 422 7 is_stmt 1 view .LVU138
 452 00d2 FFF7FEFF 		bl	FLASH_FlushCaches
 453              	.LVL33:
 424:platform/HAL/src/stm32g4xx_hal_flash.c ****       if (procedure == FLASH_PROC_MASS_ERASE)
 454              		.loc 1 424 7 view .LVU139
 424:platform/HAL/src/stm32g4xx_hal_flash.c ****       if (procedure == FLASH_PROC_MASS_ERASE)
 455              		.loc 1 424 17 is_stmt 0 view .LVU140
 456 00d6 124B     		ldr	r3, .L31+4
 457 00d8 1A7A     		ldrb	r2, [r3, #8]	@ zero_extendqisi2
 458 00da D3B2     		uxtb	r3, r2
 459              	.LVL34:
 425:platform/HAL/src/stm32g4xx_hal_flash.c ****       {
 460              		.loc 1 425 7 is_stmt 1 view .LVU141
 425:platform/HAL/src/stm32g4xx_hal_flash.c ****       {
 461              		.loc 1 425 10 is_stmt 0 view .LVU142
 462 00dc 022A     		cmp	r2, #2
 463 00de 12D0     		beq	.L29
 431:platform/HAL/src/stm32g4xx_hal_flash.c ****                (procedure == FLASH_PROC_PROGRAM_LAST))
 464              		.loc 1 431 12 is_stmt 1 view .LVU143
ARM GAS  /tmp/ccOQHGH1.s 			page 41


 431:platform/HAL/src/stm32g4xx_hal_flash.c ****                (procedure == FLASH_PROC_PROGRAM_LAST))
 465              		.loc 1 431 50 is_stmt 0 view .LVU144
 466 00e0 033B     		subs	r3, r3, #3
 467              	.LVL35:
 431:platform/HAL/src/stm32g4xx_hal_flash.c ****                (procedure == FLASH_PROC_PROGRAM_LAST))
 468              		.loc 1 431 50 view .LVU145
 469 00e2 DBB2     		uxtb	r3, r3
 470              	.LVL36:
 431:platform/HAL/src/stm32g4xx_hal_flash.c ****                (procedure == FLASH_PROC_PROGRAM_LAST))
 471              		.loc 1 431 15 view .LVU146
 472 00e4 012B     		cmp	r3, #1
 473 00e6 13D9     		bls	.L30
 474              	.LVL37:
 475              	.L22:
 441:platform/HAL/src/stm32g4xx_hal_flash.c **** 
 476              		.loc 1 441 7 is_stmt 1 view .LVU147
 444:platform/HAL/src/stm32g4xx_hal_flash.c ****     }
 477              		.loc 1 444 7 view .LVU148
 444:platform/HAL/src/stm32g4xx_hal_flash.c ****     }
 478              		.loc 1 444 31 is_stmt 0 view .LVU149
 479 00e8 0D4B     		ldr	r3, .L31+4
 480 00ea 0022     		movs	r2, #0
 481 00ec 1A72     		strb	r2, [r3, #8]
 482              	.LVL38:
 483              	.L18:
 448:platform/HAL/src/stm32g4xx_hal_flash.c ****   {
 484              		.loc 1 448 3 is_stmt 1 view .LVU150
 448:platform/HAL/src/stm32g4xx_hal_flash.c ****   {
 485              		.loc 1 448 13 is_stmt 0 view .LVU151
 486 00ee 0C4B     		ldr	r3, .L31+4
 487 00f0 1B7A     		ldrb	r3, [r3, #8]	@ zero_extendqisi2
 448:platform/HAL/src/stm32g4xx_hal_flash.c ****   {
 488              		.loc 1 448 6 view .LVU152
 489 00f2 3BB9     		cbnz	r3, .L11
 451:platform/HAL/src/stm32g4xx_hal_flash.c **** 
 490              		.loc 1 451 5 is_stmt 1 view .LVU153
 451:platform/HAL/src/stm32g4xx_hal_flash.c **** 
 491              		.loc 1 451 5 view .LVU154
 451:platform/HAL/src/stm32g4xx_hal_flash.c **** 
 492              		.loc 1 451 5 discriminator 3 view .LVU155
 451:platform/HAL/src/stm32g4xx_hal_flash.c **** 
 493              		.loc 1 451 5 discriminator 4 view .LVU156
 494 00f4 094A     		ldr	r2, .L31
 495 00f6 5369     		ldr	r3, [r2, #20]
 496 00f8 23F04073 		bic	r3, r3, #50331648
 497 00fc 5361     		str	r3, [r2, #20]
 451:platform/HAL/src/stm32g4xx_hal_flash.c **** 
 498              		.loc 1 451 5 discriminator 6 view .LVU157
 454:platform/HAL/src/stm32g4xx_hal_flash.c ****   }
 499              		.loc 1 454 5 view .LVU158
 454:platform/HAL/src/stm32g4xx_hal_flash.c ****   }
 500              		.loc 1 454 5 view .LVU159
 501 00fe 084B     		ldr	r3, .L31+4
 502 0100 0022     		movs	r2, #0
 503 0102 1A70     		strb	r2, [r3]
 454:platform/HAL/src/stm32g4xx_hal_flash.c ****   }
 504              		.loc 1 454 5 discriminator 1 view .LVU160
ARM GAS  /tmp/ccOQHGH1.s 			page 42


 505              	.L11:
 456:platform/HAL/src/stm32g4xx_hal_flash.c **** 
 506              		.loc 1 456 1 is_stmt 0 view .LVU161
 507 0104 10BD     		pop	{r4, pc}
 508              	.LVL39:
 509              	.L29:
 429:platform/HAL/src/stm32g4xx_hal_flash.c ****       }
 510              		.loc 1 429 9 is_stmt 1 view .LVU162
 429:platform/HAL/src/stm32g4xx_hal_flash.c ****       }
 511              		.loc 1 429 48 is_stmt 0 view .LVU163
 512 0106 064B     		ldr	r3, .L31+4
 513              	.LVL40:
 429:platform/HAL/src/stm32g4xx_hal_flash.c ****       }
 514              		.loc 1 429 48 view .LVU164
 515 0108 1869     		ldr	r0, [r3, #16]
 429:platform/HAL/src/stm32g4xx_hal_flash.c ****       }
 516              		.loc 1 429 9 view .LVU165
 517 010a FFF7FEFF 		bl	HAL_FLASH_EndOfOperationCallback
 518              	.LVL41:
 429:platform/HAL/src/stm32g4xx_hal_flash.c ****       }
 519              		.loc 1 429 9 view .LVU166
 520 010e EBE7     		b	.L22
 521              	.LVL42:
 522              	.L30:
 436:platform/HAL/src/stm32g4xx_hal_flash.c ****       }
 523              		.loc 1 436 9 is_stmt 1 view .LVU167
 436:platform/HAL/src/stm32g4xx_hal_flash.c ****       }
 524              		.loc 1 436 48 is_stmt 0 view .LVU168
 525 0110 034B     		ldr	r3, .L31+4
 526 0112 D868     		ldr	r0, [r3, #12]
 436:platform/HAL/src/stm32g4xx_hal_flash.c ****       }
 527              		.loc 1 436 9 view .LVU169
 528 0114 FFF7FEFF 		bl	HAL_FLASH_EndOfOperationCallback
 529              	.LVL43:
 436:platform/HAL/src/stm32g4xx_hal_flash.c ****       }
 530              		.loc 1 436 9 view .LVU170
 531 0118 E6E7     		b	.L22
 532              	.L32:
 533 011a 00BF     		.align	2
 534              	.L31:
 535 011c 00200240 		.word	1073881088
 536 0120 00000000 		.word	pFlash
 537              		.cfi_endproc
 538              	.LFE331:
 540              		.section	.text.HAL_FLASH_Unlock,"ax",%progbits
 541              		.align	1
 542              		.global	HAL_FLASH_Unlock
 543              		.syntax unified
 544              		.thumb
 545              		.thumb_func
 547              	HAL_FLASH_Unlock:
 548              	.LFB334:
 519:platform/HAL/src/stm32g4xx_hal_flash.c ****   HAL_StatusTypeDef status = HAL_OK;
 549              		.loc 1 519 1 is_stmt 1 view -0
 550              		.cfi_startproc
 551              		@ args = 0, pretend = 0, frame = 0
 552              		@ frame_needed = 0, uses_anonymous_args = 0
ARM GAS  /tmp/ccOQHGH1.s 			page 43


 553              		@ link register save eliminated.
 520:platform/HAL/src/stm32g4xx_hal_flash.c **** 
 554              		.loc 1 520 3 view .LVU172
 555              	.LVL44:
 522:platform/HAL/src/stm32g4xx_hal_flash.c ****   {
 556              		.loc 1 522 3 view .LVU173
 522:platform/HAL/src/stm32g4xx_hal_flash.c ****   {
 557              		.loc 1 522 7 is_stmt 0 view .LVU174
 558 0000 094B     		ldr	r3, .L38
 559 0002 5B69     		ldr	r3, [r3, #20]
 522:platform/HAL/src/stm32g4xx_hal_flash.c ****   {
 560              		.loc 1 522 6 view .LVU175
 561 0004 002B     		cmp	r3, #0
 562 0006 01DB     		blt	.L37
 520:platform/HAL/src/stm32g4xx_hal_flash.c **** 
 563              		.loc 1 520 21 view .LVU176
 564 0008 0020     		movs	r0, #0
 565 000a 7047     		bx	lr
 566              	.L37:
 525:platform/HAL/src/stm32g4xx_hal_flash.c ****     WRITE_REG(FLASH->KEYR, FLASH_KEY2);
 567              		.loc 1 525 5 is_stmt 1 view .LVU177
 568 000c 064B     		ldr	r3, .L38
 569 000e 074A     		ldr	r2, .L38+4
 570 0010 9A60     		str	r2, [r3, #8]
 526:platform/HAL/src/stm32g4xx_hal_flash.c **** 
 571              		.loc 1 526 5 view .LVU178
 572 0012 02F18832 		add	r2, r2, #-2004318072
 573 0016 9A60     		str	r2, [r3, #8]
 529:platform/HAL/src/stm32g4xx_hal_flash.c ****     {
 574              		.loc 1 529 5 view .LVU179
 529:platform/HAL/src/stm32g4xx_hal_flash.c ****     {
 575              		.loc 1 529 9 is_stmt 0 view .LVU180
 576 0018 5B69     		ldr	r3, [r3, #20]
 529:platform/HAL/src/stm32g4xx_hal_flash.c ****     {
 577              		.loc 1 529 8 view .LVU181
 578 001a 002B     		cmp	r3, #0
 579 001c 01DB     		blt	.L36
 520:platform/HAL/src/stm32g4xx_hal_flash.c **** 
 580              		.loc 1 520 21 view .LVU182
 581 001e 0020     		movs	r0, #0
 582 0020 7047     		bx	lr
 583              	.L36:
 531:platform/HAL/src/stm32g4xx_hal_flash.c ****     }
 584              		.loc 1 531 14 view .LVU183
 585 0022 0120     		movs	r0, #1
 586              	.LVL45:
 535:platform/HAL/src/stm32g4xx_hal_flash.c **** }
 587              		.loc 1 535 3 is_stmt 1 view .LVU184
 536:platform/HAL/src/stm32g4xx_hal_flash.c **** 
 588              		.loc 1 536 1 is_stmt 0 view .LVU185
 589 0024 7047     		bx	lr
 590              	.L39:
 591 0026 00BF     		.align	2
 592              	.L38:
 593 0028 00200240 		.word	1073881088
 594 002c 23016745 		.word	1164378403
 595              		.cfi_endproc
ARM GAS  /tmp/ccOQHGH1.s 			page 44


 596              	.LFE334:
 598              		.section	.text.HAL_FLASH_Lock,"ax",%progbits
 599              		.align	1
 600              		.global	HAL_FLASH_Lock
 601              		.syntax unified
 602              		.thumb
 603              		.thumb_func
 605              	HAL_FLASH_Lock:
 606              	.LFB335:
 543:platform/HAL/src/stm32g4xx_hal_flash.c ****   HAL_StatusTypeDef status = HAL_ERROR;
 607              		.loc 1 543 1 is_stmt 1 view -0
 608              		.cfi_startproc
 609              		@ args = 0, pretend = 0, frame = 0
 610              		@ frame_needed = 0, uses_anonymous_args = 0
 611              		@ link register save eliminated.
 544:platform/HAL/src/stm32g4xx_hal_flash.c **** 
 612              		.loc 1 544 3 view .LVU187
 613              	.LVL46:
 547:platform/HAL/src/stm32g4xx_hal_flash.c **** 
 614              		.loc 1 547 3 view .LVU188
 615 0000 054B     		ldr	r3, .L43
 616 0002 5A69     		ldr	r2, [r3, #20]
 617 0004 42F00042 		orr	r2, r2, #-2147483648
 618 0008 5A61     		str	r2, [r3, #20]
 550:platform/HAL/src/stm32g4xx_hal_flash.c ****   {
 619              		.loc 1 550 3 view .LVU189
 550:platform/HAL/src/stm32g4xx_hal_flash.c ****   {
 620              		.loc 1 550 7 is_stmt 0 view .LVU190
 621 000a 5B69     		ldr	r3, [r3, #20]
 550:platform/HAL/src/stm32g4xx_hal_flash.c ****   {
 622              		.loc 1 550 6 view .LVU191
 623 000c 002B     		cmp	r3, #0
 624 000e 01DB     		blt	.L42
 544:platform/HAL/src/stm32g4xx_hal_flash.c **** 
 625              		.loc 1 544 21 view .LVU192
 626 0010 0120     		movs	r0, #1
 627 0012 7047     		bx	lr
 628              	.L42:
 552:platform/HAL/src/stm32g4xx_hal_flash.c ****   }
 629              		.loc 1 552 12 view .LVU193
 630 0014 0020     		movs	r0, #0
 631              	.LVL47:
 555:platform/HAL/src/stm32g4xx_hal_flash.c **** }
 632              		.loc 1 555 3 is_stmt 1 view .LVU194
 556:platform/HAL/src/stm32g4xx_hal_flash.c **** 
 633              		.loc 1 556 1 is_stmt 0 view .LVU195
 634 0016 7047     		bx	lr
 635              	.L44:
 636              		.align	2
 637              	.L43:
 638 0018 00200240 		.word	1073881088
 639              		.cfi_endproc
 640              	.LFE335:
 642              		.section	.text.HAL_FLASH_OB_Unlock,"ax",%progbits
 643              		.align	1
 644              		.global	HAL_FLASH_OB_Unlock
 645              		.syntax unified
ARM GAS  /tmp/ccOQHGH1.s 			page 45


 646              		.thumb
 647              		.thumb_func
 649              	HAL_FLASH_OB_Unlock:
 650              	.LFB336:
 563:platform/HAL/src/stm32g4xx_hal_flash.c ****   HAL_StatusTypeDef status = HAL_OK;
 651              		.loc 1 563 1 is_stmt 1 view -0
 652              		.cfi_startproc
 653              		@ args = 0, pretend = 0, frame = 0
 654              		@ frame_needed = 0, uses_anonymous_args = 0
 655              		@ link register save eliminated.
 564:platform/HAL/src/stm32g4xx_hal_flash.c **** 
 656              		.loc 1 564 3 view .LVU197
 657              	.LVL48:
 566:platform/HAL/src/stm32g4xx_hal_flash.c ****   {
 658              		.loc 1 566 3 view .LVU198
 566:platform/HAL/src/stm32g4xx_hal_flash.c ****   {
 659              		.loc 1 566 7 is_stmt 0 view .LVU199
 660 0000 0A4B     		ldr	r3, .L49
 661 0002 5B69     		ldr	r3, [r3, #20]
 566:platform/HAL/src/stm32g4xx_hal_flash.c ****   {
 662              		.loc 1 566 6 view .LVU200
 663 0004 13F0804F 		tst	r3, #1073741824
 664 0008 0BD0     		beq	.L47
 569:platform/HAL/src/stm32g4xx_hal_flash.c ****     WRITE_REG(FLASH->OPTKEYR, FLASH_OPTKEY2);
 665              		.loc 1 569 5 is_stmt 1 view .LVU201
 666 000a 084B     		ldr	r3, .L49
 667 000c 084A     		ldr	r2, .L49+4
 668 000e DA60     		str	r2, [r3, #12]
 570:platform/HAL/src/stm32g4xx_hal_flash.c **** 
 669              		.loc 1 570 5 view .LVU202
 670 0010 02F14432 		add	r2, r2, #1145324612
 671 0014 DA60     		str	r2, [r3, #12]
 573:platform/HAL/src/stm32g4xx_hal_flash.c ****     {
 672              		.loc 1 573 5 view .LVU203
 573:platform/HAL/src/stm32g4xx_hal_flash.c ****     {
 673              		.loc 1 573 9 is_stmt 0 view .LVU204
 674 0016 5B69     		ldr	r3, [r3, #20]
 573:platform/HAL/src/stm32g4xx_hal_flash.c ****     {
 675              		.loc 1 573 8 view .LVU205
 676 0018 13F0804F 		tst	r3, #1073741824
 677 001c 03D1     		bne	.L48
 564:platform/HAL/src/stm32g4xx_hal_flash.c **** 
 678              		.loc 1 564 21 view .LVU206
 679 001e 0020     		movs	r0, #0
 680 0020 7047     		bx	lr
 681              	.L47:
 682 0022 0020     		movs	r0, #0
 683 0024 7047     		bx	lr
 684              	.L48:
 575:platform/HAL/src/stm32g4xx_hal_flash.c ****     }
 685              		.loc 1 575 14 view .LVU207
 686 0026 0120     		movs	r0, #1
 687              	.LVL49:
 579:platform/HAL/src/stm32g4xx_hal_flash.c **** }
 688              		.loc 1 579 3 is_stmt 1 view .LVU208
 580:platform/HAL/src/stm32g4xx_hal_flash.c **** 
 689              		.loc 1 580 1 is_stmt 0 view .LVU209
ARM GAS  /tmp/ccOQHGH1.s 			page 46


 690 0028 7047     		bx	lr
 691              	.L50:
 692 002a 00BF     		.align	2
 693              	.L49:
 694 002c 00200240 		.word	1073881088
 695 0030 3B2A1908 		.word	135866939
 696              		.cfi_endproc
 697              	.LFE336:
 699              		.section	.text.HAL_FLASH_OB_Lock,"ax",%progbits
 700              		.align	1
 701              		.global	HAL_FLASH_OB_Lock
 702              		.syntax unified
 703              		.thumb
 704              		.thumb_func
 706              	HAL_FLASH_OB_Lock:
 707              	.LFB337:
 587:platform/HAL/src/stm32g4xx_hal_flash.c ****   HAL_StatusTypeDef status = HAL_ERROR;
 708              		.loc 1 587 1 is_stmt 1 view -0
 709              		.cfi_startproc
 710              		@ args = 0, pretend = 0, frame = 0
 711              		@ frame_needed = 0, uses_anonymous_args = 0
 712              		@ link register save eliminated.
 588:platform/HAL/src/stm32g4xx_hal_flash.c **** 
 713              		.loc 1 588 3 view .LVU211
 714              	.LVL50:
 591:platform/HAL/src/stm32g4xx_hal_flash.c **** 
 715              		.loc 1 591 3 view .LVU212
 716 0000 064B     		ldr	r3, .L54
 717 0002 5A69     		ldr	r2, [r3, #20]
 718 0004 42F08042 		orr	r2, r2, #1073741824
 719 0008 5A61     		str	r2, [r3, #20]
 594:platform/HAL/src/stm32g4xx_hal_flash.c ****   {
 720              		.loc 1 594 3 view .LVU213
 594:platform/HAL/src/stm32g4xx_hal_flash.c ****   {
 721              		.loc 1 594 7 is_stmt 0 view .LVU214
 722 000a 5B69     		ldr	r3, [r3, #20]
 594:platform/HAL/src/stm32g4xx_hal_flash.c ****   {
 723              		.loc 1 594 6 view .LVU215
 724 000c 13F0804F 		tst	r3, #1073741824
 725 0010 01D1     		bne	.L53
 588:platform/HAL/src/stm32g4xx_hal_flash.c **** 
 726              		.loc 1 588 21 view .LVU216
 727 0012 0120     		movs	r0, #1
 728 0014 7047     		bx	lr
 729              	.L53:
 596:platform/HAL/src/stm32g4xx_hal_flash.c ****   }
 730              		.loc 1 596 12 view .LVU217
 731 0016 0020     		movs	r0, #0
 732              	.LVL51:
 599:platform/HAL/src/stm32g4xx_hal_flash.c **** }
 733              		.loc 1 599 3 is_stmt 1 view .LVU218
 600:platform/HAL/src/stm32g4xx_hal_flash.c **** 
 734              		.loc 1 600 1 is_stmt 0 view .LVU219
 735 0018 7047     		bx	lr
 736              	.L55:
 737 001a 00BF     		.align	2
 738              	.L54:
ARM GAS  /tmp/ccOQHGH1.s 			page 47


 739 001c 00200240 		.word	1073881088
 740              		.cfi_endproc
 741              	.LFE337:
 743              		.section	.text.HAL_FLASH_GetError,"ax",%progbits
 744              		.align	1
 745              		.global	HAL_FLASH_GetError
 746              		.syntax unified
 747              		.thumb
 748              		.thumb_func
 750              	HAL_FLASH_GetError:
 751              	.LFB339:
 655:platform/HAL/src/stm32g4xx_hal_flash.c ****   return pFlash.ErrorCode;
 752              		.loc 1 655 1 is_stmt 1 view -0
 753              		.cfi_startproc
 754              		@ args = 0, pretend = 0, frame = 0
 755              		@ frame_needed = 0, uses_anonymous_args = 0
 756              		@ link register save eliminated.
 656:platform/HAL/src/stm32g4xx_hal_flash.c **** }
 757              		.loc 1 656 3 view .LVU221
 656:platform/HAL/src/stm32g4xx_hal_flash.c **** }
 758              		.loc 1 656 16 is_stmt 0 view .LVU222
 759 0000 014B     		ldr	r3, .L57
 760 0002 5868     		ldr	r0, [r3, #4]
 657:platform/HAL/src/stm32g4xx_hal_flash.c **** 
 761              		.loc 1 657 1 view .LVU223
 762 0004 7047     		bx	lr
 763              	.L58:
 764 0006 00BF     		.align	2
 765              	.L57:
 766 0008 00000000 		.word	pFlash
 767              		.cfi_endproc
 768              	.LFE339:
 770              		.section	.text.FLASH_WaitForLastOperation,"ax",%progbits
 771              		.align	1
 772              		.global	FLASH_WaitForLastOperation
 773              		.syntax unified
 774              		.thumb
 775              		.thumb_func
 777              	FLASH_WaitForLastOperation:
 778              	.LVL52:
 779              	.LFB340:
 679:platform/HAL/src/stm32g4xx_hal_flash.c ****   /* Wait for the FLASH operation to complete by polling on BUSY flag to be reset.
 780              		.loc 1 679 1 is_stmt 1 view -0
 781              		.cfi_startproc
 782              		@ args = 0, pretend = 0, frame = 0
 783              		@ frame_needed = 0, uses_anonymous_args = 0
 679:platform/HAL/src/stm32g4xx_hal_flash.c ****   /* Wait for the FLASH operation to complete by polling on BUSY flag to be reset.
 784              		.loc 1 679 1 is_stmt 0 view .LVU225
 785 0000 38B5     		push	{r3, r4, r5, lr}
 786              	.LCFI3:
 787              		.cfi_def_cfa_offset 16
 788              		.cfi_offset 3, -16
 789              		.cfi_offset 4, -12
 790              		.cfi_offset 5, -8
 791              		.cfi_offset 14, -4
 792 0002 0546     		mov	r5, r0
 684:platform/HAL/src/stm32g4xx_hal_flash.c ****   uint32_t error;
ARM GAS  /tmp/ccOQHGH1.s 			page 48


 793              		.loc 1 684 3 is_stmt 1 view .LVU226
 684:platform/HAL/src/stm32g4xx_hal_flash.c ****   uint32_t error;
 794              		.loc 1 684 24 is_stmt 0 view .LVU227
 795 0004 FFF7FEFF 		bl	HAL_GetTick
 796              	.LVL53:
 684:platform/HAL/src/stm32g4xx_hal_flash.c ****   uint32_t error;
 797              		.loc 1 684 24 view .LVU228
 798 0008 0446     		mov	r4, r0
 799              	.LVL54:
 685:platform/HAL/src/stm32g4xx_hal_flash.c **** 
 800              		.loc 1 685 3 is_stmt 1 view .LVU229
 687:platform/HAL/src/stm32g4xx_hal_flash.c ****   {
 801              		.loc 1 687 3 view .LVU230
 802              	.L60:
 687:platform/HAL/src/stm32g4xx_hal_flash.c ****   {
 803              		.loc 1 687 10 view .LVU231
 804 000a 134B     		ldr	r3, .L70
 805 000c 1B69     		ldr	r3, [r3, #16]
 806 000e 13F4803F 		tst	r3, #65536
 807 0012 06D0     		beq	.L68
 689:platform/HAL/src/stm32g4xx_hal_flash.c ****     {
 808              		.loc 1 689 5 view .LVU232
 689:platform/HAL/src/stm32g4xx_hal_flash.c ****     {
 809              		.loc 1 689 10 is_stmt 0 view .LVU233
 810 0014 FFF7FEFF 		bl	HAL_GetTick
 811              	.LVL55:
 689:platform/HAL/src/stm32g4xx_hal_flash.c ****     {
 812              		.loc 1 689 24 discriminator 1 view .LVU234
 813 0018 001B     		subs	r0, r0, r4
 689:platform/HAL/src/stm32g4xx_hal_flash.c ****     {
 814              		.loc 1 689 8 discriminator 1 view .LVU235
 815 001a A842     		cmp	r0, r5
 816 001c F5D9     		bls	.L60
 691:platform/HAL/src/stm32g4xx_hal_flash.c ****     }
 817              		.loc 1 691 14 view .LVU236
 818 001e 0320     		movs	r0, #3
 819              	.L61:
 717:platform/HAL/src/stm32g4xx_hal_flash.c **** 
 820              		.loc 1 717 1 view .LVU237
 821 0020 38BD     		pop	{r3, r4, r5, pc}
 822              	.LVL56:
 823              	.L68:
 696:platform/HAL/src/stm32g4xx_hal_flash.c ****   if (error != 0u)
 824              		.loc 1 696 3 is_stmt 1 view .LVU238
 696:platform/HAL/src/stm32g4xx_hal_flash.c ****   if (error != 0u)
 825              		.loc 1 696 17 is_stmt 0 view .LVU239
 826 0022 0D4B     		ldr	r3, .L70
 827 0024 1B69     		ldr	r3, [r3, #16]
 696:platform/HAL/src/stm32g4xx_hal_flash.c ****   if (error != 0u)
 828              		.loc 1 696 9 view .LVU240
 829 0026 4CF2FA32 		movw	r2, #50170
 830              	.LVL57:
 697:platform/HAL/src/stm32g4xx_hal_flash.c ****   {
 831              		.loc 1 697 3 is_stmt 1 view .LVU241
 697:platform/HAL/src/stm32g4xx_hal_flash.c ****   {
 832              		.loc 1 697 6 is_stmt 0 view .LVU242
 833 002a 1340     		ands	r3, r3, r2
ARM GAS  /tmp/ccOQHGH1.s 			page 49


 834              	.LVL58:
 697:platform/HAL/src/stm32g4xx_hal_flash.c ****   {
 835              		.loc 1 697 6 view .LVU243
 836 002c 09D1     		bne	.L69
 709:platform/HAL/src/stm32g4xx_hal_flash.c ****   {
 837              		.loc 1 709 3 is_stmt 1 view .LVU244
 709:platform/HAL/src/stm32g4xx_hal_flash.c ****   {
 838              		.loc 1 709 7 is_stmt 0 view .LVU245
 839 002e 0A4B     		ldr	r3, .L70
 840              	.LVL59:
 709:platform/HAL/src/stm32g4xx_hal_flash.c ****   {
 841              		.loc 1 709 7 view .LVU246
 842 0030 1B69     		ldr	r3, [r3, #16]
 709:platform/HAL/src/stm32g4xx_hal_flash.c ****   {
 843              		.loc 1 709 6 view .LVU247
 844 0032 13F0010F 		tst	r3, #1
 845 0036 0CD0     		beq	.L66
 712:platform/HAL/src/stm32g4xx_hal_flash.c ****   }
 846              		.loc 1 712 5 is_stmt 1 view .LVU248
 712:platform/HAL/src/stm32g4xx_hal_flash.c ****   }
 847              		.loc 1 712 5 view .LVU249
 712:platform/HAL/src/stm32g4xx_hal_flash.c ****   }
 848              		.loc 1 712 5 discriminator 3 view .LVU250
 712:platform/HAL/src/stm32g4xx_hal_flash.c ****   }
 849              		.loc 1 712 5 discriminator 4 view .LVU251
 850 0038 074B     		ldr	r3, .L70
 851 003a 0122     		movs	r2, #1
 852 003c 1A61     		str	r2, [r3, #16]
 716:platform/HAL/src/stm32g4xx_hal_flash.c **** }
 853              		.loc 1 716 10 is_stmt 0 view .LVU252
 854 003e 0020     		movs	r0, #0
 855 0040 EEE7     		b	.L61
 856              	.LVL60:
 857              	.L69:
 700:platform/HAL/src/stm32g4xx_hal_flash.c **** 
 858              		.loc 1 700 5 is_stmt 1 view .LVU253
 700:platform/HAL/src/stm32g4xx_hal_flash.c **** 
 859              		.loc 1 700 11 is_stmt 0 view .LVU254
 860 0042 0649     		ldr	r1, .L70+4
 861 0044 4A68     		ldr	r2, [r1, #4]
 700:platform/HAL/src/stm32g4xx_hal_flash.c **** 
 862              		.loc 1 700 22 view .LVU255
 863 0046 1A43     		orrs	r2, r2, r3
 864 0048 4A60     		str	r2, [r1, #4]
 703:platform/HAL/src/stm32g4xx_hal_flash.c **** 
 865              		.loc 1 703 5 is_stmt 1 view .LVU256
 703:platform/HAL/src/stm32g4xx_hal_flash.c **** 
 866              		.loc 1 703 5 view .LVU257
 703:platform/HAL/src/stm32g4xx_hal_flash.c **** 
 867              		.loc 1 703 5 discriminator 3 view .LVU258
 703:platform/HAL/src/stm32g4xx_hal_flash.c **** 
 868              		.loc 1 703 5 discriminator 4 view .LVU259
 869 004a 034A     		ldr	r2, .L70
 870 004c 1361     		str	r3, [r2, #16]
 703:platform/HAL/src/stm32g4xx_hal_flash.c **** 
 871              		.loc 1 703 5 discriminator 6 view .LVU260
 705:platform/HAL/src/stm32g4xx_hal_flash.c ****   }
ARM GAS  /tmp/ccOQHGH1.s 			page 50


 872              		.loc 1 705 5 view .LVU261
 705:platform/HAL/src/stm32g4xx_hal_flash.c ****   }
 873              		.loc 1 705 12 is_stmt 0 view .LVU262
 874 004e 0120     		movs	r0, #1
 875 0050 E6E7     		b	.L61
 876              	.LVL61:
 877              	.L66:
 716:platform/HAL/src/stm32g4xx_hal_flash.c **** }
 878              		.loc 1 716 10 view .LVU263
 879 0052 0020     		movs	r0, #0
 880 0054 E4E7     		b	.L61
 881              	.L71:
 882 0056 00BF     		.align	2
 883              	.L70:
 884 0058 00200240 		.word	1073881088
 885 005c 00000000 		.word	pFlash
 886              		.cfi_endproc
 887              	.LFE340:
 889              		.section	.text.HAL_FLASH_Program,"ax",%progbits
 890              		.align	1
 891              		.global	HAL_FLASH_Program
 892              		.syntax unified
 893              		.thumb
 894              		.thumb_func
 896              	HAL_FLASH_Program:
 897              	.LVL62:
 898              	.LFB329:
 174:platform/HAL/src/stm32g4xx_hal_flash.c ****   HAL_StatusTypeDef status;
 899              		.loc 1 174 1 is_stmt 1 view -0
 900              		.cfi_startproc
 901              		@ args = 0, pretend = 0, frame = 0
 902              		@ frame_needed = 0, uses_anonymous_args = 0
 174:platform/HAL/src/stm32g4xx_hal_flash.c ****   HAL_StatusTypeDef status;
 903              		.loc 1 174 1 is_stmt 0 view .LVU265
 904 0000 2DE9F041 		push	{r4, r5, r6, r7, r8, lr}
 905              	.LCFI4:
 906              		.cfi_def_cfa_offset 24
 907              		.cfi_offset 4, -24
 908              		.cfi_offset 5, -20
 909              		.cfi_offset 6, -16
 910              		.cfi_offset 7, -12
 911              		.cfi_offset 8, -8
 912              		.cfi_offset 14, -4
 913 0004 1646     		mov	r6, r2
 175:platform/HAL/src/stm32g4xx_hal_flash.c ****   uint32_t prog_bit = 0;
 914              		.loc 1 175 3 is_stmt 1 view .LVU266
 176:platform/HAL/src/stm32g4xx_hal_flash.c **** 
 915              		.loc 1 176 3 view .LVU267
 916              	.LVL63:
 179:platform/HAL/src/stm32g4xx_hal_flash.c **** 
 917              		.loc 1 179 3 view .LVU268
 182:platform/HAL/src/stm32g4xx_hal_flash.c **** 
 918              		.loc 1 182 3 view .LVU269
 182:platform/HAL/src/stm32g4xx_hal_flash.c **** 
 919              		.loc 1 182 3 view .LVU270
 920 0006 284A     		ldr	r2, .L86
 921              	.LVL64:
ARM GAS  /tmp/ccOQHGH1.s 			page 51


 182:platform/HAL/src/stm32g4xx_hal_flash.c **** 
 922              		.loc 1 182 3 is_stmt 0 view .LVU271
 923 0008 1278     		ldrb	r2, [r2]	@ zero_extendqisi2
 924 000a 012A     		cmp	r2, #1
 925 000c 49D0     		beq	.L80
 926 000e 0446     		mov	r4, r0
 927 0010 0D46     		mov	r5, r1
 928 0012 9846     		mov	r8, r3
 182:platform/HAL/src/stm32g4xx_hal_flash.c **** 
 929              		.loc 1 182 3 is_stmt 1 discriminator 2 view .LVU272
 930 0014 244B     		ldr	r3, .L86
 931 0016 0122     		movs	r2, #1
 932 0018 1A70     		strb	r2, [r3]
 182:platform/HAL/src/stm32g4xx_hal_flash.c **** 
 933              		.loc 1 182 3 view .LVU273
 185:platform/HAL/src/stm32g4xx_hal_flash.c **** 
 934              		.loc 1 185 3 view .LVU274
 185:platform/HAL/src/stm32g4xx_hal_flash.c **** 
 935              		.loc 1 185 12 is_stmt 0 view .LVU275
 936 001a 4FF47A70 		mov	r0, #1000
 937              	.LVL65:
 185:platform/HAL/src/stm32g4xx_hal_flash.c **** 
 938              		.loc 1 185 12 view .LVU276
 939 001e FFF7FEFF 		bl	FLASH_WaitForLastOperation
 940              	.LVL66:
 187:platform/HAL/src/stm32g4xx_hal_flash.c ****   {
 941              		.loc 1 187 3 is_stmt 1 view .LVU277
 187:platform/HAL/src/stm32g4xx_hal_flash.c ****   {
 942              		.loc 1 187 6 is_stmt 0 view .LVU278
 943 0022 0746     		mov	r7, r0
 944 0024 08BB     		cbnz	r0, .L74
 189:platform/HAL/src/stm32g4xx_hal_flash.c **** 
 945              		.loc 1 189 5 is_stmt 1 view .LVU279
 189:platform/HAL/src/stm32g4xx_hal_flash.c **** 
 946              		.loc 1 189 22 is_stmt 0 view .LVU280
 947 0026 204B     		ldr	r3, .L86
 948 0028 0022     		movs	r2, #0
 949 002a 5A60     		str	r2, [r3, #4]
 192:platform/HAL/src/stm32g4xx_hal_flash.c ****     {
 950              		.loc 1 192 5 is_stmt 1 view .LVU281
 192:platform/HAL/src/stm32g4xx_hal_flash.c ****     {
 951              		.loc 1 192 8 is_stmt 0 view .LVU282
 952 002c 1F4B     		ldr	r3, .L86+4
 953 002e 1B68     		ldr	r3, [r3]
 192:platform/HAL/src/stm32g4xx_hal_flash.c ****     {
 954              		.loc 1 192 7 view .LVU283
 955 0030 13F4806F 		tst	r3, #1024
 956 0034 1FD0     		beq	.L75
 195:platform/HAL/src/stm32g4xx_hal_flash.c ****       pFlash.CacheToReactivate = FLASH_CACHE_DCACHE_ENABLED;
 957              		.loc 1 195 7 is_stmt 1 view .LVU284
 958 0036 1D4A     		ldr	r2, .L86+4
 959 0038 1368     		ldr	r3, [r2]
 960 003a 23F48063 		bic	r3, r3, #1024
 961 003e 1360     		str	r3, [r2]
 196:platform/HAL/src/stm32g4xx_hal_flash.c ****     }
 962              		.loc 1 196 7 view .LVU285
 196:platform/HAL/src/stm32g4xx_hal_flash.c ****     }
ARM GAS  /tmp/ccOQHGH1.s 			page 52


 963              		.loc 1 196 32 is_stmt 0 view .LVU286
 964 0040 194B     		ldr	r3, .L86
 965 0042 0222     		movs	r2, #2
 966 0044 1A77     		strb	r2, [r3, #28]
 967              	.L76:
 202:platform/HAL/src/stm32g4xx_hal_flash.c ****     {
 968              		.loc 1 202 5 is_stmt 1 view .LVU287
 202:platform/HAL/src/stm32g4xx_hal_flash.c ****     {
 969              		.loc 1 202 8 is_stmt 0 view .LVU288
 970 0046 D4B1     		cbz	r4, .L84
 208:platform/HAL/src/stm32g4xx_hal_flash.c ****     {
 971              		.loc 1 208 10 is_stmt 1 view .LVU289
 208:platform/HAL/src/stm32g4xx_hal_flash.c ****     {
 972              		.loc 1 208 54 is_stmt 0 view .LVU290
 973 0048 631E     		subs	r3, r4, #1
 208:platform/HAL/src/stm32g4xx_hal_flash.c ****     {
 974              		.loc 1 208 13 view .LVU291
 975 004a 012B     		cmp	r3, #1
 976 004c 1ED9     		bls	.L85
 176:platform/HAL/src/stm32g4xx_hal_flash.c **** 
 977              		.loc 1 176 12 view .LVU292
 978 004e 0024     		movs	r4, #0
 979              	.LVL67:
 980              	.L78:
 222:platform/HAL/src/stm32g4xx_hal_flash.c **** 
 981              		.loc 1 222 5 is_stmt 1 view .LVU293
 225:platform/HAL/src/stm32g4xx_hal_flash.c **** 
 982              		.loc 1 225 5 view .LVU294
 225:platform/HAL/src/stm32g4xx_hal_flash.c **** 
 983              		.loc 1 225 14 is_stmt 0 view .LVU295
 984 0050 4FF47A70 		mov	r0, #1000
 985 0054 FFF7FEFF 		bl	FLASH_WaitForLastOperation
 986              	.LVL68:
 987 0058 0746     		mov	r7, r0
 988              	.LVL69:
 228:platform/HAL/src/stm32g4xx_hal_flash.c ****     {
 989              		.loc 1 228 5 is_stmt 1 view .LVU296
 228:platform/HAL/src/stm32g4xx_hal_flash.c ****     {
 990              		.loc 1 228 8 is_stmt 0 view .LVU297
 991 005a 24B1     		cbz	r4, .L79
 230:platform/HAL/src/stm32g4xx_hal_flash.c ****     }
 992              		.loc 1 230 7 is_stmt 1 view .LVU298
 993 005c 134A     		ldr	r2, .L86+4
 994 005e 5369     		ldr	r3, [r2, #20]
 995 0060 23EA0403 		bic	r3, r3, r4
 996 0064 5361     		str	r3, [r2, #20]
 997              	.L79:
 234:platform/HAL/src/stm32g4xx_hal_flash.c ****   }
 998              		.loc 1 234 5 view .LVU299
 999 0066 FFF7FEFF 		bl	FLASH_FlushCaches
 1000              	.LVL70:
 1001              	.L74:
 238:platform/HAL/src/stm32g4xx_hal_flash.c **** 
 1002              		.loc 1 238 3 view .LVU300
 238:platform/HAL/src/stm32g4xx_hal_flash.c **** 
 1003              		.loc 1 238 3 view .LVU301
 1004 006a 0F4B     		ldr	r3, .L86
ARM GAS  /tmp/ccOQHGH1.s 			page 53


 1005 006c 0022     		movs	r2, #0
 1006 006e 1A70     		strb	r2, [r3]
 238:platform/HAL/src/stm32g4xx_hal_flash.c **** 
 1007              		.loc 1 238 3 view .LVU302
 241:platform/HAL/src/stm32g4xx_hal_flash.c **** }
 1008              		.loc 1 241 3 view .LVU303
 1009              	.LVL71:
 1010              	.L73:
 242:platform/HAL/src/stm32g4xx_hal_flash.c **** 
 1011              		.loc 1 242 1 is_stmt 0 view .LVU304
 1012 0070 3846     		mov	r0, r7
 1013 0072 BDE8F081 		pop	{r4, r5, r6, r7, r8, pc}
 1014              	.LVL72:
 1015              	.L75:
 200:platform/HAL/src/stm32g4xx_hal_flash.c ****     }
 1016              		.loc 1 200 7 is_stmt 1 view .LVU305
 200:platform/HAL/src/stm32g4xx_hal_flash.c ****     }
 1017              		.loc 1 200 32 is_stmt 0 view .LVU306
 1018 0076 0C4B     		ldr	r3, .L86
 1019 0078 0022     		movs	r2, #0
 1020 007a 1A77     		strb	r2, [r3, #28]
 1021 007c E3E7     		b	.L76
 1022              	.L84:
 205:platform/HAL/src/stm32g4xx_hal_flash.c ****       prog_bit = FLASH_CR_PG;
 1023              		.loc 1 205 7 is_stmt 1 view .LVU307
 1024 007e 3246     		mov	r2, r6
 1025 0080 4346     		mov	r3, r8
 1026 0082 2846     		mov	r0, r5
 1027              	.LVL73:
 205:platform/HAL/src/stm32g4xx_hal_flash.c ****       prog_bit = FLASH_CR_PG;
 1028              		.loc 1 205 7 is_stmt 0 view .LVU308
 1029 0084 FFF7FEFF 		bl	FLASH_Program_DoubleWord
 1030              	.LVL74:
 206:platform/HAL/src/stm32g4xx_hal_flash.c ****     }
 1031              		.loc 1 206 7 is_stmt 1 view .LVU309
 206:platform/HAL/src/stm32g4xx_hal_flash.c ****     }
 1032              		.loc 1 206 16 is_stmt 0 view .LVU310
 1033 0088 0124     		movs	r4, #1
 1034              	.LVL75:
 206:platform/HAL/src/stm32g4xx_hal_flash.c ****     }
 1035              		.loc 1 206 16 view .LVU311
 1036 008a E1E7     		b	.L78
 1037              	.LVL76:
 1038              	.L85:
 211:platform/HAL/src/stm32g4xx_hal_flash.c **** 
 1039              		.loc 1 211 7 is_stmt 1 view .LVU312
 1040 008c 3146     		mov	r1, r6
 1041 008e 2846     		mov	r0, r5
 1042              	.LVL77:
 211:platform/HAL/src/stm32g4xx_hal_flash.c **** 
 1043              		.loc 1 211 7 is_stmt 0 view .LVU313
 1044 0090 FFF7FEFF 		bl	FLASH_Program_Fast
 1045              	.LVL78:
 214:platform/HAL/src/stm32g4xx_hal_flash.c ****       {
 1046              		.loc 1 214 7 is_stmt 1 view .LVU314
 214:platform/HAL/src/stm32g4xx_hal_flash.c ****       {
 1047              		.loc 1 214 10 is_stmt 0 view .LVU315
ARM GAS  /tmp/ccOQHGH1.s 			page 54


 1048 0094 022C     		cmp	r4, #2
 1049 0096 01D0     		beq	.L82
 176:platform/HAL/src/stm32g4xx_hal_flash.c **** 
 1050              		.loc 1 176 12 view .LVU316
 1051 0098 0024     		movs	r4, #0
 1052              	.LVL79:
 176:platform/HAL/src/stm32g4xx_hal_flash.c **** 
 1053              		.loc 1 176 12 view .LVU317
 1054 009a D9E7     		b	.L78
 1055              	.LVL80:
 1056              	.L82:
 216:platform/HAL/src/stm32g4xx_hal_flash.c ****       }
 1057              		.loc 1 216 18 view .LVU318
 1058 009c 4FF48024 		mov	r4, #262144
 1059              	.LVL81:
 216:platform/HAL/src/stm32g4xx_hal_flash.c ****       }
 1060              		.loc 1 216 18 view .LVU319
 1061 00a0 D6E7     		b	.L78
 1062              	.LVL82:
 1063              	.L80:
 182:platform/HAL/src/stm32g4xx_hal_flash.c **** 
 1064              		.loc 1 182 3 discriminator 1 view .LVU320
 1065 00a2 0227     		movs	r7, #2
 1066 00a4 E4E7     		b	.L73
 1067              	.L87:
 1068 00a6 00BF     		.align	2
 1069              	.L86:
 1070 00a8 00000000 		.word	pFlash
 1071 00ac 00200240 		.word	1073881088
 1072              		.cfi_endproc
 1073              	.LFE329:
 1075              		.section	.text.HAL_FLASH_Program_IT,"ax",%progbits
 1076              		.align	1
 1077              		.global	HAL_FLASH_Program_IT
 1078              		.syntax unified
 1079              		.thumb
 1080              		.thumb_func
 1082              	HAL_FLASH_Program_IT:
 1083              	.LVL83:
 1084              	.LFB330:
 256:platform/HAL/src/stm32g4xx_hal_flash.c ****   HAL_StatusTypeDef status;
 1085              		.loc 1 256 1 is_stmt 1 view -0
 1086              		.cfi_startproc
 1087              		@ args = 0, pretend = 0, frame = 0
 1088              		@ frame_needed = 0, uses_anonymous_args = 0
 256:platform/HAL/src/stm32g4xx_hal_flash.c ****   HAL_StatusTypeDef status;
 1089              		.loc 1 256 1 is_stmt 0 view .LVU322
 1090 0000 2DE9F041 		push	{r4, r5, r6, r7, r8, lr}
 1091              	.LCFI5:
 1092              		.cfi_def_cfa_offset 24
 1093              		.cfi_offset 4, -24
 1094              		.cfi_offset 5, -20
 1095              		.cfi_offset 6, -16
 1096              		.cfi_offset 7, -12
 1097              		.cfi_offset 8, -8
 1098              		.cfi_offset 14, -4
 1099 0004 1F46     		mov	r7, r3
ARM GAS  /tmp/ccOQHGH1.s 			page 55


 257:platform/HAL/src/stm32g4xx_hal_flash.c **** 
 1100              		.loc 1 257 3 is_stmt 1 view .LVU323
 260:platform/HAL/src/stm32g4xx_hal_flash.c **** 
 1101              		.loc 1 260 3 view .LVU324
 263:platform/HAL/src/stm32g4xx_hal_flash.c **** 
 1102              		.loc 1 263 3 view .LVU325
 263:platform/HAL/src/stm32g4xx_hal_flash.c **** 
 1103              		.loc 1 263 3 view .LVU326
 1104 0006 254B     		ldr	r3, .L100
 1105 0008 1B78     		ldrb	r3, [r3]	@ zero_extendqisi2
 1106 000a 012B     		cmp	r3, #1
 1107 000c 43D0     		beq	.L96
 1108 000e 0446     		mov	r4, r0
 1109 0010 0D46     		mov	r5, r1
 1110 0012 1646     		mov	r6, r2
 263:platform/HAL/src/stm32g4xx_hal_flash.c **** 
 1111              		.loc 1 263 3 discriminator 2 view .LVU327
 1112 0014 214B     		ldr	r3, .L100
 1113 0016 0122     		movs	r2, #1
 1114              	.LVL84:
 263:platform/HAL/src/stm32g4xx_hal_flash.c **** 
 1115              		.loc 1 263 3 is_stmt 0 discriminator 2 view .LVU328
 1116 0018 1A70     		strb	r2, [r3]
 263:platform/HAL/src/stm32g4xx_hal_flash.c **** 
 1117              		.loc 1 263 3 is_stmt 1 view .LVU329
 266:platform/HAL/src/stm32g4xx_hal_flash.c **** 
 1118              		.loc 1 266 3 view .LVU330
 266:platform/HAL/src/stm32g4xx_hal_flash.c **** 
 1119              		.loc 1 266 20 is_stmt 0 view .LVU331
 1120 001a 0022     		movs	r2, #0
 1121 001c 5A60     		str	r2, [r3, #4]
 269:platform/HAL/src/stm32g4xx_hal_flash.c ****   {
 1122              		.loc 1 269 3 is_stmt 1 view .LVU332
 269:platform/HAL/src/stm32g4xx_hal_flash.c ****   {
 1123              		.loc 1 269 6 is_stmt 0 view .LVU333
 1124 001e 204B     		ldr	r3, .L100+4
 1125 0020 1B68     		ldr	r3, [r3]
 269:platform/HAL/src/stm32g4xx_hal_flash.c ****   {
 1126              		.loc 1 269 5 view .LVU334
 1127 0022 13F4806F 		tst	r3, #1024
 1128 0026 13D0     		beq	.L90
 272:platform/HAL/src/stm32g4xx_hal_flash.c ****     pFlash.CacheToReactivate = FLASH_CACHE_DCACHE_ENABLED;
 1129              		.loc 1 272 5 is_stmt 1 view .LVU335
 1130 0028 1D4A     		ldr	r2, .L100+4
 1131 002a 1368     		ldr	r3, [r2]
 1132 002c 23F48063 		bic	r3, r3, #1024
 1133 0030 1360     		str	r3, [r2]
 273:platform/HAL/src/stm32g4xx_hal_flash.c ****   }
 1134              		.loc 1 273 5 view .LVU336
 273:platform/HAL/src/stm32g4xx_hal_flash.c ****   }
 1135              		.loc 1 273 30 is_stmt 0 view .LVU337
 1136 0032 1A4B     		ldr	r3, .L100
 1137 0034 0222     		movs	r2, #2
 1138 0036 1A77     		strb	r2, [r3, #28]
 1139              	.L91:
 281:platform/HAL/src/stm32g4xx_hal_flash.c **** 
 1140              		.loc 1 281 3 is_stmt 1 view .LVU338
ARM GAS  /tmp/ccOQHGH1.s 			page 56


 281:platform/HAL/src/stm32g4xx_hal_flash.c **** 
 1141              		.loc 1 281 12 is_stmt 0 view .LVU339
 1142 0038 4FF47A70 		mov	r0, #1000
 1143              	.LVL85:
 281:platform/HAL/src/stm32g4xx_hal_flash.c **** 
 1144              		.loc 1 281 12 view .LVU340
 1145 003c FFF7FEFF 		bl	FLASH_WaitForLastOperation
 1146              	.LVL86:
 283:platform/HAL/src/stm32g4xx_hal_flash.c ****   {
 1147              		.loc 1 283 3 is_stmt 1 view .LVU341
 283:platform/HAL/src/stm32g4xx_hal_flash.c ****   {
 1148              		.loc 1 283 6 is_stmt 0 view .LVU342
 1149 0040 8046     		mov	r8, r0
 1150 0042 48B1     		cbz	r0, .L92
 286:platform/HAL/src/stm32g4xx_hal_flash.c ****   }
 1151              		.loc 1 286 5 is_stmt 1 view .LVU343
 286:platform/HAL/src/stm32g4xx_hal_flash.c ****   }
 1152              		.loc 1 286 5 view .LVU344
 1153 0044 154B     		ldr	r3, .L100
 1154 0046 0022     		movs	r2, #0
 1155 0048 1A70     		strb	r2, [r3]
 286:platform/HAL/src/stm32g4xx_hal_flash.c ****   }
 1156              		.loc 1 286 5 view .LVU345
 1157              	.LVL87:
 1158              	.L89:
 321:platform/HAL/src/stm32g4xx_hal_flash.c **** 
 1159              		.loc 1 321 1 is_stmt 0 view .LVU346
 1160 004a 4046     		mov	r0, r8
 1161 004c BDE8F081 		pop	{r4, r5, r6, r7, r8, pc}
 1162              	.LVL88:
 1163              	.L90:
 277:platform/HAL/src/stm32g4xx_hal_flash.c ****   }
 1164              		.loc 1 277 5 is_stmt 1 view .LVU347
 277:platform/HAL/src/stm32g4xx_hal_flash.c ****   }
 1165              		.loc 1 277 30 is_stmt 0 view .LVU348
 1166 0050 124B     		ldr	r3, .L100
 1167 0052 0022     		movs	r2, #0
 1168 0054 1A77     		strb	r2, [r3, #28]
 1169 0056 EFE7     		b	.L91
 1170              	.LVL89:
 1171              	.L92:
 291:platform/HAL/src/stm32g4xx_hal_flash.c ****     {
 1172              		.loc 1 291 5 is_stmt 1 view .LVU349
 291:platform/HAL/src/stm32g4xx_hal_flash.c ****     {
 1173              		.loc 1 291 8 is_stmt 0 view .LVU350
 1174 0058 022C     		cmp	r4, #2
 1175 005a 12D0     		beq	.L98
 297:platform/HAL/src/stm32g4xx_hal_flash.c ****     }
 1176              		.loc 1 297 7 is_stmt 1 view .LVU351
 297:platform/HAL/src/stm32g4xx_hal_flash.c ****     }
 1177              		.loc 1 297 31 is_stmt 0 view .LVU352
 1178 005c 0F4B     		ldr	r3, .L100
 1179 005e 0322     		movs	r2, #3
 1180 0060 1A72     		strb	r2, [r3, #8]
 1181              	.L94:
 299:platform/HAL/src/stm32g4xx_hal_flash.c **** 
 1182              		.loc 1 299 5 is_stmt 1 view .LVU353
ARM GAS  /tmp/ccOQHGH1.s 			page 57


 299:platform/HAL/src/stm32g4xx_hal_flash.c **** 
 1183              		.loc 1 299 20 is_stmt 0 view .LVU354
 1184 0062 0E4B     		ldr	r3, .L100
 1185 0064 DD60     		str	r5, [r3, #12]
 302:platform/HAL/src/stm32g4xx_hal_flash.c **** 
 1186              		.loc 1 302 5 is_stmt 1 view .LVU355
 302:platform/HAL/src/stm32g4xx_hal_flash.c **** 
 1187              		.loc 1 302 5 view .LVU356
 302:platform/HAL/src/stm32g4xx_hal_flash.c **** 
 1188              		.loc 1 302 5 discriminator 3 view .LVU357
 302:platform/HAL/src/stm32g4xx_hal_flash.c **** 
 1189              		.loc 1 302 5 discriminator 4 view .LVU358
 1190 0066 0E4A     		ldr	r2, .L100+4
 1191 0068 5369     		ldr	r3, [r2, #20]
 1192 006a 43F04073 		orr	r3, r3, #50331648
 1193 006e 5361     		str	r3, [r2, #20]
 302:platform/HAL/src/stm32g4xx_hal_flash.c **** 
 1194              		.loc 1 302 5 discriminator 6 view .LVU359
 304:platform/HAL/src/stm32g4xx_hal_flash.c ****     {
 1195              		.loc 1 304 5 view .LVU360
 304:platform/HAL/src/stm32g4xx_hal_flash.c ****     {
 1196              		.loc 1 304 8 is_stmt 0 view .LVU361
 1197 0070 5CB1     		cbz	r4, .L99
 309:platform/HAL/src/stm32g4xx_hal_flash.c ****     {
 1198              		.loc 1 309 10 is_stmt 1 view .LVU362
 309:platform/HAL/src/stm32g4xx_hal_flash.c ****     {
 1199              		.loc 1 309 54 is_stmt 0 view .LVU363
 1200 0072 013C     		subs	r4, r4, #1
 1201              	.LVL90:
 309:platform/HAL/src/stm32g4xx_hal_flash.c ****     {
 1202              		.loc 1 309 13 view .LVU364
 1203 0074 012C     		cmp	r4, #1
 1204 0076 E8D8     		bhi	.L89
 312:platform/HAL/src/stm32g4xx_hal_flash.c ****     }
 1205              		.loc 1 312 7 is_stmt 1 view .LVU365
 1206 0078 3146     		mov	r1, r6
 1207 007a 2846     		mov	r0, r5
 1208              	.LVL91:
 312:platform/HAL/src/stm32g4xx_hal_flash.c ****     }
 1209              		.loc 1 312 7 is_stmt 0 view .LVU366
 1210 007c FFF7FEFF 		bl	FLASH_Program_Fast
 1211              	.LVL92:
 1212 0080 E3E7     		b	.L89
 1213              	.LVL93:
 1214              	.L98:
 293:platform/HAL/src/stm32g4xx_hal_flash.c ****     }
 1215              		.loc 1 293 7 is_stmt 1 view .LVU367
 293:platform/HAL/src/stm32g4xx_hal_flash.c ****     }
 1216              		.loc 1 293 31 is_stmt 0 view .LVU368
 1217 0082 064B     		ldr	r3, .L100
 1218 0084 0422     		movs	r2, #4
 1219 0086 1A72     		strb	r2, [r3, #8]
 1220 0088 EBE7     		b	.L94
 1221              	.L99:
 307:platform/HAL/src/stm32g4xx_hal_flash.c ****     }
 1222              		.loc 1 307 7 is_stmt 1 view .LVU369
 1223 008a 3246     		mov	r2, r6
ARM GAS  /tmp/ccOQHGH1.s 			page 58


 1224 008c 3B46     		mov	r3, r7
 1225 008e 2846     		mov	r0, r5
 1226              	.LVL94:
 307:platform/HAL/src/stm32g4xx_hal_flash.c ****     }
 1227              		.loc 1 307 7 is_stmt 0 view .LVU370
 1228 0090 FFF7FEFF 		bl	FLASH_Program_DoubleWord
 1229              	.LVL95:
 1230 0094 D9E7     		b	.L89
 1231              	.LVL96:
 1232              	.L96:
 263:platform/HAL/src/stm32g4xx_hal_flash.c **** 
 1233              		.loc 1 263 3 discriminator 1 view .LVU371
 1234 0096 4FF00208 		mov	r8, #2
 1235 009a D6E7     		b	.L89
 1236              	.L101:
 1237              		.align	2
 1238              	.L100:
 1239 009c 00000000 		.word	pFlash
 1240 00a0 00200240 		.word	1073881088
 1241              		.cfi_endproc
 1242              	.LFE330:
 1244              		.section	.text.HAL_FLASH_OB_Launch,"ax",%progbits
 1245              		.align	1
 1246              		.global	HAL_FLASH_OB_Launch
 1247              		.syntax unified
 1248              		.thumb
 1249              		.thumb_func
 1251              	HAL_FLASH_OB_Launch:
 1252              	.LFB338:
 607:platform/HAL/src/stm32g4xx_hal_flash.c ****   /* Set the bit to force the option byte reloading */
 1253              		.loc 1 607 1 is_stmt 1 view -0
 1254              		.cfi_startproc
 1255              		@ args = 0, pretend = 0, frame = 0
 1256              		@ frame_needed = 0, uses_anonymous_args = 0
 1257 0000 08B5     		push	{r3, lr}
 1258              	.LCFI6:
 1259              		.cfi_def_cfa_offset 8
 1260              		.cfi_offset 3, -8
 1261              		.cfi_offset 14, -4
 609:platform/HAL/src/stm32g4xx_hal_flash.c **** 
 1262              		.loc 1 609 3 view .LVU373
 1263 0002 054A     		ldr	r2, .L104
 1264 0004 5369     		ldr	r3, [r2, #20]
 1265 0006 43F00063 		orr	r3, r3, #134217728
 1266 000a 5361     		str	r3, [r2, #20]
 612:platform/HAL/src/stm32g4xx_hal_flash.c **** }
 1267              		.loc 1 612 3 view .LVU374
 612:platform/HAL/src/stm32g4xx_hal_flash.c **** }
 1268              		.loc 1 612 11 is_stmt 0 view .LVU375
 1269 000c 4FF47A70 		mov	r0, #1000
 1270 0010 FFF7FEFF 		bl	FLASH_WaitForLastOperation
 1271              	.LVL97:
 613:platform/HAL/src/stm32g4xx_hal_flash.c **** 
 1272              		.loc 1 613 1 view .LVU376
 1273 0014 08BD     		pop	{r3, pc}
 1274              	.L105:
 1275 0016 00BF     		.align	2
ARM GAS  /tmp/ccOQHGH1.s 			page 59


 1276              	.L104:
 1277 0018 00200240 		.word	1073881088
 1278              		.cfi_endproc
 1279              	.LFE338:
 1281              		.global	pFlash
 1282              		.section	.data.pFlash,"aw"
 1283              		.align	2
 1286              	pFlash:
 1287 0000 00       		.byte	0
 1288 0001 000000   		.space	3
 1289 0004 00000000 		.word	0
 1290 0008 00       		.byte	0
 1291 0009 000000   		.space	3
 1292 000c 00000000 		.word	0
 1293 0010 01000000 		.word	1
 1294 0014 00000000 		.word	0
 1295 0018 00000000 		.word	0
 1296 001c 00       		.byte	0
 1297 001d 000000   		.space	3
 1298              		.text
 1299              	.Letext0:
 1300              		.file 3 "/usr/arm-none-eabi/include/machine/_default_types.h"
 1301              		.file 4 "/usr/arm-none-eabi/include/sys/_stdint.h"
 1302              		.file 5 "platform/CMSIS/Device/ST/STM32G4xx/Include/stm32g474xx.h"
 1303              		.file 6 "platform/HAL/inc/stm32g4xx_hal_def.h"
 1304              		.file 7 "platform/HAL/inc/stm32g4xx_hal_flash.h"
 1305              		.file 8 "platform/HAL/inc/stm32g4xx_hal.h"
 1306              		.file 9 "platform/HAL/inc/stm32g4xx_hal_flash_ex.h"
ARM GAS  /tmp/ccOQHGH1.s 			page 60


DEFINED SYMBOLS
                            *ABS*:00000000 stm32g4xx_hal_flash.c
     /tmp/ccOQHGH1.s:21     .text.FLASH_Program_DoubleWord:00000000 $t
     /tmp/ccOQHGH1.s:26     .text.FLASH_Program_DoubleWord:00000000 FLASH_Program_DoubleWord
     /tmp/ccOQHGH1.s:75     .text.FLASH_Program_DoubleWord:0000001c $d
     /tmp/ccOQHGH1.s:80     .text.FLASH_Program_Fast:00000000 $t
     /tmp/ccOQHGH1.s:85     .text.FLASH_Program_Fast:00000000 FLASH_Program_Fast
     /tmp/ccOQHGH1.s:177    .text.FLASH_Program_Fast:00000028 $d
     /tmp/ccOQHGH1.s:182    .text.HAL_FLASH_EndOfOperationCallback:00000000 $t
     /tmp/ccOQHGH1.s:188    .text.HAL_FLASH_EndOfOperationCallback:00000000 HAL_FLASH_EndOfOperationCallback
     /tmp/ccOQHGH1.s:203    .text.HAL_FLASH_OperationErrorCallback:00000000 $t
     /tmp/ccOQHGH1.s:209    .text.HAL_FLASH_OperationErrorCallback:00000000 HAL_FLASH_OperationErrorCallback
     /tmp/ccOQHGH1.s:224    .text.HAL_FLASH_IRQHandler:00000000 $t
     /tmp/ccOQHGH1.s:230    .text.HAL_FLASH_IRQHandler:00000000 HAL_FLASH_IRQHandler
     /tmp/ccOQHGH1.s:535    .text.HAL_FLASH_IRQHandler:0000011c $d
     /tmp/ccOQHGH1.s:1286   .data.pFlash:00000000 pFlash
     /tmp/ccOQHGH1.s:541    .text.HAL_FLASH_Unlock:00000000 $t
     /tmp/ccOQHGH1.s:547    .text.HAL_FLASH_Unlock:00000000 HAL_FLASH_Unlock
     /tmp/ccOQHGH1.s:593    .text.HAL_FLASH_Unlock:00000028 $d
     /tmp/ccOQHGH1.s:599    .text.HAL_FLASH_Lock:00000000 $t
     /tmp/ccOQHGH1.s:605    .text.HAL_FLASH_Lock:00000000 HAL_FLASH_Lock
     /tmp/ccOQHGH1.s:638    .text.HAL_FLASH_Lock:00000018 $d
     /tmp/ccOQHGH1.s:643    .text.HAL_FLASH_OB_Unlock:00000000 $t
     /tmp/ccOQHGH1.s:649    .text.HAL_FLASH_OB_Unlock:00000000 HAL_FLASH_OB_Unlock
     /tmp/ccOQHGH1.s:694    .text.HAL_FLASH_OB_Unlock:0000002c $d
     /tmp/ccOQHGH1.s:700    .text.HAL_FLASH_OB_Lock:00000000 $t
     /tmp/ccOQHGH1.s:706    .text.HAL_FLASH_OB_Lock:00000000 HAL_FLASH_OB_Lock
     /tmp/ccOQHGH1.s:739    .text.HAL_FLASH_OB_Lock:0000001c $d
     /tmp/ccOQHGH1.s:744    .text.HAL_FLASH_GetError:00000000 $t
     /tmp/ccOQHGH1.s:750    .text.HAL_FLASH_GetError:00000000 HAL_FLASH_GetError
     /tmp/ccOQHGH1.s:766    .text.HAL_FLASH_GetError:00000008 $d
     /tmp/ccOQHGH1.s:771    .text.FLASH_WaitForLastOperation:00000000 $t
     /tmp/ccOQHGH1.s:777    .text.FLASH_WaitForLastOperation:00000000 FLASH_WaitForLastOperation
     /tmp/ccOQHGH1.s:884    .text.FLASH_WaitForLastOperation:00000058 $d
     /tmp/ccOQHGH1.s:890    .text.HAL_FLASH_Program:00000000 $t
     /tmp/ccOQHGH1.s:896    .text.HAL_FLASH_Program:00000000 HAL_FLASH_Program
     /tmp/ccOQHGH1.s:1070   .text.HAL_FLASH_Program:000000a8 $d
     /tmp/ccOQHGH1.s:1076   .text.HAL_FLASH_Program_IT:00000000 $t
     /tmp/ccOQHGH1.s:1082   .text.HAL_FLASH_Program_IT:00000000 HAL_FLASH_Program_IT
     /tmp/ccOQHGH1.s:1239   .text.HAL_FLASH_Program_IT:0000009c $d
     /tmp/ccOQHGH1.s:1245   .text.HAL_FLASH_OB_Launch:00000000 $t
     /tmp/ccOQHGH1.s:1251   .text.HAL_FLASH_OB_Launch:00000000 HAL_FLASH_OB_Launch
     /tmp/ccOQHGH1.s:1277   .text.HAL_FLASH_OB_Launch:00000018 $d
     /tmp/ccOQHGH1.s:1283   .data.pFlash:00000000 $d

UNDEFINED SYMBOLS
FLASH_FlushCaches
FLASH_PageErase
HAL_GetTick
