ARM GAS  /tmp/ccMpXq91.s 			page 1


   1              		.cpu cortex-m4
   2              		.arch armv7e-m
   3              		.fpu fpv4-sp-d16
   4              		.eabi_attribute 27, 1
   5              		.eabi_attribute 28, 1
   6              		.eabi_attribute 20, 1
   7              		.eabi_attribute 21, 1
   8              		.eabi_attribute 23, 3
   9              		.eabi_attribute 24, 1
  10              		.eabi_attribute 25, 1
  11              		.eabi_attribute 26, 1
  12              		.eabi_attribute 30, 1
  13              		.eabi_attribute 34, 1
  14              		.eabi_attribute 18, 4
  15              		.file	"stm32g4xx_hal_spi.c"
  16              		.text
  17              	.Ltext0:
  18              		.cfi_sections	.debug_frame
  19              		.file 1 "platform/HAL/src/stm32g4xx_hal_spi.c"
  20              		.section	.text.SPI_WaitFlagStateUntilTimeout,"ax",%progbits
  21              		.align	1
  22              		.syntax unified
  23              		.thumb
  24              		.thumb_func
  26              	SPI_WaitFlagStateUntilTimeout:
  27              	.LVL0:
  28              	.LFB376:
   1:platform/HAL/src/stm32g4xx_hal_spi.c **** /**
   2:platform/HAL/src/stm32g4xx_hal_spi.c ****   ******************************************************************************
   3:platform/HAL/src/stm32g4xx_hal_spi.c ****   * @file    stm32g4xx_hal_spi.c
   4:platform/HAL/src/stm32g4xx_hal_spi.c ****   * @author  MCD Application Team
   5:platform/HAL/src/stm32g4xx_hal_spi.c ****   * @brief   SPI HAL module driver.
   6:platform/HAL/src/stm32g4xx_hal_spi.c ****   *          This file provides firmware functions to manage the following
   7:platform/HAL/src/stm32g4xx_hal_spi.c ****   *          functionalities of the Serial Peripheral Interface (SPI) peripheral:
   8:platform/HAL/src/stm32g4xx_hal_spi.c ****   *           + Initialization and de-initialization functions
   9:platform/HAL/src/stm32g4xx_hal_spi.c ****   *           + IO operation functions
  10:platform/HAL/src/stm32g4xx_hal_spi.c ****   *           + Peripheral Control functions
  11:platform/HAL/src/stm32g4xx_hal_spi.c ****   *           + Peripheral State functions
  12:platform/HAL/src/stm32g4xx_hal_spi.c ****   ******************************************************************************
  13:platform/HAL/src/stm32g4xx_hal_spi.c ****   * @attention
  14:platform/HAL/src/stm32g4xx_hal_spi.c ****   *
  15:platform/HAL/src/stm32g4xx_hal_spi.c ****   * Copyright (c) 2019 STMicroelectronics.
  16:platform/HAL/src/stm32g4xx_hal_spi.c ****   * All rights reserved.
  17:platform/HAL/src/stm32g4xx_hal_spi.c ****   *
  18:platform/HAL/src/stm32g4xx_hal_spi.c ****   * This software is licensed under terms that can be found in the LICENSE file
  19:platform/HAL/src/stm32g4xx_hal_spi.c ****   * in the root directory of this software component.
  20:platform/HAL/src/stm32g4xx_hal_spi.c ****   * If no LICENSE file comes with this software, it is provided AS-IS.
  21:platform/HAL/src/stm32g4xx_hal_spi.c ****   *
  22:platform/HAL/src/stm32g4xx_hal_spi.c ****   ******************************************************************************
  23:platform/HAL/src/stm32g4xx_hal_spi.c ****   @verbatim
  24:platform/HAL/src/stm32g4xx_hal_spi.c ****   ==============================================================================
  25:platform/HAL/src/stm32g4xx_hal_spi.c ****                         ##### How to use this driver #####
  26:platform/HAL/src/stm32g4xx_hal_spi.c ****   ==============================================================================
  27:platform/HAL/src/stm32g4xx_hal_spi.c ****     [..]
  28:platform/HAL/src/stm32g4xx_hal_spi.c ****       The SPI HAL driver can be used as follows:
  29:platform/HAL/src/stm32g4xx_hal_spi.c **** 
  30:platform/HAL/src/stm32g4xx_hal_spi.c ****       (#) Declare a SPI_HandleTypeDef handle structure, for example:
ARM GAS  /tmp/ccMpXq91.s 			page 2


  31:platform/HAL/src/stm32g4xx_hal_spi.c ****           SPI_HandleTypeDef  hspi;
  32:platform/HAL/src/stm32g4xx_hal_spi.c **** 
  33:platform/HAL/src/stm32g4xx_hal_spi.c ****       (#)Initialize the SPI low level resources by implementing the HAL_SPI_MspInit() API:
  34:platform/HAL/src/stm32g4xx_hal_spi.c ****           (##) Enable the SPIx interface clock
  35:platform/HAL/src/stm32g4xx_hal_spi.c ****           (##) SPI pins configuration
  36:platform/HAL/src/stm32g4xx_hal_spi.c ****               (+++) Enable the clock for the SPI GPIOs
  37:platform/HAL/src/stm32g4xx_hal_spi.c ****               (+++) Configure these SPI pins as alternate function push-pull
  38:platform/HAL/src/stm32g4xx_hal_spi.c ****           (##) NVIC configuration if you need to use interrupt process
  39:platform/HAL/src/stm32g4xx_hal_spi.c ****               (+++) Configure the SPIx interrupt priority
  40:platform/HAL/src/stm32g4xx_hal_spi.c ****               (+++) Enable the NVIC SPI IRQ handle
  41:platform/HAL/src/stm32g4xx_hal_spi.c ****           (##) DMA Configuration if you need to use DMA process
  42:platform/HAL/src/stm32g4xx_hal_spi.c ****               (+++) Declare a DMA_HandleTypeDef handle structure for the transmit or receive Stream
  43:platform/HAL/src/stm32g4xx_hal_spi.c ****               (+++) Enable the DMAx clock
  44:platform/HAL/src/stm32g4xx_hal_spi.c ****               (+++) Configure the DMA handle parameters
  45:platform/HAL/src/stm32g4xx_hal_spi.c ****               (+++) Configure the DMA Tx or Rx Stream/Channel
  46:platform/HAL/src/stm32g4xx_hal_spi.c ****               (+++) Associate the initialized hdma_tx(or _rx)  handle to the hspi DMA Tx or Rx hand
  47:platform/HAL/src/stm32g4xx_hal_spi.c ****               (+++) Configure the priority and enable the NVIC for the transfer complete interrupt 
  48:platform/HAL/src/stm32g4xx_hal_spi.c ****                     or Rx Stream/Channel
  49:platform/HAL/src/stm32g4xx_hal_spi.c **** 
  50:platform/HAL/src/stm32g4xx_hal_spi.c ****       (#) Program the Mode, BidirectionalMode , Data size, Baudrate Prescaler, NSS
  51:platform/HAL/src/stm32g4xx_hal_spi.c ****           management, Clock polarity and phase, FirstBit and CRC configuration in the hspi Init str
  52:platform/HAL/src/stm32g4xx_hal_spi.c **** 
  53:platform/HAL/src/stm32g4xx_hal_spi.c ****       (#) Initialize the SPI registers by calling the HAL_SPI_Init() API:
  54:platform/HAL/src/stm32g4xx_hal_spi.c ****           (++) This API configures also the low level Hardware GPIO, CLOCK, CORTEX...etc)
  55:platform/HAL/src/stm32g4xx_hal_spi.c ****               by calling the customized HAL_SPI_MspInit() API.
  56:platform/HAL/src/stm32g4xx_hal_spi.c ****      [..]
  57:platform/HAL/src/stm32g4xx_hal_spi.c ****        Circular mode restriction:
  58:platform/HAL/src/stm32g4xx_hal_spi.c ****       (#) The DMA circular mode cannot be used when the SPI is configured in these modes:
  59:platform/HAL/src/stm32g4xx_hal_spi.c ****           (##) Master 2Lines RxOnly
  60:platform/HAL/src/stm32g4xx_hal_spi.c ****           (##) Master 1Line Rx
  61:platform/HAL/src/stm32g4xx_hal_spi.c ****       (#) The CRC feature is not managed when the DMA circular mode is enabled
  62:platform/HAL/src/stm32g4xx_hal_spi.c ****       (#) When the SPI DMA Pause/Stop features are used, we must use the following APIs
  63:platform/HAL/src/stm32g4xx_hal_spi.c ****           the HAL_SPI_DMAPause()/ HAL_SPI_DMAStop() only under the SPI callbacks
  64:platform/HAL/src/stm32g4xx_hal_spi.c ****      [..]
  65:platform/HAL/src/stm32g4xx_hal_spi.c ****        Master Receive mode restriction:
  66:platform/HAL/src/stm32g4xx_hal_spi.c ****       (#) In Master unidirectional receive-only mode (MSTR =1, BIDIMODE=0, RXONLY=1) or
  67:platform/HAL/src/stm32g4xx_hal_spi.c ****           bidirectional receive mode (MSTR=1, BIDIMODE=1, BIDIOE=0), to ensure that the SPI
  68:platform/HAL/src/stm32g4xx_hal_spi.c ****           does not initiate a new transfer the following procedure has to be respected:
  69:platform/HAL/src/stm32g4xx_hal_spi.c ****           (##) HAL_SPI_DeInit()
  70:platform/HAL/src/stm32g4xx_hal_spi.c ****           (##) HAL_SPI_Init()
  71:platform/HAL/src/stm32g4xx_hal_spi.c ****      [..]
  72:platform/HAL/src/stm32g4xx_hal_spi.c ****        Callback registration:
  73:platform/HAL/src/stm32g4xx_hal_spi.c **** 
  74:platform/HAL/src/stm32g4xx_hal_spi.c ****       (#) The compilation flag USE_HAL_SPI_REGISTER_CALLBACKS when set to 1U
  75:platform/HAL/src/stm32g4xx_hal_spi.c ****           allows the user to configure dynamically the driver callbacks.
  76:platform/HAL/src/stm32g4xx_hal_spi.c ****           Use Functions HAL_SPI_RegisterCallback() to register an interrupt callback.
  77:platform/HAL/src/stm32g4xx_hal_spi.c **** 
  78:platform/HAL/src/stm32g4xx_hal_spi.c ****           Function HAL_SPI_RegisterCallback() allows to register following callbacks:
  79:platform/HAL/src/stm32g4xx_hal_spi.c ****             (++) TxCpltCallback        : SPI Tx Completed callback
  80:platform/HAL/src/stm32g4xx_hal_spi.c ****             (++) RxCpltCallback        : SPI Rx Completed callback
  81:platform/HAL/src/stm32g4xx_hal_spi.c ****             (++) TxRxCpltCallback      : SPI TxRx Completed callback
  82:platform/HAL/src/stm32g4xx_hal_spi.c ****             (++) TxHalfCpltCallback    : SPI Tx Half Completed callback
  83:platform/HAL/src/stm32g4xx_hal_spi.c ****             (++) RxHalfCpltCallback    : SPI Rx Half Completed callback
  84:platform/HAL/src/stm32g4xx_hal_spi.c ****             (++) TxRxHalfCpltCallback  : SPI TxRx Half Completed callback
  85:platform/HAL/src/stm32g4xx_hal_spi.c ****             (++) ErrorCallback         : SPI Error callback
  86:platform/HAL/src/stm32g4xx_hal_spi.c ****             (++) AbortCpltCallback     : SPI Abort callback
  87:platform/HAL/src/stm32g4xx_hal_spi.c ****             (++) MspInitCallback       : SPI Msp Init callback
ARM GAS  /tmp/ccMpXq91.s 			page 3


  88:platform/HAL/src/stm32g4xx_hal_spi.c ****             (++) MspDeInitCallback     : SPI Msp DeInit callback
  89:platform/HAL/src/stm32g4xx_hal_spi.c ****           This function takes as parameters the HAL peripheral handle, the Callback ID
  90:platform/HAL/src/stm32g4xx_hal_spi.c ****           and a pointer to the user callback function.
  91:platform/HAL/src/stm32g4xx_hal_spi.c **** 
  92:platform/HAL/src/stm32g4xx_hal_spi.c **** 
  93:platform/HAL/src/stm32g4xx_hal_spi.c ****       (#) Use function HAL_SPI_UnRegisterCallback to reset a callback to the default
  94:platform/HAL/src/stm32g4xx_hal_spi.c ****           weak function.
  95:platform/HAL/src/stm32g4xx_hal_spi.c ****           HAL_SPI_UnRegisterCallback takes as parameters the HAL peripheral handle,
  96:platform/HAL/src/stm32g4xx_hal_spi.c ****           and the Callback ID.
  97:platform/HAL/src/stm32g4xx_hal_spi.c ****           This function allows to reset following callbacks:
  98:platform/HAL/src/stm32g4xx_hal_spi.c ****             (++) TxCpltCallback        : SPI Tx Completed callback
  99:platform/HAL/src/stm32g4xx_hal_spi.c ****             (++) RxCpltCallback        : SPI Rx Completed callback
 100:platform/HAL/src/stm32g4xx_hal_spi.c ****             (++) TxRxCpltCallback      : SPI TxRx Completed callback
 101:platform/HAL/src/stm32g4xx_hal_spi.c ****             (++) TxHalfCpltCallback    : SPI Tx Half Completed callback
 102:platform/HAL/src/stm32g4xx_hal_spi.c ****             (++) RxHalfCpltCallback    : SPI Rx Half Completed callback
 103:platform/HAL/src/stm32g4xx_hal_spi.c ****             (++) TxRxHalfCpltCallback  : SPI TxRx Half Completed callback
 104:platform/HAL/src/stm32g4xx_hal_spi.c ****             (++) ErrorCallback         : SPI Error callback
 105:platform/HAL/src/stm32g4xx_hal_spi.c ****             (++) AbortCpltCallback     : SPI Abort callback
 106:platform/HAL/src/stm32g4xx_hal_spi.c ****             (++) MspInitCallback       : SPI Msp Init callback
 107:platform/HAL/src/stm32g4xx_hal_spi.c ****             (++) MspDeInitCallback     : SPI Msp DeInit callback
 108:platform/HAL/src/stm32g4xx_hal_spi.c **** 
 109:platform/HAL/src/stm32g4xx_hal_spi.c ****        [..]
 110:platform/HAL/src/stm32g4xx_hal_spi.c ****        By default, after the HAL_SPI_Init() and when the state is HAL_SPI_STATE_RESET
 111:platform/HAL/src/stm32g4xx_hal_spi.c ****        all callbacks are set to the corresponding weak functions:
 112:platform/HAL/src/stm32g4xx_hal_spi.c ****        examples HAL_SPI_MasterTxCpltCallback(), HAL_SPI_MasterRxCpltCallback().
 113:platform/HAL/src/stm32g4xx_hal_spi.c ****        Exception done for MspInit and MspDeInit functions that are
 114:platform/HAL/src/stm32g4xx_hal_spi.c ****        reset to the legacy weak functions in the HAL_SPI_Init()/ HAL_SPI_DeInit() only when
 115:platform/HAL/src/stm32g4xx_hal_spi.c ****        these callbacks are null (not registered beforehand).
 116:platform/HAL/src/stm32g4xx_hal_spi.c ****        If MspInit or MspDeInit are not null, the HAL_SPI_Init()/ HAL_SPI_DeInit()
 117:platform/HAL/src/stm32g4xx_hal_spi.c ****        keep and use the user MspInit/MspDeInit callbacks (registered beforehand) whatever the state
 118:platform/HAL/src/stm32g4xx_hal_spi.c **** 
 119:platform/HAL/src/stm32g4xx_hal_spi.c ****        [..]
 120:platform/HAL/src/stm32g4xx_hal_spi.c ****        Callbacks can be registered/unregistered in HAL_SPI_STATE_READY state only.
 121:platform/HAL/src/stm32g4xx_hal_spi.c ****        Exception done MspInit/MspDeInit functions that can be registered/unregistered
 122:platform/HAL/src/stm32g4xx_hal_spi.c ****        in HAL_SPI_STATE_READY or HAL_SPI_STATE_RESET state,
 123:platform/HAL/src/stm32g4xx_hal_spi.c ****        thus registered (user) MspInit/DeInit callbacks can be used during the Init/DeInit.
 124:platform/HAL/src/stm32g4xx_hal_spi.c ****        Then, the user first registers the MspInit/MspDeInit user callbacks
 125:platform/HAL/src/stm32g4xx_hal_spi.c ****        using HAL_SPI_RegisterCallback() before calling HAL_SPI_DeInit()
 126:platform/HAL/src/stm32g4xx_hal_spi.c ****        or HAL_SPI_Init() function.
 127:platform/HAL/src/stm32g4xx_hal_spi.c **** 
 128:platform/HAL/src/stm32g4xx_hal_spi.c ****        [..]
 129:platform/HAL/src/stm32g4xx_hal_spi.c ****        When the compilation define USE_HAL_PPP_REGISTER_CALLBACKS is set to 0 or
 130:platform/HAL/src/stm32g4xx_hal_spi.c ****        not defined, the callback registering feature is not available
 131:platform/HAL/src/stm32g4xx_hal_spi.c ****        and weak (surcharged) callbacks are used.
 132:platform/HAL/src/stm32g4xx_hal_spi.c **** 
 133:platform/HAL/src/stm32g4xx_hal_spi.c ****      [..]
 134:platform/HAL/src/stm32g4xx_hal_spi.c ****        Using the HAL it is not possible to reach all supported SPI frequency with the different SPI
 135:platform/HAL/src/stm32g4xx_hal_spi.c ****        the following table resume the max SPI frequency reached with data size 8bits/16bits,
 136:platform/HAL/src/stm32g4xx_hal_spi.c ****          according to frequency of the APBx Peripheral Clock (fPCLK) used by the SPI instance.
 137:platform/HAL/src/stm32g4xx_hal_spi.c **** 
 138:platform/HAL/src/stm32g4xx_hal_spi.c ****   @endverbatim
 139:platform/HAL/src/stm32g4xx_hal_spi.c **** 
 140:platform/HAL/src/stm32g4xx_hal_spi.c ****   Additional table :
 141:platform/HAL/src/stm32g4xx_hal_spi.c **** 
 142:platform/HAL/src/stm32g4xx_hal_spi.c ****        DataSize = SPI_DATASIZE_8BIT:
 143:platform/HAL/src/stm32g4xx_hal_spi.c ****        +-------------------------------------------------------------------------------------------
 144:platform/HAL/src/stm32g4xx_hal_spi.c ****        |         |                | 2Lines Fullduplex   |     2Lines RxOnly    |         1Line     
ARM GAS  /tmp/ccMpXq91.s 			page 4


 145:platform/HAL/src/stm32g4xx_hal_spi.c ****        | Process | Transfer mode  |---------------------|----------------------|-------------------
 146:platform/HAL/src/stm32g4xx_hal_spi.c ****        |         |                |  Master  |  Slave   |  Master   |  Slave   |  Master   |  Slave
 147:platform/HAL/src/stm32g4xx_hal_spi.c ****        |===========================================================================================
 148:platform/HAL/src/stm32g4xx_hal_spi.c ****        |    T    |     Polling    | Fpclk/4  | Fpclk/8  |    NA     |    NA    |    NA     |   NA  
 149:platform/HAL/src/stm32g4xx_hal_spi.c ****        |    X    |----------------|----------|----------|-----------|----------|-----------|-------
 150:platform/HAL/src/stm32g4xx_hal_spi.c ****        |    /    |     Interrupt  | Fpclk/4  | Fpclk/16 |    NA     |    NA    |    NA     |   NA  
 151:platform/HAL/src/stm32g4xx_hal_spi.c ****        |    R    |----------------|----------|----------|-----------|----------|-----------|-------
 152:platform/HAL/src/stm32g4xx_hal_spi.c ****        |    X    |       DMA      | Fpclk/2  | Fpclk/2  |    NA     |    NA    |    NA     |   NA  
 153:platform/HAL/src/stm32g4xx_hal_spi.c ****        |=========|================|==========|==========|===========|==========|===========|=======
 154:platform/HAL/src/stm32g4xx_hal_spi.c ****        |         |     Polling    | Fpclk/4  | Fpclk/8  | Fpclk/16  | Fpclk/8  | Fpclk/8   | Fpclk/
 155:platform/HAL/src/stm32g4xx_hal_spi.c ****        |         |----------------|----------|----------|-----------|----------|-----------|-------
 156:platform/HAL/src/stm32g4xx_hal_spi.c ****        |    R    |     Interrupt  | Fpclk/8  | Fpclk/16 | Fpclk/8   | Fpclk/8  | Fpclk/8   | Fpclk/
 157:platform/HAL/src/stm32g4xx_hal_spi.c ****        |    X    |----------------|----------|----------|-----------|----------|-----------|-------
 158:platform/HAL/src/stm32g4xx_hal_spi.c ****        |         |       DMA      | Fpclk/4  | Fpclk/2  | Fpclk/2   | Fpclk/16 | Fpclk/2   | Fpclk/
 159:platform/HAL/src/stm32g4xx_hal_spi.c ****        |=========|================|==========|==========|===========|==========|===========|=======
 160:platform/HAL/src/stm32g4xx_hal_spi.c ****        |         |     Polling    | Fpclk/8  | Fpclk/2  |     NA    |    NA    | Fpclk/8   | Fpclk/
 161:platform/HAL/src/stm32g4xx_hal_spi.c ****        |         |----------------|----------|----------|-----------|----------|-----------|-------
 162:platform/HAL/src/stm32g4xx_hal_spi.c ****        |    T    |     Interrupt  | Fpclk/2  | Fpclk/4  |     NA    |    NA    | Fpclk/16  | Fpclk/
 163:platform/HAL/src/stm32g4xx_hal_spi.c ****        |    X    |----------------|----------|----------|-----------|----------|-----------|-------
 164:platform/HAL/src/stm32g4xx_hal_spi.c ****        |         |       DMA      | Fpclk/2  | Fpclk/2  |     NA    |    NA    | Fpclk/8   | Fpclk/
 165:platform/HAL/src/stm32g4xx_hal_spi.c ****        +-------------------------------------------------------------------------------------------
 166:platform/HAL/src/stm32g4xx_hal_spi.c **** 
 167:platform/HAL/src/stm32g4xx_hal_spi.c ****        DataSize = SPI_DATASIZE_16BIT:
 168:platform/HAL/src/stm32g4xx_hal_spi.c ****        +-------------------------------------------------------------------------------------------
 169:platform/HAL/src/stm32g4xx_hal_spi.c ****        |         |                | 2Lines Fullduplex   |     2Lines RxOnly    |         1Line     
 170:platform/HAL/src/stm32g4xx_hal_spi.c ****        | Process | Transfer mode  |---------------------|----------------------|-------------------
 171:platform/HAL/src/stm32g4xx_hal_spi.c ****        |         |                |  Master  |  Slave   |  Master   |  Slave   |  Master   |  Slave
 172:platform/HAL/src/stm32g4xx_hal_spi.c ****        |===========================================================================================
 173:platform/HAL/src/stm32g4xx_hal_spi.c ****        |    T    |     Polling    | Fpclk/4  | Fpclk/8  |    NA     |    NA    |    NA     |   NA  
 174:platform/HAL/src/stm32g4xx_hal_spi.c ****        |    X    |----------------|----------|----------|-----------|----------|-----------|-------
 175:platform/HAL/src/stm32g4xx_hal_spi.c ****        |    /    |     Interrupt  | Fpclk/4  | Fpclk/16 |    NA     |    NA    |    NA     |   NA  
 176:platform/HAL/src/stm32g4xx_hal_spi.c ****        |    R    |----------------|----------|----------|-----------|----------|-----------|-------
 177:platform/HAL/src/stm32g4xx_hal_spi.c ****        |    X    |       DMA      | Fpclk/2  | Fpclk/2  |    NA     |    NA    |    NA     |   NA  
 178:platform/HAL/src/stm32g4xx_hal_spi.c ****        |=========|================|==========|==========|===========|==========|===========|=======
 179:platform/HAL/src/stm32g4xx_hal_spi.c ****        |         |     Polling    | Fpclk/4  | Fpclk/8  | Fpclk/16  | Fpclk/8  | Fpclk/8   | Fpclk/
 180:platform/HAL/src/stm32g4xx_hal_spi.c ****        |         |----------------|----------|----------|-----------|----------|-----------|-------
 181:platform/HAL/src/stm32g4xx_hal_spi.c ****        |    R    |     Interrupt  | Fpclk/8  | Fpclk/16 | Fpclk/8   | Fpclk/8  | Fpclk/8   | Fpclk/
 182:platform/HAL/src/stm32g4xx_hal_spi.c ****        |    X    |----------------|----------|----------|-----------|----------|-----------|-------
 183:platform/HAL/src/stm32g4xx_hal_spi.c ****        |         |       DMA      | Fpclk/4  | Fpclk/2  | Fpclk/2   | Fpclk/16 | Fpclk/2   | Fpclk/
 184:platform/HAL/src/stm32g4xx_hal_spi.c ****        |=========|================|==========|==========|===========|==========|===========|=======
 185:platform/HAL/src/stm32g4xx_hal_spi.c ****        |         |     Polling    | Fpclk/8  | Fpclk/2  |     NA    |    NA    | Fpclk/8   | Fpclk/
 186:platform/HAL/src/stm32g4xx_hal_spi.c ****        |         |----------------|----------|----------|-----------|----------|-----------|-------
 187:platform/HAL/src/stm32g4xx_hal_spi.c ****        |    T    |     Interrupt  | Fpclk/2  | Fpclk/4  |     NA    |    NA    | Fpclk/16  | Fpclk/
 188:platform/HAL/src/stm32g4xx_hal_spi.c ****        |    X    |----------------|----------|----------|-----------|----------|-----------|-------
 189:platform/HAL/src/stm32g4xx_hal_spi.c ****        |         |       DMA      | Fpclk/2  | Fpclk/2  |     NA    |    NA    | Fpclk/8   | Fpclk/
 190:platform/HAL/src/stm32g4xx_hal_spi.c ****        +-------------------------------------------------------------------------------------------
 191:platform/HAL/src/stm32g4xx_hal_spi.c ****        @note The max SPI frequency depend on SPI data size (4bits, 5bits,..., 8bits,...15bits, 16bi
 192:platform/HAL/src/stm32g4xx_hal_spi.c ****              SPI mode(2 Lines fullduplex, 2 lines RxOnly, 1 line TX/RX) and Process mode (Polling, 
 193:platform/HAL/src/stm32g4xx_hal_spi.c ****        @note
 194:platform/HAL/src/stm32g4xx_hal_spi.c ****             (#) TX/RX processes are HAL_SPI_TransmitReceive(), HAL_SPI_TransmitReceive_IT() and
 195:platform/HAL/src/stm32g4xx_hal_spi.c ****                 HAL_SPI_TransmitReceive_DMA()
 196:platform/HAL/src/stm32g4xx_hal_spi.c ****             (#) RX processes are HAL_SPI_Receive(), HAL_SPI_Receive_IT() and HAL_SPI_Receive_DMA()
 197:platform/HAL/src/stm32g4xx_hal_spi.c ****             (#) TX processes are HAL_SPI_Transmit(), HAL_SPI_Transmit_IT() and HAL_SPI_Transmit_DMA
 198:platform/HAL/src/stm32g4xx_hal_spi.c **** 
 199:platform/HAL/src/stm32g4xx_hal_spi.c ****   */
 200:platform/HAL/src/stm32g4xx_hal_spi.c **** 
 201:platform/HAL/src/stm32g4xx_hal_spi.c **** /* Includes ------------------------------------------------------------------*/
ARM GAS  /tmp/ccMpXq91.s 			page 5


 202:platform/HAL/src/stm32g4xx_hal_spi.c **** #include "stm32g4xx_hal.h"
 203:platform/HAL/src/stm32g4xx_hal_spi.c **** 
 204:platform/HAL/src/stm32g4xx_hal_spi.c **** /** @addtogroup STM32G4xx_HAL_Driver
 205:platform/HAL/src/stm32g4xx_hal_spi.c ****   * @{
 206:platform/HAL/src/stm32g4xx_hal_spi.c ****   */
 207:platform/HAL/src/stm32g4xx_hal_spi.c **** 
 208:platform/HAL/src/stm32g4xx_hal_spi.c **** /** @defgroup SPI SPI
 209:platform/HAL/src/stm32g4xx_hal_spi.c ****   * @brief SPI HAL module driver
 210:platform/HAL/src/stm32g4xx_hal_spi.c ****   * @{
 211:platform/HAL/src/stm32g4xx_hal_spi.c ****   */
 212:platform/HAL/src/stm32g4xx_hal_spi.c **** #ifdef HAL_SPI_MODULE_ENABLED
 213:platform/HAL/src/stm32g4xx_hal_spi.c **** 
 214:platform/HAL/src/stm32g4xx_hal_spi.c **** /* Private typedef -----------------------------------------------------------*/
 215:platform/HAL/src/stm32g4xx_hal_spi.c **** /* Private defines -----------------------------------------------------------*/
 216:platform/HAL/src/stm32g4xx_hal_spi.c **** /** @defgroup SPI_Private_Constants SPI Private Constants
 217:platform/HAL/src/stm32g4xx_hal_spi.c ****   * @{
 218:platform/HAL/src/stm32g4xx_hal_spi.c ****   */
 219:platform/HAL/src/stm32g4xx_hal_spi.c **** #define SPI_DEFAULT_TIMEOUT 100U
 220:platform/HAL/src/stm32g4xx_hal_spi.c **** /**
 221:platform/HAL/src/stm32g4xx_hal_spi.c ****   * @}
 222:platform/HAL/src/stm32g4xx_hal_spi.c ****   */
 223:platform/HAL/src/stm32g4xx_hal_spi.c **** 
 224:platform/HAL/src/stm32g4xx_hal_spi.c **** /* Private macros ------------------------------------------------------------*/
 225:platform/HAL/src/stm32g4xx_hal_spi.c **** /* Private variables ---------------------------------------------------------*/
 226:platform/HAL/src/stm32g4xx_hal_spi.c **** /* Private function prototypes -----------------------------------------------*/
 227:platform/HAL/src/stm32g4xx_hal_spi.c **** /** @defgroup SPI_Private_Functions SPI Private Functions
 228:platform/HAL/src/stm32g4xx_hal_spi.c ****   * @{
 229:platform/HAL/src/stm32g4xx_hal_spi.c ****   */
 230:platform/HAL/src/stm32g4xx_hal_spi.c **** static void SPI_DMATransmitCplt(DMA_HandleTypeDef *hdma);
 231:platform/HAL/src/stm32g4xx_hal_spi.c **** static void SPI_DMAReceiveCplt(DMA_HandleTypeDef *hdma);
 232:platform/HAL/src/stm32g4xx_hal_spi.c **** static void SPI_DMATransmitReceiveCplt(DMA_HandleTypeDef *hdma);
 233:platform/HAL/src/stm32g4xx_hal_spi.c **** static void SPI_DMAHalfTransmitCplt(DMA_HandleTypeDef *hdma);
 234:platform/HAL/src/stm32g4xx_hal_spi.c **** static void SPI_DMAHalfReceiveCplt(DMA_HandleTypeDef *hdma);
 235:platform/HAL/src/stm32g4xx_hal_spi.c **** static void SPI_DMAHalfTransmitReceiveCplt(DMA_HandleTypeDef *hdma);
 236:platform/HAL/src/stm32g4xx_hal_spi.c **** static void SPI_DMAError(DMA_HandleTypeDef *hdma);
 237:platform/HAL/src/stm32g4xx_hal_spi.c **** static void SPI_DMAAbortOnError(DMA_HandleTypeDef *hdma);
 238:platform/HAL/src/stm32g4xx_hal_spi.c **** static void SPI_DMATxAbortCallback(DMA_HandleTypeDef *hdma);
 239:platform/HAL/src/stm32g4xx_hal_spi.c **** static void SPI_DMARxAbortCallback(DMA_HandleTypeDef *hdma);
 240:platform/HAL/src/stm32g4xx_hal_spi.c **** static HAL_StatusTypeDef SPI_WaitFlagStateUntilTimeout(SPI_HandleTypeDef *hspi, uint32_t Flag, Flag
 241:platform/HAL/src/stm32g4xx_hal_spi.c ****                                                        uint32_t Timeout, uint32_t Tickstart);
 242:platform/HAL/src/stm32g4xx_hal_spi.c **** static HAL_StatusTypeDef SPI_WaitFifoStateUntilTimeout(SPI_HandleTypeDef *hspi, uint32_t Fifo, uint
 243:platform/HAL/src/stm32g4xx_hal_spi.c ****                                                        uint32_t Timeout, uint32_t Tickstart);
 244:platform/HAL/src/stm32g4xx_hal_spi.c **** static void SPI_TxISR_8BIT(struct __SPI_HandleTypeDef *hspi);
 245:platform/HAL/src/stm32g4xx_hal_spi.c **** static void SPI_TxISR_16BIT(struct __SPI_HandleTypeDef *hspi);
 246:platform/HAL/src/stm32g4xx_hal_spi.c **** static void SPI_RxISR_8BIT(struct __SPI_HandleTypeDef *hspi);
 247:platform/HAL/src/stm32g4xx_hal_spi.c **** static void SPI_RxISR_16BIT(struct __SPI_HandleTypeDef *hspi);
 248:platform/HAL/src/stm32g4xx_hal_spi.c **** static void SPI_2linesRxISR_8BIT(struct __SPI_HandleTypeDef *hspi);
 249:platform/HAL/src/stm32g4xx_hal_spi.c **** static void SPI_2linesTxISR_8BIT(struct __SPI_HandleTypeDef *hspi);
 250:platform/HAL/src/stm32g4xx_hal_spi.c **** static void SPI_2linesTxISR_16BIT(struct __SPI_HandleTypeDef *hspi);
 251:platform/HAL/src/stm32g4xx_hal_spi.c **** static void SPI_2linesRxISR_16BIT(struct __SPI_HandleTypeDef *hspi);
 252:platform/HAL/src/stm32g4xx_hal_spi.c **** #if (USE_SPI_CRC != 0U)
 253:platform/HAL/src/stm32g4xx_hal_spi.c **** static void SPI_RxISR_8BITCRC(struct __SPI_HandleTypeDef *hspi);
 254:platform/HAL/src/stm32g4xx_hal_spi.c **** static void SPI_RxISR_16BITCRC(struct __SPI_HandleTypeDef *hspi);
 255:platform/HAL/src/stm32g4xx_hal_spi.c **** static void SPI_2linesRxISR_8BITCRC(struct __SPI_HandleTypeDef *hspi);
 256:platform/HAL/src/stm32g4xx_hal_spi.c **** static void SPI_2linesRxISR_16BITCRC(struct __SPI_HandleTypeDef *hspi);
 257:platform/HAL/src/stm32g4xx_hal_spi.c **** #endif /* USE_SPI_CRC */
 258:platform/HAL/src/stm32g4xx_hal_spi.c **** static void SPI_AbortRx_ISR(SPI_HandleTypeDef *hspi);
ARM GAS  /tmp/ccMpXq91.s 			page 6


 259:platform/HAL/src/stm32g4xx_hal_spi.c **** static void SPI_AbortTx_ISR(SPI_HandleTypeDef *hspi);
 260:platform/HAL/src/stm32g4xx_hal_spi.c **** static void SPI_CloseRxTx_ISR(SPI_HandleTypeDef *hspi);
 261:platform/HAL/src/stm32g4xx_hal_spi.c **** static void SPI_CloseRx_ISR(SPI_HandleTypeDef *hspi);
 262:platform/HAL/src/stm32g4xx_hal_spi.c **** static void SPI_CloseTx_ISR(SPI_HandleTypeDef *hspi);
 263:platform/HAL/src/stm32g4xx_hal_spi.c **** static HAL_StatusTypeDef SPI_EndRxTransaction(SPI_HandleTypeDef *hspi, uint32_t Timeout, uint32_t T
 264:platform/HAL/src/stm32g4xx_hal_spi.c **** static HAL_StatusTypeDef SPI_EndRxTxTransaction(SPI_HandleTypeDef *hspi, uint32_t Timeout, uint32_t
 265:platform/HAL/src/stm32g4xx_hal_spi.c **** /**
 266:platform/HAL/src/stm32g4xx_hal_spi.c ****   * @}
 267:platform/HAL/src/stm32g4xx_hal_spi.c ****   */
 268:platform/HAL/src/stm32g4xx_hal_spi.c **** 
 269:platform/HAL/src/stm32g4xx_hal_spi.c **** /* Exported functions --------------------------------------------------------*/
 270:platform/HAL/src/stm32g4xx_hal_spi.c **** /** @defgroup SPI_Exported_Functions SPI Exported Functions
 271:platform/HAL/src/stm32g4xx_hal_spi.c ****   * @{
 272:platform/HAL/src/stm32g4xx_hal_spi.c ****   */
 273:platform/HAL/src/stm32g4xx_hal_spi.c **** 
 274:platform/HAL/src/stm32g4xx_hal_spi.c **** /** @defgroup SPI_Exported_Functions_Group1 Initialization and de-initialization functions
 275:platform/HAL/src/stm32g4xx_hal_spi.c ****   *  @brief    Initialization and Configuration functions
 276:platform/HAL/src/stm32g4xx_hal_spi.c ****   *
 277:platform/HAL/src/stm32g4xx_hal_spi.c **** @verbatim
 278:platform/HAL/src/stm32g4xx_hal_spi.c ****  ===============================================================================
 279:platform/HAL/src/stm32g4xx_hal_spi.c ****               ##### Initialization and de-initialization functions #####
 280:platform/HAL/src/stm32g4xx_hal_spi.c ****  ===============================================================================
 281:platform/HAL/src/stm32g4xx_hal_spi.c ****     [..]  This subsection provides a set of functions allowing to initialize and
 282:platform/HAL/src/stm32g4xx_hal_spi.c ****           de-initialize the SPIx peripheral:
 283:platform/HAL/src/stm32g4xx_hal_spi.c **** 
 284:platform/HAL/src/stm32g4xx_hal_spi.c ****       (+) User must implement HAL_SPI_MspInit() function in which he configures
 285:platform/HAL/src/stm32g4xx_hal_spi.c ****           all related peripherals resources (CLOCK, GPIO, DMA, IT and NVIC ).
 286:platform/HAL/src/stm32g4xx_hal_spi.c **** 
 287:platform/HAL/src/stm32g4xx_hal_spi.c ****       (+) Call the function HAL_SPI_Init() to configure the selected device with
 288:platform/HAL/src/stm32g4xx_hal_spi.c ****           the selected configuration:
 289:platform/HAL/src/stm32g4xx_hal_spi.c ****         (++) Mode
 290:platform/HAL/src/stm32g4xx_hal_spi.c ****         (++) Direction
 291:platform/HAL/src/stm32g4xx_hal_spi.c ****         (++) Data Size
 292:platform/HAL/src/stm32g4xx_hal_spi.c ****         (++) Clock Polarity and Phase
 293:platform/HAL/src/stm32g4xx_hal_spi.c ****         (++) NSS Management
 294:platform/HAL/src/stm32g4xx_hal_spi.c ****         (++) BaudRate Prescaler
 295:platform/HAL/src/stm32g4xx_hal_spi.c ****         (++) FirstBit
 296:platform/HAL/src/stm32g4xx_hal_spi.c ****         (++) TIMode
 297:platform/HAL/src/stm32g4xx_hal_spi.c ****         (++) CRC Calculation
 298:platform/HAL/src/stm32g4xx_hal_spi.c ****         (++) CRC Polynomial if CRC enabled
 299:platform/HAL/src/stm32g4xx_hal_spi.c ****         (++) CRC Length, used only with Data8 and Data16
 300:platform/HAL/src/stm32g4xx_hal_spi.c ****         (++) FIFO reception threshold
 301:platform/HAL/src/stm32g4xx_hal_spi.c **** 
 302:platform/HAL/src/stm32g4xx_hal_spi.c ****       (+) Call the function HAL_SPI_DeInit() to restore the default configuration
 303:platform/HAL/src/stm32g4xx_hal_spi.c ****           of the selected SPIx peripheral.
 304:platform/HAL/src/stm32g4xx_hal_spi.c **** 
 305:platform/HAL/src/stm32g4xx_hal_spi.c **** @endverbatim
 306:platform/HAL/src/stm32g4xx_hal_spi.c ****   * @{
 307:platform/HAL/src/stm32g4xx_hal_spi.c ****   */
 308:platform/HAL/src/stm32g4xx_hal_spi.c **** 
 309:platform/HAL/src/stm32g4xx_hal_spi.c **** /**
 310:platform/HAL/src/stm32g4xx_hal_spi.c ****   * @brief  Initialize the SPI according to the specified parameters
 311:platform/HAL/src/stm32g4xx_hal_spi.c ****   *         in the SPI_InitTypeDef and initialize the associated handle.
 312:platform/HAL/src/stm32g4xx_hal_spi.c ****   * @param  hspi pointer to a SPI_HandleTypeDef structure that contains
 313:platform/HAL/src/stm32g4xx_hal_spi.c ****   *               the configuration information for SPI module.
 314:platform/HAL/src/stm32g4xx_hal_spi.c ****   * @retval HAL status
 315:platform/HAL/src/stm32g4xx_hal_spi.c ****   */
ARM GAS  /tmp/ccMpXq91.s 			page 7


 316:platform/HAL/src/stm32g4xx_hal_spi.c **** HAL_StatusTypeDef HAL_SPI_Init(SPI_HandleTypeDef *hspi)
 317:platform/HAL/src/stm32g4xx_hal_spi.c **** {
 318:platform/HAL/src/stm32g4xx_hal_spi.c ****   uint32_t frxth;
 319:platform/HAL/src/stm32g4xx_hal_spi.c **** 
 320:platform/HAL/src/stm32g4xx_hal_spi.c ****   /* Check the SPI handle allocation */
 321:platform/HAL/src/stm32g4xx_hal_spi.c ****   if (hspi == NULL)
 322:platform/HAL/src/stm32g4xx_hal_spi.c ****   {
 323:platform/HAL/src/stm32g4xx_hal_spi.c ****     return HAL_ERROR;
 324:platform/HAL/src/stm32g4xx_hal_spi.c ****   }
 325:platform/HAL/src/stm32g4xx_hal_spi.c **** 
 326:platform/HAL/src/stm32g4xx_hal_spi.c ****   /* Check the parameters */
 327:platform/HAL/src/stm32g4xx_hal_spi.c ****   assert_param(IS_SPI_ALL_INSTANCE(hspi->Instance));
 328:platform/HAL/src/stm32g4xx_hal_spi.c ****   assert_param(IS_SPI_MODE(hspi->Init.Mode));
 329:platform/HAL/src/stm32g4xx_hal_spi.c ****   assert_param(IS_SPI_DIRECTION(hspi->Init.Direction));
 330:platform/HAL/src/stm32g4xx_hal_spi.c ****   assert_param(IS_SPI_DATASIZE(hspi->Init.DataSize));
 331:platform/HAL/src/stm32g4xx_hal_spi.c ****   assert_param(IS_SPI_NSS(hspi->Init.NSS));
 332:platform/HAL/src/stm32g4xx_hal_spi.c ****   assert_param(IS_SPI_NSSP(hspi->Init.NSSPMode));
 333:platform/HAL/src/stm32g4xx_hal_spi.c ****   assert_param(IS_SPI_BAUDRATE_PRESCALER(hspi->Init.BaudRatePrescaler));
 334:platform/HAL/src/stm32g4xx_hal_spi.c ****   assert_param(IS_SPI_FIRST_BIT(hspi->Init.FirstBit));
 335:platform/HAL/src/stm32g4xx_hal_spi.c ****   assert_param(IS_SPI_TIMODE(hspi->Init.TIMode));
 336:platform/HAL/src/stm32g4xx_hal_spi.c ****   if (hspi->Init.TIMode == SPI_TIMODE_DISABLE)
 337:platform/HAL/src/stm32g4xx_hal_spi.c ****   {
 338:platform/HAL/src/stm32g4xx_hal_spi.c ****     assert_param(IS_SPI_CPOL(hspi->Init.CLKPolarity));
 339:platform/HAL/src/stm32g4xx_hal_spi.c ****     assert_param(IS_SPI_CPHA(hspi->Init.CLKPhase));
 340:platform/HAL/src/stm32g4xx_hal_spi.c **** 
 341:platform/HAL/src/stm32g4xx_hal_spi.c ****     if (hspi->Init.Mode == SPI_MODE_MASTER)
 342:platform/HAL/src/stm32g4xx_hal_spi.c ****     {
 343:platform/HAL/src/stm32g4xx_hal_spi.c ****       assert_param(IS_SPI_BAUDRATE_PRESCALER(hspi->Init.BaudRatePrescaler));
 344:platform/HAL/src/stm32g4xx_hal_spi.c ****     }
 345:platform/HAL/src/stm32g4xx_hal_spi.c ****     else
 346:platform/HAL/src/stm32g4xx_hal_spi.c ****     {
 347:platform/HAL/src/stm32g4xx_hal_spi.c ****       /* Baudrate prescaler not use in Motoraola Slave mode. force to default value */
 348:platform/HAL/src/stm32g4xx_hal_spi.c ****       hspi->Init.BaudRatePrescaler = SPI_BAUDRATEPRESCALER_2;
 349:platform/HAL/src/stm32g4xx_hal_spi.c ****     }
 350:platform/HAL/src/stm32g4xx_hal_spi.c ****   }
 351:platform/HAL/src/stm32g4xx_hal_spi.c ****   else
 352:platform/HAL/src/stm32g4xx_hal_spi.c ****   {
 353:platform/HAL/src/stm32g4xx_hal_spi.c ****     assert_param(IS_SPI_BAUDRATE_PRESCALER(hspi->Init.BaudRatePrescaler));
 354:platform/HAL/src/stm32g4xx_hal_spi.c **** 
 355:platform/HAL/src/stm32g4xx_hal_spi.c ****     /* Force polarity and phase to TI protocaol requirements */
 356:platform/HAL/src/stm32g4xx_hal_spi.c ****     hspi->Init.CLKPolarity = SPI_POLARITY_LOW;
 357:platform/HAL/src/stm32g4xx_hal_spi.c ****     hspi->Init.CLKPhase    = SPI_PHASE_1EDGE;
 358:platform/HAL/src/stm32g4xx_hal_spi.c ****   }
 359:platform/HAL/src/stm32g4xx_hal_spi.c **** #if (USE_SPI_CRC != 0U)
 360:platform/HAL/src/stm32g4xx_hal_spi.c ****   assert_param(IS_SPI_CRC_CALCULATION(hspi->Init.CRCCalculation));
 361:platform/HAL/src/stm32g4xx_hal_spi.c ****   if (hspi->Init.CRCCalculation == SPI_CRCCALCULATION_ENABLE)
 362:platform/HAL/src/stm32g4xx_hal_spi.c ****   {
 363:platform/HAL/src/stm32g4xx_hal_spi.c ****     assert_param(IS_SPI_CRC_POLYNOMIAL(hspi->Init.CRCPolynomial));
 364:platform/HAL/src/stm32g4xx_hal_spi.c ****     assert_param(IS_SPI_CRC_LENGTH(hspi->Init.CRCLength));
 365:platform/HAL/src/stm32g4xx_hal_spi.c ****   }
 366:platform/HAL/src/stm32g4xx_hal_spi.c **** #else
 367:platform/HAL/src/stm32g4xx_hal_spi.c ****   hspi->Init.CRCCalculation = SPI_CRCCALCULATION_DISABLE;
 368:platform/HAL/src/stm32g4xx_hal_spi.c **** #endif /* USE_SPI_CRC */
 369:platform/HAL/src/stm32g4xx_hal_spi.c **** 
 370:platform/HAL/src/stm32g4xx_hal_spi.c ****   if (hspi->State == HAL_SPI_STATE_RESET)
 371:platform/HAL/src/stm32g4xx_hal_spi.c ****   {
 372:platform/HAL/src/stm32g4xx_hal_spi.c ****     /* Allocate lock resource and initialize it */
ARM GAS  /tmp/ccMpXq91.s 			page 8


 373:platform/HAL/src/stm32g4xx_hal_spi.c ****     hspi->Lock = HAL_UNLOCKED;
 374:platform/HAL/src/stm32g4xx_hal_spi.c **** 
 375:platform/HAL/src/stm32g4xx_hal_spi.c **** #if (USE_HAL_SPI_REGISTER_CALLBACKS == 1U)
 376:platform/HAL/src/stm32g4xx_hal_spi.c ****     /* Init the SPI Callback settings */
 377:platform/HAL/src/stm32g4xx_hal_spi.c ****     hspi->TxCpltCallback       = HAL_SPI_TxCpltCallback;       /* Legacy weak TxCpltCallback       
 378:platform/HAL/src/stm32g4xx_hal_spi.c ****     hspi->RxCpltCallback       = HAL_SPI_RxCpltCallback;       /* Legacy weak RxCpltCallback       
 379:platform/HAL/src/stm32g4xx_hal_spi.c ****     hspi->TxRxCpltCallback     = HAL_SPI_TxRxCpltCallback;     /* Legacy weak TxRxCpltCallback     
 380:platform/HAL/src/stm32g4xx_hal_spi.c ****     hspi->TxHalfCpltCallback   = HAL_SPI_TxHalfCpltCallback;   /* Legacy weak TxHalfCpltCallback   
 381:platform/HAL/src/stm32g4xx_hal_spi.c ****     hspi->RxHalfCpltCallback   = HAL_SPI_RxHalfCpltCallback;   /* Legacy weak RxHalfCpltCallback   
 382:platform/HAL/src/stm32g4xx_hal_spi.c ****     hspi->TxRxHalfCpltCallback = HAL_SPI_TxRxHalfCpltCallback; /* Legacy weak TxRxHalfCpltCallback 
 383:platform/HAL/src/stm32g4xx_hal_spi.c ****     hspi->ErrorCallback        = HAL_SPI_ErrorCallback;        /* Legacy weak ErrorCallback        
 384:platform/HAL/src/stm32g4xx_hal_spi.c ****     hspi->AbortCpltCallback    = HAL_SPI_AbortCpltCallback;    /* Legacy weak AbortCpltCallback    
 385:platform/HAL/src/stm32g4xx_hal_spi.c **** 
 386:platform/HAL/src/stm32g4xx_hal_spi.c ****     if (hspi->MspInitCallback == NULL)
 387:platform/HAL/src/stm32g4xx_hal_spi.c ****     {
 388:platform/HAL/src/stm32g4xx_hal_spi.c ****       hspi->MspInitCallback = HAL_SPI_MspInit; /* Legacy weak MspInit  */
 389:platform/HAL/src/stm32g4xx_hal_spi.c ****     }
 390:platform/HAL/src/stm32g4xx_hal_spi.c **** 
 391:platform/HAL/src/stm32g4xx_hal_spi.c ****     /* Init the low level hardware : GPIO, CLOCK, NVIC... */
 392:platform/HAL/src/stm32g4xx_hal_spi.c ****     hspi->MspInitCallback(hspi);
 393:platform/HAL/src/stm32g4xx_hal_spi.c **** #else
 394:platform/HAL/src/stm32g4xx_hal_spi.c ****     /* Init the low level hardware : GPIO, CLOCK, NVIC... */
 395:platform/HAL/src/stm32g4xx_hal_spi.c ****     HAL_SPI_MspInit(hspi);
 396:platform/HAL/src/stm32g4xx_hal_spi.c **** #endif /* USE_HAL_SPI_REGISTER_CALLBACKS */
 397:platform/HAL/src/stm32g4xx_hal_spi.c ****   }
 398:platform/HAL/src/stm32g4xx_hal_spi.c **** 
 399:platform/HAL/src/stm32g4xx_hal_spi.c ****   hspi->State = HAL_SPI_STATE_BUSY;
 400:platform/HAL/src/stm32g4xx_hal_spi.c **** 
 401:platform/HAL/src/stm32g4xx_hal_spi.c ****   /* Disable the selected SPI peripheral */
 402:platform/HAL/src/stm32g4xx_hal_spi.c ****   __HAL_SPI_DISABLE(hspi);
 403:platform/HAL/src/stm32g4xx_hal_spi.c **** 
 404:platform/HAL/src/stm32g4xx_hal_spi.c ****   /* Align by default the rs fifo threshold on the data size */
 405:platform/HAL/src/stm32g4xx_hal_spi.c ****   if (hspi->Init.DataSize > SPI_DATASIZE_8BIT)
 406:platform/HAL/src/stm32g4xx_hal_spi.c ****   {
 407:platform/HAL/src/stm32g4xx_hal_spi.c ****     frxth = SPI_RXFIFO_THRESHOLD_HF;
 408:platform/HAL/src/stm32g4xx_hal_spi.c ****   }
 409:platform/HAL/src/stm32g4xx_hal_spi.c ****   else
 410:platform/HAL/src/stm32g4xx_hal_spi.c ****   {
 411:platform/HAL/src/stm32g4xx_hal_spi.c ****     frxth = SPI_RXFIFO_THRESHOLD_QF;
 412:platform/HAL/src/stm32g4xx_hal_spi.c ****   }
 413:platform/HAL/src/stm32g4xx_hal_spi.c **** 
 414:platform/HAL/src/stm32g4xx_hal_spi.c ****   /* CRC calculation is valid only for 16Bit and 8 Bit */
 415:platform/HAL/src/stm32g4xx_hal_spi.c ****   if ((hspi->Init.DataSize != SPI_DATASIZE_16BIT) && (hspi->Init.DataSize != SPI_DATASIZE_8BIT))
 416:platform/HAL/src/stm32g4xx_hal_spi.c ****   {
 417:platform/HAL/src/stm32g4xx_hal_spi.c ****     /* CRC must be disabled */
 418:platform/HAL/src/stm32g4xx_hal_spi.c ****     hspi->Init.CRCCalculation = SPI_CRCCALCULATION_DISABLE;
 419:platform/HAL/src/stm32g4xx_hal_spi.c ****   }
 420:platform/HAL/src/stm32g4xx_hal_spi.c **** 
 421:platform/HAL/src/stm32g4xx_hal_spi.c ****   /*----------------------- SPIx CR1 & CR2 Configuration ---------------------*/
 422:platform/HAL/src/stm32g4xx_hal_spi.c ****   /* Configure : SPI Mode, Communication Mode, Clock polarity and phase, NSS management,
 423:platform/HAL/src/stm32g4xx_hal_spi.c ****   Communication speed, First bit and CRC calculation state */
 424:platform/HAL/src/stm32g4xx_hal_spi.c ****   WRITE_REG(hspi->Instance->CR1, ((hspi->Init.Mode & (SPI_CR1_MSTR | SPI_CR1_SSI)) |
 425:platform/HAL/src/stm32g4xx_hal_spi.c ****                                   (hspi->Init.Direction & (SPI_CR1_RXONLY | SPI_CR1_BIDIMODE)) |
 426:platform/HAL/src/stm32g4xx_hal_spi.c ****                                   (hspi->Init.CLKPolarity & SPI_CR1_CPOL) |
 427:platform/HAL/src/stm32g4xx_hal_spi.c ****                                   (hspi->Init.CLKPhase & SPI_CR1_CPHA) |
 428:platform/HAL/src/stm32g4xx_hal_spi.c ****                                   (hspi->Init.NSS & SPI_CR1_SSM) |
 429:platform/HAL/src/stm32g4xx_hal_spi.c ****                                   (hspi->Init.BaudRatePrescaler & SPI_CR1_BR_Msk) |
ARM GAS  /tmp/ccMpXq91.s 			page 9


 430:platform/HAL/src/stm32g4xx_hal_spi.c ****                                   (hspi->Init.FirstBit  & SPI_CR1_LSBFIRST) |
 431:platform/HAL/src/stm32g4xx_hal_spi.c ****                                   (hspi->Init.CRCCalculation & SPI_CR1_CRCEN)));
 432:platform/HAL/src/stm32g4xx_hal_spi.c **** #if (USE_SPI_CRC != 0U)
 433:platform/HAL/src/stm32g4xx_hal_spi.c ****   /*---------------------------- SPIx CRCL Configuration -------------------*/
 434:platform/HAL/src/stm32g4xx_hal_spi.c ****   if (hspi->Init.CRCCalculation == SPI_CRCCALCULATION_ENABLE)
 435:platform/HAL/src/stm32g4xx_hal_spi.c ****   {
 436:platform/HAL/src/stm32g4xx_hal_spi.c ****     /* Align the CRC Length on the data size */
 437:platform/HAL/src/stm32g4xx_hal_spi.c ****     if (hspi->Init.CRCLength == SPI_CRC_LENGTH_DATASIZE)
 438:platform/HAL/src/stm32g4xx_hal_spi.c ****     {
 439:platform/HAL/src/stm32g4xx_hal_spi.c ****       /* CRC Length aligned on the data size : value set by default */
 440:platform/HAL/src/stm32g4xx_hal_spi.c ****       if (hspi->Init.DataSize > SPI_DATASIZE_8BIT)
 441:platform/HAL/src/stm32g4xx_hal_spi.c ****       {
 442:platform/HAL/src/stm32g4xx_hal_spi.c ****         hspi->Init.CRCLength = SPI_CRC_LENGTH_16BIT;
 443:platform/HAL/src/stm32g4xx_hal_spi.c ****       }
 444:platform/HAL/src/stm32g4xx_hal_spi.c ****       else
 445:platform/HAL/src/stm32g4xx_hal_spi.c ****       {
 446:platform/HAL/src/stm32g4xx_hal_spi.c ****         hspi->Init.CRCLength = SPI_CRC_LENGTH_8BIT;
 447:platform/HAL/src/stm32g4xx_hal_spi.c ****       }
 448:platform/HAL/src/stm32g4xx_hal_spi.c ****     }
 449:platform/HAL/src/stm32g4xx_hal_spi.c **** 
 450:platform/HAL/src/stm32g4xx_hal_spi.c ****     /* Configure : CRC Length */
 451:platform/HAL/src/stm32g4xx_hal_spi.c ****     if (hspi->Init.CRCLength == SPI_CRC_LENGTH_16BIT)
 452:platform/HAL/src/stm32g4xx_hal_spi.c ****     {
 453:platform/HAL/src/stm32g4xx_hal_spi.c ****       SET_BIT(hspi->Instance->CR1, SPI_CR1_CRCL);
 454:platform/HAL/src/stm32g4xx_hal_spi.c ****     }
 455:platform/HAL/src/stm32g4xx_hal_spi.c ****   }
 456:platform/HAL/src/stm32g4xx_hal_spi.c **** #endif /* USE_SPI_CRC */
 457:platform/HAL/src/stm32g4xx_hal_spi.c **** 
 458:platform/HAL/src/stm32g4xx_hal_spi.c ****   /* Configure : NSS management, TI Mode, NSS Pulse, Data size and Rx Fifo threshold */
 459:platform/HAL/src/stm32g4xx_hal_spi.c ****   WRITE_REG(hspi->Instance->CR2, (((hspi->Init.NSS >> 16U) & SPI_CR2_SSOE) |
 460:platform/HAL/src/stm32g4xx_hal_spi.c ****                                   (hspi->Init.TIMode & SPI_CR2_FRF) |
 461:platform/HAL/src/stm32g4xx_hal_spi.c ****                                   (hspi->Init.NSSPMode & SPI_CR2_NSSP) |
 462:platform/HAL/src/stm32g4xx_hal_spi.c ****                                   (hspi->Init.DataSize & SPI_CR2_DS_Msk) |
 463:platform/HAL/src/stm32g4xx_hal_spi.c ****                                   (frxth & SPI_CR2_FRXTH)));
 464:platform/HAL/src/stm32g4xx_hal_spi.c **** 
 465:platform/HAL/src/stm32g4xx_hal_spi.c **** #if (USE_SPI_CRC != 0U)
 466:platform/HAL/src/stm32g4xx_hal_spi.c ****   /*---------------------------- SPIx CRCPOLY Configuration ------------------*/
 467:platform/HAL/src/stm32g4xx_hal_spi.c ****   /* Configure : CRC Polynomial */
 468:platform/HAL/src/stm32g4xx_hal_spi.c ****   if (hspi->Init.CRCCalculation == SPI_CRCCALCULATION_ENABLE)
 469:platform/HAL/src/stm32g4xx_hal_spi.c ****   {
 470:platform/HAL/src/stm32g4xx_hal_spi.c ****     WRITE_REG(hspi->Instance->CRCPR, (hspi->Init.CRCPolynomial & SPI_CRCPR_CRCPOLY_Msk));
 471:platform/HAL/src/stm32g4xx_hal_spi.c ****   }
 472:platform/HAL/src/stm32g4xx_hal_spi.c **** #endif /* USE_SPI_CRC */
 473:platform/HAL/src/stm32g4xx_hal_spi.c **** 
 474:platform/HAL/src/stm32g4xx_hal_spi.c **** #if defined(SPI_I2SCFGR_I2SMOD)
 475:platform/HAL/src/stm32g4xx_hal_spi.c ****   /* Activate the SPI mode (Make sure that I2SMOD bit in I2SCFGR register is reset) */
 476:platform/HAL/src/stm32g4xx_hal_spi.c ****   CLEAR_BIT(hspi->Instance->I2SCFGR, SPI_I2SCFGR_I2SMOD);
 477:platform/HAL/src/stm32g4xx_hal_spi.c **** #endif /* SPI_I2SCFGR_I2SMOD */
 478:platform/HAL/src/stm32g4xx_hal_spi.c **** 
 479:platform/HAL/src/stm32g4xx_hal_spi.c ****   hspi->ErrorCode = HAL_SPI_ERROR_NONE;
 480:platform/HAL/src/stm32g4xx_hal_spi.c ****   hspi->State     = HAL_SPI_STATE_READY;
 481:platform/HAL/src/stm32g4xx_hal_spi.c **** 
 482:platform/HAL/src/stm32g4xx_hal_spi.c ****   return HAL_OK;
 483:platform/HAL/src/stm32g4xx_hal_spi.c **** }
 484:platform/HAL/src/stm32g4xx_hal_spi.c **** 
 485:platform/HAL/src/stm32g4xx_hal_spi.c **** /**
 486:platform/HAL/src/stm32g4xx_hal_spi.c ****   * @brief  De-Initialize the SPI peripheral.
ARM GAS  /tmp/ccMpXq91.s 			page 10


 487:platform/HAL/src/stm32g4xx_hal_spi.c ****   * @param  hspi pointer to a SPI_HandleTypeDef structure that contains
 488:platform/HAL/src/stm32g4xx_hal_spi.c ****   *               the configuration information for SPI module.
 489:platform/HAL/src/stm32g4xx_hal_spi.c ****   * @retval HAL status
 490:platform/HAL/src/stm32g4xx_hal_spi.c ****   */
 491:platform/HAL/src/stm32g4xx_hal_spi.c **** HAL_StatusTypeDef HAL_SPI_DeInit(SPI_HandleTypeDef *hspi)
 492:platform/HAL/src/stm32g4xx_hal_spi.c **** {
 493:platform/HAL/src/stm32g4xx_hal_spi.c ****   /* Check the SPI handle allocation */
 494:platform/HAL/src/stm32g4xx_hal_spi.c ****   if (hspi == NULL)
 495:platform/HAL/src/stm32g4xx_hal_spi.c ****   {
 496:platform/HAL/src/stm32g4xx_hal_spi.c ****     return HAL_ERROR;
 497:platform/HAL/src/stm32g4xx_hal_spi.c ****   }
 498:platform/HAL/src/stm32g4xx_hal_spi.c **** 
 499:platform/HAL/src/stm32g4xx_hal_spi.c ****   /* Check SPI Instance parameter */
 500:platform/HAL/src/stm32g4xx_hal_spi.c ****   assert_param(IS_SPI_ALL_INSTANCE(hspi->Instance));
 501:platform/HAL/src/stm32g4xx_hal_spi.c **** 
 502:platform/HAL/src/stm32g4xx_hal_spi.c ****   hspi->State = HAL_SPI_STATE_BUSY;
 503:platform/HAL/src/stm32g4xx_hal_spi.c **** 
 504:platform/HAL/src/stm32g4xx_hal_spi.c ****   /* Disable the SPI Peripheral Clock */
 505:platform/HAL/src/stm32g4xx_hal_spi.c ****   __HAL_SPI_DISABLE(hspi);
 506:platform/HAL/src/stm32g4xx_hal_spi.c **** 
 507:platform/HAL/src/stm32g4xx_hal_spi.c **** #if (USE_HAL_SPI_REGISTER_CALLBACKS == 1U)
 508:platform/HAL/src/stm32g4xx_hal_spi.c ****   if (hspi->MspDeInitCallback == NULL)
 509:platform/HAL/src/stm32g4xx_hal_spi.c ****   {
 510:platform/HAL/src/stm32g4xx_hal_spi.c ****     hspi->MspDeInitCallback = HAL_SPI_MspDeInit; /* Legacy weak MspDeInit  */
 511:platform/HAL/src/stm32g4xx_hal_spi.c ****   }
 512:platform/HAL/src/stm32g4xx_hal_spi.c **** 
 513:platform/HAL/src/stm32g4xx_hal_spi.c ****   /* DeInit the low level hardware: GPIO, CLOCK, NVIC... */
 514:platform/HAL/src/stm32g4xx_hal_spi.c ****   hspi->MspDeInitCallback(hspi);
 515:platform/HAL/src/stm32g4xx_hal_spi.c **** #else
 516:platform/HAL/src/stm32g4xx_hal_spi.c ****   /* DeInit the low level hardware: GPIO, CLOCK, NVIC... */
 517:platform/HAL/src/stm32g4xx_hal_spi.c ****   HAL_SPI_MspDeInit(hspi);
 518:platform/HAL/src/stm32g4xx_hal_spi.c **** #endif /* USE_HAL_SPI_REGISTER_CALLBACKS */
 519:platform/HAL/src/stm32g4xx_hal_spi.c **** 
 520:platform/HAL/src/stm32g4xx_hal_spi.c ****   hspi->ErrorCode = HAL_SPI_ERROR_NONE;
 521:platform/HAL/src/stm32g4xx_hal_spi.c ****   hspi->State = HAL_SPI_STATE_RESET;
 522:platform/HAL/src/stm32g4xx_hal_spi.c **** 
 523:platform/HAL/src/stm32g4xx_hal_spi.c ****   /* Release Lock */
 524:platform/HAL/src/stm32g4xx_hal_spi.c ****   __HAL_UNLOCK(hspi);
 525:platform/HAL/src/stm32g4xx_hal_spi.c **** 
 526:platform/HAL/src/stm32g4xx_hal_spi.c ****   return HAL_OK;
 527:platform/HAL/src/stm32g4xx_hal_spi.c **** }
 528:platform/HAL/src/stm32g4xx_hal_spi.c **** 
 529:platform/HAL/src/stm32g4xx_hal_spi.c **** /**
 530:platform/HAL/src/stm32g4xx_hal_spi.c ****   * @brief  Initialize the SPI MSP.
 531:platform/HAL/src/stm32g4xx_hal_spi.c ****   * @param  hspi pointer to a SPI_HandleTypeDef structure that contains
 532:platform/HAL/src/stm32g4xx_hal_spi.c ****   *               the configuration information for SPI module.
 533:platform/HAL/src/stm32g4xx_hal_spi.c ****   * @retval None
 534:platform/HAL/src/stm32g4xx_hal_spi.c ****   */
 535:platform/HAL/src/stm32g4xx_hal_spi.c **** __weak void HAL_SPI_MspInit(SPI_HandleTypeDef *hspi)
 536:platform/HAL/src/stm32g4xx_hal_spi.c **** {
 537:platform/HAL/src/stm32g4xx_hal_spi.c ****   /* Prevent unused argument(s) compilation warning */
 538:platform/HAL/src/stm32g4xx_hal_spi.c ****   UNUSED(hspi);
 539:platform/HAL/src/stm32g4xx_hal_spi.c **** 
 540:platform/HAL/src/stm32g4xx_hal_spi.c ****   /* NOTE : This function should not be modified, when the callback is needed,
 541:platform/HAL/src/stm32g4xx_hal_spi.c ****             the HAL_SPI_MspInit should be implemented in the user file
 542:platform/HAL/src/stm32g4xx_hal_spi.c ****    */
 543:platform/HAL/src/stm32g4xx_hal_spi.c **** }
ARM GAS  /tmp/ccMpXq91.s 			page 11


 544:platform/HAL/src/stm32g4xx_hal_spi.c **** 
 545:platform/HAL/src/stm32g4xx_hal_spi.c **** /**
 546:platform/HAL/src/stm32g4xx_hal_spi.c ****   * @brief  De-Initialize the SPI MSP.
 547:platform/HAL/src/stm32g4xx_hal_spi.c ****   * @param  hspi pointer to a SPI_HandleTypeDef structure that contains
 548:platform/HAL/src/stm32g4xx_hal_spi.c ****   *               the configuration information for SPI module.
 549:platform/HAL/src/stm32g4xx_hal_spi.c ****   * @retval None
 550:platform/HAL/src/stm32g4xx_hal_spi.c ****   */
 551:platform/HAL/src/stm32g4xx_hal_spi.c **** __weak void HAL_SPI_MspDeInit(SPI_HandleTypeDef *hspi)
 552:platform/HAL/src/stm32g4xx_hal_spi.c **** {
 553:platform/HAL/src/stm32g4xx_hal_spi.c ****   /* Prevent unused argument(s) compilation warning */
 554:platform/HAL/src/stm32g4xx_hal_spi.c ****   UNUSED(hspi);
 555:platform/HAL/src/stm32g4xx_hal_spi.c **** 
 556:platform/HAL/src/stm32g4xx_hal_spi.c ****   /* NOTE : This function should not be modified, when the callback is needed,
 557:platform/HAL/src/stm32g4xx_hal_spi.c ****             the HAL_SPI_MspDeInit should be implemented in the user file
 558:platform/HAL/src/stm32g4xx_hal_spi.c ****    */
 559:platform/HAL/src/stm32g4xx_hal_spi.c **** }
 560:platform/HAL/src/stm32g4xx_hal_spi.c **** 
 561:platform/HAL/src/stm32g4xx_hal_spi.c **** #if (USE_HAL_SPI_REGISTER_CALLBACKS == 1U)
 562:platform/HAL/src/stm32g4xx_hal_spi.c **** /**
 563:platform/HAL/src/stm32g4xx_hal_spi.c ****   * @brief  Register a User SPI Callback
 564:platform/HAL/src/stm32g4xx_hal_spi.c ****   *         To be used instead of the weak predefined callback
 565:platform/HAL/src/stm32g4xx_hal_spi.c ****   * @param  hspi Pointer to a SPI_HandleTypeDef structure that contains
 566:platform/HAL/src/stm32g4xx_hal_spi.c ****   *                the configuration information for the specified SPI.
 567:platform/HAL/src/stm32g4xx_hal_spi.c ****   * @param  CallbackID ID of the callback to be registered
 568:platform/HAL/src/stm32g4xx_hal_spi.c ****   * @param  pCallback pointer to the Callback function
 569:platform/HAL/src/stm32g4xx_hal_spi.c ****   * @retval HAL status
 570:platform/HAL/src/stm32g4xx_hal_spi.c ****   */
 571:platform/HAL/src/stm32g4xx_hal_spi.c **** HAL_StatusTypeDef HAL_SPI_RegisterCallback(SPI_HandleTypeDef *hspi, HAL_SPI_CallbackIDTypeDef Callb
 572:platform/HAL/src/stm32g4xx_hal_spi.c ****                                            pSPI_CallbackTypeDef pCallback)
 573:platform/HAL/src/stm32g4xx_hal_spi.c **** {
 574:platform/HAL/src/stm32g4xx_hal_spi.c ****   HAL_StatusTypeDef status = HAL_OK;
 575:platform/HAL/src/stm32g4xx_hal_spi.c **** 
 576:platform/HAL/src/stm32g4xx_hal_spi.c ****   if (pCallback == NULL)
 577:platform/HAL/src/stm32g4xx_hal_spi.c ****   {
 578:platform/HAL/src/stm32g4xx_hal_spi.c ****     /* Update the error code */
 579:platform/HAL/src/stm32g4xx_hal_spi.c ****     hspi->ErrorCode |= HAL_SPI_ERROR_INVALID_CALLBACK;
 580:platform/HAL/src/stm32g4xx_hal_spi.c **** 
 581:platform/HAL/src/stm32g4xx_hal_spi.c ****     return HAL_ERROR;
 582:platform/HAL/src/stm32g4xx_hal_spi.c ****   }
 583:platform/HAL/src/stm32g4xx_hal_spi.c ****   /* Process locked */
 584:platform/HAL/src/stm32g4xx_hal_spi.c ****   __HAL_LOCK(hspi);
 585:platform/HAL/src/stm32g4xx_hal_spi.c **** 
 586:platform/HAL/src/stm32g4xx_hal_spi.c ****   if (HAL_SPI_STATE_READY == hspi->State)
 587:platform/HAL/src/stm32g4xx_hal_spi.c ****   {
 588:platform/HAL/src/stm32g4xx_hal_spi.c ****     switch (CallbackID)
 589:platform/HAL/src/stm32g4xx_hal_spi.c ****     {
 590:platform/HAL/src/stm32g4xx_hal_spi.c ****       case HAL_SPI_TX_COMPLETE_CB_ID :
 591:platform/HAL/src/stm32g4xx_hal_spi.c ****         hspi->TxCpltCallback = pCallback;
 592:platform/HAL/src/stm32g4xx_hal_spi.c ****         break;
 593:platform/HAL/src/stm32g4xx_hal_spi.c **** 
 594:platform/HAL/src/stm32g4xx_hal_spi.c ****       case HAL_SPI_RX_COMPLETE_CB_ID :
 595:platform/HAL/src/stm32g4xx_hal_spi.c ****         hspi->RxCpltCallback = pCallback;
 596:platform/HAL/src/stm32g4xx_hal_spi.c ****         break;
 597:platform/HAL/src/stm32g4xx_hal_spi.c **** 
 598:platform/HAL/src/stm32g4xx_hal_spi.c ****       case HAL_SPI_TX_RX_COMPLETE_CB_ID :
 599:platform/HAL/src/stm32g4xx_hal_spi.c ****         hspi->TxRxCpltCallback = pCallback;
 600:platform/HAL/src/stm32g4xx_hal_spi.c ****         break;
ARM GAS  /tmp/ccMpXq91.s 			page 12


 601:platform/HAL/src/stm32g4xx_hal_spi.c **** 
 602:platform/HAL/src/stm32g4xx_hal_spi.c ****       case HAL_SPI_TX_HALF_COMPLETE_CB_ID :
 603:platform/HAL/src/stm32g4xx_hal_spi.c ****         hspi->TxHalfCpltCallback = pCallback;
 604:platform/HAL/src/stm32g4xx_hal_spi.c ****         break;
 605:platform/HAL/src/stm32g4xx_hal_spi.c **** 
 606:platform/HAL/src/stm32g4xx_hal_spi.c ****       case HAL_SPI_RX_HALF_COMPLETE_CB_ID :
 607:platform/HAL/src/stm32g4xx_hal_spi.c ****         hspi->RxHalfCpltCallback = pCallback;
 608:platform/HAL/src/stm32g4xx_hal_spi.c ****         break;
 609:platform/HAL/src/stm32g4xx_hal_spi.c **** 
 610:platform/HAL/src/stm32g4xx_hal_spi.c ****       case HAL_SPI_TX_RX_HALF_COMPLETE_CB_ID :
 611:platform/HAL/src/stm32g4xx_hal_spi.c ****         hspi->TxRxHalfCpltCallback = pCallback;
 612:platform/HAL/src/stm32g4xx_hal_spi.c ****         break;
 613:platform/HAL/src/stm32g4xx_hal_spi.c **** 
 614:platform/HAL/src/stm32g4xx_hal_spi.c ****       case HAL_SPI_ERROR_CB_ID :
 615:platform/HAL/src/stm32g4xx_hal_spi.c ****         hspi->ErrorCallback = pCallback;
 616:platform/HAL/src/stm32g4xx_hal_spi.c ****         break;
 617:platform/HAL/src/stm32g4xx_hal_spi.c **** 
 618:platform/HAL/src/stm32g4xx_hal_spi.c ****       case HAL_SPI_ABORT_CB_ID :
 619:platform/HAL/src/stm32g4xx_hal_spi.c ****         hspi->AbortCpltCallback = pCallback;
 620:platform/HAL/src/stm32g4xx_hal_spi.c ****         break;
 621:platform/HAL/src/stm32g4xx_hal_spi.c **** 
 622:platform/HAL/src/stm32g4xx_hal_spi.c ****       case HAL_SPI_MSPINIT_CB_ID :
 623:platform/HAL/src/stm32g4xx_hal_spi.c ****         hspi->MspInitCallback = pCallback;
 624:platform/HAL/src/stm32g4xx_hal_spi.c ****         break;
 625:platform/HAL/src/stm32g4xx_hal_spi.c **** 
 626:platform/HAL/src/stm32g4xx_hal_spi.c ****       case HAL_SPI_MSPDEINIT_CB_ID :
 627:platform/HAL/src/stm32g4xx_hal_spi.c ****         hspi->MspDeInitCallback = pCallback;
 628:platform/HAL/src/stm32g4xx_hal_spi.c ****         break;
 629:platform/HAL/src/stm32g4xx_hal_spi.c **** 
 630:platform/HAL/src/stm32g4xx_hal_spi.c ****       default :
 631:platform/HAL/src/stm32g4xx_hal_spi.c ****         /* Update the error code */
 632:platform/HAL/src/stm32g4xx_hal_spi.c ****         SET_BIT(hspi->ErrorCode, HAL_SPI_ERROR_INVALID_CALLBACK);
 633:platform/HAL/src/stm32g4xx_hal_spi.c **** 
 634:platform/HAL/src/stm32g4xx_hal_spi.c ****         /* Return error status */
 635:platform/HAL/src/stm32g4xx_hal_spi.c ****         status =  HAL_ERROR;
 636:platform/HAL/src/stm32g4xx_hal_spi.c ****         break;
 637:platform/HAL/src/stm32g4xx_hal_spi.c ****     }
 638:platform/HAL/src/stm32g4xx_hal_spi.c ****   }
 639:platform/HAL/src/stm32g4xx_hal_spi.c ****   else if (HAL_SPI_STATE_RESET == hspi->State)
 640:platform/HAL/src/stm32g4xx_hal_spi.c ****   {
 641:platform/HAL/src/stm32g4xx_hal_spi.c ****     switch (CallbackID)
 642:platform/HAL/src/stm32g4xx_hal_spi.c ****     {
 643:platform/HAL/src/stm32g4xx_hal_spi.c ****       case HAL_SPI_MSPINIT_CB_ID :
 644:platform/HAL/src/stm32g4xx_hal_spi.c ****         hspi->MspInitCallback = pCallback;
 645:platform/HAL/src/stm32g4xx_hal_spi.c ****         break;
 646:platform/HAL/src/stm32g4xx_hal_spi.c **** 
 647:platform/HAL/src/stm32g4xx_hal_spi.c ****       case HAL_SPI_MSPDEINIT_CB_ID :
 648:platform/HAL/src/stm32g4xx_hal_spi.c ****         hspi->MspDeInitCallback = pCallback;
 649:platform/HAL/src/stm32g4xx_hal_spi.c ****         break;
 650:platform/HAL/src/stm32g4xx_hal_spi.c **** 
 651:platform/HAL/src/stm32g4xx_hal_spi.c ****       default :
 652:platform/HAL/src/stm32g4xx_hal_spi.c ****         /* Update the error code */
 653:platform/HAL/src/stm32g4xx_hal_spi.c ****         SET_BIT(hspi->ErrorCode, HAL_SPI_ERROR_INVALID_CALLBACK);
 654:platform/HAL/src/stm32g4xx_hal_spi.c **** 
 655:platform/HAL/src/stm32g4xx_hal_spi.c ****         /* Return error status */
 656:platform/HAL/src/stm32g4xx_hal_spi.c ****         status =  HAL_ERROR;
 657:platform/HAL/src/stm32g4xx_hal_spi.c ****         break;
ARM GAS  /tmp/ccMpXq91.s 			page 13


 658:platform/HAL/src/stm32g4xx_hal_spi.c ****     }
 659:platform/HAL/src/stm32g4xx_hal_spi.c ****   }
 660:platform/HAL/src/stm32g4xx_hal_spi.c ****   else
 661:platform/HAL/src/stm32g4xx_hal_spi.c ****   {
 662:platform/HAL/src/stm32g4xx_hal_spi.c ****     /* Update the error code */
 663:platform/HAL/src/stm32g4xx_hal_spi.c ****     SET_BIT(hspi->ErrorCode, HAL_SPI_ERROR_INVALID_CALLBACK);
 664:platform/HAL/src/stm32g4xx_hal_spi.c **** 
 665:platform/HAL/src/stm32g4xx_hal_spi.c ****     /* Return error status */
 666:platform/HAL/src/stm32g4xx_hal_spi.c ****     status =  HAL_ERROR;
 667:platform/HAL/src/stm32g4xx_hal_spi.c ****   }
 668:platform/HAL/src/stm32g4xx_hal_spi.c **** 
 669:platform/HAL/src/stm32g4xx_hal_spi.c ****   /* Release Lock */
 670:platform/HAL/src/stm32g4xx_hal_spi.c ****   __HAL_UNLOCK(hspi);
 671:platform/HAL/src/stm32g4xx_hal_spi.c ****   return status;
 672:platform/HAL/src/stm32g4xx_hal_spi.c **** }
 673:platform/HAL/src/stm32g4xx_hal_spi.c **** 
 674:platform/HAL/src/stm32g4xx_hal_spi.c **** /**
 675:platform/HAL/src/stm32g4xx_hal_spi.c ****   * @brief  Unregister an SPI Callback
 676:platform/HAL/src/stm32g4xx_hal_spi.c ****   *         SPI callback is redirected to the weak predefined callback
 677:platform/HAL/src/stm32g4xx_hal_spi.c ****   * @param  hspi Pointer to a SPI_HandleTypeDef structure that contains
 678:platform/HAL/src/stm32g4xx_hal_spi.c ****   *                the configuration information for the specified SPI.
 679:platform/HAL/src/stm32g4xx_hal_spi.c ****   * @param  CallbackID ID of the callback to be unregistered
 680:platform/HAL/src/stm32g4xx_hal_spi.c ****   * @retval HAL status
 681:platform/HAL/src/stm32g4xx_hal_spi.c ****   */
 682:platform/HAL/src/stm32g4xx_hal_spi.c **** HAL_StatusTypeDef HAL_SPI_UnRegisterCallback(SPI_HandleTypeDef *hspi, HAL_SPI_CallbackIDTypeDef Cal
 683:platform/HAL/src/stm32g4xx_hal_spi.c **** {
 684:platform/HAL/src/stm32g4xx_hal_spi.c ****   HAL_StatusTypeDef status = HAL_OK;
 685:platform/HAL/src/stm32g4xx_hal_spi.c **** 
 686:platform/HAL/src/stm32g4xx_hal_spi.c ****   /* Process locked */
 687:platform/HAL/src/stm32g4xx_hal_spi.c ****   __HAL_LOCK(hspi);
 688:platform/HAL/src/stm32g4xx_hal_spi.c **** 
 689:platform/HAL/src/stm32g4xx_hal_spi.c ****   if (HAL_SPI_STATE_READY == hspi->State)
 690:platform/HAL/src/stm32g4xx_hal_spi.c ****   {
 691:platform/HAL/src/stm32g4xx_hal_spi.c ****     switch (CallbackID)
 692:platform/HAL/src/stm32g4xx_hal_spi.c ****     {
 693:platform/HAL/src/stm32g4xx_hal_spi.c ****       case HAL_SPI_TX_COMPLETE_CB_ID :
 694:platform/HAL/src/stm32g4xx_hal_spi.c ****         hspi->TxCpltCallback = HAL_SPI_TxCpltCallback;             /* Legacy weak TxCpltCallback   
 695:platform/HAL/src/stm32g4xx_hal_spi.c ****         break;
 696:platform/HAL/src/stm32g4xx_hal_spi.c **** 
 697:platform/HAL/src/stm32g4xx_hal_spi.c ****       case HAL_SPI_RX_COMPLETE_CB_ID :
 698:platform/HAL/src/stm32g4xx_hal_spi.c ****         hspi->RxCpltCallback = HAL_SPI_RxCpltCallback;             /* Legacy weak RxCpltCallback   
 699:platform/HAL/src/stm32g4xx_hal_spi.c ****         break;
 700:platform/HAL/src/stm32g4xx_hal_spi.c **** 
 701:platform/HAL/src/stm32g4xx_hal_spi.c ****       case HAL_SPI_TX_RX_COMPLETE_CB_ID :
 702:platform/HAL/src/stm32g4xx_hal_spi.c ****         hspi->TxRxCpltCallback = HAL_SPI_TxRxCpltCallback;         /* Legacy weak TxRxCpltCallback 
 703:platform/HAL/src/stm32g4xx_hal_spi.c ****         break;
 704:platform/HAL/src/stm32g4xx_hal_spi.c **** 
 705:platform/HAL/src/stm32g4xx_hal_spi.c ****       case HAL_SPI_TX_HALF_COMPLETE_CB_ID :
 706:platform/HAL/src/stm32g4xx_hal_spi.c ****         hspi->TxHalfCpltCallback = HAL_SPI_TxHalfCpltCallback;     /* Legacy weak TxHalfCpltCallbac
 707:platform/HAL/src/stm32g4xx_hal_spi.c ****         break;
 708:platform/HAL/src/stm32g4xx_hal_spi.c **** 
 709:platform/HAL/src/stm32g4xx_hal_spi.c ****       case HAL_SPI_RX_HALF_COMPLETE_CB_ID :
 710:platform/HAL/src/stm32g4xx_hal_spi.c ****         hspi->RxHalfCpltCallback = HAL_SPI_RxHalfCpltCallback;     /* Legacy weak RxHalfCpltCallbac
 711:platform/HAL/src/stm32g4xx_hal_spi.c ****         break;
 712:platform/HAL/src/stm32g4xx_hal_spi.c **** 
 713:platform/HAL/src/stm32g4xx_hal_spi.c ****       case HAL_SPI_TX_RX_HALF_COMPLETE_CB_ID :
 714:platform/HAL/src/stm32g4xx_hal_spi.c ****         hspi->TxRxHalfCpltCallback = HAL_SPI_TxRxHalfCpltCallback; /* Legacy weak TxRxHalfCpltCallb
ARM GAS  /tmp/ccMpXq91.s 			page 14


 715:platform/HAL/src/stm32g4xx_hal_spi.c ****         break;
 716:platform/HAL/src/stm32g4xx_hal_spi.c **** 
 717:platform/HAL/src/stm32g4xx_hal_spi.c ****       case HAL_SPI_ERROR_CB_ID :
 718:platform/HAL/src/stm32g4xx_hal_spi.c ****         hspi->ErrorCallback = HAL_SPI_ErrorCallback;               /* Legacy weak ErrorCallback    
 719:platform/HAL/src/stm32g4xx_hal_spi.c ****         break;
 720:platform/HAL/src/stm32g4xx_hal_spi.c **** 
 721:platform/HAL/src/stm32g4xx_hal_spi.c ****       case HAL_SPI_ABORT_CB_ID :
 722:platform/HAL/src/stm32g4xx_hal_spi.c ****         hspi->AbortCpltCallback = HAL_SPI_AbortCpltCallback;       /* Legacy weak AbortCpltCallback
 723:platform/HAL/src/stm32g4xx_hal_spi.c ****         break;
 724:platform/HAL/src/stm32g4xx_hal_spi.c **** 
 725:platform/HAL/src/stm32g4xx_hal_spi.c ****       case HAL_SPI_MSPINIT_CB_ID :
 726:platform/HAL/src/stm32g4xx_hal_spi.c ****         hspi->MspInitCallback = HAL_SPI_MspInit;                   /* Legacy weak MspInit          
 727:platform/HAL/src/stm32g4xx_hal_spi.c ****         break;
 728:platform/HAL/src/stm32g4xx_hal_spi.c **** 
 729:platform/HAL/src/stm32g4xx_hal_spi.c ****       case HAL_SPI_MSPDEINIT_CB_ID :
 730:platform/HAL/src/stm32g4xx_hal_spi.c ****         hspi->MspDeInitCallback = HAL_SPI_MspDeInit;               /* Legacy weak MspDeInit        
 731:platform/HAL/src/stm32g4xx_hal_spi.c ****         break;
 732:platform/HAL/src/stm32g4xx_hal_spi.c **** 
 733:platform/HAL/src/stm32g4xx_hal_spi.c ****       default :
 734:platform/HAL/src/stm32g4xx_hal_spi.c ****         /* Update the error code */
 735:platform/HAL/src/stm32g4xx_hal_spi.c ****         SET_BIT(hspi->ErrorCode, HAL_SPI_ERROR_INVALID_CALLBACK);
 736:platform/HAL/src/stm32g4xx_hal_spi.c **** 
 737:platform/HAL/src/stm32g4xx_hal_spi.c ****         /* Return error status */
 738:platform/HAL/src/stm32g4xx_hal_spi.c ****         status =  HAL_ERROR;
 739:platform/HAL/src/stm32g4xx_hal_spi.c ****         break;
 740:platform/HAL/src/stm32g4xx_hal_spi.c ****     }
 741:platform/HAL/src/stm32g4xx_hal_spi.c ****   }
 742:platform/HAL/src/stm32g4xx_hal_spi.c ****   else if (HAL_SPI_STATE_RESET == hspi->State)
 743:platform/HAL/src/stm32g4xx_hal_spi.c ****   {
 744:platform/HAL/src/stm32g4xx_hal_spi.c ****     switch (CallbackID)
 745:platform/HAL/src/stm32g4xx_hal_spi.c ****     {
 746:platform/HAL/src/stm32g4xx_hal_spi.c ****       case HAL_SPI_MSPINIT_CB_ID :
 747:platform/HAL/src/stm32g4xx_hal_spi.c ****         hspi->MspInitCallback = HAL_SPI_MspInit;                   /* Legacy weak MspInit          
 748:platform/HAL/src/stm32g4xx_hal_spi.c ****         break;
 749:platform/HAL/src/stm32g4xx_hal_spi.c **** 
 750:platform/HAL/src/stm32g4xx_hal_spi.c ****       case HAL_SPI_MSPDEINIT_CB_ID :
 751:platform/HAL/src/stm32g4xx_hal_spi.c ****         hspi->MspDeInitCallback = HAL_SPI_MspDeInit;               /* Legacy weak MspDeInit        
 752:platform/HAL/src/stm32g4xx_hal_spi.c ****         break;
 753:platform/HAL/src/stm32g4xx_hal_spi.c **** 
 754:platform/HAL/src/stm32g4xx_hal_spi.c ****       default :
 755:platform/HAL/src/stm32g4xx_hal_spi.c ****         /* Update the error code */
 756:platform/HAL/src/stm32g4xx_hal_spi.c ****         SET_BIT(hspi->ErrorCode, HAL_SPI_ERROR_INVALID_CALLBACK);
 757:platform/HAL/src/stm32g4xx_hal_spi.c **** 
 758:platform/HAL/src/stm32g4xx_hal_spi.c ****         /* Return error status */
 759:platform/HAL/src/stm32g4xx_hal_spi.c ****         status =  HAL_ERROR;
 760:platform/HAL/src/stm32g4xx_hal_spi.c ****         break;
 761:platform/HAL/src/stm32g4xx_hal_spi.c ****     }
 762:platform/HAL/src/stm32g4xx_hal_spi.c ****   }
 763:platform/HAL/src/stm32g4xx_hal_spi.c ****   else
 764:platform/HAL/src/stm32g4xx_hal_spi.c ****   {
 765:platform/HAL/src/stm32g4xx_hal_spi.c ****     /* Update the error code */
 766:platform/HAL/src/stm32g4xx_hal_spi.c ****     SET_BIT(hspi->ErrorCode, HAL_SPI_ERROR_INVALID_CALLBACK);
 767:platform/HAL/src/stm32g4xx_hal_spi.c **** 
 768:platform/HAL/src/stm32g4xx_hal_spi.c ****     /* Return error status */
 769:platform/HAL/src/stm32g4xx_hal_spi.c ****     status =  HAL_ERROR;
 770:platform/HAL/src/stm32g4xx_hal_spi.c ****   }
 771:platform/HAL/src/stm32g4xx_hal_spi.c **** 
ARM GAS  /tmp/ccMpXq91.s 			page 15


 772:platform/HAL/src/stm32g4xx_hal_spi.c ****   /* Release Lock */
 773:platform/HAL/src/stm32g4xx_hal_spi.c ****   __HAL_UNLOCK(hspi);
 774:platform/HAL/src/stm32g4xx_hal_spi.c ****   return status;
 775:platform/HAL/src/stm32g4xx_hal_spi.c **** }
 776:platform/HAL/src/stm32g4xx_hal_spi.c **** #endif /* USE_HAL_SPI_REGISTER_CALLBACKS */
 777:platform/HAL/src/stm32g4xx_hal_spi.c **** /**
 778:platform/HAL/src/stm32g4xx_hal_spi.c ****   * @}
 779:platform/HAL/src/stm32g4xx_hal_spi.c ****   */
 780:platform/HAL/src/stm32g4xx_hal_spi.c **** 
 781:platform/HAL/src/stm32g4xx_hal_spi.c **** /** @defgroup SPI_Exported_Functions_Group2 IO operation functions
 782:platform/HAL/src/stm32g4xx_hal_spi.c ****   *  @brief   Data transfers functions
 783:platform/HAL/src/stm32g4xx_hal_spi.c ****   *
 784:platform/HAL/src/stm32g4xx_hal_spi.c **** @verbatim
 785:platform/HAL/src/stm32g4xx_hal_spi.c ****   ==============================================================================
 786:platform/HAL/src/stm32g4xx_hal_spi.c ****                       ##### IO operation functions #####
 787:platform/HAL/src/stm32g4xx_hal_spi.c ****  ===============================================================================
 788:platform/HAL/src/stm32g4xx_hal_spi.c ****  [..]
 789:platform/HAL/src/stm32g4xx_hal_spi.c ****     This subsection provides a set of functions allowing to manage the SPI
 790:platform/HAL/src/stm32g4xx_hal_spi.c ****     data transfers.
 791:platform/HAL/src/stm32g4xx_hal_spi.c **** 
 792:platform/HAL/src/stm32g4xx_hal_spi.c ****     [..] The SPI supports master and slave mode :
 793:platform/HAL/src/stm32g4xx_hal_spi.c **** 
 794:platform/HAL/src/stm32g4xx_hal_spi.c ****     (#) There are two modes of transfer:
 795:platform/HAL/src/stm32g4xx_hal_spi.c ****        (++) Blocking mode: The communication is performed in polling mode.
 796:platform/HAL/src/stm32g4xx_hal_spi.c ****             The HAL status of all data processing is returned by the same function
 797:platform/HAL/src/stm32g4xx_hal_spi.c ****             after finishing transfer.
 798:platform/HAL/src/stm32g4xx_hal_spi.c ****        (++) No-Blocking mode: The communication is performed using Interrupts
 799:platform/HAL/src/stm32g4xx_hal_spi.c ****             or DMA, These APIs return the HAL status.
 800:platform/HAL/src/stm32g4xx_hal_spi.c ****             The end of the data processing will be indicated through the
 801:platform/HAL/src/stm32g4xx_hal_spi.c ****             dedicated SPI IRQ when using Interrupt mode or the DMA IRQ when
 802:platform/HAL/src/stm32g4xx_hal_spi.c ****             using DMA mode.
 803:platform/HAL/src/stm32g4xx_hal_spi.c ****             The HAL_SPI_TxCpltCallback(), HAL_SPI_RxCpltCallback() and HAL_SPI_TxRxCpltCallback() u
 804:platform/HAL/src/stm32g4xx_hal_spi.c ****             will be executed respectively at the end of the transmit or Receive process
 805:platform/HAL/src/stm32g4xx_hal_spi.c ****             The HAL_SPI_ErrorCallback()user callback will be executed when a communication error is
 806:platform/HAL/src/stm32g4xx_hal_spi.c **** 
 807:platform/HAL/src/stm32g4xx_hal_spi.c ****     (#) APIs provided for these 2 transfer modes (Blocking mode or Non blocking mode using either I
 808:platform/HAL/src/stm32g4xx_hal_spi.c ****         exist for 1Line (simplex) and 2Lines (full duplex) modes.
 809:platform/HAL/src/stm32g4xx_hal_spi.c **** 
 810:platform/HAL/src/stm32g4xx_hal_spi.c **** @endverbatim
 811:platform/HAL/src/stm32g4xx_hal_spi.c ****   * @{
 812:platform/HAL/src/stm32g4xx_hal_spi.c ****   */
 813:platform/HAL/src/stm32g4xx_hal_spi.c **** 
 814:platform/HAL/src/stm32g4xx_hal_spi.c **** /**
 815:platform/HAL/src/stm32g4xx_hal_spi.c ****   * @brief  Transmit an amount of data in blocking mode.
 816:platform/HAL/src/stm32g4xx_hal_spi.c ****   * @param  hspi pointer to a SPI_HandleTypeDef structure that contains
 817:platform/HAL/src/stm32g4xx_hal_spi.c ****   *               the configuration information for SPI module.
 818:platform/HAL/src/stm32g4xx_hal_spi.c ****   * @param  pData pointer to data buffer
 819:platform/HAL/src/stm32g4xx_hal_spi.c ****   * @param  Size amount of data to be sent
 820:platform/HAL/src/stm32g4xx_hal_spi.c ****   * @param  Timeout Timeout duration
 821:platform/HAL/src/stm32g4xx_hal_spi.c ****   * @retval HAL status
 822:platform/HAL/src/stm32g4xx_hal_spi.c ****   */
 823:platform/HAL/src/stm32g4xx_hal_spi.c **** HAL_StatusTypeDef HAL_SPI_Transmit(SPI_HandleTypeDef *hspi, const uint8_t *pData, uint16_t Size, ui
 824:platform/HAL/src/stm32g4xx_hal_spi.c **** {
 825:platform/HAL/src/stm32g4xx_hal_spi.c ****   uint32_t tickstart;
 826:platform/HAL/src/stm32g4xx_hal_spi.c ****   uint16_t initial_TxXferCount;
 827:platform/HAL/src/stm32g4xx_hal_spi.c **** 
 828:platform/HAL/src/stm32g4xx_hal_spi.c ****   /* Check Direction parameter */
ARM GAS  /tmp/ccMpXq91.s 			page 16


 829:platform/HAL/src/stm32g4xx_hal_spi.c ****   assert_param(IS_SPI_DIRECTION_2LINES_OR_1LINE(hspi->Init.Direction));
 830:platform/HAL/src/stm32g4xx_hal_spi.c **** 
 831:platform/HAL/src/stm32g4xx_hal_spi.c ****   /* Init tickstart for timeout management*/
 832:platform/HAL/src/stm32g4xx_hal_spi.c ****   tickstart = HAL_GetTick();
 833:platform/HAL/src/stm32g4xx_hal_spi.c ****   initial_TxXferCount = Size;
 834:platform/HAL/src/stm32g4xx_hal_spi.c **** 
 835:platform/HAL/src/stm32g4xx_hal_spi.c ****   if (hspi->State != HAL_SPI_STATE_READY)
 836:platform/HAL/src/stm32g4xx_hal_spi.c ****   {
 837:platform/HAL/src/stm32g4xx_hal_spi.c ****     return HAL_BUSY;
 838:platform/HAL/src/stm32g4xx_hal_spi.c ****   }
 839:platform/HAL/src/stm32g4xx_hal_spi.c **** 
 840:platform/HAL/src/stm32g4xx_hal_spi.c ****   if ((pData == NULL) || (Size == 0U))
 841:platform/HAL/src/stm32g4xx_hal_spi.c ****   {
 842:platform/HAL/src/stm32g4xx_hal_spi.c ****     return HAL_ERROR;
 843:platform/HAL/src/stm32g4xx_hal_spi.c ****   }
 844:platform/HAL/src/stm32g4xx_hal_spi.c **** 
 845:platform/HAL/src/stm32g4xx_hal_spi.c ****   /* Process Locked */
 846:platform/HAL/src/stm32g4xx_hal_spi.c ****   __HAL_LOCK(hspi);
 847:platform/HAL/src/stm32g4xx_hal_spi.c **** 
 848:platform/HAL/src/stm32g4xx_hal_spi.c ****   /* Set the transaction information */
 849:platform/HAL/src/stm32g4xx_hal_spi.c ****   hspi->State       = HAL_SPI_STATE_BUSY_TX;
 850:platform/HAL/src/stm32g4xx_hal_spi.c ****   hspi->ErrorCode   = HAL_SPI_ERROR_NONE;
 851:platform/HAL/src/stm32g4xx_hal_spi.c ****   hspi->pTxBuffPtr  = (const uint8_t *)pData;
 852:platform/HAL/src/stm32g4xx_hal_spi.c ****   hspi->TxXferSize  = Size;
 853:platform/HAL/src/stm32g4xx_hal_spi.c ****   hspi->TxXferCount = Size;
 854:platform/HAL/src/stm32g4xx_hal_spi.c **** 
 855:platform/HAL/src/stm32g4xx_hal_spi.c ****   /*Init field not used in handle to zero */
 856:platform/HAL/src/stm32g4xx_hal_spi.c ****   hspi->pRxBuffPtr  = (uint8_t *)NULL;
 857:platform/HAL/src/stm32g4xx_hal_spi.c ****   hspi->RxXferSize  = 0U;
 858:platform/HAL/src/stm32g4xx_hal_spi.c ****   hspi->RxXferCount = 0U;
 859:platform/HAL/src/stm32g4xx_hal_spi.c ****   hspi->TxISR       = NULL;
 860:platform/HAL/src/stm32g4xx_hal_spi.c ****   hspi->RxISR       = NULL;
 861:platform/HAL/src/stm32g4xx_hal_spi.c **** 
 862:platform/HAL/src/stm32g4xx_hal_spi.c ****   /* Configure communication direction : 1Line */
 863:platform/HAL/src/stm32g4xx_hal_spi.c ****   if (hspi->Init.Direction == SPI_DIRECTION_1LINE)
 864:platform/HAL/src/stm32g4xx_hal_spi.c ****   {
 865:platform/HAL/src/stm32g4xx_hal_spi.c ****     /* Disable SPI Peripheral before set 1Line direction (BIDIOE bit) */
 866:platform/HAL/src/stm32g4xx_hal_spi.c ****     __HAL_SPI_DISABLE(hspi);
 867:platform/HAL/src/stm32g4xx_hal_spi.c ****     SPI_1LINE_TX(hspi);
 868:platform/HAL/src/stm32g4xx_hal_spi.c ****   }
 869:platform/HAL/src/stm32g4xx_hal_spi.c **** 
 870:platform/HAL/src/stm32g4xx_hal_spi.c **** #if (USE_SPI_CRC != 0U)
 871:platform/HAL/src/stm32g4xx_hal_spi.c ****   /* Reset CRC Calculation */
 872:platform/HAL/src/stm32g4xx_hal_spi.c ****   if (hspi->Init.CRCCalculation == SPI_CRCCALCULATION_ENABLE)
 873:platform/HAL/src/stm32g4xx_hal_spi.c ****   {
 874:platform/HAL/src/stm32g4xx_hal_spi.c ****     SPI_RESET_CRC(hspi);
 875:platform/HAL/src/stm32g4xx_hal_spi.c ****   }
 876:platform/HAL/src/stm32g4xx_hal_spi.c **** #endif /* USE_SPI_CRC */
 877:platform/HAL/src/stm32g4xx_hal_spi.c **** 
 878:platform/HAL/src/stm32g4xx_hal_spi.c ****   /* Check if the SPI is already enabled */
 879:platform/HAL/src/stm32g4xx_hal_spi.c ****   if ((hspi->Instance->CR1 & SPI_CR1_SPE) != SPI_CR1_SPE)
 880:platform/HAL/src/stm32g4xx_hal_spi.c ****   {
 881:platform/HAL/src/stm32g4xx_hal_spi.c ****     /* Enable SPI peripheral */
 882:platform/HAL/src/stm32g4xx_hal_spi.c ****     __HAL_SPI_ENABLE(hspi);
 883:platform/HAL/src/stm32g4xx_hal_spi.c ****   }
 884:platform/HAL/src/stm32g4xx_hal_spi.c **** 
 885:platform/HAL/src/stm32g4xx_hal_spi.c ****   /* Transmit data in 16 Bit mode */
ARM GAS  /tmp/ccMpXq91.s 			page 17


 886:platform/HAL/src/stm32g4xx_hal_spi.c ****   if (hspi->Init.DataSize > SPI_DATASIZE_8BIT)
 887:platform/HAL/src/stm32g4xx_hal_spi.c ****   {
 888:platform/HAL/src/stm32g4xx_hal_spi.c ****     if ((hspi->Init.Mode == SPI_MODE_SLAVE) || (initial_TxXferCount == 0x01U))
 889:platform/HAL/src/stm32g4xx_hal_spi.c ****     {
 890:platform/HAL/src/stm32g4xx_hal_spi.c ****       hspi->Instance->DR = *((const uint16_t *)hspi->pTxBuffPtr);
 891:platform/HAL/src/stm32g4xx_hal_spi.c ****       hspi->pTxBuffPtr += sizeof(uint16_t);
 892:platform/HAL/src/stm32g4xx_hal_spi.c ****       hspi->TxXferCount--;
 893:platform/HAL/src/stm32g4xx_hal_spi.c ****     }
 894:platform/HAL/src/stm32g4xx_hal_spi.c ****     /* Transmit data in 16 Bit mode */
 895:platform/HAL/src/stm32g4xx_hal_spi.c ****     while (hspi->TxXferCount > 0U)
 896:platform/HAL/src/stm32g4xx_hal_spi.c ****     {
 897:platform/HAL/src/stm32g4xx_hal_spi.c ****       /* Wait until TXE flag is set to send data */
 898:platform/HAL/src/stm32g4xx_hal_spi.c ****       if (__HAL_SPI_GET_FLAG(hspi, SPI_FLAG_TXE))
 899:platform/HAL/src/stm32g4xx_hal_spi.c ****       {
 900:platform/HAL/src/stm32g4xx_hal_spi.c ****         hspi->Instance->DR = *((const uint16_t *)hspi->pTxBuffPtr);
 901:platform/HAL/src/stm32g4xx_hal_spi.c ****         hspi->pTxBuffPtr += sizeof(uint16_t);
 902:platform/HAL/src/stm32g4xx_hal_spi.c ****         hspi->TxXferCount--;
 903:platform/HAL/src/stm32g4xx_hal_spi.c ****       }
 904:platform/HAL/src/stm32g4xx_hal_spi.c ****       else
 905:platform/HAL/src/stm32g4xx_hal_spi.c ****       {
 906:platform/HAL/src/stm32g4xx_hal_spi.c ****         /* Timeout management */
 907:platform/HAL/src/stm32g4xx_hal_spi.c ****         if ((((HAL_GetTick() - tickstart) >=  Timeout) && (Timeout != HAL_MAX_DELAY)) || (Timeout =
 908:platform/HAL/src/stm32g4xx_hal_spi.c ****         {
 909:platform/HAL/src/stm32g4xx_hal_spi.c ****           hspi->State = HAL_SPI_STATE_READY;
 910:platform/HAL/src/stm32g4xx_hal_spi.c ****           __HAL_UNLOCK(hspi);
 911:platform/HAL/src/stm32g4xx_hal_spi.c ****           return HAL_TIMEOUT;
 912:platform/HAL/src/stm32g4xx_hal_spi.c ****         }
 913:platform/HAL/src/stm32g4xx_hal_spi.c ****       }
 914:platform/HAL/src/stm32g4xx_hal_spi.c ****     }
 915:platform/HAL/src/stm32g4xx_hal_spi.c ****   }
 916:platform/HAL/src/stm32g4xx_hal_spi.c ****   /* Transmit data in 8 Bit mode */
 917:platform/HAL/src/stm32g4xx_hal_spi.c ****   else
 918:platform/HAL/src/stm32g4xx_hal_spi.c ****   {
 919:platform/HAL/src/stm32g4xx_hal_spi.c ****     if ((hspi->Init.Mode == SPI_MODE_SLAVE) || (initial_TxXferCount == 0x01U))
 920:platform/HAL/src/stm32g4xx_hal_spi.c ****     {
 921:platform/HAL/src/stm32g4xx_hal_spi.c ****       if (hspi->TxXferCount > 1U)
 922:platform/HAL/src/stm32g4xx_hal_spi.c ****       {
 923:platform/HAL/src/stm32g4xx_hal_spi.c ****         /* write on the data register in packing mode */
 924:platform/HAL/src/stm32g4xx_hal_spi.c ****         hspi->Instance->DR = *((const uint16_t *)hspi->pTxBuffPtr);
 925:platform/HAL/src/stm32g4xx_hal_spi.c ****         hspi->pTxBuffPtr += sizeof(uint16_t);
 926:platform/HAL/src/stm32g4xx_hal_spi.c ****         hspi->TxXferCount -= 2U;
 927:platform/HAL/src/stm32g4xx_hal_spi.c ****       }
 928:platform/HAL/src/stm32g4xx_hal_spi.c ****       else
 929:platform/HAL/src/stm32g4xx_hal_spi.c ****       {
 930:platform/HAL/src/stm32g4xx_hal_spi.c ****         *((__IO uint8_t *)&hspi->Instance->DR) = *((const uint8_t *)hspi->pTxBuffPtr);
 931:platform/HAL/src/stm32g4xx_hal_spi.c ****         hspi->pTxBuffPtr ++;
 932:platform/HAL/src/stm32g4xx_hal_spi.c ****         hspi->TxXferCount--;
 933:platform/HAL/src/stm32g4xx_hal_spi.c ****       }
 934:platform/HAL/src/stm32g4xx_hal_spi.c ****     }
 935:platform/HAL/src/stm32g4xx_hal_spi.c ****     while (hspi->TxXferCount > 0U)
 936:platform/HAL/src/stm32g4xx_hal_spi.c ****     {
 937:platform/HAL/src/stm32g4xx_hal_spi.c ****       /* Wait until TXE flag is set to send data */
 938:platform/HAL/src/stm32g4xx_hal_spi.c ****       if (__HAL_SPI_GET_FLAG(hspi, SPI_FLAG_TXE))
 939:platform/HAL/src/stm32g4xx_hal_spi.c ****       {
 940:platform/HAL/src/stm32g4xx_hal_spi.c ****         if (hspi->TxXferCount > 1U)
 941:platform/HAL/src/stm32g4xx_hal_spi.c ****         {
 942:platform/HAL/src/stm32g4xx_hal_spi.c ****           /* write on the data register in packing mode */
ARM GAS  /tmp/ccMpXq91.s 			page 18


 943:platform/HAL/src/stm32g4xx_hal_spi.c ****           hspi->Instance->DR = *((const uint16_t *)hspi->pTxBuffPtr);
 944:platform/HAL/src/stm32g4xx_hal_spi.c ****           hspi->pTxBuffPtr += sizeof(uint16_t);
 945:platform/HAL/src/stm32g4xx_hal_spi.c ****           hspi->TxXferCount -= 2U;
 946:platform/HAL/src/stm32g4xx_hal_spi.c ****         }
 947:platform/HAL/src/stm32g4xx_hal_spi.c ****         else
 948:platform/HAL/src/stm32g4xx_hal_spi.c ****         {
 949:platform/HAL/src/stm32g4xx_hal_spi.c ****           *((__IO uint8_t *)&hspi->Instance->DR) = *((const uint8_t *)hspi->pTxBuffPtr);
 950:platform/HAL/src/stm32g4xx_hal_spi.c ****           hspi->pTxBuffPtr++;
 951:platform/HAL/src/stm32g4xx_hal_spi.c ****           hspi->TxXferCount--;
 952:platform/HAL/src/stm32g4xx_hal_spi.c ****         }
 953:platform/HAL/src/stm32g4xx_hal_spi.c ****       }
 954:platform/HAL/src/stm32g4xx_hal_spi.c ****       else
 955:platform/HAL/src/stm32g4xx_hal_spi.c ****       {
 956:platform/HAL/src/stm32g4xx_hal_spi.c ****         /* Timeout management */
 957:platform/HAL/src/stm32g4xx_hal_spi.c ****         if ((((HAL_GetTick() - tickstart) >=  Timeout) && (Timeout != HAL_MAX_DELAY)) || (Timeout =
 958:platform/HAL/src/stm32g4xx_hal_spi.c ****         {
 959:platform/HAL/src/stm32g4xx_hal_spi.c ****           hspi->State = HAL_SPI_STATE_READY;
 960:platform/HAL/src/stm32g4xx_hal_spi.c ****           __HAL_UNLOCK(hspi);
 961:platform/HAL/src/stm32g4xx_hal_spi.c ****           return HAL_TIMEOUT;
 962:platform/HAL/src/stm32g4xx_hal_spi.c ****         }
 963:platform/HAL/src/stm32g4xx_hal_spi.c ****       }
 964:platform/HAL/src/stm32g4xx_hal_spi.c ****     }
 965:platform/HAL/src/stm32g4xx_hal_spi.c ****   }
 966:platform/HAL/src/stm32g4xx_hal_spi.c **** #if (USE_SPI_CRC != 0U)
 967:platform/HAL/src/stm32g4xx_hal_spi.c ****   /* Enable CRC Transmission */
 968:platform/HAL/src/stm32g4xx_hal_spi.c ****   if (hspi->Init.CRCCalculation == SPI_CRCCALCULATION_ENABLE)
 969:platform/HAL/src/stm32g4xx_hal_spi.c ****   {
 970:platform/HAL/src/stm32g4xx_hal_spi.c ****     SET_BIT(hspi->Instance->CR1, SPI_CR1_CRCNEXT);
 971:platform/HAL/src/stm32g4xx_hal_spi.c ****   }
 972:platform/HAL/src/stm32g4xx_hal_spi.c **** #endif /* USE_SPI_CRC */
 973:platform/HAL/src/stm32g4xx_hal_spi.c **** 
 974:platform/HAL/src/stm32g4xx_hal_spi.c ****   /* Check the end of the transaction */
 975:platform/HAL/src/stm32g4xx_hal_spi.c ****   if (SPI_EndRxTxTransaction(hspi, Timeout, tickstart) != HAL_OK)
 976:platform/HAL/src/stm32g4xx_hal_spi.c ****   {
 977:platform/HAL/src/stm32g4xx_hal_spi.c ****     hspi->ErrorCode = HAL_SPI_ERROR_FLAG;
 978:platform/HAL/src/stm32g4xx_hal_spi.c ****   }
 979:platform/HAL/src/stm32g4xx_hal_spi.c **** 
 980:platform/HAL/src/stm32g4xx_hal_spi.c ****   /* Clear overrun flag in 2 Lines communication mode because received is not read */
 981:platform/HAL/src/stm32g4xx_hal_spi.c ****   if (hspi->Init.Direction == SPI_DIRECTION_2LINES)
 982:platform/HAL/src/stm32g4xx_hal_spi.c ****   {
 983:platform/HAL/src/stm32g4xx_hal_spi.c ****     __HAL_SPI_CLEAR_OVRFLAG(hspi);
 984:platform/HAL/src/stm32g4xx_hal_spi.c ****   }
 985:platform/HAL/src/stm32g4xx_hal_spi.c **** 
 986:platform/HAL/src/stm32g4xx_hal_spi.c ****   hspi->State = HAL_SPI_STATE_READY;
 987:platform/HAL/src/stm32g4xx_hal_spi.c ****   /* Process Unlocked */
 988:platform/HAL/src/stm32g4xx_hal_spi.c ****   __HAL_UNLOCK(hspi);
 989:platform/HAL/src/stm32g4xx_hal_spi.c **** 
 990:platform/HAL/src/stm32g4xx_hal_spi.c ****   if (hspi->ErrorCode != HAL_SPI_ERROR_NONE)
 991:platform/HAL/src/stm32g4xx_hal_spi.c ****   {
 992:platform/HAL/src/stm32g4xx_hal_spi.c ****     return HAL_ERROR;
 993:platform/HAL/src/stm32g4xx_hal_spi.c ****   }
 994:platform/HAL/src/stm32g4xx_hal_spi.c ****   else
 995:platform/HAL/src/stm32g4xx_hal_spi.c ****   {
 996:platform/HAL/src/stm32g4xx_hal_spi.c ****     return HAL_OK;
 997:platform/HAL/src/stm32g4xx_hal_spi.c ****   }
 998:platform/HAL/src/stm32g4xx_hal_spi.c **** }
 999:platform/HAL/src/stm32g4xx_hal_spi.c **** 
ARM GAS  /tmp/ccMpXq91.s 			page 19


1000:platform/HAL/src/stm32g4xx_hal_spi.c **** /**
1001:platform/HAL/src/stm32g4xx_hal_spi.c ****   * @brief  Receive an amount of data in blocking mode.
1002:platform/HAL/src/stm32g4xx_hal_spi.c ****   * @param  hspi pointer to a SPI_HandleTypeDef structure that contains
1003:platform/HAL/src/stm32g4xx_hal_spi.c ****   *               the configuration information for SPI module.
1004:platform/HAL/src/stm32g4xx_hal_spi.c ****   * @param  pData pointer to data buffer
1005:platform/HAL/src/stm32g4xx_hal_spi.c ****   * @param  Size amount of data to be received
1006:platform/HAL/src/stm32g4xx_hal_spi.c ****   * @param  Timeout Timeout duration
1007:platform/HAL/src/stm32g4xx_hal_spi.c ****   * @retval HAL status
1008:platform/HAL/src/stm32g4xx_hal_spi.c ****   */
1009:platform/HAL/src/stm32g4xx_hal_spi.c **** HAL_StatusTypeDef HAL_SPI_Receive(SPI_HandleTypeDef *hspi, uint8_t *pData, uint16_t Size, uint32_t 
1010:platform/HAL/src/stm32g4xx_hal_spi.c **** {
1011:platform/HAL/src/stm32g4xx_hal_spi.c **** #if (USE_SPI_CRC != 0U)
1012:platform/HAL/src/stm32g4xx_hal_spi.c ****   __IO uint32_t tmpreg = 0U;
1013:platform/HAL/src/stm32g4xx_hal_spi.c ****   __IO uint8_t  *ptmpreg8;
1014:platform/HAL/src/stm32g4xx_hal_spi.c ****   __IO uint8_t  tmpreg8 = 0;
1015:platform/HAL/src/stm32g4xx_hal_spi.c **** #endif /* USE_SPI_CRC */
1016:platform/HAL/src/stm32g4xx_hal_spi.c ****   uint32_t tickstart;
1017:platform/HAL/src/stm32g4xx_hal_spi.c **** 
1018:platform/HAL/src/stm32g4xx_hal_spi.c ****   if (hspi->State != HAL_SPI_STATE_READY)
1019:platform/HAL/src/stm32g4xx_hal_spi.c ****   {
1020:platform/HAL/src/stm32g4xx_hal_spi.c ****     return HAL_BUSY;
1021:platform/HAL/src/stm32g4xx_hal_spi.c ****   }
1022:platform/HAL/src/stm32g4xx_hal_spi.c **** 
1023:platform/HAL/src/stm32g4xx_hal_spi.c ****   if ((pData == NULL) || (Size == 0U))
1024:platform/HAL/src/stm32g4xx_hal_spi.c ****   {
1025:platform/HAL/src/stm32g4xx_hal_spi.c ****     return HAL_ERROR;
1026:platform/HAL/src/stm32g4xx_hal_spi.c ****   }
1027:platform/HAL/src/stm32g4xx_hal_spi.c **** 
1028:platform/HAL/src/stm32g4xx_hal_spi.c ****   if ((hspi->Init.Mode == SPI_MODE_MASTER) && (hspi->Init.Direction == SPI_DIRECTION_2LINES))
1029:platform/HAL/src/stm32g4xx_hal_spi.c ****   {
1030:platform/HAL/src/stm32g4xx_hal_spi.c ****     hspi->State = HAL_SPI_STATE_BUSY_RX;
1031:platform/HAL/src/stm32g4xx_hal_spi.c ****     /* Call transmit-receive function to send Dummy data on Tx line and generate clock on CLK line 
1032:platform/HAL/src/stm32g4xx_hal_spi.c ****     return HAL_SPI_TransmitReceive(hspi, pData, pData, Size, Timeout);
1033:platform/HAL/src/stm32g4xx_hal_spi.c ****   }
1034:platform/HAL/src/stm32g4xx_hal_spi.c **** 
1035:platform/HAL/src/stm32g4xx_hal_spi.c ****   /* Init tickstart for timeout management*/
1036:platform/HAL/src/stm32g4xx_hal_spi.c ****   tickstart = HAL_GetTick();
1037:platform/HAL/src/stm32g4xx_hal_spi.c **** 
1038:platform/HAL/src/stm32g4xx_hal_spi.c ****   /* Process Locked */
1039:platform/HAL/src/stm32g4xx_hal_spi.c ****   __HAL_LOCK(hspi);
1040:platform/HAL/src/stm32g4xx_hal_spi.c **** 
1041:platform/HAL/src/stm32g4xx_hal_spi.c ****   /* Set the transaction information */
1042:platform/HAL/src/stm32g4xx_hal_spi.c ****   hspi->State       = HAL_SPI_STATE_BUSY_RX;
1043:platform/HAL/src/stm32g4xx_hal_spi.c ****   hspi->ErrorCode   = HAL_SPI_ERROR_NONE;
1044:platform/HAL/src/stm32g4xx_hal_spi.c ****   hspi->pRxBuffPtr  = (uint8_t *)pData;
1045:platform/HAL/src/stm32g4xx_hal_spi.c ****   hspi->RxXferSize  = Size;
1046:platform/HAL/src/stm32g4xx_hal_spi.c ****   hspi->RxXferCount = Size;
1047:platform/HAL/src/stm32g4xx_hal_spi.c **** 
1048:platform/HAL/src/stm32g4xx_hal_spi.c ****   /*Init field not used in handle to zero */
1049:platform/HAL/src/stm32g4xx_hal_spi.c ****   hspi->pTxBuffPtr  = (uint8_t *)NULL;
1050:platform/HAL/src/stm32g4xx_hal_spi.c ****   hspi->TxXferSize  = 0U;
1051:platform/HAL/src/stm32g4xx_hal_spi.c ****   hspi->TxXferCount = 0U;
1052:platform/HAL/src/stm32g4xx_hal_spi.c ****   hspi->RxISR       = NULL;
1053:platform/HAL/src/stm32g4xx_hal_spi.c ****   hspi->TxISR       = NULL;
1054:platform/HAL/src/stm32g4xx_hal_spi.c **** 
1055:platform/HAL/src/stm32g4xx_hal_spi.c **** #if (USE_SPI_CRC != 0U)
1056:platform/HAL/src/stm32g4xx_hal_spi.c ****   /* Reset CRC Calculation */
ARM GAS  /tmp/ccMpXq91.s 			page 20


1057:platform/HAL/src/stm32g4xx_hal_spi.c ****   if (hspi->Init.CRCCalculation == SPI_CRCCALCULATION_ENABLE)
1058:platform/HAL/src/stm32g4xx_hal_spi.c ****   {
1059:platform/HAL/src/stm32g4xx_hal_spi.c ****     SPI_RESET_CRC(hspi);
1060:platform/HAL/src/stm32g4xx_hal_spi.c ****     /* this is done to handle the CRCNEXT before the latest data */
1061:platform/HAL/src/stm32g4xx_hal_spi.c ****     hspi->RxXferCount--;
1062:platform/HAL/src/stm32g4xx_hal_spi.c ****   }
1063:platform/HAL/src/stm32g4xx_hal_spi.c **** #endif /* USE_SPI_CRC */
1064:platform/HAL/src/stm32g4xx_hal_spi.c **** 
1065:platform/HAL/src/stm32g4xx_hal_spi.c ****   /* Set the Rx Fifo threshold */
1066:platform/HAL/src/stm32g4xx_hal_spi.c ****   if (hspi->Init.DataSize > SPI_DATASIZE_8BIT)
1067:platform/HAL/src/stm32g4xx_hal_spi.c ****   {
1068:platform/HAL/src/stm32g4xx_hal_spi.c ****     /* Set RX Fifo threshold according the reception data length: 16bit */
1069:platform/HAL/src/stm32g4xx_hal_spi.c ****     CLEAR_BIT(hspi->Instance->CR2, SPI_RXFIFO_THRESHOLD);
1070:platform/HAL/src/stm32g4xx_hal_spi.c ****   }
1071:platform/HAL/src/stm32g4xx_hal_spi.c ****   else
1072:platform/HAL/src/stm32g4xx_hal_spi.c ****   {
1073:platform/HAL/src/stm32g4xx_hal_spi.c ****     /* Set RX Fifo threshold according the reception data length: 8bit */
1074:platform/HAL/src/stm32g4xx_hal_spi.c ****     SET_BIT(hspi->Instance->CR2, SPI_RXFIFO_THRESHOLD);
1075:platform/HAL/src/stm32g4xx_hal_spi.c ****   }
1076:platform/HAL/src/stm32g4xx_hal_spi.c **** 
1077:platform/HAL/src/stm32g4xx_hal_spi.c ****   /* Configure communication direction: 1Line */
1078:platform/HAL/src/stm32g4xx_hal_spi.c ****   if (hspi->Init.Direction == SPI_DIRECTION_1LINE)
1079:platform/HAL/src/stm32g4xx_hal_spi.c ****   {
1080:platform/HAL/src/stm32g4xx_hal_spi.c ****     /* Disable SPI Peripheral before set 1Line direction (BIDIOE bit) */
1081:platform/HAL/src/stm32g4xx_hal_spi.c ****     __HAL_SPI_DISABLE(hspi);
1082:platform/HAL/src/stm32g4xx_hal_spi.c ****     SPI_1LINE_RX(hspi);
1083:platform/HAL/src/stm32g4xx_hal_spi.c ****   }
1084:platform/HAL/src/stm32g4xx_hal_spi.c **** 
1085:platform/HAL/src/stm32g4xx_hal_spi.c ****   /* Check if the SPI is already enabled */
1086:platform/HAL/src/stm32g4xx_hal_spi.c ****   if ((hspi->Instance->CR1 & SPI_CR1_SPE) != SPI_CR1_SPE)
1087:platform/HAL/src/stm32g4xx_hal_spi.c ****   {
1088:platform/HAL/src/stm32g4xx_hal_spi.c ****     /* Enable SPI peripheral */
1089:platform/HAL/src/stm32g4xx_hal_spi.c ****     __HAL_SPI_ENABLE(hspi);
1090:platform/HAL/src/stm32g4xx_hal_spi.c ****   }
1091:platform/HAL/src/stm32g4xx_hal_spi.c **** 
1092:platform/HAL/src/stm32g4xx_hal_spi.c ****   /* Receive data in 8 Bit mode */
1093:platform/HAL/src/stm32g4xx_hal_spi.c ****   if (hspi->Init.DataSize <= SPI_DATASIZE_8BIT)
1094:platform/HAL/src/stm32g4xx_hal_spi.c ****   {
1095:platform/HAL/src/stm32g4xx_hal_spi.c ****     /* Transfer loop */
1096:platform/HAL/src/stm32g4xx_hal_spi.c ****     while (hspi->RxXferCount > 0U)
1097:platform/HAL/src/stm32g4xx_hal_spi.c ****     {
1098:platform/HAL/src/stm32g4xx_hal_spi.c ****       /* Check the RXNE flag */
1099:platform/HAL/src/stm32g4xx_hal_spi.c ****       if (__HAL_SPI_GET_FLAG(hspi, SPI_FLAG_RXNE))
1100:platform/HAL/src/stm32g4xx_hal_spi.c ****       {
1101:platform/HAL/src/stm32g4xx_hal_spi.c ****         /* read the received data */
1102:platform/HAL/src/stm32g4xx_hal_spi.c ****         (* (uint8_t *)hspi->pRxBuffPtr) = *(__IO uint8_t *)&hspi->Instance->DR;
1103:platform/HAL/src/stm32g4xx_hal_spi.c ****         hspi->pRxBuffPtr += sizeof(uint8_t);
1104:platform/HAL/src/stm32g4xx_hal_spi.c ****         hspi->RxXferCount--;
1105:platform/HAL/src/stm32g4xx_hal_spi.c ****       }
1106:platform/HAL/src/stm32g4xx_hal_spi.c ****       else
1107:platform/HAL/src/stm32g4xx_hal_spi.c ****       {
1108:platform/HAL/src/stm32g4xx_hal_spi.c ****         /* Timeout management */
1109:platform/HAL/src/stm32g4xx_hal_spi.c ****         if ((((HAL_GetTick() - tickstart) >=  Timeout) && (Timeout != HAL_MAX_DELAY)) || (Timeout =
1110:platform/HAL/src/stm32g4xx_hal_spi.c ****         {
1111:platform/HAL/src/stm32g4xx_hal_spi.c ****           hspi->State = HAL_SPI_STATE_READY;
1112:platform/HAL/src/stm32g4xx_hal_spi.c ****           __HAL_UNLOCK(hspi);
1113:platform/HAL/src/stm32g4xx_hal_spi.c ****           return HAL_TIMEOUT;
ARM GAS  /tmp/ccMpXq91.s 			page 21


1114:platform/HAL/src/stm32g4xx_hal_spi.c ****         }
1115:platform/HAL/src/stm32g4xx_hal_spi.c ****       }
1116:platform/HAL/src/stm32g4xx_hal_spi.c ****     }
1117:platform/HAL/src/stm32g4xx_hal_spi.c ****   }
1118:platform/HAL/src/stm32g4xx_hal_spi.c ****   else
1119:platform/HAL/src/stm32g4xx_hal_spi.c ****   {
1120:platform/HAL/src/stm32g4xx_hal_spi.c ****     /* Transfer loop */
1121:platform/HAL/src/stm32g4xx_hal_spi.c ****     while (hspi->RxXferCount > 0U)
1122:platform/HAL/src/stm32g4xx_hal_spi.c ****     {
1123:platform/HAL/src/stm32g4xx_hal_spi.c ****       /* Check the RXNE flag */
1124:platform/HAL/src/stm32g4xx_hal_spi.c ****       if (__HAL_SPI_GET_FLAG(hspi, SPI_FLAG_RXNE))
1125:platform/HAL/src/stm32g4xx_hal_spi.c ****       {
1126:platform/HAL/src/stm32g4xx_hal_spi.c ****         *((uint16_t *)hspi->pRxBuffPtr) = (uint16_t)hspi->Instance->DR;
1127:platform/HAL/src/stm32g4xx_hal_spi.c ****         hspi->pRxBuffPtr += sizeof(uint16_t);
1128:platform/HAL/src/stm32g4xx_hal_spi.c ****         hspi->RxXferCount--;
1129:platform/HAL/src/stm32g4xx_hal_spi.c ****       }
1130:platform/HAL/src/stm32g4xx_hal_spi.c ****       else
1131:platform/HAL/src/stm32g4xx_hal_spi.c ****       {
1132:platform/HAL/src/stm32g4xx_hal_spi.c ****         /* Timeout management */
1133:platform/HAL/src/stm32g4xx_hal_spi.c ****         if ((((HAL_GetTick() - tickstart) >=  Timeout) && (Timeout != HAL_MAX_DELAY)) || (Timeout =
1134:platform/HAL/src/stm32g4xx_hal_spi.c ****         {
1135:platform/HAL/src/stm32g4xx_hal_spi.c ****           hspi->State = HAL_SPI_STATE_READY;
1136:platform/HAL/src/stm32g4xx_hal_spi.c ****           __HAL_UNLOCK(hspi);
1137:platform/HAL/src/stm32g4xx_hal_spi.c ****           return HAL_TIMEOUT;
1138:platform/HAL/src/stm32g4xx_hal_spi.c ****         }
1139:platform/HAL/src/stm32g4xx_hal_spi.c ****       }
1140:platform/HAL/src/stm32g4xx_hal_spi.c ****     }
1141:platform/HAL/src/stm32g4xx_hal_spi.c ****   }
1142:platform/HAL/src/stm32g4xx_hal_spi.c **** 
1143:platform/HAL/src/stm32g4xx_hal_spi.c **** #if (USE_SPI_CRC != 0U)
1144:platform/HAL/src/stm32g4xx_hal_spi.c ****   /* Handle the CRC Transmission */
1145:platform/HAL/src/stm32g4xx_hal_spi.c ****   if (hspi->Init.CRCCalculation == SPI_CRCCALCULATION_ENABLE)
1146:platform/HAL/src/stm32g4xx_hal_spi.c ****   {
1147:platform/HAL/src/stm32g4xx_hal_spi.c ****     /* freeze the CRC before the latest data */
1148:platform/HAL/src/stm32g4xx_hal_spi.c ****     SET_BIT(hspi->Instance->CR1, SPI_CR1_CRCNEXT);
1149:platform/HAL/src/stm32g4xx_hal_spi.c **** 
1150:platform/HAL/src/stm32g4xx_hal_spi.c ****     /* Read the latest data */
1151:platform/HAL/src/stm32g4xx_hal_spi.c ****     if (SPI_WaitFlagStateUntilTimeout(hspi, SPI_FLAG_RXNE, SET, Timeout, tickstart) != HAL_OK)
1152:platform/HAL/src/stm32g4xx_hal_spi.c ****     {
1153:platform/HAL/src/stm32g4xx_hal_spi.c ****       /* the latest data has not been received */
1154:platform/HAL/src/stm32g4xx_hal_spi.c ****       __HAL_UNLOCK(hspi);
1155:platform/HAL/src/stm32g4xx_hal_spi.c ****       return HAL_TIMEOUT;
1156:platform/HAL/src/stm32g4xx_hal_spi.c ****     }
1157:platform/HAL/src/stm32g4xx_hal_spi.c **** 
1158:platform/HAL/src/stm32g4xx_hal_spi.c ****     /* Receive last data in 16 Bit mode */
1159:platform/HAL/src/stm32g4xx_hal_spi.c ****     if (hspi->Init.DataSize > SPI_DATASIZE_8BIT)
1160:platform/HAL/src/stm32g4xx_hal_spi.c ****     {
1161:platform/HAL/src/stm32g4xx_hal_spi.c ****       *((uint16_t *)hspi->pRxBuffPtr) = (uint16_t)hspi->Instance->DR;
1162:platform/HAL/src/stm32g4xx_hal_spi.c ****     }
1163:platform/HAL/src/stm32g4xx_hal_spi.c ****     /* Receive last data in 8 Bit mode */
1164:platform/HAL/src/stm32g4xx_hal_spi.c ****     else
1165:platform/HAL/src/stm32g4xx_hal_spi.c ****     {
1166:platform/HAL/src/stm32g4xx_hal_spi.c ****       (*(uint8_t *)hspi->pRxBuffPtr) = *(__IO uint8_t *)&hspi->Instance->DR;
1167:platform/HAL/src/stm32g4xx_hal_spi.c ****     }
1168:platform/HAL/src/stm32g4xx_hal_spi.c **** 
1169:platform/HAL/src/stm32g4xx_hal_spi.c ****     /* Wait the CRC data */
1170:platform/HAL/src/stm32g4xx_hal_spi.c ****     if (SPI_WaitFlagStateUntilTimeout(hspi, SPI_FLAG_RXNE, SET, Timeout, tickstart) != HAL_OK)
ARM GAS  /tmp/ccMpXq91.s 			page 22


1171:platform/HAL/src/stm32g4xx_hal_spi.c ****     {
1172:platform/HAL/src/stm32g4xx_hal_spi.c ****       SET_BIT(hspi->ErrorCode, HAL_SPI_ERROR_CRC);
1173:platform/HAL/src/stm32g4xx_hal_spi.c ****       hspi->State = HAL_SPI_STATE_READY;
1174:platform/HAL/src/stm32g4xx_hal_spi.c ****       __HAL_UNLOCK(hspi);
1175:platform/HAL/src/stm32g4xx_hal_spi.c ****       return HAL_TIMEOUT;
1176:platform/HAL/src/stm32g4xx_hal_spi.c ****     }
1177:platform/HAL/src/stm32g4xx_hal_spi.c **** 
1178:platform/HAL/src/stm32g4xx_hal_spi.c ****     /* Read CRC to Flush DR and RXNE flag */
1179:platform/HAL/src/stm32g4xx_hal_spi.c ****     if (hspi->Init.DataSize == SPI_DATASIZE_16BIT)
1180:platform/HAL/src/stm32g4xx_hal_spi.c ****     {
1181:platform/HAL/src/stm32g4xx_hal_spi.c ****       /* Read 16bit CRC */
1182:platform/HAL/src/stm32g4xx_hal_spi.c ****       tmpreg = READ_REG(hspi->Instance->DR);
1183:platform/HAL/src/stm32g4xx_hal_spi.c ****       /* To avoid GCC warning */
1184:platform/HAL/src/stm32g4xx_hal_spi.c ****       UNUSED(tmpreg);
1185:platform/HAL/src/stm32g4xx_hal_spi.c ****     }
1186:platform/HAL/src/stm32g4xx_hal_spi.c ****     else
1187:platform/HAL/src/stm32g4xx_hal_spi.c ****     {
1188:platform/HAL/src/stm32g4xx_hal_spi.c ****       /* Initialize the 8bit temporary pointer */
1189:platform/HAL/src/stm32g4xx_hal_spi.c ****       ptmpreg8 = (__IO uint8_t *)&hspi->Instance->DR;
1190:platform/HAL/src/stm32g4xx_hal_spi.c ****       /* Read 8bit CRC */
1191:platform/HAL/src/stm32g4xx_hal_spi.c ****       tmpreg8 = *ptmpreg8;
1192:platform/HAL/src/stm32g4xx_hal_spi.c ****       /* To avoid GCC warning */
1193:platform/HAL/src/stm32g4xx_hal_spi.c ****       UNUSED(tmpreg8);
1194:platform/HAL/src/stm32g4xx_hal_spi.c **** 
1195:platform/HAL/src/stm32g4xx_hal_spi.c ****       if ((hspi->Init.DataSize == SPI_DATASIZE_8BIT) && (hspi->Init.CRCLength == SPI_CRC_LENGTH_16B
1196:platform/HAL/src/stm32g4xx_hal_spi.c ****       {
1197:platform/HAL/src/stm32g4xx_hal_spi.c ****         if (SPI_WaitFlagStateUntilTimeout(hspi, SPI_FLAG_RXNE, SET, Timeout, tickstart) != HAL_OK)
1198:platform/HAL/src/stm32g4xx_hal_spi.c ****         {
1199:platform/HAL/src/stm32g4xx_hal_spi.c ****           /* Error on the CRC reception */
1200:platform/HAL/src/stm32g4xx_hal_spi.c ****           SET_BIT(hspi->ErrorCode, HAL_SPI_ERROR_CRC);
1201:platform/HAL/src/stm32g4xx_hal_spi.c ****           hspi->State = HAL_SPI_STATE_READY;
1202:platform/HAL/src/stm32g4xx_hal_spi.c ****           __HAL_UNLOCK(hspi);
1203:platform/HAL/src/stm32g4xx_hal_spi.c ****           return HAL_TIMEOUT;
1204:platform/HAL/src/stm32g4xx_hal_spi.c ****         }
1205:platform/HAL/src/stm32g4xx_hal_spi.c ****         /* Read 8bit CRC again in case of 16bit CRC in 8bit Data mode */
1206:platform/HAL/src/stm32g4xx_hal_spi.c ****         tmpreg8 = *ptmpreg8;
1207:platform/HAL/src/stm32g4xx_hal_spi.c ****         /* To avoid GCC warning */
1208:platform/HAL/src/stm32g4xx_hal_spi.c ****         UNUSED(tmpreg8);
1209:platform/HAL/src/stm32g4xx_hal_spi.c ****       }
1210:platform/HAL/src/stm32g4xx_hal_spi.c ****     }
1211:platform/HAL/src/stm32g4xx_hal_spi.c ****   }
1212:platform/HAL/src/stm32g4xx_hal_spi.c **** #endif /* USE_SPI_CRC */
1213:platform/HAL/src/stm32g4xx_hal_spi.c **** 
1214:platform/HAL/src/stm32g4xx_hal_spi.c ****   /* Check the end of the transaction */
1215:platform/HAL/src/stm32g4xx_hal_spi.c ****   if (SPI_EndRxTransaction(hspi, Timeout, tickstart) != HAL_OK)
1216:platform/HAL/src/stm32g4xx_hal_spi.c ****   {
1217:platform/HAL/src/stm32g4xx_hal_spi.c ****     hspi->ErrorCode = HAL_SPI_ERROR_FLAG;
1218:platform/HAL/src/stm32g4xx_hal_spi.c ****   }
1219:platform/HAL/src/stm32g4xx_hal_spi.c **** 
1220:platform/HAL/src/stm32g4xx_hal_spi.c **** #if (USE_SPI_CRC != 0U)
1221:platform/HAL/src/stm32g4xx_hal_spi.c ****   /* Check if CRC error occurred */
1222:platform/HAL/src/stm32g4xx_hal_spi.c ****   if (__HAL_SPI_GET_FLAG(hspi, SPI_FLAG_CRCERR))
1223:platform/HAL/src/stm32g4xx_hal_spi.c ****   {
1224:platform/HAL/src/stm32g4xx_hal_spi.c ****     SET_BIT(hspi->ErrorCode, HAL_SPI_ERROR_CRC);
1225:platform/HAL/src/stm32g4xx_hal_spi.c ****     __HAL_SPI_CLEAR_CRCERRFLAG(hspi);
1226:platform/HAL/src/stm32g4xx_hal_spi.c ****   }
1227:platform/HAL/src/stm32g4xx_hal_spi.c **** #endif /* USE_SPI_CRC */
ARM GAS  /tmp/ccMpXq91.s 			page 23


1228:platform/HAL/src/stm32g4xx_hal_spi.c **** 
1229:platform/HAL/src/stm32g4xx_hal_spi.c ****   hspi->State = HAL_SPI_STATE_READY;
1230:platform/HAL/src/stm32g4xx_hal_spi.c ****   /* Unlock the process */
1231:platform/HAL/src/stm32g4xx_hal_spi.c ****   __HAL_UNLOCK(hspi);
1232:platform/HAL/src/stm32g4xx_hal_spi.c ****   if (hspi->ErrorCode != HAL_SPI_ERROR_NONE)
1233:platform/HAL/src/stm32g4xx_hal_spi.c ****   {
1234:platform/HAL/src/stm32g4xx_hal_spi.c ****     return HAL_ERROR;
1235:platform/HAL/src/stm32g4xx_hal_spi.c ****   }
1236:platform/HAL/src/stm32g4xx_hal_spi.c ****   else
1237:platform/HAL/src/stm32g4xx_hal_spi.c ****   {
1238:platform/HAL/src/stm32g4xx_hal_spi.c ****     return HAL_OK;
1239:platform/HAL/src/stm32g4xx_hal_spi.c ****   }
1240:platform/HAL/src/stm32g4xx_hal_spi.c **** }
1241:platform/HAL/src/stm32g4xx_hal_spi.c **** 
1242:platform/HAL/src/stm32g4xx_hal_spi.c **** /**
1243:platform/HAL/src/stm32g4xx_hal_spi.c ****   * @brief  Transmit and Receive an amount of data in blocking mode.
1244:platform/HAL/src/stm32g4xx_hal_spi.c ****   * @param  hspi pointer to a SPI_HandleTypeDef structure that contains
1245:platform/HAL/src/stm32g4xx_hal_spi.c ****   *               the configuration information for SPI module.
1246:platform/HAL/src/stm32g4xx_hal_spi.c ****   * @param  pTxData pointer to transmission data buffer
1247:platform/HAL/src/stm32g4xx_hal_spi.c ****   * @param  pRxData pointer to reception data buffer
1248:platform/HAL/src/stm32g4xx_hal_spi.c ****   * @param  Size amount of data to be sent and received
1249:platform/HAL/src/stm32g4xx_hal_spi.c ****   * @param  Timeout Timeout duration
1250:platform/HAL/src/stm32g4xx_hal_spi.c ****   * @retval HAL status
1251:platform/HAL/src/stm32g4xx_hal_spi.c ****   */
1252:platform/HAL/src/stm32g4xx_hal_spi.c **** HAL_StatusTypeDef HAL_SPI_TransmitReceive(SPI_HandleTypeDef *hspi, const uint8_t *pTxData, uint8_t 
1253:platform/HAL/src/stm32g4xx_hal_spi.c ****                                           uint16_t Size, uint32_t Timeout)
1254:platform/HAL/src/stm32g4xx_hal_spi.c **** {
1255:platform/HAL/src/stm32g4xx_hal_spi.c ****   uint16_t             initial_TxXferCount;
1256:platform/HAL/src/stm32g4xx_hal_spi.c ****   uint16_t             initial_RxXferCount;
1257:platform/HAL/src/stm32g4xx_hal_spi.c ****   uint32_t             tmp_mode;
1258:platform/HAL/src/stm32g4xx_hal_spi.c ****   HAL_SPI_StateTypeDef tmp_state;
1259:platform/HAL/src/stm32g4xx_hal_spi.c ****   uint32_t             tickstart;
1260:platform/HAL/src/stm32g4xx_hal_spi.c **** #if (USE_SPI_CRC != 0U)
1261:platform/HAL/src/stm32g4xx_hal_spi.c ****   __IO uint32_t tmpreg = 0U;
1262:platform/HAL/src/stm32g4xx_hal_spi.c ****   uint32_t             spi_cr1;
1263:platform/HAL/src/stm32g4xx_hal_spi.c ****   uint32_t             spi_cr2;
1264:platform/HAL/src/stm32g4xx_hal_spi.c ****   __IO uint8_t  *ptmpreg8;
1265:platform/HAL/src/stm32g4xx_hal_spi.c ****   __IO uint8_t  tmpreg8 = 0;
1266:platform/HAL/src/stm32g4xx_hal_spi.c **** #endif /* USE_SPI_CRC */
1267:platform/HAL/src/stm32g4xx_hal_spi.c **** 
1268:platform/HAL/src/stm32g4xx_hal_spi.c ****   /* Variable used to alternate Rx and Tx during transfer */
1269:platform/HAL/src/stm32g4xx_hal_spi.c ****   uint32_t             txallowed = 1U;
1270:platform/HAL/src/stm32g4xx_hal_spi.c **** 
1271:platform/HAL/src/stm32g4xx_hal_spi.c ****   /* Check Direction parameter */
1272:platform/HAL/src/stm32g4xx_hal_spi.c ****   assert_param(IS_SPI_DIRECTION_2LINES(hspi->Init.Direction));
1273:platform/HAL/src/stm32g4xx_hal_spi.c **** 
1274:platform/HAL/src/stm32g4xx_hal_spi.c ****   /* Init tickstart for timeout management*/
1275:platform/HAL/src/stm32g4xx_hal_spi.c ****   tickstart = HAL_GetTick();
1276:platform/HAL/src/stm32g4xx_hal_spi.c **** 
1277:platform/HAL/src/stm32g4xx_hal_spi.c ****   /* Init temporary variables */
1278:platform/HAL/src/stm32g4xx_hal_spi.c ****   tmp_state           = hspi->State;
1279:platform/HAL/src/stm32g4xx_hal_spi.c ****   tmp_mode            = hspi->Init.Mode;
1280:platform/HAL/src/stm32g4xx_hal_spi.c ****   initial_TxXferCount = Size;
1281:platform/HAL/src/stm32g4xx_hal_spi.c ****   initial_RxXferCount = Size;
1282:platform/HAL/src/stm32g4xx_hal_spi.c **** #if (USE_SPI_CRC != 0U)
1283:platform/HAL/src/stm32g4xx_hal_spi.c ****   spi_cr1             = READ_REG(hspi->Instance->CR1);
1284:platform/HAL/src/stm32g4xx_hal_spi.c ****   spi_cr2             = READ_REG(hspi->Instance->CR2);
ARM GAS  /tmp/ccMpXq91.s 			page 24


1285:platform/HAL/src/stm32g4xx_hal_spi.c **** #endif /* USE_SPI_CRC */
1286:platform/HAL/src/stm32g4xx_hal_spi.c **** 
1287:platform/HAL/src/stm32g4xx_hal_spi.c ****   if (!((tmp_state == HAL_SPI_STATE_READY) || \
1288:platform/HAL/src/stm32g4xx_hal_spi.c ****         ((tmp_mode == SPI_MODE_MASTER) && (hspi->Init.Direction == SPI_DIRECTION_2LINES) &&
1289:platform/HAL/src/stm32g4xx_hal_spi.c ****          (tmp_state == HAL_SPI_STATE_BUSY_RX))))
1290:platform/HAL/src/stm32g4xx_hal_spi.c ****   {
1291:platform/HAL/src/stm32g4xx_hal_spi.c ****     return HAL_BUSY;
1292:platform/HAL/src/stm32g4xx_hal_spi.c ****   }
1293:platform/HAL/src/stm32g4xx_hal_spi.c **** 
1294:platform/HAL/src/stm32g4xx_hal_spi.c ****   if ((pTxData == NULL) || (pRxData == NULL) || (Size == 0U))
1295:platform/HAL/src/stm32g4xx_hal_spi.c ****   {
1296:platform/HAL/src/stm32g4xx_hal_spi.c ****     return HAL_ERROR;
1297:platform/HAL/src/stm32g4xx_hal_spi.c ****   }
1298:platform/HAL/src/stm32g4xx_hal_spi.c **** 
1299:platform/HAL/src/stm32g4xx_hal_spi.c ****   /* Process Locked */
1300:platform/HAL/src/stm32g4xx_hal_spi.c ****   __HAL_LOCK(hspi);
1301:platform/HAL/src/stm32g4xx_hal_spi.c **** 
1302:platform/HAL/src/stm32g4xx_hal_spi.c ****   /* Don't overwrite in case of HAL_SPI_STATE_BUSY_RX */
1303:platform/HAL/src/stm32g4xx_hal_spi.c ****   if (hspi->State != HAL_SPI_STATE_BUSY_RX)
1304:platform/HAL/src/stm32g4xx_hal_spi.c ****   {
1305:platform/HAL/src/stm32g4xx_hal_spi.c ****     hspi->State = HAL_SPI_STATE_BUSY_TX_RX;
1306:platform/HAL/src/stm32g4xx_hal_spi.c ****   }
1307:platform/HAL/src/stm32g4xx_hal_spi.c **** 
1308:platform/HAL/src/stm32g4xx_hal_spi.c ****   /* Set the transaction information */
1309:platform/HAL/src/stm32g4xx_hal_spi.c ****   hspi->ErrorCode   = HAL_SPI_ERROR_NONE;
1310:platform/HAL/src/stm32g4xx_hal_spi.c ****   hspi->pRxBuffPtr  = (uint8_t *)pRxData;
1311:platform/HAL/src/stm32g4xx_hal_spi.c ****   hspi->RxXferCount = Size;
1312:platform/HAL/src/stm32g4xx_hal_spi.c ****   hspi->RxXferSize  = Size;
1313:platform/HAL/src/stm32g4xx_hal_spi.c ****   hspi->pTxBuffPtr  = (const uint8_t *)pTxData;
1314:platform/HAL/src/stm32g4xx_hal_spi.c ****   hspi->TxXferCount = Size;
1315:platform/HAL/src/stm32g4xx_hal_spi.c ****   hspi->TxXferSize  = Size;
1316:platform/HAL/src/stm32g4xx_hal_spi.c **** 
1317:platform/HAL/src/stm32g4xx_hal_spi.c ****   /*Init field not used in handle to zero */
1318:platform/HAL/src/stm32g4xx_hal_spi.c ****   hspi->RxISR       = NULL;
1319:platform/HAL/src/stm32g4xx_hal_spi.c ****   hspi->TxISR       = NULL;
1320:platform/HAL/src/stm32g4xx_hal_spi.c **** 
1321:platform/HAL/src/stm32g4xx_hal_spi.c **** #if (USE_SPI_CRC != 0U)
1322:platform/HAL/src/stm32g4xx_hal_spi.c ****   /* Reset CRC Calculation */
1323:platform/HAL/src/stm32g4xx_hal_spi.c ****   if (hspi->Init.CRCCalculation == SPI_CRCCALCULATION_ENABLE)
1324:platform/HAL/src/stm32g4xx_hal_spi.c ****   {
1325:platform/HAL/src/stm32g4xx_hal_spi.c ****     SPI_RESET_CRC(hspi);
1326:platform/HAL/src/stm32g4xx_hal_spi.c ****   }
1327:platform/HAL/src/stm32g4xx_hal_spi.c **** #endif /* USE_SPI_CRC */
1328:platform/HAL/src/stm32g4xx_hal_spi.c **** 
1329:platform/HAL/src/stm32g4xx_hal_spi.c ****   /* Set the Rx Fifo threshold */
1330:platform/HAL/src/stm32g4xx_hal_spi.c ****   if ((hspi->Init.DataSize > SPI_DATASIZE_8BIT) || (initial_RxXferCount > 1U))
1331:platform/HAL/src/stm32g4xx_hal_spi.c ****   {
1332:platform/HAL/src/stm32g4xx_hal_spi.c ****     /* Set fiforxthreshold according the reception data length: 16bit */
1333:platform/HAL/src/stm32g4xx_hal_spi.c ****     CLEAR_BIT(hspi->Instance->CR2, SPI_RXFIFO_THRESHOLD);
1334:platform/HAL/src/stm32g4xx_hal_spi.c ****   }
1335:platform/HAL/src/stm32g4xx_hal_spi.c ****   else
1336:platform/HAL/src/stm32g4xx_hal_spi.c ****   {
1337:platform/HAL/src/stm32g4xx_hal_spi.c ****     /* Set fiforxthreshold according the reception data length: 8bit */
1338:platform/HAL/src/stm32g4xx_hal_spi.c ****     SET_BIT(hspi->Instance->CR2, SPI_RXFIFO_THRESHOLD);
1339:platform/HAL/src/stm32g4xx_hal_spi.c ****   }
1340:platform/HAL/src/stm32g4xx_hal_spi.c **** 
1341:platform/HAL/src/stm32g4xx_hal_spi.c ****   /* Check if the SPI is already enabled */
ARM GAS  /tmp/ccMpXq91.s 			page 25


1342:platform/HAL/src/stm32g4xx_hal_spi.c ****   if ((hspi->Instance->CR1 & SPI_CR1_SPE) != SPI_CR1_SPE)
1343:platform/HAL/src/stm32g4xx_hal_spi.c ****   {
1344:platform/HAL/src/stm32g4xx_hal_spi.c ****     /* Enable SPI peripheral */
1345:platform/HAL/src/stm32g4xx_hal_spi.c ****     __HAL_SPI_ENABLE(hspi);
1346:platform/HAL/src/stm32g4xx_hal_spi.c ****   }
1347:platform/HAL/src/stm32g4xx_hal_spi.c **** 
1348:platform/HAL/src/stm32g4xx_hal_spi.c ****   /* Transmit and Receive data in 16 Bit mode */
1349:platform/HAL/src/stm32g4xx_hal_spi.c ****   if (hspi->Init.DataSize > SPI_DATASIZE_8BIT)
1350:platform/HAL/src/stm32g4xx_hal_spi.c ****   {
1351:platform/HAL/src/stm32g4xx_hal_spi.c ****     if ((hspi->Init.Mode == SPI_MODE_SLAVE) || (initial_TxXferCount == 0x01U))
1352:platform/HAL/src/stm32g4xx_hal_spi.c ****     {
1353:platform/HAL/src/stm32g4xx_hal_spi.c ****       hspi->Instance->DR = *((const uint16_t *)hspi->pTxBuffPtr);
1354:platform/HAL/src/stm32g4xx_hal_spi.c ****       hspi->pTxBuffPtr += sizeof(uint16_t);
1355:platform/HAL/src/stm32g4xx_hal_spi.c ****       hspi->TxXferCount--;
1356:platform/HAL/src/stm32g4xx_hal_spi.c **** 
1357:platform/HAL/src/stm32g4xx_hal_spi.c **** #if (USE_SPI_CRC != 0U)
1358:platform/HAL/src/stm32g4xx_hal_spi.c ****       /* Enable CRC Transmission */
1359:platform/HAL/src/stm32g4xx_hal_spi.c ****       if ((hspi->TxXferCount == 0U) && (hspi->Init.CRCCalculation == SPI_CRCCALCULATION_ENABLE))
1360:platform/HAL/src/stm32g4xx_hal_spi.c ****       {
1361:platform/HAL/src/stm32g4xx_hal_spi.c ****         /* Set NSS Soft to received correctly the CRC on slave mode with NSS pulse activated */
1362:platform/HAL/src/stm32g4xx_hal_spi.c ****         if ((READ_BIT(spi_cr1, SPI_CR1_MSTR) == 0U) && (READ_BIT(spi_cr2, SPI_CR2_NSSP) == SPI_CR2_
1363:platform/HAL/src/stm32g4xx_hal_spi.c ****         {
1364:platform/HAL/src/stm32g4xx_hal_spi.c ****           SET_BIT(hspi->Instance->CR1, SPI_CR1_SSM);
1365:platform/HAL/src/stm32g4xx_hal_spi.c ****         }
1366:platform/HAL/src/stm32g4xx_hal_spi.c ****         SET_BIT(hspi->Instance->CR1, SPI_CR1_CRCNEXT);
1367:platform/HAL/src/stm32g4xx_hal_spi.c ****       }
1368:platform/HAL/src/stm32g4xx_hal_spi.c **** #endif /* USE_SPI_CRC */
1369:platform/HAL/src/stm32g4xx_hal_spi.c **** 
1370:platform/HAL/src/stm32g4xx_hal_spi.c ****     }
1371:platform/HAL/src/stm32g4xx_hal_spi.c ****     while ((hspi->TxXferCount > 0U) || (hspi->RxXferCount > 0U))
1372:platform/HAL/src/stm32g4xx_hal_spi.c ****     {
1373:platform/HAL/src/stm32g4xx_hal_spi.c ****       /* Check TXE flag */
1374:platform/HAL/src/stm32g4xx_hal_spi.c ****       if ((__HAL_SPI_GET_FLAG(hspi, SPI_FLAG_TXE)) && (hspi->TxXferCount > 0U) && (txallowed == 1U)
1375:platform/HAL/src/stm32g4xx_hal_spi.c ****       {
1376:platform/HAL/src/stm32g4xx_hal_spi.c ****         hspi->Instance->DR = *((const uint16_t *)hspi->pTxBuffPtr);
1377:platform/HAL/src/stm32g4xx_hal_spi.c ****         hspi->pTxBuffPtr += sizeof(uint16_t);
1378:platform/HAL/src/stm32g4xx_hal_spi.c ****         hspi->TxXferCount--;
1379:platform/HAL/src/stm32g4xx_hal_spi.c ****         /* Next Data is a reception (Rx). Tx not allowed */
1380:platform/HAL/src/stm32g4xx_hal_spi.c ****         txallowed = 0U;
1381:platform/HAL/src/stm32g4xx_hal_spi.c **** 
1382:platform/HAL/src/stm32g4xx_hal_spi.c **** #if (USE_SPI_CRC != 0U)
1383:platform/HAL/src/stm32g4xx_hal_spi.c ****         /* Enable CRC Transmission */
1384:platform/HAL/src/stm32g4xx_hal_spi.c ****         if ((hspi->TxXferCount == 0U) && (hspi->Init.CRCCalculation == SPI_CRCCALCULATION_ENABLE))
1385:platform/HAL/src/stm32g4xx_hal_spi.c ****         {
1386:platform/HAL/src/stm32g4xx_hal_spi.c ****           /* Set NSS Soft to received correctly the CRC on slave mode with NSS pulse activated */
1387:platform/HAL/src/stm32g4xx_hal_spi.c ****           if ((READ_BIT(spi_cr1, SPI_CR1_MSTR) == 0U) && (READ_BIT(spi_cr2, SPI_CR2_NSSP) == SPI_CR
1388:platform/HAL/src/stm32g4xx_hal_spi.c ****           {
1389:platform/HAL/src/stm32g4xx_hal_spi.c ****             SET_BIT(hspi->Instance->CR1, SPI_CR1_SSM);
1390:platform/HAL/src/stm32g4xx_hal_spi.c ****           }
1391:platform/HAL/src/stm32g4xx_hal_spi.c ****           SET_BIT(hspi->Instance->CR1, SPI_CR1_CRCNEXT);
1392:platform/HAL/src/stm32g4xx_hal_spi.c ****         }
1393:platform/HAL/src/stm32g4xx_hal_spi.c **** #endif /* USE_SPI_CRC */
1394:platform/HAL/src/stm32g4xx_hal_spi.c ****       }
1395:platform/HAL/src/stm32g4xx_hal_spi.c **** 
1396:platform/HAL/src/stm32g4xx_hal_spi.c ****       /* Check RXNE flag */
1397:platform/HAL/src/stm32g4xx_hal_spi.c ****       if ((__HAL_SPI_GET_FLAG(hspi, SPI_FLAG_RXNE)) && (hspi->RxXferCount > 0U))
1398:platform/HAL/src/stm32g4xx_hal_spi.c ****       {
ARM GAS  /tmp/ccMpXq91.s 			page 26


1399:platform/HAL/src/stm32g4xx_hal_spi.c ****         *((uint16_t *)hspi->pRxBuffPtr) = (uint16_t)hspi->Instance->DR;
1400:platform/HAL/src/stm32g4xx_hal_spi.c ****         hspi->pRxBuffPtr += sizeof(uint16_t);
1401:platform/HAL/src/stm32g4xx_hal_spi.c ****         hspi->RxXferCount--;
1402:platform/HAL/src/stm32g4xx_hal_spi.c ****         /* Next Data is a Transmission (Tx). Tx is allowed */
1403:platform/HAL/src/stm32g4xx_hal_spi.c ****         txallowed = 1U;
1404:platform/HAL/src/stm32g4xx_hal_spi.c ****       }
1405:platform/HAL/src/stm32g4xx_hal_spi.c ****       if (((HAL_GetTick() - tickstart) >=  Timeout) && (Timeout != HAL_MAX_DELAY))
1406:platform/HAL/src/stm32g4xx_hal_spi.c ****       {
1407:platform/HAL/src/stm32g4xx_hal_spi.c ****         hspi->State = HAL_SPI_STATE_READY;
1408:platform/HAL/src/stm32g4xx_hal_spi.c ****         __HAL_UNLOCK(hspi);
1409:platform/HAL/src/stm32g4xx_hal_spi.c ****         return HAL_TIMEOUT;
1410:platform/HAL/src/stm32g4xx_hal_spi.c ****       }
1411:platform/HAL/src/stm32g4xx_hal_spi.c ****     }
1412:platform/HAL/src/stm32g4xx_hal_spi.c ****   }
1413:platform/HAL/src/stm32g4xx_hal_spi.c ****   /* Transmit and Receive data in 8 Bit mode */
1414:platform/HAL/src/stm32g4xx_hal_spi.c ****   else
1415:platform/HAL/src/stm32g4xx_hal_spi.c ****   {
1416:platform/HAL/src/stm32g4xx_hal_spi.c ****     if ((hspi->Init.Mode == SPI_MODE_SLAVE) || (initial_TxXferCount == 0x01U))
1417:platform/HAL/src/stm32g4xx_hal_spi.c ****     {
1418:platform/HAL/src/stm32g4xx_hal_spi.c ****       if (hspi->TxXferCount > 1U)
1419:platform/HAL/src/stm32g4xx_hal_spi.c ****       {
1420:platform/HAL/src/stm32g4xx_hal_spi.c ****         hspi->Instance->DR = *((const uint16_t *)hspi->pTxBuffPtr);
1421:platform/HAL/src/stm32g4xx_hal_spi.c ****         hspi->pTxBuffPtr += sizeof(uint16_t);
1422:platform/HAL/src/stm32g4xx_hal_spi.c ****         hspi->TxXferCount -= 2U;
1423:platform/HAL/src/stm32g4xx_hal_spi.c ****       }
1424:platform/HAL/src/stm32g4xx_hal_spi.c ****       else
1425:platform/HAL/src/stm32g4xx_hal_spi.c ****       {
1426:platform/HAL/src/stm32g4xx_hal_spi.c ****         *(__IO uint8_t *)&hspi->Instance->DR = *((const uint8_t *)hspi->pTxBuffPtr);
1427:platform/HAL/src/stm32g4xx_hal_spi.c ****         hspi->pTxBuffPtr++;
1428:platform/HAL/src/stm32g4xx_hal_spi.c ****         hspi->TxXferCount--;
1429:platform/HAL/src/stm32g4xx_hal_spi.c **** 
1430:platform/HAL/src/stm32g4xx_hal_spi.c **** #if (USE_SPI_CRC != 0U)
1431:platform/HAL/src/stm32g4xx_hal_spi.c ****         /* Enable CRC Transmission */
1432:platform/HAL/src/stm32g4xx_hal_spi.c ****         if ((hspi->TxXferCount == 0U) && (hspi->Init.CRCCalculation == SPI_CRCCALCULATION_ENABLE))
1433:platform/HAL/src/stm32g4xx_hal_spi.c ****         {
1434:platform/HAL/src/stm32g4xx_hal_spi.c ****           /* Set NSS Soft to received correctly the CRC on slave mode with NSS pulse activated */
1435:platform/HAL/src/stm32g4xx_hal_spi.c ****           if ((READ_BIT(spi_cr1, SPI_CR1_MSTR) == 0U) && (READ_BIT(spi_cr2, SPI_CR2_NSSP) == SPI_CR
1436:platform/HAL/src/stm32g4xx_hal_spi.c ****           {
1437:platform/HAL/src/stm32g4xx_hal_spi.c ****             SET_BIT(hspi->Instance->CR1, SPI_CR1_SSM);
1438:platform/HAL/src/stm32g4xx_hal_spi.c ****           }
1439:platform/HAL/src/stm32g4xx_hal_spi.c ****           SET_BIT(hspi->Instance->CR1, SPI_CR1_CRCNEXT);
1440:platform/HAL/src/stm32g4xx_hal_spi.c ****         }
1441:platform/HAL/src/stm32g4xx_hal_spi.c **** #endif /* USE_SPI_CRC */
1442:platform/HAL/src/stm32g4xx_hal_spi.c ****       }
1443:platform/HAL/src/stm32g4xx_hal_spi.c ****     }
1444:platform/HAL/src/stm32g4xx_hal_spi.c ****     while ((hspi->TxXferCount > 0U) || (hspi->RxXferCount > 0U))
1445:platform/HAL/src/stm32g4xx_hal_spi.c ****     {
1446:platform/HAL/src/stm32g4xx_hal_spi.c ****       /* Check TXE flag */
1447:platform/HAL/src/stm32g4xx_hal_spi.c ****       if ((__HAL_SPI_GET_FLAG(hspi, SPI_FLAG_TXE)) && (hspi->TxXferCount > 0U) && (txallowed == 1U)
1448:platform/HAL/src/stm32g4xx_hal_spi.c ****       {
1449:platform/HAL/src/stm32g4xx_hal_spi.c ****         if (hspi->TxXferCount > 1U)
1450:platform/HAL/src/stm32g4xx_hal_spi.c ****         {
1451:platform/HAL/src/stm32g4xx_hal_spi.c ****           hspi->Instance->DR = *((const uint16_t *)hspi->pTxBuffPtr);
1452:platform/HAL/src/stm32g4xx_hal_spi.c ****           hspi->pTxBuffPtr += sizeof(uint16_t);
1453:platform/HAL/src/stm32g4xx_hal_spi.c ****           hspi->TxXferCount -= 2U;
1454:platform/HAL/src/stm32g4xx_hal_spi.c ****         }
1455:platform/HAL/src/stm32g4xx_hal_spi.c ****         else
ARM GAS  /tmp/ccMpXq91.s 			page 27


1456:platform/HAL/src/stm32g4xx_hal_spi.c ****         {
1457:platform/HAL/src/stm32g4xx_hal_spi.c ****           *(__IO uint8_t *)&hspi->Instance->DR = *((const uint8_t *)hspi->pTxBuffPtr);
1458:platform/HAL/src/stm32g4xx_hal_spi.c ****           hspi->pTxBuffPtr++;
1459:platform/HAL/src/stm32g4xx_hal_spi.c ****           hspi->TxXferCount--;
1460:platform/HAL/src/stm32g4xx_hal_spi.c ****         }
1461:platform/HAL/src/stm32g4xx_hal_spi.c ****         /* Next Data is a reception (Rx). Tx not allowed */
1462:platform/HAL/src/stm32g4xx_hal_spi.c ****         txallowed = 0U;
1463:platform/HAL/src/stm32g4xx_hal_spi.c **** 
1464:platform/HAL/src/stm32g4xx_hal_spi.c **** #if (USE_SPI_CRC != 0U)
1465:platform/HAL/src/stm32g4xx_hal_spi.c ****         /* Enable CRC Transmission */
1466:platform/HAL/src/stm32g4xx_hal_spi.c ****         if ((hspi->TxXferCount == 0U) && (hspi->Init.CRCCalculation == SPI_CRCCALCULATION_ENABLE))
1467:platform/HAL/src/stm32g4xx_hal_spi.c ****         {
1468:platform/HAL/src/stm32g4xx_hal_spi.c ****           /* Set NSS Soft to received correctly the CRC on slave mode with NSS pulse activated */
1469:platform/HAL/src/stm32g4xx_hal_spi.c ****           if ((READ_BIT(spi_cr1, SPI_CR1_MSTR) == 0U) && (READ_BIT(spi_cr2, SPI_CR2_NSSP) == SPI_CR
1470:platform/HAL/src/stm32g4xx_hal_spi.c ****           {
1471:platform/HAL/src/stm32g4xx_hal_spi.c ****             SET_BIT(hspi->Instance->CR1, SPI_CR1_SSM);
1472:platform/HAL/src/stm32g4xx_hal_spi.c ****           }
1473:platform/HAL/src/stm32g4xx_hal_spi.c ****           SET_BIT(hspi->Instance->CR1, SPI_CR1_CRCNEXT);
1474:platform/HAL/src/stm32g4xx_hal_spi.c ****         }
1475:platform/HAL/src/stm32g4xx_hal_spi.c **** #endif /* USE_SPI_CRC */
1476:platform/HAL/src/stm32g4xx_hal_spi.c ****       }
1477:platform/HAL/src/stm32g4xx_hal_spi.c **** 
1478:platform/HAL/src/stm32g4xx_hal_spi.c ****       /* Wait until RXNE flag is reset */
1479:platform/HAL/src/stm32g4xx_hal_spi.c ****       if ((__HAL_SPI_GET_FLAG(hspi, SPI_FLAG_RXNE)) && (hspi->RxXferCount > 0U))
1480:platform/HAL/src/stm32g4xx_hal_spi.c ****       {
1481:platform/HAL/src/stm32g4xx_hal_spi.c ****         if (hspi->RxXferCount > 1U)
1482:platform/HAL/src/stm32g4xx_hal_spi.c ****         {
1483:platform/HAL/src/stm32g4xx_hal_spi.c ****           *((uint16_t *)hspi->pRxBuffPtr) = (uint16_t)hspi->Instance->DR;
1484:platform/HAL/src/stm32g4xx_hal_spi.c ****           hspi->pRxBuffPtr += sizeof(uint16_t);
1485:platform/HAL/src/stm32g4xx_hal_spi.c ****           hspi->RxXferCount -= 2U;
1486:platform/HAL/src/stm32g4xx_hal_spi.c ****           if (hspi->RxXferCount <= 1U)
1487:platform/HAL/src/stm32g4xx_hal_spi.c ****           {
1488:platform/HAL/src/stm32g4xx_hal_spi.c ****             /* Set RX Fifo threshold before to switch on 8 bit data size */
1489:platform/HAL/src/stm32g4xx_hal_spi.c ****             SET_BIT(hspi->Instance->CR2, SPI_RXFIFO_THRESHOLD);
1490:platform/HAL/src/stm32g4xx_hal_spi.c ****           }
1491:platform/HAL/src/stm32g4xx_hal_spi.c ****         }
1492:platform/HAL/src/stm32g4xx_hal_spi.c ****         else
1493:platform/HAL/src/stm32g4xx_hal_spi.c ****         {
1494:platform/HAL/src/stm32g4xx_hal_spi.c ****           (*(uint8_t *)hspi->pRxBuffPtr) = *(__IO uint8_t *)&hspi->Instance->DR;
1495:platform/HAL/src/stm32g4xx_hal_spi.c ****           hspi->pRxBuffPtr++;
1496:platform/HAL/src/stm32g4xx_hal_spi.c ****           hspi->RxXferCount--;
1497:platform/HAL/src/stm32g4xx_hal_spi.c ****         }
1498:platform/HAL/src/stm32g4xx_hal_spi.c ****         /* Next Data is a Transmission (Tx). Tx is allowed */
1499:platform/HAL/src/stm32g4xx_hal_spi.c ****         txallowed = 1U;
1500:platform/HAL/src/stm32g4xx_hal_spi.c ****       }
1501:platform/HAL/src/stm32g4xx_hal_spi.c ****       if ((((HAL_GetTick() - tickstart) >=  Timeout) && ((Timeout != HAL_MAX_DELAY))) || (Timeout =
1502:platform/HAL/src/stm32g4xx_hal_spi.c ****       {
1503:platform/HAL/src/stm32g4xx_hal_spi.c ****         hspi->State = HAL_SPI_STATE_READY;
1504:platform/HAL/src/stm32g4xx_hal_spi.c ****         __HAL_UNLOCK(hspi);
1505:platform/HAL/src/stm32g4xx_hal_spi.c ****         return HAL_TIMEOUT;
1506:platform/HAL/src/stm32g4xx_hal_spi.c ****       }
1507:platform/HAL/src/stm32g4xx_hal_spi.c ****     }
1508:platform/HAL/src/stm32g4xx_hal_spi.c ****   }
1509:platform/HAL/src/stm32g4xx_hal_spi.c **** 
1510:platform/HAL/src/stm32g4xx_hal_spi.c **** #if (USE_SPI_CRC != 0U)
1511:platform/HAL/src/stm32g4xx_hal_spi.c ****   /* Read CRC from DR to close CRC calculation process */
1512:platform/HAL/src/stm32g4xx_hal_spi.c ****   if (hspi->Init.CRCCalculation == SPI_CRCCALCULATION_ENABLE)
ARM GAS  /tmp/ccMpXq91.s 			page 28


1513:platform/HAL/src/stm32g4xx_hal_spi.c ****   {
1514:platform/HAL/src/stm32g4xx_hal_spi.c ****     /* Wait until TXE flag */
1515:platform/HAL/src/stm32g4xx_hal_spi.c ****     if (SPI_WaitFlagStateUntilTimeout(hspi, SPI_FLAG_RXNE, SET, Timeout, tickstart) != HAL_OK)
1516:platform/HAL/src/stm32g4xx_hal_spi.c ****     {
1517:platform/HAL/src/stm32g4xx_hal_spi.c ****       /* Error on the CRC reception */
1518:platform/HAL/src/stm32g4xx_hal_spi.c ****       SET_BIT(hspi->ErrorCode, HAL_SPI_ERROR_CRC);
1519:platform/HAL/src/stm32g4xx_hal_spi.c ****       hspi->State = HAL_SPI_STATE_READY;
1520:platform/HAL/src/stm32g4xx_hal_spi.c ****       __HAL_UNLOCK(hspi);
1521:platform/HAL/src/stm32g4xx_hal_spi.c ****       return HAL_TIMEOUT;
1522:platform/HAL/src/stm32g4xx_hal_spi.c ****     }
1523:platform/HAL/src/stm32g4xx_hal_spi.c ****     /* Read CRC */
1524:platform/HAL/src/stm32g4xx_hal_spi.c ****     if (hspi->Init.DataSize == SPI_DATASIZE_16BIT)
1525:platform/HAL/src/stm32g4xx_hal_spi.c ****     {
1526:platform/HAL/src/stm32g4xx_hal_spi.c ****       /* Read 16bit CRC */
1527:platform/HAL/src/stm32g4xx_hal_spi.c ****       tmpreg = READ_REG(hspi->Instance->DR);
1528:platform/HAL/src/stm32g4xx_hal_spi.c ****       /* To avoid GCC warning */
1529:platform/HAL/src/stm32g4xx_hal_spi.c ****       UNUSED(tmpreg);
1530:platform/HAL/src/stm32g4xx_hal_spi.c ****     }
1531:platform/HAL/src/stm32g4xx_hal_spi.c ****     else
1532:platform/HAL/src/stm32g4xx_hal_spi.c ****     {
1533:platform/HAL/src/stm32g4xx_hal_spi.c ****       /* Initialize the 8bit temporary pointer */
1534:platform/HAL/src/stm32g4xx_hal_spi.c ****       ptmpreg8 = (__IO uint8_t *)&hspi->Instance->DR;
1535:platform/HAL/src/stm32g4xx_hal_spi.c ****       /* Read 8bit CRC */
1536:platform/HAL/src/stm32g4xx_hal_spi.c ****       tmpreg8 = *ptmpreg8;
1537:platform/HAL/src/stm32g4xx_hal_spi.c ****       /* To avoid GCC warning */
1538:platform/HAL/src/stm32g4xx_hal_spi.c ****       UNUSED(tmpreg8);
1539:platform/HAL/src/stm32g4xx_hal_spi.c **** 
1540:platform/HAL/src/stm32g4xx_hal_spi.c ****       if (hspi->Init.CRCLength == SPI_CRC_LENGTH_16BIT)
1541:platform/HAL/src/stm32g4xx_hal_spi.c ****       {
1542:platform/HAL/src/stm32g4xx_hal_spi.c ****         if (SPI_WaitFlagStateUntilTimeout(hspi, SPI_FLAG_RXNE, SET, Timeout, tickstart) != HAL_OK)
1543:platform/HAL/src/stm32g4xx_hal_spi.c ****         {
1544:platform/HAL/src/stm32g4xx_hal_spi.c ****           /* Error on the CRC reception */
1545:platform/HAL/src/stm32g4xx_hal_spi.c ****           SET_BIT(hspi->ErrorCode, HAL_SPI_ERROR_CRC);
1546:platform/HAL/src/stm32g4xx_hal_spi.c ****           hspi->State = HAL_SPI_STATE_READY;
1547:platform/HAL/src/stm32g4xx_hal_spi.c ****           __HAL_UNLOCK(hspi);
1548:platform/HAL/src/stm32g4xx_hal_spi.c ****           return HAL_TIMEOUT;
1549:platform/HAL/src/stm32g4xx_hal_spi.c ****         }
1550:platform/HAL/src/stm32g4xx_hal_spi.c ****         /* Read 8bit CRC again in case of 16bit CRC in 8bit Data mode */
1551:platform/HAL/src/stm32g4xx_hal_spi.c ****         tmpreg8 = *ptmpreg8;
1552:platform/HAL/src/stm32g4xx_hal_spi.c ****         /* To avoid GCC warning */
1553:platform/HAL/src/stm32g4xx_hal_spi.c ****         UNUSED(tmpreg8);
1554:platform/HAL/src/stm32g4xx_hal_spi.c ****       }
1555:platform/HAL/src/stm32g4xx_hal_spi.c ****     }
1556:platform/HAL/src/stm32g4xx_hal_spi.c ****   }
1557:platform/HAL/src/stm32g4xx_hal_spi.c **** 
1558:platform/HAL/src/stm32g4xx_hal_spi.c ****   /* Check if CRC error occurred */
1559:platform/HAL/src/stm32g4xx_hal_spi.c ****   if (__HAL_SPI_GET_FLAG(hspi, SPI_FLAG_CRCERR))
1560:platform/HAL/src/stm32g4xx_hal_spi.c ****   {
1561:platform/HAL/src/stm32g4xx_hal_spi.c ****     SET_BIT(hspi->ErrorCode, HAL_SPI_ERROR_CRC);
1562:platform/HAL/src/stm32g4xx_hal_spi.c ****     /* Clear CRC Flag */
1563:platform/HAL/src/stm32g4xx_hal_spi.c ****     __HAL_SPI_CLEAR_CRCERRFLAG(hspi);
1564:platform/HAL/src/stm32g4xx_hal_spi.c ****     __HAL_UNLOCK(hspi);
1565:platform/HAL/src/stm32g4xx_hal_spi.c ****     return HAL_ERROR;
1566:platform/HAL/src/stm32g4xx_hal_spi.c ****   }
1567:platform/HAL/src/stm32g4xx_hal_spi.c **** #endif /* USE_SPI_CRC */
1568:platform/HAL/src/stm32g4xx_hal_spi.c **** 
1569:platform/HAL/src/stm32g4xx_hal_spi.c ****   /* Check the end of the transaction */
ARM GAS  /tmp/ccMpXq91.s 			page 29


1570:platform/HAL/src/stm32g4xx_hal_spi.c ****   if (SPI_EndRxTxTransaction(hspi, Timeout, tickstart) != HAL_OK)
1571:platform/HAL/src/stm32g4xx_hal_spi.c ****   {
1572:platform/HAL/src/stm32g4xx_hal_spi.c ****     hspi->ErrorCode = HAL_SPI_ERROR_FLAG;
1573:platform/HAL/src/stm32g4xx_hal_spi.c ****     __HAL_UNLOCK(hspi);
1574:platform/HAL/src/stm32g4xx_hal_spi.c ****     return HAL_ERROR;
1575:platform/HAL/src/stm32g4xx_hal_spi.c ****   }
1576:platform/HAL/src/stm32g4xx_hal_spi.c **** 
1577:platform/HAL/src/stm32g4xx_hal_spi.c **** 
1578:platform/HAL/src/stm32g4xx_hal_spi.c ****   hspi->State = HAL_SPI_STATE_READY;
1579:platform/HAL/src/stm32g4xx_hal_spi.c ****   /* Unlock the process */
1580:platform/HAL/src/stm32g4xx_hal_spi.c ****   __HAL_UNLOCK(hspi);
1581:platform/HAL/src/stm32g4xx_hal_spi.c **** 
1582:platform/HAL/src/stm32g4xx_hal_spi.c ****   if (hspi->ErrorCode != HAL_SPI_ERROR_NONE)
1583:platform/HAL/src/stm32g4xx_hal_spi.c ****   {
1584:platform/HAL/src/stm32g4xx_hal_spi.c ****     return HAL_ERROR;
1585:platform/HAL/src/stm32g4xx_hal_spi.c ****   }
1586:platform/HAL/src/stm32g4xx_hal_spi.c ****   else
1587:platform/HAL/src/stm32g4xx_hal_spi.c ****   {
1588:platform/HAL/src/stm32g4xx_hal_spi.c ****     return HAL_OK;
1589:platform/HAL/src/stm32g4xx_hal_spi.c ****   }
1590:platform/HAL/src/stm32g4xx_hal_spi.c **** }
1591:platform/HAL/src/stm32g4xx_hal_spi.c **** 
1592:platform/HAL/src/stm32g4xx_hal_spi.c **** /**
1593:platform/HAL/src/stm32g4xx_hal_spi.c ****   * @brief  Transmit an amount of data in non-blocking mode with Interrupt.
1594:platform/HAL/src/stm32g4xx_hal_spi.c ****   * @param  hspi pointer to a SPI_HandleTypeDef structure that contains
1595:platform/HAL/src/stm32g4xx_hal_spi.c ****   *               the configuration information for SPI module.
1596:platform/HAL/src/stm32g4xx_hal_spi.c ****   * @param  pData pointer to data buffer
1597:platform/HAL/src/stm32g4xx_hal_spi.c ****   * @param  Size amount of data to be sent
1598:platform/HAL/src/stm32g4xx_hal_spi.c ****   * @retval HAL status
1599:platform/HAL/src/stm32g4xx_hal_spi.c ****   */
1600:platform/HAL/src/stm32g4xx_hal_spi.c **** HAL_StatusTypeDef HAL_SPI_Transmit_IT(SPI_HandleTypeDef *hspi, const uint8_t *pData, uint16_t Size)
1601:platform/HAL/src/stm32g4xx_hal_spi.c **** {
1602:platform/HAL/src/stm32g4xx_hal_spi.c **** 
1603:platform/HAL/src/stm32g4xx_hal_spi.c ****   /* Check Direction parameter */
1604:platform/HAL/src/stm32g4xx_hal_spi.c ****   assert_param(IS_SPI_DIRECTION_2LINES_OR_1LINE(hspi->Init.Direction));
1605:platform/HAL/src/stm32g4xx_hal_spi.c **** 
1606:platform/HAL/src/stm32g4xx_hal_spi.c **** 
1607:platform/HAL/src/stm32g4xx_hal_spi.c ****   if ((pData == NULL) || (Size == 0U))
1608:platform/HAL/src/stm32g4xx_hal_spi.c ****   {
1609:platform/HAL/src/stm32g4xx_hal_spi.c ****     return HAL_ERROR;
1610:platform/HAL/src/stm32g4xx_hal_spi.c ****   }
1611:platform/HAL/src/stm32g4xx_hal_spi.c **** 
1612:platform/HAL/src/stm32g4xx_hal_spi.c ****   if (hspi->State != HAL_SPI_STATE_READY)
1613:platform/HAL/src/stm32g4xx_hal_spi.c ****   {
1614:platform/HAL/src/stm32g4xx_hal_spi.c ****     return HAL_BUSY;
1615:platform/HAL/src/stm32g4xx_hal_spi.c ****   }
1616:platform/HAL/src/stm32g4xx_hal_spi.c **** 
1617:platform/HAL/src/stm32g4xx_hal_spi.c ****   /* Process Locked */
1618:platform/HAL/src/stm32g4xx_hal_spi.c ****   __HAL_LOCK(hspi);
1619:platform/HAL/src/stm32g4xx_hal_spi.c **** 
1620:platform/HAL/src/stm32g4xx_hal_spi.c ****   /* Set the transaction information */
1621:platform/HAL/src/stm32g4xx_hal_spi.c ****   hspi->State       = HAL_SPI_STATE_BUSY_TX;
1622:platform/HAL/src/stm32g4xx_hal_spi.c ****   hspi->ErrorCode   = HAL_SPI_ERROR_NONE;
1623:platform/HAL/src/stm32g4xx_hal_spi.c ****   hspi->pTxBuffPtr  = (const uint8_t *)pData;
1624:platform/HAL/src/stm32g4xx_hal_spi.c ****   hspi->TxXferSize  = Size;
1625:platform/HAL/src/stm32g4xx_hal_spi.c ****   hspi->TxXferCount = Size;
1626:platform/HAL/src/stm32g4xx_hal_spi.c **** 
ARM GAS  /tmp/ccMpXq91.s 			page 30


1627:platform/HAL/src/stm32g4xx_hal_spi.c ****   /* Init field not used in handle to zero */
1628:platform/HAL/src/stm32g4xx_hal_spi.c ****   hspi->pRxBuffPtr  = (uint8_t *)NULL;
1629:platform/HAL/src/stm32g4xx_hal_spi.c ****   hspi->RxXferSize  = 0U;
1630:platform/HAL/src/stm32g4xx_hal_spi.c ****   hspi->RxXferCount = 0U;
1631:platform/HAL/src/stm32g4xx_hal_spi.c ****   hspi->RxISR       = NULL;
1632:platform/HAL/src/stm32g4xx_hal_spi.c **** 
1633:platform/HAL/src/stm32g4xx_hal_spi.c ****   /* Set the function for IT treatment */
1634:platform/HAL/src/stm32g4xx_hal_spi.c ****   if (hspi->Init.DataSize > SPI_DATASIZE_8BIT)
1635:platform/HAL/src/stm32g4xx_hal_spi.c ****   {
1636:platform/HAL/src/stm32g4xx_hal_spi.c ****     hspi->TxISR = SPI_TxISR_16BIT;
1637:platform/HAL/src/stm32g4xx_hal_spi.c ****   }
1638:platform/HAL/src/stm32g4xx_hal_spi.c ****   else
1639:platform/HAL/src/stm32g4xx_hal_spi.c ****   {
1640:platform/HAL/src/stm32g4xx_hal_spi.c ****     hspi->TxISR = SPI_TxISR_8BIT;
1641:platform/HAL/src/stm32g4xx_hal_spi.c ****   }
1642:platform/HAL/src/stm32g4xx_hal_spi.c **** 
1643:platform/HAL/src/stm32g4xx_hal_spi.c ****   /* Configure communication direction : 1Line */
1644:platform/HAL/src/stm32g4xx_hal_spi.c ****   if (hspi->Init.Direction == SPI_DIRECTION_1LINE)
1645:platform/HAL/src/stm32g4xx_hal_spi.c ****   {
1646:platform/HAL/src/stm32g4xx_hal_spi.c ****     /* Disable SPI Peripheral before set 1Line direction (BIDIOE bit) */
1647:platform/HAL/src/stm32g4xx_hal_spi.c ****     __HAL_SPI_DISABLE(hspi);
1648:platform/HAL/src/stm32g4xx_hal_spi.c ****     SPI_1LINE_TX(hspi);
1649:platform/HAL/src/stm32g4xx_hal_spi.c ****   }
1650:platform/HAL/src/stm32g4xx_hal_spi.c **** 
1651:platform/HAL/src/stm32g4xx_hal_spi.c **** #if (USE_SPI_CRC != 0U)
1652:platform/HAL/src/stm32g4xx_hal_spi.c ****   /* Reset CRC Calculation */
1653:platform/HAL/src/stm32g4xx_hal_spi.c ****   if (hspi->Init.CRCCalculation == SPI_CRCCALCULATION_ENABLE)
1654:platform/HAL/src/stm32g4xx_hal_spi.c ****   {
1655:platform/HAL/src/stm32g4xx_hal_spi.c ****     SPI_RESET_CRC(hspi);
1656:platform/HAL/src/stm32g4xx_hal_spi.c ****   }
1657:platform/HAL/src/stm32g4xx_hal_spi.c **** #endif /* USE_SPI_CRC */
1658:platform/HAL/src/stm32g4xx_hal_spi.c **** 
1659:platform/HAL/src/stm32g4xx_hal_spi.c ****   /* Check if the SPI is already enabled */
1660:platform/HAL/src/stm32g4xx_hal_spi.c ****   if ((hspi->Instance->CR1 & SPI_CR1_SPE) != SPI_CR1_SPE)
1661:platform/HAL/src/stm32g4xx_hal_spi.c ****   {
1662:platform/HAL/src/stm32g4xx_hal_spi.c ****     /* Enable SPI peripheral */
1663:platform/HAL/src/stm32g4xx_hal_spi.c ****     __HAL_SPI_ENABLE(hspi);
1664:platform/HAL/src/stm32g4xx_hal_spi.c ****   }
1665:platform/HAL/src/stm32g4xx_hal_spi.c **** 
1666:platform/HAL/src/stm32g4xx_hal_spi.c ****   /* Process Unlocked */
1667:platform/HAL/src/stm32g4xx_hal_spi.c ****   __HAL_UNLOCK(hspi);
1668:platform/HAL/src/stm32g4xx_hal_spi.c ****   /* Enable TXE and ERR interrupt */
1669:platform/HAL/src/stm32g4xx_hal_spi.c ****   __HAL_SPI_ENABLE_IT(hspi, (SPI_IT_TXE | SPI_IT_ERR));
1670:platform/HAL/src/stm32g4xx_hal_spi.c **** 
1671:platform/HAL/src/stm32g4xx_hal_spi.c ****   return HAL_OK;
1672:platform/HAL/src/stm32g4xx_hal_spi.c **** }
1673:platform/HAL/src/stm32g4xx_hal_spi.c **** 
1674:platform/HAL/src/stm32g4xx_hal_spi.c **** /**
1675:platform/HAL/src/stm32g4xx_hal_spi.c ****   * @brief  Receive an amount of data in non-blocking mode with Interrupt.
1676:platform/HAL/src/stm32g4xx_hal_spi.c ****   * @param  hspi pointer to a SPI_HandleTypeDef structure that contains
1677:platform/HAL/src/stm32g4xx_hal_spi.c ****   *               the configuration information for SPI module.
1678:platform/HAL/src/stm32g4xx_hal_spi.c ****   * @param  pData pointer to data buffer
1679:platform/HAL/src/stm32g4xx_hal_spi.c ****   * @param  Size amount of data to be sent
1680:platform/HAL/src/stm32g4xx_hal_spi.c ****   * @retval HAL status
1681:platform/HAL/src/stm32g4xx_hal_spi.c ****   */
1682:platform/HAL/src/stm32g4xx_hal_spi.c **** HAL_StatusTypeDef HAL_SPI_Receive_IT(SPI_HandleTypeDef *hspi, uint8_t *pData, uint16_t Size)
1683:platform/HAL/src/stm32g4xx_hal_spi.c **** {
ARM GAS  /tmp/ccMpXq91.s 			page 31


1684:platform/HAL/src/stm32g4xx_hal_spi.c **** 
1685:platform/HAL/src/stm32g4xx_hal_spi.c ****   if (hspi->State != HAL_SPI_STATE_READY)
1686:platform/HAL/src/stm32g4xx_hal_spi.c ****   {
1687:platform/HAL/src/stm32g4xx_hal_spi.c ****     return HAL_BUSY;
1688:platform/HAL/src/stm32g4xx_hal_spi.c ****   }
1689:platform/HAL/src/stm32g4xx_hal_spi.c **** 
1690:platform/HAL/src/stm32g4xx_hal_spi.c ****   if ((pData == NULL) || (Size == 0U))
1691:platform/HAL/src/stm32g4xx_hal_spi.c ****   {
1692:platform/HAL/src/stm32g4xx_hal_spi.c ****     return HAL_ERROR;
1693:platform/HAL/src/stm32g4xx_hal_spi.c ****   }
1694:platform/HAL/src/stm32g4xx_hal_spi.c **** 
1695:platform/HAL/src/stm32g4xx_hal_spi.c ****   if ((hspi->Init.Direction == SPI_DIRECTION_2LINES) && (hspi->Init.Mode == SPI_MODE_MASTER))
1696:platform/HAL/src/stm32g4xx_hal_spi.c ****   {
1697:platform/HAL/src/stm32g4xx_hal_spi.c ****     hspi->State = HAL_SPI_STATE_BUSY_RX;
1698:platform/HAL/src/stm32g4xx_hal_spi.c ****     /* Call transmit-receive function to send Dummy data on Tx line and generate clock on CLK line 
1699:platform/HAL/src/stm32g4xx_hal_spi.c ****     return HAL_SPI_TransmitReceive_IT(hspi, pData, pData, Size);
1700:platform/HAL/src/stm32g4xx_hal_spi.c ****   }
1701:platform/HAL/src/stm32g4xx_hal_spi.c **** 
1702:platform/HAL/src/stm32g4xx_hal_spi.c **** 
1703:platform/HAL/src/stm32g4xx_hal_spi.c ****   /* Process Locked */
1704:platform/HAL/src/stm32g4xx_hal_spi.c ****   __HAL_LOCK(hspi);
1705:platform/HAL/src/stm32g4xx_hal_spi.c **** 
1706:platform/HAL/src/stm32g4xx_hal_spi.c ****   /* Set the transaction information */
1707:platform/HAL/src/stm32g4xx_hal_spi.c ****   hspi->State       = HAL_SPI_STATE_BUSY_RX;
1708:platform/HAL/src/stm32g4xx_hal_spi.c ****   hspi->ErrorCode   = HAL_SPI_ERROR_NONE;
1709:platform/HAL/src/stm32g4xx_hal_spi.c ****   hspi->pRxBuffPtr  = (uint8_t *)pData;
1710:platform/HAL/src/stm32g4xx_hal_spi.c ****   hspi->RxXferSize  = Size;
1711:platform/HAL/src/stm32g4xx_hal_spi.c ****   hspi->RxXferCount = Size;
1712:platform/HAL/src/stm32g4xx_hal_spi.c **** 
1713:platform/HAL/src/stm32g4xx_hal_spi.c ****   /* Init field not used in handle to zero */
1714:platform/HAL/src/stm32g4xx_hal_spi.c ****   hspi->pTxBuffPtr  = (uint8_t *)NULL;
1715:platform/HAL/src/stm32g4xx_hal_spi.c ****   hspi->TxXferSize  = 0U;
1716:platform/HAL/src/stm32g4xx_hal_spi.c ****   hspi->TxXferCount = 0U;
1717:platform/HAL/src/stm32g4xx_hal_spi.c ****   hspi->TxISR       = NULL;
1718:platform/HAL/src/stm32g4xx_hal_spi.c **** 
1719:platform/HAL/src/stm32g4xx_hal_spi.c ****   /* Check the data size to adapt Rx threshold and the set the function for IT treatment */
1720:platform/HAL/src/stm32g4xx_hal_spi.c ****   if (hspi->Init.DataSize > SPI_DATASIZE_8BIT)
1721:platform/HAL/src/stm32g4xx_hal_spi.c ****   {
1722:platform/HAL/src/stm32g4xx_hal_spi.c ****     /* Set RX Fifo threshold according the reception data length: 16 bit */
1723:platform/HAL/src/stm32g4xx_hal_spi.c ****     CLEAR_BIT(hspi->Instance->CR2, SPI_RXFIFO_THRESHOLD);
1724:platform/HAL/src/stm32g4xx_hal_spi.c ****     hspi->RxISR = SPI_RxISR_16BIT;
1725:platform/HAL/src/stm32g4xx_hal_spi.c ****   }
1726:platform/HAL/src/stm32g4xx_hal_spi.c ****   else
1727:platform/HAL/src/stm32g4xx_hal_spi.c ****   {
1728:platform/HAL/src/stm32g4xx_hal_spi.c ****     /* Set RX Fifo threshold according the reception data length: 8 bit */
1729:platform/HAL/src/stm32g4xx_hal_spi.c ****     SET_BIT(hspi->Instance->CR2, SPI_RXFIFO_THRESHOLD);
1730:platform/HAL/src/stm32g4xx_hal_spi.c ****     hspi->RxISR = SPI_RxISR_8BIT;
1731:platform/HAL/src/stm32g4xx_hal_spi.c ****   }
1732:platform/HAL/src/stm32g4xx_hal_spi.c **** 
1733:platform/HAL/src/stm32g4xx_hal_spi.c ****   /* Configure communication direction : 1Line */
1734:platform/HAL/src/stm32g4xx_hal_spi.c ****   if (hspi->Init.Direction == SPI_DIRECTION_1LINE)
1735:platform/HAL/src/stm32g4xx_hal_spi.c ****   {
1736:platform/HAL/src/stm32g4xx_hal_spi.c ****     /* Disable SPI Peripheral before set 1Line direction (BIDIOE bit) */
1737:platform/HAL/src/stm32g4xx_hal_spi.c ****     __HAL_SPI_DISABLE(hspi);
1738:platform/HAL/src/stm32g4xx_hal_spi.c ****     SPI_1LINE_RX(hspi);
1739:platform/HAL/src/stm32g4xx_hal_spi.c ****   }
1740:platform/HAL/src/stm32g4xx_hal_spi.c **** 
ARM GAS  /tmp/ccMpXq91.s 			page 32


1741:platform/HAL/src/stm32g4xx_hal_spi.c **** #if (USE_SPI_CRC != 0U)
1742:platform/HAL/src/stm32g4xx_hal_spi.c ****   /* Reset CRC Calculation */
1743:platform/HAL/src/stm32g4xx_hal_spi.c ****   if (hspi->Init.CRCCalculation == SPI_CRCCALCULATION_ENABLE)
1744:platform/HAL/src/stm32g4xx_hal_spi.c ****   {
1745:platform/HAL/src/stm32g4xx_hal_spi.c ****     hspi->CRCSize = 1U;
1746:platform/HAL/src/stm32g4xx_hal_spi.c ****     if ((hspi->Init.DataSize <= SPI_DATASIZE_8BIT) && (hspi->Init.CRCLength == SPI_CRC_LENGTH_16BIT
1747:platform/HAL/src/stm32g4xx_hal_spi.c ****     {
1748:platform/HAL/src/stm32g4xx_hal_spi.c ****       hspi->CRCSize = 2U;
1749:platform/HAL/src/stm32g4xx_hal_spi.c ****     }
1750:platform/HAL/src/stm32g4xx_hal_spi.c ****     SPI_RESET_CRC(hspi);
1751:platform/HAL/src/stm32g4xx_hal_spi.c ****   }
1752:platform/HAL/src/stm32g4xx_hal_spi.c ****   else
1753:platform/HAL/src/stm32g4xx_hal_spi.c ****   {
1754:platform/HAL/src/stm32g4xx_hal_spi.c ****     hspi->CRCSize = 0U;
1755:platform/HAL/src/stm32g4xx_hal_spi.c ****   }
1756:platform/HAL/src/stm32g4xx_hal_spi.c **** #endif /* USE_SPI_CRC */
1757:platform/HAL/src/stm32g4xx_hal_spi.c **** 
1758:platform/HAL/src/stm32g4xx_hal_spi.c ****   /* Note : The SPI must be enabled after unlocking current process
1759:platform/HAL/src/stm32g4xx_hal_spi.c ****             to avoid the risk of SPI interrupt handle execution before current
1760:platform/HAL/src/stm32g4xx_hal_spi.c ****             process unlock */
1761:platform/HAL/src/stm32g4xx_hal_spi.c **** 
1762:platform/HAL/src/stm32g4xx_hal_spi.c ****   /* Check if the SPI is already enabled */
1763:platform/HAL/src/stm32g4xx_hal_spi.c ****   if ((hspi->Instance->CR1 & SPI_CR1_SPE) != SPI_CR1_SPE)
1764:platform/HAL/src/stm32g4xx_hal_spi.c ****   {
1765:platform/HAL/src/stm32g4xx_hal_spi.c ****     /* Enable SPI peripheral */
1766:platform/HAL/src/stm32g4xx_hal_spi.c ****     __HAL_SPI_ENABLE(hspi);
1767:platform/HAL/src/stm32g4xx_hal_spi.c ****   }
1768:platform/HAL/src/stm32g4xx_hal_spi.c **** 
1769:platform/HAL/src/stm32g4xx_hal_spi.c ****   /* Process Unlocked */
1770:platform/HAL/src/stm32g4xx_hal_spi.c ****   __HAL_UNLOCK(hspi);
1771:platform/HAL/src/stm32g4xx_hal_spi.c ****   /* Enable RXNE and ERR interrupt */
1772:platform/HAL/src/stm32g4xx_hal_spi.c ****   __HAL_SPI_ENABLE_IT(hspi, (SPI_IT_RXNE | SPI_IT_ERR));
1773:platform/HAL/src/stm32g4xx_hal_spi.c **** 
1774:platform/HAL/src/stm32g4xx_hal_spi.c ****   return HAL_OK;
1775:platform/HAL/src/stm32g4xx_hal_spi.c **** }
1776:platform/HAL/src/stm32g4xx_hal_spi.c **** 
1777:platform/HAL/src/stm32g4xx_hal_spi.c **** /**
1778:platform/HAL/src/stm32g4xx_hal_spi.c ****   * @brief  Transmit and Receive an amount of data in non-blocking mode with Interrupt.
1779:platform/HAL/src/stm32g4xx_hal_spi.c ****   * @param  hspi pointer to a SPI_HandleTypeDef structure that contains
1780:platform/HAL/src/stm32g4xx_hal_spi.c ****   *               the configuration information for SPI module.
1781:platform/HAL/src/stm32g4xx_hal_spi.c ****   * @param  pTxData pointer to transmission data buffer
1782:platform/HAL/src/stm32g4xx_hal_spi.c ****   * @param  pRxData pointer to reception data buffer
1783:platform/HAL/src/stm32g4xx_hal_spi.c ****   * @param  Size amount of data to be sent and received
1784:platform/HAL/src/stm32g4xx_hal_spi.c ****   * @retval HAL status
1785:platform/HAL/src/stm32g4xx_hal_spi.c ****   */
1786:platform/HAL/src/stm32g4xx_hal_spi.c **** HAL_StatusTypeDef HAL_SPI_TransmitReceive_IT(SPI_HandleTypeDef *hspi, const uint8_t *pTxData, uint8
1787:platform/HAL/src/stm32g4xx_hal_spi.c ****                                              uint16_t Size)
1788:platform/HAL/src/stm32g4xx_hal_spi.c **** {
1789:platform/HAL/src/stm32g4xx_hal_spi.c ****   uint32_t             tmp_mode;
1790:platform/HAL/src/stm32g4xx_hal_spi.c ****   HAL_SPI_StateTypeDef tmp_state;
1791:platform/HAL/src/stm32g4xx_hal_spi.c **** 
1792:platform/HAL/src/stm32g4xx_hal_spi.c ****   /* Check Direction parameter */
1793:platform/HAL/src/stm32g4xx_hal_spi.c ****   assert_param(IS_SPI_DIRECTION_2LINES(hspi->Init.Direction));
1794:platform/HAL/src/stm32g4xx_hal_spi.c **** 
1795:platform/HAL/src/stm32g4xx_hal_spi.c ****   /* Init temporary variables */
1796:platform/HAL/src/stm32g4xx_hal_spi.c ****   tmp_state           = hspi->State;
1797:platform/HAL/src/stm32g4xx_hal_spi.c ****   tmp_mode            = hspi->Init.Mode;
ARM GAS  /tmp/ccMpXq91.s 			page 33


1798:platform/HAL/src/stm32g4xx_hal_spi.c **** 
1799:platform/HAL/src/stm32g4xx_hal_spi.c ****   if (!((tmp_state == HAL_SPI_STATE_READY) || \
1800:platform/HAL/src/stm32g4xx_hal_spi.c ****         ((tmp_mode == SPI_MODE_MASTER) && (hspi->Init.Direction == SPI_DIRECTION_2LINES) &&
1801:platform/HAL/src/stm32g4xx_hal_spi.c ****          (tmp_state == HAL_SPI_STATE_BUSY_RX))))
1802:platform/HAL/src/stm32g4xx_hal_spi.c ****   {
1803:platform/HAL/src/stm32g4xx_hal_spi.c ****     return HAL_BUSY;
1804:platform/HAL/src/stm32g4xx_hal_spi.c ****   }
1805:platform/HAL/src/stm32g4xx_hal_spi.c **** 
1806:platform/HAL/src/stm32g4xx_hal_spi.c ****   if ((pTxData == NULL) || (pRxData == NULL) || (Size == 0U))
1807:platform/HAL/src/stm32g4xx_hal_spi.c ****   {
1808:platform/HAL/src/stm32g4xx_hal_spi.c ****     return HAL_ERROR;
1809:platform/HAL/src/stm32g4xx_hal_spi.c ****   }
1810:platform/HAL/src/stm32g4xx_hal_spi.c **** 
1811:platform/HAL/src/stm32g4xx_hal_spi.c ****   /* Process locked */
1812:platform/HAL/src/stm32g4xx_hal_spi.c ****   __HAL_LOCK(hspi);
1813:platform/HAL/src/stm32g4xx_hal_spi.c **** 
1814:platform/HAL/src/stm32g4xx_hal_spi.c ****   /* Don't overwrite in case of HAL_SPI_STATE_BUSY_RX */
1815:platform/HAL/src/stm32g4xx_hal_spi.c ****   if (hspi->State != HAL_SPI_STATE_BUSY_RX)
1816:platform/HAL/src/stm32g4xx_hal_spi.c ****   {
1817:platform/HAL/src/stm32g4xx_hal_spi.c ****     hspi->State = HAL_SPI_STATE_BUSY_TX_RX;
1818:platform/HAL/src/stm32g4xx_hal_spi.c ****   }
1819:platform/HAL/src/stm32g4xx_hal_spi.c **** 
1820:platform/HAL/src/stm32g4xx_hal_spi.c ****   /* Set the transaction information */
1821:platform/HAL/src/stm32g4xx_hal_spi.c ****   hspi->ErrorCode   = HAL_SPI_ERROR_NONE;
1822:platform/HAL/src/stm32g4xx_hal_spi.c ****   hspi->pTxBuffPtr  = (const uint8_t *)pTxData;
1823:platform/HAL/src/stm32g4xx_hal_spi.c ****   hspi->TxXferSize  = Size;
1824:platform/HAL/src/stm32g4xx_hal_spi.c ****   hspi->TxXferCount = Size;
1825:platform/HAL/src/stm32g4xx_hal_spi.c ****   hspi->pRxBuffPtr  = (uint8_t *)pRxData;
1826:platform/HAL/src/stm32g4xx_hal_spi.c ****   hspi->RxXferSize  = Size;
1827:platform/HAL/src/stm32g4xx_hal_spi.c ****   hspi->RxXferCount = Size;
1828:platform/HAL/src/stm32g4xx_hal_spi.c **** 
1829:platform/HAL/src/stm32g4xx_hal_spi.c ****   /* Set the function for IT treatment */
1830:platform/HAL/src/stm32g4xx_hal_spi.c ****   if (hspi->Init.DataSize > SPI_DATASIZE_8BIT)
1831:platform/HAL/src/stm32g4xx_hal_spi.c ****   {
1832:platform/HAL/src/stm32g4xx_hal_spi.c ****     hspi->RxISR     = SPI_2linesRxISR_16BIT;
1833:platform/HAL/src/stm32g4xx_hal_spi.c ****     hspi->TxISR     = SPI_2linesTxISR_16BIT;
1834:platform/HAL/src/stm32g4xx_hal_spi.c ****   }
1835:platform/HAL/src/stm32g4xx_hal_spi.c ****   else
1836:platform/HAL/src/stm32g4xx_hal_spi.c ****   {
1837:platform/HAL/src/stm32g4xx_hal_spi.c ****     hspi->RxISR     = SPI_2linesRxISR_8BIT;
1838:platform/HAL/src/stm32g4xx_hal_spi.c ****     hspi->TxISR     = SPI_2linesTxISR_8BIT;
1839:platform/HAL/src/stm32g4xx_hal_spi.c ****   }
1840:platform/HAL/src/stm32g4xx_hal_spi.c **** 
1841:platform/HAL/src/stm32g4xx_hal_spi.c **** #if (USE_SPI_CRC != 0U)
1842:platform/HAL/src/stm32g4xx_hal_spi.c ****   /* Reset CRC Calculation */
1843:platform/HAL/src/stm32g4xx_hal_spi.c ****   if (hspi->Init.CRCCalculation == SPI_CRCCALCULATION_ENABLE)
1844:platform/HAL/src/stm32g4xx_hal_spi.c ****   {
1845:platform/HAL/src/stm32g4xx_hal_spi.c ****     hspi->CRCSize = 1U;
1846:platform/HAL/src/stm32g4xx_hal_spi.c ****     if ((hspi->Init.DataSize <= SPI_DATASIZE_8BIT) && (hspi->Init.CRCLength == SPI_CRC_LENGTH_16BIT
1847:platform/HAL/src/stm32g4xx_hal_spi.c ****     {
1848:platform/HAL/src/stm32g4xx_hal_spi.c ****       hspi->CRCSize = 2U;
1849:platform/HAL/src/stm32g4xx_hal_spi.c ****     }
1850:platform/HAL/src/stm32g4xx_hal_spi.c ****     SPI_RESET_CRC(hspi);
1851:platform/HAL/src/stm32g4xx_hal_spi.c ****   }
1852:platform/HAL/src/stm32g4xx_hal_spi.c ****   else
1853:platform/HAL/src/stm32g4xx_hal_spi.c ****   {
1854:platform/HAL/src/stm32g4xx_hal_spi.c ****     hspi->CRCSize = 0U;
ARM GAS  /tmp/ccMpXq91.s 			page 34


1855:platform/HAL/src/stm32g4xx_hal_spi.c ****   }
1856:platform/HAL/src/stm32g4xx_hal_spi.c **** #endif /* USE_SPI_CRC */
1857:platform/HAL/src/stm32g4xx_hal_spi.c **** 
1858:platform/HAL/src/stm32g4xx_hal_spi.c ****   /* Check if packing mode is enabled and if there is more than 2 data to receive */
1859:platform/HAL/src/stm32g4xx_hal_spi.c ****   if ((hspi->Init.DataSize > SPI_DATASIZE_8BIT) || (Size >= 2U))
1860:platform/HAL/src/stm32g4xx_hal_spi.c ****   {
1861:platform/HAL/src/stm32g4xx_hal_spi.c ****     /* Set RX Fifo threshold according the reception data length: 16 bit */
1862:platform/HAL/src/stm32g4xx_hal_spi.c ****     CLEAR_BIT(hspi->Instance->CR2, SPI_RXFIFO_THRESHOLD);
1863:platform/HAL/src/stm32g4xx_hal_spi.c ****   }
1864:platform/HAL/src/stm32g4xx_hal_spi.c ****   else
1865:platform/HAL/src/stm32g4xx_hal_spi.c ****   {
1866:platform/HAL/src/stm32g4xx_hal_spi.c ****     /* Set RX Fifo threshold according the reception data length: 8 bit */
1867:platform/HAL/src/stm32g4xx_hal_spi.c ****     SET_BIT(hspi->Instance->CR2, SPI_RXFIFO_THRESHOLD);
1868:platform/HAL/src/stm32g4xx_hal_spi.c ****   }
1869:platform/HAL/src/stm32g4xx_hal_spi.c **** 
1870:platform/HAL/src/stm32g4xx_hal_spi.c **** 
1871:platform/HAL/src/stm32g4xx_hal_spi.c ****   /* Check if the SPI is already enabled */
1872:platform/HAL/src/stm32g4xx_hal_spi.c ****   if ((hspi->Instance->CR1 & SPI_CR1_SPE) != SPI_CR1_SPE)
1873:platform/HAL/src/stm32g4xx_hal_spi.c ****   {
1874:platform/HAL/src/stm32g4xx_hal_spi.c ****     /* Enable SPI peripheral */
1875:platform/HAL/src/stm32g4xx_hal_spi.c ****     __HAL_SPI_ENABLE(hspi);
1876:platform/HAL/src/stm32g4xx_hal_spi.c ****   }
1877:platform/HAL/src/stm32g4xx_hal_spi.c **** 
1878:platform/HAL/src/stm32g4xx_hal_spi.c ****   /* Process Unlocked */
1879:platform/HAL/src/stm32g4xx_hal_spi.c ****   __HAL_UNLOCK(hspi);
1880:platform/HAL/src/stm32g4xx_hal_spi.c ****   /* Enable TXE, RXNE and ERR interrupt */
1881:platform/HAL/src/stm32g4xx_hal_spi.c ****   __HAL_SPI_ENABLE_IT(hspi, (SPI_IT_TXE | SPI_IT_RXNE | SPI_IT_ERR));
1882:platform/HAL/src/stm32g4xx_hal_spi.c **** 
1883:platform/HAL/src/stm32g4xx_hal_spi.c ****   return HAL_OK;
1884:platform/HAL/src/stm32g4xx_hal_spi.c **** }
1885:platform/HAL/src/stm32g4xx_hal_spi.c **** 
1886:platform/HAL/src/stm32g4xx_hal_spi.c **** /**
1887:platform/HAL/src/stm32g4xx_hal_spi.c ****   * @brief  Transmit an amount of data in non-blocking mode with DMA.
1888:platform/HAL/src/stm32g4xx_hal_spi.c ****   * @param  hspi pointer to a SPI_HandleTypeDef structure that contains
1889:platform/HAL/src/stm32g4xx_hal_spi.c ****   *               the configuration information for SPI module.
1890:platform/HAL/src/stm32g4xx_hal_spi.c ****   * @param  pData pointer to data buffer
1891:platform/HAL/src/stm32g4xx_hal_spi.c ****   * @param  Size amount of data to be sent
1892:platform/HAL/src/stm32g4xx_hal_spi.c ****   * @retval HAL status
1893:platform/HAL/src/stm32g4xx_hal_spi.c ****   */
1894:platform/HAL/src/stm32g4xx_hal_spi.c **** HAL_StatusTypeDef HAL_SPI_Transmit_DMA(SPI_HandleTypeDef *hspi, const uint8_t *pData, uint16_t Size
1895:platform/HAL/src/stm32g4xx_hal_spi.c **** {
1896:platform/HAL/src/stm32g4xx_hal_spi.c **** 
1897:platform/HAL/src/stm32g4xx_hal_spi.c ****   /* Check tx dma handle */
1898:platform/HAL/src/stm32g4xx_hal_spi.c ****   assert_param(IS_SPI_DMA_HANDLE(hspi->hdmatx));
1899:platform/HAL/src/stm32g4xx_hal_spi.c **** 
1900:platform/HAL/src/stm32g4xx_hal_spi.c ****   /* Check Direction parameter */
1901:platform/HAL/src/stm32g4xx_hal_spi.c ****   assert_param(IS_SPI_DIRECTION_2LINES_OR_1LINE(hspi->Init.Direction));
1902:platform/HAL/src/stm32g4xx_hal_spi.c **** 
1903:platform/HAL/src/stm32g4xx_hal_spi.c ****   if (hspi->State != HAL_SPI_STATE_READY)
1904:platform/HAL/src/stm32g4xx_hal_spi.c ****   {
1905:platform/HAL/src/stm32g4xx_hal_spi.c ****     return HAL_BUSY;
1906:platform/HAL/src/stm32g4xx_hal_spi.c ****   }
1907:platform/HAL/src/stm32g4xx_hal_spi.c **** 
1908:platform/HAL/src/stm32g4xx_hal_spi.c ****   if ((pData == NULL) || (Size == 0U))
1909:platform/HAL/src/stm32g4xx_hal_spi.c ****   {
1910:platform/HAL/src/stm32g4xx_hal_spi.c ****     return HAL_ERROR;
1911:platform/HAL/src/stm32g4xx_hal_spi.c ****   }
ARM GAS  /tmp/ccMpXq91.s 			page 35


1912:platform/HAL/src/stm32g4xx_hal_spi.c **** 
1913:platform/HAL/src/stm32g4xx_hal_spi.c ****   /* Process Locked */
1914:platform/HAL/src/stm32g4xx_hal_spi.c ****   __HAL_LOCK(hspi);
1915:platform/HAL/src/stm32g4xx_hal_spi.c **** 
1916:platform/HAL/src/stm32g4xx_hal_spi.c ****   /* Set the transaction information */
1917:platform/HAL/src/stm32g4xx_hal_spi.c ****   hspi->State       = HAL_SPI_STATE_BUSY_TX;
1918:platform/HAL/src/stm32g4xx_hal_spi.c ****   hspi->ErrorCode   = HAL_SPI_ERROR_NONE;
1919:platform/HAL/src/stm32g4xx_hal_spi.c ****   hspi->pTxBuffPtr  = (const uint8_t *)pData;
1920:platform/HAL/src/stm32g4xx_hal_spi.c ****   hspi->TxXferSize  = Size;
1921:platform/HAL/src/stm32g4xx_hal_spi.c ****   hspi->TxXferCount = Size;
1922:platform/HAL/src/stm32g4xx_hal_spi.c **** 
1923:platform/HAL/src/stm32g4xx_hal_spi.c ****   /* Init field not used in handle to zero */
1924:platform/HAL/src/stm32g4xx_hal_spi.c ****   hspi->pRxBuffPtr  = (uint8_t *)NULL;
1925:platform/HAL/src/stm32g4xx_hal_spi.c ****   hspi->TxISR       = NULL;
1926:platform/HAL/src/stm32g4xx_hal_spi.c ****   hspi->RxISR       = NULL;
1927:platform/HAL/src/stm32g4xx_hal_spi.c ****   hspi->RxXferSize  = 0U;
1928:platform/HAL/src/stm32g4xx_hal_spi.c ****   hspi->RxXferCount = 0U;
1929:platform/HAL/src/stm32g4xx_hal_spi.c **** 
1930:platform/HAL/src/stm32g4xx_hal_spi.c ****   /* Configure communication direction : 1Line */
1931:platform/HAL/src/stm32g4xx_hal_spi.c ****   if (hspi->Init.Direction == SPI_DIRECTION_1LINE)
1932:platform/HAL/src/stm32g4xx_hal_spi.c ****   {
1933:platform/HAL/src/stm32g4xx_hal_spi.c ****     /* Disable SPI Peripheral before set 1Line direction (BIDIOE bit) */
1934:platform/HAL/src/stm32g4xx_hal_spi.c ****     __HAL_SPI_DISABLE(hspi);
1935:platform/HAL/src/stm32g4xx_hal_spi.c ****     SPI_1LINE_TX(hspi);
1936:platform/HAL/src/stm32g4xx_hal_spi.c ****   }
1937:platform/HAL/src/stm32g4xx_hal_spi.c **** 
1938:platform/HAL/src/stm32g4xx_hal_spi.c **** #if (USE_SPI_CRC != 0U)
1939:platform/HAL/src/stm32g4xx_hal_spi.c ****   /* Reset CRC Calculation */
1940:platform/HAL/src/stm32g4xx_hal_spi.c ****   if (hspi->Init.CRCCalculation == SPI_CRCCALCULATION_ENABLE)
1941:platform/HAL/src/stm32g4xx_hal_spi.c ****   {
1942:platform/HAL/src/stm32g4xx_hal_spi.c ****     SPI_RESET_CRC(hspi);
1943:platform/HAL/src/stm32g4xx_hal_spi.c ****   }
1944:platform/HAL/src/stm32g4xx_hal_spi.c **** #endif /* USE_SPI_CRC */
1945:platform/HAL/src/stm32g4xx_hal_spi.c **** 
1946:platform/HAL/src/stm32g4xx_hal_spi.c ****   /* Set the SPI TxDMA Half transfer complete callback */
1947:platform/HAL/src/stm32g4xx_hal_spi.c ****   hspi->hdmatx->XferHalfCpltCallback = SPI_DMAHalfTransmitCplt;
1948:platform/HAL/src/stm32g4xx_hal_spi.c **** 
1949:platform/HAL/src/stm32g4xx_hal_spi.c ****   /* Set the SPI TxDMA transfer complete callback */
1950:platform/HAL/src/stm32g4xx_hal_spi.c ****   hspi->hdmatx->XferCpltCallback = SPI_DMATransmitCplt;
1951:platform/HAL/src/stm32g4xx_hal_spi.c **** 
1952:platform/HAL/src/stm32g4xx_hal_spi.c ****   /* Set the DMA error callback */
1953:platform/HAL/src/stm32g4xx_hal_spi.c ****   hspi->hdmatx->XferErrorCallback = SPI_DMAError;
1954:platform/HAL/src/stm32g4xx_hal_spi.c **** 
1955:platform/HAL/src/stm32g4xx_hal_spi.c ****   /* Set the DMA AbortCpltCallback */
1956:platform/HAL/src/stm32g4xx_hal_spi.c ****   hspi->hdmatx->XferAbortCallback = NULL;
1957:platform/HAL/src/stm32g4xx_hal_spi.c **** 
1958:platform/HAL/src/stm32g4xx_hal_spi.c ****   CLEAR_BIT(hspi->Instance->CR2, SPI_CR2_LDMATX);
1959:platform/HAL/src/stm32g4xx_hal_spi.c ****   /* Packing mode is enabled only if the DMA setting is HALWORD */
1960:platform/HAL/src/stm32g4xx_hal_spi.c ****   if ((hspi->Init.DataSize <= SPI_DATASIZE_8BIT) && (hspi->hdmatx->Init.MemDataAlignment == DMA_MDA
1961:platform/HAL/src/stm32g4xx_hal_spi.c ****   {
1962:platform/HAL/src/stm32g4xx_hal_spi.c ****     /* Check the even/odd of the data size + crc if enabled */
1963:platform/HAL/src/stm32g4xx_hal_spi.c ****     if ((hspi->TxXferCount & 0x1U) == 0U)
1964:platform/HAL/src/stm32g4xx_hal_spi.c ****     {
1965:platform/HAL/src/stm32g4xx_hal_spi.c ****       CLEAR_BIT(hspi->Instance->CR2, SPI_CR2_LDMATX);
1966:platform/HAL/src/stm32g4xx_hal_spi.c ****       hspi->TxXferCount = (hspi->TxXferCount >> 1U);
1967:platform/HAL/src/stm32g4xx_hal_spi.c ****     }
1968:platform/HAL/src/stm32g4xx_hal_spi.c ****     else
ARM GAS  /tmp/ccMpXq91.s 			page 36


1969:platform/HAL/src/stm32g4xx_hal_spi.c ****     {
1970:platform/HAL/src/stm32g4xx_hal_spi.c ****       SET_BIT(hspi->Instance->CR2, SPI_CR2_LDMATX);
1971:platform/HAL/src/stm32g4xx_hal_spi.c ****       hspi->TxXferCount = (hspi->TxXferCount >> 1U) + 1U;
1972:platform/HAL/src/stm32g4xx_hal_spi.c ****     }
1973:platform/HAL/src/stm32g4xx_hal_spi.c ****   }
1974:platform/HAL/src/stm32g4xx_hal_spi.c **** 
1975:platform/HAL/src/stm32g4xx_hal_spi.c ****   /* Enable the Tx DMA Stream/Channel */
1976:platform/HAL/src/stm32g4xx_hal_spi.c ****   if (HAL_OK != HAL_DMA_Start_IT(hspi->hdmatx, (uint32_t)hspi->pTxBuffPtr, (uint32_t)&hspi->Instanc
1977:platform/HAL/src/stm32g4xx_hal_spi.c ****                                  hspi->TxXferCount))
1978:platform/HAL/src/stm32g4xx_hal_spi.c ****   {
1979:platform/HAL/src/stm32g4xx_hal_spi.c ****     /* Update SPI error code */
1980:platform/HAL/src/stm32g4xx_hal_spi.c ****     SET_BIT(hspi->ErrorCode, HAL_SPI_ERROR_DMA);
1981:platform/HAL/src/stm32g4xx_hal_spi.c ****     /* Process Unlocked */
1982:platform/HAL/src/stm32g4xx_hal_spi.c ****     __HAL_UNLOCK(hspi);
1983:platform/HAL/src/stm32g4xx_hal_spi.c ****     return HAL_ERROR;
1984:platform/HAL/src/stm32g4xx_hal_spi.c ****   }
1985:platform/HAL/src/stm32g4xx_hal_spi.c **** 
1986:platform/HAL/src/stm32g4xx_hal_spi.c ****   /* Check if the SPI is already enabled */
1987:platform/HAL/src/stm32g4xx_hal_spi.c ****   if ((hspi->Instance->CR1 & SPI_CR1_SPE) != SPI_CR1_SPE)
1988:platform/HAL/src/stm32g4xx_hal_spi.c ****   {
1989:platform/HAL/src/stm32g4xx_hal_spi.c ****     /* Enable SPI peripheral */
1990:platform/HAL/src/stm32g4xx_hal_spi.c ****     __HAL_SPI_ENABLE(hspi);
1991:platform/HAL/src/stm32g4xx_hal_spi.c ****   }
1992:platform/HAL/src/stm32g4xx_hal_spi.c **** 
1993:platform/HAL/src/stm32g4xx_hal_spi.c ****   /* Process Unlocked */
1994:platform/HAL/src/stm32g4xx_hal_spi.c ****   __HAL_UNLOCK(hspi);
1995:platform/HAL/src/stm32g4xx_hal_spi.c **** 
1996:platform/HAL/src/stm32g4xx_hal_spi.c ****   /* Enable the SPI Error Interrupt Bit */
1997:platform/HAL/src/stm32g4xx_hal_spi.c ****   __HAL_SPI_ENABLE_IT(hspi, (SPI_IT_ERR));
1998:platform/HAL/src/stm32g4xx_hal_spi.c **** 
1999:platform/HAL/src/stm32g4xx_hal_spi.c ****   /* Enable Tx DMA Request */
2000:platform/HAL/src/stm32g4xx_hal_spi.c ****   SET_BIT(hspi->Instance->CR2, SPI_CR2_TXDMAEN);
2001:platform/HAL/src/stm32g4xx_hal_spi.c **** 
2002:platform/HAL/src/stm32g4xx_hal_spi.c ****   return HAL_OK;
2003:platform/HAL/src/stm32g4xx_hal_spi.c **** }
2004:platform/HAL/src/stm32g4xx_hal_spi.c **** 
2005:platform/HAL/src/stm32g4xx_hal_spi.c **** /**
2006:platform/HAL/src/stm32g4xx_hal_spi.c ****   * @brief  Receive an amount of data in non-blocking mode with DMA.
2007:platform/HAL/src/stm32g4xx_hal_spi.c ****   * @note   In case of MASTER mode and SPI_DIRECTION_2LINES direction, hdmatx shall be defined.
2008:platform/HAL/src/stm32g4xx_hal_spi.c ****   * @param  hspi pointer to a SPI_HandleTypeDef structure that contains
2009:platform/HAL/src/stm32g4xx_hal_spi.c ****   *               the configuration information for SPI module.
2010:platform/HAL/src/stm32g4xx_hal_spi.c ****   * @param  pData pointer to data buffer
2011:platform/HAL/src/stm32g4xx_hal_spi.c ****   * @note   When the CRC feature is enabled the pData Length must be Size + 1.
2012:platform/HAL/src/stm32g4xx_hal_spi.c ****   * @param  Size amount of data to be sent
2013:platform/HAL/src/stm32g4xx_hal_spi.c ****   * @retval HAL status
2014:platform/HAL/src/stm32g4xx_hal_spi.c ****   */
2015:platform/HAL/src/stm32g4xx_hal_spi.c **** HAL_StatusTypeDef HAL_SPI_Receive_DMA(SPI_HandleTypeDef *hspi, uint8_t *pData, uint16_t Size)
2016:platform/HAL/src/stm32g4xx_hal_spi.c **** {
2017:platform/HAL/src/stm32g4xx_hal_spi.c ****   /* Check rx dma handle */
2018:platform/HAL/src/stm32g4xx_hal_spi.c ****   assert_param(IS_SPI_DMA_HANDLE(hspi->hdmarx));
2019:platform/HAL/src/stm32g4xx_hal_spi.c **** 
2020:platform/HAL/src/stm32g4xx_hal_spi.c ****   if (hspi->State != HAL_SPI_STATE_READY)
2021:platform/HAL/src/stm32g4xx_hal_spi.c ****   {
2022:platform/HAL/src/stm32g4xx_hal_spi.c ****     return HAL_BUSY;
2023:platform/HAL/src/stm32g4xx_hal_spi.c ****   }
2024:platform/HAL/src/stm32g4xx_hal_spi.c **** 
2025:platform/HAL/src/stm32g4xx_hal_spi.c ****   if ((pData == NULL) || (Size == 0U))
ARM GAS  /tmp/ccMpXq91.s 			page 37


2026:platform/HAL/src/stm32g4xx_hal_spi.c ****   {
2027:platform/HAL/src/stm32g4xx_hal_spi.c ****     return HAL_ERROR;
2028:platform/HAL/src/stm32g4xx_hal_spi.c ****   }
2029:platform/HAL/src/stm32g4xx_hal_spi.c **** 
2030:platform/HAL/src/stm32g4xx_hal_spi.c ****   if ((hspi->Init.Direction == SPI_DIRECTION_2LINES) && (hspi->Init.Mode == SPI_MODE_MASTER))
2031:platform/HAL/src/stm32g4xx_hal_spi.c ****   {
2032:platform/HAL/src/stm32g4xx_hal_spi.c ****     hspi->State = HAL_SPI_STATE_BUSY_RX;
2033:platform/HAL/src/stm32g4xx_hal_spi.c **** 
2034:platform/HAL/src/stm32g4xx_hal_spi.c ****     /* Check tx dma handle */
2035:platform/HAL/src/stm32g4xx_hal_spi.c ****     assert_param(IS_SPI_DMA_HANDLE(hspi->hdmatx));
2036:platform/HAL/src/stm32g4xx_hal_spi.c **** 
2037:platform/HAL/src/stm32g4xx_hal_spi.c ****     /* Call transmit-receive function to send Dummy data on Tx line and generate clock on CLK line 
2038:platform/HAL/src/stm32g4xx_hal_spi.c ****     return HAL_SPI_TransmitReceive_DMA(hspi, pData, pData, Size);
2039:platform/HAL/src/stm32g4xx_hal_spi.c ****   }
2040:platform/HAL/src/stm32g4xx_hal_spi.c **** 
2041:platform/HAL/src/stm32g4xx_hal_spi.c ****   /* Process Locked */
2042:platform/HAL/src/stm32g4xx_hal_spi.c ****   __HAL_LOCK(hspi);
2043:platform/HAL/src/stm32g4xx_hal_spi.c **** 
2044:platform/HAL/src/stm32g4xx_hal_spi.c ****   /* Set the transaction information */
2045:platform/HAL/src/stm32g4xx_hal_spi.c ****   hspi->State       = HAL_SPI_STATE_BUSY_RX;
2046:platform/HAL/src/stm32g4xx_hal_spi.c ****   hspi->ErrorCode   = HAL_SPI_ERROR_NONE;
2047:platform/HAL/src/stm32g4xx_hal_spi.c ****   hspi->pRxBuffPtr  = (uint8_t *)pData;
2048:platform/HAL/src/stm32g4xx_hal_spi.c ****   hspi->RxXferSize  = Size;
2049:platform/HAL/src/stm32g4xx_hal_spi.c ****   hspi->RxXferCount = Size;
2050:platform/HAL/src/stm32g4xx_hal_spi.c **** 
2051:platform/HAL/src/stm32g4xx_hal_spi.c ****   /*Init field not used in handle to zero */
2052:platform/HAL/src/stm32g4xx_hal_spi.c ****   hspi->RxISR       = NULL;
2053:platform/HAL/src/stm32g4xx_hal_spi.c ****   hspi->TxISR       = NULL;
2054:platform/HAL/src/stm32g4xx_hal_spi.c ****   hspi->TxXferSize  = 0U;
2055:platform/HAL/src/stm32g4xx_hal_spi.c ****   hspi->TxXferCount = 0U;
2056:platform/HAL/src/stm32g4xx_hal_spi.c **** 
2057:platform/HAL/src/stm32g4xx_hal_spi.c ****   /* Configure communication direction : 1Line */
2058:platform/HAL/src/stm32g4xx_hal_spi.c ****   if (hspi->Init.Direction == SPI_DIRECTION_1LINE)
2059:platform/HAL/src/stm32g4xx_hal_spi.c ****   {
2060:platform/HAL/src/stm32g4xx_hal_spi.c ****     /* Disable SPI Peripheral before set 1Line direction (BIDIOE bit) */
2061:platform/HAL/src/stm32g4xx_hal_spi.c ****     __HAL_SPI_DISABLE(hspi);
2062:platform/HAL/src/stm32g4xx_hal_spi.c ****     SPI_1LINE_RX(hspi);
2063:platform/HAL/src/stm32g4xx_hal_spi.c ****   }
2064:platform/HAL/src/stm32g4xx_hal_spi.c **** 
2065:platform/HAL/src/stm32g4xx_hal_spi.c **** #if (USE_SPI_CRC != 0U)
2066:platform/HAL/src/stm32g4xx_hal_spi.c ****   /* Reset CRC Calculation */
2067:platform/HAL/src/stm32g4xx_hal_spi.c ****   if (hspi->Init.CRCCalculation == SPI_CRCCALCULATION_ENABLE)
2068:platform/HAL/src/stm32g4xx_hal_spi.c ****   {
2069:platform/HAL/src/stm32g4xx_hal_spi.c ****     SPI_RESET_CRC(hspi);
2070:platform/HAL/src/stm32g4xx_hal_spi.c ****   }
2071:platform/HAL/src/stm32g4xx_hal_spi.c **** #endif /* USE_SPI_CRC */
2072:platform/HAL/src/stm32g4xx_hal_spi.c **** 
2073:platform/HAL/src/stm32g4xx_hal_spi.c **** 
2074:platform/HAL/src/stm32g4xx_hal_spi.c ****   CLEAR_BIT(hspi->Instance->CR2, SPI_CR2_LDMARX);
2075:platform/HAL/src/stm32g4xx_hal_spi.c ****   if (hspi->Init.DataSize > SPI_DATASIZE_8BIT)
2076:platform/HAL/src/stm32g4xx_hal_spi.c ****   {
2077:platform/HAL/src/stm32g4xx_hal_spi.c ****     /* Set RX Fifo threshold according the reception data length: 16bit */
2078:platform/HAL/src/stm32g4xx_hal_spi.c ****     CLEAR_BIT(hspi->Instance->CR2, SPI_RXFIFO_THRESHOLD);
2079:platform/HAL/src/stm32g4xx_hal_spi.c ****   }
2080:platform/HAL/src/stm32g4xx_hal_spi.c ****   else
2081:platform/HAL/src/stm32g4xx_hal_spi.c ****   {
2082:platform/HAL/src/stm32g4xx_hal_spi.c ****     /* Set RX Fifo threshold according the reception data length: 8bit */
ARM GAS  /tmp/ccMpXq91.s 			page 38


2083:platform/HAL/src/stm32g4xx_hal_spi.c ****     SET_BIT(hspi->Instance->CR2, SPI_RXFIFO_THRESHOLD);
2084:platform/HAL/src/stm32g4xx_hal_spi.c **** 
2085:platform/HAL/src/stm32g4xx_hal_spi.c ****     if (hspi->hdmarx->Init.MemDataAlignment == DMA_MDATAALIGN_HALFWORD)
2086:platform/HAL/src/stm32g4xx_hal_spi.c ****     {
2087:platform/HAL/src/stm32g4xx_hal_spi.c ****       /* Set RX Fifo threshold according the reception data length: 16bit */
2088:platform/HAL/src/stm32g4xx_hal_spi.c ****       CLEAR_BIT(hspi->Instance->CR2, SPI_RXFIFO_THRESHOLD);
2089:platform/HAL/src/stm32g4xx_hal_spi.c **** 
2090:platform/HAL/src/stm32g4xx_hal_spi.c ****       if ((hspi->RxXferCount & 0x1U) == 0x0U)
2091:platform/HAL/src/stm32g4xx_hal_spi.c ****       {
2092:platform/HAL/src/stm32g4xx_hal_spi.c ****         CLEAR_BIT(hspi->Instance->CR2, SPI_CR2_LDMARX);
2093:platform/HAL/src/stm32g4xx_hal_spi.c ****         hspi->RxXferCount = hspi->RxXferCount >> 1U;
2094:platform/HAL/src/stm32g4xx_hal_spi.c ****       }
2095:platform/HAL/src/stm32g4xx_hal_spi.c ****       else
2096:platform/HAL/src/stm32g4xx_hal_spi.c ****       {
2097:platform/HAL/src/stm32g4xx_hal_spi.c ****         SET_BIT(hspi->Instance->CR2, SPI_CR2_LDMARX);
2098:platform/HAL/src/stm32g4xx_hal_spi.c ****         hspi->RxXferCount = (hspi->RxXferCount >> 1U) + 1U;
2099:platform/HAL/src/stm32g4xx_hal_spi.c ****       }
2100:platform/HAL/src/stm32g4xx_hal_spi.c ****     }
2101:platform/HAL/src/stm32g4xx_hal_spi.c ****   }
2102:platform/HAL/src/stm32g4xx_hal_spi.c **** 
2103:platform/HAL/src/stm32g4xx_hal_spi.c ****   /* Set the SPI RxDMA Half transfer complete callback */
2104:platform/HAL/src/stm32g4xx_hal_spi.c ****   hspi->hdmarx->XferHalfCpltCallback = SPI_DMAHalfReceiveCplt;
2105:platform/HAL/src/stm32g4xx_hal_spi.c **** 
2106:platform/HAL/src/stm32g4xx_hal_spi.c ****   /* Set the SPI Rx DMA transfer complete callback */
2107:platform/HAL/src/stm32g4xx_hal_spi.c ****   hspi->hdmarx->XferCpltCallback = SPI_DMAReceiveCplt;
2108:platform/HAL/src/stm32g4xx_hal_spi.c **** 
2109:platform/HAL/src/stm32g4xx_hal_spi.c ****   /* Set the DMA error callback */
2110:platform/HAL/src/stm32g4xx_hal_spi.c ****   hspi->hdmarx->XferErrorCallback = SPI_DMAError;
2111:platform/HAL/src/stm32g4xx_hal_spi.c **** 
2112:platform/HAL/src/stm32g4xx_hal_spi.c ****   /* Set the DMA AbortCpltCallback */
2113:platform/HAL/src/stm32g4xx_hal_spi.c ****   hspi->hdmarx->XferAbortCallback = NULL;
2114:platform/HAL/src/stm32g4xx_hal_spi.c **** 
2115:platform/HAL/src/stm32g4xx_hal_spi.c ****   /* Enable the Rx DMA Stream/Channel  */
2116:platform/HAL/src/stm32g4xx_hal_spi.c ****   if (HAL_OK != HAL_DMA_Start_IT(hspi->hdmarx, (uint32_t)&hspi->Instance->DR, (uint32_t)hspi->pRxBu
2117:platform/HAL/src/stm32g4xx_hal_spi.c ****                                  hspi->RxXferCount))
2118:platform/HAL/src/stm32g4xx_hal_spi.c ****   {
2119:platform/HAL/src/stm32g4xx_hal_spi.c ****     /* Update SPI error code */
2120:platform/HAL/src/stm32g4xx_hal_spi.c ****     SET_BIT(hspi->ErrorCode, HAL_SPI_ERROR_DMA);
2121:platform/HAL/src/stm32g4xx_hal_spi.c ****     /* Process Unlocked */
2122:platform/HAL/src/stm32g4xx_hal_spi.c ****     __HAL_UNLOCK(hspi);
2123:platform/HAL/src/stm32g4xx_hal_spi.c ****     return HAL_ERROR;
2124:platform/HAL/src/stm32g4xx_hal_spi.c ****   }
2125:platform/HAL/src/stm32g4xx_hal_spi.c **** 
2126:platform/HAL/src/stm32g4xx_hal_spi.c ****   /* Check if the SPI is already enabled */
2127:platform/HAL/src/stm32g4xx_hal_spi.c ****   if ((hspi->Instance->CR1 & SPI_CR1_SPE) != SPI_CR1_SPE)
2128:platform/HAL/src/stm32g4xx_hal_spi.c ****   {
2129:platform/HAL/src/stm32g4xx_hal_spi.c ****     /* Enable SPI peripheral */
2130:platform/HAL/src/stm32g4xx_hal_spi.c ****     __HAL_SPI_ENABLE(hspi);
2131:platform/HAL/src/stm32g4xx_hal_spi.c ****   }
2132:platform/HAL/src/stm32g4xx_hal_spi.c **** 
2133:platform/HAL/src/stm32g4xx_hal_spi.c ****   /* Process Unlocked */
2134:platform/HAL/src/stm32g4xx_hal_spi.c ****   __HAL_UNLOCK(hspi);
2135:platform/HAL/src/stm32g4xx_hal_spi.c **** 
2136:platform/HAL/src/stm32g4xx_hal_spi.c ****   /* Enable the SPI Error Interrupt Bit */
2137:platform/HAL/src/stm32g4xx_hal_spi.c ****   __HAL_SPI_ENABLE_IT(hspi, (SPI_IT_ERR));
2138:platform/HAL/src/stm32g4xx_hal_spi.c **** 
2139:platform/HAL/src/stm32g4xx_hal_spi.c ****   /* Enable Rx DMA Request */
ARM GAS  /tmp/ccMpXq91.s 			page 39


2140:platform/HAL/src/stm32g4xx_hal_spi.c ****   SET_BIT(hspi->Instance->CR2, SPI_CR2_RXDMAEN);
2141:platform/HAL/src/stm32g4xx_hal_spi.c **** 
2142:platform/HAL/src/stm32g4xx_hal_spi.c ****   return HAL_OK;
2143:platform/HAL/src/stm32g4xx_hal_spi.c **** }
2144:platform/HAL/src/stm32g4xx_hal_spi.c **** 
2145:platform/HAL/src/stm32g4xx_hal_spi.c **** /**
2146:platform/HAL/src/stm32g4xx_hal_spi.c ****   * @brief  Transmit and Receive an amount of data in non-blocking mode with DMA.
2147:platform/HAL/src/stm32g4xx_hal_spi.c ****   * @param  hspi pointer to a SPI_HandleTypeDef structure that contains
2148:platform/HAL/src/stm32g4xx_hal_spi.c ****   *               the configuration information for SPI module.
2149:platform/HAL/src/stm32g4xx_hal_spi.c ****   * @param  pTxData pointer to transmission data buffer
2150:platform/HAL/src/stm32g4xx_hal_spi.c ****   * @param  pRxData pointer to reception data buffer
2151:platform/HAL/src/stm32g4xx_hal_spi.c ****   * @note   When the CRC feature is enabled the pRxData Length must be Size + 1
2152:platform/HAL/src/stm32g4xx_hal_spi.c ****   * @param  Size amount of data to be sent
2153:platform/HAL/src/stm32g4xx_hal_spi.c ****   * @retval HAL status
2154:platform/HAL/src/stm32g4xx_hal_spi.c ****   */
2155:platform/HAL/src/stm32g4xx_hal_spi.c **** HAL_StatusTypeDef HAL_SPI_TransmitReceive_DMA(SPI_HandleTypeDef *hspi, const uint8_t *pTxData, uint
2156:platform/HAL/src/stm32g4xx_hal_spi.c ****                                               uint16_t Size)
2157:platform/HAL/src/stm32g4xx_hal_spi.c **** {
2158:platform/HAL/src/stm32g4xx_hal_spi.c ****   uint32_t             tmp_mode;
2159:platform/HAL/src/stm32g4xx_hal_spi.c ****   HAL_SPI_StateTypeDef tmp_state;
2160:platform/HAL/src/stm32g4xx_hal_spi.c **** 
2161:platform/HAL/src/stm32g4xx_hal_spi.c ****   /* Check rx & tx dma handles */
2162:platform/HAL/src/stm32g4xx_hal_spi.c ****   assert_param(IS_SPI_DMA_HANDLE(hspi->hdmarx));
2163:platform/HAL/src/stm32g4xx_hal_spi.c ****   assert_param(IS_SPI_DMA_HANDLE(hspi->hdmatx));
2164:platform/HAL/src/stm32g4xx_hal_spi.c **** 
2165:platform/HAL/src/stm32g4xx_hal_spi.c ****   /* Check Direction parameter */
2166:platform/HAL/src/stm32g4xx_hal_spi.c ****   assert_param(IS_SPI_DIRECTION_2LINES(hspi->Init.Direction));
2167:platform/HAL/src/stm32g4xx_hal_spi.c **** 
2168:platform/HAL/src/stm32g4xx_hal_spi.c ****   /* Init temporary variables */
2169:platform/HAL/src/stm32g4xx_hal_spi.c ****   tmp_state           = hspi->State;
2170:platform/HAL/src/stm32g4xx_hal_spi.c ****   tmp_mode            = hspi->Init.Mode;
2171:platform/HAL/src/stm32g4xx_hal_spi.c **** 
2172:platform/HAL/src/stm32g4xx_hal_spi.c ****   if (!((tmp_state == HAL_SPI_STATE_READY) ||
2173:platform/HAL/src/stm32g4xx_hal_spi.c ****         ((tmp_mode == SPI_MODE_MASTER) && (hspi->Init.Direction == SPI_DIRECTION_2LINES) &&
2174:platform/HAL/src/stm32g4xx_hal_spi.c ****          (tmp_state == HAL_SPI_STATE_BUSY_RX))))
2175:platform/HAL/src/stm32g4xx_hal_spi.c ****   {
2176:platform/HAL/src/stm32g4xx_hal_spi.c ****     return HAL_BUSY;
2177:platform/HAL/src/stm32g4xx_hal_spi.c ****   }
2178:platform/HAL/src/stm32g4xx_hal_spi.c **** 
2179:platform/HAL/src/stm32g4xx_hal_spi.c ****   if ((pTxData == NULL) || (pRxData == NULL) || (Size == 0U))
2180:platform/HAL/src/stm32g4xx_hal_spi.c ****   {
2181:platform/HAL/src/stm32g4xx_hal_spi.c ****     return HAL_ERROR;
2182:platform/HAL/src/stm32g4xx_hal_spi.c ****   }
2183:platform/HAL/src/stm32g4xx_hal_spi.c **** 
2184:platform/HAL/src/stm32g4xx_hal_spi.c ****   /* Process locked */
2185:platform/HAL/src/stm32g4xx_hal_spi.c ****   __HAL_LOCK(hspi);
2186:platform/HAL/src/stm32g4xx_hal_spi.c **** 
2187:platform/HAL/src/stm32g4xx_hal_spi.c ****   /* Don't overwrite in case of HAL_SPI_STATE_BUSY_RX */
2188:platform/HAL/src/stm32g4xx_hal_spi.c ****   if (hspi->State != HAL_SPI_STATE_BUSY_RX)
2189:platform/HAL/src/stm32g4xx_hal_spi.c ****   {
2190:platform/HAL/src/stm32g4xx_hal_spi.c ****     hspi->State = HAL_SPI_STATE_BUSY_TX_RX;
2191:platform/HAL/src/stm32g4xx_hal_spi.c ****   }
2192:platform/HAL/src/stm32g4xx_hal_spi.c **** 
2193:platform/HAL/src/stm32g4xx_hal_spi.c ****   /* Set the transaction information */
2194:platform/HAL/src/stm32g4xx_hal_spi.c ****   hspi->ErrorCode   = HAL_SPI_ERROR_NONE;
2195:platform/HAL/src/stm32g4xx_hal_spi.c ****   hspi->pTxBuffPtr  = (const uint8_t *)pTxData;
2196:platform/HAL/src/stm32g4xx_hal_spi.c ****   hspi->TxXferSize  = Size;
ARM GAS  /tmp/ccMpXq91.s 			page 40


2197:platform/HAL/src/stm32g4xx_hal_spi.c ****   hspi->TxXferCount = Size;
2198:platform/HAL/src/stm32g4xx_hal_spi.c ****   hspi->pRxBuffPtr  = (uint8_t *)pRxData;
2199:platform/HAL/src/stm32g4xx_hal_spi.c ****   hspi->RxXferSize  = Size;
2200:platform/HAL/src/stm32g4xx_hal_spi.c ****   hspi->RxXferCount = Size;
2201:platform/HAL/src/stm32g4xx_hal_spi.c **** 
2202:platform/HAL/src/stm32g4xx_hal_spi.c ****   /* Init field not used in handle to zero */
2203:platform/HAL/src/stm32g4xx_hal_spi.c ****   hspi->RxISR       = NULL;
2204:platform/HAL/src/stm32g4xx_hal_spi.c ****   hspi->TxISR       = NULL;
2205:platform/HAL/src/stm32g4xx_hal_spi.c **** 
2206:platform/HAL/src/stm32g4xx_hal_spi.c **** #if (USE_SPI_CRC != 0U)
2207:platform/HAL/src/stm32g4xx_hal_spi.c ****   /* Reset CRC Calculation */
2208:platform/HAL/src/stm32g4xx_hal_spi.c ****   if (hspi->Init.CRCCalculation == SPI_CRCCALCULATION_ENABLE)
2209:platform/HAL/src/stm32g4xx_hal_spi.c ****   {
2210:platform/HAL/src/stm32g4xx_hal_spi.c ****     SPI_RESET_CRC(hspi);
2211:platform/HAL/src/stm32g4xx_hal_spi.c ****   }
2212:platform/HAL/src/stm32g4xx_hal_spi.c **** #endif /* USE_SPI_CRC */
2213:platform/HAL/src/stm32g4xx_hal_spi.c **** 
2214:platform/HAL/src/stm32g4xx_hal_spi.c ****   /* Reset the threshold bit */
2215:platform/HAL/src/stm32g4xx_hal_spi.c ****   CLEAR_BIT(hspi->Instance->CR2, SPI_CR2_LDMATX | SPI_CR2_LDMARX);
2216:platform/HAL/src/stm32g4xx_hal_spi.c **** 
2217:platform/HAL/src/stm32g4xx_hal_spi.c ****   /* The packing mode management is enabled by the DMA settings according the spi data size */
2218:platform/HAL/src/stm32g4xx_hal_spi.c ****   if (hspi->Init.DataSize > SPI_DATASIZE_8BIT)
2219:platform/HAL/src/stm32g4xx_hal_spi.c ****   {
2220:platform/HAL/src/stm32g4xx_hal_spi.c ****     /* Set fiforxthreshold according the reception data length: 16bit */
2221:platform/HAL/src/stm32g4xx_hal_spi.c ****     CLEAR_BIT(hspi->Instance->CR2, SPI_RXFIFO_THRESHOLD);
2222:platform/HAL/src/stm32g4xx_hal_spi.c ****   }
2223:platform/HAL/src/stm32g4xx_hal_spi.c ****   else
2224:platform/HAL/src/stm32g4xx_hal_spi.c ****   {
2225:platform/HAL/src/stm32g4xx_hal_spi.c ****     /* Set RX Fifo threshold according the reception data length: 8bit */
2226:platform/HAL/src/stm32g4xx_hal_spi.c ****     SET_BIT(hspi->Instance->CR2, SPI_RXFIFO_THRESHOLD);
2227:platform/HAL/src/stm32g4xx_hal_spi.c **** 
2228:platform/HAL/src/stm32g4xx_hal_spi.c ****     if (hspi->hdmatx->Init.MemDataAlignment == DMA_MDATAALIGN_HALFWORD)
2229:platform/HAL/src/stm32g4xx_hal_spi.c ****     {
2230:platform/HAL/src/stm32g4xx_hal_spi.c ****       if ((hspi->TxXferSize & 0x1U) == 0x0U)
2231:platform/HAL/src/stm32g4xx_hal_spi.c ****       {
2232:platform/HAL/src/stm32g4xx_hal_spi.c ****         CLEAR_BIT(hspi->Instance->CR2, SPI_CR2_LDMATX);
2233:platform/HAL/src/stm32g4xx_hal_spi.c ****         hspi->TxXferCount = hspi->TxXferCount >> 1U;
2234:platform/HAL/src/stm32g4xx_hal_spi.c ****       }
2235:platform/HAL/src/stm32g4xx_hal_spi.c ****       else
2236:platform/HAL/src/stm32g4xx_hal_spi.c ****       {
2237:platform/HAL/src/stm32g4xx_hal_spi.c ****         SET_BIT(hspi->Instance->CR2, SPI_CR2_LDMATX);
2238:platform/HAL/src/stm32g4xx_hal_spi.c ****         hspi->TxXferCount = (hspi->TxXferCount >> 1U) + 1U;
2239:platform/HAL/src/stm32g4xx_hal_spi.c ****       }
2240:platform/HAL/src/stm32g4xx_hal_spi.c ****     }
2241:platform/HAL/src/stm32g4xx_hal_spi.c **** 
2242:platform/HAL/src/stm32g4xx_hal_spi.c ****     if (hspi->hdmarx->Init.MemDataAlignment == DMA_MDATAALIGN_HALFWORD)
2243:platform/HAL/src/stm32g4xx_hal_spi.c ****     {
2244:platform/HAL/src/stm32g4xx_hal_spi.c ****       /* Set RX Fifo threshold according the reception data length: 16bit */
2245:platform/HAL/src/stm32g4xx_hal_spi.c ****       CLEAR_BIT(hspi->Instance->CR2, SPI_RXFIFO_THRESHOLD);
2246:platform/HAL/src/stm32g4xx_hal_spi.c **** 
2247:platform/HAL/src/stm32g4xx_hal_spi.c ****       if ((hspi->RxXferCount & 0x1U) == 0x0U)
2248:platform/HAL/src/stm32g4xx_hal_spi.c ****       {
2249:platform/HAL/src/stm32g4xx_hal_spi.c ****         CLEAR_BIT(hspi->Instance->CR2, SPI_CR2_LDMARX);
2250:platform/HAL/src/stm32g4xx_hal_spi.c ****         hspi->RxXferCount = hspi->RxXferCount >> 1U;
2251:platform/HAL/src/stm32g4xx_hal_spi.c ****       }
2252:platform/HAL/src/stm32g4xx_hal_spi.c ****       else
2253:platform/HAL/src/stm32g4xx_hal_spi.c ****       {
ARM GAS  /tmp/ccMpXq91.s 			page 41


2254:platform/HAL/src/stm32g4xx_hal_spi.c ****         SET_BIT(hspi->Instance->CR2, SPI_CR2_LDMARX);
2255:platform/HAL/src/stm32g4xx_hal_spi.c ****         hspi->RxXferCount = (hspi->RxXferCount >> 1U) + 1U;
2256:platform/HAL/src/stm32g4xx_hal_spi.c ****       }
2257:platform/HAL/src/stm32g4xx_hal_spi.c ****     }
2258:platform/HAL/src/stm32g4xx_hal_spi.c ****   }
2259:platform/HAL/src/stm32g4xx_hal_spi.c **** 
2260:platform/HAL/src/stm32g4xx_hal_spi.c ****   /* Check if we are in Rx only or in Rx/Tx Mode and configure the DMA transfer complete callback *
2261:platform/HAL/src/stm32g4xx_hal_spi.c ****   if (hspi->State == HAL_SPI_STATE_BUSY_RX)
2262:platform/HAL/src/stm32g4xx_hal_spi.c ****   {
2263:platform/HAL/src/stm32g4xx_hal_spi.c ****     /* Set the SPI Rx DMA Half transfer complete callback */
2264:platform/HAL/src/stm32g4xx_hal_spi.c ****     hspi->hdmarx->XferHalfCpltCallback = SPI_DMAHalfReceiveCplt;
2265:platform/HAL/src/stm32g4xx_hal_spi.c ****     hspi->hdmarx->XferCpltCallback     = SPI_DMAReceiveCplt;
2266:platform/HAL/src/stm32g4xx_hal_spi.c ****   }
2267:platform/HAL/src/stm32g4xx_hal_spi.c ****   else
2268:platform/HAL/src/stm32g4xx_hal_spi.c ****   {
2269:platform/HAL/src/stm32g4xx_hal_spi.c ****     /* Set the SPI Tx/Rx DMA Half transfer complete callback */
2270:platform/HAL/src/stm32g4xx_hal_spi.c ****     hspi->hdmarx->XferHalfCpltCallback = SPI_DMAHalfTransmitReceiveCplt;
2271:platform/HAL/src/stm32g4xx_hal_spi.c ****     hspi->hdmarx->XferCpltCallback     = SPI_DMATransmitReceiveCplt;
2272:platform/HAL/src/stm32g4xx_hal_spi.c ****   }
2273:platform/HAL/src/stm32g4xx_hal_spi.c **** 
2274:platform/HAL/src/stm32g4xx_hal_spi.c ****   /* Set the DMA error callback */
2275:platform/HAL/src/stm32g4xx_hal_spi.c ****   hspi->hdmarx->XferErrorCallback = SPI_DMAError;
2276:platform/HAL/src/stm32g4xx_hal_spi.c **** 
2277:platform/HAL/src/stm32g4xx_hal_spi.c ****   /* Set the DMA AbortCpltCallback */
2278:platform/HAL/src/stm32g4xx_hal_spi.c ****   hspi->hdmarx->XferAbortCallback = NULL;
2279:platform/HAL/src/stm32g4xx_hal_spi.c **** 
2280:platform/HAL/src/stm32g4xx_hal_spi.c ****   /* Enable the Rx DMA Stream/Channel  */
2281:platform/HAL/src/stm32g4xx_hal_spi.c ****   if (HAL_OK != HAL_DMA_Start_IT(hspi->hdmarx, (uint32_t)&hspi->Instance->DR, (uint32_t)hspi->pRxBu
2282:platform/HAL/src/stm32g4xx_hal_spi.c ****                                  hspi->RxXferCount))
2283:platform/HAL/src/stm32g4xx_hal_spi.c ****   {
2284:platform/HAL/src/stm32g4xx_hal_spi.c ****     /* Update SPI error code */
2285:platform/HAL/src/stm32g4xx_hal_spi.c ****     SET_BIT(hspi->ErrorCode, HAL_SPI_ERROR_DMA);
2286:platform/HAL/src/stm32g4xx_hal_spi.c ****     /* Process Unlocked */
2287:platform/HAL/src/stm32g4xx_hal_spi.c ****     __HAL_UNLOCK(hspi);
2288:platform/HAL/src/stm32g4xx_hal_spi.c ****     return HAL_ERROR;
2289:platform/HAL/src/stm32g4xx_hal_spi.c ****   }
2290:platform/HAL/src/stm32g4xx_hal_spi.c **** 
2291:platform/HAL/src/stm32g4xx_hal_spi.c ****   /* Enable Rx DMA Request */
2292:platform/HAL/src/stm32g4xx_hal_spi.c ****   SET_BIT(hspi->Instance->CR2, SPI_CR2_RXDMAEN);
2293:platform/HAL/src/stm32g4xx_hal_spi.c **** 
2294:platform/HAL/src/stm32g4xx_hal_spi.c ****   /* Set the SPI Tx DMA transfer complete callback as NULL because the communication closing
2295:platform/HAL/src/stm32g4xx_hal_spi.c ****   is performed in DMA reception complete callback  */
2296:platform/HAL/src/stm32g4xx_hal_spi.c ****   hspi->hdmatx->XferHalfCpltCallback = NULL;
2297:platform/HAL/src/stm32g4xx_hal_spi.c ****   hspi->hdmatx->XferCpltCallback     = NULL;
2298:platform/HAL/src/stm32g4xx_hal_spi.c ****   hspi->hdmatx->XferErrorCallback    = NULL;
2299:platform/HAL/src/stm32g4xx_hal_spi.c ****   hspi->hdmatx->XferAbortCallback    = NULL;
2300:platform/HAL/src/stm32g4xx_hal_spi.c **** 
2301:platform/HAL/src/stm32g4xx_hal_spi.c ****   /* Enable the Tx DMA Stream/Channel  */
2302:platform/HAL/src/stm32g4xx_hal_spi.c ****   if (HAL_OK != HAL_DMA_Start_IT(hspi->hdmatx, (uint32_t)hspi->pTxBuffPtr, (uint32_t)&hspi->Instanc
2303:platform/HAL/src/stm32g4xx_hal_spi.c ****                                  hspi->TxXferCount))
2304:platform/HAL/src/stm32g4xx_hal_spi.c ****   {
2305:platform/HAL/src/stm32g4xx_hal_spi.c ****     /* Update SPI error code */
2306:platform/HAL/src/stm32g4xx_hal_spi.c ****     SET_BIT(hspi->ErrorCode, HAL_SPI_ERROR_DMA);
2307:platform/HAL/src/stm32g4xx_hal_spi.c ****     /* Process Unlocked */
2308:platform/HAL/src/stm32g4xx_hal_spi.c ****     __HAL_UNLOCK(hspi);
2309:platform/HAL/src/stm32g4xx_hal_spi.c ****     return HAL_ERROR;
2310:platform/HAL/src/stm32g4xx_hal_spi.c ****   }
ARM GAS  /tmp/ccMpXq91.s 			page 42


2311:platform/HAL/src/stm32g4xx_hal_spi.c **** 
2312:platform/HAL/src/stm32g4xx_hal_spi.c ****   /* Check if the SPI is already enabled */
2313:platform/HAL/src/stm32g4xx_hal_spi.c ****   if ((hspi->Instance->CR1 & SPI_CR1_SPE) != SPI_CR1_SPE)
2314:platform/HAL/src/stm32g4xx_hal_spi.c ****   {
2315:platform/HAL/src/stm32g4xx_hal_spi.c ****     /* Enable SPI peripheral */
2316:platform/HAL/src/stm32g4xx_hal_spi.c ****     __HAL_SPI_ENABLE(hspi);
2317:platform/HAL/src/stm32g4xx_hal_spi.c ****   }
2318:platform/HAL/src/stm32g4xx_hal_spi.c **** 
2319:platform/HAL/src/stm32g4xx_hal_spi.c ****   /* Process Unlocked */
2320:platform/HAL/src/stm32g4xx_hal_spi.c ****   __HAL_UNLOCK(hspi);
2321:platform/HAL/src/stm32g4xx_hal_spi.c **** 
2322:platform/HAL/src/stm32g4xx_hal_spi.c ****   /* Enable the SPI Error Interrupt Bit */
2323:platform/HAL/src/stm32g4xx_hal_spi.c ****   __HAL_SPI_ENABLE_IT(hspi, (SPI_IT_ERR));
2324:platform/HAL/src/stm32g4xx_hal_spi.c **** 
2325:platform/HAL/src/stm32g4xx_hal_spi.c ****   /* Enable Tx DMA Request */
2326:platform/HAL/src/stm32g4xx_hal_spi.c ****   SET_BIT(hspi->Instance->CR2, SPI_CR2_TXDMAEN);
2327:platform/HAL/src/stm32g4xx_hal_spi.c **** 
2328:platform/HAL/src/stm32g4xx_hal_spi.c ****   return HAL_OK;
2329:platform/HAL/src/stm32g4xx_hal_spi.c **** }
2330:platform/HAL/src/stm32g4xx_hal_spi.c **** 
2331:platform/HAL/src/stm32g4xx_hal_spi.c **** /**
2332:platform/HAL/src/stm32g4xx_hal_spi.c ****   * @brief  Abort ongoing transfer (blocking mode).
2333:platform/HAL/src/stm32g4xx_hal_spi.c ****   * @param  hspi SPI handle.
2334:platform/HAL/src/stm32g4xx_hal_spi.c ****   * @note   This procedure could be used for aborting any ongoing transfer (Tx and Rx),
2335:platform/HAL/src/stm32g4xx_hal_spi.c ****   *         started in Interrupt or DMA mode.
2336:platform/HAL/src/stm32g4xx_hal_spi.c ****   *         This procedure performs following operations :
2337:platform/HAL/src/stm32g4xx_hal_spi.c ****   *           - Disable SPI Interrupts (depending of transfer direction)
2338:platform/HAL/src/stm32g4xx_hal_spi.c ****   *           - Disable the DMA transfer in the peripheral register (if enabled)
2339:platform/HAL/src/stm32g4xx_hal_spi.c ****   *           - Abort DMA transfer by calling HAL_DMA_Abort (in case of transfer in DMA mode)
2340:platform/HAL/src/stm32g4xx_hal_spi.c ****   *           - Set handle State to READY
2341:platform/HAL/src/stm32g4xx_hal_spi.c ****   * @note   This procedure is executed in blocking mode : when exiting function, Abort is considere
2342:platform/HAL/src/stm32g4xx_hal_spi.c ****   * @retval HAL status
2343:platform/HAL/src/stm32g4xx_hal_spi.c ****   */
2344:platform/HAL/src/stm32g4xx_hal_spi.c **** HAL_StatusTypeDef HAL_SPI_Abort(SPI_HandleTypeDef *hspi)
2345:platform/HAL/src/stm32g4xx_hal_spi.c **** {
2346:platform/HAL/src/stm32g4xx_hal_spi.c ****   HAL_StatusTypeDef errorcode;
2347:platform/HAL/src/stm32g4xx_hal_spi.c ****   __IO uint32_t count;
2348:platform/HAL/src/stm32g4xx_hal_spi.c ****   __IO uint32_t resetcount;
2349:platform/HAL/src/stm32g4xx_hal_spi.c **** 
2350:platform/HAL/src/stm32g4xx_hal_spi.c ****   /* Initialized local variable  */
2351:platform/HAL/src/stm32g4xx_hal_spi.c ****   errorcode = HAL_OK;
2352:platform/HAL/src/stm32g4xx_hal_spi.c ****   resetcount = SPI_DEFAULT_TIMEOUT * (SystemCoreClock / 24U / 1000U);
2353:platform/HAL/src/stm32g4xx_hal_spi.c ****   count = resetcount;
2354:platform/HAL/src/stm32g4xx_hal_spi.c **** 
2355:platform/HAL/src/stm32g4xx_hal_spi.c ****   /* Clear ERRIE interrupt to avoid error interrupts generation during Abort procedure */
2356:platform/HAL/src/stm32g4xx_hal_spi.c ****   CLEAR_BIT(hspi->Instance->CR2, SPI_CR2_ERRIE);
2357:platform/HAL/src/stm32g4xx_hal_spi.c **** 
2358:platform/HAL/src/stm32g4xx_hal_spi.c ****   /* Disable TXEIE, RXNEIE and ERRIE(mode fault event, overrun error, TI frame error) interrupts */
2359:platform/HAL/src/stm32g4xx_hal_spi.c ****   if (HAL_IS_BIT_SET(hspi->Instance->CR2, SPI_CR2_TXEIE))
2360:platform/HAL/src/stm32g4xx_hal_spi.c ****   {
2361:platform/HAL/src/stm32g4xx_hal_spi.c ****     hspi->TxISR = SPI_AbortTx_ISR;
2362:platform/HAL/src/stm32g4xx_hal_spi.c ****     /* Wait HAL_SPI_STATE_ABORT state */
2363:platform/HAL/src/stm32g4xx_hal_spi.c ****     do
2364:platform/HAL/src/stm32g4xx_hal_spi.c ****     {
2365:platform/HAL/src/stm32g4xx_hal_spi.c ****       if (count == 0U)
2366:platform/HAL/src/stm32g4xx_hal_spi.c ****       {
2367:platform/HAL/src/stm32g4xx_hal_spi.c ****         SET_BIT(hspi->ErrorCode, HAL_SPI_ERROR_ABORT);
ARM GAS  /tmp/ccMpXq91.s 			page 43


2368:platform/HAL/src/stm32g4xx_hal_spi.c ****         break;
2369:platform/HAL/src/stm32g4xx_hal_spi.c ****       }
2370:platform/HAL/src/stm32g4xx_hal_spi.c ****       count--;
2371:platform/HAL/src/stm32g4xx_hal_spi.c ****     } while (hspi->State != HAL_SPI_STATE_ABORT);
2372:platform/HAL/src/stm32g4xx_hal_spi.c ****     /* Reset Timeout Counter */
2373:platform/HAL/src/stm32g4xx_hal_spi.c ****     count = resetcount;
2374:platform/HAL/src/stm32g4xx_hal_spi.c ****   }
2375:platform/HAL/src/stm32g4xx_hal_spi.c **** 
2376:platform/HAL/src/stm32g4xx_hal_spi.c ****   if (HAL_IS_BIT_SET(hspi->Instance->CR2, SPI_CR2_RXNEIE))
2377:platform/HAL/src/stm32g4xx_hal_spi.c ****   {
2378:platform/HAL/src/stm32g4xx_hal_spi.c ****     hspi->RxISR = SPI_AbortRx_ISR;
2379:platform/HAL/src/stm32g4xx_hal_spi.c ****     /* Wait HAL_SPI_STATE_ABORT state */
2380:platform/HAL/src/stm32g4xx_hal_spi.c ****     do
2381:platform/HAL/src/stm32g4xx_hal_spi.c ****     {
2382:platform/HAL/src/stm32g4xx_hal_spi.c ****       if (count == 0U)
2383:platform/HAL/src/stm32g4xx_hal_spi.c ****       {
2384:platform/HAL/src/stm32g4xx_hal_spi.c ****         SET_BIT(hspi->ErrorCode, HAL_SPI_ERROR_ABORT);
2385:platform/HAL/src/stm32g4xx_hal_spi.c ****         break;
2386:platform/HAL/src/stm32g4xx_hal_spi.c ****       }
2387:platform/HAL/src/stm32g4xx_hal_spi.c ****       count--;
2388:platform/HAL/src/stm32g4xx_hal_spi.c ****     } while (hspi->State != HAL_SPI_STATE_ABORT);
2389:platform/HAL/src/stm32g4xx_hal_spi.c ****     /* Reset Timeout Counter */
2390:platform/HAL/src/stm32g4xx_hal_spi.c ****     count = resetcount;
2391:platform/HAL/src/stm32g4xx_hal_spi.c ****   }
2392:platform/HAL/src/stm32g4xx_hal_spi.c **** 
2393:platform/HAL/src/stm32g4xx_hal_spi.c ****   /* Disable the SPI DMA Tx request if enabled */
2394:platform/HAL/src/stm32g4xx_hal_spi.c ****   if (HAL_IS_BIT_SET(hspi->Instance->CR2, SPI_CR2_TXDMAEN))
2395:platform/HAL/src/stm32g4xx_hal_spi.c ****   {
2396:platform/HAL/src/stm32g4xx_hal_spi.c ****     /* Abort the SPI DMA Tx Stream/Channel : use blocking DMA Abort API (no callback) */
2397:platform/HAL/src/stm32g4xx_hal_spi.c ****     if (hspi->hdmatx != NULL)
2398:platform/HAL/src/stm32g4xx_hal_spi.c ****     {
2399:platform/HAL/src/stm32g4xx_hal_spi.c ****       /* Set the SPI DMA Abort callback :
2400:platform/HAL/src/stm32g4xx_hal_spi.c ****       will lead to call HAL_SPI_AbortCpltCallback() at end of DMA abort procedure */
2401:platform/HAL/src/stm32g4xx_hal_spi.c ****       hspi->hdmatx->XferAbortCallback = NULL;
2402:platform/HAL/src/stm32g4xx_hal_spi.c **** 
2403:platform/HAL/src/stm32g4xx_hal_spi.c ****       /* Abort DMA Tx Handle linked to SPI Peripheral */
2404:platform/HAL/src/stm32g4xx_hal_spi.c ****       if (HAL_DMA_Abort(hspi->hdmatx) != HAL_OK)
2405:platform/HAL/src/stm32g4xx_hal_spi.c ****       {
2406:platform/HAL/src/stm32g4xx_hal_spi.c ****         hspi->ErrorCode = HAL_SPI_ERROR_ABORT;
2407:platform/HAL/src/stm32g4xx_hal_spi.c ****       }
2408:platform/HAL/src/stm32g4xx_hal_spi.c **** 
2409:platform/HAL/src/stm32g4xx_hal_spi.c ****       /* Disable Tx DMA Request */
2410:platform/HAL/src/stm32g4xx_hal_spi.c ****       CLEAR_BIT(hspi->Instance->CR2, (SPI_CR2_TXDMAEN));
2411:platform/HAL/src/stm32g4xx_hal_spi.c **** 
2412:platform/HAL/src/stm32g4xx_hal_spi.c ****       if (SPI_EndRxTxTransaction(hspi, SPI_DEFAULT_TIMEOUT, HAL_GetTick()) != HAL_OK)
2413:platform/HAL/src/stm32g4xx_hal_spi.c ****       {
2414:platform/HAL/src/stm32g4xx_hal_spi.c ****         hspi->ErrorCode = HAL_SPI_ERROR_ABORT;
2415:platform/HAL/src/stm32g4xx_hal_spi.c ****       }
2416:platform/HAL/src/stm32g4xx_hal_spi.c **** 
2417:platform/HAL/src/stm32g4xx_hal_spi.c ****       /* Disable SPI Peripheral */
2418:platform/HAL/src/stm32g4xx_hal_spi.c ****       __HAL_SPI_DISABLE(hspi);
2419:platform/HAL/src/stm32g4xx_hal_spi.c **** 
2420:platform/HAL/src/stm32g4xx_hal_spi.c ****       /* Empty the FRLVL fifo */
2421:platform/HAL/src/stm32g4xx_hal_spi.c ****       if (SPI_WaitFifoStateUntilTimeout(hspi, SPI_FLAG_FRLVL, SPI_FRLVL_EMPTY, SPI_DEFAULT_TIMEOUT,
2422:platform/HAL/src/stm32g4xx_hal_spi.c ****                                         HAL_GetTick()) != HAL_OK)
2423:platform/HAL/src/stm32g4xx_hal_spi.c ****       {
2424:platform/HAL/src/stm32g4xx_hal_spi.c ****         hspi->ErrorCode = HAL_SPI_ERROR_ABORT;
ARM GAS  /tmp/ccMpXq91.s 			page 44


2425:platform/HAL/src/stm32g4xx_hal_spi.c ****       }
2426:platform/HAL/src/stm32g4xx_hal_spi.c ****     }
2427:platform/HAL/src/stm32g4xx_hal_spi.c ****   }
2428:platform/HAL/src/stm32g4xx_hal_spi.c **** 
2429:platform/HAL/src/stm32g4xx_hal_spi.c ****   /* Disable the SPI DMA Rx request if enabled */
2430:platform/HAL/src/stm32g4xx_hal_spi.c ****   if (HAL_IS_BIT_SET(hspi->Instance->CR2, SPI_CR2_RXDMAEN))
2431:platform/HAL/src/stm32g4xx_hal_spi.c ****   {
2432:platform/HAL/src/stm32g4xx_hal_spi.c ****     /* Abort the SPI DMA Rx Stream/Channel : use blocking DMA Abort API (no callback) */
2433:platform/HAL/src/stm32g4xx_hal_spi.c ****     if (hspi->hdmarx != NULL)
2434:platform/HAL/src/stm32g4xx_hal_spi.c ****     {
2435:platform/HAL/src/stm32g4xx_hal_spi.c ****       /* Set the SPI DMA Abort callback :
2436:platform/HAL/src/stm32g4xx_hal_spi.c ****       will lead to call HAL_SPI_AbortCpltCallback() at end of DMA abort procedure */
2437:platform/HAL/src/stm32g4xx_hal_spi.c ****       hspi->hdmarx->XferAbortCallback = NULL;
2438:platform/HAL/src/stm32g4xx_hal_spi.c **** 
2439:platform/HAL/src/stm32g4xx_hal_spi.c ****       /* Abort DMA Rx Handle linked to SPI Peripheral */
2440:platform/HAL/src/stm32g4xx_hal_spi.c ****       if (HAL_DMA_Abort(hspi->hdmarx) != HAL_OK)
2441:platform/HAL/src/stm32g4xx_hal_spi.c ****       {
2442:platform/HAL/src/stm32g4xx_hal_spi.c ****         hspi->ErrorCode = HAL_SPI_ERROR_ABORT;
2443:platform/HAL/src/stm32g4xx_hal_spi.c ****       }
2444:platform/HAL/src/stm32g4xx_hal_spi.c **** 
2445:platform/HAL/src/stm32g4xx_hal_spi.c ****       /* Disable peripheral */
2446:platform/HAL/src/stm32g4xx_hal_spi.c ****       __HAL_SPI_DISABLE(hspi);
2447:platform/HAL/src/stm32g4xx_hal_spi.c **** 
2448:platform/HAL/src/stm32g4xx_hal_spi.c ****       /* Control the BSY flag */
2449:platform/HAL/src/stm32g4xx_hal_spi.c ****       if (SPI_WaitFlagStateUntilTimeout(hspi, SPI_FLAG_BSY, RESET, SPI_DEFAULT_TIMEOUT, HAL_GetTick
2450:platform/HAL/src/stm32g4xx_hal_spi.c ****       {
2451:platform/HAL/src/stm32g4xx_hal_spi.c ****         hspi->ErrorCode = HAL_SPI_ERROR_ABORT;
2452:platform/HAL/src/stm32g4xx_hal_spi.c ****       }
2453:platform/HAL/src/stm32g4xx_hal_spi.c **** 
2454:platform/HAL/src/stm32g4xx_hal_spi.c ****       /* Empty the FRLVL fifo */
2455:platform/HAL/src/stm32g4xx_hal_spi.c ****       if (SPI_WaitFifoStateUntilTimeout(hspi, SPI_FLAG_FRLVL, SPI_FRLVL_EMPTY, SPI_DEFAULT_TIMEOUT,
2456:platform/HAL/src/stm32g4xx_hal_spi.c ****                                         HAL_GetTick()) != HAL_OK)
2457:platform/HAL/src/stm32g4xx_hal_spi.c ****       {
2458:platform/HAL/src/stm32g4xx_hal_spi.c ****         hspi->ErrorCode = HAL_SPI_ERROR_ABORT;
2459:platform/HAL/src/stm32g4xx_hal_spi.c ****       }
2460:platform/HAL/src/stm32g4xx_hal_spi.c **** 
2461:platform/HAL/src/stm32g4xx_hal_spi.c ****       /* Disable Rx DMA Request */
2462:platform/HAL/src/stm32g4xx_hal_spi.c ****       CLEAR_BIT(hspi->Instance->CR2, (SPI_CR2_RXDMAEN));
2463:platform/HAL/src/stm32g4xx_hal_spi.c ****     }
2464:platform/HAL/src/stm32g4xx_hal_spi.c ****   }
2465:platform/HAL/src/stm32g4xx_hal_spi.c ****   /* Reset Tx and Rx transfer counters */
2466:platform/HAL/src/stm32g4xx_hal_spi.c ****   hspi->RxXferCount = 0U;
2467:platform/HAL/src/stm32g4xx_hal_spi.c ****   hspi->TxXferCount = 0U;
2468:platform/HAL/src/stm32g4xx_hal_spi.c **** 
2469:platform/HAL/src/stm32g4xx_hal_spi.c ****   /* Check error during Abort procedure */
2470:platform/HAL/src/stm32g4xx_hal_spi.c ****   if (hspi->ErrorCode == HAL_SPI_ERROR_ABORT)
2471:platform/HAL/src/stm32g4xx_hal_spi.c ****   {
2472:platform/HAL/src/stm32g4xx_hal_spi.c ****     /* return HAL_Error in case of error during Abort procedure */
2473:platform/HAL/src/stm32g4xx_hal_spi.c ****     errorcode = HAL_ERROR;
2474:platform/HAL/src/stm32g4xx_hal_spi.c ****   }
2475:platform/HAL/src/stm32g4xx_hal_spi.c ****   else
2476:platform/HAL/src/stm32g4xx_hal_spi.c ****   {
2477:platform/HAL/src/stm32g4xx_hal_spi.c ****     /* Reset errorCode */
2478:platform/HAL/src/stm32g4xx_hal_spi.c ****     hspi->ErrorCode = HAL_SPI_ERROR_NONE;
2479:platform/HAL/src/stm32g4xx_hal_spi.c ****   }
2480:platform/HAL/src/stm32g4xx_hal_spi.c **** 
2481:platform/HAL/src/stm32g4xx_hal_spi.c ****   /* Clear the Error flags in the SR register */
ARM GAS  /tmp/ccMpXq91.s 			page 45


2482:platform/HAL/src/stm32g4xx_hal_spi.c ****   __HAL_SPI_CLEAR_OVRFLAG(hspi);
2483:platform/HAL/src/stm32g4xx_hal_spi.c ****   __HAL_SPI_CLEAR_FREFLAG(hspi);
2484:platform/HAL/src/stm32g4xx_hal_spi.c **** 
2485:platform/HAL/src/stm32g4xx_hal_spi.c ****   /* Restore hspi->state to ready */
2486:platform/HAL/src/stm32g4xx_hal_spi.c ****   hspi->State = HAL_SPI_STATE_READY;
2487:platform/HAL/src/stm32g4xx_hal_spi.c **** 
2488:platform/HAL/src/stm32g4xx_hal_spi.c ****   return errorcode;
2489:platform/HAL/src/stm32g4xx_hal_spi.c **** }
2490:platform/HAL/src/stm32g4xx_hal_spi.c **** 
2491:platform/HAL/src/stm32g4xx_hal_spi.c **** /**
2492:platform/HAL/src/stm32g4xx_hal_spi.c ****   * @brief  Abort ongoing transfer (Interrupt mode).
2493:platform/HAL/src/stm32g4xx_hal_spi.c ****   * @param  hspi SPI handle.
2494:platform/HAL/src/stm32g4xx_hal_spi.c ****   * @note   This procedure could be used for aborting any ongoing transfer (Tx and Rx),
2495:platform/HAL/src/stm32g4xx_hal_spi.c ****   *         started in Interrupt or DMA mode.
2496:platform/HAL/src/stm32g4xx_hal_spi.c ****   *         This procedure performs following operations :
2497:platform/HAL/src/stm32g4xx_hal_spi.c ****   *           - Disable SPI Interrupts (depending of transfer direction)
2498:platform/HAL/src/stm32g4xx_hal_spi.c ****   *           - Disable the DMA transfer in the peripheral register (if enabled)
2499:platform/HAL/src/stm32g4xx_hal_spi.c ****   *           - Abort DMA transfer by calling HAL_DMA_Abort_IT (in case of transfer in DMA mode)
2500:platform/HAL/src/stm32g4xx_hal_spi.c ****   *           - Set handle State to READY
2501:platform/HAL/src/stm32g4xx_hal_spi.c ****   *           - At abort completion, call user abort complete callback
2502:platform/HAL/src/stm32g4xx_hal_spi.c ****   * @note   This procedure is executed in Interrupt mode, meaning that abort procedure could be
2503:platform/HAL/src/stm32g4xx_hal_spi.c ****   *         considered as completed only when user abort complete callback is executed (not when ex
2504:platform/HAL/src/stm32g4xx_hal_spi.c ****   * @retval HAL status
2505:platform/HAL/src/stm32g4xx_hal_spi.c ****   */
2506:platform/HAL/src/stm32g4xx_hal_spi.c **** HAL_StatusTypeDef HAL_SPI_Abort_IT(SPI_HandleTypeDef *hspi)
2507:platform/HAL/src/stm32g4xx_hal_spi.c **** {
2508:platform/HAL/src/stm32g4xx_hal_spi.c ****   HAL_StatusTypeDef errorcode;
2509:platform/HAL/src/stm32g4xx_hal_spi.c ****   uint32_t abortcplt ;
2510:platform/HAL/src/stm32g4xx_hal_spi.c ****   __IO uint32_t count;
2511:platform/HAL/src/stm32g4xx_hal_spi.c ****   __IO uint32_t resetcount;
2512:platform/HAL/src/stm32g4xx_hal_spi.c **** 
2513:platform/HAL/src/stm32g4xx_hal_spi.c ****   /* Initialized local variable  */
2514:platform/HAL/src/stm32g4xx_hal_spi.c ****   errorcode = HAL_OK;
2515:platform/HAL/src/stm32g4xx_hal_spi.c ****   abortcplt = 1U;
2516:platform/HAL/src/stm32g4xx_hal_spi.c ****   resetcount = SPI_DEFAULT_TIMEOUT * (SystemCoreClock / 24U / 1000U);
2517:platform/HAL/src/stm32g4xx_hal_spi.c ****   count = resetcount;
2518:platform/HAL/src/stm32g4xx_hal_spi.c **** 
2519:platform/HAL/src/stm32g4xx_hal_spi.c ****   /* Clear ERRIE interrupt to avoid error interrupts generation during Abort procedure */
2520:platform/HAL/src/stm32g4xx_hal_spi.c ****   CLEAR_BIT(hspi->Instance->CR2, SPI_CR2_ERRIE);
2521:platform/HAL/src/stm32g4xx_hal_spi.c **** 
2522:platform/HAL/src/stm32g4xx_hal_spi.c ****   /* Change Rx and Tx Irq Handler to Disable TXEIE, RXNEIE and ERRIE interrupts */
2523:platform/HAL/src/stm32g4xx_hal_spi.c ****   if (HAL_IS_BIT_SET(hspi->Instance->CR2, SPI_CR2_TXEIE))
2524:platform/HAL/src/stm32g4xx_hal_spi.c ****   {
2525:platform/HAL/src/stm32g4xx_hal_spi.c ****     hspi->TxISR = SPI_AbortTx_ISR;
2526:platform/HAL/src/stm32g4xx_hal_spi.c ****     /* Wait HAL_SPI_STATE_ABORT state */
2527:platform/HAL/src/stm32g4xx_hal_spi.c ****     do
2528:platform/HAL/src/stm32g4xx_hal_spi.c ****     {
2529:platform/HAL/src/stm32g4xx_hal_spi.c ****       if (count == 0U)
2530:platform/HAL/src/stm32g4xx_hal_spi.c ****       {
2531:platform/HAL/src/stm32g4xx_hal_spi.c ****         SET_BIT(hspi->ErrorCode, HAL_SPI_ERROR_ABORT);
2532:platform/HAL/src/stm32g4xx_hal_spi.c ****         break;
2533:platform/HAL/src/stm32g4xx_hal_spi.c ****       }
2534:platform/HAL/src/stm32g4xx_hal_spi.c ****       count--;
2535:platform/HAL/src/stm32g4xx_hal_spi.c ****     } while (hspi->State != HAL_SPI_STATE_ABORT);
2536:platform/HAL/src/stm32g4xx_hal_spi.c ****     /* Reset Timeout Counter */
2537:platform/HAL/src/stm32g4xx_hal_spi.c ****     count = resetcount;
2538:platform/HAL/src/stm32g4xx_hal_spi.c ****   }
ARM GAS  /tmp/ccMpXq91.s 			page 46


2539:platform/HAL/src/stm32g4xx_hal_spi.c **** 
2540:platform/HAL/src/stm32g4xx_hal_spi.c ****   if (HAL_IS_BIT_SET(hspi->Instance->CR2, SPI_CR2_RXNEIE))
2541:platform/HAL/src/stm32g4xx_hal_spi.c ****   {
2542:platform/HAL/src/stm32g4xx_hal_spi.c ****     hspi->RxISR = SPI_AbortRx_ISR;
2543:platform/HAL/src/stm32g4xx_hal_spi.c ****     /* Wait HAL_SPI_STATE_ABORT state */
2544:platform/HAL/src/stm32g4xx_hal_spi.c ****     do
2545:platform/HAL/src/stm32g4xx_hal_spi.c ****     {
2546:platform/HAL/src/stm32g4xx_hal_spi.c ****       if (count == 0U)
2547:platform/HAL/src/stm32g4xx_hal_spi.c ****       {
2548:platform/HAL/src/stm32g4xx_hal_spi.c ****         SET_BIT(hspi->ErrorCode, HAL_SPI_ERROR_ABORT);
2549:platform/HAL/src/stm32g4xx_hal_spi.c ****         break;
2550:platform/HAL/src/stm32g4xx_hal_spi.c ****       }
2551:platform/HAL/src/stm32g4xx_hal_spi.c ****       count--;
2552:platform/HAL/src/stm32g4xx_hal_spi.c ****     } while (hspi->State != HAL_SPI_STATE_ABORT);
2553:platform/HAL/src/stm32g4xx_hal_spi.c ****     /* Reset Timeout Counter */
2554:platform/HAL/src/stm32g4xx_hal_spi.c ****     count = resetcount;
2555:platform/HAL/src/stm32g4xx_hal_spi.c ****   }
2556:platform/HAL/src/stm32g4xx_hal_spi.c **** 
2557:platform/HAL/src/stm32g4xx_hal_spi.c ****   /* If DMA Tx and/or DMA Rx Handles are associated to SPI Handle, DMA Abort complete callbacks sho
2558:platform/HAL/src/stm32g4xx_hal_spi.c ****      before any call to DMA Abort functions */
2559:platform/HAL/src/stm32g4xx_hal_spi.c ****   /* DMA Tx Handle is valid */
2560:platform/HAL/src/stm32g4xx_hal_spi.c ****   if (hspi->hdmatx != NULL)
2561:platform/HAL/src/stm32g4xx_hal_spi.c ****   {
2562:platform/HAL/src/stm32g4xx_hal_spi.c ****     /* Set DMA Abort Complete callback if UART DMA Tx request if enabled.
2563:platform/HAL/src/stm32g4xx_hal_spi.c ****        Otherwise, set it to NULL */
2564:platform/HAL/src/stm32g4xx_hal_spi.c ****     if (HAL_IS_BIT_SET(hspi->Instance->CR2, SPI_CR2_TXDMAEN))
2565:platform/HAL/src/stm32g4xx_hal_spi.c ****     {
2566:platform/HAL/src/stm32g4xx_hal_spi.c ****       hspi->hdmatx->XferAbortCallback = SPI_DMATxAbortCallback;
2567:platform/HAL/src/stm32g4xx_hal_spi.c ****     }
2568:platform/HAL/src/stm32g4xx_hal_spi.c ****     else
2569:platform/HAL/src/stm32g4xx_hal_spi.c ****     {
2570:platform/HAL/src/stm32g4xx_hal_spi.c ****       hspi->hdmatx->XferAbortCallback = NULL;
2571:platform/HAL/src/stm32g4xx_hal_spi.c ****     }
2572:platform/HAL/src/stm32g4xx_hal_spi.c ****   }
2573:platform/HAL/src/stm32g4xx_hal_spi.c ****   /* DMA Rx Handle is valid */
2574:platform/HAL/src/stm32g4xx_hal_spi.c ****   if (hspi->hdmarx != NULL)
2575:platform/HAL/src/stm32g4xx_hal_spi.c ****   {
2576:platform/HAL/src/stm32g4xx_hal_spi.c ****     /* Set DMA Abort Complete callback if UART DMA Rx request if enabled.
2577:platform/HAL/src/stm32g4xx_hal_spi.c ****        Otherwise, set it to NULL */
2578:platform/HAL/src/stm32g4xx_hal_spi.c ****     if (HAL_IS_BIT_SET(hspi->Instance->CR2, SPI_CR2_RXDMAEN))
2579:platform/HAL/src/stm32g4xx_hal_spi.c ****     {
2580:platform/HAL/src/stm32g4xx_hal_spi.c ****       hspi->hdmarx->XferAbortCallback = SPI_DMARxAbortCallback;
2581:platform/HAL/src/stm32g4xx_hal_spi.c ****     }
2582:platform/HAL/src/stm32g4xx_hal_spi.c ****     else
2583:platform/HAL/src/stm32g4xx_hal_spi.c ****     {
2584:platform/HAL/src/stm32g4xx_hal_spi.c ****       hspi->hdmarx->XferAbortCallback = NULL;
2585:platform/HAL/src/stm32g4xx_hal_spi.c ****     }
2586:platform/HAL/src/stm32g4xx_hal_spi.c ****   }
2587:platform/HAL/src/stm32g4xx_hal_spi.c **** 
2588:platform/HAL/src/stm32g4xx_hal_spi.c ****   /* Disable the SPI DMA Tx request if enabled */
2589:platform/HAL/src/stm32g4xx_hal_spi.c ****   if (HAL_IS_BIT_SET(hspi->Instance->CR2, SPI_CR2_TXDMAEN))
2590:platform/HAL/src/stm32g4xx_hal_spi.c ****   {
2591:platform/HAL/src/stm32g4xx_hal_spi.c ****     /* Abort the SPI DMA Tx Stream/Channel */
2592:platform/HAL/src/stm32g4xx_hal_spi.c ****     if (hspi->hdmatx != NULL)
2593:platform/HAL/src/stm32g4xx_hal_spi.c ****     {
2594:platform/HAL/src/stm32g4xx_hal_spi.c ****       /* Abort DMA Tx Handle linked to SPI Peripheral */
2595:platform/HAL/src/stm32g4xx_hal_spi.c ****       if (HAL_DMA_Abort_IT(hspi->hdmatx) != HAL_OK)
ARM GAS  /tmp/ccMpXq91.s 			page 47


2596:platform/HAL/src/stm32g4xx_hal_spi.c ****       {
2597:platform/HAL/src/stm32g4xx_hal_spi.c ****         hspi->hdmatx->XferAbortCallback = NULL;
2598:platform/HAL/src/stm32g4xx_hal_spi.c ****         hspi->ErrorCode = HAL_SPI_ERROR_ABORT;
2599:platform/HAL/src/stm32g4xx_hal_spi.c ****       }
2600:platform/HAL/src/stm32g4xx_hal_spi.c ****       else
2601:platform/HAL/src/stm32g4xx_hal_spi.c ****       {
2602:platform/HAL/src/stm32g4xx_hal_spi.c ****         abortcplt = 0U;
2603:platform/HAL/src/stm32g4xx_hal_spi.c ****       }
2604:platform/HAL/src/stm32g4xx_hal_spi.c ****     }
2605:platform/HAL/src/stm32g4xx_hal_spi.c ****   }
2606:platform/HAL/src/stm32g4xx_hal_spi.c ****   /* Disable the SPI DMA Rx request if enabled */
2607:platform/HAL/src/stm32g4xx_hal_spi.c ****   if (HAL_IS_BIT_SET(hspi->Instance->CR2, SPI_CR2_RXDMAEN))
2608:platform/HAL/src/stm32g4xx_hal_spi.c ****   {
2609:platform/HAL/src/stm32g4xx_hal_spi.c ****     /* Abort the SPI DMA Rx Stream/Channel */
2610:platform/HAL/src/stm32g4xx_hal_spi.c ****     if (hspi->hdmarx != NULL)
2611:platform/HAL/src/stm32g4xx_hal_spi.c ****     {
2612:platform/HAL/src/stm32g4xx_hal_spi.c ****       /* Abort DMA Rx Handle linked to SPI Peripheral */
2613:platform/HAL/src/stm32g4xx_hal_spi.c ****       if (HAL_DMA_Abort_IT(hspi->hdmarx) !=  HAL_OK)
2614:platform/HAL/src/stm32g4xx_hal_spi.c ****       {
2615:platform/HAL/src/stm32g4xx_hal_spi.c ****         hspi->hdmarx->XferAbortCallback = NULL;
2616:platform/HAL/src/stm32g4xx_hal_spi.c ****         hspi->ErrorCode = HAL_SPI_ERROR_ABORT;
2617:platform/HAL/src/stm32g4xx_hal_spi.c ****       }
2618:platform/HAL/src/stm32g4xx_hal_spi.c ****       else
2619:platform/HAL/src/stm32g4xx_hal_spi.c ****       {
2620:platform/HAL/src/stm32g4xx_hal_spi.c ****         abortcplt = 0U;
2621:platform/HAL/src/stm32g4xx_hal_spi.c ****       }
2622:platform/HAL/src/stm32g4xx_hal_spi.c ****     }
2623:platform/HAL/src/stm32g4xx_hal_spi.c ****   }
2624:platform/HAL/src/stm32g4xx_hal_spi.c **** 
2625:platform/HAL/src/stm32g4xx_hal_spi.c ****   if (abortcplt == 1U)
2626:platform/HAL/src/stm32g4xx_hal_spi.c ****   {
2627:platform/HAL/src/stm32g4xx_hal_spi.c ****     /* Reset Tx and Rx transfer counters */
2628:platform/HAL/src/stm32g4xx_hal_spi.c ****     hspi->RxXferCount = 0U;
2629:platform/HAL/src/stm32g4xx_hal_spi.c ****     hspi->TxXferCount = 0U;
2630:platform/HAL/src/stm32g4xx_hal_spi.c **** 
2631:platform/HAL/src/stm32g4xx_hal_spi.c ****     /* Check error during Abort procedure */
2632:platform/HAL/src/stm32g4xx_hal_spi.c ****     if (hspi->ErrorCode == HAL_SPI_ERROR_ABORT)
2633:platform/HAL/src/stm32g4xx_hal_spi.c ****     {
2634:platform/HAL/src/stm32g4xx_hal_spi.c ****       /* return HAL_Error in case of error during Abort procedure */
2635:platform/HAL/src/stm32g4xx_hal_spi.c ****       errorcode = HAL_ERROR;
2636:platform/HAL/src/stm32g4xx_hal_spi.c ****     }
2637:platform/HAL/src/stm32g4xx_hal_spi.c ****     else
2638:platform/HAL/src/stm32g4xx_hal_spi.c ****     {
2639:platform/HAL/src/stm32g4xx_hal_spi.c ****       /* Reset errorCode */
2640:platform/HAL/src/stm32g4xx_hal_spi.c ****       hspi->ErrorCode = HAL_SPI_ERROR_NONE;
2641:platform/HAL/src/stm32g4xx_hal_spi.c ****     }
2642:platform/HAL/src/stm32g4xx_hal_spi.c **** 
2643:platform/HAL/src/stm32g4xx_hal_spi.c ****     /* Clear the Error flags in the SR register */
2644:platform/HAL/src/stm32g4xx_hal_spi.c ****     __HAL_SPI_CLEAR_OVRFLAG(hspi);
2645:platform/HAL/src/stm32g4xx_hal_spi.c ****     __HAL_SPI_CLEAR_FREFLAG(hspi);
2646:platform/HAL/src/stm32g4xx_hal_spi.c **** 
2647:platform/HAL/src/stm32g4xx_hal_spi.c ****     /* Restore hspi->State to Ready */
2648:platform/HAL/src/stm32g4xx_hal_spi.c ****     hspi->State = HAL_SPI_STATE_READY;
2649:platform/HAL/src/stm32g4xx_hal_spi.c **** 
2650:platform/HAL/src/stm32g4xx_hal_spi.c ****     /* As no DMA to be aborted, call directly user Abort complete callback */
2651:platform/HAL/src/stm32g4xx_hal_spi.c **** #if (USE_HAL_SPI_REGISTER_CALLBACKS == 1U)
2652:platform/HAL/src/stm32g4xx_hal_spi.c ****     hspi->AbortCpltCallback(hspi);
ARM GAS  /tmp/ccMpXq91.s 			page 48


2653:platform/HAL/src/stm32g4xx_hal_spi.c **** #else
2654:platform/HAL/src/stm32g4xx_hal_spi.c ****     HAL_SPI_AbortCpltCallback(hspi);
2655:platform/HAL/src/stm32g4xx_hal_spi.c **** #endif /* USE_HAL_SPI_REGISTER_CALLBACKS */
2656:platform/HAL/src/stm32g4xx_hal_spi.c ****   }
2657:platform/HAL/src/stm32g4xx_hal_spi.c **** 
2658:platform/HAL/src/stm32g4xx_hal_spi.c ****   return errorcode;
2659:platform/HAL/src/stm32g4xx_hal_spi.c **** }
2660:platform/HAL/src/stm32g4xx_hal_spi.c **** 
2661:platform/HAL/src/stm32g4xx_hal_spi.c **** /**
2662:platform/HAL/src/stm32g4xx_hal_spi.c ****   * @brief  Pause the DMA Transfer.
2663:platform/HAL/src/stm32g4xx_hal_spi.c ****   * @param  hspi pointer to a SPI_HandleTypeDef structure that contains
2664:platform/HAL/src/stm32g4xx_hal_spi.c ****   *               the configuration information for the specified SPI module.
2665:platform/HAL/src/stm32g4xx_hal_spi.c ****   * @retval HAL status
2666:platform/HAL/src/stm32g4xx_hal_spi.c ****   */
2667:platform/HAL/src/stm32g4xx_hal_spi.c **** HAL_StatusTypeDef HAL_SPI_DMAPause(SPI_HandleTypeDef *hspi)
2668:platform/HAL/src/stm32g4xx_hal_spi.c **** {
2669:platform/HAL/src/stm32g4xx_hal_spi.c ****   /* Process Locked */
2670:platform/HAL/src/stm32g4xx_hal_spi.c ****   __HAL_LOCK(hspi);
2671:platform/HAL/src/stm32g4xx_hal_spi.c **** 
2672:platform/HAL/src/stm32g4xx_hal_spi.c ****   /* Disable the SPI DMA Tx & Rx requests */
2673:platform/HAL/src/stm32g4xx_hal_spi.c ****   CLEAR_BIT(hspi->Instance->CR2, SPI_CR2_TXDMAEN | SPI_CR2_RXDMAEN);
2674:platform/HAL/src/stm32g4xx_hal_spi.c **** 
2675:platform/HAL/src/stm32g4xx_hal_spi.c ****   /* Process Unlocked */
2676:platform/HAL/src/stm32g4xx_hal_spi.c ****   __HAL_UNLOCK(hspi);
2677:platform/HAL/src/stm32g4xx_hal_spi.c **** 
2678:platform/HAL/src/stm32g4xx_hal_spi.c ****   return HAL_OK;
2679:platform/HAL/src/stm32g4xx_hal_spi.c **** }
2680:platform/HAL/src/stm32g4xx_hal_spi.c **** 
2681:platform/HAL/src/stm32g4xx_hal_spi.c **** /**
2682:platform/HAL/src/stm32g4xx_hal_spi.c ****   * @brief  Resume the DMA Transfer.
2683:platform/HAL/src/stm32g4xx_hal_spi.c ****   * @param  hspi pointer to a SPI_HandleTypeDef structure that contains
2684:platform/HAL/src/stm32g4xx_hal_spi.c ****   *               the configuration information for the specified SPI module.
2685:platform/HAL/src/stm32g4xx_hal_spi.c ****   * @retval HAL status
2686:platform/HAL/src/stm32g4xx_hal_spi.c ****   */
2687:platform/HAL/src/stm32g4xx_hal_spi.c **** HAL_StatusTypeDef HAL_SPI_DMAResume(SPI_HandleTypeDef *hspi)
2688:platform/HAL/src/stm32g4xx_hal_spi.c **** {
2689:platform/HAL/src/stm32g4xx_hal_spi.c ****   /* Process Locked */
2690:platform/HAL/src/stm32g4xx_hal_spi.c ****   __HAL_LOCK(hspi);
2691:platform/HAL/src/stm32g4xx_hal_spi.c **** 
2692:platform/HAL/src/stm32g4xx_hal_spi.c ****   /* Enable the SPI DMA Tx & Rx requests */
2693:platform/HAL/src/stm32g4xx_hal_spi.c ****   SET_BIT(hspi->Instance->CR2, SPI_CR2_TXDMAEN | SPI_CR2_RXDMAEN);
2694:platform/HAL/src/stm32g4xx_hal_spi.c **** 
2695:platform/HAL/src/stm32g4xx_hal_spi.c ****   /* Process Unlocked */
2696:platform/HAL/src/stm32g4xx_hal_spi.c ****   __HAL_UNLOCK(hspi);
2697:platform/HAL/src/stm32g4xx_hal_spi.c **** 
2698:platform/HAL/src/stm32g4xx_hal_spi.c ****   return HAL_OK;
2699:platform/HAL/src/stm32g4xx_hal_spi.c **** }
2700:platform/HAL/src/stm32g4xx_hal_spi.c **** 
2701:platform/HAL/src/stm32g4xx_hal_spi.c **** /**
2702:platform/HAL/src/stm32g4xx_hal_spi.c ****   * @brief  Stop the DMA Transfer.
2703:platform/HAL/src/stm32g4xx_hal_spi.c ****   * @param  hspi pointer to a SPI_HandleTypeDef structure that contains
2704:platform/HAL/src/stm32g4xx_hal_spi.c ****   *               the configuration information for the specified SPI module.
2705:platform/HAL/src/stm32g4xx_hal_spi.c ****   * @retval HAL status
2706:platform/HAL/src/stm32g4xx_hal_spi.c ****   */
2707:platform/HAL/src/stm32g4xx_hal_spi.c **** HAL_StatusTypeDef HAL_SPI_DMAStop(SPI_HandleTypeDef *hspi)
2708:platform/HAL/src/stm32g4xx_hal_spi.c **** {
2709:platform/HAL/src/stm32g4xx_hal_spi.c ****   HAL_StatusTypeDef errorcode = HAL_OK;
ARM GAS  /tmp/ccMpXq91.s 			page 49


2710:platform/HAL/src/stm32g4xx_hal_spi.c ****   /* The Lock is not implemented on this API to allow the user application
2711:platform/HAL/src/stm32g4xx_hal_spi.c ****      to call the HAL SPI API under callbacks HAL_SPI_TxCpltCallback() or HAL_SPI_RxCpltCallback() o
2712:platform/HAL/src/stm32g4xx_hal_spi.c ****      HAL_SPI_TxRxCpltCallback():
2713:platform/HAL/src/stm32g4xx_hal_spi.c ****      when calling HAL_DMA_Abort() API the DMA TX/RX Transfer complete interrupt is generated
2714:platform/HAL/src/stm32g4xx_hal_spi.c ****      and the correspond call back is executed HAL_SPI_TxCpltCallback() or HAL_SPI_RxCpltCallback() 
2715:platform/HAL/src/stm32g4xx_hal_spi.c ****      HAL_SPI_TxRxCpltCallback()
2716:platform/HAL/src/stm32g4xx_hal_spi.c ****      */
2717:platform/HAL/src/stm32g4xx_hal_spi.c **** 
2718:platform/HAL/src/stm32g4xx_hal_spi.c ****   /* Abort the SPI DMA tx Stream/Channel  */
2719:platform/HAL/src/stm32g4xx_hal_spi.c ****   if (hspi->hdmatx != NULL)
2720:platform/HAL/src/stm32g4xx_hal_spi.c ****   {
2721:platform/HAL/src/stm32g4xx_hal_spi.c ****     if (HAL_OK != HAL_DMA_Abort(hspi->hdmatx))
2722:platform/HAL/src/stm32g4xx_hal_spi.c ****     {
2723:platform/HAL/src/stm32g4xx_hal_spi.c ****       SET_BIT(hspi->ErrorCode, HAL_SPI_ERROR_DMA);
2724:platform/HAL/src/stm32g4xx_hal_spi.c ****       errorcode = HAL_ERROR;
2725:platform/HAL/src/stm32g4xx_hal_spi.c ****     }
2726:platform/HAL/src/stm32g4xx_hal_spi.c ****   }
2727:platform/HAL/src/stm32g4xx_hal_spi.c ****   /* Abort the SPI DMA rx Stream/Channel  */
2728:platform/HAL/src/stm32g4xx_hal_spi.c ****   if (hspi->hdmarx != NULL)
2729:platform/HAL/src/stm32g4xx_hal_spi.c ****   {
2730:platform/HAL/src/stm32g4xx_hal_spi.c ****     if (HAL_OK != HAL_DMA_Abort(hspi->hdmarx))
2731:platform/HAL/src/stm32g4xx_hal_spi.c ****     {
2732:platform/HAL/src/stm32g4xx_hal_spi.c ****       SET_BIT(hspi->ErrorCode, HAL_SPI_ERROR_DMA);
2733:platform/HAL/src/stm32g4xx_hal_spi.c ****       errorcode = HAL_ERROR;
2734:platform/HAL/src/stm32g4xx_hal_spi.c ****     }
2735:platform/HAL/src/stm32g4xx_hal_spi.c ****   }
2736:platform/HAL/src/stm32g4xx_hal_spi.c **** 
2737:platform/HAL/src/stm32g4xx_hal_spi.c ****   /* Disable the SPI DMA Tx & Rx requests */
2738:platform/HAL/src/stm32g4xx_hal_spi.c ****   CLEAR_BIT(hspi->Instance->CR2, SPI_CR2_TXDMAEN | SPI_CR2_RXDMAEN);
2739:platform/HAL/src/stm32g4xx_hal_spi.c ****   hspi->State = HAL_SPI_STATE_READY;
2740:platform/HAL/src/stm32g4xx_hal_spi.c ****   return errorcode;
2741:platform/HAL/src/stm32g4xx_hal_spi.c **** }
2742:platform/HAL/src/stm32g4xx_hal_spi.c **** 
2743:platform/HAL/src/stm32g4xx_hal_spi.c **** /**
2744:platform/HAL/src/stm32g4xx_hal_spi.c ****   * @brief  Handle SPI interrupt request.
2745:platform/HAL/src/stm32g4xx_hal_spi.c ****   * @param  hspi pointer to a SPI_HandleTypeDef structure that contains
2746:platform/HAL/src/stm32g4xx_hal_spi.c ****   *               the configuration information for the specified SPI module.
2747:platform/HAL/src/stm32g4xx_hal_spi.c ****   * @retval None
2748:platform/HAL/src/stm32g4xx_hal_spi.c ****   */
2749:platform/HAL/src/stm32g4xx_hal_spi.c **** void HAL_SPI_IRQHandler(SPI_HandleTypeDef *hspi)
2750:platform/HAL/src/stm32g4xx_hal_spi.c **** {
2751:platform/HAL/src/stm32g4xx_hal_spi.c ****   uint32_t itsource = hspi->Instance->CR2;
2752:platform/HAL/src/stm32g4xx_hal_spi.c ****   uint32_t itflag   = hspi->Instance->SR;
2753:platform/HAL/src/stm32g4xx_hal_spi.c **** 
2754:platform/HAL/src/stm32g4xx_hal_spi.c ****   /* SPI in mode Receiver ----------------------------------------------------*/
2755:platform/HAL/src/stm32g4xx_hal_spi.c ****   if ((SPI_CHECK_FLAG(itflag, SPI_FLAG_OVR) == RESET) &&
2756:platform/HAL/src/stm32g4xx_hal_spi.c ****       (SPI_CHECK_FLAG(itflag, SPI_FLAG_RXNE) != RESET) && (SPI_CHECK_IT_SOURCE(itsource, SPI_IT_RXN
2757:platform/HAL/src/stm32g4xx_hal_spi.c ****   {
2758:platform/HAL/src/stm32g4xx_hal_spi.c ****     hspi->RxISR(hspi);
2759:platform/HAL/src/stm32g4xx_hal_spi.c ****     return;
2760:platform/HAL/src/stm32g4xx_hal_spi.c ****   }
2761:platform/HAL/src/stm32g4xx_hal_spi.c **** 
2762:platform/HAL/src/stm32g4xx_hal_spi.c ****   /* SPI in mode Transmitter -------------------------------------------------*/
2763:platform/HAL/src/stm32g4xx_hal_spi.c ****   if ((SPI_CHECK_FLAG(itflag, SPI_FLAG_TXE) != RESET) && (SPI_CHECK_IT_SOURCE(itsource, SPI_IT_TXE)
2764:platform/HAL/src/stm32g4xx_hal_spi.c ****   {
2765:platform/HAL/src/stm32g4xx_hal_spi.c ****     hspi->TxISR(hspi);
2766:platform/HAL/src/stm32g4xx_hal_spi.c ****     return;
ARM GAS  /tmp/ccMpXq91.s 			page 50


2767:platform/HAL/src/stm32g4xx_hal_spi.c ****   }
2768:platform/HAL/src/stm32g4xx_hal_spi.c **** 
2769:platform/HAL/src/stm32g4xx_hal_spi.c ****   /* SPI in Error Treatment --------------------------------------------------*/
2770:platform/HAL/src/stm32g4xx_hal_spi.c ****   if (((SPI_CHECK_FLAG(itflag, SPI_FLAG_MODF) != RESET) || (SPI_CHECK_FLAG(itflag, SPI_FLAG_OVR) !=
2771:platform/HAL/src/stm32g4xx_hal_spi.c ****        || (SPI_CHECK_FLAG(itflag, SPI_FLAG_FRE) != RESET)) && (SPI_CHECK_IT_SOURCE(itsource, SPI_IT
2772:platform/HAL/src/stm32g4xx_hal_spi.c ****   {
2773:platform/HAL/src/stm32g4xx_hal_spi.c ****     /* SPI Overrun error interrupt occurred ----------------------------------*/
2774:platform/HAL/src/stm32g4xx_hal_spi.c ****     if (SPI_CHECK_FLAG(itflag, SPI_FLAG_OVR) != RESET)
2775:platform/HAL/src/stm32g4xx_hal_spi.c ****     {
2776:platform/HAL/src/stm32g4xx_hal_spi.c ****       if (hspi->State != HAL_SPI_STATE_BUSY_TX)
2777:platform/HAL/src/stm32g4xx_hal_spi.c ****       {
2778:platform/HAL/src/stm32g4xx_hal_spi.c ****         SET_BIT(hspi->ErrorCode, HAL_SPI_ERROR_OVR);
2779:platform/HAL/src/stm32g4xx_hal_spi.c ****         __HAL_SPI_CLEAR_OVRFLAG(hspi);
2780:platform/HAL/src/stm32g4xx_hal_spi.c ****       }
2781:platform/HAL/src/stm32g4xx_hal_spi.c ****       else
2782:platform/HAL/src/stm32g4xx_hal_spi.c ****       {
2783:platform/HAL/src/stm32g4xx_hal_spi.c ****         __HAL_SPI_CLEAR_OVRFLAG(hspi);
2784:platform/HAL/src/stm32g4xx_hal_spi.c ****         return;
2785:platform/HAL/src/stm32g4xx_hal_spi.c ****       }
2786:platform/HAL/src/stm32g4xx_hal_spi.c ****     }
2787:platform/HAL/src/stm32g4xx_hal_spi.c **** 
2788:platform/HAL/src/stm32g4xx_hal_spi.c ****     /* SPI Mode Fault error interrupt occurred -------------------------------*/
2789:platform/HAL/src/stm32g4xx_hal_spi.c ****     if (SPI_CHECK_FLAG(itflag, SPI_FLAG_MODF) != RESET)
2790:platform/HAL/src/stm32g4xx_hal_spi.c ****     {
2791:platform/HAL/src/stm32g4xx_hal_spi.c ****       SET_BIT(hspi->ErrorCode, HAL_SPI_ERROR_MODF);
2792:platform/HAL/src/stm32g4xx_hal_spi.c ****       __HAL_SPI_CLEAR_MODFFLAG(hspi);
2793:platform/HAL/src/stm32g4xx_hal_spi.c ****     }
2794:platform/HAL/src/stm32g4xx_hal_spi.c **** 
2795:platform/HAL/src/stm32g4xx_hal_spi.c ****     /* SPI Frame error interrupt occurred ------------------------------------*/
2796:platform/HAL/src/stm32g4xx_hal_spi.c ****     if (SPI_CHECK_FLAG(itflag, SPI_FLAG_FRE) != RESET)
2797:platform/HAL/src/stm32g4xx_hal_spi.c ****     {
2798:platform/HAL/src/stm32g4xx_hal_spi.c ****       SET_BIT(hspi->ErrorCode, HAL_SPI_ERROR_FRE);
2799:platform/HAL/src/stm32g4xx_hal_spi.c ****       __HAL_SPI_CLEAR_FREFLAG(hspi);
2800:platform/HAL/src/stm32g4xx_hal_spi.c ****     }
2801:platform/HAL/src/stm32g4xx_hal_spi.c **** 
2802:platform/HAL/src/stm32g4xx_hal_spi.c ****     if (hspi->ErrorCode != HAL_SPI_ERROR_NONE)
2803:platform/HAL/src/stm32g4xx_hal_spi.c ****     {
2804:platform/HAL/src/stm32g4xx_hal_spi.c ****       /* Disable all interrupts */
2805:platform/HAL/src/stm32g4xx_hal_spi.c ****       __HAL_SPI_DISABLE_IT(hspi, SPI_IT_RXNE | SPI_IT_TXE | SPI_IT_ERR);
2806:platform/HAL/src/stm32g4xx_hal_spi.c **** 
2807:platform/HAL/src/stm32g4xx_hal_spi.c ****       hspi->State = HAL_SPI_STATE_READY;
2808:platform/HAL/src/stm32g4xx_hal_spi.c ****       /* Disable the SPI DMA requests if enabled */
2809:platform/HAL/src/stm32g4xx_hal_spi.c ****       if ((HAL_IS_BIT_SET(itsource, SPI_CR2_TXDMAEN)) || (HAL_IS_BIT_SET(itsource, SPI_CR2_RXDMAEN)
2810:platform/HAL/src/stm32g4xx_hal_spi.c ****       {
2811:platform/HAL/src/stm32g4xx_hal_spi.c ****         CLEAR_BIT(hspi->Instance->CR2, (SPI_CR2_TXDMAEN | SPI_CR2_RXDMAEN));
2812:platform/HAL/src/stm32g4xx_hal_spi.c **** 
2813:platform/HAL/src/stm32g4xx_hal_spi.c ****         /* Abort the SPI DMA Rx channel */
2814:platform/HAL/src/stm32g4xx_hal_spi.c ****         if (hspi->hdmarx != NULL)
2815:platform/HAL/src/stm32g4xx_hal_spi.c ****         {
2816:platform/HAL/src/stm32g4xx_hal_spi.c ****           /* Set the SPI DMA Abort callback :
2817:platform/HAL/src/stm32g4xx_hal_spi.c ****           will lead to call HAL_SPI_ErrorCallback() at end of DMA abort procedure */
2818:platform/HAL/src/stm32g4xx_hal_spi.c ****           hspi->hdmarx->XferAbortCallback = SPI_DMAAbortOnError;
2819:platform/HAL/src/stm32g4xx_hal_spi.c ****           if (HAL_OK != HAL_DMA_Abort_IT(hspi->hdmarx))
2820:platform/HAL/src/stm32g4xx_hal_spi.c ****           {
2821:platform/HAL/src/stm32g4xx_hal_spi.c ****             SET_BIT(hspi->ErrorCode, HAL_SPI_ERROR_ABORT);
2822:platform/HAL/src/stm32g4xx_hal_spi.c ****           }
2823:platform/HAL/src/stm32g4xx_hal_spi.c ****         }
ARM GAS  /tmp/ccMpXq91.s 			page 51


2824:platform/HAL/src/stm32g4xx_hal_spi.c ****         /* Abort the SPI DMA Tx channel */
2825:platform/HAL/src/stm32g4xx_hal_spi.c ****         if (hspi->hdmatx != NULL)
2826:platform/HAL/src/stm32g4xx_hal_spi.c ****         {
2827:platform/HAL/src/stm32g4xx_hal_spi.c ****           /* Set the SPI DMA Abort callback :
2828:platform/HAL/src/stm32g4xx_hal_spi.c ****           will lead to call HAL_SPI_ErrorCallback() at end of DMA abort procedure */
2829:platform/HAL/src/stm32g4xx_hal_spi.c ****           hspi->hdmatx->XferAbortCallback = SPI_DMAAbortOnError;
2830:platform/HAL/src/stm32g4xx_hal_spi.c ****           if (HAL_OK != HAL_DMA_Abort_IT(hspi->hdmatx))
2831:platform/HAL/src/stm32g4xx_hal_spi.c ****           {
2832:platform/HAL/src/stm32g4xx_hal_spi.c ****             SET_BIT(hspi->ErrorCode, HAL_SPI_ERROR_ABORT);
2833:platform/HAL/src/stm32g4xx_hal_spi.c ****           }
2834:platform/HAL/src/stm32g4xx_hal_spi.c ****         }
2835:platform/HAL/src/stm32g4xx_hal_spi.c ****       }
2836:platform/HAL/src/stm32g4xx_hal_spi.c ****       else
2837:platform/HAL/src/stm32g4xx_hal_spi.c ****       {
2838:platform/HAL/src/stm32g4xx_hal_spi.c ****         /* Call user error callback */
2839:platform/HAL/src/stm32g4xx_hal_spi.c **** #if (USE_HAL_SPI_REGISTER_CALLBACKS == 1U)
2840:platform/HAL/src/stm32g4xx_hal_spi.c ****         hspi->ErrorCallback(hspi);
2841:platform/HAL/src/stm32g4xx_hal_spi.c **** #else
2842:platform/HAL/src/stm32g4xx_hal_spi.c ****         HAL_SPI_ErrorCallback(hspi);
2843:platform/HAL/src/stm32g4xx_hal_spi.c **** #endif /* USE_HAL_SPI_REGISTER_CALLBACKS */
2844:platform/HAL/src/stm32g4xx_hal_spi.c ****       }
2845:platform/HAL/src/stm32g4xx_hal_spi.c ****     }
2846:platform/HAL/src/stm32g4xx_hal_spi.c ****     return;
2847:platform/HAL/src/stm32g4xx_hal_spi.c ****   }
2848:platform/HAL/src/stm32g4xx_hal_spi.c **** }
2849:platform/HAL/src/stm32g4xx_hal_spi.c **** 
2850:platform/HAL/src/stm32g4xx_hal_spi.c **** /**
2851:platform/HAL/src/stm32g4xx_hal_spi.c ****   * @brief  Tx Transfer completed callback.
2852:platform/HAL/src/stm32g4xx_hal_spi.c ****   * @param  hspi pointer to a SPI_HandleTypeDef structure that contains
2853:platform/HAL/src/stm32g4xx_hal_spi.c ****   *               the configuration information for SPI module.
2854:platform/HAL/src/stm32g4xx_hal_spi.c ****   * @retval None
2855:platform/HAL/src/stm32g4xx_hal_spi.c ****   */
2856:platform/HAL/src/stm32g4xx_hal_spi.c **** __weak void HAL_SPI_TxCpltCallback(SPI_HandleTypeDef *hspi)
2857:platform/HAL/src/stm32g4xx_hal_spi.c **** {
2858:platform/HAL/src/stm32g4xx_hal_spi.c ****   /* Prevent unused argument(s) compilation warning */
2859:platform/HAL/src/stm32g4xx_hal_spi.c ****   UNUSED(hspi);
2860:platform/HAL/src/stm32g4xx_hal_spi.c **** 
2861:platform/HAL/src/stm32g4xx_hal_spi.c ****   /* NOTE : This function should not be modified, when the callback is needed,
2862:platform/HAL/src/stm32g4xx_hal_spi.c ****             the HAL_SPI_TxCpltCallback should be implemented in the user file
2863:platform/HAL/src/stm32g4xx_hal_spi.c ****    */
2864:platform/HAL/src/stm32g4xx_hal_spi.c **** }
2865:platform/HAL/src/stm32g4xx_hal_spi.c **** 
2866:platform/HAL/src/stm32g4xx_hal_spi.c **** /**
2867:platform/HAL/src/stm32g4xx_hal_spi.c ****   * @brief  Rx Transfer completed callback.
2868:platform/HAL/src/stm32g4xx_hal_spi.c ****   * @param  hspi pointer to a SPI_HandleTypeDef structure that contains
2869:platform/HAL/src/stm32g4xx_hal_spi.c ****   *               the configuration information for SPI module.
2870:platform/HAL/src/stm32g4xx_hal_spi.c ****   * @retval None
2871:platform/HAL/src/stm32g4xx_hal_spi.c ****   */
2872:platform/HAL/src/stm32g4xx_hal_spi.c **** __weak void HAL_SPI_RxCpltCallback(SPI_HandleTypeDef *hspi)
2873:platform/HAL/src/stm32g4xx_hal_spi.c **** {
2874:platform/HAL/src/stm32g4xx_hal_spi.c ****   /* Prevent unused argument(s) compilation warning */
2875:platform/HAL/src/stm32g4xx_hal_spi.c ****   UNUSED(hspi);
2876:platform/HAL/src/stm32g4xx_hal_spi.c **** 
2877:platform/HAL/src/stm32g4xx_hal_spi.c ****   /* NOTE : This function should not be modified, when the callback is needed,
2878:platform/HAL/src/stm32g4xx_hal_spi.c ****             the HAL_SPI_RxCpltCallback should be implemented in the user file
2879:platform/HAL/src/stm32g4xx_hal_spi.c ****    */
2880:platform/HAL/src/stm32g4xx_hal_spi.c **** }
ARM GAS  /tmp/ccMpXq91.s 			page 52


2881:platform/HAL/src/stm32g4xx_hal_spi.c **** 
2882:platform/HAL/src/stm32g4xx_hal_spi.c **** /**
2883:platform/HAL/src/stm32g4xx_hal_spi.c ****   * @brief  Tx and Rx Transfer completed callback.
2884:platform/HAL/src/stm32g4xx_hal_spi.c ****   * @param  hspi pointer to a SPI_HandleTypeDef structure that contains
2885:platform/HAL/src/stm32g4xx_hal_spi.c ****   *               the configuration information for SPI module.
2886:platform/HAL/src/stm32g4xx_hal_spi.c ****   * @retval None
2887:platform/HAL/src/stm32g4xx_hal_spi.c ****   */
2888:platform/HAL/src/stm32g4xx_hal_spi.c **** __weak void HAL_SPI_TxRxCpltCallback(SPI_HandleTypeDef *hspi)
2889:platform/HAL/src/stm32g4xx_hal_spi.c **** {
2890:platform/HAL/src/stm32g4xx_hal_spi.c ****   /* Prevent unused argument(s) compilation warning */
2891:platform/HAL/src/stm32g4xx_hal_spi.c ****   UNUSED(hspi);
2892:platform/HAL/src/stm32g4xx_hal_spi.c **** 
2893:platform/HAL/src/stm32g4xx_hal_spi.c ****   /* NOTE : This function should not be modified, when the callback is needed,
2894:platform/HAL/src/stm32g4xx_hal_spi.c ****             the HAL_SPI_TxRxCpltCallback should be implemented in the user file
2895:platform/HAL/src/stm32g4xx_hal_spi.c ****    */
2896:platform/HAL/src/stm32g4xx_hal_spi.c **** }
2897:platform/HAL/src/stm32g4xx_hal_spi.c **** 
2898:platform/HAL/src/stm32g4xx_hal_spi.c **** /**
2899:platform/HAL/src/stm32g4xx_hal_spi.c ****   * @brief  Tx Half Transfer completed callback.
2900:platform/HAL/src/stm32g4xx_hal_spi.c ****   * @param  hspi pointer to a SPI_HandleTypeDef structure that contains
2901:platform/HAL/src/stm32g4xx_hal_spi.c ****   *               the configuration information for SPI module.
2902:platform/HAL/src/stm32g4xx_hal_spi.c ****   * @retval None
2903:platform/HAL/src/stm32g4xx_hal_spi.c ****   */
2904:platform/HAL/src/stm32g4xx_hal_spi.c **** __weak void HAL_SPI_TxHalfCpltCallback(SPI_HandleTypeDef *hspi)
2905:platform/HAL/src/stm32g4xx_hal_spi.c **** {
2906:platform/HAL/src/stm32g4xx_hal_spi.c ****   /* Prevent unused argument(s) compilation warning */
2907:platform/HAL/src/stm32g4xx_hal_spi.c ****   UNUSED(hspi);
2908:platform/HAL/src/stm32g4xx_hal_spi.c **** 
2909:platform/HAL/src/stm32g4xx_hal_spi.c ****   /* NOTE : This function should not be modified, when the callback is needed,
2910:platform/HAL/src/stm32g4xx_hal_spi.c ****             the HAL_SPI_TxHalfCpltCallback should be implemented in the user file
2911:platform/HAL/src/stm32g4xx_hal_spi.c ****    */
2912:platform/HAL/src/stm32g4xx_hal_spi.c **** }
2913:platform/HAL/src/stm32g4xx_hal_spi.c **** 
2914:platform/HAL/src/stm32g4xx_hal_spi.c **** /**
2915:platform/HAL/src/stm32g4xx_hal_spi.c ****   * @brief  Rx Half Transfer completed callback.
2916:platform/HAL/src/stm32g4xx_hal_spi.c ****   * @param  hspi pointer to a SPI_HandleTypeDef structure that contains
2917:platform/HAL/src/stm32g4xx_hal_spi.c ****   *               the configuration information for SPI module.
2918:platform/HAL/src/stm32g4xx_hal_spi.c ****   * @retval None
2919:platform/HAL/src/stm32g4xx_hal_spi.c ****   */
2920:platform/HAL/src/stm32g4xx_hal_spi.c **** __weak void HAL_SPI_RxHalfCpltCallback(SPI_HandleTypeDef *hspi)
2921:platform/HAL/src/stm32g4xx_hal_spi.c **** {
2922:platform/HAL/src/stm32g4xx_hal_spi.c ****   /* Prevent unused argument(s) compilation warning */
2923:platform/HAL/src/stm32g4xx_hal_spi.c ****   UNUSED(hspi);
2924:platform/HAL/src/stm32g4xx_hal_spi.c **** 
2925:platform/HAL/src/stm32g4xx_hal_spi.c ****   /* NOTE : This function should not be modified, when the callback is needed,
2926:platform/HAL/src/stm32g4xx_hal_spi.c ****             the HAL_SPI_RxHalfCpltCallback() should be implemented in the user file
2927:platform/HAL/src/stm32g4xx_hal_spi.c ****    */
2928:platform/HAL/src/stm32g4xx_hal_spi.c **** }
2929:platform/HAL/src/stm32g4xx_hal_spi.c **** 
2930:platform/HAL/src/stm32g4xx_hal_spi.c **** /**
2931:platform/HAL/src/stm32g4xx_hal_spi.c ****   * @brief  Tx and Rx Half Transfer callback.
2932:platform/HAL/src/stm32g4xx_hal_spi.c ****   * @param  hspi pointer to a SPI_HandleTypeDef structure that contains
2933:platform/HAL/src/stm32g4xx_hal_spi.c ****   *               the configuration information for SPI module.
2934:platform/HAL/src/stm32g4xx_hal_spi.c ****   * @retval None
2935:platform/HAL/src/stm32g4xx_hal_spi.c ****   */
2936:platform/HAL/src/stm32g4xx_hal_spi.c **** __weak void HAL_SPI_TxRxHalfCpltCallback(SPI_HandleTypeDef *hspi)
2937:platform/HAL/src/stm32g4xx_hal_spi.c **** {
ARM GAS  /tmp/ccMpXq91.s 			page 53


2938:platform/HAL/src/stm32g4xx_hal_spi.c ****   /* Prevent unused argument(s) compilation warning */
2939:platform/HAL/src/stm32g4xx_hal_spi.c ****   UNUSED(hspi);
2940:platform/HAL/src/stm32g4xx_hal_spi.c **** 
2941:platform/HAL/src/stm32g4xx_hal_spi.c ****   /* NOTE : This function should not be modified, when the callback is needed,
2942:platform/HAL/src/stm32g4xx_hal_spi.c ****             the HAL_SPI_TxRxHalfCpltCallback() should be implemented in the user file
2943:platform/HAL/src/stm32g4xx_hal_spi.c ****    */
2944:platform/HAL/src/stm32g4xx_hal_spi.c **** }
2945:platform/HAL/src/stm32g4xx_hal_spi.c **** 
2946:platform/HAL/src/stm32g4xx_hal_spi.c **** /**
2947:platform/HAL/src/stm32g4xx_hal_spi.c ****   * @brief  SPI error callback.
2948:platform/HAL/src/stm32g4xx_hal_spi.c ****   * @param  hspi pointer to a SPI_HandleTypeDef structure that contains
2949:platform/HAL/src/stm32g4xx_hal_spi.c ****   *               the configuration information for SPI module.
2950:platform/HAL/src/stm32g4xx_hal_spi.c ****   * @retval None
2951:platform/HAL/src/stm32g4xx_hal_spi.c ****   */
2952:platform/HAL/src/stm32g4xx_hal_spi.c **** __weak void HAL_SPI_ErrorCallback(SPI_HandleTypeDef *hspi)
2953:platform/HAL/src/stm32g4xx_hal_spi.c **** {
2954:platform/HAL/src/stm32g4xx_hal_spi.c ****   /* Prevent unused argument(s) compilation warning */
2955:platform/HAL/src/stm32g4xx_hal_spi.c ****   UNUSED(hspi);
2956:platform/HAL/src/stm32g4xx_hal_spi.c **** 
2957:platform/HAL/src/stm32g4xx_hal_spi.c ****   /* NOTE : This function should not be modified, when the callback is needed,
2958:platform/HAL/src/stm32g4xx_hal_spi.c ****             the HAL_SPI_ErrorCallback should be implemented in the user file
2959:platform/HAL/src/stm32g4xx_hal_spi.c ****    */
2960:platform/HAL/src/stm32g4xx_hal_spi.c ****   /* NOTE : The ErrorCode parameter in the hspi handle is updated by the SPI processes
2961:platform/HAL/src/stm32g4xx_hal_spi.c ****             and user can use HAL_SPI_GetError() API to check the latest error occurred
2962:platform/HAL/src/stm32g4xx_hal_spi.c ****    */
2963:platform/HAL/src/stm32g4xx_hal_spi.c **** }
2964:platform/HAL/src/stm32g4xx_hal_spi.c **** 
2965:platform/HAL/src/stm32g4xx_hal_spi.c **** /**
2966:platform/HAL/src/stm32g4xx_hal_spi.c ****   * @brief  SPI Abort Complete callback.
2967:platform/HAL/src/stm32g4xx_hal_spi.c ****   * @param  hspi SPI handle.
2968:platform/HAL/src/stm32g4xx_hal_spi.c ****   * @retval None
2969:platform/HAL/src/stm32g4xx_hal_spi.c ****   */
2970:platform/HAL/src/stm32g4xx_hal_spi.c **** __weak void HAL_SPI_AbortCpltCallback(SPI_HandleTypeDef *hspi)
2971:platform/HAL/src/stm32g4xx_hal_spi.c **** {
2972:platform/HAL/src/stm32g4xx_hal_spi.c ****   /* Prevent unused argument(s) compilation warning */
2973:platform/HAL/src/stm32g4xx_hal_spi.c ****   UNUSED(hspi);
2974:platform/HAL/src/stm32g4xx_hal_spi.c **** 
2975:platform/HAL/src/stm32g4xx_hal_spi.c ****   /* NOTE : This function should not be modified, when the callback is needed,
2976:platform/HAL/src/stm32g4xx_hal_spi.c ****             the HAL_SPI_AbortCpltCallback can be implemented in the user file.
2977:platform/HAL/src/stm32g4xx_hal_spi.c ****    */
2978:platform/HAL/src/stm32g4xx_hal_spi.c **** }
2979:platform/HAL/src/stm32g4xx_hal_spi.c **** 
2980:platform/HAL/src/stm32g4xx_hal_spi.c **** /**
2981:platform/HAL/src/stm32g4xx_hal_spi.c ****   * @}
2982:platform/HAL/src/stm32g4xx_hal_spi.c ****   */
2983:platform/HAL/src/stm32g4xx_hal_spi.c **** 
2984:platform/HAL/src/stm32g4xx_hal_spi.c **** /** @defgroup SPI_Exported_Functions_Group3 Peripheral State and Errors functions
2985:platform/HAL/src/stm32g4xx_hal_spi.c ****   * @brief   SPI control functions
2986:platform/HAL/src/stm32g4xx_hal_spi.c ****   *
2987:platform/HAL/src/stm32g4xx_hal_spi.c **** @verbatim
2988:platform/HAL/src/stm32g4xx_hal_spi.c ****  ===============================================================================
2989:platform/HAL/src/stm32g4xx_hal_spi.c ****                       ##### Peripheral State and Errors functions #####
2990:platform/HAL/src/stm32g4xx_hal_spi.c ****  ===============================================================================
2991:platform/HAL/src/stm32g4xx_hal_spi.c ****     [..]
2992:platform/HAL/src/stm32g4xx_hal_spi.c ****     This subsection provides a set of functions allowing to control the SPI.
2993:platform/HAL/src/stm32g4xx_hal_spi.c ****      (+) HAL_SPI_GetState() API can be helpful to check in run-time the state of the SPI peripheral
2994:platform/HAL/src/stm32g4xx_hal_spi.c ****      (+) HAL_SPI_GetError() check in run-time Errors occurring during communication
ARM GAS  /tmp/ccMpXq91.s 			page 54


2995:platform/HAL/src/stm32g4xx_hal_spi.c **** @endverbatim
2996:platform/HAL/src/stm32g4xx_hal_spi.c ****   * @{
2997:platform/HAL/src/stm32g4xx_hal_spi.c ****   */
2998:platform/HAL/src/stm32g4xx_hal_spi.c **** 
2999:platform/HAL/src/stm32g4xx_hal_spi.c **** /**
3000:platform/HAL/src/stm32g4xx_hal_spi.c ****   * @brief  Return the SPI handle state.
3001:platform/HAL/src/stm32g4xx_hal_spi.c ****   * @param  hspi pointer to a SPI_HandleTypeDef structure that contains
3002:platform/HAL/src/stm32g4xx_hal_spi.c ****   *               the configuration information for SPI module.
3003:platform/HAL/src/stm32g4xx_hal_spi.c ****   * @retval SPI state
3004:platform/HAL/src/stm32g4xx_hal_spi.c ****   */
3005:platform/HAL/src/stm32g4xx_hal_spi.c **** HAL_SPI_StateTypeDef HAL_SPI_GetState(const SPI_HandleTypeDef *hspi)
3006:platform/HAL/src/stm32g4xx_hal_spi.c **** {
3007:platform/HAL/src/stm32g4xx_hal_spi.c ****   /* Return SPI handle state */
3008:platform/HAL/src/stm32g4xx_hal_spi.c ****   return hspi->State;
3009:platform/HAL/src/stm32g4xx_hal_spi.c **** }
3010:platform/HAL/src/stm32g4xx_hal_spi.c **** 
3011:platform/HAL/src/stm32g4xx_hal_spi.c **** /**
3012:platform/HAL/src/stm32g4xx_hal_spi.c ****   * @brief  Return the SPI error code.
3013:platform/HAL/src/stm32g4xx_hal_spi.c ****   * @param  hspi pointer to a SPI_HandleTypeDef structure that contains
3014:platform/HAL/src/stm32g4xx_hal_spi.c ****   *               the configuration information for SPI module.
3015:platform/HAL/src/stm32g4xx_hal_spi.c ****   * @retval SPI error code in bitmap format
3016:platform/HAL/src/stm32g4xx_hal_spi.c ****   */
3017:platform/HAL/src/stm32g4xx_hal_spi.c **** uint32_t HAL_SPI_GetError(const SPI_HandleTypeDef *hspi)
3018:platform/HAL/src/stm32g4xx_hal_spi.c **** {
3019:platform/HAL/src/stm32g4xx_hal_spi.c ****   /* Return SPI ErrorCode */
3020:platform/HAL/src/stm32g4xx_hal_spi.c ****   return hspi->ErrorCode;
3021:platform/HAL/src/stm32g4xx_hal_spi.c **** }
3022:platform/HAL/src/stm32g4xx_hal_spi.c **** 
3023:platform/HAL/src/stm32g4xx_hal_spi.c **** /**
3024:platform/HAL/src/stm32g4xx_hal_spi.c ****   * @}
3025:platform/HAL/src/stm32g4xx_hal_spi.c ****   */
3026:platform/HAL/src/stm32g4xx_hal_spi.c **** 
3027:platform/HAL/src/stm32g4xx_hal_spi.c **** /**
3028:platform/HAL/src/stm32g4xx_hal_spi.c ****   * @}
3029:platform/HAL/src/stm32g4xx_hal_spi.c ****   */
3030:platform/HAL/src/stm32g4xx_hal_spi.c **** 
3031:platform/HAL/src/stm32g4xx_hal_spi.c **** /** @addtogroup SPI_Private_Functions
3032:platform/HAL/src/stm32g4xx_hal_spi.c ****   * @brief   Private functions
3033:platform/HAL/src/stm32g4xx_hal_spi.c ****   * @{
3034:platform/HAL/src/stm32g4xx_hal_spi.c ****   */
3035:platform/HAL/src/stm32g4xx_hal_spi.c **** 
3036:platform/HAL/src/stm32g4xx_hal_spi.c **** /**
3037:platform/HAL/src/stm32g4xx_hal_spi.c ****   * @brief  DMA SPI transmit process complete callback.
3038:platform/HAL/src/stm32g4xx_hal_spi.c ****   * @param  hdma pointer to a DMA_HandleTypeDef structure that contains
3039:platform/HAL/src/stm32g4xx_hal_spi.c ****   *               the configuration information for the specified DMA module.
3040:platform/HAL/src/stm32g4xx_hal_spi.c ****   * @retval None
3041:platform/HAL/src/stm32g4xx_hal_spi.c ****   */
3042:platform/HAL/src/stm32g4xx_hal_spi.c **** static void SPI_DMATransmitCplt(DMA_HandleTypeDef *hdma)
3043:platform/HAL/src/stm32g4xx_hal_spi.c **** {
3044:platform/HAL/src/stm32g4xx_hal_spi.c ****   SPI_HandleTypeDef *hspi = (SPI_HandleTypeDef *)(((DMA_HandleTypeDef *)hdma)->Parent);
3045:platform/HAL/src/stm32g4xx_hal_spi.c ****   uint32_t tickstart;
3046:platform/HAL/src/stm32g4xx_hal_spi.c **** 
3047:platform/HAL/src/stm32g4xx_hal_spi.c ****   /* Init tickstart for timeout management*/
3048:platform/HAL/src/stm32g4xx_hal_spi.c ****   tickstart = HAL_GetTick();
3049:platform/HAL/src/stm32g4xx_hal_spi.c **** 
3050:platform/HAL/src/stm32g4xx_hal_spi.c ****   /* DMA Normal Mode */
3051:platform/HAL/src/stm32g4xx_hal_spi.c ****   if ((hdma->Instance->CCR & DMA_CCR_CIRC) != DMA_CCR_CIRC)
ARM GAS  /tmp/ccMpXq91.s 			page 55


3052:platform/HAL/src/stm32g4xx_hal_spi.c ****   {
3053:platform/HAL/src/stm32g4xx_hal_spi.c ****     /* Disable ERR interrupt */
3054:platform/HAL/src/stm32g4xx_hal_spi.c ****     __HAL_SPI_DISABLE_IT(hspi, SPI_IT_ERR);
3055:platform/HAL/src/stm32g4xx_hal_spi.c **** 
3056:platform/HAL/src/stm32g4xx_hal_spi.c ****     /* Disable Tx DMA Request */
3057:platform/HAL/src/stm32g4xx_hal_spi.c ****     CLEAR_BIT(hspi->Instance->CR2, SPI_CR2_TXDMAEN);
3058:platform/HAL/src/stm32g4xx_hal_spi.c **** 
3059:platform/HAL/src/stm32g4xx_hal_spi.c ****     /* Check the end of the transaction */
3060:platform/HAL/src/stm32g4xx_hal_spi.c ****     if (SPI_EndRxTxTransaction(hspi, SPI_DEFAULT_TIMEOUT, tickstart) != HAL_OK)
3061:platform/HAL/src/stm32g4xx_hal_spi.c ****     {
3062:platform/HAL/src/stm32g4xx_hal_spi.c ****       SET_BIT(hspi->ErrorCode, HAL_SPI_ERROR_FLAG);
3063:platform/HAL/src/stm32g4xx_hal_spi.c ****     }
3064:platform/HAL/src/stm32g4xx_hal_spi.c **** 
3065:platform/HAL/src/stm32g4xx_hal_spi.c ****     /* Clear overrun flag in 2 Lines communication mode because received data is not read */
3066:platform/HAL/src/stm32g4xx_hal_spi.c ****     if (hspi->Init.Direction == SPI_DIRECTION_2LINES)
3067:platform/HAL/src/stm32g4xx_hal_spi.c ****     {
3068:platform/HAL/src/stm32g4xx_hal_spi.c ****       __HAL_SPI_CLEAR_OVRFLAG(hspi);
3069:platform/HAL/src/stm32g4xx_hal_spi.c ****     }
3070:platform/HAL/src/stm32g4xx_hal_spi.c **** 
3071:platform/HAL/src/stm32g4xx_hal_spi.c ****     hspi->TxXferCount = 0U;
3072:platform/HAL/src/stm32g4xx_hal_spi.c ****     hspi->State = HAL_SPI_STATE_READY;
3073:platform/HAL/src/stm32g4xx_hal_spi.c **** 
3074:platform/HAL/src/stm32g4xx_hal_spi.c ****     if (hspi->ErrorCode != HAL_SPI_ERROR_NONE)
3075:platform/HAL/src/stm32g4xx_hal_spi.c ****     {
3076:platform/HAL/src/stm32g4xx_hal_spi.c ****       /* Call user error callback */
3077:platform/HAL/src/stm32g4xx_hal_spi.c **** #if (USE_HAL_SPI_REGISTER_CALLBACKS == 1U)
3078:platform/HAL/src/stm32g4xx_hal_spi.c ****       hspi->ErrorCallback(hspi);
3079:platform/HAL/src/stm32g4xx_hal_spi.c **** #else
3080:platform/HAL/src/stm32g4xx_hal_spi.c ****       HAL_SPI_ErrorCallback(hspi);
3081:platform/HAL/src/stm32g4xx_hal_spi.c **** #endif /* USE_HAL_SPI_REGISTER_CALLBACKS */
3082:platform/HAL/src/stm32g4xx_hal_spi.c ****       return;
3083:platform/HAL/src/stm32g4xx_hal_spi.c ****     }
3084:platform/HAL/src/stm32g4xx_hal_spi.c ****   }
3085:platform/HAL/src/stm32g4xx_hal_spi.c ****   /* Call user Tx complete callback */
3086:platform/HAL/src/stm32g4xx_hal_spi.c **** #if (USE_HAL_SPI_REGISTER_CALLBACKS == 1U)
3087:platform/HAL/src/stm32g4xx_hal_spi.c ****   hspi->TxCpltCallback(hspi);
3088:platform/HAL/src/stm32g4xx_hal_spi.c **** #else
3089:platform/HAL/src/stm32g4xx_hal_spi.c ****   HAL_SPI_TxCpltCallback(hspi);
3090:platform/HAL/src/stm32g4xx_hal_spi.c **** #endif /* USE_HAL_SPI_REGISTER_CALLBACKS */
3091:platform/HAL/src/stm32g4xx_hal_spi.c **** }
3092:platform/HAL/src/stm32g4xx_hal_spi.c **** 
3093:platform/HAL/src/stm32g4xx_hal_spi.c **** /**
3094:platform/HAL/src/stm32g4xx_hal_spi.c ****   * @brief  DMA SPI receive process complete callback.
3095:platform/HAL/src/stm32g4xx_hal_spi.c ****   * @param  hdma pointer to a DMA_HandleTypeDef structure that contains
3096:platform/HAL/src/stm32g4xx_hal_spi.c ****   *               the configuration information for the specified DMA module.
3097:platform/HAL/src/stm32g4xx_hal_spi.c ****   * @retval None
3098:platform/HAL/src/stm32g4xx_hal_spi.c ****   */
3099:platform/HAL/src/stm32g4xx_hal_spi.c **** static void SPI_DMAReceiveCplt(DMA_HandleTypeDef *hdma)
3100:platform/HAL/src/stm32g4xx_hal_spi.c **** {
3101:platform/HAL/src/stm32g4xx_hal_spi.c ****   SPI_HandleTypeDef *hspi = (SPI_HandleTypeDef *)(((DMA_HandleTypeDef *)hdma)->Parent);
3102:platform/HAL/src/stm32g4xx_hal_spi.c ****   uint32_t tickstart;
3103:platform/HAL/src/stm32g4xx_hal_spi.c **** #if (USE_SPI_CRC != 0U)
3104:platform/HAL/src/stm32g4xx_hal_spi.c ****   __IO uint32_t tmpreg = 0U;
3105:platform/HAL/src/stm32g4xx_hal_spi.c ****   __IO uint8_t  *ptmpreg8;
3106:platform/HAL/src/stm32g4xx_hal_spi.c ****   __IO uint8_t  tmpreg8 = 0;
3107:platform/HAL/src/stm32g4xx_hal_spi.c **** #endif /* USE_SPI_CRC */
3108:platform/HAL/src/stm32g4xx_hal_spi.c **** 
ARM GAS  /tmp/ccMpXq91.s 			page 56


3109:platform/HAL/src/stm32g4xx_hal_spi.c ****   /* Init tickstart for timeout management*/
3110:platform/HAL/src/stm32g4xx_hal_spi.c ****   tickstart = HAL_GetTick();
3111:platform/HAL/src/stm32g4xx_hal_spi.c **** 
3112:platform/HAL/src/stm32g4xx_hal_spi.c ****   /* DMA Normal Mode */
3113:platform/HAL/src/stm32g4xx_hal_spi.c ****   if ((hdma->Instance->CCR & DMA_CCR_CIRC) != DMA_CCR_CIRC)
3114:platform/HAL/src/stm32g4xx_hal_spi.c ****   {
3115:platform/HAL/src/stm32g4xx_hal_spi.c ****     /* Disable ERR interrupt */
3116:platform/HAL/src/stm32g4xx_hal_spi.c ****     __HAL_SPI_DISABLE_IT(hspi, SPI_IT_ERR);
3117:platform/HAL/src/stm32g4xx_hal_spi.c **** 
3118:platform/HAL/src/stm32g4xx_hal_spi.c **** #if (USE_SPI_CRC != 0U)
3119:platform/HAL/src/stm32g4xx_hal_spi.c ****     /* CRC handling */
3120:platform/HAL/src/stm32g4xx_hal_spi.c ****     if (hspi->Init.CRCCalculation == SPI_CRCCALCULATION_ENABLE)
3121:platform/HAL/src/stm32g4xx_hal_spi.c ****     {
3122:platform/HAL/src/stm32g4xx_hal_spi.c ****       /* Wait until RXNE flag */
3123:platform/HAL/src/stm32g4xx_hal_spi.c ****       if (SPI_WaitFlagStateUntilTimeout(hspi, SPI_FLAG_RXNE, SET, SPI_DEFAULT_TIMEOUT, tickstart) !
3124:platform/HAL/src/stm32g4xx_hal_spi.c ****       {
3125:platform/HAL/src/stm32g4xx_hal_spi.c ****         /* Error on the CRC reception */
3126:platform/HAL/src/stm32g4xx_hal_spi.c ****         SET_BIT(hspi->ErrorCode, HAL_SPI_ERROR_CRC);
3127:platform/HAL/src/stm32g4xx_hal_spi.c ****       }
3128:platform/HAL/src/stm32g4xx_hal_spi.c ****       /* Read CRC */
3129:platform/HAL/src/stm32g4xx_hal_spi.c ****       if (hspi->Init.DataSize > SPI_DATASIZE_8BIT)
3130:platform/HAL/src/stm32g4xx_hal_spi.c ****       {
3131:platform/HAL/src/stm32g4xx_hal_spi.c ****         /* Read 16bit CRC */
3132:platform/HAL/src/stm32g4xx_hal_spi.c ****         tmpreg = READ_REG(hspi->Instance->DR);
3133:platform/HAL/src/stm32g4xx_hal_spi.c ****         /* To avoid GCC warning */
3134:platform/HAL/src/stm32g4xx_hal_spi.c ****         UNUSED(tmpreg);
3135:platform/HAL/src/stm32g4xx_hal_spi.c ****       }
3136:platform/HAL/src/stm32g4xx_hal_spi.c ****       else
3137:platform/HAL/src/stm32g4xx_hal_spi.c ****       {
3138:platform/HAL/src/stm32g4xx_hal_spi.c ****         /* Initialize the 8bit temporary pointer */
3139:platform/HAL/src/stm32g4xx_hal_spi.c ****         ptmpreg8 = (__IO uint8_t *)&hspi->Instance->DR;
3140:platform/HAL/src/stm32g4xx_hal_spi.c ****         /* Read 8bit CRC */
3141:platform/HAL/src/stm32g4xx_hal_spi.c ****         tmpreg8 = *ptmpreg8;
3142:platform/HAL/src/stm32g4xx_hal_spi.c ****         /* To avoid GCC warning */
3143:platform/HAL/src/stm32g4xx_hal_spi.c ****         UNUSED(tmpreg8);
3144:platform/HAL/src/stm32g4xx_hal_spi.c **** 
3145:platform/HAL/src/stm32g4xx_hal_spi.c ****         if (hspi->Init.CRCLength == SPI_CRC_LENGTH_16BIT)
3146:platform/HAL/src/stm32g4xx_hal_spi.c ****         {
3147:platform/HAL/src/stm32g4xx_hal_spi.c ****           if (SPI_WaitFlagStateUntilTimeout(hspi, SPI_FLAG_RXNE, SET, SPI_DEFAULT_TIMEOUT, tickstar
3148:platform/HAL/src/stm32g4xx_hal_spi.c ****           {
3149:platform/HAL/src/stm32g4xx_hal_spi.c ****             /* Error on the CRC reception */
3150:platform/HAL/src/stm32g4xx_hal_spi.c ****             SET_BIT(hspi->ErrorCode, HAL_SPI_ERROR_CRC);
3151:platform/HAL/src/stm32g4xx_hal_spi.c ****           }
3152:platform/HAL/src/stm32g4xx_hal_spi.c ****           /* Read 8bit CRC again in case of 16bit CRC in 8bit Data mode */
3153:platform/HAL/src/stm32g4xx_hal_spi.c ****           tmpreg8 = *ptmpreg8;
3154:platform/HAL/src/stm32g4xx_hal_spi.c ****           /* To avoid GCC warning */
3155:platform/HAL/src/stm32g4xx_hal_spi.c ****           UNUSED(tmpreg8);
3156:platform/HAL/src/stm32g4xx_hal_spi.c ****         }
3157:platform/HAL/src/stm32g4xx_hal_spi.c ****       }
3158:platform/HAL/src/stm32g4xx_hal_spi.c ****     }
3159:platform/HAL/src/stm32g4xx_hal_spi.c **** #endif /* USE_SPI_CRC */
3160:platform/HAL/src/stm32g4xx_hal_spi.c **** 
3161:platform/HAL/src/stm32g4xx_hal_spi.c ****     /* Check if we are in Master RX 2 line mode */
3162:platform/HAL/src/stm32g4xx_hal_spi.c ****     if ((hspi->Init.Direction == SPI_DIRECTION_2LINES) && (hspi->Init.Mode == SPI_MODE_MASTER))
3163:platform/HAL/src/stm32g4xx_hal_spi.c ****     {
3164:platform/HAL/src/stm32g4xx_hal_spi.c ****       /* Disable Rx/Tx DMA Request (done by default to handle the case master rx direction 2 lines)
3165:platform/HAL/src/stm32g4xx_hal_spi.c ****       CLEAR_BIT(hspi->Instance->CR2, SPI_CR2_TXDMAEN | SPI_CR2_RXDMAEN);
ARM GAS  /tmp/ccMpXq91.s 			page 57


3166:platform/HAL/src/stm32g4xx_hal_spi.c ****     }
3167:platform/HAL/src/stm32g4xx_hal_spi.c ****     else
3168:platform/HAL/src/stm32g4xx_hal_spi.c ****     {
3169:platform/HAL/src/stm32g4xx_hal_spi.c ****       /* Normal case */
3170:platform/HAL/src/stm32g4xx_hal_spi.c ****       CLEAR_BIT(hspi->Instance->CR2, SPI_CR2_RXDMAEN);
3171:platform/HAL/src/stm32g4xx_hal_spi.c ****     }
3172:platform/HAL/src/stm32g4xx_hal_spi.c **** 
3173:platform/HAL/src/stm32g4xx_hal_spi.c ****     /* Check the end of the transaction */
3174:platform/HAL/src/stm32g4xx_hal_spi.c ****     if (SPI_EndRxTransaction(hspi, SPI_DEFAULT_TIMEOUT, tickstart) != HAL_OK)
3175:platform/HAL/src/stm32g4xx_hal_spi.c ****     {
3176:platform/HAL/src/stm32g4xx_hal_spi.c ****       hspi->ErrorCode = HAL_SPI_ERROR_FLAG;
3177:platform/HAL/src/stm32g4xx_hal_spi.c ****     }
3178:platform/HAL/src/stm32g4xx_hal_spi.c **** 
3179:platform/HAL/src/stm32g4xx_hal_spi.c ****     hspi->RxXferCount = 0U;
3180:platform/HAL/src/stm32g4xx_hal_spi.c ****     hspi->State = HAL_SPI_STATE_READY;
3181:platform/HAL/src/stm32g4xx_hal_spi.c **** 
3182:platform/HAL/src/stm32g4xx_hal_spi.c **** #if (USE_SPI_CRC != 0U)
3183:platform/HAL/src/stm32g4xx_hal_spi.c ****     /* Check if CRC error occurred */
3184:platform/HAL/src/stm32g4xx_hal_spi.c ****     if (__HAL_SPI_GET_FLAG(hspi, SPI_FLAG_CRCERR))
3185:platform/HAL/src/stm32g4xx_hal_spi.c ****     {
3186:platform/HAL/src/stm32g4xx_hal_spi.c ****       SET_BIT(hspi->ErrorCode, HAL_SPI_ERROR_CRC);
3187:platform/HAL/src/stm32g4xx_hal_spi.c ****       __HAL_SPI_CLEAR_CRCERRFLAG(hspi);
3188:platform/HAL/src/stm32g4xx_hal_spi.c ****     }
3189:platform/HAL/src/stm32g4xx_hal_spi.c **** #endif /* USE_SPI_CRC */
3190:platform/HAL/src/stm32g4xx_hal_spi.c **** 
3191:platform/HAL/src/stm32g4xx_hal_spi.c ****     if (hspi->ErrorCode != HAL_SPI_ERROR_NONE)
3192:platform/HAL/src/stm32g4xx_hal_spi.c ****     {
3193:platform/HAL/src/stm32g4xx_hal_spi.c ****       /* Call user error callback */
3194:platform/HAL/src/stm32g4xx_hal_spi.c **** #if (USE_HAL_SPI_REGISTER_CALLBACKS == 1U)
3195:platform/HAL/src/stm32g4xx_hal_spi.c ****       hspi->ErrorCallback(hspi);
3196:platform/HAL/src/stm32g4xx_hal_spi.c **** #else
3197:platform/HAL/src/stm32g4xx_hal_spi.c ****       HAL_SPI_ErrorCallback(hspi);
3198:platform/HAL/src/stm32g4xx_hal_spi.c **** #endif /* USE_HAL_SPI_REGISTER_CALLBACKS */
3199:platform/HAL/src/stm32g4xx_hal_spi.c ****       return;
3200:platform/HAL/src/stm32g4xx_hal_spi.c ****     }
3201:platform/HAL/src/stm32g4xx_hal_spi.c ****   }
3202:platform/HAL/src/stm32g4xx_hal_spi.c ****   /* Call user Rx complete callback */
3203:platform/HAL/src/stm32g4xx_hal_spi.c **** #if (USE_HAL_SPI_REGISTER_CALLBACKS == 1U)
3204:platform/HAL/src/stm32g4xx_hal_spi.c ****   hspi->RxCpltCallback(hspi);
3205:platform/HAL/src/stm32g4xx_hal_spi.c **** #else
3206:platform/HAL/src/stm32g4xx_hal_spi.c ****   HAL_SPI_RxCpltCallback(hspi);
3207:platform/HAL/src/stm32g4xx_hal_spi.c **** #endif /* USE_HAL_SPI_REGISTER_CALLBACKS */
3208:platform/HAL/src/stm32g4xx_hal_spi.c **** }
3209:platform/HAL/src/stm32g4xx_hal_spi.c **** 
3210:platform/HAL/src/stm32g4xx_hal_spi.c **** /**
3211:platform/HAL/src/stm32g4xx_hal_spi.c ****   * @brief  DMA SPI transmit receive process complete callback.
3212:platform/HAL/src/stm32g4xx_hal_spi.c ****   * @param  hdma pointer to a DMA_HandleTypeDef structure that contains
3213:platform/HAL/src/stm32g4xx_hal_spi.c ****   *               the configuration information for the specified DMA module.
3214:platform/HAL/src/stm32g4xx_hal_spi.c ****   * @retval None
3215:platform/HAL/src/stm32g4xx_hal_spi.c ****   */
3216:platform/HAL/src/stm32g4xx_hal_spi.c **** static void SPI_DMATransmitReceiveCplt(DMA_HandleTypeDef *hdma)
3217:platform/HAL/src/stm32g4xx_hal_spi.c **** {
3218:platform/HAL/src/stm32g4xx_hal_spi.c ****   SPI_HandleTypeDef *hspi = (SPI_HandleTypeDef *)(((DMA_HandleTypeDef *)hdma)->Parent);
3219:platform/HAL/src/stm32g4xx_hal_spi.c ****   uint32_t tickstart;
3220:platform/HAL/src/stm32g4xx_hal_spi.c **** #if (USE_SPI_CRC != 0U)
3221:platform/HAL/src/stm32g4xx_hal_spi.c ****   __IO uint32_t tmpreg = 0U;
3222:platform/HAL/src/stm32g4xx_hal_spi.c ****   __IO uint8_t  *ptmpreg8;
ARM GAS  /tmp/ccMpXq91.s 			page 58


3223:platform/HAL/src/stm32g4xx_hal_spi.c ****   __IO uint8_t  tmpreg8 = 0;
3224:platform/HAL/src/stm32g4xx_hal_spi.c **** #endif /* USE_SPI_CRC */
3225:platform/HAL/src/stm32g4xx_hal_spi.c **** 
3226:platform/HAL/src/stm32g4xx_hal_spi.c ****   /* Init tickstart for timeout management*/
3227:platform/HAL/src/stm32g4xx_hal_spi.c ****   tickstart = HAL_GetTick();
3228:platform/HAL/src/stm32g4xx_hal_spi.c **** 
3229:platform/HAL/src/stm32g4xx_hal_spi.c ****   /* DMA Normal Mode */
3230:platform/HAL/src/stm32g4xx_hal_spi.c ****   if ((hdma->Instance->CCR & DMA_CCR_CIRC) != DMA_CCR_CIRC)
3231:platform/HAL/src/stm32g4xx_hal_spi.c ****   {
3232:platform/HAL/src/stm32g4xx_hal_spi.c ****     /* Disable ERR interrupt */
3233:platform/HAL/src/stm32g4xx_hal_spi.c ****     __HAL_SPI_DISABLE_IT(hspi, SPI_IT_ERR);
3234:platform/HAL/src/stm32g4xx_hal_spi.c **** 
3235:platform/HAL/src/stm32g4xx_hal_spi.c **** #if (USE_SPI_CRC != 0U)
3236:platform/HAL/src/stm32g4xx_hal_spi.c ****     /* CRC handling */
3237:platform/HAL/src/stm32g4xx_hal_spi.c ****     if (hspi->Init.CRCCalculation == SPI_CRCCALCULATION_ENABLE)
3238:platform/HAL/src/stm32g4xx_hal_spi.c ****     {
3239:platform/HAL/src/stm32g4xx_hal_spi.c ****       if ((hspi->Init.DataSize == SPI_DATASIZE_8BIT) && (hspi->Init.CRCLength == SPI_CRC_LENGTH_8BI
3240:platform/HAL/src/stm32g4xx_hal_spi.c ****       {
3241:platform/HAL/src/stm32g4xx_hal_spi.c ****         if (SPI_WaitFifoStateUntilTimeout(hspi, SPI_FLAG_FRLVL, SPI_FRLVL_QUARTER_FULL, SPI_DEFAULT
3242:platform/HAL/src/stm32g4xx_hal_spi.c ****                                           tickstart) != HAL_OK)
3243:platform/HAL/src/stm32g4xx_hal_spi.c ****         {
3244:platform/HAL/src/stm32g4xx_hal_spi.c ****           /* Error on the CRC reception */
3245:platform/HAL/src/stm32g4xx_hal_spi.c ****           SET_BIT(hspi->ErrorCode, HAL_SPI_ERROR_CRC);
3246:platform/HAL/src/stm32g4xx_hal_spi.c ****         }
3247:platform/HAL/src/stm32g4xx_hal_spi.c ****         /* Initialize the 8bit temporary pointer */
3248:platform/HAL/src/stm32g4xx_hal_spi.c ****         ptmpreg8 = (__IO uint8_t *)&hspi->Instance->DR;
3249:platform/HAL/src/stm32g4xx_hal_spi.c ****         /* Read 8bit CRC */
3250:platform/HAL/src/stm32g4xx_hal_spi.c ****         tmpreg8 = *ptmpreg8;
3251:platform/HAL/src/stm32g4xx_hal_spi.c ****         /* To avoid GCC warning */
3252:platform/HAL/src/stm32g4xx_hal_spi.c ****         UNUSED(tmpreg8);
3253:platform/HAL/src/stm32g4xx_hal_spi.c ****       }
3254:platform/HAL/src/stm32g4xx_hal_spi.c ****       else
3255:platform/HAL/src/stm32g4xx_hal_spi.c ****       {
3256:platform/HAL/src/stm32g4xx_hal_spi.c ****         if (SPI_WaitFifoStateUntilTimeout(hspi, SPI_FLAG_FRLVL, SPI_FRLVL_HALF_FULL, SPI_DEFAULT_TI
3257:platform/HAL/src/stm32g4xx_hal_spi.c ****                                           tickstart) != HAL_OK)
3258:platform/HAL/src/stm32g4xx_hal_spi.c ****         {
3259:platform/HAL/src/stm32g4xx_hal_spi.c ****           /* Error on the CRC reception */
3260:platform/HAL/src/stm32g4xx_hal_spi.c ****           SET_BIT(hspi->ErrorCode, HAL_SPI_ERROR_CRC);
3261:platform/HAL/src/stm32g4xx_hal_spi.c ****         }
3262:platform/HAL/src/stm32g4xx_hal_spi.c ****         /* Read CRC to Flush DR and RXNE flag */
3263:platform/HAL/src/stm32g4xx_hal_spi.c ****         tmpreg = READ_REG(hspi->Instance->DR);
3264:platform/HAL/src/stm32g4xx_hal_spi.c ****         /* To avoid GCC warning */
3265:platform/HAL/src/stm32g4xx_hal_spi.c ****         UNUSED(tmpreg);
3266:platform/HAL/src/stm32g4xx_hal_spi.c ****       }
3267:platform/HAL/src/stm32g4xx_hal_spi.c ****     }
3268:platform/HAL/src/stm32g4xx_hal_spi.c **** #endif /* USE_SPI_CRC */
3269:platform/HAL/src/stm32g4xx_hal_spi.c **** 
3270:platform/HAL/src/stm32g4xx_hal_spi.c ****     /* Check the end of the transaction */
3271:platform/HAL/src/stm32g4xx_hal_spi.c ****     if (SPI_EndRxTxTransaction(hspi, SPI_DEFAULT_TIMEOUT, tickstart) != HAL_OK)
3272:platform/HAL/src/stm32g4xx_hal_spi.c ****     {
3273:platform/HAL/src/stm32g4xx_hal_spi.c ****       SET_BIT(hspi->ErrorCode, HAL_SPI_ERROR_FLAG);
3274:platform/HAL/src/stm32g4xx_hal_spi.c ****     }
3275:platform/HAL/src/stm32g4xx_hal_spi.c **** 
3276:platform/HAL/src/stm32g4xx_hal_spi.c ****     /* Disable Rx/Tx DMA Request */
3277:platform/HAL/src/stm32g4xx_hal_spi.c ****     CLEAR_BIT(hspi->Instance->CR2, SPI_CR2_TXDMAEN | SPI_CR2_RXDMAEN);
3278:platform/HAL/src/stm32g4xx_hal_spi.c **** 
3279:platform/HAL/src/stm32g4xx_hal_spi.c ****     hspi->TxXferCount = 0U;
ARM GAS  /tmp/ccMpXq91.s 			page 59


3280:platform/HAL/src/stm32g4xx_hal_spi.c ****     hspi->RxXferCount = 0U;
3281:platform/HAL/src/stm32g4xx_hal_spi.c ****     hspi->State = HAL_SPI_STATE_READY;
3282:platform/HAL/src/stm32g4xx_hal_spi.c **** 
3283:platform/HAL/src/stm32g4xx_hal_spi.c **** #if (USE_SPI_CRC != 0U)
3284:platform/HAL/src/stm32g4xx_hal_spi.c ****     /* Check if CRC error occurred */
3285:platform/HAL/src/stm32g4xx_hal_spi.c ****     if (__HAL_SPI_GET_FLAG(hspi, SPI_FLAG_CRCERR))
3286:platform/HAL/src/stm32g4xx_hal_spi.c ****     {
3287:platform/HAL/src/stm32g4xx_hal_spi.c ****       SET_BIT(hspi->ErrorCode, HAL_SPI_ERROR_CRC);
3288:platform/HAL/src/stm32g4xx_hal_spi.c ****       __HAL_SPI_CLEAR_CRCERRFLAG(hspi);
3289:platform/HAL/src/stm32g4xx_hal_spi.c ****     }
3290:platform/HAL/src/stm32g4xx_hal_spi.c **** #endif /* USE_SPI_CRC */
3291:platform/HAL/src/stm32g4xx_hal_spi.c **** 
3292:platform/HAL/src/stm32g4xx_hal_spi.c ****     if (hspi->ErrorCode != HAL_SPI_ERROR_NONE)
3293:platform/HAL/src/stm32g4xx_hal_spi.c ****     {
3294:platform/HAL/src/stm32g4xx_hal_spi.c ****       /* Call user error callback */
3295:platform/HAL/src/stm32g4xx_hal_spi.c **** #if (USE_HAL_SPI_REGISTER_CALLBACKS == 1U)
3296:platform/HAL/src/stm32g4xx_hal_spi.c ****       hspi->ErrorCallback(hspi);
3297:platform/HAL/src/stm32g4xx_hal_spi.c **** #else
3298:platform/HAL/src/stm32g4xx_hal_spi.c ****       HAL_SPI_ErrorCallback(hspi);
3299:platform/HAL/src/stm32g4xx_hal_spi.c **** #endif /* USE_HAL_SPI_REGISTER_CALLBACKS */
3300:platform/HAL/src/stm32g4xx_hal_spi.c ****       return;
3301:platform/HAL/src/stm32g4xx_hal_spi.c ****     }
3302:platform/HAL/src/stm32g4xx_hal_spi.c ****   }
3303:platform/HAL/src/stm32g4xx_hal_spi.c ****   /* Call user TxRx complete callback */
3304:platform/HAL/src/stm32g4xx_hal_spi.c **** #if (USE_HAL_SPI_REGISTER_CALLBACKS == 1U)
3305:platform/HAL/src/stm32g4xx_hal_spi.c ****   hspi->TxRxCpltCallback(hspi);
3306:platform/HAL/src/stm32g4xx_hal_spi.c **** #else
3307:platform/HAL/src/stm32g4xx_hal_spi.c ****   HAL_SPI_TxRxCpltCallback(hspi);
3308:platform/HAL/src/stm32g4xx_hal_spi.c **** #endif /* USE_HAL_SPI_REGISTER_CALLBACKS */
3309:platform/HAL/src/stm32g4xx_hal_spi.c **** }
3310:platform/HAL/src/stm32g4xx_hal_spi.c **** 
3311:platform/HAL/src/stm32g4xx_hal_spi.c **** /**
3312:platform/HAL/src/stm32g4xx_hal_spi.c ****   * @brief  DMA SPI half transmit process complete callback.
3313:platform/HAL/src/stm32g4xx_hal_spi.c ****   * @param  hdma pointer to a DMA_HandleTypeDef structure that contains
3314:platform/HAL/src/stm32g4xx_hal_spi.c ****   *               the configuration information for the specified DMA module.
3315:platform/HAL/src/stm32g4xx_hal_spi.c ****   * @retval None
3316:platform/HAL/src/stm32g4xx_hal_spi.c ****   */
3317:platform/HAL/src/stm32g4xx_hal_spi.c **** static void SPI_DMAHalfTransmitCplt(DMA_HandleTypeDef *hdma)
3318:platform/HAL/src/stm32g4xx_hal_spi.c **** {
3319:platform/HAL/src/stm32g4xx_hal_spi.c ****   SPI_HandleTypeDef *hspi = (SPI_HandleTypeDef *)(((DMA_HandleTypeDef *)hdma)->Parent);
3320:platform/HAL/src/stm32g4xx_hal_spi.c **** 
3321:platform/HAL/src/stm32g4xx_hal_spi.c ****   /* Call user Tx half complete callback */
3322:platform/HAL/src/stm32g4xx_hal_spi.c **** #if (USE_HAL_SPI_REGISTER_CALLBACKS == 1U)
3323:platform/HAL/src/stm32g4xx_hal_spi.c ****   hspi->TxHalfCpltCallback(hspi);
3324:platform/HAL/src/stm32g4xx_hal_spi.c **** #else
3325:platform/HAL/src/stm32g4xx_hal_spi.c ****   HAL_SPI_TxHalfCpltCallback(hspi);
3326:platform/HAL/src/stm32g4xx_hal_spi.c **** #endif /* USE_HAL_SPI_REGISTER_CALLBACKS */
3327:platform/HAL/src/stm32g4xx_hal_spi.c **** }
3328:platform/HAL/src/stm32g4xx_hal_spi.c **** 
3329:platform/HAL/src/stm32g4xx_hal_spi.c **** /**
3330:platform/HAL/src/stm32g4xx_hal_spi.c ****   * @brief  DMA SPI half receive process complete callback
3331:platform/HAL/src/stm32g4xx_hal_spi.c ****   * @param  hdma pointer to a DMA_HandleTypeDef structure that contains
3332:platform/HAL/src/stm32g4xx_hal_spi.c ****   *               the configuration information for the specified DMA module.
3333:platform/HAL/src/stm32g4xx_hal_spi.c ****   * @retval None
3334:platform/HAL/src/stm32g4xx_hal_spi.c ****   */
3335:platform/HAL/src/stm32g4xx_hal_spi.c **** static void SPI_DMAHalfReceiveCplt(DMA_HandleTypeDef *hdma)
3336:platform/HAL/src/stm32g4xx_hal_spi.c **** {
ARM GAS  /tmp/ccMpXq91.s 			page 60


3337:platform/HAL/src/stm32g4xx_hal_spi.c ****   SPI_HandleTypeDef *hspi = (SPI_HandleTypeDef *)(((DMA_HandleTypeDef *)hdma)->Parent);
3338:platform/HAL/src/stm32g4xx_hal_spi.c **** 
3339:platform/HAL/src/stm32g4xx_hal_spi.c ****   /* Call user Rx half complete callback */
3340:platform/HAL/src/stm32g4xx_hal_spi.c **** #if (USE_HAL_SPI_REGISTER_CALLBACKS == 1U)
3341:platform/HAL/src/stm32g4xx_hal_spi.c ****   hspi->RxHalfCpltCallback(hspi);
3342:platform/HAL/src/stm32g4xx_hal_spi.c **** #else
3343:platform/HAL/src/stm32g4xx_hal_spi.c ****   HAL_SPI_RxHalfCpltCallback(hspi);
3344:platform/HAL/src/stm32g4xx_hal_spi.c **** #endif /* USE_HAL_SPI_REGISTER_CALLBACKS */
3345:platform/HAL/src/stm32g4xx_hal_spi.c **** }
3346:platform/HAL/src/stm32g4xx_hal_spi.c **** 
3347:platform/HAL/src/stm32g4xx_hal_spi.c **** /**
3348:platform/HAL/src/stm32g4xx_hal_spi.c ****   * @brief  DMA SPI half transmit receive process complete callback.
3349:platform/HAL/src/stm32g4xx_hal_spi.c ****   * @param  hdma pointer to a DMA_HandleTypeDef structure that contains
3350:platform/HAL/src/stm32g4xx_hal_spi.c ****   *               the configuration information for the specified DMA module.
3351:platform/HAL/src/stm32g4xx_hal_spi.c ****   * @retval None
3352:platform/HAL/src/stm32g4xx_hal_spi.c ****   */
3353:platform/HAL/src/stm32g4xx_hal_spi.c **** static void SPI_DMAHalfTransmitReceiveCplt(DMA_HandleTypeDef *hdma)
3354:platform/HAL/src/stm32g4xx_hal_spi.c **** {
3355:platform/HAL/src/stm32g4xx_hal_spi.c ****   SPI_HandleTypeDef *hspi = (SPI_HandleTypeDef *)(((DMA_HandleTypeDef *)hdma)->Parent);
3356:platform/HAL/src/stm32g4xx_hal_spi.c **** 
3357:platform/HAL/src/stm32g4xx_hal_spi.c ****   /* Call user TxRx half complete callback */
3358:platform/HAL/src/stm32g4xx_hal_spi.c **** #if (USE_HAL_SPI_REGISTER_CALLBACKS == 1U)
3359:platform/HAL/src/stm32g4xx_hal_spi.c ****   hspi->TxRxHalfCpltCallback(hspi);
3360:platform/HAL/src/stm32g4xx_hal_spi.c **** #else
3361:platform/HAL/src/stm32g4xx_hal_spi.c ****   HAL_SPI_TxRxHalfCpltCallback(hspi);
3362:platform/HAL/src/stm32g4xx_hal_spi.c **** #endif /* USE_HAL_SPI_REGISTER_CALLBACKS */
3363:platform/HAL/src/stm32g4xx_hal_spi.c **** }
3364:platform/HAL/src/stm32g4xx_hal_spi.c **** 
3365:platform/HAL/src/stm32g4xx_hal_spi.c **** /**
3366:platform/HAL/src/stm32g4xx_hal_spi.c ****   * @brief  DMA SPI communication error callback.
3367:platform/HAL/src/stm32g4xx_hal_spi.c ****   * @param  hdma pointer to a DMA_HandleTypeDef structure that contains
3368:platform/HAL/src/stm32g4xx_hal_spi.c ****   *               the configuration information for the specified DMA module.
3369:platform/HAL/src/stm32g4xx_hal_spi.c ****   * @retval None
3370:platform/HAL/src/stm32g4xx_hal_spi.c ****   */
3371:platform/HAL/src/stm32g4xx_hal_spi.c **** static void SPI_DMAError(DMA_HandleTypeDef *hdma)
3372:platform/HAL/src/stm32g4xx_hal_spi.c **** {
3373:platform/HAL/src/stm32g4xx_hal_spi.c ****   SPI_HandleTypeDef *hspi = (SPI_HandleTypeDef *)(((DMA_HandleTypeDef *)hdma)->Parent);
3374:platform/HAL/src/stm32g4xx_hal_spi.c **** 
3375:platform/HAL/src/stm32g4xx_hal_spi.c ****   /* Stop the disable DMA transfer on SPI side */
3376:platform/HAL/src/stm32g4xx_hal_spi.c ****   CLEAR_BIT(hspi->Instance->CR2, SPI_CR2_TXDMAEN | SPI_CR2_RXDMAEN);
3377:platform/HAL/src/stm32g4xx_hal_spi.c **** 
3378:platform/HAL/src/stm32g4xx_hal_spi.c ****   SET_BIT(hspi->ErrorCode, HAL_SPI_ERROR_DMA);
3379:platform/HAL/src/stm32g4xx_hal_spi.c ****   hspi->State = HAL_SPI_STATE_READY;
3380:platform/HAL/src/stm32g4xx_hal_spi.c ****   /* Call user error callback */
3381:platform/HAL/src/stm32g4xx_hal_spi.c **** #if (USE_HAL_SPI_REGISTER_CALLBACKS == 1U)
3382:platform/HAL/src/stm32g4xx_hal_spi.c ****   hspi->ErrorCallback(hspi);
3383:platform/HAL/src/stm32g4xx_hal_spi.c **** #else
3384:platform/HAL/src/stm32g4xx_hal_spi.c ****   HAL_SPI_ErrorCallback(hspi);
3385:platform/HAL/src/stm32g4xx_hal_spi.c **** #endif /* USE_HAL_SPI_REGISTER_CALLBACKS */
3386:platform/HAL/src/stm32g4xx_hal_spi.c **** }
3387:platform/HAL/src/stm32g4xx_hal_spi.c **** 
3388:platform/HAL/src/stm32g4xx_hal_spi.c **** /**
3389:platform/HAL/src/stm32g4xx_hal_spi.c ****   * @brief  DMA SPI communication abort callback, when initiated by HAL services on Error
3390:platform/HAL/src/stm32g4xx_hal_spi.c ****   *         (To be called at end of DMA Abort procedure following error occurrence).
3391:platform/HAL/src/stm32g4xx_hal_spi.c ****   * @param  hdma DMA handle.
3392:platform/HAL/src/stm32g4xx_hal_spi.c ****   * @retval None
3393:platform/HAL/src/stm32g4xx_hal_spi.c ****   */
ARM GAS  /tmp/ccMpXq91.s 			page 61


3394:platform/HAL/src/stm32g4xx_hal_spi.c **** static void SPI_DMAAbortOnError(DMA_HandleTypeDef *hdma)
3395:platform/HAL/src/stm32g4xx_hal_spi.c **** {
3396:platform/HAL/src/stm32g4xx_hal_spi.c ****   SPI_HandleTypeDef *hspi = (SPI_HandleTypeDef *)(((DMA_HandleTypeDef *)hdma)->Parent);
3397:platform/HAL/src/stm32g4xx_hal_spi.c ****   hspi->RxXferCount = 0U;
3398:platform/HAL/src/stm32g4xx_hal_spi.c ****   hspi->TxXferCount = 0U;
3399:platform/HAL/src/stm32g4xx_hal_spi.c **** 
3400:platform/HAL/src/stm32g4xx_hal_spi.c ****   /* Call user error callback */
3401:platform/HAL/src/stm32g4xx_hal_spi.c **** #if (USE_HAL_SPI_REGISTER_CALLBACKS == 1U)
3402:platform/HAL/src/stm32g4xx_hal_spi.c ****   hspi->ErrorCallback(hspi);
3403:platform/HAL/src/stm32g4xx_hal_spi.c **** #else
3404:platform/HAL/src/stm32g4xx_hal_spi.c ****   HAL_SPI_ErrorCallback(hspi);
3405:platform/HAL/src/stm32g4xx_hal_spi.c **** #endif /* USE_HAL_SPI_REGISTER_CALLBACKS */
3406:platform/HAL/src/stm32g4xx_hal_spi.c **** }
3407:platform/HAL/src/stm32g4xx_hal_spi.c **** 
3408:platform/HAL/src/stm32g4xx_hal_spi.c **** /**
3409:platform/HAL/src/stm32g4xx_hal_spi.c ****   * @brief  DMA SPI Tx communication abort callback, when initiated by user
3410:platform/HAL/src/stm32g4xx_hal_spi.c ****   *         (To be called at end of DMA Tx Abort procedure following user abort request).
3411:platform/HAL/src/stm32g4xx_hal_spi.c ****   * @note   When this callback is executed, User Abort complete call back is called only if no
3412:platform/HAL/src/stm32g4xx_hal_spi.c ****   *         Abort still ongoing for Rx DMA Handle.
3413:platform/HAL/src/stm32g4xx_hal_spi.c ****   * @param  hdma DMA handle.
3414:platform/HAL/src/stm32g4xx_hal_spi.c ****   * @retval None
3415:platform/HAL/src/stm32g4xx_hal_spi.c ****   */
3416:platform/HAL/src/stm32g4xx_hal_spi.c **** static void SPI_DMATxAbortCallback(DMA_HandleTypeDef *hdma)
3417:platform/HAL/src/stm32g4xx_hal_spi.c **** {
3418:platform/HAL/src/stm32g4xx_hal_spi.c ****   SPI_HandleTypeDef *hspi = (SPI_HandleTypeDef *)(((DMA_HandleTypeDef *)hdma)->Parent);
3419:platform/HAL/src/stm32g4xx_hal_spi.c **** 
3420:platform/HAL/src/stm32g4xx_hal_spi.c ****   hspi->hdmatx->XferAbortCallback = NULL;
3421:platform/HAL/src/stm32g4xx_hal_spi.c **** 
3422:platform/HAL/src/stm32g4xx_hal_spi.c ****   /* Disable Tx DMA Request */
3423:platform/HAL/src/stm32g4xx_hal_spi.c ****   CLEAR_BIT(hspi->Instance->CR2, SPI_CR2_TXDMAEN);
3424:platform/HAL/src/stm32g4xx_hal_spi.c **** 
3425:platform/HAL/src/stm32g4xx_hal_spi.c ****   if (SPI_EndRxTxTransaction(hspi, SPI_DEFAULT_TIMEOUT, HAL_GetTick()) != HAL_OK)
3426:platform/HAL/src/stm32g4xx_hal_spi.c ****   {
3427:platform/HAL/src/stm32g4xx_hal_spi.c ****     hspi->ErrorCode = HAL_SPI_ERROR_ABORT;
3428:platform/HAL/src/stm32g4xx_hal_spi.c ****   }
3429:platform/HAL/src/stm32g4xx_hal_spi.c **** 
3430:platform/HAL/src/stm32g4xx_hal_spi.c ****   /* Disable SPI Peripheral */
3431:platform/HAL/src/stm32g4xx_hal_spi.c ****   __HAL_SPI_DISABLE(hspi);
3432:platform/HAL/src/stm32g4xx_hal_spi.c **** 
3433:platform/HAL/src/stm32g4xx_hal_spi.c ****   /* Empty the FRLVL fifo */
3434:platform/HAL/src/stm32g4xx_hal_spi.c ****   if (SPI_WaitFifoStateUntilTimeout(hspi, SPI_FLAG_FRLVL, SPI_FRLVL_EMPTY, SPI_DEFAULT_TIMEOUT,
3435:platform/HAL/src/stm32g4xx_hal_spi.c ****                                     HAL_GetTick()) != HAL_OK)
3436:platform/HAL/src/stm32g4xx_hal_spi.c ****   {
3437:platform/HAL/src/stm32g4xx_hal_spi.c ****     hspi->ErrorCode = HAL_SPI_ERROR_ABORT;
3438:platform/HAL/src/stm32g4xx_hal_spi.c ****   }
3439:platform/HAL/src/stm32g4xx_hal_spi.c **** 
3440:platform/HAL/src/stm32g4xx_hal_spi.c ****   /* Check if an Abort process is still ongoing */
3441:platform/HAL/src/stm32g4xx_hal_spi.c ****   if (hspi->hdmarx != NULL)
3442:platform/HAL/src/stm32g4xx_hal_spi.c ****   {
3443:platform/HAL/src/stm32g4xx_hal_spi.c ****     if (hspi->hdmarx->XferAbortCallback != NULL)
3444:platform/HAL/src/stm32g4xx_hal_spi.c ****     {
3445:platform/HAL/src/stm32g4xx_hal_spi.c ****       return;
3446:platform/HAL/src/stm32g4xx_hal_spi.c ****     }
3447:platform/HAL/src/stm32g4xx_hal_spi.c ****   }
3448:platform/HAL/src/stm32g4xx_hal_spi.c **** 
3449:platform/HAL/src/stm32g4xx_hal_spi.c ****   /* No Abort process still ongoing : All DMA Stream/Channel are aborted, call user Abort Complete 
3450:platform/HAL/src/stm32g4xx_hal_spi.c ****   hspi->RxXferCount = 0U;
ARM GAS  /tmp/ccMpXq91.s 			page 62


3451:platform/HAL/src/stm32g4xx_hal_spi.c ****   hspi->TxXferCount = 0U;
3452:platform/HAL/src/stm32g4xx_hal_spi.c **** 
3453:platform/HAL/src/stm32g4xx_hal_spi.c ****   /* Check no error during Abort procedure */
3454:platform/HAL/src/stm32g4xx_hal_spi.c ****   if (hspi->ErrorCode != HAL_SPI_ERROR_ABORT)
3455:platform/HAL/src/stm32g4xx_hal_spi.c ****   {
3456:platform/HAL/src/stm32g4xx_hal_spi.c ****     /* Reset errorCode */
3457:platform/HAL/src/stm32g4xx_hal_spi.c ****     hspi->ErrorCode = HAL_SPI_ERROR_NONE;
3458:platform/HAL/src/stm32g4xx_hal_spi.c ****   }
3459:platform/HAL/src/stm32g4xx_hal_spi.c **** 
3460:platform/HAL/src/stm32g4xx_hal_spi.c ****   /* Clear the Error flags in the SR register */
3461:platform/HAL/src/stm32g4xx_hal_spi.c ****   __HAL_SPI_CLEAR_OVRFLAG(hspi);
3462:platform/HAL/src/stm32g4xx_hal_spi.c ****   __HAL_SPI_CLEAR_FREFLAG(hspi);
3463:platform/HAL/src/stm32g4xx_hal_spi.c **** 
3464:platform/HAL/src/stm32g4xx_hal_spi.c ****   /* Restore hspi->State to Ready */
3465:platform/HAL/src/stm32g4xx_hal_spi.c ****   hspi->State  = HAL_SPI_STATE_READY;
3466:platform/HAL/src/stm32g4xx_hal_spi.c **** 
3467:platform/HAL/src/stm32g4xx_hal_spi.c ****   /* Call user Abort complete callback */
3468:platform/HAL/src/stm32g4xx_hal_spi.c **** #if (USE_HAL_SPI_REGISTER_CALLBACKS == 1U)
3469:platform/HAL/src/stm32g4xx_hal_spi.c ****   hspi->AbortCpltCallback(hspi);
3470:platform/HAL/src/stm32g4xx_hal_spi.c **** #else
3471:platform/HAL/src/stm32g4xx_hal_spi.c ****   HAL_SPI_AbortCpltCallback(hspi);
3472:platform/HAL/src/stm32g4xx_hal_spi.c **** #endif /* USE_HAL_SPI_REGISTER_CALLBACKS */
3473:platform/HAL/src/stm32g4xx_hal_spi.c **** }
3474:platform/HAL/src/stm32g4xx_hal_spi.c **** 
3475:platform/HAL/src/stm32g4xx_hal_spi.c **** /**
3476:platform/HAL/src/stm32g4xx_hal_spi.c ****   * @brief  DMA SPI Rx communication abort callback, when initiated by user
3477:platform/HAL/src/stm32g4xx_hal_spi.c ****   *         (To be called at end of DMA Rx Abort procedure following user abort request).
3478:platform/HAL/src/stm32g4xx_hal_spi.c ****   * @note   When this callback is executed, User Abort complete call back is called only if no
3479:platform/HAL/src/stm32g4xx_hal_spi.c ****   *         Abort still ongoing for Tx DMA Handle.
3480:platform/HAL/src/stm32g4xx_hal_spi.c ****   * @param  hdma DMA handle.
3481:platform/HAL/src/stm32g4xx_hal_spi.c ****   * @retval None
3482:platform/HAL/src/stm32g4xx_hal_spi.c ****   */
3483:platform/HAL/src/stm32g4xx_hal_spi.c **** static void SPI_DMARxAbortCallback(DMA_HandleTypeDef *hdma)
3484:platform/HAL/src/stm32g4xx_hal_spi.c **** {
3485:platform/HAL/src/stm32g4xx_hal_spi.c ****   SPI_HandleTypeDef *hspi = (SPI_HandleTypeDef *)(((DMA_HandleTypeDef *)hdma)->Parent);
3486:platform/HAL/src/stm32g4xx_hal_spi.c **** 
3487:platform/HAL/src/stm32g4xx_hal_spi.c ****   /* Disable SPI Peripheral */
3488:platform/HAL/src/stm32g4xx_hal_spi.c ****   __HAL_SPI_DISABLE(hspi);
3489:platform/HAL/src/stm32g4xx_hal_spi.c **** 
3490:platform/HAL/src/stm32g4xx_hal_spi.c ****   hspi->hdmarx->XferAbortCallback = NULL;
3491:platform/HAL/src/stm32g4xx_hal_spi.c **** 
3492:platform/HAL/src/stm32g4xx_hal_spi.c ****   /* Disable Rx DMA Request */
3493:platform/HAL/src/stm32g4xx_hal_spi.c ****   CLEAR_BIT(hspi->Instance->CR2, SPI_CR2_RXDMAEN);
3494:platform/HAL/src/stm32g4xx_hal_spi.c **** 
3495:platform/HAL/src/stm32g4xx_hal_spi.c ****   /* Control the BSY flag */
3496:platform/HAL/src/stm32g4xx_hal_spi.c ****   if (SPI_WaitFlagStateUntilTimeout(hspi, SPI_FLAG_BSY, RESET, SPI_DEFAULT_TIMEOUT, HAL_GetTick()) 
3497:platform/HAL/src/stm32g4xx_hal_spi.c ****   {
3498:platform/HAL/src/stm32g4xx_hal_spi.c ****     hspi->ErrorCode = HAL_SPI_ERROR_ABORT;
3499:platform/HAL/src/stm32g4xx_hal_spi.c ****   }
3500:platform/HAL/src/stm32g4xx_hal_spi.c **** 
3501:platform/HAL/src/stm32g4xx_hal_spi.c ****   /* Empty the FRLVL fifo */
3502:platform/HAL/src/stm32g4xx_hal_spi.c ****   if (SPI_WaitFifoStateUntilTimeout(hspi, SPI_FLAG_FRLVL, SPI_FRLVL_EMPTY, SPI_DEFAULT_TIMEOUT,
3503:platform/HAL/src/stm32g4xx_hal_spi.c ****                                     HAL_GetTick()) != HAL_OK)
3504:platform/HAL/src/stm32g4xx_hal_spi.c ****   {
3505:platform/HAL/src/stm32g4xx_hal_spi.c ****     hspi->ErrorCode = HAL_SPI_ERROR_ABORT;
3506:platform/HAL/src/stm32g4xx_hal_spi.c ****   }
3507:platform/HAL/src/stm32g4xx_hal_spi.c **** 
ARM GAS  /tmp/ccMpXq91.s 			page 63


3508:platform/HAL/src/stm32g4xx_hal_spi.c ****   /* Check if an Abort process is still ongoing */
3509:platform/HAL/src/stm32g4xx_hal_spi.c ****   if (hspi->hdmatx != NULL)
3510:platform/HAL/src/stm32g4xx_hal_spi.c ****   {
3511:platform/HAL/src/stm32g4xx_hal_spi.c ****     if (hspi->hdmatx->XferAbortCallback != NULL)
3512:platform/HAL/src/stm32g4xx_hal_spi.c ****     {
3513:platform/HAL/src/stm32g4xx_hal_spi.c ****       return;
3514:platform/HAL/src/stm32g4xx_hal_spi.c ****     }
3515:platform/HAL/src/stm32g4xx_hal_spi.c ****   }
3516:platform/HAL/src/stm32g4xx_hal_spi.c **** 
3517:platform/HAL/src/stm32g4xx_hal_spi.c ****   /* No Abort process still ongoing : All DMA Stream/Channel are aborted, call user Abort Complete 
3518:platform/HAL/src/stm32g4xx_hal_spi.c ****   hspi->RxXferCount = 0U;
3519:platform/HAL/src/stm32g4xx_hal_spi.c ****   hspi->TxXferCount = 0U;
3520:platform/HAL/src/stm32g4xx_hal_spi.c **** 
3521:platform/HAL/src/stm32g4xx_hal_spi.c ****   /* Check no error during Abort procedure */
3522:platform/HAL/src/stm32g4xx_hal_spi.c ****   if (hspi->ErrorCode != HAL_SPI_ERROR_ABORT)
3523:platform/HAL/src/stm32g4xx_hal_spi.c ****   {
3524:platform/HAL/src/stm32g4xx_hal_spi.c ****     /* Reset errorCode */
3525:platform/HAL/src/stm32g4xx_hal_spi.c ****     hspi->ErrorCode = HAL_SPI_ERROR_NONE;
3526:platform/HAL/src/stm32g4xx_hal_spi.c ****   }
3527:platform/HAL/src/stm32g4xx_hal_spi.c **** 
3528:platform/HAL/src/stm32g4xx_hal_spi.c ****   /* Clear the Error flags in the SR register */
3529:platform/HAL/src/stm32g4xx_hal_spi.c ****   __HAL_SPI_CLEAR_OVRFLAG(hspi);
3530:platform/HAL/src/stm32g4xx_hal_spi.c ****   __HAL_SPI_CLEAR_FREFLAG(hspi);
3531:platform/HAL/src/stm32g4xx_hal_spi.c **** 
3532:platform/HAL/src/stm32g4xx_hal_spi.c ****   /* Restore hspi->State to Ready */
3533:platform/HAL/src/stm32g4xx_hal_spi.c ****   hspi->State  = HAL_SPI_STATE_READY;
3534:platform/HAL/src/stm32g4xx_hal_spi.c **** 
3535:platform/HAL/src/stm32g4xx_hal_spi.c ****   /* Call user Abort complete callback */
3536:platform/HAL/src/stm32g4xx_hal_spi.c **** #if (USE_HAL_SPI_REGISTER_CALLBACKS == 1U)
3537:platform/HAL/src/stm32g4xx_hal_spi.c ****   hspi->AbortCpltCallback(hspi);
3538:platform/HAL/src/stm32g4xx_hal_spi.c **** #else
3539:platform/HAL/src/stm32g4xx_hal_spi.c ****   HAL_SPI_AbortCpltCallback(hspi);
3540:platform/HAL/src/stm32g4xx_hal_spi.c **** #endif /* USE_HAL_SPI_REGISTER_CALLBACKS */
3541:platform/HAL/src/stm32g4xx_hal_spi.c **** }
3542:platform/HAL/src/stm32g4xx_hal_spi.c **** 
3543:platform/HAL/src/stm32g4xx_hal_spi.c **** /**
3544:platform/HAL/src/stm32g4xx_hal_spi.c ****   * @brief  Rx 8-bit handler for Transmit and Receive in Interrupt mode.
3545:platform/HAL/src/stm32g4xx_hal_spi.c ****   * @param  hspi pointer to a SPI_HandleTypeDef structure that contains
3546:platform/HAL/src/stm32g4xx_hal_spi.c ****   *               the configuration information for SPI module.
3547:platform/HAL/src/stm32g4xx_hal_spi.c ****   * @retval None
3548:platform/HAL/src/stm32g4xx_hal_spi.c ****   */
3549:platform/HAL/src/stm32g4xx_hal_spi.c **** static void SPI_2linesRxISR_8BIT(struct __SPI_HandleTypeDef *hspi)
3550:platform/HAL/src/stm32g4xx_hal_spi.c **** {
3551:platform/HAL/src/stm32g4xx_hal_spi.c ****   /* Receive data in packing mode */
3552:platform/HAL/src/stm32g4xx_hal_spi.c ****   if (hspi->RxXferCount > 1U)
3553:platform/HAL/src/stm32g4xx_hal_spi.c ****   {
3554:platform/HAL/src/stm32g4xx_hal_spi.c ****     *((uint16_t *)hspi->pRxBuffPtr) = (uint16_t)(hspi->Instance->DR);
3555:platform/HAL/src/stm32g4xx_hal_spi.c ****     hspi->pRxBuffPtr += sizeof(uint16_t);
3556:platform/HAL/src/stm32g4xx_hal_spi.c ****     hspi->RxXferCount -= 2U;
3557:platform/HAL/src/stm32g4xx_hal_spi.c ****     if (hspi->RxXferCount == 1U)
3558:platform/HAL/src/stm32g4xx_hal_spi.c ****     {
3559:platform/HAL/src/stm32g4xx_hal_spi.c ****       /* Set RX Fifo threshold according the reception data length: 8bit */
3560:platform/HAL/src/stm32g4xx_hal_spi.c ****       SET_BIT(hspi->Instance->CR2, SPI_RXFIFO_THRESHOLD);
3561:platform/HAL/src/stm32g4xx_hal_spi.c ****     }
3562:platform/HAL/src/stm32g4xx_hal_spi.c ****   }
3563:platform/HAL/src/stm32g4xx_hal_spi.c ****   /* Receive data in 8 Bit mode */
3564:platform/HAL/src/stm32g4xx_hal_spi.c ****   else
ARM GAS  /tmp/ccMpXq91.s 			page 64


3565:platform/HAL/src/stm32g4xx_hal_spi.c ****   {
3566:platform/HAL/src/stm32g4xx_hal_spi.c ****     *hspi->pRxBuffPtr = *((__IO uint8_t *)&hspi->Instance->DR);
3567:platform/HAL/src/stm32g4xx_hal_spi.c ****     hspi->pRxBuffPtr++;
3568:platform/HAL/src/stm32g4xx_hal_spi.c ****     hspi->RxXferCount--;
3569:platform/HAL/src/stm32g4xx_hal_spi.c ****   }
3570:platform/HAL/src/stm32g4xx_hal_spi.c **** 
3571:platform/HAL/src/stm32g4xx_hal_spi.c ****   /* Check end of the reception */
3572:platform/HAL/src/stm32g4xx_hal_spi.c ****   if (hspi->RxXferCount == 0U)
3573:platform/HAL/src/stm32g4xx_hal_spi.c ****   {
3574:platform/HAL/src/stm32g4xx_hal_spi.c **** #if (USE_SPI_CRC != 0U)
3575:platform/HAL/src/stm32g4xx_hal_spi.c ****     if (hspi->Init.CRCCalculation == SPI_CRCCALCULATION_ENABLE)
3576:platform/HAL/src/stm32g4xx_hal_spi.c ****     {
3577:platform/HAL/src/stm32g4xx_hal_spi.c ****       SET_BIT(hspi->Instance->CR2, SPI_RXFIFO_THRESHOLD);
3578:platform/HAL/src/stm32g4xx_hal_spi.c ****       hspi->RxISR =  SPI_2linesRxISR_8BITCRC;
3579:platform/HAL/src/stm32g4xx_hal_spi.c ****       return;
3580:platform/HAL/src/stm32g4xx_hal_spi.c ****     }
3581:platform/HAL/src/stm32g4xx_hal_spi.c **** #endif /* USE_SPI_CRC */
3582:platform/HAL/src/stm32g4xx_hal_spi.c **** 
3583:platform/HAL/src/stm32g4xx_hal_spi.c ****     /* Disable RXNE  and ERR interrupt */
3584:platform/HAL/src/stm32g4xx_hal_spi.c ****     __HAL_SPI_DISABLE_IT(hspi, (SPI_IT_RXNE | SPI_IT_ERR));
3585:platform/HAL/src/stm32g4xx_hal_spi.c **** 
3586:platform/HAL/src/stm32g4xx_hal_spi.c ****     if (hspi->TxXferCount == 0U)
3587:platform/HAL/src/stm32g4xx_hal_spi.c ****     {
3588:platform/HAL/src/stm32g4xx_hal_spi.c ****       SPI_CloseRxTx_ISR(hspi);
3589:platform/HAL/src/stm32g4xx_hal_spi.c ****     }
3590:platform/HAL/src/stm32g4xx_hal_spi.c ****   }
3591:platform/HAL/src/stm32g4xx_hal_spi.c **** }
3592:platform/HAL/src/stm32g4xx_hal_spi.c **** 
3593:platform/HAL/src/stm32g4xx_hal_spi.c **** #if (USE_SPI_CRC != 0U)
3594:platform/HAL/src/stm32g4xx_hal_spi.c **** /**
3595:platform/HAL/src/stm32g4xx_hal_spi.c ****   * @brief  Rx 8-bit handler for Transmit and Receive in Interrupt mode.
3596:platform/HAL/src/stm32g4xx_hal_spi.c ****   * @param  hspi pointer to a SPI_HandleTypeDef structure that contains
3597:platform/HAL/src/stm32g4xx_hal_spi.c ****   *               the configuration information for SPI module.
3598:platform/HAL/src/stm32g4xx_hal_spi.c ****   * @retval None
3599:platform/HAL/src/stm32g4xx_hal_spi.c ****   */
3600:platform/HAL/src/stm32g4xx_hal_spi.c **** static void SPI_2linesRxISR_8BITCRC(struct __SPI_HandleTypeDef *hspi)
3601:platform/HAL/src/stm32g4xx_hal_spi.c **** {
3602:platform/HAL/src/stm32g4xx_hal_spi.c ****   __IO uint8_t  *ptmpreg8;
3603:platform/HAL/src/stm32g4xx_hal_spi.c ****   __IO uint8_t  tmpreg8 = 0;
3604:platform/HAL/src/stm32g4xx_hal_spi.c **** 
3605:platform/HAL/src/stm32g4xx_hal_spi.c ****   /* Initialize the 8bit temporary pointer */
3606:platform/HAL/src/stm32g4xx_hal_spi.c ****   ptmpreg8 = (__IO uint8_t *)&hspi->Instance->DR;
3607:platform/HAL/src/stm32g4xx_hal_spi.c ****   /* Read 8bit CRC to flush Data Register */
3608:platform/HAL/src/stm32g4xx_hal_spi.c ****   tmpreg8 = *ptmpreg8;
3609:platform/HAL/src/stm32g4xx_hal_spi.c ****   /* To avoid GCC warning */
3610:platform/HAL/src/stm32g4xx_hal_spi.c ****   UNUSED(tmpreg8);
3611:platform/HAL/src/stm32g4xx_hal_spi.c **** 
3612:platform/HAL/src/stm32g4xx_hal_spi.c ****   hspi->CRCSize--;
3613:platform/HAL/src/stm32g4xx_hal_spi.c **** 
3614:platform/HAL/src/stm32g4xx_hal_spi.c ****   /* Check end of the reception */
3615:platform/HAL/src/stm32g4xx_hal_spi.c ****   if (hspi->CRCSize == 0U)
3616:platform/HAL/src/stm32g4xx_hal_spi.c ****   {
3617:platform/HAL/src/stm32g4xx_hal_spi.c ****     /* Disable RXNE and ERR interrupt */
3618:platform/HAL/src/stm32g4xx_hal_spi.c ****     __HAL_SPI_DISABLE_IT(hspi, (SPI_IT_RXNE | SPI_IT_ERR));
3619:platform/HAL/src/stm32g4xx_hal_spi.c **** 
3620:platform/HAL/src/stm32g4xx_hal_spi.c ****     if (hspi->TxXferCount == 0U)
3621:platform/HAL/src/stm32g4xx_hal_spi.c ****     {
ARM GAS  /tmp/ccMpXq91.s 			page 65


3622:platform/HAL/src/stm32g4xx_hal_spi.c ****       SPI_CloseRxTx_ISR(hspi);
3623:platform/HAL/src/stm32g4xx_hal_spi.c ****     }
3624:platform/HAL/src/stm32g4xx_hal_spi.c ****   }
3625:platform/HAL/src/stm32g4xx_hal_spi.c **** }
3626:platform/HAL/src/stm32g4xx_hal_spi.c **** #endif /* USE_SPI_CRC */
3627:platform/HAL/src/stm32g4xx_hal_spi.c **** 
3628:platform/HAL/src/stm32g4xx_hal_spi.c **** /**
3629:platform/HAL/src/stm32g4xx_hal_spi.c ****   * @brief  Tx 8-bit handler for Transmit and Receive in Interrupt mode.
3630:platform/HAL/src/stm32g4xx_hal_spi.c ****   * @param  hspi pointer to a SPI_HandleTypeDef structure that contains
3631:platform/HAL/src/stm32g4xx_hal_spi.c ****   *               the configuration information for SPI module.
3632:platform/HAL/src/stm32g4xx_hal_spi.c ****   * @retval None
3633:platform/HAL/src/stm32g4xx_hal_spi.c ****   */
3634:platform/HAL/src/stm32g4xx_hal_spi.c **** static void SPI_2linesTxISR_8BIT(struct __SPI_HandleTypeDef *hspi)
3635:platform/HAL/src/stm32g4xx_hal_spi.c **** {
3636:platform/HAL/src/stm32g4xx_hal_spi.c ****   /* Transmit data in packing Bit mode */
3637:platform/HAL/src/stm32g4xx_hal_spi.c ****   if (hspi->TxXferCount >= 2U)
3638:platform/HAL/src/stm32g4xx_hal_spi.c ****   {
3639:platform/HAL/src/stm32g4xx_hal_spi.c ****     hspi->Instance->DR = *((const uint16_t *)hspi->pTxBuffPtr);
3640:platform/HAL/src/stm32g4xx_hal_spi.c ****     hspi->pTxBuffPtr += sizeof(uint16_t);
3641:platform/HAL/src/stm32g4xx_hal_spi.c ****     hspi->TxXferCount -= 2U;
3642:platform/HAL/src/stm32g4xx_hal_spi.c ****   }
3643:platform/HAL/src/stm32g4xx_hal_spi.c ****   /* Transmit data in 8 Bit mode */
3644:platform/HAL/src/stm32g4xx_hal_spi.c ****   else
3645:platform/HAL/src/stm32g4xx_hal_spi.c ****   {
3646:platform/HAL/src/stm32g4xx_hal_spi.c ****     *(__IO uint8_t *)&hspi->Instance->DR = *((const uint8_t *)hspi->pTxBuffPtr);
3647:platform/HAL/src/stm32g4xx_hal_spi.c ****     hspi->pTxBuffPtr++;
3648:platform/HAL/src/stm32g4xx_hal_spi.c ****     hspi->TxXferCount--;
3649:platform/HAL/src/stm32g4xx_hal_spi.c ****   }
3650:platform/HAL/src/stm32g4xx_hal_spi.c **** 
3651:platform/HAL/src/stm32g4xx_hal_spi.c ****   /* Check the end of the transmission */
3652:platform/HAL/src/stm32g4xx_hal_spi.c ****   if (hspi->TxXferCount == 0U)
3653:platform/HAL/src/stm32g4xx_hal_spi.c ****   {
3654:platform/HAL/src/stm32g4xx_hal_spi.c **** #if (USE_SPI_CRC != 0U)
3655:platform/HAL/src/stm32g4xx_hal_spi.c ****     if (hspi->Init.CRCCalculation == SPI_CRCCALCULATION_ENABLE)
3656:platform/HAL/src/stm32g4xx_hal_spi.c ****     {
3657:platform/HAL/src/stm32g4xx_hal_spi.c ****       /* Set CRC Next Bit to send CRC */
3658:platform/HAL/src/stm32g4xx_hal_spi.c ****       SET_BIT(hspi->Instance->CR1, SPI_CR1_CRCNEXT);
3659:platform/HAL/src/stm32g4xx_hal_spi.c ****       /* Disable TXE interrupt */
3660:platform/HAL/src/stm32g4xx_hal_spi.c ****       __HAL_SPI_DISABLE_IT(hspi, SPI_IT_TXE);
3661:platform/HAL/src/stm32g4xx_hal_spi.c ****       return;
3662:platform/HAL/src/stm32g4xx_hal_spi.c ****     }
3663:platform/HAL/src/stm32g4xx_hal_spi.c **** #endif /* USE_SPI_CRC */
3664:platform/HAL/src/stm32g4xx_hal_spi.c **** 
3665:platform/HAL/src/stm32g4xx_hal_spi.c ****     /* Disable TXE interrupt */
3666:platform/HAL/src/stm32g4xx_hal_spi.c ****     __HAL_SPI_DISABLE_IT(hspi, SPI_IT_TXE);
3667:platform/HAL/src/stm32g4xx_hal_spi.c **** 
3668:platform/HAL/src/stm32g4xx_hal_spi.c ****     if (hspi->RxXferCount == 0U)
3669:platform/HAL/src/stm32g4xx_hal_spi.c ****     {
3670:platform/HAL/src/stm32g4xx_hal_spi.c ****       SPI_CloseRxTx_ISR(hspi);
3671:platform/HAL/src/stm32g4xx_hal_spi.c ****     }
3672:platform/HAL/src/stm32g4xx_hal_spi.c ****   }
3673:platform/HAL/src/stm32g4xx_hal_spi.c **** }
3674:platform/HAL/src/stm32g4xx_hal_spi.c **** 
3675:platform/HAL/src/stm32g4xx_hal_spi.c **** /**
3676:platform/HAL/src/stm32g4xx_hal_spi.c ****   * @brief  Rx 16-bit handler for Transmit and Receive in Interrupt mode.
3677:platform/HAL/src/stm32g4xx_hal_spi.c ****   * @param  hspi pointer to a SPI_HandleTypeDef structure that contains
3678:platform/HAL/src/stm32g4xx_hal_spi.c ****   *               the configuration information for SPI module.
ARM GAS  /tmp/ccMpXq91.s 			page 66


3679:platform/HAL/src/stm32g4xx_hal_spi.c ****   * @retval None
3680:platform/HAL/src/stm32g4xx_hal_spi.c ****   */
3681:platform/HAL/src/stm32g4xx_hal_spi.c **** static void SPI_2linesRxISR_16BIT(struct __SPI_HandleTypeDef *hspi)
3682:platform/HAL/src/stm32g4xx_hal_spi.c **** {
3683:platform/HAL/src/stm32g4xx_hal_spi.c ****   /* Receive data in 16 Bit mode */
3684:platform/HAL/src/stm32g4xx_hal_spi.c ****   *((uint16_t *)hspi->pRxBuffPtr) = (uint16_t)(hspi->Instance->DR);
3685:platform/HAL/src/stm32g4xx_hal_spi.c ****   hspi->pRxBuffPtr += sizeof(uint16_t);
3686:platform/HAL/src/stm32g4xx_hal_spi.c ****   hspi->RxXferCount--;
3687:platform/HAL/src/stm32g4xx_hal_spi.c **** 
3688:platform/HAL/src/stm32g4xx_hal_spi.c ****   if (hspi->RxXferCount == 0U)
3689:platform/HAL/src/stm32g4xx_hal_spi.c ****   {
3690:platform/HAL/src/stm32g4xx_hal_spi.c **** #if (USE_SPI_CRC != 0U)
3691:platform/HAL/src/stm32g4xx_hal_spi.c ****     if (hspi->Init.CRCCalculation == SPI_CRCCALCULATION_ENABLE)
3692:platform/HAL/src/stm32g4xx_hal_spi.c ****     {
3693:platform/HAL/src/stm32g4xx_hal_spi.c ****       hspi->RxISR =  SPI_2linesRxISR_16BITCRC;
3694:platform/HAL/src/stm32g4xx_hal_spi.c ****       return;
3695:platform/HAL/src/stm32g4xx_hal_spi.c ****     }
3696:platform/HAL/src/stm32g4xx_hal_spi.c **** #endif /* USE_SPI_CRC */
3697:platform/HAL/src/stm32g4xx_hal_spi.c **** 
3698:platform/HAL/src/stm32g4xx_hal_spi.c ****     /* Disable RXNE interrupt */
3699:platform/HAL/src/stm32g4xx_hal_spi.c ****     __HAL_SPI_DISABLE_IT(hspi, SPI_IT_RXNE);
3700:platform/HAL/src/stm32g4xx_hal_spi.c **** 
3701:platform/HAL/src/stm32g4xx_hal_spi.c ****     if (hspi->TxXferCount == 0U)
3702:platform/HAL/src/stm32g4xx_hal_spi.c ****     {
3703:platform/HAL/src/stm32g4xx_hal_spi.c ****       SPI_CloseRxTx_ISR(hspi);
3704:platform/HAL/src/stm32g4xx_hal_spi.c ****     }
3705:platform/HAL/src/stm32g4xx_hal_spi.c ****   }
3706:platform/HAL/src/stm32g4xx_hal_spi.c **** }
3707:platform/HAL/src/stm32g4xx_hal_spi.c **** 
3708:platform/HAL/src/stm32g4xx_hal_spi.c **** #if (USE_SPI_CRC != 0U)
3709:platform/HAL/src/stm32g4xx_hal_spi.c **** /**
3710:platform/HAL/src/stm32g4xx_hal_spi.c ****   * @brief  Manage the CRC 16-bit receive for Transmit and Receive in Interrupt mode.
3711:platform/HAL/src/stm32g4xx_hal_spi.c ****   * @param  hspi pointer to a SPI_HandleTypeDef structure that contains
3712:platform/HAL/src/stm32g4xx_hal_spi.c ****   *               the configuration information for SPI module.
3713:platform/HAL/src/stm32g4xx_hal_spi.c ****   * @retval None
3714:platform/HAL/src/stm32g4xx_hal_spi.c ****   */
3715:platform/HAL/src/stm32g4xx_hal_spi.c **** static void SPI_2linesRxISR_16BITCRC(struct __SPI_HandleTypeDef *hspi)
3716:platform/HAL/src/stm32g4xx_hal_spi.c **** {
3717:platform/HAL/src/stm32g4xx_hal_spi.c ****   __IO uint32_t tmpreg = 0U;
3718:platform/HAL/src/stm32g4xx_hal_spi.c **** 
3719:platform/HAL/src/stm32g4xx_hal_spi.c ****   /* Read 16bit CRC to flush Data Register */
3720:platform/HAL/src/stm32g4xx_hal_spi.c ****   tmpreg = READ_REG(hspi->Instance->DR);
3721:platform/HAL/src/stm32g4xx_hal_spi.c ****   /* To avoid GCC warning */
3722:platform/HAL/src/stm32g4xx_hal_spi.c ****   UNUSED(tmpreg);
3723:platform/HAL/src/stm32g4xx_hal_spi.c **** 
3724:platform/HAL/src/stm32g4xx_hal_spi.c ****   /* Disable RXNE interrupt */
3725:platform/HAL/src/stm32g4xx_hal_spi.c ****   __HAL_SPI_DISABLE_IT(hspi, SPI_IT_RXNE);
3726:platform/HAL/src/stm32g4xx_hal_spi.c **** 
3727:platform/HAL/src/stm32g4xx_hal_spi.c ****   SPI_CloseRxTx_ISR(hspi);
3728:platform/HAL/src/stm32g4xx_hal_spi.c **** }
3729:platform/HAL/src/stm32g4xx_hal_spi.c **** #endif /* USE_SPI_CRC */
3730:platform/HAL/src/stm32g4xx_hal_spi.c **** 
3731:platform/HAL/src/stm32g4xx_hal_spi.c **** /**
3732:platform/HAL/src/stm32g4xx_hal_spi.c ****   * @brief  Tx 16-bit handler for Transmit and Receive in Interrupt mode.
3733:platform/HAL/src/stm32g4xx_hal_spi.c ****   * @param  hspi pointer to a SPI_HandleTypeDef structure that contains
3734:platform/HAL/src/stm32g4xx_hal_spi.c ****   *               the configuration information for SPI module.
3735:platform/HAL/src/stm32g4xx_hal_spi.c ****   * @retval None
ARM GAS  /tmp/ccMpXq91.s 			page 67


3736:platform/HAL/src/stm32g4xx_hal_spi.c ****   */
3737:platform/HAL/src/stm32g4xx_hal_spi.c **** static void SPI_2linesTxISR_16BIT(struct __SPI_HandleTypeDef *hspi)
3738:platform/HAL/src/stm32g4xx_hal_spi.c **** {
3739:platform/HAL/src/stm32g4xx_hal_spi.c ****   /* Transmit data in 16 Bit mode */
3740:platform/HAL/src/stm32g4xx_hal_spi.c ****   hspi->Instance->DR = *((const uint16_t *)hspi->pTxBuffPtr);
3741:platform/HAL/src/stm32g4xx_hal_spi.c ****   hspi->pTxBuffPtr += sizeof(uint16_t);
3742:platform/HAL/src/stm32g4xx_hal_spi.c ****   hspi->TxXferCount--;
3743:platform/HAL/src/stm32g4xx_hal_spi.c **** 
3744:platform/HAL/src/stm32g4xx_hal_spi.c ****   /* Enable CRC Transmission */
3745:platform/HAL/src/stm32g4xx_hal_spi.c ****   if (hspi->TxXferCount == 0U)
3746:platform/HAL/src/stm32g4xx_hal_spi.c ****   {
3747:platform/HAL/src/stm32g4xx_hal_spi.c **** #if (USE_SPI_CRC != 0U)
3748:platform/HAL/src/stm32g4xx_hal_spi.c ****     if (hspi->Init.CRCCalculation == SPI_CRCCALCULATION_ENABLE)
3749:platform/HAL/src/stm32g4xx_hal_spi.c ****     {
3750:platform/HAL/src/stm32g4xx_hal_spi.c ****       /* Set CRC Next Bit to send CRC */
3751:platform/HAL/src/stm32g4xx_hal_spi.c ****       SET_BIT(hspi->Instance->CR1, SPI_CR1_CRCNEXT);
3752:platform/HAL/src/stm32g4xx_hal_spi.c ****       /* Disable TXE interrupt */
3753:platform/HAL/src/stm32g4xx_hal_spi.c ****       __HAL_SPI_DISABLE_IT(hspi, SPI_IT_TXE);
3754:platform/HAL/src/stm32g4xx_hal_spi.c ****       return;
3755:platform/HAL/src/stm32g4xx_hal_spi.c ****     }
3756:platform/HAL/src/stm32g4xx_hal_spi.c **** #endif /* USE_SPI_CRC */
3757:platform/HAL/src/stm32g4xx_hal_spi.c **** 
3758:platform/HAL/src/stm32g4xx_hal_spi.c ****     /* Disable TXE interrupt */
3759:platform/HAL/src/stm32g4xx_hal_spi.c ****     __HAL_SPI_DISABLE_IT(hspi, SPI_IT_TXE);
3760:platform/HAL/src/stm32g4xx_hal_spi.c **** 
3761:platform/HAL/src/stm32g4xx_hal_spi.c ****     if (hspi->RxXferCount == 0U)
3762:platform/HAL/src/stm32g4xx_hal_spi.c ****     {
3763:platform/HAL/src/stm32g4xx_hal_spi.c ****       SPI_CloseRxTx_ISR(hspi);
3764:platform/HAL/src/stm32g4xx_hal_spi.c ****     }
3765:platform/HAL/src/stm32g4xx_hal_spi.c ****   }
3766:platform/HAL/src/stm32g4xx_hal_spi.c **** }
3767:platform/HAL/src/stm32g4xx_hal_spi.c **** 
3768:platform/HAL/src/stm32g4xx_hal_spi.c **** #if (USE_SPI_CRC != 0U)
3769:platform/HAL/src/stm32g4xx_hal_spi.c **** /**
3770:platform/HAL/src/stm32g4xx_hal_spi.c ****   * @brief  Manage the CRC 8-bit receive in Interrupt context.
3771:platform/HAL/src/stm32g4xx_hal_spi.c ****   * @param  hspi pointer to a SPI_HandleTypeDef structure that contains
3772:platform/HAL/src/stm32g4xx_hal_spi.c ****   *               the configuration information for SPI module.
3773:platform/HAL/src/stm32g4xx_hal_spi.c ****   * @retval None
3774:platform/HAL/src/stm32g4xx_hal_spi.c ****   */
3775:platform/HAL/src/stm32g4xx_hal_spi.c **** static void SPI_RxISR_8BITCRC(struct __SPI_HandleTypeDef *hspi)
3776:platform/HAL/src/stm32g4xx_hal_spi.c **** {
3777:platform/HAL/src/stm32g4xx_hal_spi.c ****   __IO uint8_t  *ptmpreg8;
3778:platform/HAL/src/stm32g4xx_hal_spi.c ****   __IO uint8_t  tmpreg8 = 0;
3779:platform/HAL/src/stm32g4xx_hal_spi.c **** 
3780:platform/HAL/src/stm32g4xx_hal_spi.c ****   /* Initialize the 8bit temporary pointer */
3781:platform/HAL/src/stm32g4xx_hal_spi.c ****   ptmpreg8 = (__IO uint8_t *)&hspi->Instance->DR;
3782:platform/HAL/src/stm32g4xx_hal_spi.c ****   /* Read 8bit CRC to flush Data Register */
3783:platform/HAL/src/stm32g4xx_hal_spi.c ****   tmpreg8 = *ptmpreg8;
3784:platform/HAL/src/stm32g4xx_hal_spi.c ****   /* To avoid GCC warning */
3785:platform/HAL/src/stm32g4xx_hal_spi.c ****   UNUSED(tmpreg8);
3786:platform/HAL/src/stm32g4xx_hal_spi.c **** 
3787:platform/HAL/src/stm32g4xx_hal_spi.c ****   hspi->CRCSize--;
3788:platform/HAL/src/stm32g4xx_hal_spi.c **** 
3789:platform/HAL/src/stm32g4xx_hal_spi.c ****   if (hspi->CRCSize == 0U)
3790:platform/HAL/src/stm32g4xx_hal_spi.c ****   {
3791:platform/HAL/src/stm32g4xx_hal_spi.c ****     SPI_CloseRx_ISR(hspi);
3792:platform/HAL/src/stm32g4xx_hal_spi.c ****   }
ARM GAS  /tmp/ccMpXq91.s 			page 68


3793:platform/HAL/src/stm32g4xx_hal_spi.c **** }
3794:platform/HAL/src/stm32g4xx_hal_spi.c **** #endif /* USE_SPI_CRC */
3795:platform/HAL/src/stm32g4xx_hal_spi.c **** 
3796:platform/HAL/src/stm32g4xx_hal_spi.c **** /**
3797:platform/HAL/src/stm32g4xx_hal_spi.c ****   * @brief  Manage the receive 8-bit in Interrupt context.
3798:platform/HAL/src/stm32g4xx_hal_spi.c ****   * @param  hspi pointer to a SPI_HandleTypeDef structure that contains
3799:platform/HAL/src/stm32g4xx_hal_spi.c ****   *               the configuration information for SPI module.
3800:platform/HAL/src/stm32g4xx_hal_spi.c ****   * @retval None
3801:platform/HAL/src/stm32g4xx_hal_spi.c ****   */
3802:platform/HAL/src/stm32g4xx_hal_spi.c **** static void SPI_RxISR_8BIT(struct __SPI_HandleTypeDef *hspi)
3803:platform/HAL/src/stm32g4xx_hal_spi.c **** {
3804:platform/HAL/src/stm32g4xx_hal_spi.c ****   *hspi->pRxBuffPtr = (*(__IO uint8_t *)&hspi->Instance->DR);
3805:platform/HAL/src/stm32g4xx_hal_spi.c ****   hspi->pRxBuffPtr++;
3806:platform/HAL/src/stm32g4xx_hal_spi.c ****   hspi->RxXferCount--;
3807:platform/HAL/src/stm32g4xx_hal_spi.c **** 
3808:platform/HAL/src/stm32g4xx_hal_spi.c **** #if (USE_SPI_CRC != 0U)
3809:platform/HAL/src/stm32g4xx_hal_spi.c ****   /* Enable CRC Transmission */
3810:platform/HAL/src/stm32g4xx_hal_spi.c ****   if ((hspi->RxXferCount == 1U) && (hspi->Init.CRCCalculation == SPI_CRCCALCULATION_ENABLE))
3811:platform/HAL/src/stm32g4xx_hal_spi.c ****   {
3812:platform/HAL/src/stm32g4xx_hal_spi.c ****     SET_BIT(hspi->Instance->CR1, SPI_CR1_CRCNEXT);
3813:platform/HAL/src/stm32g4xx_hal_spi.c ****   }
3814:platform/HAL/src/stm32g4xx_hal_spi.c **** #endif /* USE_SPI_CRC */
3815:platform/HAL/src/stm32g4xx_hal_spi.c **** 
3816:platform/HAL/src/stm32g4xx_hal_spi.c ****   if (hspi->RxXferCount == 0U)
3817:platform/HAL/src/stm32g4xx_hal_spi.c ****   {
3818:platform/HAL/src/stm32g4xx_hal_spi.c **** #if (USE_SPI_CRC != 0U)
3819:platform/HAL/src/stm32g4xx_hal_spi.c ****     if (hspi->Init.CRCCalculation == SPI_CRCCALCULATION_ENABLE)
3820:platform/HAL/src/stm32g4xx_hal_spi.c ****     {
3821:platform/HAL/src/stm32g4xx_hal_spi.c ****       hspi->RxISR =  SPI_RxISR_8BITCRC;
3822:platform/HAL/src/stm32g4xx_hal_spi.c ****       return;
3823:platform/HAL/src/stm32g4xx_hal_spi.c ****     }
3824:platform/HAL/src/stm32g4xx_hal_spi.c **** #endif /* USE_SPI_CRC */
3825:platform/HAL/src/stm32g4xx_hal_spi.c ****     SPI_CloseRx_ISR(hspi);
3826:platform/HAL/src/stm32g4xx_hal_spi.c ****   }
3827:platform/HAL/src/stm32g4xx_hal_spi.c **** }
3828:platform/HAL/src/stm32g4xx_hal_spi.c **** 
3829:platform/HAL/src/stm32g4xx_hal_spi.c **** #if (USE_SPI_CRC != 0U)
3830:platform/HAL/src/stm32g4xx_hal_spi.c **** /**
3831:platform/HAL/src/stm32g4xx_hal_spi.c ****   * @brief  Manage the CRC 16-bit receive in Interrupt context.
3832:platform/HAL/src/stm32g4xx_hal_spi.c ****   * @param  hspi pointer to a SPI_HandleTypeDef structure that contains
3833:platform/HAL/src/stm32g4xx_hal_spi.c ****   *               the configuration information for SPI module.
3834:platform/HAL/src/stm32g4xx_hal_spi.c ****   * @retval None
3835:platform/HAL/src/stm32g4xx_hal_spi.c ****   */
3836:platform/HAL/src/stm32g4xx_hal_spi.c **** static void SPI_RxISR_16BITCRC(struct __SPI_HandleTypeDef *hspi)
3837:platform/HAL/src/stm32g4xx_hal_spi.c **** {
3838:platform/HAL/src/stm32g4xx_hal_spi.c ****   __IO uint32_t tmpreg = 0U;
3839:platform/HAL/src/stm32g4xx_hal_spi.c **** 
3840:platform/HAL/src/stm32g4xx_hal_spi.c ****   /* Read 16bit CRC to flush Data Register */
3841:platform/HAL/src/stm32g4xx_hal_spi.c ****   tmpreg = READ_REG(hspi->Instance->DR);
3842:platform/HAL/src/stm32g4xx_hal_spi.c ****   /* To avoid GCC warning */
3843:platform/HAL/src/stm32g4xx_hal_spi.c ****   UNUSED(tmpreg);
3844:platform/HAL/src/stm32g4xx_hal_spi.c **** 
3845:platform/HAL/src/stm32g4xx_hal_spi.c ****   /* Disable RXNE and ERR interrupt */
3846:platform/HAL/src/stm32g4xx_hal_spi.c ****   __HAL_SPI_DISABLE_IT(hspi, (SPI_IT_RXNE | SPI_IT_ERR));
3847:platform/HAL/src/stm32g4xx_hal_spi.c **** 
3848:platform/HAL/src/stm32g4xx_hal_spi.c ****   SPI_CloseRx_ISR(hspi);
3849:platform/HAL/src/stm32g4xx_hal_spi.c **** }
ARM GAS  /tmp/ccMpXq91.s 			page 69


3850:platform/HAL/src/stm32g4xx_hal_spi.c **** #endif /* USE_SPI_CRC */
3851:platform/HAL/src/stm32g4xx_hal_spi.c **** 
3852:platform/HAL/src/stm32g4xx_hal_spi.c **** /**
3853:platform/HAL/src/stm32g4xx_hal_spi.c ****   * @brief  Manage the 16-bit receive in Interrupt context.
3854:platform/HAL/src/stm32g4xx_hal_spi.c ****   * @param  hspi pointer to a SPI_HandleTypeDef structure that contains
3855:platform/HAL/src/stm32g4xx_hal_spi.c ****   *               the configuration information for SPI module.
3856:platform/HAL/src/stm32g4xx_hal_spi.c ****   * @retval None
3857:platform/HAL/src/stm32g4xx_hal_spi.c ****   */
3858:platform/HAL/src/stm32g4xx_hal_spi.c **** static void SPI_RxISR_16BIT(struct __SPI_HandleTypeDef *hspi)
3859:platform/HAL/src/stm32g4xx_hal_spi.c **** {
3860:platform/HAL/src/stm32g4xx_hal_spi.c ****   *((uint16_t *)hspi->pRxBuffPtr) = (uint16_t)(hspi->Instance->DR);
3861:platform/HAL/src/stm32g4xx_hal_spi.c ****   hspi->pRxBuffPtr += sizeof(uint16_t);
3862:platform/HAL/src/stm32g4xx_hal_spi.c ****   hspi->RxXferCount--;
3863:platform/HAL/src/stm32g4xx_hal_spi.c **** 
3864:platform/HAL/src/stm32g4xx_hal_spi.c **** #if (USE_SPI_CRC != 0U)
3865:platform/HAL/src/stm32g4xx_hal_spi.c ****   /* Enable CRC Transmission */
3866:platform/HAL/src/stm32g4xx_hal_spi.c ****   if ((hspi->RxXferCount == 1U) && (hspi->Init.CRCCalculation == SPI_CRCCALCULATION_ENABLE))
3867:platform/HAL/src/stm32g4xx_hal_spi.c ****   {
3868:platform/HAL/src/stm32g4xx_hal_spi.c ****     SET_BIT(hspi->Instance->CR1, SPI_CR1_CRCNEXT);
3869:platform/HAL/src/stm32g4xx_hal_spi.c ****   }
3870:platform/HAL/src/stm32g4xx_hal_spi.c **** #endif /* USE_SPI_CRC */
3871:platform/HAL/src/stm32g4xx_hal_spi.c **** 
3872:platform/HAL/src/stm32g4xx_hal_spi.c ****   if (hspi->RxXferCount == 0U)
3873:platform/HAL/src/stm32g4xx_hal_spi.c ****   {
3874:platform/HAL/src/stm32g4xx_hal_spi.c **** #if (USE_SPI_CRC != 0U)
3875:platform/HAL/src/stm32g4xx_hal_spi.c ****     if (hspi->Init.CRCCalculation == SPI_CRCCALCULATION_ENABLE)
3876:platform/HAL/src/stm32g4xx_hal_spi.c ****     {
3877:platform/HAL/src/stm32g4xx_hal_spi.c ****       hspi->RxISR = SPI_RxISR_16BITCRC;
3878:platform/HAL/src/stm32g4xx_hal_spi.c ****       return;
3879:platform/HAL/src/stm32g4xx_hal_spi.c ****     }
3880:platform/HAL/src/stm32g4xx_hal_spi.c **** #endif /* USE_SPI_CRC */
3881:platform/HAL/src/stm32g4xx_hal_spi.c ****     SPI_CloseRx_ISR(hspi);
3882:platform/HAL/src/stm32g4xx_hal_spi.c ****   }
3883:platform/HAL/src/stm32g4xx_hal_spi.c **** }
3884:platform/HAL/src/stm32g4xx_hal_spi.c **** 
3885:platform/HAL/src/stm32g4xx_hal_spi.c **** /**
3886:platform/HAL/src/stm32g4xx_hal_spi.c ****   * @brief  Handle the data 8-bit transmit in Interrupt mode.
3887:platform/HAL/src/stm32g4xx_hal_spi.c ****   * @param  hspi pointer to a SPI_HandleTypeDef structure that contains
3888:platform/HAL/src/stm32g4xx_hal_spi.c ****   *               the configuration information for SPI module.
3889:platform/HAL/src/stm32g4xx_hal_spi.c ****   * @retval None
3890:platform/HAL/src/stm32g4xx_hal_spi.c ****   */
3891:platform/HAL/src/stm32g4xx_hal_spi.c **** static void SPI_TxISR_8BIT(struct __SPI_HandleTypeDef *hspi)
3892:platform/HAL/src/stm32g4xx_hal_spi.c **** {
3893:platform/HAL/src/stm32g4xx_hal_spi.c ****   *(__IO uint8_t *)&hspi->Instance->DR = *((const uint8_t *)hspi->pTxBuffPtr);
3894:platform/HAL/src/stm32g4xx_hal_spi.c ****   hspi->pTxBuffPtr++;
3895:platform/HAL/src/stm32g4xx_hal_spi.c ****   hspi->TxXferCount--;
3896:platform/HAL/src/stm32g4xx_hal_spi.c **** 
3897:platform/HAL/src/stm32g4xx_hal_spi.c ****   if (hspi->TxXferCount == 0U)
3898:platform/HAL/src/stm32g4xx_hal_spi.c ****   {
3899:platform/HAL/src/stm32g4xx_hal_spi.c **** #if (USE_SPI_CRC != 0U)
3900:platform/HAL/src/stm32g4xx_hal_spi.c ****     if (hspi->Init.CRCCalculation == SPI_CRCCALCULATION_ENABLE)
3901:platform/HAL/src/stm32g4xx_hal_spi.c ****     {
3902:platform/HAL/src/stm32g4xx_hal_spi.c ****       /* Enable CRC Transmission */
3903:platform/HAL/src/stm32g4xx_hal_spi.c ****       SET_BIT(hspi->Instance->CR1, SPI_CR1_CRCNEXT);
3904:platform/HAL/src/stm32g4xx_hal_spi.c ****     }
3905:platform/HAL/src/stm32g4xx_hal_spi.c **** #endif /* USE_SPI_CRC */
3906:platform/HAL/src/stm32g4xx_hal_spi.c ****     SPI_CloseTx_ISR(hspi);
ARM GAS  /tmp/ccMpXq91.s 			page 70


3907:platform/HAL/src/stm32g4xx_hal_spi.c ****   }
3908:platform/HAL/src/stm32g4xx_hal_spi.c **** }
3909:platform/HAL/src/stm32g4xx_hal_spi.c **** 
3910:platform/HAL/src/stm32g4xx_hal_spi.c **** /**
3911:platform/HAL/src/stm32g4xx_hal_spi.c ****   * @brief  Handle the data 16-bit transmit in Interrupt mode.
3912:platform/HAL/src/stm32g4xx_hal_spi.c ****   * @param  hspi pointer to a SPI_HandleTypeDef structure that contains
3913:platform/HAL/src/stm32g4xx_hal_spi.c ****   *               the configuration information for SPI module.
3914:platform/HAL/src/stm32g4xx_hal_spi.c ****   * @retval None
3915:platform/HAL/src/stm32g4xx_hal_spi.c ****   */
3916:platform/HAL/src/stm32g4xx_hal_spi.c **** static void SPI_TxISR_16BIT(struct __SPI_HandleTypeDef *hspi)
3917:platform/HAL/src/stm32g4xx_hal_spi.c **** {
3918:platform/HAL/src/stm32g4xx_hal_spi.c ****   /* Transmit data in 16 Bit mode */
3919:platform/HAL/src/stm32g4xx_hal_spi.c ****   hspi->Instance->DR = *((const uint16_t *)hspi->pTxBuffPtr);
3920:platform/HAL/src/stm32g4xx_hal_spi.c ****   hspi->pTxBuffPtr += sizeof(uint16_t);
3921:platform/HAL/src/stm32g4xx_hal_spi.c ****   hspi->TxXferCount--;
3922:platform/HAL/src/stm32g4xx_hal_spi.c **** 
3923:platform/HAL/src/stm32g4xx_hal_spi.c ****   if (hspi->TxXferCount == 0U)
3924:platform/HAL/src/stm32g4xx_hal_spi.c ****   {
3925:platform/HAL/src/stm32g4xx_hal_spi.c **** #if (USE_SPI_CRC != 0U)
3926:platform/HAL/src/stm32g4xx_hal_spi.c ****     if (hspi->Init.CRCCalculation == SPI_CRCCALCULATION_ENABLE)
3927:platform/HAL/src/stm32g4xx_hal_spi.c ****     {
3928:platform/HAL/src/stm32g4xx_hal_spi.c ****       /* Enable CRC Transmission */
3929:platform/HAL/src/stm32g4xx_hal_spi.c ****       SET_BIT(hspi->Instance->CR1, SPI_CR1_CRCNEXT);
3930:platform/HAL/src/stm32g4xx_hal_spi.c ****     }
3931:platform/HAL/src/stm32g4xx_hal_spi.c **** #endif /* USE_SPI_CRC */
3932:platform/HAL/src/stm32g4xx_hal_spi.c ****     SPI_CloseTx_ISR(hspi);
3933:platform/HAL/src/stm32g4xx_hal_spi.c ****   }
3934:platform/HAL/src/stm32g4xx_hal_spi.c **** }
3935:platform/HAL/src/stm32g4xx_hal_spi.c **** 
3936:platform/HAL/src/stm32g4xx_hal_spi.c **** /**
3937:platform/HAL/src/stm32g4xx_hal_spi.c ****   * @brief  Handle SPI Communication Timeout.
3938:platform/HAL/src/stm32g4xx_hal_spi.c ****   * @param  hspi pointer to a SPI_HandleTypeDef structure that contains
3939:platform/HAL/src/stm32g4xx_hal_spi.c ****   *              the configuration information for SPI module.
3940:platform/HAL/src/stm32g4xx_hal_spi.c ****   * @param  Flag SPI flag to check
3941:platform/HAL/src/stm32g4xx_hal_spi.c ****   * @param  State flag state to check
3942:platform/HAL/src/stm32g4xx_hal_spi.c ****   * @param  Timeout Timeout duration
3943:platform/HAL/src/stm32g4xx_hal_spi.c ****   * @param  Tickstart tick start value
3944:platform/HAL/src/stm32g4xx_hal_spi.c ****   * @retval HAL status
3945:platform/HAL/src/stm32g4xx_hal_spi.c ****   */
3946:platform/HAL/src/stm32g4xx_hal_spi.c **** static HAL_StatusTypeDef SPI_WaitFlagStateUntilTimeout(SPI_HandleTypeDef *hspi, uint32_t Flag, Flag
3947:platform/HAL/src/stm32g4xx_hal_spi.c ****                                                        uint32_t Timeout, uint32_t Tickstart)
3948:platform/HAL/src/stm32g4xx_hal_spi.c **** {
  29              		.loc 1 3948 1 view -0
  30              		.cfi_startproc
  31              		@ args = 4, pretend = 0, frame = 8
  32              		@ frame_needed = 0, uses_anonymous_args = 0
  33              		.loc 1 3948 1 is_stmt 0 view .LVU1
  34 0000 2DE9F047 		push	{r4, r5, r6, r7, r8, r9, r10, lr}
  35              	.LCFI0:
  36              		.cfi_def_cfa_offset 32
  37              		.cfi_offset 4, -32
  38              		.cfi_offset 5, -28
  39              		.cfi_offset 6, -24
  40              		.cfi_offset 7, -20
  41              		.cfi_offset 8, -16
  42              		.cfi_offset 9, -12
  43              		.cfi_offset 10, -8
ARM GAS  /tmp/ccMpXq91.s 			page 71


  44              		.cfi_offset 14, -4
  45 0004 82B0     		sub	sp, sp, #8
  46              	.LCFI1:
  47              		.cfi_def_cfa_offset 40
  48 0006 0546     		mov	r5, r0
  49 0008 8846     		mov	r8, r1
  50 000a 1746     		mov	r7, r2
  51 000c 1E46     		mov	r6, r3
3949:platform/HAL/src/stm32g4xx_hal_spi.c ****   __IO uint32_t count;
  52              		.loc 1 3949 3 is_stmt 1 view .LVU2
3950:platform/HAL/src/stm32g4xx_hal_spi.c ****   uint32_t tmp_timeout;
  53              		.loc 1 3950 3 view .LVU3
3951:platform/HAL/src/stm32g4xx_hal_spi.c ****   uint32_t tmp_tickstart;
  54              		.loc 1 3951 3 view .LVU4
3952:platform/HAL/src/stm32g4xx_hal_spi.c **** 
3953:platform/HAL/src/stm32g4xx_hal_spi.c ****   /* Adjust Timeout value  in case of end of transfer */
3954:platform/HAL/src/stm32g4xx_hal_spi.c ****   tmp_timeout   = Timeout - (HAL_GetTick() - Tickstart);
  55              		.loc 1 3954 3 view .LVU5
  56              		.loc 1 3954 30 is_stmt 0 view .LVU6
  57 000e FFF7FEFF 		bl	HAL_GetTick
  58              	.LVL1:
  59              		.loc 1 3954 44 discriminator 1 view .LVU7
  60 0012 0A9B     		ldr	r3, [sp, #40]
  61 0014 1B1A     		subs	r3, r3, r0
  62              		.loc 1 3954 17 discriminator 1 view .LVU8
  63 0016 03EB0609 		add	r9, r3, r6
  64              	.LVL2:
3955:platform/HAL/src/stm32g4xx_hal_spi.c ****   tmp_tickstart = HAL_GetTick();
  65              		.loc 1 3955 3 is_stmt 1 view .LVU9
  66              		.loc 1 3955 19 is_stmt 0 view .LVU10
  67 001a FFF7FEFF 		bl	HAL_GetTick
  68              	.LVL3:
  69 001e 8246     		mov	r10, r0
  70              	.LVL4:
3956:platform/HAL/src/stm32g4xx_hal_spi.c **** 
3957:platform/HAL/src/stm32g4xx_hal_spi.c ****   /* Calculate Timeout based on a software loop to avoid blocking issue if Systick is disabled */
3958:platform/HAL/src/stm32g4xx_hal_spi.c ****   count = tmp_timeout * ((SystemCoreClock * 32U) >> 20U);
  71              		.loc 1 3958 3 is_stmt 1 view .LVU11
  72              		.loc 1 3958 43 is_stmt 0 view .LVU12
  73 0020 284B     		ldr	r3, .L16
  74 0022 1B68     		ldr	r3, [r3]
  75              		.loc 1 3958 50 view .LVU13
  76 0024 C3F3CB33 		ubfx	r3, r3, #15, #12
  77              		.loc 1 3958 23 view .LVU14
  78 0028 09FB03F3 		mul	r3, r9, r3
  79              		.loc 1 3958 9 view .LVU15
  80 002c 0193     		str	r3, [sp, #4]
3959:platform/HAL/src/stm32g4xx_hal_spi.c **** 
3960:platform/HAL/src/stm32g4xx_hal_spi.c ****   while ((__HAL_SPI_GET_FLAG(hspi, Flag) ? SET : RESET) != State)
  81              		.loc 1 3960 3 is_stmt 1 view .LVU16
  82              	.LVL5:
  83              	.L3:
  84              		.loc 1 3960 57 view .LVU17
  85              		.loc 1 3960 11 is_stmt 0 view .LVU18
  86 002e 2B68     		ldr	r3, [r5]
  87 0030 9C68     		ldr	r4, [r3, #8]
  88              		.loc 1 3960 48 view .LVU19
ARM GAS  /tmp/ccMpXq91.s 			page 72


  89 0032 38EA0404 		bics	r4, r8, r4
  90 0036 0CBF     		ite	eq
  91 0038 0123     		moveq	r3, #1
  92 003a 0023     		movne	r3, #0
  93              		.loc 1 3960 57 view .LVU20
  94 003c BB42     		cmp	r3, r7
  95 003e 3DD0     		beq	.L12
3961:platform/HAL/src/stm32g4xx_hal_spi.c ****   {
3962:platform/HAL/src/stm32g4xx_hal_spi.c ****     if (Timeout != HAL_MAX_DELAY)
  96              		.loc 1 3962 5 is_stmt 1 view .LVU21
  97              		.loc 1 3962 8 is_stmt 0 view .LVU22
  98 0040 B6F1FF3F 		cmp	r6, #-1
  99 0044 F3D0     		beq	.L3
3963:platform/HAL/src/stm32g4xx_hal_spi.c ****     {
3964:platform/HAL/src/stm32g4xx_hal_spi.c ****       if (((HAL_GetTick() - tmp_tickstart) >= tmp_timeout) || (tmp_timeout == 0U))
 100              		.loc 1 3964 7 is_stmt 1 view .LVU23
 101              		.loc 1 3964 13 is_stmt 0 view .LVU24
 102 0046 FFF7FEFF 		bl	HAL_GetTick
 103              	.LVL6:
 104              		.loc 1 3964 27 discriminator 1 view .LVU25
 105 004a A0EB0A00 		sub	r0, r0, r10
 106              		.loc 1 3964 10 discriminator 1 view .LVU26
 107 004e 4845     		cmp	r0, r9
 108 0050 07D2     		bcs	.L13
3965:platform/HAL/src/stm32g4xx_hal_spi.c ****       {
3966:platform/HAL/src/stm32g4xx_hal_spi.c ****         /* Disable the SPI and reset the CRC: the CRC value should be cleared
3967:platform/HAL/src/stm32g4xx_hal_spi.c ****            on both master and slave sides in order to resynchronize the master
3968:platform/HAL/src/stm32g4xx_hal_spi.c ****            and slave for their respective CRC calculation */
3969:platform/HAL/src/stm32g4xx_hal_spi.c **** 
3970:platform/HAL/src/stm32g4xx_hal_spi.c ****         /* Disable TXE, RXNE and ERR interrupts for the interrupt process */
3971:platform/HAL/src/stm32g4xx_hal_spi.c ****         __HAL_SPI_DISABLE_IT(hspi, (SPI_IT_TXE | SPI_IT_RXNE | SPI_IT_ERR));
3972:platform/HAL/src/stm32g4xx_hal_spi.c **** 
3973:platform/HAL/src/stm32g4xx_hal_spi.c ****         if ((hspi->Init.Mode == SPI_MODE_MASTER) && ((hspi->Init.Direction == SPI_DIRECTION_1LINE)
3974:platform/HAL/src/stm32g4xx_hal_spi.c ****                                                      || (hspi->Init.Direction == SPI_DIRECTION_2LIN
3975:platform/HAL/src/stm32g4xx_hal_spi.c ****         {
3976:platform/HAL/src/stm32g4xx_hal_spi.c ****           /* Disable SPI peripheral */
3977:platform/HAL/src/stm32g4xx_hal_spi.c ****           __HAL_SPI_DISABLE(hspi);
3978:platform/HAL/src/stm32g4xx_hal_spi.c ****         }
3979:platform/HAL/src/stm32g4xx_hal_spi.c **** 
3980:platform/HAL/src/stm32g4xx_hal_spi.c ****         /* Reset CRC Calculation */
3981:platform/HAL/src/stm32g4xx_hal_spi.c ****         if (hspi->Init.CRCCalculation == SPI_CRCCALCULATION_ENABLE)
3982:platform/HAL/src/stm32g4xx_hal_spi.c ****         {
3983:platform/HAL/src/stm32g4xx_hal_spi.c ****           SPI_RESET_CRC(hspi);
3984:platform/HAL/src/stm32g4xx_hal_spi.c ****         }
3985:platform/HAL/src/stm32g4xx_hal_spi.c **** 
3986:platform/HAL/src/stm32g4xx_hal_spi.c ****         hspi->State = HAL_SPI_STATE_READY;
3987:platform/HAL/src/stm32g4xx_hal_spi.c **** 
3988:platform/HAL/src/stm32g4xx_hal_spi.c ****         /* Process Unlocked */
3989:platform/HAL/src/stm32g4xx_hal_spi.c ****         __HAL_UNLOCK(hspi);
3990:platform/HAL/src/stm32g4xx_hal_spi.c **** 
3991:platform/HAL/src/stm32g4xx_hal_spi.c ****         return HAL_TIMEOUT;
3992:platform/HAL/src/stm32g4xx_hal_spi.c ****       }
3993:platform/HAL/src/stm32g4xx_hal_spi.c ****       /* If Systick is disabled or not incremented, deactivate timeout to go in disable loop proced
3994:platform/HAL/src/stm32g4xx_hal_spi.c ****       if (count == 0U)
 109              		.loc 1 3994 7 is_stmt 1 view .LVU27
 110              		.loc 1 3994 17 is_stmt 0 view .LVU28
 111 0052 019A     		ldr	r2, [sp, #4]
ARM GAS  /tmp/ccMpXq91.s 			page 73


 112              		.loc 1 3994 10 view .LVU29
 113 0054 02B1     		cbz	r2, .L9
 114 0056 4A46     		mov	r2, r9
 115              	.L9:
 116              	.LVL7:
3995:platform/HAL/src/stm32g4xx_hal_spi.c ****       {
3996:platform/HAL/src/stm32g4xx_hal_spi.c ****         tmp_timeout = 0U;
3997:platform/HAL/src/stm32g4xx_hal_spi.c ****       }
3998:platform/HAL/src/stm32g4xx_hal_spi.c ****       count--;
 117              		.loc 1 3998 7 is_stmt 1 view .LVU30
 118              		.loc 1 3998 12 is_stmt 0 view .LVU31
 119 0058 019B     		ldr	r3, [sp, #4]
 120 005a 013B     		subs	r3, r3, #1
 121 005c 0193     		str	r3, [sp, #4]
 122 005e 9146     		mov	r9, r2
 123 0060 E5E7     		b	.L3
 124              	.LVL8:
 125              	.L13:
3971:platform/HAL/src/stm32g4xx_hal_spi.c **** 
 126              		.loc 1 3971 9 is_stmt 1 view .LVU32
 127 0062 2A68     		ldr	r2, [r5]
 128 0064 5368     		ldr	r3, [r2, #4]
 129 0066 23F0E003 		bic	r3, r3, #224
 130 006a 5360     		str	r3, [r2, #4]
3973:platform/HAL/src/stm32g4xx_hal_spi.c ****                                                      || (hspi->Init.Direction == SPI_DIRECTION_2LIN
 131              		.loc 1 3973 9 view .LVU33
3973:platform/HAL/src/stm32g4xx_hal_spi.c ****                                                      || (hspi->Init.Direction == SPI_DIRECTION_2LIN
 132              		.loc 1 3973 24 is_stmt 0 view .LVU34
 133 006c 6B68     		ldr	r3, [r5, #4]
3973:platform/HAL/src/stm32g4xx_hal_spi.c ****                                                      || (hspi->Init.Direction == SPI_DIRECTION_2LIN
 134              		.loc 1 3973 12 view .LVU35
 135 006e B3F5827F 		cmp	r3, #260
 136 0072 0BD0     		beq	.L14
 137              	.L5:
3981:platform/HAL/src/stm32g4xx_hal_spi.c ****         {
 138              		.loc 1 3981 9 is_stmt 1 view .LVU36
3981:platform/HAL/src/stm32g4xx_hal_spi.c ****         {
 139              		.loc 1 3981 23 is_stmt 0 view .LVU37
 140 0074 AB6A     		ldr	r3, [r5, #40]
3981:platform/HAL/src/stm32g4xx_hal_spi.c ****         {
 141              		.loc 1 3981 12 view .LVU38
 142 0076 B3F5005F 		cmp	r3, #8192
 143 007a 14D0     		beq	.L15
 144              	.L7:
3983:platform/HAL/src/stm32g4xx_hal_spi.c ****         }
 145              		.loc 1 3983 11 is_stmt 1 discriminator 1 view .LVU39
3986:platform/HAL/src/stm32g4xx_hal_spi.c **** 
 146              		.loc 1 3986 9 view .LVU40
3986:platform/HAL/src/stm32g4xx_hal_spi.c **** 
 147              		.loc 1 3986 21 is_stmt 0 view .LVU41
 148 007c 0123     		movs	r3, #1
 149 007e 85F85D30 		strb	r3, [r5, #93]
3989:platform/HAL/src/stm32g4xx_hal_spi.c **** 
 150              		.loc 1 3989 9 is_stmt 1 view .LVU42
3989:platform/HAL/src/stm32g4xx_hal_spi.c **** 
 151              		.loc 1 3989 9 view .LVU43
 152 0082 0023     		movs	r3, #0
ARM GAS  /tmp/ccMpXq91.s 			page 74


 153 0084 85F85C30 		strb	r3, [r5, #92]
3989:platform/HAL/src/stm32g4xx_hal_spi.c **** 
 154              		.loc 1 3989 9 view .LVU44
3991:platform/HAL/src/stm32g4xx_hal_spi.c ****       }
 155              		.loc 1 3991 9 view .LVU45
3991:platform/HAL/src/stm32g4xx_hal_spi.c ****       }
 156              		.loc 1 3991 16 is_stmt 0 view .LVU46
 157 0088 0320     		movs	r0, #3
 158 008a 18E0     		b	.L8
 159              	.L14:
3973:platform/HAL/src/stm32g4xx_hal_spi.c ****                                                      || (hspi->Init.Direction == SPI_DIRECTION_2LIN
 160              		.loc 1 3973 65 discriminator 1 view .LVU47
 161 008c AB68     		ldr	r3, [r5, #8]
3973:platform/HAL/src/stm32g4xx_hal_spi.c ****                                                      || (hspi->Init.Direction == SPI_DIRECTION_2LIN
 162              		.loc 1 3973 50 discriminator 1 view .LVU48
 163 008e B3F5004F 		cmp	r3, #32768
 164 0092 02D0     		beq	.L6
3974:platform/HAL/src/stm32g4xx_hal_spi.c ****         {
 165              		.loc 1 3974 54 view .LVU49
 166 0094 B3F5806F 		cmp	r3, #1024
 167 0098 ECD1     		bne	.L5
 168              	.L6:
3977:platform/HAL/src/stm32g4xx_hal_spi.c ****         }
 169              		.loc 1 3977 11 is_stmt 1 view .LVU50
 170 009a 2A68     		ldr	r2, [r5]
 171 009c 1368     		ldr	r3, [r2]
 172 009e 23F04003 		bic	r3, r3, #64
 173 00a2 1360     		str	r3, [r2]
 174 00a4 E6E7     		b	.L5
 175              	.L15:
3983:platform/HAL/src/stm32g4xx_hal_spi.c ****         }
 176              		.loc 1 3983 11 view .LVU51
3983:platform/HAL/src/stm32g4xx_hal_spi.c ****         }
 177              		.loc 1 3983 11 view .LVU52
 178 00a6 2A68     		ldr	r2, [r5]
 179 00a8 1368     		ldr	r3, [r2]
 180 00aa 23F40053 		bic	r3, r3, #8192
 181 00ae 1360     		str	r3, [r2]
3983:platform/HAL/src/stm32g4xx_hal_spi.c ****         }
 182              		.loc 1 3983 11 view .LVU53
 183 00b0 2A68     		ldr	r2, [r5]
 184 00b2 1368     		ldr	r3, [r2]
 185 00b4 43F40053 		orr	r3, r3, #8192
 186 00b8 1360     		str	r3, [r2]
 187 00ba DFE7     		b	.L7
 188              	.L12:
3999:platform/HAL/src/stm32g4xx_hal_spi.c ****     }
4000:platform/HAL/src/stm32g4xx_hal_spi.c ****   }
4001:platform/HAL/src/stm32g4xx_hal_spi.c **** 
4002:platform/HAL/src/stm32g4xx_hal_spi.c ****   return HAL_OK;
 189              		.loc 1 4002 10 is_stmt 0 view .LVU54
 190 00bc 0020     		movs	r0, #0
 191              	.L8:
4003:platform/HAL/src/stm32g4xx_hal_spi.c **** }
 192              		.loc 1 4003 1 view .LVU55
 193 00be 02B0     		add	sp, sp, #8
 194              	.LCFI2:
ARM GAS  /tmp/ccMpXq91.s 			page 75


 195              		.cfi_def_cfa_offset 32
 196              		@ sp needed
 197 00c0 BDE8F087 		pop	{r4, r5, r6, r7, r8, r9, r10, pc}
 198              	.LVL9:
 199              	.L17:
 200              		.loc 1 4003 1 view .LVU56
 201              		.align	2
 202              	.L16:
 203 00c4 00000000 		.word	SystemCoreClock
 204              		.cfi_endproc
 205              	.LFE376:
 207              		.section	.text.SPI_WaitFifoStateUntilTimeout,"ax",%progbits
 208              		.align	1
 209              		.syntax unified
 210              		.thumb
 211              		.thumb_func
 213              	SPI_WaitFifoStateUntilTimeout:
 214              	.LVL10:
 215              	.LFB377:
4004:platform/HAL/src/stm32g4xx_hal_spi.c **** 
4005:platform/HAL/src/stm32g4xx_hal_spi.c **** /**
4006:platform/HAL/src/stm32g4xx_hal_spi.c ****   * @brief  Handle SPI FIFO Communication Timeout.
4007:platform/HAL/src/stm32g4xx_hal_spi.c ****   * @param  hspi pointer to a SPI_HandleTypeDef structure that contains
4008:platform/HAL/src/stm32g4xx_hal_spi.c ****   *              the configuration information for SPI module.
4009:platform/HAL/src/stm32g4xx_hal_spi.c ****   * @param  Fifo Fifo to check
4010:platform/HAL/src/stm32g4xx_hal_spi.c ****   * @param  State Fifo state to check
4011:platform/HAL/src/stm32g4xx_hal_spi.c ****   * @param  Timeout Timeout duration
4012:platform/HAL/src/stm32g4xx_hal_spi.c ****   * @param  Tickstart tick start value
4013:platform/HAL/src/stm32g4xx_hal_spi.c ****   * @retval HAL status
4014:platform/HAL/src/stm32g4xx_hal_spi.c ****   */
4015:platform/HAL/src/stm32g4xx_hal_spi.c **** static HAL_StatusTypeDef SPI_WaitFifoStateUntilTimeout(SPI_HandleTypeDef *hspi, uint32_t Fifo, uint
4016:platform/HAL/src/stm32g4xx_hal_spi.c ****                                                        uint32_t Timeout, uint32_t Tickstart)
4017:platform/HAL/src/stm32g4xx_hal_spi.c **** {
 216              		.loc 1 4017 1 is_stmt 1 view -0
 217              		.cfi_startproc
 218              		@ args = 4, pretend = 0, frame = 8
 219              		@ frame_needed = 0, uses_anonymous_args = 0
 220              		.loc 1 4017 1 is_stmt 0 view .LVU58
 221 0000 2DE9F047 		push	{r4, r5, r6, r7, r8, r9, r10, lr}
 222              	.LCFI3:
 223              		.cfi_def_cfa_offset 32
 224              		.cfi_offset 4, -32
 225              		.cfi_offset 5, -28
 226              		.cfi_offset 6, -24
 227              		.cfi_offset 7, -20
 228              		.cfi_offset 8, -16
 229              		.cfi_offset 9, -12
 230              		.cfi_offset 10, -8
 231              		.cfi_offset 14, -4
 232 0004 82B0     		sub	sp, sp, #8
 233              	.LCFI4:
 234              		.cfi_def_cfa_offset 40
 235 0006 0646     		mov	r6, r0
 236 0008 0C46     		mov	r4, r1
 237 000a 1546     		mov	r5, r2
 238 000c 1F46     		mov	r7, r3
4018:platform/HAL/src/stm32g4xx_hal_spi.c ****   __IO uint32_t count;
ARM GAS  /tmp/ccMpXq91.s 			page 76


 239              		.loc 1 4018 3 is_stmt 1 view .LVU59
4019:platform/HAL/src/stm32g4xx_hal_spi.c ****   uint32_t tmp_timeout;
 240              		.loc 1 4019 3 view .LVU60
4020:platform/HAL/src/stm32g4xx_hal_spi.c ****   uint32_t tmp_tickstart;
 241              		.loc 1 4020 3 view .LVU61
4021:platform/HAL/src/stm32g4xx_hal_spi.c ****   __IO const uint8_t  *ptmpreg8;
 242              		.loc 1 4021 3 view .LVU62
4022:platform/HAL/src/stm32g4xx_hal_spi.c ****   __IO uint8_t  tmpreg8 = 0;
 243              		.loc 1 4022 3 view .LVU63
 244              		.loc 1 4022 17 is_stmt 0 view .LVU64
 245 000e 0023     		movs	r3, #0
 246              	.LVL11:
 247              		.loc 1 4022 17 view .LVU65
 248 0010 8DF80330 		strb	r3, [sp, #3]
4023:platform/HAL/src/stm32g4xx_hal_spi.c **** 
4024:platform/HAL/src/stm32g4xx_hal_spi.c ****   /* Adjust Timeout value  in case of end of transfer */
4025:platform/HAL/src/stm32g4xx_hal_spi.c ****   tmp_timeout = Timeout - (HAL_GetTick() - Tickstart);
 249              		.loc 1 4025 3 is_stmt 1 view .LVU66
 250              		.loc 1 4025 28 is_stmt 0 view .LVU67
 251 0014 FFF7FEFF 		bl	HAL_GetTick
 252              	.LVL12:
 253              		.loc 1 4025 42 discriminator 1 view .LVU68
 254 0018 0A9B     		ldr	r3, [sp, #40]
 255 001a 1B1A     		subs	r3, r3, r0
 256              		.loc 1 4025 15 discriminator 1 view .LVU69
 257 001c 03EB0708 		add	r8, r3, r7
 258              	.LVL13:
4026:platform/HAL/src/stm32g4xx_hal_spi.c ****   tmp_tickstart = HAL_GetTick();
 259              		.loc 1 4026 3 is_stmt 1 view .LVU70
 260              		.loc 1 4026 19 is_stmt 0 view .LVU71
 261 0020 FFF7FEFF 		bl	HAL_GetTick
 262              	.LVL14:
 263 0024 8146     		mov	r9, r0
 264              	.LVL15:
4027:platform/HAL/src/stm32g4xx_hal_spi.c **** 
4028:platform/HAL/src/stm32g4xx_hal_spi.c ****   /* Initialize the 8bit temporary pointer */
4029:platform/HAL/src/stm32g4xx_hal_spi.c ****   ptmpreg8 = (__IO uint8_t *)&hspi->Instance->DR;
 265              		.loc 1 4029 3 is_stmt 1 view .LVU72
 266              		.loc 1 4029 35 is_stmt 0 view .LVU73
 267 0026 D6F800A0 		ldr	r10, [r6]
 268              	.LVL16:
4030:platform/HAL/src/stm32g4xx_hal_spi.c **** 
4031:platform/HAL/src/stm32g4xx_hal_spi.c ****   /* Calculate Timeout based on a software loop to avoid blocking issue if Systick is disabled */
4032:platform/HAL/src/stm32g4xx_hal_spi.c ****   count = tmp_timeout * ((SystemCoreClock * 35U) >> 20U);
 269              		.loc 1 4032 3 is_stmt 1 view .LVU74
 270              		.loc 1 4032 43 is_stmt 0 view .LVU75
 271 002a 304B     		ldr	r3, .L35
 272 002c 1B68     		ldr	r3, [r3]
 273 002e 03EB8303 		add	r3, r3, r3, lsl #2
 274 0032 C3EBC303 		rsb	r3, r3, r3, lsl #3
 275              		.loc 1 4032 50 view .LVU76
 276 0036 1B0D     		lsrs	r3, r3, #20
 277              		.loc 1 4032 23 view .LVU77
 278 0038 08FB03F3 		mul	r3, r8, r3
 279              		.loc 1 4032 9 view .LVU78
 280 003c 0193     		str	r3, [sp, #4]
4033:platform/HAL/src/stm32g4xx_hal_spi.c **** 
ARM GAS  /tmp/ccMpXq91.s 			page 77


4034:platform/HAL/src/stm32g4xx_hal_spi.c ****   while ((hspi->Instance->SR & Fifo) != State)
 281              		.loc 1 4034 3 is_stmt 1 view .LVU79
 282              		.loc 1 4034 9 is_stmt 0 view .LVU80
 283 003e 02E0     		b	.L21
 284              	.LVL17:
 285              	.L20:
4035:platform/HAL/src/stm32g4xx_hal_spi.c ****   {
4036:platform/HAL/src/stm32g4xx_hal_spi.c ****     if ((Fifo == SPI_SR_FRLVL) && (State == SPI_FRLVL_EMPTY))
4037:platform/HAL/src/stm32g4xx_hal_spi.c ****     {
4038:platform/HAL/src/stm32g4xx_hal_spi.c ****       /* Flush Data Register by a blank read */
4039:platform/HAL/src/stm32g4xx_hal_spi.c ****       tmpreg8 = *ptmpreg8;
4040:platform/HAL/src/stm32g4xx_hal_spi.c ****       /* To avoid GCC warning */
4041:platform/HAL/src/stm32g4xx_hal_spi.c ****       UNUSED(tmpreg8);
4042:platform/HAL/src/stm32g4xx_hal_spi.c ****     }
4043:platform/HAL/src/stm32g4xx_hal_spi.c **** 
4044:platform/HAL/src/stm32g4xx_hal_spi.c ****     if (Timeout != HAL_MAX_DELAY)
 286              		.loc 1 4044 5 is_stmt 1 view .LVU81
 287              		.loc 1 4044 8 is_stmt 0 view .LVU82
 288 0040 B7F1FF3F 		cmp	r7, #-1
 289 0044 12D1     		bne	.L30
 290              	.L21:
4034:platform/HAL/src/stm32g4xx_hal_spi.c ****   {
 291              		.loc 1 4034 38 is_stmt 1 view .LVU83
4034:platform/HAL/src/stm32g4xx_hal_spi.c ****   {
 292              		.loc 1 4034 15 is_stmt 0 view .LVU84
 293 0046 3368     		ldr	r3, [r6]
4034:platform/HAL/src/stm32g4xx_hal_spi.c ****   {
 294              		.loc 1 4034 25 view .LVU85
 295 0048 9B68     		ldr	r3, [r3, #8]
4034:platform/HAL/src/stm32g4xx_hal_spi.c ****   {
 296              		.loc 1 4034 30 view .LVU86
 297 004a 03EA040C 		and	ip, r3, r4
4034:platform/HAL/src/stm32g4xx_hal_spi.c ****   {
 298              		.loc 1 4034 38 view .LVU87
 299 004e AC45     		cmp	ip, r5
 300 0050 47D0     		beq	.L31
4036:platform/HAL/src/stm32g4xx_hal_spi.c ****     {
 301              		.loc 1 4036 5 is_stmt 1 view .LVU88
4036:platform/HAL/src/stm32g4xx_hal_spi.c ****     {
 302              		.loc 1 4036 8 is_stmt 0 view .LVU89
 303 0052 B4F5C06F 		cmp	r4, #1536
 304 0056 F3D1     		bne	.L20
4036:platform/HAL/src/stm32g4xx_hal_spi.c ****     {
 305              		.loc 1 4036 32 discriminator 1 view .LVU90
 306 0058 002D     		cmp	r5, #0
 307 005a F1D1     		bne	.L20
4039:platform/HAL/src/stm32g4xx_hal_spi.c ****       /* To avoid GCC warning */
 308              		.loc 1 4039 7 is_stmt 1 view .LVU91
4039:platform/HAL/src/stm32g4xx_hal_spi.c ****       /* To avoid GCC warning */
 309              		.loc 1 4039 17 is_stmt 0 view .LVU92
 310 005c 9AF80C30 		ldrb	r3, [r10, #12]	@ zero_extendqisi2
 311 0060 DBB2     		uxtb	r3, r3
4039:platform/HAL/src/stm32g4xx_hal_spi.c ****       /* To avoid GCC warning */
 312              		.loc 1 4039 15 view .LVU93
 313 0062 8DF80330 		strb	r3, [sp, #3]
4041:platform/HAL/src/stm32g4xx_hal_spi.c ****     }
 314              		.loc 1 4041 7 is_stmt 1 view .LVU94
ARM GAS  /tmp/ccMpXq91.s 			page 78


 315 0066 9DF80330 		ldrb	r3, [sp, #3]	@ zero_extendqisi2
 316 006a E9E7     		b	.L20
 317              	.L30:
4045:platform/HAL/src/stm32g4xx_hal_spi.c ****     {
4046:platform/HAL/src/stm32g4xx_hal_spi.c ****       if (((HAL_GetTick() - tmp_tickstart) >= tmp_timeout) || (tmp_timeout == 0U))
 318              		.loc 1 4046 7 view .LVU95
 319              		.loc 1 4046 13 is_stmt 0 view .LVU96
 320 006c FFF7FEFF 		bl	HAL_GetTick
 321              	.LVL18:
 322              		.loc 1 4046 27 discriminator 1 view .LVU97
 323 0070 A0EB0900 		sub	r0, r0, r9
 324              		.loc 1 4046 10 discriminator 1 view .LVU98
 325 0074 4045     		cmp	r0, r8
 326 0076 07D2     		bcs	.L32
4047:platform/HAL/src/stm32g4xx_hal_spi.c ****       {
4048:platform/HAL/src/stm32g4xx_hal_spi.c ****         /* Disable the SPI and reset the CRC: the CRC value should be cleared
4049:platform/HAL/src/stm32g4xx_hal_spi.c ****            on both master and slave sides in order to resynchronize the master
4050:platform/HAL/src/stm32g4xx_hal_spi.c ****            and slave for their respective CRC calculation */
4051:platform/HAL/src/stm32g4xx_hal_spi.c **** 
4052:platform/HAL/src/stm32g4xx_hal_spi.c ****         /* Disable TXE, RXNE and ERR interrupts for the interrupt process */
4053:platform/HAL/src/stm32g4xx_hal_spi.c ****         __HAL_SPI_DISABLE_IT(hspi, (SPI_IT_TXE | SPI_IT_RXNE | SPI_IT_ERR));
4054:platform/HAL/src/stm32g4xx_hal_spi.c **** 
4055:platform/HAL/src/stm32g4xx_hal_spi.c ****         if ((hspi->Init.Mode == SPI_MODE_MASTER) && ((hspi->Init.Direction == SPI_DIRECTION_1LINE)
4056:platform/HAL/src/stm32g4xx_hal_spi.c ****                                                      || (hspi->Init.Direction == SPI_DIRECTION_2LIN
4057:platform/HAL/src/stm32g4xx_hal_spi.c ****         {
4058:platform/HAL/src/stm32g4xx_hal_spi.c ****           /* Disable SPI peripheral */
4059:platform/HAL/src/stm32g4xx_hal_spi.c ****           __HAL_SPI_DISABLE(hspi);
4060:platform/HAL/src/stm32g4xx_hal_spi.c ****         }
4061:platform/HAL/src/stm32g4xx_hal_spi.c **** 
4062:platform/HAL/src/stm32g4xx_hal_spi.c ****         /* Reset CRC Calculation */
4063:platform/HAL/src/stm32g4xx_hal_spi.c ****         if (hspi->Init.CRCCalculation == SPI_CRCCALCULATION_ENABLE)
4064:platform/HAL/src/stm32g4xx_hal_spi.c ****         {
4065:platform/HAL/src/stm32g4xx_hal_spi.c ****           SPI_RESET_CRC(hspi);
4066:platform/HAL/src/stm32g4xx_hal_spi.c ****         }
4067:platform/HAL/src/stm32g4xx_hal_spi.c **** 
4068:platform/HAL/src/stm32g4xx_hal_spi.c ****         hspi->State = HAL_SPI_STATE_READY;
4069:platform/HAL/src/stm32g4xx_hal_spi.c **** 
4070:platform/HAL/src/stm32g4xx_hal_spi.c ****         /* Process Unlocked */
4071:platform/HAL/src/stm32g4xx_hal_spi.c ****         __HAL_UNLOCK(hspi);
4072:platform/HAL/src/stm32g4xx_hal_spi.c **** 
4073:platform/HAL/src/stm32g4xx_hal_spi.c ****         return HAL_TIMEOUT;
4074:platform/HAL/src/stm32g4xx_hal_spi.c ****       }
4075:platform/HAL/src/stm32g4xx_hal_spi.c ****       /* If Systick is disabled or not incremented, deactivate timeout to go in disable loop proced
4076:platform/HAL/src/stm32g4xx_hal_spi.c ****       if (count == 0U)
 327              		.loc 1 4076 7 is_stmt 1 view .LVU99
 328              		.loc 1 4076 17 is_stmt 0 view .LVU100
 329 0078 019A     		ldr	r2, [sp, #4]
 330              		.loc 1 4076 10 view .LVU101
 331 007a 02B1     		cbz	r2, .L27
 332 007c 4246     		mov	r2, r8
 333              	.L27:
 334              	.LVL19:
4077:platform/HAL/src/stm32g4xx_hal_spi.c ****       {
4078:platform/HAL/src/stm32g4xx_hal_spi.c ****         tmp_timeout = 0U;
4079:platform/HAL/src/stm32g4xx_hal_spi.c ****       }
4080:platform/HAL/src/stm32g4xx_hal_spi.c ****       count--;
 335              		.loc 1 4080 7 is_stmt 1 view .LVU102
ARM GAS  /tmp/ccMpXq91.s 			page 79


 336              		.loc 1 4080 12 is_stmt 0 view .LVU103
 337 007e 019B     		ldr	r3, [sp, #4]
 338 0080 013B     		subs	r3, r3, #1
 339 0082 0193     		str	r3, [sp, #4]
 340 0084 9046     		mov	r8, r2
 341 0086 DEE7     		b	.L21
 342              	.LVL20:
 343              	.L32:
4053:platform/HAL/src/stm32g4xx_hal_spi.c **** 
 344              		.loc 1 4053 9 is_stmt 1 view .LVU104
 345 0088 3268     		ldr	r2, [r6]
 346 008a 5368     		ldr	r3, [r2, #4]
 347 008c 23F0E003 		bic	r3, r3, #224
 348 0090 5360     		str	r3, [r2, #4]
4055:platform/HAL/src/stm32g4xx_hal_spi.c ****                                                      || (hspi->Init.Direction == SPI_DIRECTION_2LIN
 349              		.loc 1 4055 9 view .LVU105
4055:platform/HAL/src/stm32g4xx_hal_spi.c ****                                                      || (hspi->Init.Direction == SPI_DIRECTION_2LIN
 350              		.loc 1 4055 24 is_stmt 0 view .LVU106
 351 0092 7368     		ldr	r3, [r6, #4]
4055:platform/HAL/src/stm32g4xx_hal_spi.c ****                                                      || (hspi->Init.Direction == SPI_DIRECTION_2LIN
 352              		.loc 1 4055 12 view .LVU107
 353 0094 B3F5827F 		cmp	r3, #260
 354 0098 0BD0     		beq	.L33
 355              	.L23:
4063:platform/HAL/src/stm32g4xx_hal_spi.c ****         {
 356              		.loc 1 4063 9 is_stmt 1 view .LVU108
4063:platform/HAL/src/stm32g4xx_hal_spi.c ****         {
 357              		.loc 1 4063 23 is_stmt 0 view .LVU109
 358 009a B36A     		ldr	r3, [r6, #40]
4063:platform/HAL/src/stm32g4xx_hal_spi.c ****         {
 359              		.loc 1 4063 12 view .LVU110
 360 009c B3F5005F 		cmp	r3, #8192
 361 00a0 14D0     		beq	.L34
 362              	.L25:
4065:platform/HAL/src/stm32g4xx_hal_spi.c ****         }
 363              		.loc 1 4065 11 is_stmt 1 discriminator 1 view .LVU111
4068:platform/HAL/src/stm32g4xx_hal_spi.c **** 
 364              		.loc 1 4068 9 view .LVU112
4068:platform/HAL/src/stm32g4xx_hal_spi.c **** 
 365              		.loc 1 4068 21 is_stmt 0 view .LVU113
 366 00a2 0123     		movs	r3, #1
 367 00a4 86F85D30 		strb	r3, [r6, #93]
4071:platform/HAL/src/stm32g4xx_hal_spi.c **** 
 368              		.loc 1 4071 9 is_stmt 1 view .LVU114
4071:platform/HAL/src/stm32g4xx_hal_spi.c **** 
 369              		.loc 1 4071 9 view .LVU115
 370 00a8 0023     		movs	r3, #0
 371 00aa 86F85C30 		strb	r3, [r6, #92]
4071:platform/HAL/src/stm32g4xx_hal_spi.c **** 
 372              		.loc 1 4071 9 view .LVU116
4073:platform/HAL/src/stm32g4xx_hal_spi.c ****       }
 373              		.loc 1 4073 9 view .LVU117
4073:platform/HAL/src/stm32g4xx_hal_spi.c ****       }
 374              		.loc 1 4073 16 is_stmt 0 view .LVU118
 375 00ae 0320     		movs	r0, #3
 376 00b0 18E0     		b	.L26
 377              	.L33:
ARM GAS  /tmp/ccMpXq91.s 			page 80


4055:platform/HAL/src/stm32g4xx_hal_spi.c ****                                                      || (hspi->Init.Direction == SPI_DIRECTION_2LIN
 378              		.loc 1 4055 65 discriminator 1 view .LVU119
 379 00b2 B368     		ldr	r3, [r6, #8]
4055:platform/HAL/src/stm32g4xx_hal_spi.c ****                                                      || (hspi->Init.Direction == SPI_DIRECTION_2LIN
 380              		.loc 1 4055 50 discriminator 1 view .LVU120
 381 00b4 B3F5004F 		cmp	r3, #32768
 382 00b8 02D0     		beq	.L24
4056:platform/HAL/src/stm32g4xx_hal_spi.c ****         {
 383              		.loc 1 4056 54 view .LVU121
 384 00ba B3F5806F 		cmp	r3, #1024
 385 00be ECD1     		bne	.L23
 386              	.L24:
4059:platform/HAL/src/stm32g4xx_hal_spi.c ****         }
 387              		.loc 1 4059 11 is_stmt 1 view .LVU122
 388 00c0 3268     		ldr	r2, [r6]
 389 00c2 1368     		ldr	r3, [r2]
 390 00c4 23F04003 		bic	r3, r3, #64
 391 00c8 1360     		str	r3, [r2]
 392 00ca E6E7     		b	.L23
 393              	.L34:
4065:platform/HAL/src/stm32g4xx_hal_spi.c ****         }
 394              		.loc 1 4065 11 view .LVU123
4065:platform/HAL/src/stm32g4xx_hal_spi.c ****         }
 395              		.loc 1 4065 11 view .LVU124
 396 00cc 3268     		ldr	r2, [r6]
 397 00ce 1368     		ldr	r3, [r2]
 398 00d0 23F40053 		bic	r3, r3, #8192
 399 00d4 1360     		str	r3, [r2]
4065:platform/HAL/src/stm32g4xx_hal_spi.c ****         }
 400              		.loc 1 4065 11 view .LVU125
 401 00d6 3268     		ldr	r2, [r6]
 402 00d8 1368     		ldr	r3, [r2]
 403 00da 43F40053 		orr	r3, r3, #8192
 404 00de 1360     		str	r3, [r2]
 405 00e0 DFE7     		b	.L25
 406              	.L31:
4081:platform/HAL/src/stm32g4xx_hal_spi.c ****     }
4082:platform/HAL/src/stm32g4xx_hal_spi.c ****   }
4083:platform/HAL/src/stm32g4xx_hal_spi.c **** 
4084:platform/HAL/src/stm32g4xx_hal_spi.c ****   return HAL_OK;
 407              		.loc 1 4084 10 is_stmt 0 view .LVU126
 408 00e2 0020     		movs	r0, #0
 409              	.L26:
4085:platform/HAL/src/stm32g4xx_hal_spi.c **** }
 410              		.loc 1 4085 1 view .LVU127
 411 00e4 02B0     		add	sp, sp, #8
 412              	.LCFI5:
 413              		.cfi_def_cfa_offset 32
 414              		@ sp needed
 415 00e6 BDE8F087 		pop	{r4, r5, r6, r7, r8, r9, r10, pc}
 416              	.LVL21:
 417              	.L36:
 418              		.loc 1 4085 1 view .LVU128
 419 00ea 00BF     		.align	2
 420              	.L35:
 421 00ec 00000000 		.word	SystemCoreClock
 422              		.cfi_endproc
ARM GAS  /tmp/ccMpXq91.s 			page 81


 423              	.LFE377:
 425              		.section	.text.SPI_EndRxTxTransaction,"ax",%progbits
 426              		.align	1
 427              		.syntax unified
 428              		.thumb
 429              		.thumb_func
 431              	SPI_EndRxTxTransaction:
 432              	.LVL22:
 433              	.LFB379:
4086:platform/HAL/src/stm32g4xx_hal_spi.c **** 
4087:platform/HAL/src/stm32g4xx_hal_spi.c **** /**
4088:platform/HAL/src/stm32g4xx_hal_spi.c ****   * @brief  Handle the check of the RX transaction complete.
4089:platform/HAL/src/stm32g4xx_hal_spi.c ****   * @param  hspi pointer to a SPI_HandleTypeDef structure that contains
4090:platform/HAL/src/stm32g4xx_hal_spi.c ****   *               the configuration information for SPI module.
4091:platform/HAL/src/stm32g4xx_hal_spi.c ****   * @param  Timeout Timeout duration
4092:platform/HAL/src/stm32g4xx_hal_spi.c ****   * @param  Tickstart tick start value
4093:platform/HAL/src/stm32g4xx_hal_spi.c ****   * @retval HAL status
4094:platform/HAL/src/stm32g4xx_hal_spi.c ****   */
4095:platform/HAL/src/stm32g4xx_hal_spi.c **** static HAL_StatusTypeDef SPI_EndRxTransaction(SPI_HandleTypeDef *hspi,  uint32_t Timeout, uint32_t 
4096:platform/HAL/src/stm32g4xx_hal_spi.c **** {
4097:platform/HAL/src/stm32g4xx_hal_spi.c ****   if ((hspi->Init.Mode == SPI_MODE_MASTER) && ((hspi->Init.Direction == SPI_DIRECTION_1LINE)
4098:platform/HAL/src/stm32g4xx_hal_spi.c ****                                                || (hspi->Init.Direction == SPI_DIRECTION_2LINES_RXO
4099:platform/HAL/src/stm32g4xx_hal_spi.c ****   {
4100:platform/HAL/src/stm32g4xx_hal_spi.c ****     /* Disable SPI peripheral */
4101:platform/HAL/src/stm32g4xx_hal_spi.c ****     __HAL_SPI_DISABLE(hspi);
4102:platform/HAL/src/stm32g4xx_hal_spi.c ****   }
4103:platform/HAL/src/stm32g4xx_hal_spi.c **** 
4104:platform/HAL/src/stm32g4xx_hal_spi.c ****   /* Control the BSY flag */
4105:platform/HAL/src/stm32g4xx_hal_spi.c ****   if (SPI_WaitFlagStateUntilTimeout(hspi, SPI_FLAG_BSY, RESET, Timeout, Tickstart) != HAL_OK)
4106:platform/HAL/src/stm32g4xx_hal_spi.c ****   {
4107:platform/HAL/src/stm32g4xx_hal_spi.c ****     SET_BIT(hspi->ErrorCode, HAL_SPI_ERROR_FLAG);
4108:platform/HAL/src/stm32g4xx_hal_spi.c ****     return HAL_TIMEOUT;
4109:platform/HAL/src/stm32g4xx_hal_spi.c ****   }
4110:platform/HAL/src/stm32g4xx_hal_spi.c **** 
4111:platform/HAL/src/stm32g4xx_hal_spi.c ****   if ((hspi->Init.Mode == SPI_MODE_MASTER) && ((hspi->Init.Direction == SPI_DIRECTION_1LINE)
4112:platform/HAL/src/stm32g4xx_hal_spi.c ****                                                || (hspi->Init.Direction == SPI_DIRECTION_2LINES_RXO
4113:platform/HAL/src/stm32g4xx_hal_spi.c ****   {
4114:platform/HAL/src/stm32g4xx_hal_spi.c ****     /* Empty the FRLVL fifo */
4115:platform/HAL/src/stm32g4xx_hal_spi.c ****     if (SPI_WaitFifoStateUntilTimeout(hspi, SPI_FLAG_FRLVL, SPI_FRLVL_EMPTY, Timeout, Tickstart) !=
4116:platform/HAL/src/stm32g4xx_hal_spi.c ****     {
4117:platform/HAL/src/stm32g4xx_hal_spi.c ****       SET_BIT(hspi->ErrorCode, HAL_SPI_ERROR_FLAG);
4118:platform/HAL/src/stm32g4xx_hal_spi.c ****       return HAL_TIMEOUT;
4119:platform/HAL/src/stm32g4xx_hal_spi.c ****     }
4120:platform/HAL/src/stm32g4xx_hal_spi.c ****   }
4121:platform/HAL/src/stm32g4xx_hal_spi.c ****   return HAL_OK;
4122:platform/HAL/src/stm32g4xx_hal_spi.c **** }
4123:platform/HAL/src/stm32g4xx_hal_spi.c **** 
4124:platform/HAL/src/stm32g4xx_hal_spi.c **** /**
4125:platform/HAL/src/stm32g4xx_hal_spi.c ****   * @brief  Handle the check of the RXTX or TX transaction complete.
4126:platform/HAL/src/stm32g4xx_hal_spi.c ****   * @param  hspi SPI handle
4127:platform/HAL/src/stm32g4xx_hal_spi.c ****   * @param  Timeout Timeout duration
4128:platform/HAL/src/stm32g4xx_hal_spi.c ****   * @param  Tickstart tick start value
4129:platform/HAL/src/stm32g4xx_hal_spi.c ****   * @retval HAL status
4130:platform/HAL/src/stm32g4xx_hal_spi.c ****   */
4131:platform/HAL/src/stm32g4xx_hal_spi.c **** static HAL_StatusTypeDef SPI_EndRxTxTransaction(SPI_HandleTypeDef *hspi, uint32_t Timeout, uint32_t
4132:platform/HAL/src/stm32g4xx_hal_spi.c **** {
 434              		.loc 1 4132 1 is_stmt 1 view -0
ARM GAS  /tmp/ccMpXq91.s 			page 82


 435              		.cfi_startproc
 436              		@ args = 0, pretend = 0, frame = 0
 437              		@ frame_needed = 0, uses_anonymous_args = 0
 438              		.loc 1 4132 1 is_stmt 0 view .LVU130
 439 0000 70B5     		push	{r4, r5, r6, lr}
 440              	.LCFI6:
 441              		.cfi_def_cfa_offset 16
 442              		.cfi_offset 4, -16
 443              		.cfi_offset 5, -12
 444              		.cfi_offset 6, -8
 445              		.cfi_offset 14, -4
 446 0002 82B0     		sub	sp, sp, #8
 447              	.LCFI7:
 448              		.cfi_def_cfa_offset 24
 449 0004 0446     		mov	r4, r0
 450 0006 0D46     		mov	r5, r1
 451 0008 1646     		mov	r6, r2
4133:platform/HAL/src/stm32g4xx_hal_spi.c ****   /* Control if the TX fifo is empty */
4134:platform/HAL/src/stm32g4xx_hal_spi.c ****   if (SPI_WaitFifoStateUntilTimeout(hspi, SPI_FLAG_FTLVL, SPI_FTLVL_EMPTY, Timeout, Tickstart) != H
 452              		.loc 1 4134 3 is_stmt 1 view .LVU131
 453              		.loc 1 4134 7 is_stmt 0 view .LVU132
 454 000a 0092     		str	r2, [sp]
 455 000c 0B46     		mov	r3, r1
 456 000e 0022     		movs	r2, #0
 457              	.LVL23:
 458              		.loc 1 4134 7 view .LVU133
 459 0010 4FF4C051 		mov	r1, #6144
 460              	.LVL24:
 461              		.loc 1 4134 7 view .LVU134
 462 0014 FFF7FEFF 		bl	SPI_WaitFifoStateUntilTimeout
 463              	.LVL25:
 464              		.loc 1 4134 6 discriminator 1 view .LVU135
 465 0018 B0B9     		cbnz	r0, .L42
4135:platform/HAL/src/stm32g4xx_hal_spi.c ****   {
4136:platform/HAL/src/stm32g4xx_hal_spi.c ****     SET_BIT(hspi->ErrorCode, HAL_SPI_ERROR_FLAG);
4137:platform/HAL/src/stm32g4xx_hal_spi.c ****     return HAL_TIMEOUT;
4138:platform/HAL/src/stm32g4xx_hal_spi.c ****   }
4139:platform/HAL/src/stm32g4xx_hal_spi.c **** 
4140:platform/HAL/src/stm32g4xx_hal_spi.c ****   /* Control the BSY flag */
4141:platform/HAL/src/stm32g4xx_hal_spi.c ****   if (SPI_WaitFlagStateUntilTimeout(hspi, SPI_FLAG_BSY, RESET, Timeout, Tickstart) != HAL_OK)
 466              		.loc 1 4141 3 is_stmt 1 view .LVU136
 467              		.loc 1 4141 7 is_stmt 0 view .LVU137
 468 001a 0096     		str	r6, [sp]
 469 001c 2B46     		mov	r3, r5
 470 001e 0022     		movs	r2, #0
 471 0020 8021     		movs	r1, #128
 472 0022 2046     		mov	r0, r4
 473 0024 FFF7FEFF 		bl	SPI_WaitFlagStateUntilTimeout
 474              	.LVL26:
 475              		.loc 1 4141 6 discriminator 1 view .LVU138
 476 0028 A8B9     		cbnz	r0, .L43
4142:platform/HAL/src/stm32g4xx_hal_spi.c ****   {
4143:platform/HAL/src/stm32g4xx_hal_spi.c ****     SET_BIT(hspi->ErrorCode, HAL_SPI_ERROR_FLAG);
4144:platform/HAL/src/stm32g4xx_hal_spi.c ****     return HAL_TIMEOUT;
4145:platform/HAL/src/stm32g4xx_hal_spi.c ****   }
4146:platform/HAL/src/stm32g4xx_hal_spi.c **** 
4147:platform/HAL/src/stm32g4xx_hal_spi.c ****   /* Control if the RX fifo is empty */
ARM GAS  /tmp/ccMpXq91.s 			page 83


4148:platform/HAL/src/stm32g4xx_hal_spi.c ****   if (SPI_WaitFifoStateUntilTimeout(hspi, SPI_FLAG_FRLVL, SPI_FRLVL_EMPTY, Timeout, Tickstart) != H
 477              		.loc 1 4148 3 is_stmt 1 view .LVU139
 478              		.loc 1 4148 7 is_stmt 0 view .LVU140
 479 002a 0096     		str	r6, [sp]
 480 002c 2B46     		mov	r3, r5
 481 002e 0022     		movs	r2, #0
 482 0030 4FF4C061 		mov	r1, #1536
 483 0034 2046     		mov	r0, r4
 484 0036 FFF7FEFF 		bl	SPI_WaitFifoStateUntilTimeout
 485              	.LVL27:
 486              		.loc 1 4148 6 discriminator 1 view .LVU141
 487 003a 50B1     		cbz	r0, .L39
4149:platform/HAL/src/stm32g4xx_hal_spi.c ****   {
4150:platform/HAL/src/stm32g4xx_hal_spi.c ****     SET_BIT(hspi->ErrorCode, HAL_SPI_ERROR_FLAG);
 488              		.loc 1 4150 5 is_stmt 1 view .LVU142
 489 003c 236E     		ldr	r3, [r4, #96]
 490 003e 43F02003 		orr	r3, r3, #32
 491 0042 2366     		str	r3, [r4, #96]
4151:platform/HAL/src/stm32g4xx_hal_spi.c ****     return HAL_TIMEOUT;
 492              		.loc 1 4151 5 view .LVU143
 493              		.loc 1 4151 12 is_stmt 0 view .LVU144
 494 0044 0320     		movs	r0, #3
 495 0046 04E0     		b	.L39
 496              	.L42:
4136:platform/HAL/src/stm32g4xx_hal_spi.c ****     return HAL_TIMEOUT;
 497              		.loc 1 4136 5 is_stmt 1 view .LVU145
 498 0048 236E     		ldr	r3, [r4, #96]
 499 004a 43F02003 		orr	r3, r3, #32
 500 004e 2366     		str	r3, [r4, #96]
4137:platform/HAL/src/stm32g4xx_hal_spi.c ****   }
 501              		.loc 1 4137 5 view .LVU146
4137:platform/HAL/src/stm32g4xx_hal_spi.c ****   }
 502              		.loc 1 4137 12 is_stmt 0 view .LVU147
 503 0050 0320     		movs	r0, #3
 504              	.L39:
4152:platform/HAL/src/stm32g4xx_hal_spi.c ****   }
4153:platform/HAL/src/stm32g4xx_hal_spi.c **** 
4154:platform/HAL/src/stm32g4xx_hal_spi.c ****   return HAL_OK;
4155:platform/HAL/src/stm32g4xx_hal_spi.c **** }
 505              		.loc 1 4155 1 view .LVU148
 506 0052 02B0     		add	sp, sp, #8
 507              	.LCFI8:
 508              		.cfi_remember_state
 509              		.cfi_def_cfa_offset 16
 510              		@ sp needed
 511 0054 70BD     		pop	{r4, r5, r6, pc}
 512              	.LVL28:
 513              	.L43:
 514              	.LCFI9:
 515              		.cfi_restore_state
4143:platform/HAL/src/stm32g4xx_hal_spi.c ****     return HAL_TIMEOUT;
 516              		.loc 1 4143 5 is_stmt 1 view .LVU149
 517 0056 236E     		ldr	r3, [r4, #96]
 518 0058 43F02003 		orr	r3, r3, #32
 519 005c 2366     		str	r3, [r4, #96]
4144:platform/HAL/src/stm32g4xx_hal_spi.c ****   }
 520              		.loc 1 4144 5 view .LVU150
ARM GAS  /tmp/ccMpXq91.s 			page 84


4144:platform/HAL/src/stm32g4xx_hal_spi.c ****   }
 521              		.loc 1 4144 12 is_stmt 0 view .LVU151
 522 005e 0320     		movs	r0, #3
 523 0060 F7E7     		b	.L39
 524              		.cfi_endproc
 525              	.LFE379:
 527              		.section	.text.SPI_EndRxTransaction,"ax",%progbits
 528              		.align	1
 529              		.syntax unified
 530              		.thumb
 531              		.thumb_func
 533              	SPI_EndRxTransaction:
 534              	.LVL29:
 535              	.LFB378:
4096:platform/HAL/src/stm32g4xx_hal_spi.c ****   if ((hspi->Init.Mode == SPI_MODE_MASTER) && ((hspi->Init.Direction == SPI_DIRECTION_1LINE)
 536              		.loc 1 4096 1 is_stmt 1 view -0
 537              		.cfi_startproc
 538              		@ args = 0, pretend = 0, frame = 0
 539              		@ frame_needed = 0, uses_anonymous_args = 0
4096:platform/HAL/src/stm32g4xx_hal_spi.c ****   if ((hspi->Init.Mode == SPI_MODE_MASTER) && ((hspi->Init.Direction == SPI_DIRECTION_1LINE)
 540              		.loc 1 4096 1 is_stmt 0 view .LVU153
 541 0000 70B5     		push	{r4, r5, r6, lr}
 542              	.LCFI10:
 543              		.cfi_def_cfa_offset 16
 544              		.cfi_offset 4, -16
 545              		.cfi_offset 5, -12
 546              		.cfi_offset 6, -8
 547              		.cfi_offset 14, -4
 548 0002 82B0     		sub	sp, sp, #8
 549              	.LCFI11:
 550              		.cfi_def_cfa_offset 24
 551 0004 0446     		mov	r4, r0
 552 0006 0D46     		mov	r5, r1
 553 0008 1646     		mov	r6, r2
4097:platform/HAL/src/stm32g4xx_hal_spi.c ****                                                || (hspi->Init.Direction == SPI_DIRECTION_2LINES_RXO
 554              		.loc 1 4097 3 is_stmt 1 view .LVU154
4097:platform/HAL/src/stm32g4xx_hal_spi.c ****                                                || (hspi->Init.Direction == SPI_DIRECTION_2LINES_RXO
 555              		.loc 1 4097 18 is_stmt 0 view .LVU155
 556 000a 4368     		ldr	r3, [r0, #4]
4097:platform/HAL/src/stm32g4xx_hal_spi.c ****                                                || (hspi->Init.Direction == SPI_DIRECTION_2LINES_RXO
 557              		.loc 1 4097 6 view .LVU156
 558 000c B3F5827F 		cmp	r3, #260
 559 0010 0DD0     		beq	.L51
 560              	.LVL30:
 561              	.L45:
4105:platform/HAL/src/stm32g4xx_hal_spi.c ****   {
 562              		.loc 1 4105 3 is_stmt 1 view .LVU157
4105:platform/HAL/src/stm32g4xx_hal_spi.c ****   {
 563              		.loc 1 4105 7 is_stmt 0 view .LVU158
 564 0012 0096     		str	r6, [sp]
 565 0014 2B46     		mov	r3, r5
 566 0016 0022     		movs	r2, #0
 567 0018 8021     		movs	r1, #128
 568              	.LVL31:
4105:platform/HAL/src/stm32g4xx_hal_spi.c ****   {
 569              		.loc 1 4105 7 view .LVU159
 570 001a 2046     		mov	r0, r4
ARM GAS  /tmp/ccMpXq91.s 			page 85


 571              	.LVL32:
4105:platform/HAL/src/stm32g4xx_hal_spi.c ****   {
 572              		.loc 1 4105 7 view .LVU160
 573 001c FFF7FEFF 		bl	SPI_WaitFlagStateUntilTimeout
 574              	.LVL33:
4105:platform/HAL/src/stm32g4xx_hal_spi.c ****   {
 575              		.loc 1 4105 6 discriminator 1 view .LVU161
 576 0020 90B9     		cbnz	r0, .L52
4111:platform/HAL/src/stm32g4xx_hal_spi.c ****                                                || (hspi->Init.Direction == SPI_DIRECTION_2LINES_RXO
 577              		.loc 1 4111 3 is_stmt 1 view .LVU162
4111:platform/HAL/src/stm32g4xx_hal_spi.c ****                                                || (hspi->Init.Direction == SPI_DIRECTION_2LINES_RXO
 578              		.loc 1 4111 18 is_stmt 0 view .LVU163
 579 0022 6368     		ldr	r3, [r4, #4]
4111:platform/HAL/src/stm32g4xx_hal_spi.c ****                                                || (hspi->Init.Direction == SPI_DIRECTION_2LINES_RXO
 580              		.loc 1 4111 6 view .LVU164
 581 0024 B3F5827F 		cmp	r3, #260
 582 0028 14D0     		beq	.L53
 583              	.L48:
4122:platform/HAL/src/stm32g4xx_hal_spi.c **** 
 584              		.loc 1 4122 1 view .LVU165
 585 002a 02B0     		add	sp, sp, #8
 586              	.LCFI12:
 587              		.cfi_remember_state
 588              		.cfi_def_cfa_offset 16
 589              		@ sp needed
 590 002c 70BD     		pop	{r4, r5, r6, pc}
 591              	.LVL34:
 592              	.L51:
 593              	.LCFI13:
 594              		.cfi_restore_state
4097:platform/HAL/src/stm32g4xx_hal_spi.c ****                                                || (hspi->Init.Direction == SPI_DIRECTION_2LINES_RXO
 595              		.loc 1 4097 59 discriminator 1 view .LVU166
 596 002e 8368     		ldr	r3, [r0, #8]
4097:platform/HAL/src/stm32g4xx_hal_spi.c ****                                                || (hspi->Init.Direction == SPI_DIRECTION_2LINES_RXO
 597              		.loc 1 4097 44 discriminator 1 view .LVU167
 598 0030 B3F5004F 		cmp	r3, #32768
 599 0034 02D0     		beq	.L46
4098:platform/HAL/src/stm32g4xx_hal_spi.c ****   {
 600              		.loc 1 4098 48 view .LVU168
 601 0036 B3F5806F 		cmp	r3, #1024
 602 003a EAD1     		bne	.L45
 603              	.L46:
4101:platform/HAL/src/stm32g4xx_hal_spi.c ****   }
 604              		.loc 1 4101 5 is_stmt 1 view .LVU169
 605 003c 2268     		ldr	r2, [r4]
 606              	.LVL35:
4101:platform/HAL/src/stm32g4xx_hal_spi.c ****   }
 607              		.loc 1 4101 5 is_stmt 0 view .LVU170
 608 003e 1368     		ldr	r3, [r2]
 609 0040 23F04003 		bic	r3, r3, #64
 610 0044 1360     		str	r3, [r2]
 611 0046 E4E7     		b	.L45
 612              	.LVL36:
 613              	.L52:
4107:platform/HAL/src/stm32g4xx_hal_spi.c ****     return HAL_TIMEOUT;
 614              		.loc 1 4107 5 is_stmt 1 view .LVU171
 615 0048 236E     		ldr	r3, [r4, #96]
ARM GAS  /tmp/ccMpXq91.s 			page 86


 616 004a 43F02003 		orr	r3, r3, #32
 617 004e 2366     		str	r3, [r4, #96]
4108:platform/HAL/src/stm32g4xx_hal_spi.c ****   }
 618              		.loc 1 4108 5 view .LVU172
4108:platform/HAL/src/stm32g4xx_hal_spi.c ****   }
 619              		.loc 1 4108 12 is_stmt 0 view .LVU173
 620 0050 0320     		movs	r0, #3
 621 0052 EAE7     		b	.L48
 622              	.L53:
4111:platform/HAL/src/stm32g4xx_hal_spi.c ****                                                || (hspi->Init.Direction == SPI_DIRECTION_2LINES_RXO
 623              		.loc 1 4111 59 discriminator 1 view .LVU174
 624 0054 A368     		ldr	r3, [r4, #8]
4111:platform/HAL/src/stm32g4xx_hal_spi.c ****                                                || (hspi->Init.Direction == SPI_DIRECTION_2LINES_RXO
 625              		.loc 1 4111 44 discriminator 1 view .LVU175
 626 0056 B3F5004F 		cmp	r3, #32768
 627 005a 02D0     		beq	.L49
4112:platform/HAL/src/stm32g4xx_hal_spi.c ****   {
 628              		.loc 1 4112 48 view .LVU176
 629 005c B3F5806F 		cmp	r3, #1024
 630 0060 E3D1     		bne	.L48
 631              	.L49:
4115:platform/HAL/src/stm32g4xx_hal_spi.c ****     {
 632              		.loc 1 4115 5 is_stmt 1 view .LVU177
4115:platform/HAL/src/stm32g4xx_hal_spi.c ****     {
 633              		.loc 1 4115 9 is_stmt 0 view .LVU178
 634 0062 0096     		str	r6, [sp]
 635 0064 2B46     		mov	r3, r5
 636 0066 0022     		movs	r2, #0
 637 0068 4FF4C061 		mov	r1, #1536
 638 006c 2046     		mov	r0, r4
 639 006e FFF7FEFF 		bl	SPI_WaitFifoStateUntilTimeout
 640              	.LVL37:
4115:platform/HAL/src/stm32g4xx_hal_spi.c ****     {
 641              		.loc 1 4115 8 discriminator 1 view .LVU179
 642 0072 0028     		cmp	r0, #0
 643 0074 D9D0     		beq	.L48
4117:platform/HAL/src/stm32g4xx_hal_spi.c ****       return HAL_TIMEOUT;
 644              		.loc 1 4117 7 is_stmt 1 view .LVU180
 645 0076 236E     		ldr	r3, [r4, #96]
 646 0078 43F02003 		orr	r3, r3, #32
 647 007c 2366     		str	r3, [r4, #96]
4118:platform/HAL/src/stm32g4xx_hal_spi.c ****     }
 648              		.loc 1 4118 7 view .LVU181
4118:platform/HAL/src/stm32g4xx_hal_spi.c ****     }
 649              		.loc 1 4118 14 is_stmt 0 view .LVU182
 650 007e 0320     		movs	r0, #3
 651 0080 D3E7     		b	.L48
 652              		.cfi_endproc
 653              	.LFE378:
 655              		.section	.text.SPI_AbortRx_ISR,"ax",%progbits
 656              		.align	1
 657              		.syntax unified
 658              		.thumb
 659              		.thumb_func
 661              	SPI_AbortRx_ISR:
 662              	.LVL38:
 663              	.LFB383:
ARM GAS  /tmp/ccMpXq91.s 			page 87


4156:platform/HAL/src/stm32g4xx_hal_spi.c **** 
4157:platform/HAL/src/stm32g4xx_hal_spi.c **** /**
4158:platform/HAL/src/stm32g4xx_hal_spi.c ****   * @brief  Handle the end of the RXTX transaction.
4159:platform/HAL/src/stm32g4xx_hal_spi.c ****   * @param  hspi pointer to a SPI_HandleTypeDef structure that contains
4160:platform/HAL/src/stm32g4xx_hal_spi.c ****   *               the configuration information for SPI module.
4161:platform/HAL/src/stm32g4xx_hal_spi.c ****   * @retval None
4162:platform/HAL/src/stm32g4xx_hal_spi.c ****   */
4163:platform/HAL/src/stm32g4xx_hal_spi.c **** static void SPI_CloseRxTx_ISR(SPI_HandleTypeDef *hspi)
4164:platform/HAL/src/stm32g4xx_hal_spi.c **** {
4165:platform/HAL/src/stm32g4xx_hal_spi.c ****   uint32_t tickstart;
4166:platform/HAL/src/stm32g4xx_hal_spi.c **** 
4167:platform/HAL/src/stm32g4xx_hal_spi.c ****   /* Init tickstart for timeout management */
4168:platform/HAL/src/stm32g4xx_hal_spi.c ****   tickstart = HAL_GetTick();
4169:platform/HAL/src/stm32g4xx_hal_spi.c **** 
4170:platform/HAL/src/stm32g4xx_hal_spi.c ****   /* Disable ERR interrupt */
4171:platform/HAL/src/stm32g4xx_hal_spi.c ****   __HAL_SPI_DISABLE_IT(hspi, SPI_IT_ERR);
4172:platform/HAL/src/stm32g4xx_hal_spi.c **** 
4173:platform/HAL/src/stm32g4xx_hal_spi.c ****   /* Check the end of the transaction */
4174:platform/HAL/src/stm32g4xx_hal_spi.c ****   if (SPI_EndRxTxTransaction(hspi, SPI_DEFAULT_TIMEOUT, tickstart) != HAL_OK)
4175:platform/HAL/src/stm32g4xx_hal_spi.c ****   {
4176:platform/HAL/src/stm32g4xx_hal_spi.c ****     SET_BIT(hspi->ErrorCode, HAL_SPI_ERROR_FLAG);
4177:platform/HAL/src/stm32g4xx_hal_spi.c ****   }
4178:platform/HAL/src/stm32g4xx_hal_spi.c **** 
4179:platform/HAL/src/stm32g4xx_hal_spi.c **** #if (USE_SPI_CRC != 0U)
4180:platform/HAL/src/stm32g4xx_hal_spi.c ****   /* Check if CRC error occurred */
4181:platform/HAL/src/stm32g4xx_hal_spi.c ****   if (__HAL_SPI_GET_FLAG(hspi, SPI_FLAG_CRCERR) != RESET)
4182:platform/HAL/src/stm32g4xx_hal_spi.c ****   {
4183:platform/HAL/src/stm32g4xx_hal_spi.c ****     hspi->State = HAL_SPI_STATE_READY;
4184:platform/HAL/src/stm32g4xx_hal_spi.c ****     SET_BIT(hspi->ErrorCode, HAL_SPI_ERROR_CRC);
4185:platform/HAL/src/stm32g4xx_hal_spi.c ****     __HAL_SPI_CLEAR_CRCERRFLAG(hspi);
4186:platform/HAL/src/stm32g4xx_hal_spi.c ****     /* Call user error callback */
4187:platform/HAL/src/stm32g4xx_hal_spi.c **** #if (USE_HAL_SPI_REGISTER_CALLBACKS == 1U)
4188:platform/HAL/src/stm32g4xx_hal_spi.c ****     hspi->ErrorCallback(hspi);
4189:platform/HAL/src/stm32g4xx_hal_spi.c **** #else
4190:platform/HAL/src/stm32g4xx_hal_spi.c ****     HAL_SPI_ErrorCallback(hspi);
4191:platform/HAL/src/stm32g4xx_hal_spi.c **** #endif /* USE_HAL_SPI_REGISTER_CALLBACKS */
4192:platform/HAL/src/stm32g4xx_hal_spi.c ****   }
4193:platform/HAL/src/stm32g4xx_hal_spi.c ****   else
4194:platform/HAL/src/stm32g4xx_hal_spi.c ****   {
4195:platform/HAL/src/stm32g4xx_hal_spi.c **** #endif /* USE_SPI_CRC */
4196:platform/HAL/src/stm32g4xx_hal_spi.c ****     if (hspi->ErrorCode == HAL_SPI_ERROR_NONE)
4197:platform/HAL/src/stm32g4xx_hal_spi.c ****     {
4198:platform/HAL/src/stm32g4xx_hal_spi.c ****       if (hspi->State == HAL_SPI_STATE_BUSY_RX)
4199:platform/HAL/src/stm32g4xx_hal_spi.c ****       {
4200:platform/HAL/src/stm32g4xx_hal_spi.c ****         hspi->State = HAL_SPI_STATE_READY;
4201:platform/HAL/src/stm32g4xx_hal_spi.c ****         /* Call user Rx complete callback */
4202:platform/HAL/src/stm32g4xx_hal_spi.c **** #if (USE_HAL_SPI_REGISTER_CALLBACKS == 1U)
4203:platform/HAL/src/stm32g4xx_hal_spi.c ****         hspi->RxCpltCallback(hspi);
4204:platform/HAL/src/stm32g4xx_hal_spi.c **** #else
4205:platform/HAL/src/stm32g4xx_hal_spi.c ****         HAL_SPI_RxCpltCallback(hspi);
4206:platform/HAL/src/stm32g4xx_hal_spi.c **** #endif /* USE_HAL_SPI_REGISTER_CALLBACKS */
4207:platform/HAL/src/stm32g4xx_hal_spi.c ****       }
4208:platform/HAL/src/stm32g4xx_hal_spi.c ****       else
4209:platform/HAL/src/stm32g4xx_hal_spi.c ****       {
4210:platform/HAL/src/stm32g4xx_hal_spi.c ****         hspi->State = HAL_SPI_STATE_READY;
4211:platform/HAL/src/stm32g4xx_hal_spi.c ****         /* Call user TxRx complete callback */
4212:platform/HAL/src/stm32g4xx_hal_spi.c **** #if (USE_HAL_SPI_REGISTER_CALLBACKS == 1U)
ARM GAS  /tmp/ccMpXq91.s 			page 88


4213:platform/HAL/src/stm32g4xx_hal_spi.c ****         hspi->TxRxCpltCallback(hspi);
4214:platform/HAL/src/stm32g4xx_hal_spi.c **** #else
4215:platform/HAL/src/stm32g4xx_hal_spi.c ****         HAL_SPI_TxRxCpltCallback(hspi);
4216:platform/HAL/src/stm32g4xx_hal_spi.c **** #endif /* USE_HAL_SPI_REGISTER_CALLBACKS */
4217:platform/HAL/src/stm32g4xx_hal_spi.c ****       }
4218:platform/HAL/src/stm32g4xx_hal_spi.c ****     }
4219:platform/HAL/src/stm32g4xx_hal_spi.c ****     else
4220:platform/HAL/src/stm32g4xx_hal_spi.c ****     {
4221:platform/HAL/src/stm32g4xx_hal_spi.c ****       hspi->State = HAL_SPI_STATE_READY;
4222:platform/HAL/src/stm32g4xx_hal_spi.c ****       /* Call user error callback */
4223:platform/HAL/src/stm32g4xx_hal_spi.c **** #if (USE_HAL_SPI_REGISTER_CALLBACKS == 1U)
4224:platform/HAL/src/stm32g4xx_hal_spi.c ****       hspi->ErrorCallback(hspi);
4225:platform/HAL/src/stm32g4xx_hal_spi.c **** #else
4226:platform/HAL/src/stm32g4xx_hal_spi.c ****       HAL_SPI_ErrorCallback(hspi);
4227:platform/HAL/src/stm32g4xx_hal_spi.c **** #endif /* USE_HAL_SPI_REGISTER_CALLBACKS */
4228:platform/HAL/src/stm32g4xx_hal_spi.c ****     }
4229:platform/HAL/src/stm32g4xx_hal_spi.c **** #if (USE_SPI_CRC != 0U)
4230:platform/HAL/src/stm32g4xx_hal_spi.c ****   }
4231:platform/HAL/src/stm32g4xx_hal_spi.c **** #endif /* USE_SPI_CRC */
4232:platform/HAL/src/stm32g4xx_hal_spi.c **** }
4233:platform/HAL/src/stm32g4xx_hal_spi.c **** 
4234:platform/HAL/src/stm32g4xx_hal_spi.c **** /**
4235:platform/HAL/src/stm32g4xx_hal_spi.c ****   * @brief  Handle the end of the RX transaction.
4236:platform/HAL/src/stm32g4xx_hal_spi.c ****   * @param  hspi pointer to a SPI_HandleTypeDef structure that contains
4237:platform/HAL/src/stm32g4xx_hal_spi.c ****   *               the configuration information for SPI module.
4238:platform/HAL/src/stm32g4xx_hal_spi.c ****   * @retval None
4239:platform/HAL/src/stm32g4xx_hal_spi.c ****   */
4240:platform/HAL/src/stm32g4xx_hal_spi.c **** static void SPI_CloseRx_ISR(SPI_HandleTypeDef *hspi)
4241:platform/HAL/src/stm32g4xx_hal_spi.c **** {
4242:platform/HAL/src/stm32g4xx_hal_spi.c ****   /* Disable RXNE and ERR interrupt */
4243:platform/HAL/src/stm32g4xx_hal_spi.c ****   __HAL_SPI_DISABLE_IT(hspi, (SPI_IT_RXNE | SPI_IT_ERR));
4244:platform/HAL/src/stm32g4xx_hal_spi.c **** 
4245:platform/HAL/src/stm32g4xx_hal_spi.c ****   /* Check the end of the transaction */
4246:platform/HAL/src/stm32g4xx_hal_spi.c ****   if (SPI_EndRxTransaction(hspi, SPI_DEFAULT_TIMEOUT, HAL_GetTick()) != HAL_OK)
4247:platform/HAL/src/stm32g4xx_hal_spi.c ****   {
4248:platform/HAL/src/stm32g4xx_hal_spi.c ****     SET_BIT(hspi->ErrorCode, HAL_SPI_ERROR_FLAG);
4249:platform/HAL/src/stm32g4xx_hal_spi.c ****   }
4250:platform/HAL/src/stm32g4xx_hal_spi.c ****   hspi->State = HAL_SPI_STATE_READY;
4251:platform/HAL/src/stm32g4xx_hal_spi.c **** 
4252:platform/HAL/src/stm32g4xx_hal_spi.c **** #if (USE_SPI_CRC != 0U)
4253:platform/HAL/src/stm32g4xx_hal_spi.c ****   /* Check if CRC error occurred */
4254:platform/HAL/src/stm32g4xx_hal_spi.c ****   if (__HAL_SPI_GET_FLAG(hspi, SPI_FLAG_CRCERR) != RESET)
4255:platform/HAL/src/stm32g4xx_hal_spi.c ****   {
4256:platform/HAL/src/stm32g4xx_hal_spi.c ****     SET_BIT(hspi->ErrorCode, HAL_SPI_ERROR_CRC);
4257:platform/HAL/src/stm32g4xx_hal_spi.c ****     __HAL_SPI_CLEAR_CRCERRFLAG(hspi);
4258:platform/HAL/src/stm32g4xx_hal_spi.c ****     /* Call user error callback */
4259:platform/HAL/src/stm32g4xx_hal_spi.c **** #if (USE_HAL_SPI_REGISTER_CALLBACKS == 1U)
4260:platform/HAL/src/stm32g4xx_hal_spi.c ****     hspi->ErrorCallback(hspi);
4261:platform/HAL/src/stm32g4xx_hal_spi.c **** #else
4262:platform/HAL/src/stm32g4xx_hal_spi.c ****     HAL_SPI_ErrorCallback(hspi);
4263:platform/HAL/src/stm32g4xx_hal_spi.c **** #endif /* USE_HAL_SPI_REGISTER_CALLBACKS */
4264:platform/HAL/src/stm32g4xx_hal_spi.c ****   }
4265:platform/HAL/src/stm32g4xx_hal_spi.c ****   else
4266:platform/HAL/src/stm32g4xx_hal_spi.c ****   {
4267:platform/HAL/src/stm32g4xx_hal_spi.c **** #endif /* USE_SPI_CRC */
4268:platform/HAL/src/stm32g4xx_hal_spi.c ****     if (hspi->ErrorCode == HAL_SPI_ERROR_NONE)
4269:platform/HAL/src/stm32g4xx_hal_spi.c ****     {
ARM GAS  /tmp/ccMpXq91.s 			page 89


4270:platform/HAL/src/stm32g4xx_hal_spi.c ****       /* Call user Rx complete callback */
4271:platform/HAL/src/stm32g4xx_hal_spi.c **** #if (USE_HAL_SPI_REGISTER_CALLBACKS == 1U)
4272:platform/HAL/src/stm32g4xx_hal_spi.c ****       hspi->RxCpltCallback(hspi);
4273:platform/HAL/src/stm32g4xx_hal_spi.c **** #else
4274:platform/HAL/src/stm32g4xx_hal_spi.c ****       HAL_SPI_RxCpltCallback(hspi);
4275:platform/HAL/src/stm32g4xx_hal_spi.c **** #endif /* USE_HAL_SPI_REGISTER_CALLBACKS */
4276:platform/HAL/src/stm32g4xx_hal_spi.c ****     }
4277:platform/HAL/src/stm32g4xx_hal_spi.c ****     else
4278:platform/HAL/src/stm32g4xx_hal_spi.c ****     {
4279:platform/HAL/src/stm32g4xx_hal_spi.c ****       /* Call user error callback */
4280:platform/HAL/src/stm32g4xx_hal_spi.c **** #if (USE_HAL_SPI_REGISTER_CALLBACKS == 1U)
4281:platform/HAL/src/stm32g4xx_hal_spi.c ****       hspi->ErrorCallback(hspi);
4282:platform/HAL/src/stm32g4xx_hal_spi.c **** #else
4283:platform/HAL/src/stm32g4xx_hal_spi.c ****       HAL_SPI_ErrorCallback(hspi);
4284:platform/HAL/src/stm32g4xx_hal_spi.c **** #endif /* USE_HAL_SPI_REGISTER_CALLBACKS */
4285:platform/HAL/src/stm32g4xx_hal_spi.c ****     }
4286:platform/HAL/src/stm32g4xx_hal_spi.c **** #if (USE_SPI_CRC != 0U)
4287:platform/HAL/src/stm32g4xx_hal_spi.c ****   }
4288:platform/HAL/src/stm32g4xx_hal_spi.c **** #endif /* USE_SPI_CRC */
4289:platform/HAL/src/stm32g4xx_hal_spi.c **** }
4290:platform/HAL/src/stm32g4xx_hal_spi.c **** 
4291:platform/HAL/src/stm32g4xx_hal_spi.c **** /**
4292:platform/HAL/src/stm32g4xx_hal_spi.c ****   * @brief  Handle the end of the TX transaction.
4293:platform/HAL/src/stm32g4xx_hal_spi.c ****   * @param  hspi pointer to a SPI_HandleTypeDef structure that contains
4294:platform/HAL/src/stm32g4xx_hal_spi.c ****   *               the configuration information for SPI module.
4295:platform/HAL/src/stm32g4xx_hal_spi.c ****   * @retval None
4296:platform/HAL/src/stm32g4xx_hal_spi.c ****   */
4297:platform/HAL/src/stm32g4xx_hal_spi.c **** static void SPI_CloseTx_ISR(SPI_HandleTypeDef *hspi)
4298:platform/HAL/src/stm32g4xx_hal_spi.c **** {
4299:platform/HAL/src/stm32g4xx_hal_spi.c ****   uint32_t tickstart;
4300:platform/HAL/src/stm32g4xx_hal_spi.c **** 
4301:platform/HAL/src/stm32g4xx_hal_spi.c ****   /* Init tickstart for timeout management*/
4302:platform/HAL/src/stm32g4xx_hal_spi.c ****   tickstart = HAL_GetTick();
4303:platform/HAL/src/stm32g4xx_hal_spi.c **** 
4304:platform/HAL/src/stm32g4xx_hal_spi.c ****   /* Disable TXE and ERR interrupt */
4305:platform/HAL/src/stm32g4xx_hal_spi.c ****   __HAL_SPI_DISABLE_IT(hspi, (SPI_IT_TXE | SPI_IT_ERR));
4306:platform/HAL/src/stm32g4xx_hal_spi.c **** 
4307:platform/HAL/src/stm32g4xx_hal_spi.c ****   /* Check the end of the transaction */
4308:platform/HAL/src/stm32g4xx_hal_spi.c ****   if (SPI_EndRxTxTransaction(hspi, SPI_DEFAULT_TIMEOUT, tickstart) != HAL_OK)
4309:platform/HAL/src/stm32g4xx_hal_spi.c ****   {
4310:platform/HAL/src/stm32g4xx_hal_spi.c ****     SET_BIT(hspi->ErrorCode, HAL_SPI_ERROR_FLAG);
4311:platform/HAL/src/stm32g4xx_hal_spi.c ****   }
4312:platform/HAL/src/stm32g4xx_hal_spi.c **** 
4313:platform/HAL/src/stm32g4xx_hal_spi.c ****   /* Clear overrun flag in 2 Lines communication mode because received is not read */
4314:platform/HAL/src/stm32g4xx_hal_spi.c ****   if (hspi->Init.Direction == SPI_DIRECTION_2LINES)
4315:platform/HAL/src/stm32g4xx_hal_spi.c ****   {
4316:platform/HAL/src/stm32g4xx_hal_spi.c ****     __HAL_SPI_CLEAR_OVRFLAG(hspi);
4317:platform/HAL/src/stm32g4xx_hal_spi.c ****   }
4318:platform/HAL/src/stm32g4xx_hal_spi.c **** 
4319:platform/HAL/src/stm32g4xx_hal_spi.c ****   hspi->State = HAL_SPI_STATE_READY;
4320:platform/HAL/src/stm32g4xx_hal_spi.c ****   if (hspi->ErrorCode != HAL_SPI_ERROR_NONE)
4321:platform/HAL/src/stm32g4xx_hal_spi.c ****   {
4322:platform/HAL/src/stm32g4xx_hal_spi.c ****     /* Call user error callback */
4323:platform/HAL/src/stm32g4xx_hal_spi.c **** #if (USE_HAL_SPI_REGISTER_CALLBACKS == 1U)
4324:platform/HAL/src/stm32g4xx_hal_spi.c ****     hspi->ErrorCallback(hspi);
4325:platform/HAL/src/stm32g4xx_hal_spi.c **** #else
4326:platform/HAL/src/stm32g4xx_hal_spi.c ****     HAL_SPI_ErrorCallback(hspi);
ARM GAS  /tmp/ccMpXq91.s 			page 90


4327:platform/HAL/src/stm32g4xx_hal_spi.c **** #endif /* USE_HAL_SPI_REGISTER_CALLBACKS */
4328:platform/HAL/src/stm32g4xx_hal_spi.c ****   }
4329:platform/HAL/src/stm32g4xx_hal_spi.c ****   else
4330:platform/HAL/src/stm32g4xx_hal_spi.c ****   {
4331:platform/HAL/src/stm32g4xx_hal_spi.c ****     /* Call user Rx complete callback */
4332:platform/HAL/src/stm32g4xx_hal_spi.c **** #if (USE_HAL_SPI_REGISTER_CALLBACKS == 1U)
4333:platform/HAL/src/stm32g4xx_hal_spi.c ****     hspi->TxCpltCallback(hspi);
4334:platform/HAL/src/stm32g4xx_hal_spi.c **** #else
4335:platform/HAL/src/stm32g4xx_hal_spi.c ****     HAL_SPI_TxCpltCallback(hspi);
4336:platform/HAL/src/stm32g4xx_hal_spi.c **** #endif /* USE_HAL_SPI_REGISTER_CALLBACKS */
4337:platform/HAL/src/stm32g4xx_hal_spi.c ****   }
4338:platform/HAL/src/stm32g4xx_hal_spi.c **** }
4339:platform/HAL/src/stm32g4xx_hal_spi.c **** 
4340:platform/HAL/src/stm32g4xx_hal_spi.c **** /**
4341:platform/HAL/src/stm32g4xx_hal_spi.c ****   * @brief  Handle abort a Rx transaction.
4342:platform/HAL/src/stm32g4xx_hal_spi.c ****   * @param  hspi pointer to a SPI_HandleTypeDef structure that contains
4343:platform/HAL/src/stm32g4xx_hal_spi.c ****   *               the configuration information for SPI module.
4344:platform/HAL/src/stm32g4xx_hal_spi.c ****   * @retval None
4345:platform/HAL/src/stm32g4xx_hal_spi.c ****   */
4346:platform/HAL/src/stm32g4xx_hal_spi.c **** static void SPI_AbortRx_ISR(SPI_HandleTypeDef *hspi)
4347:platform/HAL/src/stm32g4xx_hal_spi.c **** {
 664              		.loc 1 4347 1 is_stmt 1 view -0
 665              		.cfi_startproc
 666              		@ args = 0, pretend = 0, frame = 8
 667              		@ frame_needed = 0, uses_anonymous_args = 0
 668              		.loc 1 4347 1 is_stmt 0 view .LVU184
 669 0000 10B5     		push	{r4, lr}
 670              	.LCFI14:
 671              		.cfi_def_cfa_offset 8
 672              		.cfi_offset 4, -8
 673              		.cfi_offset 14, -4
 674 0002 84B0     		sub	sp, sp, #16
 675              	.LCFI15:
 676              		.cfi_def_cfa_offset 24
 677 0004 0446     		mov	r4, r0
4348:platform/HAL/src/stm32g4xx_hal_spi.c ****   __IO uint32_t count;
 678              		.loc 1 4348 3 is_stmt 1 view .LVU185
4349:platform/HAL/src/stm32g4xx_hal_spi.c **** 
4350:platform/HAL/src/stm32g4xx_hal_spi.c ****   /* Disable SPI Peripheral */
4351:platform/HAL/src/stm32g4xx_hal_spi.c ****   __HAL_SPI_DISABLE(hspi);
 679              		.loc 1 4351 3 view .LVU186
 680 0006 0268     		ldr	r2, [r0]
 681 0008 1368     		ldr	r3, [r2]
 682 000a 23F04003 		bic	r3, r3, #64
 683 000e 1360     		str	r3, [r2]
4352:platform/HAL/src/stm32g4xx_hal_spi.c **** 
4353:platform/HAL/src/stm32g4xx_hal_spi.c ****   count = SPI_DEFAULT_TIMEOUT * (SystemCoreClock / 24U / 1000U);
 684              		.loc 1 4353 3 view .LVU187
 685              		.loc 1 4353 56 is_stmt 0 view .LVU188
 686 0010 1D4B     		ldr	r3, .L62
 687 0012 1B68     		ldr	r3, [r3]
 688 0014 1D4A     		ldr	r2, .L62+4
 689 0016 A2FB0323 		umull	r2, r3, r2, r3
 690 001a 5B0A     		lsrs	r3, r3, #9
 691              		.loc 1 4353 31 view .LVU189
 692 001c 6422     		movs	r2, #100
 693 001e 02FB03F3 		mul	r3, r2, r3
ARM GAS  /tmp/ccMpXq91.s 			page 91


 694              		.loc 1 4353 9 view .LVU190
 695 0022 0393     		str	r3, [sp, #12]
4354:platform/HAL/src/stm32g4xx_hal_spi.c **** 
4355:platform/HAL/src/stm32g4xx_hal_spi.c ****   /* Disable RXNEIE interrupt */
4356:platform/HAL/src/stm32g4xx_hal_spi.c ****   CLEAR_BIT(hspi->Instance->CR2, (SPI_CR2_RXNEIE));
 696              		.loc 1 4356 3 is_stmt 1 view .LVU191
 697 0024 0268     		ldr	r2, [r0]
 698 0026 5368     		ldr	r3, [r2, #4]
 699 0028 23F04003 		bic	r3, r3, #64
 700 002c 5360     		str	r3, [r2, #4]
 701              	.L57:
4357:platform/HAL/src/stm32g4xx_hal_spi.c **** 
4358:platform/HAL/src/stm32g4xx_hal_spi.c ****   /* Check RXNEIE is disabled */
4359:platform/HAL/src/stm32g4xx_hal_spi.c ****   do
 702              		.loc 1 4359 3 view .LVU192
4360:platform/HAL/src/stm32g4xx_hal_spi.c ****   {
4361:platform/HAL/src/stm32g4xx_hal_spi.c ****     if (count == 0U)
 703              		.loc 1 4361 5 view .LVU193
 704              		.loc 1 4361 15 is_stmt 0 view .LVU194
 705 002e 039B     		ldr	r3, [sp, #12]
 706              		.loc 1 4361 8 view .LVU195
 707 0030 43B1     		cbz	r3, .L61
4362:platform/HAL/src/stm32g4xx_hal_spi.c ****     {
4363:platform/HAL/src/stm32g4xx_hal_spi.c ****       SET_BIT(hspi->ErrorCode, HAL_SPI_ERROR_ABORT);
4364:platform/HAL/src/stm32g4xx_hal_spi.c ****       break;
4365:platform/HAL/src/stm32g4xx_hal_spi.c ****     }
4366:platform/HAL/src/stm32g4xx_hal_spi.c ****     count--;
 708              		.loc 1 4366 5 is_stmt 1 view .LVU196
 709              		.loc 1 4366 10 is_stmt 0 view .LVU197
 710 0032 039B     		ldr	r3, [sp, #12]
 711 0034 013B     		subs	r3, r3, #1
 712 0036 0393     		str	r3, [sp, #12]
4367:platform/HAL/src/stm32g4xx_hal_spi.c ****   } while (HAL_IS_BIT_SET(hspi->Instance->CR2, SPI_CR2_RXNEIE));
 713              		.loc 1 4367 12 is_stmt 1 view .LVU198
 714 0038 2368     		ldr	r3, [r4]
 715 003a 5B68     		ldr	r3, [r3, #4]
 716 003c 13F0400F 		tst	r3, #64
 717 0040 F5D1     		bne	.L57
 718 0042 03E0     		b	.L56
 719              	.L61:
4363:platform/HAL/src/stm32g4xx_hal_spi.c ****       break;
 720              		.loc 1 4363 7 view .LVU199
 721 0044 236E     		ldr	r3, [r4, #96]
 722 0046 43F04003 		orr	r3, r3, #64
 723 004a 2366     		str	r3, [r4, #96]
4364:platform/HAL/src/stm32g4xx_hal_spi.c ****     }
 724              		.loc 1 4364 7 view .LVU200
 725              	.L56:
4368:platform/HAL/src/stm32g4xx_hal_spi.c **** 
4369:platform/HAL/src/stm32g4xx_hal_spi.c ****   /* Control the BSY flag */
4370:platform/HAL/src/stm32g4xx_hal_spi.c ****   if (SPI_WaitFlagStateUntilTimeout(hspi, SPI_FLAG_BSY, RESET, SPI_DEFAULT_TIMEOUT, HAL_GetTick()) 
 726              		.loc 1 4370 3 view .LVU201
 727              		.loc 1 4370 7 is_stmt 0 view .LVU202
 728 004c FFF7FEFF 		bl	HAL_GetTick
 729              	.LVL39:
 730              		.loc 1 4370 7 discriminator 1 view .LVU203
 731 0050 0090     		str	r0, [sp]
ARM GAS  /tmp/ccMpXq91.s 			page 92


 732 0052 6423     		movs	r3, #100
 733 0054 0022     		movs	r2, #0
 734 0056 8021     		movs	r1, #128
 735 0058 2046     		mov	r0, r4
 736 005a FFF7FEFF 		bl	SPI_WaitFlagStateUntilTimeout
 737              	.LVL40:
 738              		.loc 1 4370 6 discriminator 2 view .LVU204
 739 005e 08B1     		cbz	r0, .L58
4371:platform/HAL/src/stm32g4xx_hal_spi.c ****   {
4372:platform/HAL/src/stm32g4xx_hal_spi.c ****     hspi->ErrorCode = HAL_SPI_ERROR_ABORT;
 740              		.loc 1 4372 5 is_stmt 1 view .LVU205
 741              		.loc 1 4372 21 is_stmt 0 view .LVU206
 742 0060 4023     		movs	r3, #64
 743 0062 2366     		str	r3, [r4, #96]
 744              	.L58:
4373:platform/HAL/src/stm32g4xx_hal_spi.c ****   }
4374:platform/HAL/src/stm32g4xx_hal_spi.c **** 
4375:platform/HAL/src/stm32g4xx_hal_spi.c ****   /* Empty the FRLVL fifo */
4376:platform/HAL/src/stm32g4xx_hal_spi.c ****   if (SPI_WaitFifoStateUntilTimeout(hspi, SPI_FLAG_FRLVL, SPI_FRLVL_EMPTY, SPI_DEFAULT_TIMEOUT,
 745              		.loc 1 4376 3 is_stmt 1 view .LVU207
 746              		.loc 1 4376 7 is_stmt 0 view .LVU208
 747 0064 FFF7FEFF 		bl	HAL_GetTick
 748              	.LVL41:
 749              		.loc 1 4376 7 discriminator 1 view .LVU209
 750 0068 0090     		str	r0, [sp]
 751 006a 6423     		movs	r3, #100
 752 006c 0022     		movs	r2, #0
 753 006e 4FF4C061 		mov	r1, #1536
 754 0072 2046     		mov	r0, r4
 755 0074 FFF7FEFF 		bl	SPI_WaitFifoStateUntilTimeout
 756              	.LVL42:
 757              		.loc 1 4376 6 discriminator 2 view .LVU210
 758 0078 08B1     		cbz	r0, .L59
4377:platform/HAL/src/stm32g4xx_hal_spi.c ****                                     HAL_GetTick()) != HAL_OK)
4378:platform/HAL/src/stm32g4xx_hal_spi.c ****   {
4379:platform/HAL/src/stm32g4xx_hal_spi.c ****     hspi->ErrorCode = HAL_SPI_ERROR_ABORT;
 759              		.loc 1 4379 5 is_stmt 1 view .LVU211
 760              		.loc 1 4379 21 is_stmt 0 view .LVU212
 761 007a 4023     		movs	r3, #64
 762 007c 2366     		str	r3, [r4, #96]
 763              	.L59:
4380:platform/HAL/src/stm32g4xx_hal_spi.c ****   }
4381:platform/HAL/src/stm32g4xx_hal_spi.c **** 
4382:platform/HAL/src/stm32g4xx_hal_spi.c ****   hspi->State = HAL_SPI_STATE_ABORT;
 764              		.loc 1 4382 3 is_stmt 1 view .LVU213
 765              		.loc 1 4382 15 is_stmt 0 view .LVU214
 766 007e 0723     		movs	r3, #7
 767 0080 84F85D30 		strb	r3, [r4, #93]
4383:platform/HAL/src/stm32g4xx_hal_spi.c **** }
 768              		.loc 1 4383 1 view .LVU215
 769 0084 04B0     		add	sp, sp, #16
 770              	.LCFI16:
 771              		.cfi_def_cfa_offset 8
 772              		@ sp needed
 773 0086 10BD     		pop	{r4, pc}
 774              	.LVL43:
 775              	.L63:
ARM GAS  /tmp/ccMpXq91.s 			page 93


 776              		.loc 1 4383 1 view .LVU216
 777              		.align	2
 778              	.L62:
 779 0088 00000000 		.word	SystemCoreClock
 780 008c F1197605 		.word	91625969
 781              		.cfi_endproc
 782              	.LFE383:
 784              		.section	.text.SPI_AbortTx_ISR,"ax",%progbits
 785              		.align	1
 786              		.syntax unified
 787              		.thumb
 788              		.thumb_func
 790              	SPI_AbortTx_ISR:
 791              	.LVL44:
 792              	.LFB384:
4384:platform/HAL/src/stm32g4xx_hal_spi.c **** 
4385:platform/HAL/src/stm32g4xx_hal_spi.c **** /**
4386:platform/HAL/src/stm32g4xx_hal_spi.c ****   * @brief  Handle abort a Tx or Rx/Tx transaction.
4387:platform/HAL/src/stm32g4xx_hal_spi.c ****   * @param  hspi pointer to a SPI_HandleTypeDef structure that contains
4388:platform/HAL/src/stm32g4xx_hal_spi.c ****   *               the configuration information for SPI module.
4389:platform/HAL/src/stm32g4xx_hal_spi.c ****   * @retval None
4390:platform/HAL/src/stm32g4xx_hal_spi.c ****   */
4391:platform/HAL/src/stm32g4xx_hal_spi.c **** static void SPI_AbortTx_ISR(SPI_HandleTypeDef *hspi)
4392:platform/HAL/src/stm32g4xx_hal_spi.c **** {
 793              		.loc 1 4392 1 is_stmt 1 view -0
 794              		.cfi_startproc
 795              		@ args = 0, pretend = 0, frame = 8
 796              		@ frame_needed = 0, uses_anonymous_args = 0
 797              		.loc 1 4392 1 is_stmt 0 view .LVU218
 798 0000 10B5     		push	{r4, lr}
 799              	.LCFI17:
 800              		.cfi_def_cfa_offset 8
 801              		.cfi_offset 4, -8
 802              		.cfi_offset 14, -4
 803 0002 84B0     		sub	sp, sp, #16
 804              	.LCFI18:
 805              		.cfi_def_cfa_offset 24
 806 0004 0446     		mov	r4, r0
4393:platform/HAL/src/stm32g4xx_hal_spi.c ****   __IO uint32_t count;
 807              		.loc 1 4393 3 is_stmt 1 view .LVU219
4394:platform/HAL/src/stm32g4xx_hal_spi.c **** 
4395:platform/HAL/src/stm32g4xx_hal_spi.c ****   count = SPI_DEFAULT_TIMEOUT * (SystemCoreClock / 24U / 1000U);
 808              		.loc 1 4395 3 view .LVU220
 809              		.loc 1 4395 56 is_stmt 0 view .LVU221
 810 0006 384B     		ldr	r3, .L78
 811 0008 1B68     		ldr	r3, [r3]
 812 000a 384A     		ldr	r2, .L78+4
 813 000c A2FB0323 		umull	r2, r3, r2, r3
 814 0010 5B0A     		lsrs	r3, r3, #9
 815              		.loc 1 4395 31 view .LVU222
 816 0012 6422     		movs	r2, #100
 817 0014 02FB03F3 		mul	r3, r2, r3
 818              		.loc 1 4395 9 view .LVU223
 819 0018 0393     		str	r3, [sp, #12]
4396:platform/HAL/src/stm32g4xx_hal_spi.c **** 
4397:platform/HAL/src/stm32g4xx_hal_spi.c ****   /* Disable TXEIE interrupt */
4398:platform/HAL/src/stm32g4xx_hal_spi.c ****   CLEAR_BIT(hspi->Instance->CR2, (SPI_CR2_TXEIE));
ARM GAS  /tmp/ccMpXq91.s 			page 94


 820              		.loc 1 4398 3 is_stmt 1 view .LVU224
 821 001a 0268     		ldr	r2, [r0]
 822 001c 5368     		ldr	r3, [r2, #4]
 823 001e 23F08003 		bic	r3, r3, #128
 824 0022 5360     		str	r3, [r2, #4]
 825              	.L67:
4399:platform/HAL/src/stm32g4xx_hal_spi.c **** 
4400:platform/HAL/src/stm32g4xx_hal_spi.c ****   /* Check TXEIE is disabled */
4401:platform/HAL/src/stm32g4xx_hal_spi.c ****   do
 826              		.loc 1 4401 3 view .LVU225
4402:platform/HAL/src/stm32g4xx_hal_spi.c ****   {
4403:platform/HAL/src/stm32g4xx_hal_spi.c ****     if (count == 0U)
 827              		.loc 1 4403 5 view .LVU226
 828              		.loc 1 4403 15 is_stmt 0 view .LVU227
 829 0024 039B     		ldr	r3, [sp, #12]
 830              		.loc 1 4403 8 view .LVU228
 831 0026 43B1     		cbz	r3, .L76
4404:platform/HAL/src/stm32g4xx_hal_spi.c ****     {
4405:platform/HAL/src/stm32g4xx_hal_spi.c ****       SET_BIT(hspi->ErrorCode, HAL_SPI_ERROR_ABORT);
4406:platform/HAL/src/stm32g4xx_hal_spi.c ****       break;
4407:platform/HAL/src/stm32g4xx_hal_spi.c ****     }
4408:platform/HAL/src/stm32g4xx_hal_spi.c ****     count--;
 832              		.loc 1 4408 5 is_stmt 1 view .LVU229
 833              		.loc 1 4408 10 is_stmt 0 view .LVU230
 834 0028 039B     		ldr	r3, [sp, #12]
 835 002a 013B     		subs	r3, r3, #1
 836 002c 0393     		str	r3, [sp, #12]
4409:platform/HAL/src/stm32g4xx_hal_spi.c ****   } while (HAL_IS_BIT_SET(hspi->Instance->CR2, SPI_CR2_TXEIE));
 837              		.loc 1 4409 12 is_stmt 1 view .LVU231
 838 002e 2368     		ldr	r3, [r4]
 839 0030 5B68     		ldr	r3, [r3, #4]
 840 0032 13F0800F 		tst	r3, #128
 841 0036 F5D1     		bne	.L67
 842 0038 03E0     		b	.L66
 843              	.L76:
4405:platform/HAL/src/stm32g4xx_hal_spi.c ****       break;
 844              		.loc 1 4405 7 view .LVU232
 845 003a 236E     		ldr	r3, [r4, #96]
 846 003c 43F04003 		orr	r3, r3, #64
 847 0040 2366     		str	r3, [r4, #96]
4406:platform/HAL/src/stm32g4xx_hal_spi.c ****     }
 848              		.loc 1 4406 7 view .LVU233
 849              	.L66:
4410:platform/HAL/src/stm32g4xx_hal_spi.c **** 
4411:platform/HAL/src/stm32g4xx_hal_spi.c ****   if (SPI_EndRxTxTransaction(hspi, SPI_DEFAULT_TIMEOUT, HAL_GetTick()) != HAL_OK)
 850              		.loc 1 4411 3 view .LVU234
 851              		.loc 1 4411 7 is_stmt 0 view .LVU235
 852 0042 FFF7FEFF 		bl	HAL_GetTick
 853              	.LVL45:
 854              		.loc 1 4411 7 view .LVU236
 855 0046 0246     		mov	r2, r0
 856              		.loc 1 4411 7 discriminator 1 view .LVU237
 857 0048 6421     		movs	r1, #100
 858 004a 2046     		mov	r0, r4
 859 004c FFF7FEFF 		bl	SPI_EndRxTxTransaction
 860              	.LVL46:
 861              		.loc 1 4411 6 discriminator 2 view .LVU238
ARM GAS  /tmp/ccMpXq91.s 			page 95


 862 0050 08B1     		cbz	r0, .L68
4412:platform/HAL/src/stm32g4xx_hal_spi.c ****   {
4413:platform/HAL/src/stm32g4xx_hal_spi.c ****     hspi->ErrorCode = HAL_SPI_ERROR_ABORT;
 863              		.loc 1 4413 5 is_stmt 1 view .LVU239
 864              		.loc 1 4413 21 is_stmt 0 view .LVU240
 865 0052 4023     		movs	r3, #64
 866 0054 2366     		str	r3, [r4, #96]
 867              	.L68:
4414:platform/HAL/src/stm32g4xx_hal_spi.c ****   }
4415:platform/HAL/src/stm32g4xx_hal_spi.c **** 
4416:platform/HAL/src/stm32g4xx_hal_spi.c ****   /* Disable SPI Peripheral */
4417:platform/HAL/src/stm32g4xx_hal_spi.c ****   __HAL_SPI_DISABLE(hspi);
 868              		.loc 1 4417 3 is_stmt 1 view .LVU241
 869 0056 2268     		ldr	r2, [r4]
 870 0058 1368     		ldr	r3, [r2]
 871 005a 23F04003 		bic	r3, r3, #64
 872 005e 1360     		str	r3, [r2]
4418:platform/HAL/src/stm32g4xx_hal_spi.c **** 
4419:platform/HAL/src/stm32g4xx_hal_spi.c ****   /* Empty the FRLVL fifo */
4420:platform/HAL/src/stm32g4xx_hal_spi.c ****   if (SPI_WaitFifoStateUntilTimeout(hspi, SPI_FLAG_FRLVL, SPI_FRLVL_EMPTY, SPI_DEFAULT_TIMEOUT,
 873              		.loc 1 4420 3 view .LVU242
 874              		.loc 1 4420 7 is_stmt 0 view .LVU243
 875 0060 FFF7FEFF 		bl	HAL_GetTick
 876              	.LVL47:
 877              		.loc 1 4420 7 discriminator 1 view .LVU244
 878 0064 0090     		str	r0, [sp]
 879 0066 6423     		movs	r3, #100
 880 0068 0022     		movs	r2, #0
 881 006a 4FF4C061 		mov	r1, #1536
 882 006e 2046     		mov	r0, r4
 883 0070 FFF7FEFF 		bl	SPI_WaitFifoStateUntilTimeout
 884              	.LVL48:
 885              		.loc 1 4420 6 discriminator 2 view .LVU245
 886 0074 08B1     		cbz	r0, .L69
4421:platform/HAL/src/stm32g4xx_hal_spi.c ****                                     HAL_GetTick()) != HAL_OK)
4422:platform/HAL/src/stm32g4xx_hal_spi.c ****   {
4423:platform/HAL/src/stm32g4xx_hal_spi.c ****     hspi->ErrorCode = HAL_SPI_ERROR_ABORT;
 887              		.loc 1 4423 5 is_stmt 1 view .LVU246
 888              		.loc 1 4423 21 is_stmt 0 view .LVU247
 889 0076 4023     		movs	r3, #64
 890 0078 2366     		str	r3, [r4, #96]
 891              	.L69:
4424:platform/HAL/src/stm32g4xx_hal_spi.c ****   }
4425:platform/HAL/src/stm32g4xx_hal_spi.c **** 
4426:platform/HAL/src/stm32g4xx_hal_spi.c ****   /* Check case of Full-Duplex Mode and disable directly RXNEIE interrupt */
4427:platform/HAL/src/stm32g4xx_hal_spi.c ****   if (HAL_IS_BIT_SET(hspi->Instance->CR2, SPI_CR2_RXNEIE))
 892              		.loc 1 4427 3 is_stmt 1 view .LVU248
 893              		.loc 1 4427 7 is_stmt 0 view .LVU249
 894 007a 2368     		ldr	r3, [r4]
 895 007c 5A68     		ldr	r2, [r3, #4]
 896              		.loc 1 4427 6 view .LVU250
 897 007e 12F0400F 		tst	r2, #64
 898 0082 2BD0     		beq	.L70
4428:platform/HAL/src/stm32g4xx_hal_spi.c ****   {
4429:platform/HAL/src/stm32g4xx_hal_spi.c ****     /* Disable RXNEIE interrupt */
4430:platform/HAL/src/stm32g4xx_hal_spi.c ****     CLEAR_BIT(hspi->Instance->CR2, (SPI_CR2_RXNEIE));
 899              		.loc 1 4430 5 is_stmt 1 view .LVU251
ARM GAS  /tmp/ccMpXq91.s 			page 96


 900 0084 5A68     		ldr	r2, [r3, #4]
 901 0086 22F04002 		bic	r2, r2, #64
 902 008a 5A60     		str	r2, [r3, #4]
 903              	.L73:
4431:platform/HAL/src/stm32g4xx_hal_spi.c **** 
4432:platform/HAL/src/stm32g4xx_hal_spi.c ****     /* Check RXNEIE is disabled */
4433:platform/HAL/src/stm32g4xx_hal_spi.c ****     do
 904              		.loc 1 4433 5 view .LVU252
4434:platform/HAL/src/stm32g4xx_hal_spi.c ****     {
4435:platform/HAL/src/stm32g4xx_hal_spi.c ****       if (count == 0U)
 905              		.loc 1 4435 7 view .LVU253
 906              		.loc 1 4435 17 is_stmt 0 view .LVU254
 907 008c 039B     		ldr	r3, [sp, #12]
 908              		.loc 1 4435 10 view .LVU255
 909 008e 43B1     		cbz	r3, .L77
4436:platform/HAL/src/stm32g4xx_hal_spi.c ****       {
4437:platform/HAL/src/stm32g4xx_hal_spi.c ****         SET_BIT(hspi->ErrorCode, HAL_SPI_ERROR_ABORT);
4438:platform/HAL/src/stm32g4xx_hal_spi.c ****         break;
4439:platform/HAL/src/stm32g4xx_hal_spi.c ****       }
4440:platform/HAL/src/stm32g4xx_hal_spi.c ****       count--;
 910              		.loc 1 4440 7 is_stmt 1 view .LVU256
 911              		.loc 1 4440 12 is_stmt 0 view .LVU257
 912 0090 039B     		ldr	r3, [sp, #12]
 913 0092 013B     		subs	r3, r3, #1
 914 0094 0393     		str	r3, [sp, #12]
4441:platform/HAL/src/stm32g4xx_hal_spi.c ****     } while (HAL_IS_BIT_SET(hspi->Instance->CR2, SPI_CR2_RXNEIE));
 915              		.loc 1 4441 14 is_stmt 1 view .LVU258
 916 0096 2368     		ldr	r3, [r4]
 917 0098 5B68     		ldr	r3, [r3, #4]
 918 009a 13F0400F 		tst	r3, #64
 919 009e F5D1     		bne	.L73
 920 00a0 03E0     		b	.L72
 921              	.L77:
4437:platform/HAL/src/stm32g4xx_hal_spi.c ****         break;
 922              		.loc 1 4437 9 view .LVU259
 923 00a2 236E     		ldr	r3, [r4, #96]
 924 00a4 43F04003 		orr	r3, r3, #64
 925 00a8 2366     		str	r3, [r4, #96]
4438:platform/HAL/src/stm32g4xx_hal_spi.c ****       }
 926              		.loc 1 4438 9 view .LVU260
 927              	.L72:
4442:platform/HAL/src/stm32g4xx_hal_spi.c **** 
4443:platform/HAL/src/stm32g4xx_hal_spi.c ****     /* Control the BSY flag */
4444:platform/HAL/src/stm32g4xx_hal_spi.c ****     if (SPI_WaitFlagStateUntilTimeout(hspi, SPI_FLAG_BSY, RESET, SPI_DEFAULT_TIMEOUT, HAL_GetTick()
 928              		.loc 1 4444 5 view .LVU261
 929              		.loc 1 4444 9 is_stmt 0 view .LVU262
 930 00aa FFF7FEFF 		bl	HAL_GetTick
 931              	.LVL49:
 932              		.loc 1 4444 9 discriminator 1 view .LVU263
 933 00ae 0090     		str	r0, [sp]
 934 00b0 6423     		movs	r3, #100
 935 00b2 0022     		movs	r2, #0
 936 00b4 8021     		movs	r1, #128
 937 00b6 2046     		mov	r0, r4
 938 00b8 FFF7FEFF 		bl	SPI_WaitFlagStateUntilTimeout
 939              	.LVL50:
 940              		.loc 1 4444 8 discriminator 2 view .LVU264
ARM GAS  /tmp/ccMpXq91.s 			page 97


 941 00bc 08B1     		cbz	r0, .L74
4445:platform/HAL/src/stm32g4xx_hal_spi.c ****     {
4446:platform/HAL/src/stm32g4xx_hal_spi.c ****       hspi->ErrorCode = HAL_SPI_ERROR_ABORT;
 942              		.loc 1 4446 7 is_stmt 1 view .LVU265
 943              		.loc 1 4446 23 is_stmt 0 view .LVU266
 944 00be 4023     		movs	r3, #64
 945 00c0 2366     		str	r3, [r4, #96]
 946              	.L74:
4447:platform/HAL/src/stm32g4xx_hal_spi.c ****     }
4448:platform/HAL/src/stm32g4xx_hal_spi.c **** 
4449:platform/HAL/src/stm32g4xx_hal_spi.c ****     /* Empty the FRLVL fifo */
4450:platform/HAL/src/stm32g4xx_hal_spi.c ****     if (SPI_WaitFifoStateUntilTimeout(hspi, SPI_FLAG_FRLVL, SPI_FRLVL_EMPTY, SPI_DEFAULT_TIMEOUT,
 947              		.loc 1 4450 5 is_stmt 1 view .LVU267
 948              		.loc 1 4450 9 is_stmt 0 view .LVU268
 949 00c2 FFF7FEFF 		bl	HAL_GetTick
 950              	.LVL51:
 951              		.loc 1 4450 9 discriminator 1 view .LVU269
 952 00c6 0090     		str	r0, [sp]
 953 00c8 6423     		movs	r3, #100
 954 00ca 0022     		movs	r2, #0
 955 00cc 4FF4C061 		mov	r1, #1536
 956 00d0 2046     		mov	r0, r4
 957 00d2 FFF7FEFF 		bl	SPI_WaitFifoStateUntilTimeout
 958              	.LVL52:
 959              		.loc 1 4450 8 discriminator 2 view .LVU270
 960 00d6 08B1     		cbz	r0, .L70
4451:platform/HAL/src/stm32g4xx_hal_spi.c ****                                       HAL_GetTick()) != HAL_OK)
4452:platform/HAL/src/stm32g4xx_hal_spi.c ****     {
4453:platform/HAL/src/stm32g4xx_hal_spi.c ****       hspi->ErrorCode = HAL_SPI_ERROR_ABORT;
 961              		.loc 1 4453 7 is_stmt 1 view .LVU271
 962              		.loc 1 4453 23 is_stmt 0 view .LVU272
 963 00d8 4023     		movs	r3, #64
 964 00da 2366     		str	r3, [r4, #96]
 965              	.L70:
4454:platform/HAL/src/stm32g4xx_hal_spi.c ****     }
4455:platform/HAL/src/stm32g4xx_hal_spi.c ****   }
4456:platform/HAL/src/stm32g4xx_hal_spi.c ****   hspi->State = HAL_SPI_STATE_ABORT;
 966              		.loc 1 4456 3 is_stmt 1 view .LVU273
 967              		.loc 1 4456 15 is_stmt 0 view .LVU274
 968 00dc 0723     		movs	r3, #7
 969 00de 84F85D30 		strb	r3, [r4, #93]
4457:platform/HAL/src/stm32g4xx_hal_spi.c **** }
 970              		.loc 1 4457 1 view .LVU275
 971 00e2 04B0     		add	sp, sp, #16
 972              	.LCFI19:
 973              		.cfi_def_cfa_offset 8
 974              		@ sp needed
 975 00e4 10BD     		pop	{r4, pc}
 976              	.LVL53:
 977              	.L79:
 978              		.loc 1 4457 1 view .LVU276
 979 00e6 00BF     		.align	2
 980              	.L78:
 981 00e8 00000000 		.word	SystemCoreClock
 982 00ec F1197605 		.word	91625969
 983              		.cfi_endproc
 984              	.LFE384:
ARM GAS  /tmp/ccMpXq91.s 			page 98


 986              		.section	.text.HAL_SPI_MspInit,"ax",%progbits
 987              		.align	1
 988              		.weak	HAL_SPI_MspInit
 989              		.syntax unified
 990              		.thumb
 991              		.thumb_func
 993              	HAL_SPI_MspInit:
 994              	.LVL54:
 995              	.LFB331:
 536:platform/HAL/src/stm32g4xx_hal_spi.c ****   /* Prevent unused argument(s) compilation warning */
 996              		.loc 1 536 1 is_stmt 1 view -0
 997              		.cfi_startproc
 998              		@ args = 0, pretend = 0, frame = 0
 999              		@ frame_needed = 0, uses_anonymous_args = 0
 1000              		@ link register save eliminated.
 538:platform/HAL/src/stm32g4xx_hal_spi.c **** 
 1001              		.loc 1 538 3 view .LVU278
 543:platform/HAL/src/stm32g4xx_hal_spi.c **** 
 1002              		.loc 1 543 1 is_stmt 0 view .LVU279
 1003 0000 7047     		bx	lr
 1004              		.cfi_endproc
 1005              	.LFE331:
 1007              		.section	.text.HAL_SPI_Init,"ax",%progbits
 1008              		.align	1
 1009              		.global	HAL_SPI_Init
 1010              		.syntax unified
 1011              		.thumb
 1012              		.thumb_func
 1014              	HAL_SPI_Init:
 1015              	.LVL55:
 1016              	.LFB329:
 317:platform/HAL/src/stm32g4xx_hal_spi.c ****   uint32_t frxth;
 1017              		.loc 1 317 1 is_stmt 1 view -0
 1018              		.cfi_startproc
 1019              		@ args = 0, pretend = 0, frame = 0
 1020              		@ frame_needed = 0, uses_anonymous_args = 0
 318:platform/HAL/src/stm32g4xx_hal_spi.c **** 
 1021              		.loc 1 318 3 view .LVU281
 321:platform/HAL/src/stm32g4xx_hal_spi.c ****   {
 1022              		.loc 1 321 3 view .LVU282
 321:platform/HAL/src/stm32g4xx_hal_spi.c ****   {
 1023              		.loc 1 321 6 is_stmt 0 view .LVU283
 1024 0000 0028     		cmp	r0, #0
 1025 0002 6FD0     		beq	.L88
 317:platform/HAL/src/stm32g4xx_hal_spi.c ****   uint32_t frxth;
 1026              		.loc 1 317 1 view .LVU284
 1027 0004 10B5     		push	{r4, lr}
 1028              	.LCFI20:
 1029              		.cfi_def_cfa_offset 8
 1030              		.cfi_offset 4, -8
 1031              		.cfi_offset 14, -4
 1032 0006 0446     		mov	r4, r0
 327:platform/HAL/src/stm32g4xx_hal_spi.c ****   assert_param(IS_SPI_MODE(hspi->Init.Mode));
 1033              		.loc 1 327 3 is_stmt 1 view .LVU285
 328:platform/HAL/src/stm32g4xx_hal_spi.c ****   assert_param(IS_SPI_DIRECTION(hspi->Init.Direction));
 1034              		.loc 1 328 3 view .LVU286
 329:platform/HAL/src/stm32g4xx_hal_spi.c ****   assert_param(IS_SPI_DATASIZE(hspi->Init.DataSize));
ARM GAS  /tmp/ccMpXq91.s 			page 99


 1035              		.loc 1 329 3 view .LVU287
 330:platform/HAL/src/stm32g4xx_hal_spi.c ****   assert_param(IS_SPI_NSS(hspi->Init.NSS));
 1036              		.loc 1 330 3 view .LVU288
 331:platform/HAL/src/stm32g4xx_hal_spi.c ****   assert_param(IS_SPI_NSSP(hspi->Init.NSSPMode));
 1037              		.loc 1 331 3 view .LVU289
 332:platform/HAL/src/stm32g4xx_hal_spi.c ****   assert_param(IS_SPI_BAUDRATE_PRESCALER(hspi->Init.BaudRatePrescaler));
 1038              		.loc 1 332 3 view .LVU290
 333:platform/HAL/src/stm32g4xx_hal_spi.c ****   assert_param(IS_SPI_FIRST_BIT(hspi->Init.FirstBit));
 1039              		.loc 1 333 3 view .LVU291
 334:platform/HAL/src/stm32g4xx_hal_spi.c ****   assert_param(IS_SPI_TIMODE(hspi->Init.TIMode));
 1040              		.loc 1 334 3 view .LVU292
 335:platform/HAL/src/stm32g4xx_hal_spi.c ****   if (hspi->Init.TIMode == SPI_TIMODE_DISABLE)
 1041              		.loc 1 335 3 view .LVU293
 336:platform/HAL/src/stm32g4xx_hal_spi.c ****   {
 1042              		.loc 1 336 3 view .LVU294
 336:platform/HAL/src/stm32g4xx_hal_spi.c ****   {
 1043              		.loc 1 336 17 is_stmt 0 view .LVU295
 1044 0008 436A     		ldr	r3, [r0, #36]
 336:platform/HAL/src/stm32g4xx_hal_spi.c ****   {
 1045              		.loc 1 336 6 view .LVU296
 1046 000a 33B9     		cbnz	r3, .L83
 338:platform/HAL/src/stm32g4xx_hal_spi.c ****     assert_param(IS_SPI_CPHA(hspi->Init.CLKPhase));
 1047              		.loc 1 338 5 is_stmt 1 view .LVU297
 339:platform/HAL/src/stm32g4xx_hal_spi.c **** 
 1048              		.loc 1 339 5 view .LVU298
 341:platform/HAL/src/stm32g4xx_hal_spi.c ****     {
 1049              		.loc 1 341 5 view .LVU299
 341:platform/HAL/src/stm32g4xx_hal_spi.c ****     {
 1050              		.loc 1 341 19 is_stmt 0 view .LVU300
 1051 000c 4368     		ldr	r3, [r0, #4]
 341:platform/HAL/src/stm32g4xx_hal_spi.c ****     {
 1052              		.loc 1 341 8 view .LVU301
 1053 000e B3F5827F 		cmp	r3, #260
 1054 0012 05D0     		beq	.L84
 348:platform/HAL/src/stm32g4xx_hal_spi.c ****     }
 1055              		.loc 1 348 7 is_stmt 1 view .LVU302
 348:platform/HAL/src/stm32g4xx_hal_spi.c ****     }
 1056              		.loc 1 348 36 is_stmt 0 view .LVU303
 1057 0014 0023     		movs	r3, #0
 1058 0016 C361     		str	r3, [r0, #28]
 1059 0018 02E0     		b	.L84
 1060              	.L83:
 353:platform/HAL/src/stm32g4xx_hal_spi.c **** 
 1061              		.loc 1 353 5 is_stmt 1 view .LVU304
 356:platform/HAL/src/stm32g4xx_hal_spi.c ****     hspi->Init.CLKPhase    = SPI_PHASE_1EDGE;
 1062              		.loc 1 356 5 view .LVU305
 356:platform/HAL/src/stm32g4xx_hal_spi.c ****     hspi->Init.CLKPhase    = SPI_PHASE_1EDGE;
 1063              		.loc 1 356 28 is_stmt 0 view .LVU306
 1064 001a 0023     		movs	r3, #0
 1065 001c 0361     		str	r3, [r0, #16]
 357:platform/HAL/src/stm32g4xx_hal_spi.c ****   }
 1066              		.loc 1 357 5 is_stmt 1 view .LVU307
 357:platform/HAL/src/stm32g4xx_hal_spi.c ****   }
 1067              		.loc 1 357 28 is_stmt 0 view .LVU308
 1068 001e 4361     		str	r3, [r0, #20]
 1069              	.L84:
 367:platform/HAL/src/stm32g4xx_hal_spi.c **** #endif /* USE_SPI_CRC */
ARM GAS  /tmp/ccMpXq91.s 			page 100


 1070              		.loc 1 367 3 is_stmt 1 view .LVU309
 367:platform/HAL/src/stm32g4xx_hal_spi.c **** #endif /* USE_SPI_CRC */
 1071              		.loc 1 367 29 is_stmt 0 view .LVU310
 1072 0020 0023     		movs	r3, #0
 1073 0022 A362     		str	r3, [r4, #40]
 370:platform/HAL/src/stm32g4xx_hal_spi.c ****   {
 1074              		.loc 1 370 3 is_stmt 1 view .LVU311
 370:platform/HAL/src/stm32g4xx_hal_spi.c ****   {
 1075              		.loc 1 370 11 is_stmt 0 view .LVU312
 1076 0024 94F85D30 		ldrb	r3, [r4, #93]	@ zero_extendqisi2
 370:platform/HAL/src/stm32g4xx_hal_spi.c ****   {
 1077              		.loc 1 370 6 view .LVU313
 1078 0028 002B     		cmp	r3, #0
 1079 002a 52D0     		beq	.L94
 1080              	.LVL56:
 1081              	.L85:
 399:platform/HAL/src/stm32g4xx_hal_spi.c **** 
 1082              		.loc 1 399 3 is_stmt 1 view .LVU314
 399:platform/HAL/src/stm32g4xx_hal_spi.c **** 
 1083              		.loc 1 399 15 is_stmt 0 view .LVU315
 1084 002c 0223     		movs	r3, #2
 1085 002e 84F85D30 		strb	r3, [r4, #93]
 402:platform/HAL/src/stm32g4xx_hal_spi.c **** 
 1086              		.loc 1 402 3 is_stmt 1 view .LVU316
 1087 0032 2268     		ldr	r2, [r4]
 1088 0034 1368     		ldr	r3, [r2]
 1089 0036 23F04003 		bic	r3, r3, #64
 1090 003a 1360     		str	r3, [r2]
 405:platform/HAL/src/stm32g4xx_hal_spi.c ****   {
 1091              		.loc 1 405 3 view .LVU317
 405:platform/HAL/src/stm32g4xx_hal_spi.c ****   {
 1092              		.loc 1 405 17 is_stmt 0 view .LVU318
 1093 003c E368     		ldr	r3, [r4, #12]
 405:platform/HAL/src/stm32g4xx_hal_spi.c ****   {
 1094              		.loc 1 405 6 view .LVU319
 1095 003e B3F5E06F 		cmp	r3, #1792
 1096 0042 4CD9     		bls	.L89
 407:platform/HAL/src/stm32g4xx_hal_spi.c ****   }
 1097              		.loc 1 407 11 view .LVU320
 1098 0044 0022     		movs	r2, #0
 1099              	.L86:
 1100              	.LVL57:
 415:platform/HAL/src/stm32g4xx_hal_spi.c ****   {
 1101              		.loc 1 415 3 is_stmt 1 view .LVU321
 415:platform/HAL/src/stm32g4xx_hal_spi.c ****   {
 1102              		.loc 1 415 6 is_stmt 0 view .LVU322
 1103 0046 B3F5706F 		cmp	r3, #3840
 1104 004a 04D0     		beq	.L87
 415:platform/HAL/src/stm32g4xx_hal_spi.c ****   {
 1105              		.loc 1 415 51 discriminator 1 view .LVU323
 1106 004c B3F5E06F 		cmp	r3, #1792
 1107 0050 01D0     		beq	.L87
 418:platform/HAL/src/stm32g4xx_hal_spi.c ****   }
 1108              		.loc 1 418 5 is_stmt 1 view .LVU324
 418:platform/HAL/src/stm32g4xx_hal_spi.c ****   }
 1109              		.loc 1 418 31 is_stmt 0 view .LVU325
 1110 0052 0023     		movs	r3, #0
ARM GAS  /tmp/ccMpXq91.s 			page 101


 1111 0054 A362     		str	r3, [r4, #40]
 1112              	.L87:
 424:platform/HAL/src/stm32g4xx_hal_spi.c ****                                   (hspi->Init.Direction & (SPI_CR1_RXONLY | SPI_CR1_BIDIMODE)) |
 1113              		.loc 1 424 3 is_stmt 1 view .LVU326
 1114 0056 6368     		ldr	r3, [r4, #4]
 1115 0058 03F48273 		and	r3, r3, #260
 1116 005c A168     		ldr	r1, [r4, #8]
 1117 005e 01F40441 		and	r1, r1, #33792
 1118 0062 0B43     		orrs	r3, r3, r1
 1119 0064 2169     		ldr	r1, [r4, #16]
 1120 0066 01F00201 		and	r1, r1, #2
 1121 006a 0B43     		orrs	r3, r3, r1
 1122 006c 6169     		ldr	r1, [r4, #20]
 1123 006e 01F00101 		and	r1, r1, #1
 1124 0072 0B43     		orrs	r3, r3, r1
 1125 0074 A169     		ldr	r1, [r4, #24]
 1126 0076 01F40071 		and	r1, r1, #512
 1127 007a 0B43     		orrs	r3, r3, r1
 1128 007c E169     		ldr	r1, [r4, #28]
 1129 007e 01F03801 		and	r1, r1, #56
 1130 0082 0B43     		orrs	r3, r3, r1
 1131 0084 216A     		ldr	r1, [r4, #32]
 1132 0086 01F08001 		and	r1, r1, #128
 1133 008a 0B43     		orrs	r3, r3, r1
 1134 008c A16A     		ldr	r1, [r4, #40]
 1135 008e 01F40051 		and	r1, r1, #8192
 1136 0092 2068     		ldr	r0, [r4]
 1137 0094 0B43     		orrs	r3, r3, r1
 1138 0096 0360     		str	r3, [r0]
 459:platform/HAL/src/stm32g4xx_hal_spi.c ****                                   (hspi->Init.TIMode & SPI_CR2_FRF) |
 1139              		.loc 1 459 3 view .LVU327
 1140 0098 638B     		ldrh	r3, [r4, #26]
 1141 009a 03F00403 		and	r3, r3, #4
 1142 009e 616A     		ldr	r1, [r4, #36]
 1143 00a0 01F01001 		and	r1, r1, #16
 1144 00a4 0B43     		orrs	r3, r3, r1
 1145 00a6 616B     		ldr	r1, [r4, #52]
 1146 00a8 01F00801 		and	r1, r1, #8
 1147 00ac 0B43     		orrs	r3, r3, r1
 1148 00ae E168     		ldr	r1, [r4, #12]
 1149 00b0 01F47061 		and	r1, r1, #3840
 1150 00b4 0B43     		orrs	r3, r3, r1
 1151 00b6 2168     		ldr	r1, [r4]
 1152 00b8 1343     		orrs	r3, r3, r2
 1153 00ba 4B60     		str	r3, [r1, #4]
 476:platform/HAL/src/stm32g4xx_hal_spi.c **** #endif /* SPI_I2SCFGR_I2SMOD */
 1154              		.loc 1 476 3 view .LVU328
 1155 00bc 2268     		ldr	r2, [r4]
 1156              	.LVL58:
 476:platform/HAL/src/stm32g4xx_hal_spi.c **** #endif /* SPI_I2SCFGR_I2SMOD */
 1157              		.loc 1 476 3 is_stmt 0 view .LVU329
 1158 00be D369     		ldr	r3, [r2, #28]
 1159 00c0 23F40063 		bic	r3, r3, #2048
 1160 00c4 D361     		str	r3, [r2, #28]
 479:platform/HAL/src/stm32g4xx_hal_spi.c ****   hspi->State     = HAL_SPI_STATE_READY;
 1161              		.loc 1 479 3 is_stmt 1 view .LVU330
 479:platform/HAL/src/stm32g4xx_hal_spi.c ****   hspi->State     = HAL_SPI_STATE_READY;
ARM GAS  /tmp/ccMpXq91.s 			page 102


 1162              		.loc 1 479 19 is_stmt 0 view .LVU331
 1163 00c6 0020     		movs	r0, #0
 1164 00c8 2066     		str	r0, [r4, #96]
 480:platform/HAL/src/stm32g4xx_hal_spi.c **** 
 1165              		.loc 1 480 3 is_stmt 1 view .LVU332
 480:platform/HAL/src/stm32g4xx_hal_spi.c **** 
 1166              		.loc 1 480 19 is_stmt 0 view .LVU333
 1167 00ca 0123     		movs	r3, #1
 1168 00cc 84F85D30 		strb	r3, [r4, #93]
 482:platform/HAL/src/stm32g4xx_hal_spi.c **** }
 1169              		.loc 1 482 3 is_stmt 1 view .LVU334
 483:platform/HAL/src/stm32g4xx_hal_spi.c **** 
 1170              		.loc 1 483 1 is_stmt 0 view .LVU335
 1171 00d0 10BD     		pop	{r4, pc}
 1172              	.LVL59:
 1173              	.L94:
 373:platform/HAL/src/stm32g4xx_hal_spi.c **** 
 1174              		.loc 1 373 5 is_stmt 1 view .LVU336
 373:platform/HAL/src/stm32g4xx_hal_spi.c **** 
 1175              		.loc 1 373 16 is_stmt 0 view .LVU337
 1176 00d2 84F85C30 		strb	r3, [r4, #92]
 395:platform/HAL/src/stm32g4xx_hal_spi.c **** #endif /* USE_HAL_SPI_REGISTER_CALLBACKS */
 1177              		.loc 1 395 5 is_stmt 1 view .LVU338
 1178 00d6 2046     		mov	r0, r4
 1179              	.LVL60:
 395:platform/HAL/src/stm32g4xx_hal_spi.c **** #endif /* USE_HAL_SPI_REGISTER_CALLBACKS */
 1180              		.loc 1 395 5 is_stmt 0 view .LVU339
 1181 00d8 FFF7FEFF 		bl	HAL_SPI_MspInit
 1182              	.LVL61:
 1183 00dc A6E7     		b	.L85
 1184              	.L89:
 411:platform/HAL/src/stm32g4xx_hal_spi.c ****   }
 1185              		.loc 1 411 11 view .LVU340
 1186 00de 4FF48052 		mov	r2, #4096
 1187 00e2 B0E7     		b	.L86
 1188              	.LVL62:
 1189              	.L88:
 1190              	.LCFI21:
 1191              		.cfi_def_cfa_offset 0
 1192              		.cfi_restore 4
 1193              		.cfi_restore 14
 323:platform/HAL/src/stm32g4xx_hal_spi.c ****   }
 1194              		.loc 1 323 12 view .LVU341
 1195 00e4 0120     		movs	r0, #1
 1196              	.LVL63:
 483:platform/HAL/src/stm32g4xx_hal_spi.c **** 
 1197              		.loc 1 483 1 view .LVU342
 1198 00e6 7047     		bx	lr
 1199              		.cfi_endproc
 1200              	.LFE329:
 1202              		.section	.text.HAL_SPI_MspDeInit,"ax",%progbits
 1203              		.align	1
 1204              		.weak	HAL_SPI_MspDeInit
 1205              		.syntax unified
 1206              		.thumb
 1207              		.thumb_func
 1209              	HAL_SPI_MspDeInit:
ARM GAS  /tmp/ccMpXq91.s 			page 103


 1210              	.LVL64:
 1211              	.LFB332:
 552:platform/HAL/src/stm32g4xx_hal_spi.c ****   /* Prevent unused argument(s) compilation warning */
 1212              		.loc 1 552 1 is_stmt 1 view -0
 1213              		.cfi_startproc
 1214              		@ args = 0, pretend = 0, frame = 0
 1215              		@ frame_needed = 0, uses_anonymous_args = 0
 1216              		@ link register save eliminated.
 554:platform/HAL/src/stm32g4xx_hal_spi.c **** 
 1217              		.loc 1 554 3 view .LVU344
 559:platform/HAL/src/stm32g4xx_hal_spi.c **** 
 1218              		.loc 1 559 1 is_stmt 0 view .LVU345
 1219 0000 7047     		bx	lr
 1220              		.cfi_endproc
 1221              	.LFE332:
 1223              		.section	.text.HAL_SPI_DeInit,"ax",%progbits
 1224              		.align	1
 1225              		.global	HAL_SPI_DeInit
 1226              		.syntax unified
 1227              		.thumb
 1228              		.thumb_func
 1230              	HAL_SPI_DeInit:
 1231              	.LVL65:
 1232              	.LFB330:
 492:platform/HAL/src/stm32g4xx_hal_spi.c ****   /* Check the SPI handle allocation */
 1233              		.loc 1 492 1 is_stmt 1 view -0
 1234              		.cfi_startproc
 1235              		@ args = 0, pretend = 0, frame = 0
 1236              		@ frame_needed = 0, uses_anonymous_args = 0
 494:platform/HAL/src/stm32g4xx_hal_spi.c ****   {
 1237              		.loc 1 494 3 view .LVU347
 494:platform/HAL/src/stm32g4xx_hal_spi.c ****   {
 1238              		.loc 1 494 6 is_stmt 0 view .LVU348
 1239 0000 90B1     		cbz	r0, .L98
 492:platform/HAL/src/stm32g4xx_hal_spi.c ****   /* Check the SPI handle allocation */
 1240              		.loc 1 492 1 view .LVU349
 1241 0002 10B5     		push	{r4, lr}
 1242              	.LCFI22:
 1243              		.cfi_def_cfa_offset 8
 1244              		.cfi_offset 4, -8
 1245              		.cfi_offset 14, -4
 1246 0004 0446     		mov	r4, r0
 500:platform/HAL/src/stm32g4xx_hal_spi.c **** 
 1247              		.loc 1 500 3 is_stmt 1 view .LVU350
 502:platform/HAL/src/stm32g4xx_hal_spi.c **** 
 1248              		.loc 1 502 3 view .LVU351
 502:platform/HAL/src/stm32g4xx_hal_spi.c **** 
 1249              		.loc 1 502 15 is_stmt 0 view .LVU352
 1250 0006 0223     		movs	r3, #2
 1251 0008 80F85D30 		strb	r3, [r0, #93]
 505:platform/HAL/src/stm32g4xx_hal_spi.c **** 
 1252              		.loc 1 505 3 is_stmt 1 view .LVU353
 1253 000c 0268     		ldr	r2, [r0]
 1254 000e 1368     		ldr	r3, [r2]
 1255 0010 23F04003 		bic	r3, r3, #64
 1256 0014 1360     		str	r3, [r2]
 517:platform/HAL/src/stm32g4xx_hal_spi.c **** #endif /* USE_HAL_SPI_REGISTER_CALLBACKS */
ARM GAS  /tmp/ccMpXq91.s 			page 104


 1257              		.loc 1 517 3 view .LVU354
 1258 0016 FFF7FEFF 		bl	HAL_SPI_MspDeInit
 1259              	.LVL66:
 520:platform/HAL/src/stm32g4xx_hal_spi.c ****   hspi->State = HAL_SPI_STATE_RESET;
 1260              		.loc 1 520 3 view .LVU355
 520:platform/HAL/src/stm32g4xx_hal_spi.c ****   hspi->State = HAL_SPI_STATE_RESET;
 1261              		.loc 1 520 19 is_stmt 0 view .LVU356
 1262 001a 0020     		movs	r0, #0
 1263 001c 2066     		str	r0, [r4, #96]
 521:platform/HAL/src/stm32g4xx_hal_spi.c **** 
 1264              		.loc 1 521 3 is_stmt 1 view .LVU357
 521:platform/HAL/src/stm32g4xx_hal_spi.c **** 
 1265              		.loc 1 521 15 is_stmt 0 view .LVU358
 1266 001e 84F85D00 		strb	r0, [r4, #93]
 524:platform/HAL/src/stm32g4xx_hal_spi.c **** 
 1267              		.loc 1 524 3 is_stmt 1 view .LVU359
 524:platform/HAL/src/stm32g4xx_hal_spi.c **** 
 1268              		.loc 1 524 3 view .LVU360
 1269 0022 84F85C00 		strb	r0, [r4, #92]
 524:platform/HAL/src/stm32g4xx_hal_spi.c **** 
 1270              		.loc 1 524 3 view .LVU361
 526:platform/HAL/src/stm32g4xx_hal_spi.c **** }
 1271              		.loc 1 526 3 view .LVU362
 527:platform/HAL/src/stm32g4xx_hal_spi.c **** 
 1272              		.loc 1 527 1 is_stmt 0 view .LVU363
 1273 0026 10BD     		pop	{r4, pc}
 1274              	.LVL67:
 1275              	.L98:
 1276              	.LCFI23:
 1277              		.cfi_def_cfa_offset 0
 1278              		.cfi_restore 4
 1279              		.cfi_restore 14
 496:platform/HAL/src/stm32g4xx_hal_spi.c ****   }
 1280              		.loc 1 496 12 view .LVU364
 1281 0028 0120     		movs	r0, #1
 1282              	.LVL68:
 527:platform/HAL/src/stm32g4xx_hal_spi.c **** 
 1283              		.loc 1 527 1 view .LVU365
 1284 002a 7047     		bx	lr
 1285              		.cfi_endproc
 1286              	.LFE330:
 1288              		.section	.text.HAL_SPI_Transmit,"ax",%progbits
 1289              		.align	1
 1290              		.global	HAL_SPI_Transmit
 1291              		.syntax unified
 1292              		.thumb
 1293              		.thumb_func
 1295              	HAL_SPI_Transmit:
 1296              	.LVL69:
 1297              	.LFB333:
 824:platform/HAL/src/stm32g4xx_hal_spi.c ****   uint32_t tickstart;
 1298              		.loc 1 824 1 is_stmt 1 view -0
 1299              		.cfi_startproc
 1300              		@ args = 0, pretend = 0, frame = 8
 1301              		@ frame_needed = 0, uses_anonymous_args = 0
 824:platform/HAL/src/stm32g4xx_hal_spi.c ****   uint32_t tickstart;
 1302              		.loc 1 824 1 is_stmt 0 view .LVU367
ARM GAS  /tmp/ccMpXq91.s 			page 105


 1303 0000 2DE9F043 		push	{r4, r5, r6, r7, r8, r9, lr}
 1304              	.LCFI24:
 1305              		.cfi_def_cfa_offset 28
 1306              		.cfi_offset 4, -28
 1307              		.cfi_offset 5, -24
 1308              		.cfi_offset 6, -20
 1309              		.cfi_offset 7, -16
 1310              		.cfi_offset 8, -12
 1311              		.cfi_offset 9, -8
 1312              		.cfi_offset 14, -4
 1313 0004 83B0     		sub	sp, sp, #12
 1314              	.LCFI25:
 1315              		.cfi_def_cfa_offset 40
 1316 0006 0446     		mov	r4, r0
 1317 0008 8946     		mov	r9, r1
 1318 000a 9046     		mov	r8, r2
 1319 000c 1D46     		mov	r5, r3
 825:platform/HAL/src/stm32g4xx_hal_spi.c ****   uint16_t initial_TxXferCount;
 1320              		.loc 1 825 3 is_stmt 1 view .LVU368
 826:platform/HAL/src/stm32g4xx_hal_spi.c **** 
 1321              		.loc 1 826 3 view .LVU369
 829:platform/HAL/src/stm32g4xx_hal_spi.c **** 
 1322              		.loc 1 829 3 view .LVU370
 832:platform/HAL/src/stm32g4xx_hal_spi.c ****   initial_TxXferCount = Size;
 1323              		.loc 1 832 3 view .LVU371
 832:platform/HAL/src/stm32g4xx_hal_spi.c ****   initial_TxXferCount = Size;
 1324              		.loc 1 832 15 is_stmt 0 view .LVU372
 1325 000e FFF7FEFF 		bl	HAL_GetTick
 1326              	.LVL70:
 833:platform/HAL/src/stm32g4xx_hal_spi.c **** 
 1327              		.loc 1 833 3 is_stmt 1 view .LVU373
 835:platform/HAL/src/stm32g4xx_hal_spi.c ****   {
 1328              		.loc 1 835 3 view .LVU374
 835:platform/HAL/src/stm32g4xx_hal_spi.c ****   {
 1329              		.loc 1 835 11 is_stmt 0 view .LVU375
 1330 0012 94F85D30 		ldrb	r3, [r4, #93]	@ zero_extendqisi2
 835:platform/HAL/src/stm32g4xx_hal_spi.c ****   {
 1331              		.loc 1 835 6 view .LVU376
 1332 0016 012B     		cmp	r3, #1
 1333 0018 40F0F080 		bne	.L129
 1334 001c 0646     		mov	r6, r0
 1335 001e DFB2     		uxtb	r7, r3
 840:platform/HAL/src/stm32g4xx_hal_spi.c ****   {
 1336              		.loc 1 840 3 is_stmt 1 view .LVU377
 840:platform/HAL/src/stm32g4xx_hal_spi.c ****   {
 1337              		.loc 1 840 6 is_stmt 0 view .LVU378
 1338 0020 B9F1000F 		cmp	r9, #0
 1339 0024 00F0EB80 		beq	.L104
 840:platform/HAL/src/stm32g4xx_hal_spi.c ****   {
 1340              		.loc 1 840 23 discriminator 1 view .LVU379
 1341 0028 B8F1000F 		cmp	r8, #0
 1342 002c 00F0E780 		beq	.L104
 846:platform/HAL/src/stm32g4xx_hal_spi.c **** 
 1343              		.loc 1 846 3 is_stmt 1 view .LVU380
 846:platform/HAL/src/stm32g4xx_hal_spi.c **** 
 1344              		.loc 1 846 3 view .LVU381
 1345 0030 94F85C30 		ldrb	r3, [r4, #92]	@ zero_extendqisi2
ARM GAS  /tmp/ccMpXq91.s 			page 106


 1346 0034 012B     		cmp	r3, #1
 1347 0036 00F0E680 		beq	.L130
 846:platform/HAL/src/stm32g4xx_hal_spi.c **** 
 1348              		.loc 1 846 3 discriminator 2 view .LVU382
 1349 003a 0123     		movs	r3, #1
 1350 003c 84F85C30 		strb	r3, [r4, #92]
 846:platform/HAL/src/stm32g4xx_hal_spi.c **** 
 1351              		.loc 1 846 3 view .LVU383
 849:platform/HAL/src/stm32g4xx_hal_spi.c ****   hspi->ErrorCode   = HAL_SPI_ERROR_NONE;
 1352              		.loc 1 849 3 view .LVU384
 849:platform/HAL/src/stm32g4xx_hal_spi.c ****   hspi->ErrorCode   = HAL_SPI_ERROR_NONE;
 1353              		.loc 1 849 21 is_stmt 0 view .LVU385
 1354 0040 0323     		movs	r3, #3
 1355 0042 84F85D30 		strb	r3, [r4, #93]
 850:platform/HAL/src/stm32g4xx_hal_spi.c ****   hspi->pTxBuffPtr  = (const uint8_t *)pData;
 1356              		.loc 1 850 3 is_stmt 1 view .LVU386
 850:platform/HAL/src/stm32g4xx_hal_spi.c ****   hspi->pTxBuffPtr  = (const uint8_t *)pData;
 1357              		.loc 1 850 21 is_stmt 0 view .LVU387
 1358 0046 0023     		movs	r3, #0
 1359 0048 2366     		str	r3, [r4, #96]
 851:platform/HAL/src/stm32g4xx_hal_spi.c ****   hspi->TxXferSize  = Size;
 1360              		.loc 1 851 3 is_stmt 1 view .LVU388
 851:platform/HAL/src/stm32g4xx_hal_spi.c ****   hspi->TxXferSize  = Size;
 1361              		.loc 1 851 21 is_stmt 0 view .LVU389
 1362 004a C4F83890 		str	r9, [r4, #56]
 852:platform/HAL/src/stm32g4xx_hal_spi.c ****   hspi->TxXferCount = Size;
 1363              		.loc 1 852 3 is_stmt 1 view .LVU390
 852:platform/HAL/src/stm32g4xx_hal_spi.c ****   hspi->TxXferCount = Size;
 1364              		.loc 1 852 21 is_stmt 0 view .LVU391
 1365 004e A4F83C80 		strh	r8, [r4, #60]	@ movhi
 853:platform/HAL/src/stm32g4xx_hal_spi.c **** 
 1366              		.loc 1 853 3 is_stmt 1 view .LVU392
 853:platform/HAL/src/stm32g4xx_hal_spi.c **** 
 1367              		.loc 1 853 21 is_stmt 0 view .LVU393
 1368 0052 A4F83E80 		strh	r8, [r4, #62]	@ movhi
 856:platform/HAL/src/stm32g4xx_hal_spi.c ****   hspi->RxXferSize  = 0U;
 1369              		.loc 1 856 3 is_stmt 1 view .LVU394
 856:platform/HAL/src/stm32g4xx_hal_spi.c ****   hspi->RxXferSize  = 0U;
 1370              		.loc 1 856 21 is_stmt 0 view .LVU395
 1371 0056 2364     		str	r3, [r4, #64]
 857:platform/HAL/src/stm32g4xx_hal_spi.c ****   hspi->RxXferCount = 0U;
 1372              		.loc 1 857 3 is_stmt 1 view .LVU396
 857:platform/HAL/src/stm32g4xx_hal_spi.c ****   hspi->RxXferCount = 0U;
 1373              		.loc 1 857 21 is_stmt 0 view .LVU397
 1374 0058 A4F84430 		strh	r3, [r4, #68]	@ movhi
 858:platform/HAL/src/stm32g4xx_hal_spi.c ****   hspi->TxISR       = NULL;
 1375              		.loc 1 858 3 is_stmt 1 view .LVU398
 858:platform/HAL/src/stm32g4xx_hal_spi.c ****   hspi->TxISR       = NULL;
 1376              		.loc 1 858 21 is_stmt 0 view .LVU399
 1377 005c A4F84630 		strh	r3, [r4, #70]	@ movhi
 859:platform/HAL/src/stm32g4xx_hal_spi.c ****   hspi->RxISR       = NULL;
 1378              		.loc 1 859 3 is_stmt 1 view .LVU400
 859:platform/HAL/src/stm32g4xx_hal_spi.c ****   hspi->RxISR       = NULL;
 1379              		.loc 1 859 21 is_stmt 0 view .LVU401
 1380 0060 2365     		str	r3, [r4, #80]
 860:platform/HAL/src/stm32g4xx_hal_spi.c **** 
 1381              		.loc 1 860 3 is_stmt 1 view .LVU402
ARM GAS  /tmp/ccMpXq91.s 			page 107


 860:platform/HAL/src/stm32g4xx_hal_spi.c **** 
 1382              		.loc 1 860 21 is_stmt 0 view .LVU403
 1383 0062 E364     		str	r3, [r4, #76]
 863:platform/HAL/src/stm32g4xx_hal_spi.c ****   {
 1384              		.loc 1 863 3 is_stmt 1 view .LVU404
 863:platform/HAL/src/stm32g4xx_hal_spi.c ****   {
 1385              		.loc 1 863 17 is_stmt 0 view .LVU405
 1386 0064 A368     		ldr	r3, [r4, #8]
 863:platform/HAL/src/stm32g4xx_hal_spi.c ****   {
 1387              		.loc 1 863 6 view .LVU406
 1388 0066 B3F5004F 		cmp	r3, #32768
 1389 006a 1ED0     		beq	.L133
 1390              	.L105:
 879:platform/HAL/src/stm32g4xx_hal_spi.c ****   {
 1391              		.loc 1 879 3 is_stmt 1 view .LVU407
 879:platform/HAL/src/stm32g4xx_hal_spi.c ****   {
 1392              		.loc 1 879 12 is_stmt 0 view .LVU408
 1393 006c 2368     		ldr	r3, [r4]
 879:platform/HAL/src/stm32g4xx_hal_spi.c ****   {
 1394              		.loc 1 879 22 view .LVU409
 1395 006e 1A68     		ldr	r2, [r3]
 879:platform/HAL/src/stm32g4xx_hal_spi.c ****   {
 1396              		.loc 1 879 6 view .LVU410
 1397 0070 12F0400F 		tst	r2, #64
 1398 0074 03D1     		bne	.L106
 882:platform/HAL/src/stm32g4xx_hal_spi.c ****   }
 1399              		.loc 1 882 5 is_stmt 1 view .LVU411
 1400 0076 1A68     		ldr	r2, [r3]
 1401 0078 42F04002 		orr	r2, r2, #64
 1402 007c 1A60     		str	r2, [r3]
 1403              	.L106:
 886:platform/HAL/src/stm32g4xx_hal_spi.c ****   {
 1404              		.loc 1 886 3 view .LVU412
 886:platform/HAL/src/stm32g4xx_hal_spi.c ****   {
 1405              		.loc 1 886 17 is_stmt 0 view .LVU413
 1406 007e E368     		ldr	r3, [r4, #12]
 886:platform/HAL/src/stm32g4xx_hal_spi.c ****   {
 1407              		.loc 1 886 6 view .LVU414
 1408 0080 B3F5E06F 		cmp	r3, #1792
 1409 0084 47D9     		bls	.L107
 888:platform/HAL/src/stm32g4xx_hal_spi.c ****     {
 1410              		.loc 1 888 5 is_stmt 1 view .LVU415
 888:platform/HAL/src/stm32g4xx_hal_spi.c ****     {
 1411              		.loc 1 888 20 is_stmt 0 view .LVU416
 1412 0086 6368     		ldr	r3, [r4, #4]
 888:platform/HAL/src/stm32g4xx_hal_spi.c ****     {
 1413              		.loc 1 888 8 view .LVU417
 1414 0088 13B1     		cbz	r3, .L108
 888:platform/HAL/src/stm32g4xx_hal_spi.c ****     {
 1415              		.loc 1 888 45 discriminator 1 view .LVU418
 1416 008a B8F1010F 		cmp	r8, #1
 1417 008e 20D1     		bne	.L114
 1418              	.L108:
 890:platform/HAL/src/stm32g4xx_hal_spi.c ****       hspi->pTxBuffPtr += sizeof(uint16_t);
 1419              		.loc 1 890 7 is_stmt 1 view .LVU419
 890:platform/HAL/src/stm32g4xx_hal_spi.c ****       hspi->pTxBuffPtr += sizeof(uint16_t);
 1420              		.loc 1 890 52 is_stmt 0 view .LVU420
ARM GAS  /tmp/ccMpXq91.s 			page 108


 1421 0090 A26B     		ldr	r2, [r4, #56]
 890:platform/HAL/src/stm32g4xx_hal_spi.c ****       hspi->pTxBuffPtr += sizeof(uint16_t);
 1422              		.loc 1 890 11 view .LVU421
 1423 0092 2368     		ldr	r3, [r4]
 890:platform/HAL/src/stm32g4xx_hal_spi.c ****       hspi->pTxBuffPtr += sizeof(uint16_t);
 1424              		.loc 1 890 28 view .LVU422
 1425 0094 1288     		ldrh	r2, [r2]
 890:platform/HAL/src/stm32g4xx_hal_spi.c ****       hspi->pTxBuffPtr += sizeof(uint16_t);
 1426              		.loc 1 890 26 view .LVU423
 1427 0096 DA60     		str	r2, [r3, #12]
 891:platform/HAL/src/stm32g4xx_hal_spi.c ****       hspi->TxXferCount--;
 1428              		.loc 1 891 7 is_stmt 1 view .LVU424
 891:platform/HAL/src/stm32g4xx_hal_spi.c ****       hspi->TxXferCount--;
 1429              		.loc 1 891 11 is_stmt 0 view .LVU425
 1430 0098 A36B     		ldr	r3, [r4, #56]
 891:platform/HAL/src/stm32g4xx_hal_spi.c ****       hspi->TxXferCount--;
 1431              		.loc 1 891 24 view .LVU426
 1432 009a 0233     		adds	r3, r3, #2
 1433 009c A363     		str	r3, [r4, #56]
 892:platform/HAL/src/stm32g4xx_hal_spi.c ****     }
 1434              		.loc 1 892 7 is_stmt 1 view .LVU427
 892:platform/HAL/src/stm32g4xx_hal_spi.c ****     }
 1435              		.loc 1 892 11 is_stmt 0 view .LVU428
 1436 009e E38F     		ldrh	r3, [r4, #62]
 1437 00a0 9BB2     		uxth	r3, r3
 892:platform/HAL/src/stm32g4xx_hal_spi.c ****     }
 1438              		.loc 1 892 24 view .LVU429
 1439 00a2 013B     		subs	r3, r3, #1
 1440 00a4 9BB2     		uxth	r3, r3
 1441 00a6 E387     		strh	r3, [r4, #62]	@ movhi
 1442 00a8 13E0     		b	.L114
 1443              	.L133:
 866:platform/HAL/src/stm32g4xx_hal_spi.c ****     SPI_1LINE_TX(hspi);
 1444              		.loc 1 866 5 is_stmt 1 view .LVU430
 1445 00aa 2268     		ldr	r2, [r4]
 1446 00ac 1368     		ldr	r3, [r2]
 1447 00ae 23F04003 		bic	r3, r3, #64
 1448 00b2 1360     		str	r3, [r2]
 867:platform/HAL/src/stm32g4xx_hal_spi.c ****   }
 1449              		.loc 1 867 5 view .LVU431
 1450 00b4 2268     		ldr	r2, [r4]
 1451 00b6 1368     		ldr	r3, [r2]
 1452 00b8 43F48043 		orr	r3, r3, #16384
 1453 00bc 1360     		str	r3, [r2]
 1454 00be D5E7     		b	.L105
 1455              	.LVL71:
 1456              	.L110:
 907:platform/HAL/src/stm32g4xx_hal_spi.c ****         {
 1457              		.loc 1 907 9 view .LVU432
 907:platform/HAL/src/stm32g4xx_hal_spi.c ****         {
 1458              		.loc 1 907 16 is_stmt 0 view .LVU433
 1459 00c0 FFF7FEFF 		bl	HAL_GetTick
 1460              	.LVL72:
 907:platform/HAL/src/stm32g4xx_hal_spi.c ****         {
 1461              		.loc 1 907 30 discriminator 1 view .LVU434
 1462 00c4 801B     		subs	r0, r0, r6
 907:platform/HAL/src/stm32g4xx_hal_spi.c ****         {
ARM GAS  /tmp/ccMpXq91.s 			page 109


 1463              		.loc 1 907 12 discriminator 1 view .LVU435
 1464 00c6 A842     		cmp	r0, r5
 1465 00c8 02D3     		bcc	.L112
 907:platform/HAL/src/stm32g4xx_hal_spi.c ****         {
 1466              		.loc 1 907 56 discriminator 1 view .LVU436
 1467 00ca B5F1FF3F 		cmp	r5, #-1
 1468 00ce 1AD1     		bne	.L113
 1469              	.L112:
 907:platform/HAL/src/stm32g4xx_hal_spi.c ****         {
 1470              		.loc 1 907 87 discriminator 3 view .LVU437
 1471 00d0 CDB1     		cbz	r5, .L113
 1472              	.L114:
 895:platform/HAL/src/stm32g4xx_hal_spi.c ****     {
 1473              		.loc 1 895 30 is_stmt 1 view .LVU438
 895:platform/HAL/src/stm32g4xx_hal_spi.c ****     {
 1474              		.loc 1 895 16 is_stmt 0 view .LVU439
 1475 00d2 E38F     		ldrh	r3, [r4, #62]
 1476 00d4 9BB2     		uxth	r3, r3
 895:platform/HAL/src/stm32g4xx_hal_spi.c ****     {
 1477              		.loc 1 895 30 view .LVU440
 1478 00d6 002B     		cmp	r3, #0
 1479 00d8 75D0     		beq	.L116
 898:platform/HAL/src/stm32g4xx_hal_spi.c ****       {
 1480              		.loc 1 898 7 is_stmt 1 view .LVU441
 898:platform/HAL/src/stm32g4xx_hal_spi.c ****       {
 1481              		.loc 1 898 11 is_stmt 0 view .LVU442
 1482 00da 2368     		ldr	r3, [r4]
 1483 00dc 9A68     		ldr	r2, [r3, #8]
 898:platform/HAL/src/stm32g4xx_hal_spi.c ****       {
 1484              		.loc 1 898 10 view .LVU443
 1485 00de 12F0020F 		tst	r2, #2
 1486 00e2 EDD0     		beq	.L110
 900:platform/HAL/src/stm32g4xx_hal_spi.c ****         hspi->pTxBuffPtr += sizeof(uint16_t);
 1487              		.loc 1 900 9 is_stmt 1 view .LVU444
 900:platform/HAL/src/stm32g4xx_hal_spi.c ****         hspi->pTxBuffPtr += sizeof(uint16_t);
 1488              		.loc 1 900 54 is_stmt 0 view .LVU445
 1489 00e4 A26B     		ldr	r2, [r4, #56]
 900:platform/HAL/src/stm32g4xx_hal_spi.c ****         hspi->pTxBuffPtr += sizeof(uint16_t);
 1490              		.loc 1 900 30 view .LVU446
 1491 00e6 1288     		ldrh	r2, [r2]
 900:platform/HAL/src/stm32g4xx_hal_spi.c ****         hspi->pTxBuffPtr += sizeof(uint16_t);
 1492              		.loc 1 900 28 view .LVU447
 1493 00e8 DA60     		str	r2, [r3, #12]
 901:platform/HAL/src/stm32g4xx_hal_spi.c ****         hspi->TxXferCount--;
 1494              		.loc 1 901 9 is_stmt 1 view .LVU448
 901:platform/HAL/src/stm32g4xx_hal_spi.c ****         hspi->TxXferCount--;
 1495              		.loc 1 901 13 is_stmt 0 view .LVU449
 1496 00ea A36B     		ldr	r3, [r4, #56]
 901:platform/HAL/src/stm32g4xx_hal_spi.c ****         hspi->TxXferCount--;
 1497              		.loc 1 901 26 view .LVU450
 1498 00ec 0233     		adds	r3, r3, #2
 1499 00ee A363     		str	r3, [r4, #56]
 902:platform/HAL/src/stm32g4xx_hal_spi.c ****       }
 1500              		.loc 1 902 9 is_stmt 1 view .LVU451
 902:platform/HAL/src/stm32g4xx_hal_spi.c ****       }
 1501              		.loc 1 902 13 is_stmt 0 view .LVU452
 1502 00f0 B4F83EC0 		ldrh	ip, [r4, #62]
ARM GAS  /tmp/ccMpXq91.s 			page 110


 1503 00f4 1FFA8CFC 		uxth	ip, ip
 902:platform/HAL/src/stm32g4xx_hal_spi.c ****       }
 1504              		.loc 1 902 26 view .LVU453
 1505 00f8 0CF1FF3C 		add	ip, ip, #-1
 1506 00fc 1FFA8CFC 		uxth	ip, ip
 1507 0100 A4F83EC0 		strh	ip, [r4, #62]	@ movhi
 1508 0104 E5E7     		b	.L114
 1509              	.L113:
 909:platform/HAL/src/stm32g4xx_hal_spi.c ****           __HAL_UNLOCK(hspi);
 1510              		.loc 1 909 11 is_stmt 1 view .LVU454
 909:platform/HAL/src/stm32g4xx_hal_spi.c ****           __HAL_UNLOCK(hspi);
 1511              		.loc 1 909 23 is_stmt 0 view .LVU455
 1512 0106 0123     		movs	r3, #1
 1513 0108 84F85D30 		strb	r3, [r4, #93]
 910:platform/HAL/src/stm32g4xx_hal_spi.c ****           return HAL_TIMEOUT;
 1514              		.loc 1 910 11 is_stmt 1 view .LVU456
 910:platform/HAL/src/stm32g4xx_hal_spi.c ****           return HAL_TIMEOUT;
 1515              		.loc 1 910 11 view .LVU457
 1516 010c 0023     		movs	r3, #0
 1517 010e 84F85C30 		strb	r3, [r4, #92]
 910:platform/HAL/src/stm32g4xx_hal_spi.c ****           return HAL_TIMEOUT;
 1518              		.loc 1 910 11 view .LVU458
 911:platform/HAL/src/stm32g4xx_hal_spi.c ****         }
 1519              		.loc 1 911 11 view .LVU459
 911:platform/HAL/src/stm32g4xx_hal_spi.c ****         }
 1520              		.loc 1 911 18 is_stmt 0 view .LVU460
 1521 0112 0327     		movs	r7, #3
 1522 0114 73E0     		b	.L104
 1523              	.LVL73:
 1524              	.L107:
 919:platform/HAL/src/stm32g4xx_hal_spi.c ****     {
 1525              		.loc 1 919 5 is_stmt 1 view .LVU461
 919:platform/HAL/src/stm32g4xx_hal_spi.c ****     {
 1526              		.loc 1 919 20 is_stmt 0 view .LVU462
 1527 0116 6368     		ldr	r3, [r4, #4]
 919:platform/HAL/src/stm32g4xx_hal_spi.c ****     {
 1528              		.loc 1 919 8 view .LVU463
 1529 0118 13B1     		cbz	r3, .L117
 919:platform/HAL/src/stm32g4xx_hal_spi.c ****     {
 1530              		.loc 1 919 45 discriminator 1 view .LVU464
 1531 011a B8F1010F 		cmp	r8, #1
 1532 011e 28D1     		bne	.L125
 1533              	.L117:
 921:platform/HAL/src/stm32g4xx_hal_spi.c ****       {
 1534              		.loc 1 921 7 is_stmt 1 view .LVU465
 921:platform/HAL/src/stm32g4xx_hal_spi.c ****       {
 1535              		.loc 1 921 15 is_stmt 0 view .LVU466
 1536 0120 E38F     		ldrh	r3, [r4, #62]
 1537 0122 9BB2     		uxth	r3, r3
 921:platform/HAL/src/stm32g4xx_hal_spi.c ****       {
 1538              		.loc 1 921 10 view .LVU467
 1539 0124 012B     		cmp	r3, #1
 1540 0126 0CD9     		bls	.L119
 924:platform/HAL/src/stm32g4xx_hal_spi.c ****         hspi->pTxBuffPtr += sizeof(uint16_t);
 1541              		.loc 1 924 9 is_stmt 1 view .LVU468
 924:platform/HAL/src/stm32g4xx_hal_spi.c ****         hspi->pTxBuffPtr += sizeof(uint16_t);
 1542              		.loc 1 924 54 is_stmt 0 view .LVU469
ARM GAS  /tmp/ccMpXq91.s 			page 111


 1543 0128 A26B     		ldr	r2, [r4, #56]
 924:platform/HAL/src/stm32g4xx_hal_spi.c ****         hspi->pTxBuffPtr += sizeof(uint16_t);
 1544              		.loc 1 924 13 view .LVU470
 1545 012a 2368     		ldr	r3, [r4]
 924:platform/HAL/src/stm32g4xx_hal_spi.c ****         hspi->pTxBuffPtr += sizeof(uint16_t);
 1546              		.loc 1 924 30 view .LVU471
 1547 012c 1288     		ldrh	r2, [r2]
 924:platform/HAL/src/stm32g4xx_hal_spi.c ****         hspi->pTxBuffPtr += sizeof(uint16_t);
 1548              		.loc 1 924 28 view .LVU472
 1549 012e DA60     		str	r2, [r3, #12]
 925:platform/HAL/src/stm32g4xx_hal_spi.c ****         hspi->TxXferCount -= 2U;
 1550              		.loc 1 925 9 is_stmt 1 view .LVU473
 925:platform/HAL/src/stm32g4xx_hal_spi.c ****         hspi->TxXferCount -= 2U;
 1551              		.loc 1 925 13 is_stmt 0 view .LVU474
 1552 0130 A36B     		ldr	r3, [r4, #56]
 925:platform/HAL/src/stm32g4xx_hal_spi.c ****         hspi->TxXferCount -= 2U;
 1553              		.loc 1 925 26 view .LVU475
 1554 0132 0233     		adds	r3, r3, #2
 1555 0134 A363     		str	r3, [r4, #56]
 926:platform/HAL/src/stm32g4xx_hal_spi.c ****       }
 1556              		.loc 1 926 9 is_stmt 1 view .LVU476
 926:platform/HAL/src/stm32g4xx_hal_spi.c ****       }
 1557              		.loc 1 926 13 is_stmt 0 view .LVU477
 1558 0136 E38F     		ldrh	r3, [r4, #62]
 1559 0138 9BB2     		uxth	r3, r3
 926:platform/HAL/src/stm32g4xx_hal_spi.c ****       }
 1560              		.loc 1 926 27 view .LVU478
 1561 013a 023B     		subs	r3, r3, #2
 1562 013c 9BB2     		uxth	r3, r3
 1563 013e E387     		strh	r3, [r4, #62]	@ movhi
 1564 0140 17E0     		b	.L125
 1565              	.L119:
 930:platform/HAL/src/stm32g4xx_hal_spi.c ****         hspi->pTxBuffPtr ++;
 1566              		.loc 1 930 9 is_stmt 1 view .LVU479
 930:platform/HAL/src/stm32g4xx_hal_spi.c ****         hspi->pTxBuffPtr ++;
 1567              		.loc 1 930 73 is_stmt 0 view .LVU480
 1568 0142 A26B     		ldr	r2, [r4, #56]
 930:platform/HAL/src/stm32g4xx_hal_spi.c ****         hspi->pTxBuffPtr ++;
 1569              		.loc 1 930 32 view .LVU481
 1570 0144 2368     		ldr	r3, [r4]
 930:platform/HAL/src/stm32g4xx_hal_spi.c ****         hspi->pTxBuffPtr ++;
 1571              		.loc 1 930 50 view .LVU482
 1572 0146 1278     		ldrb	r2, [r2]	@ zero_extendqisi2
 930:platform/HAL/src/stm32g4xx_hal_spi.c ****         hspi->pTxBuffPtr ++;
 1573              		.loc 1 930 48 view .LVU483
 1574 0148 1A73     		strb	r2, [r3, #12]
 931:platform/HAL/src/stm32g4xx_hal_spi.c ****         hspi->TxXferCount--;
 1575              		.loc 1 931 9 is_stmt 1 view .LVU484
 931:platform/HAL/src/stm32g4xx_hal_spi.c ****         hspi->TxXferCount--;
 1576              		.loc 1 931 13 is_stmt 0 view .LVU485
 1577 014a A36B     		ldr	r3, [r4, #56]
 931:platform/HAL/src/stm32g4xx_hal_spi.c ****         hspi->TxXferCount--;
 1578              		.loc 1 931 26 view .LVU486
 1579 014c 0133     		adds	r3, r3, #1
 1580 014e A363     		str	r3, [r4, #56]
 932:platform/HAL/src/stm32g4xx_hal_spi.c ****       }
 1581              		.loc 1 932 9 is_stmt 1 view .LVU487
ARM GAS  /tmp/ccMpXq91.s 			page 112


 932:platform/HAL/src/stm32g4xx_hal_spi.c ****       }
 1582              		.loc 1 932 13 is_stmt 0 view .LVU488
 1583 0150 E38F     		ldrh	r3, [r4, #62]
 1584 0152 9BB2     		uxth	r3, r3
 932:platform/HAL/src/stm32g4xx_hal_spi.c ****       }
 1585              		.loc 1 932 26 view .LVU489
 1586 0154 013B     		subs	r3, r3, #1
 1587 0156 9BB2     		uxth	r3, r3
 1588 0158 E387     		strh	r3, [r4, #62]	@ movhi
 1589 015a 0AE0     		b	.L125
 1590              	.LVL74:
 1591              	.L134:
 943:platform/HAL/src/stm32g4xx_hal_spi.c ****           hspi->pTxBuffPtr += sizeof(uint16_t);
 1592              		.loc 1 943 11 is_stmt 1 view .LVU490
 943:platform/HAL/src/stm32g4xx_hal_spi.c ****           hspi->pTxBuffPtr += sizeof(uint16_t);
 1593              		.loc 1 943 56 is_stmt 0 view .LVU491
 1594 015c A36B     		ldr	r3, [r4, #56]
 943:platform/HAL/src/stm32g4xx_hal_spi.c ****           hspi->pTxBuffPtr += sizeof(uint16_t);
 1595              		.loc 1 943 32 view .LVU492
 1596 015e 1B88     		ldrh	r3, [r3]
 943:platform/HAL/src/stm32g4xx_hal_spi.c ****           hspi->pTxBuffPtr += sizeof(uint16_t);
 1597              		.loc 1 943 30 view .LVU493
 1598 0160 D360     		str	r3, [r2, #12]
 944:platform/HAL/src/stm32g4xx_hal_spi.c ****           hspi->TxXferCount -= 2U;
 1599              		.loc 1 944 11 is_stmt 1 view .LVU494
 944:platform/HAL/src/stm32g4xx_hal_spi.c ****           hspi->TxXferCount -= 2U;
 1600              		.loc 1 944 15 is_stmt 0 view .LVU495
 1601 0162 A36B     		ldr	r3, [r4, #56]
 944:platform/HAL/src/stm32g4xx_hal_spi.c ****           hspi->TxXferCount -= 2U;
 1602              		.loc 1 944 28 view .LVU496
 1603 0164 0233     		adds	r3, r3, #2
 1604 0166 A363     		str	r3, [r4, #56]
 945:platform/HAL/src/stm32g4xx_hal_spi.c ****         }
 1605              		.loc 1 945 11 is_stmt 1 view .LVU497
 945:platform/HAL/src/stm32g4xx_hal_spi.c ****         }
 1606              		.loc 1 945 15 is_stmt 0 view .LVU498
 1607 0168 E38F     		ldrh	r3, [r4, #62]
 1608 016a 9BB2     		uxth	r3, r3
 945:platform/HAL/src/stm32g4xx_hal_spi.c ****         }
 1609              		.loc 1 945 29 view .LVU499
 1610 016c 023B     		subs	r3, r3, #2
 1611 016e 9BB2     		uxth	r3, r3
 1612 0170 E387     		strh	r3, [r4, #62]	@ movhi
 1613              	.L125:
 935:platform/HAL/src/stm32g4xx_hal_spi.c ****     {
 1614              		.loc 1 935 30 is_stmt 1 view .LVU500
 935:platform/HAL/src/stm32g4xx_hal_spi.c ****     {
 1615              		.loc 1 935 16 is_stmt 0 view .LVU501
 1616 0172 E38F     		ldrh	r3, [r4, #62]
 1617 0174 9BB2     		uxth	r3, r3
 935:platform/HAL/src/stm32g4xx_hal_spi.c ****     {
 1618              		.loc 1 935 30 view .LVU502
 1619 0176 33B3     		cbz	r3, .L116
 938:platform/HAL/src/stm32g4xx_hal_spi.c ****       {
 1620              		.loc 1 938 7 is_stmt 1 view .LVU503
 938:platform/HAL/src/stm32g4xx_hal_spi.c ****       {
 1621              		.loc 1 938 11 is_stmt 0 view .LVU504
ARM GAS  /tmp/ccMpXq91.s 			page 113


 1622 0178 2268     		ldr	r2, [r4]
 1623 017a 9368     		ldr	r3, [r2, #8]
 938:platform/HAL/src/stm32g4xx_hal_spi.c ****       {
 1624              		.loc 1 938 10 view .LVU505
 1625 017c 13F0020F 		tst	r3, #2
 1626 0180 0FD0     		beq	.L120
 940:platform/HAL/src/stm32g4xx_hal_spi.c ****         {
 1627              		.loc 1 940 9 is_stmt 1 view .LVU506
 940:platform/HAL/src/stm32g4xx_hal_spi.c ****         {
 1628              		.loc 1 940 17 is_stmt 0 view .LVU507
 1629 0182 E38F     		ldrh	r3, [r4, #62]
 1630 0184 9BB2     		uxth	r3, r3
 940:platform/HAL/src/stm32g4xx_hal_spi.c ****         {
 1631              		.loc 1 940 12 view .LVU508
 1632 0186 012B     		cmp	r3, #1
 1633 0188 E8D8     		bhi	.L134
 949:platform/HAL/src/stm32g4xx_hal_spi.c ****           hspi->pTxBuffPtr++;
 1634              		.loc 1 949 11 is_stmt 1 view .LVU509
 949:platform/HAL/src/stm32g4xx_hal_spi.c ****           hspi->pTxBuffPtr++;
 1635              		.loc 1 949 75 is_stmt 0 view .LVU510
 1636 018a A36B     		ldr	r3, [r4, #56]
 949:platform/HAL/src/stm32g4xx_hal_spi.c ****           hspi->pTxBuffPtr++;
 1637              		.loc 1 949 52 view .LVU511
 1638 018c 1B78     		ldrb	r3, [r3]	@ zero_extendqisi2
 949:platform/HAL/src/stm32g4xx_hal_spi.c ****           hspi->pTxBuffPtr++;
 1639              		.loc 1 949 50 view .LVU512
 1640 018e 1373     		strb	r3, [r2, #12]
 950:platform/HAL/src/stm32g4xx_hal_spi.c ****           hspi->TxXferCount--;
 1641              		.loc 1 950 11 is_stmt 1 view .LVU513
 950:platform/HAL/src/stm32g4xx_hal_spi.c ****           hspi->TxXferCount--;
 1642              		.loc 1 950 15 is_stmt 0 view .LVU514
 1643 0190 A36B     		ldr	r3, [r4, #56]
 950:platform/HAL/src/stm32g4xx_hal_spi.c ****           hspi->TxXferCount--;
 1644              		.loc 1 950 27 view .LVU515
 1645 0192 0133     		adds	r3, r3, #1
 1646 0194 A363     		str	r3, [r4, #56]
 951:platform/HAL/src/stm32g4xx_hal_spi.c ****         }
 1647              		.loc 1 951 11 is_stmt 1 view .LVU516
 951:platform/HAL/src/stm32g4xx_hal_spi.c ****         }
 1648              		.loc 1 951 15 is_stmt 0 view .LVU517
 1649 0196 E38F     		ldrh	r3, [r4, #62]
 1650 0198 9BB2     		uxth	r3, r3
 951:platform/HAL/src/stm32g4xx_hal_spi.c ****         }
 1651              		.loc 1 951 28 view .LVU518
 1652 019a 013B     		subs	r3, r3, #1
 1653 019c 9BB2     		uxth	r3, r3
 1654 019e E387     		strh	r3, [r4, #62]	@ movhi
 1655 01a0 E7E7     		b	.L125
 1656              	.L120:
 957:platform/HAL/src/stm32g4xx_hal_spi.c ****         {
 1657              		.loc 1 957 9 is_stmt 1 view .LVU519
 957:platform/HAL/src/stm32g4xx_hal_spi.c ****         {
 1658              		.loc 1 957 16 is_stmt 0 view .LVU520
 1659 01a2 FFF7FEFF 		bl	HAL_GetTick
 1660              	.LVL75:
 957:platform/HAL/src/stm32g4xx_hal_spi.c ****         {
 1661              		.loc 1 957 30 discriminator 1 view .LVU521
ARM GAS  /tmp/ccMpXq91.s 			page 114


 1662 01a6 801B     		subs	r0, r0, r6
 957:platform/HAL/src/stm32g4xx_hal_spi.c ****         {
 1663              		.loc 1 957 12 discriminator 1 view .LVU522
 1664 01a8 A842     		cmp	r0, r5
 1665 01aa 02D3     		bcc	.L123
 957:platform/HAL/src/stm32g4xx_hal_spi.c ****         {
 1666              		.loc 1 957 56 discriminator 1 view .LVU523
 1667 01ac B5F1FF3F 		cmp	r5, #-1
 1668 01b0 01D1     		bne	.L124
 1669              	.L123:
 957:platform/HAL/src/stm32g4xx_hal_spi.c ****         {
 1670              		.loc 1 957 87 discriminator 3 view .LVU524
 1671 01b2 002D     		cmp	r5, #0
 1672 01b4 DDD1     		bne	.L125
 1673              	.L124:
 959:platform/HAL/src/stm32g4xx_hal_spi.c ****           __HAL_UNLOCK(hspi);
 1674              		.loc 1 959 11 is_stmt 1 view .LVU525
 959:platform/HAL/src/stm32g4xx_hal_spi.c ****           __HAL_UNLOCK(hspi);
 1675              		.loc 1 959 23 is_stmt 0 view .LVU526
 1676 01b6 0123     		movs	r3, #1
 1677 01b8 84F85D30 		strb	r3, [r4, #93]
 960:platform/HAL/src/stm32g4xx_hal_spi.c ****           return HAL_TIMEOUT;
 1678              		.loc 1 960 11 is_stmt 1 view .LVU527
 960:platform/HAL/src/stm32g4xx_hal_spi.c ****           return HAL_TIMEOUT;
 1679              		.loc 1 960 11 view .LVU528
 1680 01bc 0023     		movs	r3, #0
 1681 01be 84F85C30 		strb	r3, [r4, #92]
 960:platform/HAL/src/stm32g4xx_hal_spi.c ****           return HAL_TIMEOUT;
 1682              		.loc 1 960 11 view .LVU529
 961:platform/HAL/src/stm32g4xx_hal_spi.c ****         }
 1683              		.loc 1 961 11 view .LVU530
 961:platform/HAL/src/stm32g4xx_hal_spi.c ****         }
 1684              		.loc 1 961 18 is_stmt 0 view .LVU531
 1685 01c2 0327     		movs	r7, #3
 1686 01c4 1BE0     		b	.L104
 1687              	.L116:
 975:platform/HAL/src/stm32g4xx_hal_spi.c ****   {
 1688              		.loc 1 975 3 is_stmt 1 view .LVU532
 975:platform/HAL/src/stm32g4xx_hal_spi.c ****   {
 1689              		.loc 1 975 7 is_stmt 0 view .LVU533
 1690 01c6 3246     		mov	r2, r6
 1691 01c8 2946     		mov	r1, r5
 1692 01ca 2046     		mov	r0, r4
 1693 01cc FFF7FEFF 		bl	SPI_EndRxTxTransaction
 1694              	.LVL76:
 975:platform/HAL/src/stm32g4xx_hal_spi.c ****   {
 1695              		.loc 1 975 6 discriminator 1 view .LVU534
 1696 01d0 08B1     		cbz	r0, .L127
 977:platform/HAL/src/stm32g4xx_hal_spi.c ****   }
 1697              		.loc 1 977 5 is_stmt 1 view .LVU535
 977:platform/HAL/src/stm32g4xx_hal_spi.c ****   }
 1698              		.loc 1 977 21 is_stmt 0 view .LVU536
 1699 01d2 2023     		movs	r3, #32
 1700 01d4 2366     		str	r3, [r4, #96]
 1701              	.L127:
 981:platform/HAL/src/stm32g4xx_hal_spi.c ****   {
 1702              		.loc 1 981 3 is_stmt 1 view .LVU537
ARM GAS  /tmp/ccMpXq91.s 			page 115


 981:platform/HAL/src/stm32g4xx_hal_spi.c ****   {
 1703              		.loc 1 981 17 is_stmt 0 view .LVU538
 1704 01d6 A368     		ldr	r3, [r4, #8]
 981:platform/HAL/src/stm32g4xx_hal_spi.c ****   {
 1705              		.loc 1 981 6 view .LVU539
 1706 01d8 33B9     		cbnz	r3, .L128
 983:platform/HAL/src/stm32g4xx_hal_spi.c ****   }
 1707              		.loc 1 983 5 is_stmt 1 view .LVU540
 1708              	.LBB2:
 983:platform/HAL/src/stm32g4xx_hal_spi.c ****   }
 1709              		.loc 1 983 5 view .LVU541
 1710 01da 0193     		str	r3, [sp, #4]
 983:platform/HAL/src/stm32g4xx_hal_spi.c ****   }
 1711              		.loc 1 983 5 view .LVU542
 1712 01dc 2368     		ldr	r3, [r4]
 1713 01de DA68     		ldr	r2, [r3, #12]
 1714 01e0 0192     		str	r2, [sp, #4]
 983:platform/HAL/src/stm32g4xx_hal_spi.c ****   }
 1715              		.loc 1 983 5 view .LVU543
 1716 01e2 9B68     		ldr	r3, [r3, #8]
 1717 01e4 0193     		str	r3, [sp, #4]
 983:platform/HAL/src/stm32g4xx_hal_spi.c ****   }
 1718              		.loc 1 983 5 view .LVU544
 1719 01e6 019B     		ldr	r3, [sp, #4]
 1720              	.L128:
 1721              	.LBE2:
 983:platform/HAL/src/stm32g4xx_hal_spi.c ****   }
 1722              		.loc 1 983 5 discriminator 1 view .LVU545
 986:platform/HAL/src/stm32g4xx_hal_spi.c ****   /* Process Unlocked */
 1723              		.loc 1 986 3 view .LVU546
 986:platform/HAL/src/stm32g4xx_hal_spi.c ****   /* Process Unlocked */
 1724              		.loc 1 986 15 is_stmt 0 view .LVU547
 1725 01e8 0123     		movs	r3, #1
 1726 01ea 84F85D30 		strb	r3, [r4, #93]
 988:platform/HAL/src/stm32g4xx_hal_spi.c **** 
 1727              		.loc 1 988 3 is_stmt 1 view .LVU548
 988:platform/HAL/src/stm32g4xx_hal_spi.c **** 
 1728              		.loc 1 988 3 view .LVU549
 1729 01ee 0023     		movs	r3, #0
 1730 01f0 84F85C30 		strb	r3, [r4, #92]
 988:platform/HAL/src/stm32g4xx_hal_spi.c **** 
 1731              		.loc 1 988 3 view .LVU550
 990:platform/HAL/src/stm32g4xx_hal_spi.c ****   {
 1732              		.loc 1 990 3 view .LVU551
 990:platform/HAL/src/stm32g4xx_hal_spi.c ****   {
 1733              		.loc 1 990 11 is_stmt 0 view .LVU552
 1734 01f4 236E     		ldr	r3, [r4, #96]
 990:platform/HAL/src/stm32g4xx_hal_spi.c ****   {
 1735              		.loc 1 990 6 view .LVU553
 1736 01f6 13B9     		cbnz	r3, .L104
 996:platform/HAL/src/stm32g4xx_hal_spi.c ****   }
 1737              		.loc 1 996 12 view .LVU554
 1738 01f8 0027     		movs	r7, #0
 1739 01fa 00E0     		b	.L104
 1740              	.LVL77:
 1741              	.L129:
 837:platform/HAL/src/stm32g4xx_hal_spi.c ****   }
ARM GAS  /tmp/ccMpXq91.s 			page 116


 1742              		.loc 1 837 12 view .LVU555
 1743 01fc 0227     		movs	r7, #2
 1744              	.LVL78:
 1745              	.L104:
 998:platform/HAL/src/stm32g4xx_hal_spi.c **** 
 1746              		.loc 1 998 1 view .LVU556
 1747 01fe 3846     		mov	r0, r7
 1748 0200 03B0     		add	sp, sp, #12
 1749              	.LCFI26:
 1750              		.cfi_remember_state
 1751              		.cfi_def_cfa_offset 28
 1752              		@ sp needed
 1753 0202 BDE8F083 		pop	{r4, r5, r6, r7, r8, r9, pc}
 1754              	.LVL79:
 1755              	.L130:
 1756              	.LCFI27:
 1757              		.cfi_restore_state
 846:platform/HAL/src/stm32g4xx_hal_spi.c **** 
 1758              		.loc 1 846 3 discriminator 1 view .LVU557
 1759 0206 0227     		movs	r7, #2
 1760 0208 F9E7     		b	.L104
 1761              		.cfi_endproc
 1762              	.LFE333:
 1764              		.section	.text.HAL_SPI_TransmitReceive,"ax",%progbits
 1765              		.align	1
 1766              		.global	HAL_SPI_TransmitReceive
 1767              		.syntax unified
 1768              		.thumb
 1769              		.thumb_func
 1771              	HAL_SPI_TransmitReceive:
 1772              	.LVL80:
 1773              	.LFB335:
1254:platform/HAL/src/stm32g4xx_hal_spi.c ****   uint16_t             initial_TxXferCount;
 1774              		.loc 1 1254 1 is_stmt 1 view -0
 1775              		.cfi_startproc
 1776              		@ args = 4, pretend = 0, frame = 0
 1777              		@ frame_needed = 0, uses_anonymous_args = 0
1254:platform/HAL/src/stm32g4xx_hal_spi.c ****   uint16_t             initial_TxXferCount;
 1778              		.loc 1 1254 1 is_stmt 0 view .LVU559
 1779 0000 2DE9F843 		push	{r3, r4, r5, r6, r7, r8, r9, lr}
 1780              	.LCFI28:
 1781              		.cfi_def_cfa_offset 32
 1782              		.cfi_offset 3, -32
 1783              		.cfi_offset 4, -28
 1784              		.cfi_offset 5, -24
 1785              		.cfi_offset 6, -20
 1786              		.cfi_offset 7, -16
 1787              		.cfi_offset 8, -12
 1788              		.cfi_offset 9, -8
 1789              		.cfi_offset 14, -4
 1790 0004 0446     		mov	r4, r0
 1791 0006 8846     		mov	r8, r1
 1792 0008 9146     		mov	r9, r2
 1793 000a 1F46     		mov	r7, r3
 1794 000c 089D     		ldr	r5, [sp, #32]
1255:platform/HAL/src/stm32g4xx_hal_spi.c ****   uint16_t             initial_RxXferCount;
 1795              		.loc 1 1255 3 is_stmt 1 view .LVU560
ARM GAS  /tmp/ccMpXq91.s 			page 117


1256:platform/HAL/src/stm32g4xx_hal_spi.c ****   uint32_t             tmp_mode;
 1796              		.loc 1 1256 3 view .LVU561
1257:platform/HAL/src/stm32g4xx_hal_spi.c ****   HAL_SPI_StateTypeDef tmp_state;
 1797              		.loc 1 1257 3 view .LVU562
1258:platform/HAL/src/stm32g4xx_hal_spi.c ****   uint32_t             tickstart;
 1798              		.loc 1 1258 3 view .LVU563
1259:platform/HAL/src/stm32g4xx_hal_spi.c **** #if (USE_SPI_CRC != 0U)
 1799              		.loc 1 1259 3 view .LVU564
1269:platform/HAL/src/stm32g4xx_hal_spi.c **** 
 1800              		.loc 1 1269 3 view .LVU565
 1801              	.LVL81:
1272:platform/HAL/src/stm32g4xx_hal_spi.c **** 
 1802              		.loc 1 1272 3 view .LVU566
1275:platform/HAL/src/stm32g4xx_hal_spi.c **** 
 1803              		.loc 1 1275 3 view .LVU567
1275:platform/HAL/src/stm32g4xx_hal_spi.c **** 
 1804              		.loc 1 1275 15 is_stmt 0 view .LVU568
 1805 000e FFF7FEFF 		bl	HAL_GetTick
 1806              	.LVL82:
1275:platform/HAL/src/stm32g4xx_hal_spi.c **** 
 1807              		.loc 1 1275 15 view .LVU569
 1808 0012 0646     		mov	r6, r0
 1809              	.LVL83:
1278:platform/HAL/src/stm32g4xx_hal_spi.c ****   tmp_mode            = hspi->Init.Mode;
 1810              		.loc 1 1278 3 is_stmt 1 view .LVU570
1278:platform/HAL/src/stm32g4xx_hal_spi.c ****   tmp_mode            = hspi->Init.Mode;
 1811              		.loc 1 1278 23 is_stmt 0 view .LVU571
 1812 0014 94F85D30 		ldrb	r3, [r4, #93]	@ zero_extendqisi2
 1813              	.LVL84:
1279:platform/HAL/src/stm32g4xx_hal_spi.c ****   initial_TxXferCount = Size;
 1814              		.loc 1 1279 3 is_stmt 1 view .LVU572
1279:platform/HAL/src/stm32g4xx_hal_spi.c ****   initial_TxXferCount = Size;
 1815              		.loc 1 1279 23 is_stmt 0 view .LVU573
 1816 0018 6268     		ldr	r2, [r4, #4]
 1817              	.LVL85:
1280:platform/HAL/src/stm32g4xx_hal_spi.c ****   initial_RxXferCount = Size;
 1818              		.loc 1 1280 3 is_stmt 1 view .LVU574
1281:platform/HAL/src/stm32g4xx_hal_spi.c **** #if (USE_SPI_CRC != 0U)
 1819              		.loc 1 1281 3 view .LVU575
1287:platform/HAL/src/stm32g4xx_hal_spi.c ****         ((tmp_mode == SPI_MODE_MASTER) && (hspi->Init.Direction == SPI_DIRECTION_2LINES) &&
 1820              		.loc 1 1287 3 view .LVU576
1287:platform/HAL/src/stm32g4xx_hal_spi.c ****         ((tmp_mode == SPI_MODE_MASTER) && (hspi->Init.Direction == SPI_DIRECTION_2LINES) &&
 1821              		.loc 1 1287 6 is_stmt 0 view .LVU577
 1822 001a 012B     		cmp	r3, #1
 1823 001c 0BD0     		beq	.L136
 1824 001e D9B2     		uxtb	r1, r3
1287:platform/HAL/src/stm32g4xx_hal_spi.c ****         ((tmp_mode == SPI_MODE_MASTER) && (hspi->Init.Direction == SPI_DIRECTION_2LINES) &&
 1825              		.loc 1 1287 7 discriminator 1 view .LVU578
 1826 0020 B2F5827F 		cmp	r2, #260
 1827 0024 40F05B81 		bne	.L163
1288:platform/HAL/src/stm32g4xx_hal_spi.c ****          (tmp_state == HAL_SPI_STATE_BUSY_RX))))
 1828              		.loc 1 1288 54 view .LVU579
 1829 0028 A368     		ldr	r3, [r4, #8]
 1830              	.LVL86:
1288:platform/HAL/src/stm32g4xx_hal_spi.c ****          (tmp_state == HAL_SPI_STATE_BUSY_RX))))
 1831              		.loc 1 1288 40 view .LVU580
 1832 002a 002B     		cmp	r3, #0
ARM GAS  /tmp/ccMpXq91.s 			page 118


 1833 002c 40F05A81 		bne	.L164
1288:platform/HAL/src/stm32g4xx_hal_spi.c ****          (tmp_state == HAL_SPI_STATE_BUSY_RX))))
 1834              		.loc 1 1288 90 discriminator 1 view .LVU581
 1835 0030 0429     		cmp	r1, #4
 1836 0032 40F05981 		bne	.L165
 1837              	.LVL87:
 1838              	.L136:
1294:platform/HAL/src/stm32g4xx_hal_spi.c ****   {
 1839              		.loc 1 1294 3 is_stmt 1 view .LVU582
1294:platform/HAL/src/stm32g4xx_hal_spi.c ****   {
 1840              		.loc 1 1294 6 is_stmt 0 view .LVU583
 1841 0036 B8F1000F 		cmp	r8, #0
 1842 003a 00F05781 		beq	.L166
1294:platform/HAL/src/stm32g4xx_hal_spi.c ****   {
 1843              		.loc 1 1294 25 discriminator 1 view .LVU584
 1844 003e B9F1000F 		cmp	r9, #0
 1845 0042 00F05581 		beq	.L167
1294:platform/HAL/src/stm32g4xx_hal_spi.c ****   {
 1846              		.loc 1 1294 46 discriminator 2 view .LVU585
 1847 0046 002F     		cmp	r7, #0
 1848 0048 00F05481 		beq	.L168
1300:platform/HAL/src/stm32g4xx_hal_spi.c **** 
 1849              		.loc 1 1300 3 is_stmt 1 view .LVU586
1300:platform/HAL/src/stm32g4xx_hal_spi.c **** 
 1850              		.loc 1 1300 3 view .LVU587
 1851 004c 94F85C30 		ldrb	r3, [r4, #92]	@ zero_extendqisi2
 1852 0050 012B     		cmp	r3, #1
 1853 0052 00F05181 		beq	.L169
1300:platform/HAL/src/stm32g4xx_hal_spi.c **** 
 1854              		.loc 1 1300 3 discriminator 2 view .LVU588
 1855 0056 0123     		movs	r3, #1
 1856 0058 84F85C30 		strb	r3, [r4, #92]
1300:platform/HAL/src/stm32g4xx_hal_spi.c **** 
 1857              		.loc 1 1300 3 view .LVU589
1303:platform/HAL/src/stm32g4xx_hal_spi.c ****   {
 1858              		.loc 1 1303 3 view .LVU590
1303:platform/HAL/src/stm32g4xx_hal_spi.c ****   {
 1859              		.loc 1 1303 11 is_stmt 0 view .LVU591
 1860 005c 94F85D30 		ldrb	r3, [r4, #93]	@ zero_extendqisi2
1303:platform/HAL/src/stm32g4xx_hal_spi.c ****   {
 1861              		.loc 1 1303 6 view .LVU592
 1862 0060 042B     		cmp	r3, #4
 1863 0062 02D0     		beq	.L138
1305:platform/HAL/src/stm32g4xx_hal_spi.c ****   }
 1864              		.loc 1 1305 5 is_stmt 1 view .LVU593
1305:platform/HAL/src/stm32g4xx_hal_spi.c ****   }
 1865              		.loc 1 1305 17 is_stmt 0 view .LVU594
 1866 0064 0523     		movs	r3, #5
 1867 0066 84F85D30 		strb	r3, [r4, #93]
 1868              	.L138:
1309:platform/HAL/src/stm32g4xx_hal_spi.c ****   hspi->pRxBuffPtr  = (uint8_t *)pRxData;
 1869              		.loc 1 1309 3 is_stmt 1 view .LVU595
1309:platform/HAL/src/stm32g4xx_hal_spi.c ****   hspi->pRxBuffPtr  = (uint8_t *)pRxData;
 1870              		.loc 1 1309 21 is_stmt 0 view .LVU596
 1871 006a 0023     		movs	r3, #0
 1872 006c 2366     		str	r3, [r4, #96]
1310:platform/HAL/src/stm32g4xx_hal_spi.c ****   hspi->RxXferCount = Size;
ARM GAS  /tmp/ccMpXq91.s 			page 119


 1873              		.loc 1 1310 3 is_stmt 1 view .LVU597
1310:platform/HAL/src/stm32g4xx_hal_spi.c ****   hspi->RxXferCount = Size;
 1874              		.loc 1 1310 21 is_stmt 0 view .LVU598
 1875 006e C4F84090 		str	r9, [r4, #64]
1311:platform/HAL/src/stm32g4xx_hal_spi.c ****   hspi->RxXferSize  = Size;
 1876              		.loc 1 1311 3 is_stmt 1 view .LVU599
1311:platform/HAL/src/stm32g4xx_hal_spi.c ****   hspi->RxXferSize  = Size;
 1877              		.loc 1 1311 21 is_stmt 0 view .LVU600
 1878 0072 A4F84670 		strh	r7, [r4, #70]	@ movhi
1312:platform/HAL/src/stm32g4xx_hal_spi.c ****   hspi->pTxBuffPtr  = (const uint8_t *)pTxData;
 1879              		.loc 1 1312 3 is_stmt 1 view .LVU601
1312:platform/HAL/src/stm32g4xx_hal_spi.c ****   hspi->pTxBuffPtr  = (const uint8_t *)pTxData;
 1880              		.loc 1 1312 21 is_stmt 0 view .LVU602
 1881 0076 A4F84470 		strh	r7, [r4, #68]	@ movhi
1313:platform/HAL/src/stm32g4xx_hal_spi.c ****   hspi->TxXferCount = Size;
 1882              		.loc 1 1313 3 is_stmt 1 view .LVU603
1313:platform/HAL/src/stm32g4xx_hal_spi.c ****   hspi->TxXferCount = Size;
 1883              		.loc 1 1313 21 is_stmt 0 view .LVU604
 1884 007a C4F83880 		str	r8, [r4, #56]
1314:platform/HAL/src/stm32g4xx_hal_spi.c ****   hspi->TxXferSize  = Size;
 1885              		.loc 1 1314 3 is_stmt 1 view .LVU605
1314:platform/HAL/src/stm32g4xx_hal_spi.c ****   hspi->TxXferSize  = Size;
 1886              		.loc 1 1314 21 is_stmt 0 view .LVU606
 1887 007e E787     		strh	r7, [r4, #62]	@ movhi
1315:platform/HAL/src/stm32g4xx_hal_spi.c **** 
 1888              		.loc 1 1315 3 is_stmt 1 view .LVU607
1315:platform/HAL/src/stm32g4xx_hal_spi.c **** 
 1889              		.loc 1 1315 21 is_stmt 0 view .LVU608
 1890 0080 A787     		strh	r7, [r4, #60]	@ movhi
1318:platform/HAL/src/stm32g4xx_hal_spi.c ****   hspi->TxISR       = NULL;
 1891              		.loc 1 1318 3 is_stmt 1 view .LVU609
1318:platform/HAL/src/stm32g4xx_hal_spi.c ****   hspi->TxISR       = NULL;
 1892              		.loc 1 1318 21 is_stmt 0 view .LVU610
 1893 0082 E364     		str	r3, [r4, #76]
1319:platform/HAL/src/stm32g4xx_hal_spi.c **** 
 1894              		.loc 1 1319 3 is_stmt 1 view .LVU611
1319:platform/HAL/src/stm32g4xx_hal_spi.c **** 
 1895              		.loc 1 1319 21 is_stmt 0 view .LVU612
 1896 0084 2365     		str	r3, [r4, #80]
1330:platform/HAL/src/stm32g4xx_hal_spi.c ****   {
 1897              		.loc 1 1330 3 is_stmt 1 view .LVU613
1330:platform/HAL/src/stm32g4xx_hal_spi.c ****   {
 1898              		.loc 1 1330 18 is_stmt 0 view .LVU614
 1899 0086 E368     		ldr	r3, [r4, #12]
1330:platform/HAL/src/stm32g4xx_hal_spi.c ****   {
 1900              		.loc 1 1330 6 view .LVU615
 1901 0088 B3F5E06F 		cmp	r3, #1792
 1902 008c 01D8     		bhi	.L139
1330:platform/HAL/src/stm32g4xx_hal_spi.c ****   {
 1903              		.loc 1 1330 49 discriminator 1 view .LVU616
 1904 008e 012F     		cmp	r7, #1
 1905 0090 23D9     		bls	.L140
 1906              	.L139:
1333:platform/HAL/src/stm32g4xx_hal_spi.c ****   }
 1907              		.loc 1 1333 5 is_stmt 1 view .LVU617
 1908 0092 2268     		ldr	r2, [r4]
 1909              	.LVL88:
ARM GAS  /tmp/ccMpXq91.s 			page 120


1333:platform/HAL/src/stm32g4xx_hal_spi.c ****   }
 1910              		.loc 1 1333 5 is_stmt 0 view .LVU618
 1911 0094 5368     		ldr	r3, [r2, #4]
 1912 0096 23F48053 		bic	r3, r3, #4096
 1913 009a 5360     		str	r3, [r2, #4]
 1914              	.LVL89:
 1915              	.L141:
1342:platform/HAL/src/stm32g4xx_hal_spi.c ****   {
 1916              		.loc 1 1342 3 is_stmt 1 view .LVU619
1342:platform/HAL/src/stm32g4xx_hal_spi.c ****   {
 1917              		.loc 1 1342 12 is_stmt 0 view .LVU620
 1918 009c 2368     		ldr	r3, [r4]
1342:platform/HAL/src/stm32g4xx_hal_spi.c ****   {
 1919              		.loc 1 1342 22 view .LVU621
 1920 009e 1A68     		ldr	r2, [r3]
1342:platform/HAL/src/stm32g4xx_hal_spi.c ****   {
 1921              		.loc 1 1342 6 view .LVU622
 1922 00a0 12F0400F 		tst	r2, #64
 1923 00a4 03D1     		bne	.L142
1345:platform/HAL/src/stm32g4xx_hal_spi.c ****   }
 1924              		.loc 1 1345 5 is_stmt 1 view .LVU623
 1925 00a6 1A68     		ldr	r2, [r3]
 1926 00a8 42F04002 		orr	r2, r2, #64
 1927 00ac 1A60     		str	r2, [r3]
 1928              	.L142:
1349:platform/HAL/src/stm32g4xx_hal_spi.c ****   {
 1929              		.loc 1 1349 3 view .LVU624
1349:platform/HAL/src/stm32g4xx_hal_spi.c ****   {
 1930              		.loc 1 1349 17 is_stmt 0 view .LVU625
 1931 00ae E368     		ldr	r3, [r4, #12]
1349:platform/HAL/src/stm32g4xx_hal_spi.c ****   {
 1932              		.loc 1 1349 6 view .LVU626
 1933 00b0 B3F5E06F 		cmp	r3, #1792
 1934 00b4 5FD9     		bls	.L143
1351:platform/HAL/src/stm32g4xx_hal_spi.c ****     {
 1935              		.loc 1 1351 5 is_stmt 1 view .LVU627
1351:platform/HAL/src/stm32g4xx_hal_spi.c ****     {
 1936              		.loc 1 1351 20 is_stmt 0 view .LVU628
 1937 00b6 6368     		ldr	r3, [r4, #4]
1351:platform/HAL/src/stm32g4xx_hal_spi.c ****     {
 1938              		.loc 1 1351 8 view .LVU629
 1939 00b8 0BB1     		cbz	r3, .L144
1351:platform/HAL/src/stm32g4xx_hal_spi.c ****     {
 1940              		.loc 1 1351 45 discriminator 1 view .LVU630
 1941 00ba 012F     		cmp	r7, #1
 1942 00bc 0BD1     		bne	.L145
 1943              	.L144:
1353:platform/HAL/src/stm32g4xx_hal_spi.c ****       hspi->pTxBuffPtr += sizeof(uint16_t);
 1944              		.loc 1 1353 7 is_stmt 1 view .LVU631
1353:platform/HAL/src/stm32g4xx_hal_spi.c ****       hspi->pTxBuffPtr += sizeof(uint16_t);
 1945              		.loc 1 1353 52 is_stmt 0 view .LVU632
 1946 00be A26B     		ldr	r2, [r4, #56]
1353:platform/HAL/src/stm32g4xx_hal_spi.c ****       hspi->pTxBuffPtr += sizeof(uint16_t);
 1947              		.loc 1 1353 11 view .LVU633
 1948 00c0 2368     		ldr	r3, [r4]
1353:platform/HAL/src/stm32g4xx_hal_spi.c ****       hspi->pTxBuffPtr += sizeof(uint16_t);
 1949              		.loc 1 1353 28 view .LVU634
ARM GAS  /tmp/ccMpXq91.s 			page 121


 1950 00c2 1288     		ldrh	r2, [r2]
1353:platform/HAL/src/stm32g4xx_hal_spi.c ****       hspi->pTxBuffPtr += sizeof(uint16_t);
 1951              		.loc 1 1353 26 view .LVU635
 1952 00c4 DA60     		str	r2, [r3, #12]
1354:platform/HAL/src/stm32g4xx_hal_spi.c ****       hspi->TxXferCount--;
 1953              		.loc 1 1354 7 is_stmt 1 view .LVU636
1354:platform/HAL/src/stm32g4xx_hal_spi.c ****       hspi->TxXferCount--;
 1954              		.loc 1 1354 11 is_stmt 0 view .LVU637
 1955 00c6 A36B     		ldr	r3, [r4, #56]
1354:platform/HAL/src/stm32g4xx_hal_spi.c ****       hspi->TxXferCount--;
 1956              		.loc 1 1354 24 view .LVU638
 1957 00c8 0233     		adds	r3, r3, #2
 1958 00ca A363     		str	r3, [r4, #56]
1355:platform/HAL/src/stm32g4xx_hal_spi.c **** 
 1959              		.loc 1 1355 7 is_stmt 1 view .LVU639
1355:platform/HAL/src/stm32g4xx_hal_spi.c **** 
 1960              		.loc 1 1355 11 is_stmt 0 view .LVU640
 1961 00cc E38F     		ldrh	r3, [r4, #62]
 1962 00ce 9BB2     		uxth	r3, r3
1355:platform/HAL/src/stm32g4xx_hal_spi.c **** 
 1963              		.loc 1 1355 24 view .LVU641
 1964 00d0 013B     		subs	r3, r3, #1
 1965 00d2 9BB2     		uxth	r3, r3
 1966 00d4 E387     		strh	r3, [r4, #62]	@ movhi
 1967              	.L145:
1403:platform/HAL/src/stm32g4xx_hal_spi.c ****       }
 1968              		.loc 1 1403 19 view .LVU642
 1969 00d6 0127     		movs	r7, #1
 1970              	.LVL90:
1403:platform/HAL/src/stm32g4xx_hal_spi.c ****       }
 1971              		.loc 1 1403 19 view .LVU643
 1972 00d8 30E0     		b	.L148
 1973              	.LVL91:
 1974              	.L140:
1338:platform/HAL/src/stm32g4xx_hal_spi.c ****   }
 1975              		.loc 1 1338 5 is_stmt 1 view .LVU644
 1976 00da 2268     		ldr	r2, [r4]
 1977              	.LVL92:
1338:platform/HAL/src/stm32g4xx_hal_spi.c ****   }
 1978              		.loc 1 1338 5 is_stmt 0 view .LVU645
 1979 00dc 5368     		ldr	r3, [r2, #4]
 1980 00de 43F48053 		orr	r3, r3, #4096
 1981 00e2 5360     		str	r3, [r2, #4]
 1982              	.LVL93:
1338:platform/HAL/src/stm32g4xx_hal_spi.c ****   }
 1983              		.loc 1 1338 5 view .LVU646
 1984 00e4 DAE7     		b	.L141
 1985              	.LVL94:
 1986              	.L173:
1376:platform/HAL/src/stm32g4xx_hal_spi.c ****         hspi->pTxBuffPtr += sizeof(uint16_t);
 1987              		.loc 1 1376 9 is_stmt 1 view .LVU647
1376:platform/HAL/src/stm32g4xx_hal_spi.c ****         hspi->pTxBuffPtr += sizeof(uint16_t);
 1988              		.loc 1 1376 54 is_stmt 0 view .LVU648
 1989 00e6 A26B     		ldr	r2, [r4, #56]
1376:platform/HAL/src/stm32g4xx_hal_spi.c ****         hspi->pTxBuffPtr += sizeof(uint16_t);
 1990              		.loc 1 1376 30 view .LVU649
 1991 00e8 1288     		ldrh	r2, [r2]
ARM GAS  /tmp/ccMpXq91.s 			page 122


1376:platform/HAL/src/stm32g4xx_hal_spi.c ****         hspi->pTxBuffPtr += sizeof(uint16_t);
 1992              		.loc 1 1376 28 view .LVU650
 1993 00ea DA60     		str	r2, [r3, #12]
1377:platform/HAL/src/stm32g4xx_hal_spi.c ****         hspi->TxXferCount--;
 1994              		.loc 1 1377 9 is_stmt 1 view .LVU651
1377:platform/HAL/src/stm32g4xx_hal_spi.c ****         hspi->TxXferCount--;
 1995              		.loc 1 1377 13 is_stmt 0 view .LVU652
 1996 00ec A36B     		ldr	r3, [r4, #56]
1377:platform/HAL/src/stm32g4xx_hal_spi.c ****         hspi->TxXferCount--;
 1997              		.loc 1 1377 26 view .LVU653
 1998 00ee 0233     		adds	r3, r3, #2
 1999 00f0 A363     		str	r3, [r4, #56]
1378:platform/HAL/src/stm32g4xx_hal_spi.c ****         /* Next Data is a reception (Rx). Tx not allowed */
 2000              		.loc 1 1378 9 is_stmt 1 view .LVU654
1378:platform/HAL/src/stm32g4xx_hal_spi.c ****         /* Next Data is a reception (Rx). Tx not allowed */
 2001              		.loc 1 1378 13 is_stmt 0 view .LVU655
 2002 00f2 E38F     		ldrh	r3, [r4, #62]
 2003 00f4 9BB2     		uxth	r3, r3
1378:platform/HAL/src/stm32g4xx_hal_spi.c ****         /* Next Data is a reception (Rx). Tx not allowed */
 2004              		.loc 1 1378 26 view .LVU656
 2005 00f6 013B     		subs	r3, r3, #1
 2006 00f8 9BB2     		uxth	r3, r3
 2007 00fa E387     		strh	r3, [r4, #62]	@ movhi
1380:platform/HAL/src/stm32g4xx_hal_spi.c **** 
 2008              		.loc 1 1380 9 is_stmt 1 view .LVU657
 2009              	.LVL95:
1380:platform/HAL/src/stm32g4xx_hal_spi.c **** 
 2010              		.loc 1 1380 19 is_stmt 0 view .LVU658
 2011 00fc 0027     		movs	r7, #0
 2012              	.LVL96:
 2013              	.L146:
1397:platform/HAL/src/stm32g4xx_hal_spi.c ****       {
 2014              		.loc 1 1397 7 is_stmt 1 view .LVU659
1397:platform/HAL/src/stm32g4xx_hal_spi.c ****       {
 2015              		.loc 1 1397 12 is_stmt 0 view .LVU660
 2016 00fe 2368     		ldr	r3, [r4]
 2017 0100 9A68     		ldr	r2, [r3, #8]
1397:platform/HAL/src/stm32g4xx_hal_spi.c ****       {
 2018              		.loc 1 1397 10 view .LVU661
 2019 0102 12F0010F 		tst	r2, #1
 2020 0106 11D0     		beq	.L147
1397:platform/HAL/src/stm32g4xx_hal_spi.c ****       {
 2021              		.loc 1 1397 61 discriminator 1 view .LVU662
 2022 0108 B4F84620 		ldrh	r2, [r4, #70]
 2023 010c 92B2     		uxth	r2, r2
1397:platform/HAL/src/stm32g4xx_hal_spi.c ****       {
 2024              		.loc 1 1397 53 discriminator 1 view .LVU663
 2025 010e 6AB1     		cbz	r2, .L147
1399:platform/HAL/src/stm32g4xx_hal_spi.c ****         hspi->pRxBuffPtr += sizeof(uint16_t);
 2026              		.loc 1 1399 9 is_stmt 1 view .LVU664
1399:platform/HAL/src/stm32g4xx_hal_spi.c ****         hspi->pRxBuffPtr += sizeof(uint16_t);
 2027              		.loc 1 1399 67 is_stmt 0 view .LVU665
 2028 0110 DA68     		ldr	r2, [r3, #12]
1399:platform/HAL/src/stm32g4xx_hal_spi.c ****         hspi->pRxBuffPtr += sizeof(uint16_t);
 2029              		.loc 1 1399 27 view .LVU666
 2030 0112 236C     		ldr	r3, [r4, #64]
1399:platform/HAL/src/stm32g4xx_hal_spi.c ****         hspi->pRxBuffPtr += sizeof(uint16_t);
ARM GAS  /tmp/ccMpXq91.s 			page 123


 2031              		.loc 1 1399 41 view .LVU667
 2032 0114 1A80     		strh	r2, [r3]	@ movhi
1400:platform/HAL/src/stm32g4xx_hal_spi.c ****         hspi->RxXferCount--;
 2033              		.loc 1 1400 9 is_stmt 1 view .LVU668
1400:platform/HAL/src/stm32g4xx_hal_spi.c ****         hspi->RxXferCount--;
 2034              		.loc 1 1400 13 is_stmt 0 view .LVU669
 2035 0116 236C     		ldr	r3, [r4, #64]
1400:platform/HAL/src/stm32g4xx_hal_spi.c ****         hspi->RxXferCount--;
 2036              		.loc 1 1400 26 view .LVU670
 2037 0118 0233     		adds	r3, r3, #2
 2038 011a 2364     		str	r3, [r4, #64]
1401:platform/HAL/src/stm32g4xx_hal_spi.c ****         /* Next Data is a Transmission (Tx). Tx is allowed */
 2039              		.loc 1 1401 9 is_stmt 1 view .LVU671
1401:platform/HAL/src/stm32g4xx_hal_spi.c ****         /* Next Data is a Transmission (Tx). Tx is allowed */
 2040              		.loc 1 1401 13 is_stmt 0 view .LVU672
 2041 011c B4F84630 		ldrh	r3, [r4, #70]
 2042 0120 9BB2     		uxth	r3, r3
1401:platform/HAL/src/stm32g4xx_hal_spi.c ****         /* Next Data is a Transmission (Tx). Tx is allowed */
 2043              		.loc 1 1401 26 view .LVU673
 2044 0122 013B     		subs	r3, r3, #1
 2045 0124 9BB2     		uxth	r3, r3
 2046 0126 A4F84630 		strh	r3, [r4, #70]	@ movhi
1403:platform/HAL/src/stm32g4xx_hal_spi.c ****       }
 2047              		.loc 1 1403 9 is_stmt 1 view .LVU674
 2048              	.LVL97:
1403:platform/HAL/src/stm32g4xx_hal_spi.c ****       }
 2049              		.loc 1 1403 19 is_stmt 0 view .LVU675
 2050 012a 0127     		movs	r7, #1
 2051              	.LVL98:
 2052              	.L147:
1405:platform/HAL/src/stm32g4xx_hal_spi.c ****       {
 2053              		.loc 1 1405 7 is_stmt 1 view .LVU676
1405:platform/HAL/src/stm32g4xx_hal_spi.c ****       {
 2054              		.loc 1 1405 13 is_stmt 0 view .LVU677
 2055 012c FFF7FEFF 		bl	HAL_GetTick
 2056              	.LVL99:
1405:platform/HAL/src/stm32g4xx_hal_spi.c ****       {
 2057              		.loc 1 1405 27 discriminator 1 view .LVU678
 2058 0130 831B     		subs	r3, r0, r6
1405:platform/HAL/src/stm32g4xx_hal_spi.c ****       {
 2059              		.loc 1 1405 10 discriminator 1 view .LVU679
 2060 0132 AB42     		cmp	r3, r5
 2061 0134 02D3     		bcc	.L148
1405:platform/HAL/src/stm32g4xx_hal_spi.c ****       {
 2062              		.loc 1 1405 53 discriminator 1 view .LVU680
 2063 0136 B5F1FF3F 		cmp	r5, #-1
 2064 013a 14D1     		bne	.L172
 2065              	.LVL100:
 2066              	.L148:
1371:platform/HAL/src/stm32g4xx_hal_spi.c ****     {
 2067              		.loc 1 1371 37 is_stmt 1 view .LVU681
1371:platform/HAL/src/stm32g4xx_hal_spi.c ****     {
 2068              		.loc 1 1371 17 is_stmt 0 view .LVU682
 2069 013c E38F     		ldrh	r3, [r4, #62]
 2070 013e 9BB2     		uxth	r3, r3
1371:platform/HAL/src/stm32g4xx_hal_spi.c ****     {
 2071              		.loc 1 1371 37 view .LVU683
ARM GAS  /tmp/ccMpXq91.s 			page 124


 2072 0140 2BB9     		cbnz	r3, .L149
1371:platform/HAL/src/stm32g4xx_hal_spi.c ****     {
 2073              		.loc 1 1371 45 discriminator 1 view .LVU684
 2074 0142 B4F84630 		ldrh	r3, [r4, #70]
 2075 0146 9BB2     		uxth	r3, r3
1371:platform/HAL/src/stm32g4xx_hal_spi.c ****     {
 2076              		.loc 1 1371 37 discriminator 1 view .LVU685
 2077 0148 002B     		cmp	r3, #0
 2078 014a 00F0B180 		beq	.L150
 2079              	.L149:
1374:platform/HAL/src/stm32g4xx_hal_spi.c ****       {
 2080              		.loc 1 1374 7 is_stmt 1 view .LVU686
1374:platform/HAL/src/stm32g4xx_hal_spi.c ****       {
 2081              		.loc 1 1374 12 is_stmt 0 view .LVU687
 2082 014e 2368     		ldr	r3, [r4]
 2083 0150 9A68     		ldr	r2, [r3, #8]
1374:platform/HAL/src/stm32g4xx_hal_spi.c ****       {
 2084              		.loc 1 1374 10 view .LVU688
 2085 0152 12F0020F 		tst	r2, #2
 2086 0156 D2D0     		beq	.L146
1374:platform/HAL/src/stm32g4xx_hal_spi.c ****       {
 2087              		.loc 1 1374 60 discriminator 1 view .LVU689
 2088 0158 E28F     		ldrh	r2, [r4, #62]
 2089 015a 92B2     		uxth	r2, r2
1374:platform/HAL/src/stm32g4xx_hal_spi.c ****       {
 2090              		.loc 1 1374 52 discriminator 1 view .LVU690
 2091 015c 002A     		cmp	r2, #0
 2092 015e CED0     		beq	.L146
1374:platform/HAL/src/stm32g4xx_hal_spi.c ****       {
 2093              		.loc 1 1374 80 discriminator 2 view .LVU691
 2094 0160 002F     		cmp	r7, #0
 2095 0162 CCD0     		beq	.L146
 2096 0164 BFE7     		b	.L173
 2097              	.L172:
1407:platform/HAL/src/stm32g4xx_hal_spi.c ****         __HAL_UNLOCK(hspi);
 2098              		.loc 1 1407 9 is_stmt 1 view .LVU692
1407:platform/HAL/src/stm32g4xx_hal_spi.c ****         __HAL_UNLOCK(hspi);
 2099              		.loc 1 1407 21 is_stmt 0 view .LVU693
 2100 0166 0123     		movs	r3, #1
 2101 0168 84F85D30 		strb	r3, [r4, #93]
1408:platform/HAL/src/stm32g4xx_hal_spi.c ****         return HAL_TIMEOUT;
 2102              		.loc 1 1408 9 is_stmt 1 view .LVU694
1408:platform/HAL/src/stm32g4xx_hal_spi.c ****         return HAL_TIMEOUT;
 2103              		.loc 1 1408 9 view .LVU695
 2104 016c 0023     		movs	r3, #0
 2105 016e 84F85C30 		strb	r3, [r4, #92]
1408:platform/HAL/src/stm32g4xx_hal_spi.c ****         return HAL_TIMEOUT;
 2106              		.loc 1 1408 9 view .LVU696
1409:platform/HAL/src/stm32g4xx_hal_spi.c ****       }
 2107              		.loc 1 1409 9 view .LVU697
1409:platform/HAL/src/stm32g4xx_hal_spi.c ****       }
 2108              		.loc 1 1409 16 is_stmt 0 view .LVU698
 2109 0172 0320     		movs	r0, #3
 2110 0174 B4E0     		b	.L137
 2111              	.LVL101:
 2112              	.L143:
1416:platform/HAL/src/stm32g4xx_hal_spi.c ****     {
ARM GAS  /tmp/ccMpXq91.s 			page 125


 2113              		.loc 1 1416 5 is_stmt 1 view .LVU699
1416:platform/HAL/src/stm32g4xx_hal_spi.c ****     {
 2114              		.loc 1 1416 20 is_stmt 0 view .LVU700
 2115 0176 6368     		ldr	r3, [r4, #4]
1416:platform/HAL/src/stm32g4xx_hal_spi.c ****     {
 2116              		.loc 1 1416 8 view .LVU701
 2117 0178 0BB1     		cbz	r3, .L151
1416:platform/HAL/src/stm32g4xx_hal_spi.c ****     {
 2118              		.loc 1 1416 45 discriminator 1 view .LVU702
 2119 017a 012F     		cmp	r7, #1
 2120 017c 0FD1     		bne	.L152
 2121              	.L151:
1418:platform/HAL/src/stm32g4xx_hal_spi.c ****       {
 2122              		.loc 1 1418 7 is_stmt 1 view .LVU703
1418:platform/HAL/src/stm32g4xx_hal_spi.c ****       {
 2123              		.loc 1 1418 15 is_stmt 0 view .LVU704
 2124 017e E38F     		ldrh	r3, [r4, #62]
 2125 0180 9BB2     		uxth	r3, r3
1418:platform/HAL/src/stm32g4xx_hal_spi.c ****       {
 2126              		.loc 1 1418 10 view .LVU705
 2127 0182 012B     		cmp	r3, #1
 2128 0184 0DD9     		bls	.L153
1420:platform/HAL/src/stm32g4xx_hal_spi.c ****         hspi->pTxBuffPtr += sizeof(uint16_t);
 2129              		.loc 1 1420 9 is_stmt 1 view .LVU706
1420:platform/HAL/src/stm32g4xx_hal_spi.c ****         hspi->pTxBuffPtr += sizeof(uint16_t);
 2130              		.loc 1 1420 54 is_stmt 0 view .LVU707
 2131 0186 A26B     		ldr	r2, [r4, #56]
1420:platform/HAL/src/stm32g4xx_hal_spi.c ****         hspi->pTxBuffPtr += sizeof(uint16_t);
 2132              		.loc 1 1420 13 view .LVU708
 2133 0188 2368     		ldr	r3, [r4]
1420:platform/HAL/src/stm32g4xx_hal_spi.c ****         hspi->pTxBuffPtr += sizeof(uint16_t);
 2134              		.loc 1 1420 30 view .LVU709
 2135 018a 1288     		ldrh	r2, [r2]
1420:platform/HAL/src/stm32g4xx_hal_spi.c ****         hspi->pTxBuffPtr += sizeof(uint16_t);
 2136              		.loc 1 1420 28 view .LVU710
 2137 018c DA60     		str	r2, [r3, #12]
1421:platform/HAL/src/stm32g4xx_hal_spi.c ****         hspi->TxXferCount -= 2U;
 2138              		.loc 1 1421 9 is_stmt 1 view .LVU711
1421:platform/HAL/src/stm32g4xx_hal_spi.c ****         hspi->TxXferCount -= 2U;
 2139              		.loc 1 1421 13 is_stmt 0 view .LVU712
 2140 018e A36B     		ldr	r3, [r4, #56]
1421:platform/HAL/src/stm32g4xx_hal_spi.c ****         hspi->TxXferCount -= 2U;
 2141              		.loc 1 1421 26 view .LVU713
 2142 0190 0233     		adds	r3, r3, #2
 2143 0192 A363     		str	r3, [r4, #56]
1422:platform/HAL/src/stm32g4xx_hal_spi.c ****       }
 2144              		.loc 1 1422 9 is_stmt 1 view .LVU714
1422:platform/HAL/src/stm32g4xx_hal_spi.c ****       }
 2145              		.loc 1 1422 13 is_stmt 0 view .LVU715
 2146 0194 E38F     		ldrh	r3, [r4, #62]
 2147 0196 9BB2     		uxth	r3, r3
1422:platform/HAL/src/stm32g4xx_hal_spi.c ****       }
 2148              		.loc 1 1422 27 view .LVU716
 2149 0198 023B     		subs	r3, r3, #2
 2150 019a 9BB2     		uxth	r3, r3
 2151 019c E387     		strh	r3, [r4, #62]	@ movhi
 2152              	.L152:
ARM GAS  /tmp/ccMpXq91.s 			page 126


1499:platform/HAL/src/stm32g4xx_hal_spi.c ****       }
 2153              		.loc 1 1499 19 view .LVU717
 2154 019e 0127     		movs	r7, #1
 2155              	.LVL102:
1499:platform/HAL/src/stm32g4xx_hal_spi.c ****       }
 2156              		.loc 1 1499 19 view .LVU718
 2157 01a0 49E0     		b	.L160
 2158              	.LVL103:
 2159              	.L153:
1426:platform/HAL/src/stm32g4xx_hal_spi.c ****         hspi->pTxBuffPtr++;
 2160              		.loc 1 1426 9 is_stmt 1 view .LVU719
1426:platform/HAL/src/stm32g4xx_hal_spi.c ****         hspi->pTxBuffPtr++;
 2161              		.loc 1 1426 71 is_stmt 0 view .LVU720
 2162 01a2 A26B     		ldr	r2, [r4, #56]
1426:platform/HAL/src/stm32g4xx_hal_spi.c ****         hspi->pTxBuffPtr++;
 2163              		.loc 1 1426 31 view .LVU721
 2164 01a4 2368     		ldr	r3, [r4]
1426:platform/HAL/src/stm32g4xx_hal_spi.c ****         hspi->pTxBuffPtr++;
 2165              		.loc 1 1426 48 view .LVU722
 2166 01a6 1278     		ldrb	r2, [r2]	@ zero_extendqisi2
1426:platform/HAL/src/stm32g4xx_hal_spi.c ****         hspi->pTxBuffPtr++;
 2167              		.loc 1 1426 46 view .LVU723
 2168 01a8 1A73     		strb	r2, [r3, #12]
1427:platform/HAL/src/stm32g4xx_hal_spi.c ****         hspi->TxXferCount--;
 2169              		.loc 1 1427 9 is_stmt 1 view .LVU724
1427:platform/HAL/src/stm32g4xx_hal_spi.c ****         hspi->TxXferCount--;
 2170              		.loc 1 1427 13 is_stmt 0 view .LVU725
 2171 01aa A36B     		ldr	r3, [r4, #56]
1427:platform/HAL/src/stm32g4xx_hal_spi.c ****         hspi->TxXferCount--;
 2172              		.loc 1 1427 25 view .LVU726
 2173 01ac 0133     		adds	r3, r3, #1
 2174 01ae A363     		str	r3, [r4, #56]
1428:platform/HAL/src/stm32g4xx_hal_spi.c **** 
 2175              		.loc 1 1428 9 is_stmt 1 view .LVU727
1428:platform/HAL/src/stm32g4xx_hal_spi.c **** 
 2176              		.loc 1 1428 13 is_stmt 0 view .LVU728
 2177 01b0 E38F     		ldrh	r3, [r4, #62]
 2178 01b2 9BB2     		uxth	r3, r3
1428:platform/HAL/src/stm32g4xx_hal_spi.c **** 
 2179              		.loc 1 1428 26 view .LVU729
 2180 01b4 013B     		subs	r3, r3, #1
 2181 01b6 9BB2     		uxth	r3, r3
 2182 01b8 E387     		strh	r3, [r4, #62]	@ movhi
 2183 01ba F0E7     		b	.L152
 2184              	.LVL104:
 2185              	.L174:
1449:platform/HAL/src/stm32g4xx_hal_spi.c ****         {
 2186              		.loc 1 1449 9 is_stmt 1 view .LVU730
1449:platform/HAL/src/stm32g4xx_hal_spi.c ****         {
 2187              		.loc 1 1449 17 is_stmt 0 view .LVU731
 2188 01bc E28F     		ldrh	r2, [r4, #62]
 2189 01be 92B2     		uxth	r2, r2
1449:platform/HAL/src/stm32g4xx_hal_spi.c ****         {
 2190              		.loc 1 1449 12 view .LVU732
 2191 01c0 012A     		cmp	r2, #1
 2192 01c2 0CD9     		bls	.L155
1451:platform/HAL/src/stm32g4xx_hal_spi.c ****           hspi->pTxBuffPtr += sizeof(uint16_t);
ARM GAS  /tmp/ccMpXq91.s 			page 127


 2193              		.loc 1 1451 11 is_stmt 1 view .LVU733
1451:platform/HAL/src/stm32g4xx_hal_spi.c ****           hspi->pTxBuffPtr += sizeof(uint16_t);
 2194              		.loc 1 1451 56 is_stmt 0 view .LVU734
 2195 01c4 A26B     		ldr	r2, [r4, #56]
1451:platform/HAL/src/stm32g4xx_hal_spi.c ****           hspi->pTxBuffPtr += sizeof(uint16_t);
 2196              		.loc 1 1451 32 view .LVU735
 2197 01c6 1288     		ldrh	r2, [r2]
1451:platform/HAL/src/stm32g4xx_hal_spi.c ****           hspi->pTxBuffPtr += sizeof(uint16_t);
 2198              		.loc 1 1451 30 view .LVU736
 2199 01c8 DA60     		str	r2, [r3, #12]
1452:platform/HAL/src/stm32g4xx_hal_spi.c ****           hspi->TxXferCount -= 2U;
 2200              		.loc 1 1452 11 is_stmt 1 view .LVU737
1452:platform/HAL/src/stm32g4xx_hal_spi.c ****           hspi->TxXferCount -= 2U;
 2201              		.loc 1 1452 15 is_stmt 0 view .LVU738
 2202 01ca A36B     		ldr	r3, [r4, #56]
1452:platform/HAL/src/stm32g4xx_hal_spi.c ****           hspi->TxXferCount -= 2U;
 2203              		.loc 1 1452 28 view .LVU739
 2204 01cc 0233     		adds	r3, r3, #2
 2205 01ce A363     		str	r3, [r4, #56]
1453:platform/HAL/src/stm32g4xx_hal_spi.c ****         }
 2206              		.loc 1 1453 11 is_stmt 1 view .LVU740
1453:platform/HAL/src/stm32g4xx_hal_spi.c ****         }
 2207              		.loc 1 1453 15 is_stmt 0 view .LVU741
 2208 01d0 E38F     		ldrh	r3, [r4, #62]
 2209 01d2 9BB2     		uxth	r3, r3
1453:platform/HAL/src/stm32g4xx_hal_spi.c ****         }
 2210              		.loc 1 1453 29 view .LVU742
 2211 01d4 023B     		subs	r3, r3, #2
 2212 01d6 9BB2     		uxth	r3, r3
 2213 01d8 E387     		strh	r3, [r4, #62]	@ movhi
1462:platform/HAL/src/stm32g4xx_hal_spi.c **** 
 2214              		.loc 1 1462 19 view .LVU743
 2215 01da 0027     		movs	r7, #0
 2216              	.LVL105:
1462:platform/HAL/src/stm32g4xx_hal_spi.c **** 
 2217              		.loc 1 1462 19 view .LVU744
 2218 01dc 3DE0     		b	.L154
 2219              	.LVL106:
 2220              	.L155:
1457:platform/HAL/src/stm32g4xx_hal_spi.c ****           hspi->pTxBuffPtr++;
 2221              		.loc 1 1457 11 is_stmt 1 view .LVU745
1457:platform/HAL/src/stm32g4xx_hal_spi.c ****           hspi->pTxBuffPtr++;
 2222              		.loc 1 1457 73 is_stmt 0 view .LVU746
 2223 01de A26B     		ldr	r2, [r4, #56]
1457:platform/HAL/src/stm32g4xx_hal_spi.c ****           hspi->pTxBuffPtr++;
 2224              		.loc 1 1457 50 view .LVU747
 2225 01e0 1278     		ldrb	r2, [r2]	@ zero_extendqisi2
1457:platform/HAL/src/stm32g4xx_hal_spi.c ****           hspi->pTxBuffPtr++;
 2226              		.loc 1 1457 48 view .LVU748
 2227 01e2 1A73     		strb	r2, [r3, #12]
1458:platform/HAL/src/stm32g4xx_hal_spi.c ****           hspi->TxXferCount--;
 2228              		.loc 1 1458 11 is_stmt 1 view .LVU749
1458:platform/HAL/src/stm32g4xx_hal_spi.c ****           hspi->TxXferCount--;
 2229              		.loc 1 1458 15 is_stmt 0 view .LVU750
 2230 01e4 A36B     		ldr	r3, [r4, #56]
1458:platform/HAL/src/stm32g4xx_hal_spi.c ****           hspi->TxXferCount--;
 2231              		.loc 1 1458 27 view .LVU751
ARM GAS  /tmp/ccMpXq91.s 			page 128


 2232 01e6 0133     		adds	r3, r3, #1
 2233 01e8 A363     		str	r3, [r4, #56]
1459:platform/HAL/src/stm32g4xx_hal_spi.c ****         }
 2234              		.loc 1 1459 11 is_stmt 1 view .LVU752
1459:platform/HAL/src/stm32g4xx_hal_spi.c ****         }
 2235              		.loc 1 1459 15 is_stmt 0 view .LVU753
 2236 01ea E38F     		ldrh	r3, [r4, #62]
 2237 01ec 9BB2     		uxth	r3, r3
1459:platform/HAL/src/stm32g4xx_hal_spi.c ****         }
 2238              		.loc 1 1459 28 view .LVU754
 2239 01ee 013B     		subs	r3, r3, #1
 2240 01f0 9BB2     		uxth	r3, r3
 2241 01f2 E387     		strh	r3, [r4, #62]	@ movhi
1462:platform/HAL/src/stm32g4xx_hal_spi.c **** 
 2242              		.loc 1 1462 19 view .LVU755
 2243 01f4 0027     		movs	r7, #0
 2244              	.LVL107:
1462:platform/HAL/src/stm32g4xx_hal_spi.c **** 
 2245              		.loc 1 1462 19 view .LVU756
 2246 01f6 30E0     		b	.L154
 2247              	.LVL108:
 2248              	.L175:
1489:platform/HAL/src/stm32g4xx_hal_spi.c ****           }
 2249              		.loc 1 1489 13 is_stmt 1 view .LVU757
 2250 01f8 2268     		ldr	r2, [r4]
 2251 01fa 5368     		ldr	r3, [r2, #4]
 2252 01fc 43F48053 		orr	r3, r3, #4096
 2253 0200 5360     		str	r3, [r2, #4]
1499:platform/HAL/src/stm32g4xx_hal_spi.c ****       }
 2254              		.loc 1 1499 19 is_stmt 0 view .LVU758
 2255 0202 0127     		movs	r7, #1
 2256              	.LVL109:
1499:platform/HAL/src/stm32g4xx_hal_spi.c ****       }
 2257              		.loc 1 1499 19 view .LVU759
 2258 0204 0DE0     		b	.L156
 2259              	.LVL110:
 2260              	.L157:
1494:platform/HAL/src/stm32g4xx_hal_spi.c ****           hspi->pRxBuffPtr++;
 2261              		.loc 1 1494 11 is_stmt 1 view .LVU760
1494:platform/HAL/src/stm32g4xx_hal_spi.c ****           hspi->pRxBuffPtr++;
 2262              		.loc 1 1494 28 is_stmt 0 view .LVU761
 2263 0206 226C     		ldr	r2, [r4, #64]
1494:platform/HAL/src/stm32g4xx_hal_spi.c ****           hspi->pRxBuffPtr++;
 2264              		.loc 1 1494 44 view .LVU762
 2265 0208 1B7B     		ldrb	r3, [r3, #12]	@ zero_extendqisi2
1494:platform/HAL/src/stm32g4xx_hal_spi.c ****           hspi->pRxBuffPtr++;
 2266              		.loc 1 1494 42 view .LVU763
 2267 020a 1370     		strb	r3, [r2]
1495:platform/HAL/src/stm32g4xx_hal_spi.c ****           hspi->RxXferCount--;
 2268              		.loc 1 1495 11 is_stmt 1 view .LVU764
1495:platform/HAL/src/stm32g4xx_hal_spi.c ****           hspi->RxXferCount--;
 2269              		.loc 1 1495 15 is_stmt 0 view .LVU765
 2270 020c 236C     		ldr	r3, [r4, #64]
1495:platform/HAL/src/stm32g4xx_hal_spi.c ****           hspi->RxXferCount--;
 2271              		.loc 1 1495 27 view .LVU766
 2272 020e 0133     		adds	r3, r3, #1
 2273 0210 2364     		str	r3, [r4, #64]
ARM GAS  /tmp/ccMpXq91.s 			page 129


1496:platform/HAL/src/stm32g4xx_hal_spi.c ****         }
 2274              		.loc 1 1496 11 is_stmt 1 view .LVU767
1496:platform/HAL/src/stm32g4xx_hal_spi.c ****         }
 2275              		.loc 1 1496 15 is_stmt 0 view .LVU768
 2276 0212 B4F84630 		ldrh	r3, [r4, #70]
 2277 0216 9BB2     		uxth	r3, r3
1496:platform/HAL/src/stm32g4xx_hal_spi.c ****         }
 2278              		.loc 1 1496 28 view .LVU769
 2279 0218 013B     		subs	r3, r3, #1
 2280 021a 9BB2     		uxth	r3, r3
 2281 021c A4F84630 		strh	r3, [r4, #70]	@ movhi
1499:platform/HAL/src/stm32g4xx_hal_spi.c ****       }
 2282              		.loc 1 1499 19 view .LVU770
 2283 0220 0127     		movs	r7, #1
 2284              	.LVL111:
 2285              	.L156:
1501:platform/HAL/src/stm32g4xx_hal_spi.c ****       {
 2286              		.loc 1 1501 7 is_stmt 1 view .LVU771
1501:platform/HAL/src/stm32g4xx_hal_spi.c ****       {
 2287              		.loc 1 1501 14 is_stmt 0 view .LVU772
 2288 0222 FFF7FEFF 		bl	HAL_GetTick
 2289              	.LVL112:
1501:platform/HAL/src/stm32g4xx_hal_spi.c ****       {
 2290              		.loc 1 1501 28 discriminator 1 view .LVU773
 2291 0226 801B     		subs	r0, r0, r6
1501:platform/HAL/src/stm32g4xx_hal_spi.c ****       {
 2292              		.loc 1 1501 10 discriminator 1 view .LVU774
 2293 0228 A842     		cmp	r0, r5
 2294 022a 02D3     		bcc	.L158
1501:platform/HAL/src/stm32g4xx_hal_spi.c ****       {
 2295              		.loc 1 1501 54 discriminator 1 view .LVU775
 2296 022c B5F1FF3F 		cmp	r5, #-1
 2297 0230 36D1     		bne	.L159
 2298              	.L158:
1501:platform/HAL/src/stm32g4xx_hal_spi.c ****       {
 2299              		.loc 1 1501 87 discriminator 3 view .LVU776
 2300 0232 002D     		cmp	r5, #0
 2301 0234 34D0     		beq	.L159
 2302              	.LVL113:
 2303              	.L160:
1444:platform/HAL/src/stm32g4xx_hal_spi.c ****     {
 2304              		.loc 1 1444 37 is_stmt 1 view .LVU777
1444:platform/HAL/src/stm32g4xx_hal_spi.c ****     {
 2305              		.loc 1 1444 17 is_stmt 0 view .LVU778
 2306 0236 E38F     		ldrh	r3, [r4, #62]
 2307 0238 9BB2     		uxth	r3, r3
1444:platform/HAL/src/stm32g4xx_hal_spi.c ****     {
 2308              		.loc 1 1444 37 view .LVU779
 2309 023a 23B9     		cbnz	r3, .L161
1444:platform/HAL/src/stm32g4xx_hal_spi.c ****     {
 2310              		.loc 1 1444 45 discriminator 1 view .LVU780
 2311 023c B4F84630 		ldrh	r3, [r4, #70]
 2312 0240 9BB2     		uxth	r3, r3
1444:platform/HAL/src/stm32g4xx_hal_spi.c ****     {
 2313              		.loc 1 1444 37 discriminator 1 view .LVU781
 2314 0242 002B     		cmp	r3, #0
 2315 0244 34D0     		beq	.L150
ARM GAS  /tmp/ccMpXq91.s 			page 130


 2316              	.L161:
1447:platform/HAL/src/stm32g4xx_hal_spi.c ****       {
 2317              		.loc 1 1447 7 is_stmt 1 view .LVU782
1447:platform/HAL/src/stm32g4xx_hal_spi.c ****       {
 2318              		.loc 1 1447 12 is_stmt 0 view .LVU783
 2319 0246 2368     		ldr	r3, [r4]
 2320 0248 9A68     		ldr	r2, [r3, #8]
1447:platform/HAL/src/stm32g4xx_hal_spi.c ****       {
 2321              		.loc 1 1447 10 view .LVU784
 2322 024a 12F0020F 		tst	r2, #2
 2323 024e 04D0     		beq	.L154
1447:platform/HAL/src/stm32g4xx_hal_spi.c ****       {
 2324              		.loc 1 1447 60 discriminator 1 view .LVU785
 2325 0250 E28F     		ldrh	r2, [r4, #62]
 2326 0252 92B2     		uxth	r2, r2
1447:platform/HAL/src/stm32g4xx_hal_spi.c ****       {
 2327              		.loc 1 1447 52 discriminator 1 view .LVU786
 2328 0254 0AB1     		cbz	r2, .L154
1447:platform/HAL/src/stm32g4xx_hal_spi.c ****       {
 2329              		.loc 1 1447 80 discriminator 2 view .LVU787
 2330 0256 002F     		cmp	r7, #0
 2331 0258 B0D1     		bne	.L174
 2332              	.LVL114:
 2333              	.L154:
1479:platform/HAL/src/stm32g4xx_hal_spi.c ****       {
 2334              		.loc 1 1479 7 is_stmt 1 view .LVU788
1479:platform/HAL/src/stm32g4xx_hal_spi.c ****       {
 2335              		.loc 1 1479 12 is_stmt 0 view .LVU789
 2336 025a 2368     		ldr	r3, [r4]
 2337 025c 9A68     		ldr	r2, [r3, #8]
1479:platform/HAL/src/stm32g4xx_hal_spi.c ****       {
 2338              		.loc 1 1479 10 view .LVU790
 2339 025e 12F0010F 		tst	r2, #1
 2340 0262 DED0     		beq	.L156
1479:platform/HAL/src/stm32g4xx_hal_spi.c ****       {
 2341              		.loc 1 1479 61 discriminator 1 view .LVU791
 2342 0264 B4F84620 		ldrh	r2, [r4, #70]
 2343 0268 92B2     		uxth	r2, r2
1479:platform/HAL/src/stm32g4xx_hal_spi.c ****       {
 2344              		.loc 1 1479 53 discriminator 1 view .LVU792
 2345 026a 002A     		cmp	r2, #0
 2346 026c D9D0     		beq	.L156
1481:platform/HAL/src/stm32g4xx_hal_spi.c ****         {
 2347              		.loc 1 1481 9 is_stmt 1 view .LVU793
1481:platform/HAL/src/stm32g4xx_hal_spi.c ****         {
 2348              		.loc 1 1481 17 is_stmt 0 view .LVU794
 2349 026e B4F84620 		ldrh	r2, [r4, #70]
 2350 0272 92B2     		uxth	r2, r2
1481:platform/HAL/src/stm32g4xx_hal_spi.c ****         {
 2351              		.loc 1 1481 12 view .LVU795
 2352 0274 012A     		cmp	r2, #1
 2353 0276 C6D9     		bls	.L157
1483:platform/HAL/src/stm32g4xx_hal_spi.c ****           hspi->pRxBuffPtr += sizeof(uint16_t);
 2354              		.loc 1 1483 11 is_stmt 1 view .LVU796
1483:platform/HAL/src/stm32g4xx_hal_spi.c ****           hspi->pRxBuffPtr += sizeof(uint16_t);
 2355              		.loc 1 1483 69 is_stmt 0 view .LVU797
 2356 0278 DA68     		ldr	r2, [r3, #12]
ARM GAS  /tmp/ccMpXq91.s 			page 131


1483:platform/HAL/src/stm32g4xx_hal_spi.c ****           hspi->pRxBuffPtr += sizeof(uint16_t);
 2357              		.loc 1 1483 29 view .LVU798
 2358 027a 236C     		ldr	r3, [r4, #64]
1483:platform/HAL/src/stm32g4xx_hal_spi.c ****           hspi->pRxBuffPtr += sizeof(uint16_t);
 2359              		.loc 1 1483 43 view .LVU799
 2360 027c 1A80     		strh	r2, [r3]	@ movhi
1484:platform/HAL/src/stm32g4xx_hal_spi.c ****           hspi->RxXferCount -= 2U;
 2361              		.loc 1 1484 11 is_stmt 1 view .LVU800
1484:platform/HAL/src/stm32g4xx_hal_spi.c ****           hspi->RxXferCount -= 2U;
 2362              		.loc 1 1484 15 is_stmt 0 view .LVU801
 2363 027e 236C     		ldr	r3, [r4, #64]
1484:platform/HAL/src/stm32g4xx_hal_spi.c ****           hspi->RxXferCount -= 2U;
 2364              		.loc 1 1484 28 view .LVU802
 2365 0280 0233     		adds	r3, r3, #2
 2366 0282 2364     		str	r3, [r4, #64]
1485:platform/HAL/src/stm32g4xx_hal_spi.c ****           if (hspi->RxXferCount <= 1U)
 2367              		.loc 1 1485 11 is_stmt 1 view .LVU803
1485:platform/HAL/src/stm32g4xx_hal_spi.c ****           if (hspi->RxXferCount <= 1U)
 2368              		.loc 1 1485 15 is_stmt 0 view .LVU804
 2369 0284 B4F84630 		ldrh	r3, [r4, #70]
 2370 0288 9BB2     		uxth	r3, r3
1485:platform/HAL/src/stm32g4xx_hal_spi.c ****           if (hspi->RxXferCount <= 1U)
 2371              		.loc 1 1485 29 view .LVU805
 2372 028a 023B     		subs	r3, r3, #2
 2373 028c 9BB2     		uxth	r3, r3
 2374 028e A4F84630 		strh	r3, [r4, #70]	@ movhi
1486:platform/HAL/src/stm32g4xx_hal_spi.c ****           {
 2375              		.loc 1 1486 11 is_stmt 1 view .LVU806
1486:platform/HAL/src/stm32g4xx_hal_spi.c ****           {
 2376              		.loc 1 1486 19 is_stmt 0 view .LVU807
 2377 0292 B4F84630 		ldrh	r3, [r4, #70]
 2378 0296 9BB2     		uxth	r3, r3
1486:platform/HAL/src/stm32g4xx_hal_spi.c ****           {
 2379              		.loc 1 1486 14 view .LVU808
 2380 0298 012B     		cmp	r3, #1
 2381 029a ADD9     		bls	.L175
1499:platform/HAL/src/stm32g4xx_hal_spi.c ****       }
 2382              		.loc 1 1499 19 view .LVU809
 2383 029c 0127     		movs	r7, #1
 2384              	.LVL115:
1499:platform/HAL/src/stm32g4xx_hal_spi.c ****       }
 2385              		.loc 1 1499 19 view .LVU810
 2386 029e C0E7     		b	.L156
 2387              	.LVL116:
 2388              	.L159:
1503:platform/HAL/src/stm32g4xx_hal_spi.c ****         __HAL_UNLOCK(hspi);
 2389              		.loc 1 1503 9 is_stmt 1 view .LVU811
1503:platform/HAL/src/stm32g4xx_hal_spi.c ****         __HAL_UNLOCK(hspi);
 2390              		.loc 1 1503 21 is_stmt 0 view .LVU812
 2391 02a0 0123     		movs	r3, #1
 2392 02a2 84F85D30 		strb	r3, [r4, #93]
1504:platform/HAL/src/stm32g4xx_hal_spi.c ****         return HAL_TIMEOUT;
 2393              		.loc 1 1504 9 is_stmt 1 view .LVU813
1504:platform/HAL/src/stm32g4xx_hal_spi.c ****         return HAL_TIMEOUT;
 2394              		.loc 1 1504 9 view .LVU814
 2395 02a6 0023     		movs	r3, #0
 2396 02a8 84F85C30 		strb	r3, [r4, #92]
ARM GAS  /tmp/ccMpXq91.s 			page 132


1504:platform/HAL/src/stm32g4xx_hal_spi.c ****         return HAL_TIMEOUT;
 2397              		.loc 1 1504 9 view .LVU815
1505:platform/HAL/src/stm32g4xx_hal_spi.c ****       }
 2398              		.loc 1 1505 9 view .LVU816
1505:platform/HAL/src/stm32g4xx_hal_spi.c ****       }
 2399              		.loc 1 1505 16 is_stmt 0 view .LVU817
 2400 02ac 0320     		movs	r0, #3
 2401 02ae 17E0     		b	.L137
 2402              	.L150:
1570:platform/HAL/src/stm32g4xx_hal_spi.c ****   {
 2403              		.loc 1 1570 3 is_stmt 1 view .LVU818
1570:platform/HAL/src/stm32g4xx_hal_spi.c ****   {
 2404              		.loc 1 1570 7 is_stmt 0 view .LVU819
 2405 02b0 3246     		mov	r2, r6
 2406 02b2 2946     		mov	r1, r5
 2407 02b4 2046     		mov	r0, r4
 2408 02b6 FFF7FEFF 		bl	SPI_EndRxTxTransaction
 2409              	.LVL117:
1570:platform/HAL/src/stm32g4xx_hal_spi.c ****   {
 2410              		.loc 1 1570 6 discriminator 1 view .LVU820
 2411 02ba 48B9     		cbnz	r0, .L176
1578:platform/HAL/src/stm32g4xx_hal_spi.c ****   /* Unlock the process */
 2412              		.loc 1 1578 3 is_stmt 1 view .LVU821
1578:platform/HAL/src/stm32g4xx_hal_spi.c ****   /* Unlock the process */
 2413              		.loc 1 1578 15 is_stmt 0 view .LVU822
 2414 02bc 0123     		movs	r3, #1
 2415 02be 84F85D30 		strb	r3, [r4, #93]
1580:platform/HAL/src/stm32g4xx_hal_spi.c **** 
 2416              		.loc 1 1580 3 is_stmt 1 view .LVU823
1580:platform/HAL/src/stm32g4xx_hal_spi.c **** 
 2417              		.loc 1 1580 3 view .LVU824
 2418 02c2 0023     		movs	r3, #0
 2419 02c4 84F85C30 		strb	r3, [r4, #92]
1580:platform/HAL/src/stm32g4xx_hal_spi.c **** 
 2420              		.loc 1 1580 3 view .LVU825
1582:platform/HAL/src/stm32g4xx_hal_spi.c ****   {
 2421              		.loc 1 1582 3 view .LVU826
1582:platform/HAL/src/stm32g4xx_hal_spi.c ****   {
 2422              		.loc 1 1582 11 is_stmt 0 view .LVU827
 2423 02c8 236E     		ldr	r3, [r4, #96]
1582:platform/HAL/src/stm32g4xx_hal_spi.c ****   {
 2424              		.loc 1 1582 6 view .LVU828
 2425 02ca 4BB1     		cbz	r3, .L137
1584:platform/HAL/src/stm32g4xx_hal_spi.c ****   }
 2426              		.loc 1 1584 12 view .LVU829
 2427 02cc 0120     		movs	r0, #1
 2428 02ce 07E0     		b	.L137
 2429              	.L176:
1572:platform/HAL/src/stm32g4xx_hal_spi.c ****     __HAL_UNLOCK(hspi);
 2430              		.loc 1 1572 5 is_stmt 1 view .LVU830
1572:platform/HAL/src/stm32g4xx_hal_spi.c ****     __HAL_UNLOCK(hspi);
 2431              		.loc 1 1572 21 is_stmt 0 view .LVU831
 2432 02d0 2023     		movs	r3, #32
 2433 02d2 2366     		str	r3, [r4, #96]
1573:platform/HAL/src/stm32g4xx_hal_spi.c ****     return HAL_ERROR;
 2434              		.loc 1 1573 5 is_stmt 1 view .LVU832
1573:platform/HAL/src/stm32g4xx_hal_spi.c ****     return HAL_ERROR;
ARM GAS  /tmp/ccMpXq91.s 			page 133


 2435              		.loc 1 1573 5 view .LVU833
 2436 02d4 0023     		movs	r3, #0
 2437 02d6 84F85C30 		strb	r3, [r4, #92]
1573:platform/HAL/src/stm32g4xx_hal_spi.c ****     return HAL_ERROR;
 2438              		.loc 1 1573 5 view .LVU834
1574:platform/HAL/src/stm32g4xx_hal_spi.c ****   }
 2439              		.loc 1 1574 5 view .LVU835
1574:platform/HAL/src/stm32g4xx_hal_spi.c ****   }
 2440              		.loc 1 1574 12 is_stmt 0 view .LVU836
 2441 02da 0120     		movs	r0, #1
 2442 02dc 00E0     		b	.L137
 2443              	.LVL118:
 2444              	.L163:
1291:platform/HAL/src/stm32g4xx_hal_spi.c ****   }
 2445              		.loc 1 1291 12 view .LVU837
 2446 02de 0220     		movs	r0, #2
 2447              	.LVL119:
 2448              	.L137:
1590:platform/HAL/src/stm32g4xx_hal_spi.c **** 
 2449              		.loc 1 1590 1 view .LVU838
 2450 02e0 BDE8F883 		pop	{r3, r4, r5, r6, r7, r8, r9, pc}
 2451              	.LVL120:
 2452              	.L164:
1291:platform/HAL/src/stm32g4xx_hal_spi.c ****   }
 2453              		.loc 1 1291 12 view .LVU839
 2454 02e4 0220     		movs	r0, #2
 2455              	.LVL121:
1291:platform/HAL/src/stm32g4xx_hal_spi.c ****   }
 2456              		.loc 1 1291 12 view .LVU840
 2457 02e6 FBE7     		b	.L137
 2458              	.LVL122:
 2459              	.L165:
1291:platform/HAL/src/stm32g4xx_hal_spi.c ****   }
 2460              		.loc 1 1291 12 view .LVU841
 2461 02e8 0220     		movs	r0, #2
 2462              	.LVL123:
1291:platform/HAL/src/stm32g4xx_hal_spi.c ****   }
 2463              		.loc 1 1291 12 view .LVU842
 2464 02ea F9E7     		b	.L137
 2465              	.LVL124:
 2466              	.L166:
1296:platform/HAL/src/stm32g4xx_hal_spi.c ****   }
 2467              		.loc 1 1296 12 view .LVU843
 2468 02ec 0120     		movs	r0, #1
 2469              	.LVL125:
1296:platform/HAL/src/stm32g4xx_hal_spi.c ****   }
 2470              		.loc 1 1296 12 view .LVU844
 2471 02ee F7E7     		b	.L137
 2472              	.LVL126:
 2473              	.L167:
1296:platform/HAL/src/stm32g4xx_hal_spi.c ****   }
 2474              		.loc 1 1296 12 view .LVU845
 2475 02f0 0120     		movs	r0, #1
 2476              	.LVL127:
1296:platform/HAL/src/stm32g4xx_hal_spi.c ****   }
 2477              		.loc 1 1296 12 view .LVU846
 2478 02f2 F5E7     		b	.L137
ARM GAS  /tmp/ccMpXq91.s 			page 134


 2479              	.LVL128:
 2480              	.L168:
1296:platform/HAL/src/stm32g4xx_hal_spi.c ****   }
 2481              		.loc 1 1296 12 view .LVU847
 2482 02f4 0120     		movs	r0, #1
 2483              	.LVL129:
1296:platform/HAL/src/stm32g4xx_hal_spi.c ****   }
 2484              		.loc 1 1296 12 view .LVU848
 2485 02f6 F3E7     		b	.L137
 2486              	.LVL130:
 2487              	.L169:
1300:platform/HAL/src/stm32g4xx_hal_spi.c **** 
 2488              		.loc 1 1300 3 discriminator 1 view .LVU849
 2489 02f8 0220     		movs	r0, #2
 2490              	.LVL131:
1300:platform/HAL/src/stm32g4xx_hal_spi.c **** 
 2491              		.loc 1 1300 3 discriminator 1 view .LVU850
 2492 02fa F1E7     		b	.L137
 2493              		.cfi_endproc
 2494              	.LFE335:
 2496              		.section	.text.HAL_SPI_Receive,"ax",%progbits
 2497              		.align	1
 2498              		.global	HAL_SPI_Receive
 2499              		.syntax unified
 2500              		.thumb
 2501              		.thumb_func
 2503              	HAL_SPI_Receive:
 2504              	.LVL132:
 2505              	.LFB334:
1010:platform/HAL/src/stm32g4xx_hal_spi.c **** #if (USE_SPI_CRC != 0U)
 2506              		.loc 1 1010 1 is_stmt 1 view -0
 2507              		.cfi_startproc
 2508              		@ args = 0, pretend = 0, frame = 0
 2509              		@ frame_needed = 0, uses_anonymous_args = 0
1010:platform/HAL/src/stm32g4xx_hal_spi.c **** #if (USE_SPI_CRC != 0U)
 2510              		.loc 1 1010 1 is_stmt 0 view .LVU852
 2511 0000 2DE9F043 		push	{r4, r5, r6, r7, r8, r9, lr}
 2512              	.LCFI29:
 2513              		.cfi_def_cfa_offset 28
 2514              		.cfi_offset 4, -28
 2515              		.cfi_offset 5, -24
 2516              		.cfi_offset 6, -20
 2517              		.cfi_offset 7, -16
 2518              		.cfi_offset 8, -12
 2519              		.cfi_offset 9, -8
 2520              		.cfi_offset 14, -4
 2521 0004 83B0     		sub	sp, sp, #12
 2522              	.LCFI30:
 2523              		.cfi_def_cfa_offset 40
 2524 0006 1D46     		mov	r5, r3
1016:platform/HAL/src/stm32g4xx_hal_spi.c **** 
 2525              		.loc 1 1016 3 is_stmt 1 view .LVU853
1018:platform/HAL/src/stm32g4xx_hal_spi.c ****   {
 2526              		.loc 1 1018 3 view .LVU854
1018:platform/HAL/src/stm32g4xx_hal_spi.c ****   {
 2527              		.loc 1 1018 11 is_stmt 0 view .LVU855
 2528 0008 90F85D30 		ldrb	r3, [r0, #93]	@ zero_extendqisi2
ARM GAS  /tmp/ccMpXq91.s 			page 135


 2529              	.LVL133:
1018:platform/HAL/src/stm32g4xx_hal_spi.c ****   {
 2530              		.loc 1 1018 6 view .LVU856
 2531 000c 012B     		cmp	r3, #1
 2532 000e 40F0C880 		bne	.L198
 2533 0012 0446     		mov	r4, r0
 2534 0014 8946     		mov	r9, r1
 2535 0016 9046     		mov	r8, r2
 2536 0018 DFB2     		uxtb	r7, r3
1023:platform/HAL/src/stm32g4xx_hal_spi.c ****   {
 2537              		.loc 1 1023 3 is_stmt 1 view .LVU857
1023:platform/HAL/src/stm32g4xx_hal_spi.c ****   {
 2538              		.loc 1 1023 6 is_stmt 0 view .LVU858
 2539 001a 0029     		cmp	r1, #0
 2540 001c 00F0C280 		beq	.L178
1023:platform/HAL/src/stm32g4xx_hal_spi.c ****   {
 2541              		.loc 1 1023 23 discriminator 1 view .LVU859
 2542 0020 002A     		cmp	r2, #0
 2543 0022 00F0BF80 		beq	.L178
1028:platform/HAL/src/stm32g4xx_hal_spi.c ****   {
 2544              		.loc 1 1028 3 is_stmt 1 view .LVU860
1028:platform/HAL/src/stm32g4xx_hal_spi.c ****   {
 2545              		.loc 1 1028 18 is_stmt 0 view .LVU861
 2546 0026 4368     		ldr	r3, [r0, #4]
1028:platform/HAL/src/stm32g4xx_hal_spi.c ****   {
 2547              		.loc 1 1028 6 view .LVU862
 2548 0028 B3F5827F 		cmp	r3, #260
 2549 002c 02D1     		bne	.L179
1028:platform/HAL/src/stm32g4xx_hal_spi.c ****   {
 2550              		.loc 1 1028 58 discriminator 1 view .LVU863
 2551 002e 8368     		ldr	r3, [r0, #8]
1028:platform/HAL/src/stm32g4xx_hal_spi.c ****   {
 2552              		.loc 1 1028 44 discriminator 1 view .LVU864
 2553 0030 002B     		cmp	r3, #0
 2554 0032 35D0     		beq	.L202
 2555              	.L179:
1036:platform/HAL/src/stm32g4xx_hal_spi.c **** 
 2556              		.loc 1 1036 3 is_stmt 1 view .LVU865
1036:platform/HAL/src/stm32g4xx_hal_spi.c **** 
 2557              		.loc 1 1036 15 is_stmt 0 view .LVU866
 2558 0034 FFF7FEFF 		bl	HAL_GetTick
 2559              	.LVL134:
1036:platform/HAL/src/stm32g4xx_hal_spi.c **** 
 2560              		.loc 1 1036 15 view .LVU867
 2561 0038 0646     		mov	r6, r0
 2562              	.LVL135:
1039:platform/HAL/src/stm32g4xx_hal_spi.c **** 
 2563              		.loc 1 1039 3 is_stmt 1 view .LVU868
1039:platform/HAL/src/stm32g4xx_hal_spi.c **** 
 2564              		.loc 1 1039 3 view .LVU869
 2565 003a 94F85C30 		ldrb	r3, [r4, #92]	@ zero_extendqisi2
 2566 003e 012B     		cmp	r3, #1
 2567 0040 00F0B480 		beq	.L199
1039:platform/HAL/src/stm32g4xx_hal_spi.c **** 
 2568              		.loc 1 1039 3 discriminator 2 view .LVU870
 2569 0044 0123     		movs	r3, #1
 2570 0046 84F85C30 		strb	r3, [r4, #92]
ARM GAS  /tmp/ccMpXq91.s 			page 136


1039:platform/HAL/src/stm32g4xx_hal_spi.c **** 
 2571              		.loc 1 1039 3 view .LVU871
1042:platform/HAL/src/stm32g4xx_hal_spi.c ****   hspi->ErrorCode   = HAL_SPI_ERROR_NONE;
 2572              		.loc 1 1042 3 view .LVU872
1042:platform/HAL/src/stm32g4xx_hal_spi.c ****   hspi->ErrorCode   = HAL_SPI_ERROR_NONE;
 2573              		.loc 1 1042 21 is_stmt 0 view .LVU873
 2574 004a 0423     		movs	r3, #4
 2575 004c 84F85D30 		strb	r3, [r4, #93]
1043:platform/HAL/src/stm32g4xx_hal_spi.c ****   hspi->pRxBuffPtr  = (uint8_t *)pData;
 2576              		.loc 1 1043 3 is_stmt 1 view .LVU874
1043:platform/HAL/src/stm32g4xx_hal_spi.c ****   hspi->pRxBuffPtr  = (uint8_t *)pData;
 2577              		.loc 1 1043 21 is_stmt 0 view .LVU875
 2578 0050 0023     		movs	r3, #0
 2579 0052 2366     		str	r3, [r4, #96]
1044:platform/HAL/src/stm32g4xx_hal_spi.c ****   hspi->RxXferSize  = Size;
 2580              		.loc 1 1044 3 is_stmt 1 view .LVU876
1044:platform/HAL/src/stm32g4xx_hal_spi.c ****   hspi->RxXferSize  = Size;
 2581              		.loc 1 1044 21 is_stmt 0 view .LVU877
 2582 0054 C4F84090 		str	r9, [r4, #64]
1045:platform/HAL/src/stm32g4xx_hal_spi.c ****   hspi->RxXferCount = Size;
 2583              		.loc 1 1045 3 is_stmt 1 view .LVU878
1045:platform/HAL/src/stm32g4xx_hal_spi.c ****   hspi->RxXferCount = Size;
 2584              		.loc 1 1045 21 is_stmt 0 view .LVU879
 2585 0058 A4F84480 		strh	r8, [r4, #68]	@ movhi
1046:platform/HAL/src/stm32g4xx_hal_spi.c **** 
 2586              		.loc 1 1046 3 is_stmt 1 view .LVU880
1046:platform/HAL/src/stm32g4xx_hal_spi.c **** 
 2587              		.loc 1 1046 21 is_stmt 0 view .LVU881
 2588 005c A4F84680 		strh	r8, [r4, #70]	@ movhi
1049:platform/HAL/src/stm32g4xx_hal_spi.c ****   hspi->TxXferSize  = 0U;
 2589              		.loc 1 1049 3 is_stmt 1 view .LVU882
1049:platform/HAL/src/stm32g4xx_hal_spi.c ****   hspi->TxXferSize  = 0U;
 2590              		.loc 1 1049 21 is_stmt 0 view .LVU883
 2591 0060 A363     		str	r3, [r4, #56]
1050:platform/HAL/src/stm32g4xx_hal_spi.c ****   hspi->TxXferCount = 0U;
 2592              		.loc 1 1050 3 is_stmt 1 view .LVU884
1050:platform/HAL/src/stm32g4xx_hal_spi.c ****   hspi->TxXferCount = 0U;
 2593              		.loc 1 1050 21 is_stmt 0 view .LVU885
 2594 0062 A387     		strh	r3, [r4, #60]	@ movhi
1051:platform/HAL/src/stm32g4xx_hal_spi.c ****   hspi->RxISR       = NULL;
 2595              		.loc 1 1051 3 is_stmt 1 view .LVU886
1051:platform/HAL/src/stm32g4xx_hal_spi.c ****   hspi->RxISR       = NULL;
 2596              		.loc 1 1051 21 is_stmt 0 view .LVU887
 2597 0064 E387     		strh	r3, [r4, #62]	@ movhi
1052:platform/HAL/src/stm32g4xx_hal_spi.c ****   hspi->TxISR       = NULL;
 2598              		.loc 1 1052 3 is_stmt 1 view .LVU888
1052:platform/HAL/src/stm32g4xx_hal_spi.c ****   hspi->TxISR       = NULL;
 2599              		.loc 1 1052 21 is_stmt 0 view .LVU889
 2600 0066 E364     		str	r3, [r4, #76]
1053:platform/HAL/src/stm32g4xx_hal_spi.c **** 
 2601              		.loc 1 1053 3 is_stmt 1 view .LVU890
1053:platform/HAL/src/stm32g4xx_hal_spi.c **** 
 2602              		.loc 1 1053 21 is_stmt 0 view .LVU891
 2603 0068 2365     		str	r3, [r4, #80]
1066:platform/HAL/src/stm32g4xx_hal_spi.c ****   {
 2604              		.loc 1 1066 3 is_stmt 1 view .LVU892
1066:platform/HAL/src/stm32g4xx_hal_spi.c ****   {
ARM GAS  /tmp/ccMpXq91.s 			page 137


 2605              		.loc 1 1066 17 is_stmt 0 view .LVU893
 2606 006a E368     		ldr	r3, [r4, #12]
1066:platform/HAL/src/stm32g4xx_hal_spi.c ****   {
 2607              		.loc 1 1066 6 view .LVU894
 2608 006c B3F5E06F 		cmp	r3, #1792
 2609 0070 20D9     		bls	.L180
1069:platform/HAL/src/stm32g4xx_hal_spi.c ****   }
 2610              		.loc 1 1069 5 is_stmt 1 view .LVU895
 2611 0072 2268     		ldr	r2, [r4]
 2612 0074 5368     		ldr	r3, [r2, #4]
 2613 0076 23F48053 		bic	r3, r3, #4096
 2614 007a 5360     		str	r3, [r2, #4]
 2615              	.L181:
1078:platform/HAL/src/stm32g4xx_hal_spi.c ****   {
 2616              		.loc 1 1078 3 view .LVU896
1078:platform/HAL/src/stm32g4xx_hal_spi.c ****   {
 2617              		.loc 1 1078 17 is_stmt 0 view .LVU897
 2618 007c A368     		ldr	r3, [r4, #8]
1078:platform/HAL/src/stm32g4xx_hal_spi.c ****   {
 2619              		.loc 1 1078 6 view .LVU898
 2620 007e B3F5004F 		cmp	r3, #32768
 2621 0082 1DD0     		beq	.L203
 2622              	.L182:
1086:platform/HAL/src/stm32g4xx_hal_spi.c ****   {
 2623              		.loc 1 1086 3 is_stmt 1 view .LVU899
1086:platform/HAL/src/stm32g4xx_hal_spi.c ****   {
 2624              		.loc 1 1086 12 is_stmt 0 view .LVU900
 2625 0084 2368     		ldr	r3, [r4]
1086:platform/HAL/src/stm32g4xx_hal_spi.c ****   {
 2626              		.loc 1 1086 22 view .LVU901
 2627 0086 1A68     		ldr	r2, [r3]
1086:platform/HAL/src/stm32g4xx_hal_spi.c ****   {
 2628              		.loc 1 1086 6 view .LVU902
 2629 0088 12F0400F 		tst	r2, #64
 2630 008c 03D1     		bne	.L183
1089:platform/HAL/src/stm32g4xx_hal_spi.c ****   }
 2631              		.loc 1 1089 5 is_stmt 1 view .LVU903
 2632 008e 1A68     		ldr	r2, [r3]
 2633 0090 42F04002 		orr	r2, r2, #64
 2634 0094 1A60     		str	r2, [r3]
 2635              	.L183:
1093:platform/HAL/src/stm32g4xx_hal_spi.c ****   {
 2636              		.loc 1 1093 3 view .LVU904
1093:platform/HAL/src/stm32g4xx_hal_spi.c ****   {
 2637              		.loc 1 1093 17 is_stmt 0 view .LVU905
 2638 0096 E368     		ldr	r3, [r4, #12]
1093:platform/HAL/src/stm32g4xx_hal_spi.c ****   {
 2639              		.loc 1 1093 6 view .LVU906
 2640 0098 B3F5E06F 		cmp	r3, #1792
 2641 009c 24D9     		bls	.L184
 2642 009e 4CE0     		b	.L185
 2643              	.LVL136:
 2644              	.L202:
1030:platform/HAL/src/stm32g4xx_hal_spi.c ****     /* Call transmit-receive function to send Dummy data on Tx line and generate clock on CLK line 
 2645              		.loc 1 1030 5 is_stmt 1 view .LVU907
1030:platform/HAL/src/stm32g4xx_hal_spi.c ****     /* Call transmit-receive function to send Dummy data on Tx line and generate clock on CLK line 
 2646              		.loc 1 1030 17 is_stmt 0 view .LVU908
ARM GAS  /tmp/ccMpXq91.s 			page 138


 2647 00a0 0423     		movs	r3, #4
 2648 00a2 80F85D30 		strb	r3, [r0, #93]
1032:platform/HAL/src/stm32g4xx_hal_spi.c ****   }
 2649              		.loc 1 1032 5 is_stmt 1 view .LVU909
1032:platform/HAL/src/stm32g4xx_hal_spi.c ****   }
 2650              		.loc 1 1032 12 is_stmt 0 view .LVU910
 2651 00a6 0095     		str	r5, [sp]
 2652 00a8 1346     		mov	r3, r2
 2653 00aa 0A46     		mov	r2, r1
 2654              	.LVL137:
1032:platform/HAL/src/stm32g4xx_hal_spi.c ****   }
 2655              		.loc 1 1032 12 view .LVU911
 2656 00ac FFF7FEFF 		bl	HAL_SPI_TransmitReceive
 2657              	.LVL138:
1032:platform/HAL/src/stm32g4xx_hal_spi.c ****   }
 2658              		.loc 1 1032 12 view .LVU912
 2659 00b0 0746     		mov	r7, r0
 2660 00b2 77E0     		b	.L178
 2661              	.LVL139:
 2662              	.L180:
1074:platform/HAL/src/stm32g4xx_hal_spi.c ****   }
 2663              		.loc 1 1074 5 is_stmt 1 view .LVU913
 2664 00b4 2268     		ldr	r2, [r4]
 2665 00b6 5368     		ldr	r3, [r2, #4]
 2666 00b8 43F48053 		orr	r3, r3, #4096
 2667 00bc 5360     		str	r3, [r2, #4]
 2668 00be DDE7     		b	.L181
 2669              	.L203:
1081:platform/HAL/src/stm32g4xx_hal_spi.c ****     SPI_1LINE_RX(hspi);
 2670              		.loc 1 1081 5 view .LVU914
 2671 00c0 2268     		ldr	r2, [r4]
 2672 00c2 1368     		ldr	r3, [r2]
 2673 00c4 23F04003 		bic	r3, r3, #64
 2674 00c8 1360     		str	r3, [r2]
1082:platform/HAL/src/stm32g4xx_hal_spi.c ****   }
 2675              		.loc 1 1082 5 view .LVU915
 2676 00ca 2268     		ldr	r2, [r4]
 2677 00cc 1368     		ldr	r3, [r2]
 2678 00ce 23F48043 		bic	r3, r3, #16384
 2679 00d2 1360     		str	r3, [r2]
 2680 00d4 D6E7     		b	.L182
 2681              	.LVL140:
 2682              	.L186:
1109:platform/HAL/src/stm32g4xx_hal_spi.c ****         {
 2683              		.loc 1 1109 9 view .LVU916
1109:platform/HAL/src/stm32g4xx_hal_spi.c ****         {
 2684              		.loc 1 1109 16 is_stmt 0 view .LVU917
 2685 00d6 FFF7FEFF 		bl	HAL_GetTick
 2686              	.LVL141:
1109:platform/HAL/src/stm32g4xx_hal_spi.c ****         {
 2687              		.loc 1 1109 30 discriminator 1 view .LVU918
 2688 00da 801B     		subs	r0, r0, r6
1109:platform/HAL/src/stm32g4xx_hal_spi.c ****         {
 2689              		.loc 1 1109 12 discriminator 1 view .LVU919
 2690 00dc A842     		cmp	r0, r5
 2691 00de 02D3     		bcc	.L188
1109:platform/HAL/src/stm32g4xx_hal_spi.c ****         {
ARM GAS  /tmp/ccMpXq91.s 			page 139


 2692              		.loc 1 1109 56 discriminator 1 view .LVU920
 2693 00e0 B5F1FF3F 		cmp	r5, #-1
 2694 00e4 18D1     		bne	.L189
 2695              	.L188:
1109:platform/HAL/src/stm32g4xx_hal_spi.c ****         {
 2696              		.loc 1 1109 87 discriminator 3 view .LVU921
 2697 00e6 BDB1     		cbz	r5, .L189
 2698              	.L184:
1096:platform/HAL/src/stm32g4xx_hal_spi.c ****     {
 2699              		.loc 1 1096 30 is_stmt 1 view .LVU922
1096:platform/HAL/src/stm32g4xx_hal_spi.c ****     {
 2700              		.loc 1 1096 16 is_stmt 0 view .LVU923
 2701 00e8 B4F84630 		ldrh	r3, [r4, #70]
 2702 00ec 9BB2     		uxth	r3, r3
1096:platform/HAL/src/stm32g4xx_hal_spi.c ****     {
 2703              		.loc 1 1096 30 view .LVU924
 2704 00ee 002B     		cmp	r3, #0
 2705 00f0 45D0     		beq	.L191
1099:platform/HAL/src/stm32g4xx_hal_spi.c ****       {
 2706              		.loc 1 1099 7 is_stmt 1 view .LVU925
1099:platform/HAL/src/stm32g4xx_hal_spi.c ****       {
 2707              		.loc 1 1099 11 is_stmt 0 view .LVU926
 2708 00f2 2368     		ldr	r3, [r4]
 2709 00f4 9A68     		ldr	r2, [r3, #8]
1099:platform/HAL/src/stm32g4xx_hal_spi.c ****       {
 2710              		.loc 1 1099 10 view .LVU927
 2711 00f6 12F0010F 		tst	r2, #1
 2712 00fa ECD0     		beq	.L186
1102:platform/HAL/src/stm32g4xx_hal_spi.c ****         hspi->pRxBuffPtr += sizeof(uint8_t);
 2713              		.loc 1 1102 9 is_stmt 1 view .LVU928
1102:platform/HAL/src/stm32g4xx_hal_spi.c ****         hspi->pRxBuffPtr += sizeof(uint8_t);
 2714              		.loc 1 1102 27 is_stmt 0 view .LVU929
 2715 00fc 226C     		ldr	r2, [r4, #64]
1102:platform/HAL/src/stm32g4xx_hal_spi.c ****         hspi->pRxBuffPtr += sizeof(uint8_t);
 2716              		.loc 1 1102 43 view .LVU930
 2717 00fe 1B7B     		ldrb	r3, [r3, #12]	@ zero_extendqisi2
1102:platform/HAL/src/stm32g4xx_hal_spi.c ****         hspi->pRxBuffPtr += sizeof(uint8_t);
 2718              		.loc 1 1102 41 view .LVU931
 2719 0100 1370     		strb	r3, [r2]
1103:platform/HAL/src/stm32g4xx_hal_spi.c ****         hspi->RxXferCount--;
 2720              		.loc 1 1103 9 is_stmt 1 view .LVU932
1103:platform/HAL/src/stm32g4xx_hal_spi.c ****         hspi->RxXferCount--;
 2721              		.loc 1 1103 13 is_stmt 0 view .LVU933
 2722 0102 236C     		ldr	r3, [r4, #64]
1103:platform/HAL/src/stm32g4xx_hal_spi.c ****         hspi->RxXferCount--;
 2723              		.loc 1 1103 26 view .LVU934
 2724 0104 0133     		adds	r3, r3, #1
 2725 0106 2364     		str	r3, [r4, #64]
1104:platform/HAL/src/stm32g4xx_hal_spi.c ****       }
 2726              		.loc 1 1104 9 is_stmt 1 view .LVU935
1104:platform/HAL/src/stm32g4xx_hal_spi.c ****       }
 2727              		.loc 1 1104 13 is_stmt 0 view .LVU936
 2728 0108 B4F84630 		ldrh	r3, [r4, #70]
 2729 010c 9BB2     		uxth	r3, r3
1104:platform/HAL/src/stm32g4xx_hal_spi.c ****       }
 2730              		.loc 1 1104 26 view .LVU937
 2731 010e 013B     		subs	r3, r3, #1
ARM GAS  /tmp/ccMpXq91.s 			page 140


 2732 0110 9BB2     		uxth	r3, r3
 2733 0112 A4F84630 		strh	r3, [r4, #70]	@ movhi
 2734 0116 E7E7     		b	.L184
 2735              	.L189:
1111:platform/HAL/src/stm32g4xx_hal_spi.c ****           __HAL_UNLOCK(hspi);
 2736              		.loc 1 1111 11 is_stmt 1 view .LVU938
1111:platform/HAL/src/stm32g4xx_hal_spi.c ****           __HAL_UNLOCK(hspi);
 2737              		.loc 1 1111 23 is_stmt 0 view .LVU939
 2738 0118 0123     		movs	r3, #1
 2739 011a 84F85D30 		strb	r3, [r4, #93]
1112:platform/HAL/src/stm32g4xx_hal_spi.c ****           return HAL_TIMEOUT;
 2740              		.loc 1 1112 11 is_stmt 1 view .LVU940
1112:platform/HAL/src/stm32g4xx_hal_spi.c ****           return HAL_TIMEOUT;
 2741              		.loc 1 1112 11 view .LVU941
 2742 011e 0023     		movs	r3, #0
 2743 0120 84F85C30 		strb	r3, [r4, #92]
1112:platform/HAL/src/stm32g4xx_hal_spi.c ****           return HAL_TIMEOUT;
 2744              		.loc 1 1112 11 view .LVU942
1113:platform/HAL/src/stm32g4xx_hal_spi.c ****         }
 2745              		.loc 1 1113 11 view .LVU943
1113:platform/HAL/src/stm32g4xx_hal_spi.c ****         }
 2746              		.loc 1 1113 18 is_stmt 0 view .LVU944
 2747 0124 0327     		movs	r7, #3
 2748 0126 3DE0     		b	.L178
 2749              	.L192:
1133:platform/HAL/src/stm32g4xx_hal_spi.c ****         {
 2750              		.loc 1 1133 9 is_stmt 1 view .LVU945
1133:platform/HAL/src/stm32g4xx_hal_spi.c ****         {
 2751              		.loc 1 1133 16 is_stmt 0 view .LVU946
 2752 0128 FFF7FEFF 		bl	HAL_GetTick
 2753              	.LVL142:
1133:platform/HAL/src/stm32g4xx_hal_spi.c ****         {
 2754              		.loc 1 1133 30 discriminator 1 view .LVU947
 2755 012c 801B     		subs	r0, r0, r6
1133:platform/HAL/src/stm32g4xx_hal_spi.c ****         {
 2756              		.loc 1 1133 12 discriminator 1 view .LVU948
 2757 012e A842     		cmp	r0, r5
 2758 0130 02D3     		bcc	.L194
1133:platform/HAL/src/stm32g4xx_hal_spi.c ****         {
 2759              		.loc 1 1133 56 discriminator 1 view .LVU949
 2760 0132 B5F1FF3F 		cmp	r5, #-1
 2761 0136 1AD1     		bne	.L195
 2762              	.L194:
1133:platform/HAL/src/stm32g4xx_hal_spi.c ****         {
 2763              		.loc 1 1133 87 discriminator 3 view .LVU950
 2764 0138 CDB1     		cbz	r5, .L195
 2765              	.L185:
1121:platform/HAL/src/stm32g4xx_hal_spi.c ****     {
 2766              		.loc 1 1121 30 is_stmt 1 view .LVU951
1121:platform/HAL/src/stm32g4xx_hal_spi.c ****     {
 2767              		.loc 1 1121 16 is_stmt 0 view .LVU952
 2768 013a B4F84630 		ldrh	r3, [r4, #70]
 2769 013e 9BB2     		uxth	r3, r3
1121:platform/HAL/src/stm32g4xx_hal_spi.c ****     {
 2770              		.loc 1 1121 30 view .LVU953
 2771 0140 EBB1     		cbz	r3, .L191
1124:platform/HAL/src/stm32g4xx_hal_spi.c ****       {
ARM GAS  /tmp/ccMpXq91.s 			page 141


 2772              		.loc 1 1124 7 is_stmt 1 view .LVU954
1124:platform/HAL/src/stm32g4xx_hal_spi.c ****       {
 2773              		.loc 1 1124 11 is_stmt 0 view .LVU955
 2774 0142 2368     		ldr	r3, [r4]
 2775 0144 9A68     		ldr	r2, [r3, #8]
1124:platform/HAL/src/stm32g4xx_hal_spi.c ****       {
 2776              		.loc 1 1124 10 view .LVU956
 2777 0146 12F0010F 		tst	r2, #1
 2778 014a EDD0     		beq	.L192
1126:platform/HAL/src/stm32g4xx_hal_spi.c ****         hspi->pRxBuffPtr += sizeof(uint16_t);
 2779              		.loc 1 1126 9 is_stmt 1 view .LVU957
1126:platform/HAL/src/stm32g4xx_hal_spi.c ****         hspi->pRxBuffPtr += sizeof(uint16_t);
 2780              		.loc 1 1126 67 is_stmt 0 view .LVU958
 2781 014c DA68     		ldr	r2, [r3, #12]
1126:platform/HAL/src/stm32g4xx_hal_spi.c ****         hspi->pRxBuffPtr += sizeof(uint16_t);
 2782              		.loc 1 1126 27 view .LVU959
 2783 014e 236C     		ldr	r3, [r4, #64]
1126:platform/HAL/src/stm32g4xx_hal_spi.c ****         hspi->pRxBuffPtr += sizeof(uint16_t);
 2784              		.loc 1 1126 41 view .LVU960
 2785 0150 1A80     		strh	r2, [r3]	@ movhi
1127:platform/HAL/src/stm32g4xx_hal_spi.c ****         hspi->RxXferCount--;
 2786              		.loc 1 1127 9 is_stmt 1 view .LVU961
1127:platform/HAL/src/stm32g4xx_hal_spi.c ****         hspi->RxXferCount--;
 2787              		.loc 1 1127 13 is_stmt 0 view .LVU962
 2788 0152 236C     		ldr	r3, [r4, #64]
1127:platform/HAL/src/stm32g4xx_hal_spi.c ****         hspi->RxXferCount--;
 2789              		.loc 1 1127 26 view .LVU963
 2790 0154 0233     		adds	r3, r3, #2
 2791 0156 2364     		str	r3, [r4, #64]
1128:platform/HAL/src/stm32g4xx_hal_spi.c ****       }
 2792              		.loc 1 1128 9 is_stmt 1 view .LVU964
1128:platform/HAL/src/stm32g4xx_hal_spi.c ****       }
 2793              		.loc 1 1128 13 is_stmt 0 view .LVU965
 2794 0158 B4F846C0 		ldrh	ip, [r4, #70]
 2795 015c 1FFA8CFC 		uxth	ip, ip
1128:platform/HAL/src/stm32g4xx_hal_spi.c ****       }
 2796              		.loc 1 1128 26 view .LVU966
 2797 0160 0CF1FF3C 		add	ip, ip, #-1
 2798 0164 1FFA8CFC 		uxth	ip, ip
 2799 0168 A4F846C0 		strh	ip, [r4, #70]	@ movhi
 2800 016c E5E7     		b	.L185
 2801              	.L195:
1135:platform/HAL/src/stm32g4xx_hal_spi.c ****           __HAL_UNLOCK(hspi);
 2802              		.loc 1 1135 11 is_stmt 1 view .LVU967
1135:platform/HAL/src/stm32g4xx_hal_spi.c ****           __HAL_UNLOCK(hspi);
 2803              		.loc 1 1135 23 is_stmt 0 view .LVU968
 2804 016e 0123     		movs	r3, #1
 2805 0170 84F85D30 		strb	r3, [r4, #93]
1136:platform/HAL/src/stm32g4xx_hal_spi.c ****           return HAL_TIMEOUT;
 2806              		.loc 1 1136 11 is_stmt 1 view .LVU969
1136:platform/HAL/src/stm32g4xx_hal_spi.c ****           return HAL_TIMEOUT;
 2807              		.loc 1 1136 11 view .LVU970
 2808 0174 0023     		movs	r3, #0
 2809 0176 84F85C30 		strb	r3, [r4, #92]
1136:platform/HAL/src/stm32g4xx_hal_spi.c ****           return HAL_TIMEOUT;
 2810              		.loc 1 1136 11 view .LVU971
1137:platform/HAL/src/stm32g4xx_hal_spi.c ****         }
ARM GAS  /tmp/ccMpXq91.s 			page 142


 2811              		.loc 1 1137 11 view .LVU972
1137:platform/HAL/src/stm32g4xx_hal_spi.c ****         }
 2812              		.loc 1 1137 18 is_stmt 0 view .LVU973
 2813 017a 0327     		movs	r7, #3
 2814 017c 12E0     		b	.L178
 2815              	.L191:
1215:platform/HAL/src/stm32g4xx_hal_spi.c ****   {
 2816              		.loc 1 1215 3 is_stmt 1 view .LVU974
1215:platform/HAL/src/stm32g4xx_hal_spi.c ****   {
 2817              		.loc 1 1215 7 is_stmt 0 view .LVU975
 2818 017e 3246     		mov	r2, r6
 2819 0180 2946     		mov	r1, r5
 2820 0182 2046     		mov	r0, r4
 2821 0184 FFF7FEFF 		bl	SPI_EndRxTransaction
 2822              	.LVL143:
1215:platform/HAL/src/stm32g4xx_hal_spi.c ****   {
 2823              		.loc 1 1215 6 discriminator 1 view .LVU976
 2824 0188 08B1     		cbz	r0, .L197
1217:platform/HAL/src/stm32g4xx_hal_spi.c ****   }
 2825              		.loc 1 1217 5 is_stmt 1 view .LVU977
1217:platform/HAL/src/stm32g4xx_hal_spi.c ****   }
 2826              		.loc 1 1217 21 is_stmt 0 view .LVU978
 2827 018a 2023     		movs	r3, #32
 2828 018c 2366     		str	r3, [r4, #96]
 2829              	.L197:
1229:platform/HAL/src/stm32g4xx_hal_spi.c ****   /* Unlock the process */
 2830              		.loc 1 1229 3 is_stmt 1 view .LVU979
1229:platform/HAL/src/stm32g4xx_hal_spi.c ****   /* Unlock the process */
 2831              		.loc 1 1229 15 is_stmt 0 view .LVU980
 2832 018e 0123     		movs	r3, #1
 2833 0190 84F85D30 		strb	r3, [r4, #93]
1231:platform/HAL/src/stm32g4xx_hal_spi.c ****   if (hspi->ErrorCode != HAL_SPI_ERROR_NONE)
 2834              		.loc 1 1231 3 is_stmt 1 view .LVU981
1231:platform/HAL/src/stm32g4xx_hal_spi.c ****   if (hspi->ErrorCode != HAL_SPI_ERROR_NONE)
 2835              		.loc 1 1231 3 view .LVU982
 2836 0194 0023     		movs	r3, #0
 2837 0196 84F85C30 		strb	r3, [r4, #92]
1231:platform/HAL/src/stm32g4xx_hal_spi.c ****   if (hspi->ErrorCode != HAL_SPI_ERROR_NONE)
 2838              		.loc 1 1231 3 view .LVU983
1232:platform/HAL/src/stm32g4xx_hal_spi.c ****   {
 2839              		.loc 1 1232 3 view .LVU984
1232:platform/HAL/src/stm32g4xx_hal_spi.c ****   {
 2840              		.loc 1 1232 11 is_stmt 0 view .LVU985
 2841 019a 236E     		ldr	r3, [r4, #96]
1232:platform/HAL/src/stm32g4xx_hal_spi.c ****   {
 2842              		.loc 1 1232 6 view .LVU986
 2843 019c 13B9     		cbnz	r3, .L178
1238:platform/HAL/src/stm32g4xx_hal_spi.c ****   }
 2844              		.loc 1 1238 12 view .LVU987
 2845 019e 0027     		movs	r7, #0
 2846 01a0 00E0     		b	.L178
 2847              	.LVL144:
 2848              	.L198:
1020:platform/HAL/src/stm32g4xx_hal_spi.c ****   }
 2849              		.loc 1 1020 12 view .LVU988
 2850 01a2 0227     		movs	r7, #2
 2851              	.LVL145:
ARM GAS  /tmp/ccMpXq91.s 			page 143


 2852              	.L178:
1240:platform/HAL/src/stm32g4xx_hal_spi.c **** 
 2853              		.loc 1 1240 1 view .LVU989
 2854 01a4 3846     		mov	r0, r7
 2855 01a6 03B0     		add	sp, sp, #12
 2856              	.LCFI31:
 2857              		.cfi_remember_state
 2858              		.cfi_def_cfa_offset 28
 2859              		@ sp needed
 2860 01a8 BDE8F083 		pop	{r4, r5, r6, r7, r8, r9, pc}
 2861              	.LVL146:
 2862              	.L199:
 2863              	.LCFI32:
 2864              		.cfi_restore_state
1039:platform/HAL/src/stm32g4xx_hal_spi.c **** 
 2865              		.loc 1 1039 3 discriminator 1 view .LVU990
 2866 01ac 0227     		movs	r7, #2
 2867 01ae F9E7     		b	.L178
 2868              		.cfi_endproc
 2869              	.LFE334:
 2871              		.section	.text.HAL_SPI_Transmit_IT,"ax",%progbits
 2872              		.align	1
 2873              		.global	HAL_SPI_Transmit_IT
 2874              		.syntax unified
 2875              		.thumb
 2876              		.thumb_func
 2878              	HAL_SPI_Transmit_IT:
 2879              	.LVL147:
 2880              	.LFB336:
1601:platform/HAL/src/stm32g4xx_hal_spi.c **** 
 2881              		.loc 1 1601 1 is_stmt 1 view -0
 2882              		.cfi_startproc
 2883              		@ args = 0, pretend = 0, frame = 0
 2884              		@ frame_needed = 0, uses_anonymous_args = 0
 2885              		@ link register save eliminated.
1604:platform/HAL/src/stm32g4xx_hal_spi.c **** 
 2886              		.loc 1 1604 3 view .LVU992
1607:platform/HAL/src/stm32g4xx_hal_spi.c ****   {
 2887              		.loc 1 1607 3 view .LVU993
1607:platform/HAL/src/stm32g4xx_hal_spi.c ****   {
 2888              		.loc 1 1607 6 is_stmt 0 view .LVU994
 2889 0000 0029     		cmp	r1, #0
 2890 0002 48D0     		beq	.L210
1601:platform/HAL/src/stm32g4xx_hal_spi.c **** 
 2891              		.loc 1 1601 1 view .LVU995
 2892 0004 10B4     		push	{r4}
 2893              	.LCFI33:
 2894              		.cfi_def_cfa_offset 4
 2895              		.cfi_offset 4, -4
1607:platform/HAL/src/stm32g4xx_hal_spi.c ****   {
 2896              		.loc 1 1607 23 discriminator 1 view .LVU996
 2897 0006 002A     		cmp	r2, #0
 2898 0008 47D0     		beq	.L211
1612:platform/HAL/src/stm32g4xx_hal_spi.c ****   {
 2899              		.loc 1 1612 3 is_stmt 1 view .LVU997
1612:platform/HAL/src/stm32g4xx_hal_spi.c ****   {
 2900              		.loc 1 1612 11 is_stmt 0 view .LVU998
ARM GAS  /tmp/ccMpXq91.s 			page 144


 2901 000a 90F85D30 		ldrb	r3, [r0, #93]	@ zero_extendqisi2
1612:platform/HAL/src/stm32g4xx_hal_spi.c ****   {
 2902              		.loc 1 1612 6 view .LVU999
 2903 000e 012B     		cmp	r3, #1
 2904 0010 45D1     		bne	.L212
1618:platform/HAL/src/stm32g4xx_hal_spi.c **** 
 2905              		.loc 1 1618 3 is_stmt 1 view .LVU1000
1618:platform/HAL/src/stm32g4xx_hal_spi.c **** 
 2906              		.loc 1 1618 3 view .LVU1001
 2907 0012 90F85C30 		ldrb	r3, [r0, #92]	@ zero_extendqisi2
 2908 0016 012B     		cmp	r3, #1
 2909 0018 43D0     		beq	.L213
1618:platform/HAL/src/stm32g4xx_hal_spi.c **** 
 2910              		.loc 1 1618 3 discriminator 2 view .LVU1002
 2911 001a 0123     		movs	r3, #1
 2912 001c 80F85C30 		strb	r3, [r0, #92]
1618:platform/HAL/src/stm32g4xx_hal_spi.c **** 
 2913              		.loc 1 1618 3 view .LVU1003
1621:platform/HAL/src/stm32g4xx_hal_spi.c ****   hspi->ErrorCode   = HAL_SPI_ERROR_NONE;
 2914              		.loc 1 1621 3 view .LVU1004
1621:platform/HAL/src/stm32g4xx_hal_spi.c ****   hspi->ErrorCode   = HAL_SPI_ERROR_NONE;
 2915              		.loc 1 1621 21 is_stmt 0 view .LVU1005
 2916 0020 0323     		movs	r3, #3
 2917 0022 80F85D30 		strb	r3, [r0, #93]
1622:platform/HAL/src/stm32g4xx_hal_spi.c ****   hspi->pTxBuffPtr  = (const uint8_t *)pData;
 2918              		.loc 1 1622 3 is_stmt 1 view .LVU1006
1622:platform/HAL/src/stm32g4xx_hal_spi.c ****   hspi->pTxBuffPtr  = (const uint8_t *)pData;
 2919              		.loc 1 1622 21 is_stmt 0 view .LVU1007
 2920 0026 0023     		movs	r3, #0
 2921 0028 0366     		str	r3, [r0, #96]
1623:platform/HAL/src/stm32g4xx_hal_spi.c ****   hspi->TxXferSize  = Size;
 2922              		.loc 1 1623 3 is_stmt 1 view .LVU1008
1623:platform/HAL/src/stm32g4xx_hal_spi.c ****   hspi->TxXferSize  = Size;
 2923              		.loc 1 1623 21 is_stmt 0 view .LVU1009
 2924 002a 8163     		str	r1, [r0, #56]
1624:platform/HAL/src/stm32g4xx_hal_spi.c ****   hspi->TxXferCount = Size;
 2925              		.loc 1 1624 3 is_stmt 1 view .LVU1010
1624:platform/HAL/src/stm32g4xx_hal_spi.c ****   hspi->TxXferCount = Size;
 2926              		.loc 1 1624 21 is_stmt 0 view .LVU1011
 2927 002c 8287     		strh	r2, [r0, #60]	@ movhi
1625:platform/HAL/src/stm32g4xx_hal_spi.c **** 
 2928              		.loc 1 1625 3 is_stmt 1 view .LVU1012
1625:platform/HAL/src/stm32g4xx_hal_spi.c **** 
 2929              		.loc 1 1625 21 is_stmt 0 view .LVU1013
 2930 002e C287     		strh	r2, [r0, #62]	@ movhi
1628:platform/HAL/src/stm32g4xx_hal_spi.c ****   hspi->RxXferSize  = 0U;
 2931              		.loc 1 1628 3 is_stmt 1 view .LVU1014
1628:platform/HAL/src/stm32g4xx_hal_spi.c ****   hspi->RxXferSize  = 0U;
 2932              		.loc 1 1628 21 is_stmt 0 view .LVU1015
 2933 0030 0364     		str	r3, [r0, #64]
1629:platform/HAL/src/stm32g4xx_hal_spi.c ****   hspi->RxXferCount = 0U;
 2934              		.loc 1 1629 3 is_stmt 1 view .LVU1016
1629:platform/HAL/src/stm32g4xx_hal_spi.c ****   hspi->RxXferCount = 0U;
 2935              		.loc 1 1629 21 is_stmt 0 view .LVU1017
 2936 0032 A0F84430 		strh	r3, [r0, #68]	@ movhi
1630:platform/HAL/src/stm32g4xx_hal_spi.c ****   hspi->RxISR       = NULL;
 2937              		.loc 1 1630 3 is_stmt 1 view .LVU1018
ARM GAS  /tmp/ccMpXq91.s 			page 145


1630:platform/HAL/src/stm32g4xx_hal_spi.c ****   hspi->RxISR       = NULL;
 2938              		.loc 1 1630 21 is_stmt 0 view .LVU1019
 2939 0036 A0F84630 		strh	r3, [r0, #70]	@ movhi
1631:platform/HAL/src/stm32g4xx_hal_spi.c **** 
 2940              		.loc 1 1631 3 is_stmt 1 view .LVU1020
1631:platform/HAL/src/stm32g4xx_hal_spi.c **** 
 2941              		.loc 1 1631 21 is_stmt 0 view .LVU1021
 2942 003a C364     		str	r3, [r0, #76]
1634:platform/HAL/src/stm32g4xx_hal_spi.c ****   {
 2943              		.loc 1 1634 3 is_stmt 1 view .LVU1022
1634:platform/HAL/src/stm32g4xx_hal_spi.c ****   {
 2944              		.loc 1 1634 17 is_stmt 0 view .LVU1023
 2945 003c C368     		ldr	r3, [r0, #12]
1634:platform/HAL/src/stm32g4xx_hal_spi.c ****   {
 2946              		.loc 1 1634 6 view .LVU1024
 2947 003e B3F5E06F 		cmp	r3, #1792
 2948 0042 1AD9     		bls	.L206
1636:platform/HAL/src/stm32g4xx_hal_spi.c ****   }
 2949              		.loc 1 1636 5 is_stmt 1 view .LVU1025
1636:platform/HAL/src/stm32g4xx_hal_spi.c ****   }
 2950              		.loc 1 1636 17 is_stmt 0 view .LVU1026
 2951 0044 184B     		ldr	r3, .L219
 2952 0046 0365     		str	r3, [r0, #80]
 2953              	.L207:
1644:platform/HAL/src/stm32g4xx_hal_spi.c ****   {
 2954              		.loc 1 1644 3 is_stmt 1 view .LVU1027
1644:platform/HAL/src/stm32g4xx_hal_spi.c ****   {
 2955              		.loc 1 1644 17 is_stmt 0 view .LVU1028
 2956 0048 8368     		ldr	r3, [r0, #8]
1644:platform/HAL/src/stm32g4xx_hal_spi.c ****   {
 2957              		.loc 1 1644 6 view .LVU1029
 2958 004a B3F5004F 		cmp	r3, #32768
 2959 004e 17D0     		beq	.L218
 2960              	.LVL148:
 2961              	.L208:
1660:platform/HAL/src/stm32g4xx_hal_spi.c ****   {
 2962              		.loc 1 1660 3 is_stmt 1 view .LVU1030
1660:platform/HAL/src/stm32g4xx_hal_spi.c ****   {
 2963              		.loc 1 1660 12 is_stmt 0 view .LVU1031
 2964 0050 0368     		ldr	r3, [r0]
1660:platform/HAL/src/stm32g4xx_hal_spi.c ****   {
 2965              		.loc 1 1660 22 view .LVU1032
 2966 0052 1A68     		ldr	r2, [r3]
1660:platform/HAL/src/stm32g4xx_hal_spi.c ****   {
 2967              		.loc 1 1660 6 view .LVU1033
 2968 0054 12F0400F 		tst	r2, #64
 2969 0058 03D1     		bne	.L209
1663:platform/HAL/src/stm32g4xx_hal_spi.c ****   }
 2970              		.loc 1 1663 5 is_stmt 1 view .LVU1034
 2971 005a 1A68     		ldr	r2, [r3]
 2972 005c 42F04002 		orr	r2, r2, #64
 2973 0060 1A60     		str	r2, [r3]
 2974              	.L209:
1667:platform/HAL/src/stm32g4xx_hal_spi.c ****   /* Enable TXE and ERR interrupt */
 2975              		.loc 1 1667 3 view .LVU1035
1667:platform/HAL/src/stm32g4xx_hal_spi.c ****   /* Enable TXE and ERR interrupt */
 2976              		.loc 1 1667 3 view .LVU1036
ARM GAS  /tmp/ccMpXq91.s 			page 146


 2977 0062 0023     		movs	r3, #0
 2978 0064 80F85C30 		strb	r3, [r0, #92]
1667:platform/HAL/src/stm32g4xx_hal_spi.c ****   /* Enable TXE and ERR interrupt */
 2979              		.loc 1 1667 3 view .LVU1037
1669:platform/HAL/src/stm32g4xx_hal_spi.c **** 
 2980              		.loc 1 1669 3 view .LVU1038
 2981 0068 0168     		ldr	r1, [r0]
 2982              	.LVL149:
1669:platform/HAL/src/stm32g4xx_hal_spi.c **** 
 2983              		.loc 1 1669 3 is_stmt 0 view .LVU1039
 2984 006a 4A68     		ldr	r2, [r1, #4]
 2985 006c 42F0A002 		orr	r2, r2, #160
 2986 0070 4A60     		str	r2, [r1, #4]
1671:platform/HAL/src/stm32g4xx_hal_spi.c **** }
 2987              		.loc 1 1671 3 is_stmt 1 view .LVU1040
1671:platform/HAL/src/stm32g4xx_hal_spi.c **** }
 2988              		.loc 1 1671 10 is_stmt 0 view .LVU1041
 2989 0072 1846     		mov	r0, r3
 2990              	.LVL150:
 2991              	.L205:
1672:platform/HAL/src/stm32g4xx_hal_spi.c **** 
 2992              		.loc 1 1672 1 view .LVU1042
 2993 0074 5DF8044B 		ldr	r4, [sp], #4
 2994              	.LCFI34:
 2995              		.cfi_remember_state
 2996              		.cfi_restore 4
 2997              		.cfi_def_cfa_offset 0
 2998 0078 7047     		bx	lr
 2999              	.LVL151:
 3000              	.L206:
 3001              	.LCFI35:
 3002              		.cfi_restore_state
1640:platform/HAL/src/stm32g4xx_hal_spi.c ****   }
 3003              		.loc 1 1640 5 is_stmt 1 view .LVU1043
1640:platform/HAL/src/stm32g4xx_hal_spi.c ****   }
 3004              		.loc 1 1640 17 is_stmt 0 view .LVU1044
 3005 007a 0C4B     		ldr	r3, .L219+4
 3006 007c 0365     		str	r3, [r0, #80]
 3007 007e E3E7     		b	.L207
 3008              	.L218:
1647:platform/HAL/src/stm32g4xx_hal_spi.c ****     SPI_1LINE_TX(hspi);
 3009              		.loc 1 1647 5 is_stmt 1 view .LVU1045
 3010 0080 0268     		ldr	r2, [r0]
 3011              	.LVL152:
1647:platform/HAL/src/stm32g4xx_hal_spi.c ****     SPI_1LINE_TX(hspi);
 3012              		.loc 1 1647 5 is_stmt 0 view .LVU1046
 3013 0082 1368     		ldr	r3, [r2]
 3014 0084 23F04003 		bic	r3, r3, #64
 3015 0088 1360     		str	r3, [r2]
 3016              	.LVL153:
1648:platform/HAL/src/stm32g4xx_hal_spi.c ****   }
 3017              		.loc 1 1648 5 is_stmt 1 view .LVU1047
 3018 008a 0268     		ldr	r2, [r0]
 3019 008c 1368     		ldr	r3, [r2]
 3020 008e 43F48043 		orr	r3, r3, #16384
 3021 0092 1360     		str	r3, [r2]
 3022 0094 DCE7     		b	.L208
ARM GAS  /tmp/ccMpXq91.s 			page 147


 3023              	.LVL154:
 3024              	.L210:
 3025              	.LCFI36:
 3026              		.cfi_def_cfa_offset 0
 3027              		.cfi_restore 4
1609:platform/HAL/src/stm32g4xx_hal_spi.c ****   }
 3028              		.loc 1 1609 12 is_stmt 0 view .LVU1048
 3029 0096 0120     		movs	r0, #1
 3030              	.LVL155:
1672:platform/HAL/src/stm32g4xx_hal_spi.c **** 
 3031              		.loc 1 1672 1 view .LVU1049
 3032 0098 7047     		bx	lr
 3033              	.LVL156:
 3034              	.L211:
 3035              	.LCFI37:
 3036              		.cfi_def_cfa_offset 4
 3037              		.cfi_offset 4, -4
1609:platform/HAL/src/stm32g4xx_hal_spi.c ****   }
 3038              		.loc 1 1609 12 view .LVU1050
 3039 009a 0120     		movs	r0, #1
 3040              	.LVL157:
1609:platform/HAL/src/stm32g4xx_hal_spi.c ****   }
 3041              		.loc 1 1609 12 view .LVU1051
 3042 009c EAE7     		b	.L205
 3043              	.LVL158:
 3044              	.L212:
1614:platform/HAL/src/stm32g4xx_hal_spi.c ****   }
 3045              		.loc 1 1614 12 view .LVU1052
 3046 009e 0220     		movs	r0, #2
 3047              	.LVL159:
1614:platform/HAL/src/stm32g4xx_hal_spi.c ****   }
 3048              		.loc 1 1614 12 view .LVU1053
 3049 00a0 E8E7     		b	.L205
 3050              	.LVL160:
 3051              	.L213:
1618:platform/HAL/src/stm32g4xx_hal_spi.c **** 
 3052              		.loc 1 1618 3 discriminator 1 view .LVU1054
 3053 00a2 0220     		movs	r0, #2
 3054              	.LVL161:
1618:platform/HAL/src/stm32g4xx_hal_spi.c **** 
 3055              		.loc 1 1618 3 discriminator 1 view .LVU1055
 3056 00a4 E6E7     		b	.L205
 3057              	.L220:
 3058 00a6 00BF     		.align	2
 3059              	.L219:
 3060 00a8 00000000 		.word	SPI_TxISR_16BIT
 3061 00ac 00000000 		.word	SPI_TxISR_8BIT
 3062              		.cfi_endproc
 3063              	.LFE336:
 3065              		.section	.text.HAL_SPI_TransmitReceive_IT,"ax",%progbits
 3066              		.align	1
 3067              		.global	HAL_SPI_TransmitReceive_IT
 3068              		.syntax unified
 3069              		.thumb
 3070              		.thumb_func
 3072              	HAL_SPI_TransmitReceive_IT:
 3073              	.LVL162:
ARM GAS  /tmp/ccMpXq91.s 			page 148


 3074              	.LFB338:
1788:platform/HAL/src/stm32g4xx_hal_spi.c ****   uint32_t             tmp_mode;
 3075              		.loc 1 1788 1 is_stmt 1 view -0
 3076              		.cfi_startproc
 3077              		@ args = 0, pretend = 0, frame = 0
 3078              		@ frame_needed = 0, uses_anonymous_args = 0
1788:platform/HAL/src/stm32g4xx_hal_spi.c ****   uint32_t             tmp_mode;
 3079              		.loc 1 1788 1 is_stmt 0 view .LVU1057
 3080 0000 10B5     		push	{r4, lr}
 3081              	.LCFI38:
 3082              		.cfi_def_cfa_offset 8
 3083              		.cfi_offset 4, -8
 3084              		.cfi_offset 14, -4
1789:platform/HAL/src/stm32g4xx_hal_spi.c ****   HAL_SPI_StateTypeDef tmp_state;
 3085              		.loc 1 1789 3 is_stmt 1 view .LVU1058
1790:platform/HAL/src/stm32g4xx_hal_spi.c **** 
 3086              		.loc 1 1790 3 view .LVU1059
1793:platform/HAL/src/stm32g4xx_hal_spi.c **** 
 3087              		.loc 1 1793 3 view .LVU1060
1796:platform/HAL/src/stm32g4xx_hal_spi.c ****   tmp_mode            = hspi->Init.Mode;
 3088              		.loc 1 1796 3 view .LVU1061
1796:platform/HAL/src/stm32g4xx_hal_spi.c ****   tmp_mode            = hspi->Init.Mode;
 3089              		.loc 1 1796 23 is_stmt 0 view .LVU1062
 3090 0002 90F85DC0 		ldrb	ip, [r0, #93]	@ zero_extendqisi2
 3091              	.LVL163:
1797:platform/HAL/src/stm32g4xx_hal_spi.c **** 
 3092              		.loc 1 1797 3 is_stmt 1 view .LVU1063
1797:platform/HAL/src/stm32g4xx_hal_spi.c **** 
 3093              		.loc 1 1797 23 is_stmt 0 view .LVU1064
 3094 0006 4468     		ldr	r4, [r0, #4]
 3095              	.LVL164:
1799:platform/HAL/src/stm32g4xx_hal_spi.c ****         ((tmp_mode == SPI_MODE_MASTER) && (hspi->Init.Direction == SPI_DIRECTION_2LINES) &&
 3096              		.loc 1 1799 3 is_stmt 1 view .LVU1065
1799:platform/HAL/src/stm32g4xx_hal_spi.c ****         ((tmp_mode == SPI_MODE_MASTER) && (hspi->Init.Direction == SPI_DIRECTION_2LINES) &&
 3097              		.loc 1 1799 6 is_stmt 0 view .LVU1066
 3098 0008 BCF1010F 		cmp	ip, #1
 3099 000c 0AD0     		beq	.L222
 3100 000e 5FFA8CFE 		uxtb	lr, ip
1799:platform/HAL/src/stm32g4xx_hal_spi.c ****         ((tmp_mode == SPI_MODE_MASTER) && (hspi->Init.Direction == SPI_DIRECTION_2LINES) &&
 3101              		.loc 1 1799 7 discriminator 1 view .LVU1067
 3102 0012 B4F5827F 		cmp	r4, #260
 3103 0016 53D1     		bne	.L231
1800:platform/HAL/src/stm32g4xx_hal_spi.c ****          (tmp_state == HAL_SPI_STATE_BUSY_RX))))
 3104              		.loc 1 1800 54 view .LVU1068
 3105 0018 8468     		ldr	r4, [r0, #8]
 3106              	.LVL165:
1800:platform/HAL/src/stm32g4xx_hal_spi.c ****          (tmp_state == HAL_SPI_STATE_BUSY_RX))))
 3107              		.loc 1 1800 40 view .LVU1069
 3108 001a 002C     		cmp	r4, #0
 3109 001c 52D1     		bne	.L232
1800:platform/HAL/src/stm32g4xx_hal_spi.c ****          (tmp_state == HAL_SPI_STATE_BUSY_RX))))
 3110              		.loc 1 1800 90 discriminator 1 view .LVU1070
 3111 001e BEF1040F 		cmp	lr, #4
 3112 0022 51D1     		bne	.L233
 3113              	.L222:
1806:platform/HAL/src/stm32g4xx_hal_spi.c ****   {
 3114              		.loc 1 1806 3 is_stmt 1 view .LVU1071
ARM GAS  /tmp/ccMpXq91.s 			page 149


1806:platform/HAL/src/stm32g4xx_hal_spi.c ****   {
 3115              		.loc 1 1806 6 is_stmt 0 view .LVU1072
 3116 0024 0029     		cmp	r1, #0
 3117 0026 51D0     		beq	.L234
1806:platform/HAL/src/stm32g4xx_hal_spi.c ****   {
 3118              		.loc 1 1806 25 discriminator 1 view .LVU1073
 3119 0028 002A     		cmp	r2, #0
 3120 002a 51D0     		beq	.L235
1806:platform/HAL/src/stm32g4xx_hal_spi.c ****   {
 3121              		.loc 1 1806 46 discriminator 2 view .LVU1074
 3122 002c 002B     		cmp	r3, #0
 3123 002e 51D0     		beq	.L236
1812:platform/HAL/src/stm32g4xx_hal_spi.c **** 
 3124              		.loc 1 1812 3 is_stmt 1 view .LVU1075
1812:platform/HAL/src/stm32g4xx_hal_spi.c **** 
 3125              		.loc 1 1812 3 view .LVU1076
 3126 0030 90F85C40 		ldrb	r4, [r0, #92]	@ zero_extendqisi2
 3127 0034 012C     		cmp	r4, #1
 3128 0036 4FD0     		beq	.L237
1812:platform/HAL/src/stm32g4xx_hal_spi.c **** 
 3129              		.loc 1 1812 3 discriminator 2 view .LVU1077
 3130 0038 0124     		movs	r4, #1
 3131 003a 80F85C40 		strb	r4, [r0, #92]
1812:platform/HAL/src/stm32g4xx_hal_spi.c **** 
 3132              		.loc 1 1812 3 view .LVU1078
1815:platform/HAL/src/stm32g4xx_hal_spi.c ****   {
 3133              		.loc 1 1815 3 view .LVU1079
1815:platform/HAL/src/stm32g4xx_hal_spi.c ****   {
 3134              		.loc 1 1815 11 is_stmt 0 view .LVU1080
 3135 003e 90F85D40 		ldrb	r4, [r0, #93]	@ zero_extendqisi2
1815:platform/HAL/src/stm32g4xx_hal_spi.c ****   {
 3136              		.loc 1 1815 6 view .LVU1081
 3137 0042 042C     		cmp	r4, #4
 3138 0044 02D0     		beq	.L224
1817:platform/HAL/src/stm32g4xx_hal_spi.c ****   }
 3139              		.loc 1 1817 5 is_stmt 1 view .LVU1082
1817:platform/HAL/src/stm32g4xx_hal_spi.c ****   }
 3140              		.loc 1 1817 17 is_stmt 0 view .LVU1083
 3141 0046 0524     		movs	r4, #5
 3142 0048 80F85D40 		strb	r4, [r0, #93]
 3143              	.L224:
1821:platform/HAL/src/stm32g4xx_hal_spi.c ****   hspi->pTxBuffPtr  = (const uint8_t *)pTxData;
 3144              		.loc 1 1821 3 is_stmt 1 view .LVU1084
1821:platform/HAL/src/stm32g4xx_hal_spi.c ****   hspi->pTxBuffPtr  = (const uint8_t *)pTxData;
 3145              		.loc 1 1821 21 is_stmt 0 view .LVU1085
 3146 004c 0024     		movs	r4, #0
 3147 004e 0466     		str	r4, [r0, #96]
1822:platform/HAL/src/stm32g4xx_hal_spi.c ****   hspi->TxXferSize  = Size;
 3148              		.loc 1 1822 3 is_stmt 1 view .LVU1086
1822:platform/HAL/src/stm32g4xx_hal_spi.c ****   hspi->TxXferSize  = Size;
 3149              		.loc 1 1822 21 is_stmt 0 view .LVU1087
 3150 0050 8163     		str	r1, [r0, #56]
1823:platform/HAL/src/stm32g4xx_hal_spi.c ****   hspi->TxXferCount = Size;
 3151              		.loc 1 1823 3 is_stmt 1 view .LVU1088
1823:platform/HAL/src/stm32g4xx_hal_spi.c ****   hspi->TxXferCount = Size;
 3152              		.loc 1 1823 21 is_stmt 0 view .LVU1089
 3153 0052 8387     		strh	r3, [r0, #60]	@ movhi
ARM GAS  /tmp/ccMpXq91.s 			page 150


1824:platform/HAL/src/stm32g4xx_hal_spi.c ****   hspi->pRxBuffPtr  = (uint8_t *)pRxData;
 3154              		.loc 1 1824 3 is_stmt 1 view .LVU1090
1824:platform/HAL/src/stm32g4xx_hal_spi.c ****   hspi->pRxBuffPtr  = (uint8_t *)pRxData;
 3155              		.loc 1 1824 21 is_stmt 0 view .LVU1091
 3156 0054 C387     		strh	r3, [r0, #62]	@ movhi
1825:platform/HAL/src/stm32g4xx_hal_spi.c ****   hspi->RxXferSize  = Size;
 3157              		.loc 1 1825 3 is_stmt 1 view .LVU1092
1825:platform/HAL/src/stm32g4xx_hal_spi.c ****   hspi->RxXferSize  = Size;
 3158              		.loc 1 1825 21 is_stmt 0 view .LVU1093
 3159 0056 0264     		str	r2, [r0, #64]
1826:platform/HAL/src/stm32g4xx_hal_spi.c ****   hspi->RxXferCount = Size;
 3160              		.loc 1 1826 3 is_stmt 1 view .LVU1094
1826:platform/HAL/src/stm32g4xx_hal_spi.c ****   hspi->RxXferCount = Size;
 3161              		.loc 1 1826 21 is_stmt 0 view .LVU1095
 3162 0058 A0F84430 		strh	r3, [r0, #68]	@ movhi
1827:platform/HAL/src/stm32g4xx_hal_spi.c **** 
 3163              		.loc 1 1827 3 is_stmt 1 view .LVU1096
1827:platform/HAL/src/stm32g4xx_hal_spi.c **** 
 3164              		.loc 1 1827 21 is_stmt 0 view .LVU1097
 3165 005c A0F84630 		strh	r3, [r0, #70]	@ movhi
1830:platform/HAL/src/stm32g4xx_hal_spi.c ****   {
 3166              		.loc 1 1830 3 is_stmt 1 view .LVU1098
1830:platform/HAL/src/stm32g4xx_hal_spi.c ****   {
 3167              		.loc 1 1830 17 is_stmt 0 view .LVU1099
 3168 0060 C268     		ldr	r2, [r0, #12]
 3169              	.LVL166:
1830:platform/HAL/src/stm32g4xx_hal_spi.c ****   {
 3170              		.loc 1 1830 6 view .LVU1100
 3171 0062 B2F5E06F 		cmp	r2, #1792
 3172 0066 20D9     		bls	.L225
1832:platform/HAL/src/stm32g4xx_hal_spi.c ****     hspi->TxISR     = SPI_2linesTxISR_16BIT;
 3173              		.loc 1 1832 5 is_stmt 1 view .LVU1101
1832:platform/HAL/src/stm32g4xx_hal_spi.c ****     hspi->TxISR     = SPI_2linesTxISR_16BIT;
 3174              		.loc 1 1832 21 is_stmt 0 view .LVU1102
 3175 0068 1C49     		ldr	r1, .L239
 3176              	.LVL167:
1832:platform/HAL/src/stm32g4xx_hal_spi.c ****     hspi->TxISR     = SPI_2linesTxISR_16BIT;
 3177              		.loc 1 1832 21 view .LVU1103
 3178 006a C164     		str	r1, [r0, #76]
1833:platform/HAL/src/stm32g4xx_hal_spi.c ****   }
 3179              		.loc 1 1833 5 is_stmt 1 view .LVU1104
1833:platform/HAL/src/stm32g4xx_hal_spi.c ****   }
 3180              		.loc 1 1833 21 is_stmt 0 view .LVU1105
 3181 006c 1C49     		ldr	r1, .L239+4
 3182 006e 0165     		str	r1, [r0, #80]
 3183              	.L226:
1859:platform/HAL/src/stm32g4xx_hal_spi.c ****   {
 3184              		.loc 1 1859 3 is_stmt 1 view .LVU1106
1859:platform/HAL/src/stm32g4xx_hal_spi.c ****   {
 3185              		.loc 1 1859 6 is_stmt 0 view .LVU1107
 3186 0070 B2F5E06F 		cmp	r2, #1792
 3187 0074 01D8     		bhi	.L227
1859:platform/HAL/src/stm32g4xx_hal_spi.c ****   {
 3188              		.loc 1 1859 49 discriminator 1 view .LVU1108
 3189 0076 012B     		cmp	r3, #1
 3190 0078 1CD9     		bls	.L228
 3191              	.L227:
ARM GAS  /tmp/ccMpXq91.s 			page 151


1862:platform/HAL/src/stm32g4xx_hal_spi.c ****   }
 3192              		.loc 1 1862 5 is_stmt 1 view .LVU1109
 3193 007a 0268     		ldr	r2, [r0]
 3194 007c 5368     		ldr	r3, [r2, #4]
 3195              	.LVL168:
1862:platform/HAL/src/stm32g4xx_hal_spi.c ****   }
 3196              		.loc 1 1862 5 is_stmt 0 view .LVU1110
 3197 007e 23F48053 		bic	r3, r3, #4096
 3198 0082 5360     		str	r3, [r2, #4]
 3199              	.LVL169:
 3200              	.L229:
1872:platform/HAL/src/stm32g4xx_hal_spi.c ****   {
 3201              		.loc 1 1872 3 is_stmt 1 view .LVU1111
1872:platform/HAL/src/stm32g4xx_hal_spi.c ****   {
 3202              		.loc 1 1872 12 is_stmt 0 view .LVU1112
 3203 0084 0368     		ldr	r3, [r0]
1872:platform/HAL/src/stm32g4xx_hal_spi.c ****   {
 3204              		.loc 1 1872 22 view .LVU1113
 3205 0086 1A68     		ldr	r2, [r3]
1872:platform/HAL/src/stm32g4xx_hal_spi.c ****   {
 3206              		.loc 1 1872 6 view .LVU1114
 3207 0088 12F0400F 		tst	r2, #64
 3208 008c 03D1     		bne	.L230
1875:platform/HAL/src/stm32g4xx_hal_spi.c ****   }
 3209              		.loc 1 1875 5 is_stmt 1 view .LVU1115
 3210 008e 1A68     		ldr	r2, [r3]
 3211 0090 42F04002 		orr	r2, r2, #64
 3212 0094 1A60     		str	r2, [r3]
 3213              	.L230:
1879:platform/HAL/src/stm32g4xx_hal_spi.c ****   /* Enable TXE, RXNE and ERR interrupt */
 3214              		.loc 1 1879 3 view .LVU1116
1879:platform/HAL/src/stm32g4xx_hal_spi.c ****   /* Enable TXE, RXNE and ERR interrupt */
 3215              		.loc 1 1879 3 view .LVU1117
 3216 0096 0023     		movs	r3, #0
 3217 0098 80F85C30 		strb	r3, [r0, #92]
1879:platform/HAL/src/stm32g4xx_hal_spi.c ****   /* Enable TXE, RXNE and ERR interrupt */
 3218              		.loc 1 1879 3 view .LVU1118
1881:platform/HAL/src/stm32g4xx_hal_spi.c **** 
 3219              		.loc 1 1881 3 view .LVU1119
 3220 009c 0168     		ldr	r1, [r0]
 3221 009e 4A68     		ldr	r2, [r1, #4]
 3222 00a0 42F0E002 		orr	r2, r2, #224
 3223 00a4 4A60     		str	r2, [r1, #4]
1883:platform/HAL/src/stm32g4xx_hal_spi.c **** }
 3224              		.loc 1 1883 3 view .LVU1120
1883:platform/HAL/src/stm32g4xx_hal_spi.c **** }
 3225              		.loc 1 1883 10 is_stmt 0 view .LVU1121
 3226 00a6 1846     		mov	r0, r3
 3227              	.LVL170:
1883:platform/HAL/src/stm32g4xx_hal_spi.c **** }
 3228              		.loc 1 1883 10 view .LVU1122
 3229 00a8 0BE0     		b	.L223
 3230              	.LVL171:
 3231              	.L225:
1837:platform/HAL/src/stm32g4xx_hal_spi.c ****     hspi->TxISR     = SPI_2linesTxISR_8BIT;
 3232              		.loc 1 1837 5 is_stmt 1 view .LVU1123
1837:platform/HAL/src/stm32g4xx_hal_spi.c ****     hspi->TxISR     = SPI_2linesTxISR_8BIT;
ARM GAS  /tmp/ccMpXq91.s 			page 152


 3233              		.loc 1 1837 21 is_stmt 0 view .LVU1124
 3234 00aa 0E49     		ldr	r1, .L239+8
 3235              	.LVL172:
1837:platform/HAL/src/stm32g4xx_hal_spi.c ****     hspi->TxISR     = SPI_2linesTxISR_8BIT;
 3236              		.loc 1 1837 21 view .LVU1125
 3237 00ac C164     		str	r1, [r0, #76]
1838:platform/HAL/src/stm32g4xx_hal_spi.c ****   }
 3238              		.loc 1 1838 5 is_stmt 1 view .LVU1126
1838:platform/HAL/src/stm32g4xx_hal_spi.c ****   }
 3239              		.loc 1 1838 21 is_stmt 0 view .LVU1127
 3240 00ae 0E49     		ldr	r1, .L239+12
 3241 00b0 0165     		str	r1, [r0, #80]
 3242 00b2 DDE7     		b	.L226
 3243              	.L228:
1867:platform/HAL/src/stm32g4xx_hal_spi.c ****   }
 3244              		.loc 1 1867 5 is_stmt 1 view .LVU1128
 3245 00b4 0268     		ldr	r2, [r0]
 3246 00b6 5368     		ldr	r3, [r2, #4]
 3247              	.LVL173:
1867:platform/HAL/src/stm32g4xx_hal_spi.c ****   }
 3248              		.loc 1 1867 5 is_stmt 0 view .LVU1129
 3249 00b8 43F48053 		orr	r3, r3, #4096
 3250 00bc 5360     		str	r3, [r2, #4]
 3251              	.LVL174:
1867:platform/HAL/src/stm32g4xx_hal_spi.c ****   }
 3252              		.loc 1 1867 5 view .LVU1130
 3253 00be E1E7     		b	.L229
 3254              	.LVL175:
 3255              	.L231:
1803:platform/HAL/src/stm32g4xx_hal_spi.c ****   }
 3256              		.loc 1 1803 12 view .LVU1131
 3257 00c0 0220     		movs	r0, #2
 3258              	.LVL176:
 3259              	.L223:
1884:platform/HAL/src/stm32g4xx_hal_spi.c **** 
 3260              		.loc 1 1884 1 view .LVU1132
 3261 00c2 10BD     		pop	{r4, pc}
 3262              	.LVL177:
 3263              	.L232:
1803:platform/HAL/src/stm32g4xx_hal_spi.c ****   }
 3264              		.loc 1 1803 12 view .LVU1133
 3265 00c4 0220     		movs	r0, #2
 3266              	.LVL178:
1803:platform/HAL/src/stm32g4xx_hal_spi.c ****   }
 3267              		.loc 1 1803 12 view .LVU1134
 3268 00c6 FCE7     		b	.L223
 3269              	.LVL179:
 3270              	.L233:
1803:platform/HAL/src/stm32g4xx_hal_spi.c ****   }
 3271              		.loc 1 1803 12 view .LVU1135
 3272 00c8 0220     		movs	r0, #2
 3273              	.LVL180:
1803:platform/HAL/src/stm32g4xx_hal_spi.c ****   }
 3274              		.loc 1 1803 12 view .LVU1136
 3275 00ca FAE7     		b	.L223
 3276              	.LVL181:
 3277              	.L234:
ARM GAS  /tmp/ccMpXq91.s 			page 153


1808:platform/HAL/src/stm32g4xx_hal_spi.c ****   }
 3278              		.loc 1 1808 12 view .LVU1137
 3279 00cc 0120     		movs	r0, #1
 3280              	.LVL182:
1808:platform/HAL/src/stm32g4xx_hal_spi.c ****   }
 3281              		.loc 1 1808 12 view .LVU1138
 3282 00ce F8E7     		b	.L223
 3283              	.LVL183:
 3284              	.L235:
1808:platform/HAL/src/stm32g4xx_hal_spi.c ****   }
 3285              		.loc 1 1808 12 view .LVU1139
 3286 00d0 0120     		movs	r0, #1
 3287              	.LVL184:
1808:platform/HAL/src/stm32g4xx_hal_spi.c ****   }
 3288              		.loc 1 1808 12 view .LVU1140
 3289 00d2 F6E7     		b	.L223
 3290              	.LVL185:
 3291              	.L236:
1808:platform/HAL/src/stm32g4xx_hal_spi.c ****   }
 3292              		.loc 1 1808 12 view .LVU1141
 3293 00d4 0120     		movs	r0, #1
 3294              	.LVL186:
1808:platform/HAL/src/stm32g4xx_hal_spi.c ****   }
 3295              		.loc 1 1808 12 view .LVU1142
 3296 00d6 F4E7     		b	.L223
 3297              	.LVL187:
 3298              	.L237:
1812:platform/HAL/src/stm32g4xx_hal_spi.c **** 
 3299              		.loc 1 1812 3 discriminator 1 view .LVU1143
 3300 00d8 0220     		movs	r0, #2
 3301              	.LVL188:
1812:platform/HAL/src/stm32g4xx_hal_spi.c **** 
 3302              		.loc 1 1812 3 discriminator 1 view .LVU1144
 3303 00da F2E7     		b	.L223
 3304              	.L240:
 3305              		.align	2
 3306              	.L239:
 3307 00dc 00000000 		.word	SPI_2linesRxISR_16BIT
 3308 00e0 00000000 		.word	SPI_2linesTxISR_16BIT
 3309 00e4 00000000 		.word	SPI_2linesRxISR_8BIT
 3310 00e8 00000000 		.word	SPI_2linesTxISR_8BIT
 3311              		.cfi_endproc
 3312              	.LFE338:
 3314              		.section	.text.HAL_SPI_Receive_IT,"ax",%progbits
 3315              		.align	1
 3316              		.global	HAL_SPI_Receive_IT
 3317              		.syntax unified
 3318              		.thumb
 3319              		.thumb_func
 3321              	HAL_SPI_Receive_IT:
 3322              	.LVL189:
 3323              	.LFB337:
1683:platform/HAL/src/stm32g4xx_hal_spi.c **** 
 3324              		.loc 1 1683 1 is_stmt 1 view -0
 3325              		.cfi_startproc
 3326              		@ args = 0, pretend = 0, frame = 0
 3327              		@ frame_needed = 0, uses_anonymous_args = 0
ARM GAS  /tmp/ccMpXq91.s 			page 154


1683:platform/HAL/src/stm32g4xx_hal_spi.c **** 
 3328              		.loc 1 1683 1 is_stmt 0 view .LVU1146
 3329 0000 08B5     		push	{r3, lr}
 3330              	.LCFI39:
 3331              		.cfi_def_cfa_offset 8
 3332              		.cfi_offset 3, -8
 3333              		.cfi_offset 14, -4
1685:platform/HAL/src/stm32g4xx_hal_spi.c ****   {
 3334              		.loc 1 1685 3 is_stmt 1 view .LVU1147
1685:platform/HAL/src/stm32g4xx_hal_spi.c ****   {
 3335              		.loc 1 1685 11 is_stmt 0 view .LVU1148
 3336 0002 90F85D30 		ldrb	r3, [r0, #93]	@ zero_extendqisi2
1685:platform/HAL/src/stm32g4xx_hal_spi.c ****   {
 3337              		.loc 1 1685 6 view .LVU1149
 3338 0006 012B     		cmp	r3, #1
 3339 0008 6FD1     		bne	.L248
 3340 000a 8446     		mov	ip, r0
 3341 000c D8B2     		uxtb	r0, r3
 3342              	.LVL190:
1690:platform/HAL/src/stm32g4xx_hal_spi.c ****   {
 3343              		.loc 1 1690 3 is_stmt 1 view .LVU1150
1690:platform/HAL/src/stm32g4xx_hal_spi.c ****   {
 3344              		.loc 1 1690 6 is_stmt 0 view .LVU1151
 3345 000e 0029     		cmp	r1, #0
 3346 0010 6CD0     		beq	.L242
1690:platform/HAL/src/stm32g4xx_hal_spi.c ****   {
 3347              		.loc 1 1690 23 discriminator 1 view .LVU1152
 3348 0012 002A     		cmp	r2, #0
 3349 0014 6AD0     		beq	.L242
1695:platform/HAL/src/stm32g4xx_hal_spi.c ****   {
 3350              		.loc 1 1695 3 is_stmt 1 view .LVU1153
1695:platform/HAL/src/stm32g4xx_hal_spi.c ****   {
 3351              		.loc 1 1695 18 is_stmt 0 view .LVU1154
 3352 0016 DCF80830 		ldr	r3, [ip, #8]
1695:platform/HAL/src/stm32g4xx_hal_spi.c ****   {
 3353              		.loc 1 1695 6 view .LVU1155
 3354 001a 23B9     		cbnz	r3, .L243
1695:platform/HAL/src/stm32g4xx_hal_spi.c ****   {
 3355              		.loc 1 1695 68 discriminator 1 view .LVU1156
 3356 001c DCF80430 		ldr	r3, [ip, #4]
1695:platform/HAL/src/stm32g4xx_hal_spi.c ****   {
 3357              		.loc 1 1695 54 discriminator 1 view .LVU1157
 3358 0020 B3F5827F 		cmp	r3, #260
 3359 0024 41D0     		beq	.L251
 3360              	.L243:
1704:platform/HAL/src/stm32g4xx_hal_spi.c **** 
 3361              		.loc 1 1704 3 is_stmt 1 view .LVU1158
1704:platform/HAL/src/stm32g4xx_hal_spi.c **** 
 3362              		.loc 1 1704 3 view .LVU1159
 3363 0026 9CF85C30 		ldrb	r3, [ip, #92]	@ zero_extendqisi2
 3364 002a 012B     		cmp	r3, #1
 3365 002c 5FD0     		beq	.L249
1704:platform/HAL/src/stm32g4xx_hal_spi.c **** 
 3366              		.loc 1 1704 3 discriminator 2 view .LVU1160
 3367 002e 0123     		movs	r3, #1
 3368 0030 8CF85C30 		strb	r3, [ip, #92]
1704:platform/HAL/src/stm32g4xx_hal_spi.c **** 
ARM GAS  /tmp/ccMpXq91.s 			page 155


 3369              		.loc 1 1704 3 view .LVU1161
1707:platform/HAL/src/stm32g4xx_hal_spi.c ****   hspi->ErrorCode   = HAL_SPI_ERROR_NONE;
 3370              		.loc 1 1707 3 view .LVU1162
1707:platform/HAL/src/stm32g4xx_hal_spi.c ****   hspi->ErrorCode   = HAL_SPI_ERROR_NONE;
 3371              		.loc 1 1707 21 is_stmt 0 view .LVU1163
 3372 0034 0423     		movs	r3, #4
 3373 0036 8CF85D30 		strb	r3, [ip, #93]
1708:platform/HAL/src/stm32g4xx_hal_spi.c ****   hspi->pRxBuffPtr  = (uint8_t *)pData;
 3374              		.loc 1 1708 3 is_stmt 1 view .LVU1164
1708:platform/HAL/src/stm32g4xx_hal_spi.c ****   hspi->pRxBuffPtr  = (uint8_t *)pData;
 3375              		.loc 1 1708 21 is_stmt 0 view .LVU1165
 3376 003a 0023     		movs	r3, #0
 3377 003c CCF86030 		str	r3, [ip, #96]
1709:platform/HAL/src/stm32g4xx_hal_spi.c ****   hspi->RxXferSize  = Size;
 3378              		.loc 1 1709 3 is_stmt 1 view .LVU1166
1709:platform/HAL/src/stm32g4xx_hal_spi.c ****   hspi->RxXferSize  = Size;
 3379              		.loc 1 1709 21 is_stmt 0 view .LVU1167
 3380 0040 CCF84010 		str	r1, [ip, #64]
1710:platform/HAL/src/stm32g4xx_hal_spi.c ****   hspi->RxXferCount = Size;
 3381              		.loc 1 1710 3 is_stmt 1 view .LVU1168
1710:platform/HAL/src/stm32g4xx_hal_spi.c ****   hspi->RxXferCount = Size;
 3382              		.loc 1 1710 21 is_stmt 0 view .LVU1169
 3383 0044 ACF84420 		strh	r2, [ip, #68]	@ movhi
1711:platform/HAL/src/stm32g4xx_hal_spi.c **** 
 3384              		.loc 1 1711 3 is_stmt 1 view .LVU1170
1711:platform/HAL/src/stm32g4xx_hal_spi.c **** 
 3385              		.loc 1 1711 21 is_stmt 0 view .LVU1171
 3386 0048 ACF84620 		strh	r2, [ip, #70]	@ movhi
1714:platform/HAL/src/stm32g4xx_hal_spi.c ****   hspi->TxXferSize  = 0U;
 3387              		.loc 1 1714 3 is_stmt 1 view .LVU1172
1714:platform/HAL/src/stm32g4xx_hal_spi.c ****   hspi->TxXferSize  = 0U;
 3388              		.loc 1 1714 21 is_stmt 0 view .LVU1173
 3389 004c CCF83830 		str	r3, [ip, #56]
1715:platform/HAL/src/stm32g4xx_hal_spi.c ****   hspi->TxXferCount = 0U;
 3390              		.loc 1 1715 3 is_stmt 1 view .LVU1174
1715:platform/HAL/src/stm32g4xx_hal_spi.c ****   hspi->TxXferCount = 0U;
 3391              		.loc 1 1715 21 is_stmt 0 view .LVU1175
 3392 0050 ACF83C30 		strh	r3, [ip, #60]	@ movhi
1716:platform/HAL/src/stm32g4xx_hal_spi.c ****   hspi->TxISR       = NULL;
 3393              		.loc 1 1716 3 is_stmt 1 view .LVU1176
1716:platform/HAL/src/stm32g4xx_hal_spi.c ****   hspi->TxISR       = NULL;
 3394              		.loc 1 1716 21 is_stmt 0 view .LVU1177
 3395 0054 ACF83E30 		strh	r3, [ip, #62]	@ movhi
1717:platform/HAL/src/stm32g4xx_hal_spi.c **** 
 3396              		.loc 1 1717 3 is_stmt 1 view .LVU1178
1717:platform/HAL/src/stm32g4xx_hal_spi.c **** 
 3397              		.loc 1 1717 21 is_stmt 0 view .LVU1179
 3398 0058 CCF85030 		str	r3, [ip, #80]
1720:platform/HAL/src/stm32g4xx_hal_spi.c ****   {
 3399              		.loc 1 1720 3 is_stmt 1 view .LVU1180
1720:platform/HAL/src/stm32g4xx_hal_spi.c ****   {
 3400              		.loc 1 1720 17 is_stmt 0 view .LVU1181
 3401 005c DCF80C30 		ldr	r3, [ip, #12]
1720:platform/HAL/src/stm32g4xx_hal_spi.c ****   {
 3402              		.loc 1 1720 6 view .LVU1182
 3403 0060 B3F5E06F 		cmp	r3, #1792
 3404 0064 2AD9     		bls	.L244
ARM GAS  /tmp/ccMpXq91.s 			page 156


1723:platform/HAL/src/stm32g4xx_hal_spi.c ****     hspi->RxISR = SPI_RxISR_16BIT;
 3405              		.loc 1 1723 5 is_stmt 1 view .LVU1183
 3406 0066 DCF80020 		ldr	r2, [ip]
 3407              	.LVL191:
1723:platform/HAL/src/stm32g4xx_hal_spi.c ****     hspi->RxISR = SPI_RxISR_16BIT;
 3408              		.loc 1 1723 5 is_stmt 0 view .LVU1184
 3409 006a 5368     		ldr	r3, [r2, #4]
 3410 006c 23F48053 		bic	r3, r3, #4096
 3411 0070 5360     		str	r3, [r2, #4]
 3412              	.LVL192:
1724:platform/HAL/src/stm32g4xx_hal_spi.c ****   }
 3413              		.loc 1 1724 5 is_stmt 1 view .LVU1185
1724:platform/HAL/src/stm32g4xx_hal_spi.c ****   }
 3414              		.loc 1 1724 17 is_stmt 0 view .LVU1186
 3415 0072 204B     		ldr	r3, .L253
 3416 0074 CCF84C30 		str	r3, [ip, #76]
 3417              	.L245:
1734:platform/HAL/src/stm32g4xx_hal_spi.c ****   {
 3418              		.loc 1 1734 3 is_stmt 1 view .LVU1187
1734:platform/HAL/src/stm32g4xx_hal_spi.c ****   {
 3419              		.loc 1 1734 17 is_stmt 0 view .LVU1188
 3420 0078 DCF80830 		ldr	r3, [ip, #8]
1734:platform/HAL/src/stm32g4xx_hal_spi.c ****   {
 3421              		.loc 1 1734 6 view .LVU1189
 3422 007c B3F5004F 		cmp	r3, #32768
 3423 0080 26D0     		beq	.L252
 3424              	.L246:
1763:platform/HAL/src/stm32g4xx_hal_spi.c ****   {
 3425              		.loc 1 1763 3 is_stmt 1 view .LVU1190
1763:platform/HAL/src/stm32g4xx_hal_spi.c ****   {
 3426              		.loc 1 1763 12 is_stmt 0 view .LVU1191
 3427 0082 DCF80030 		ldr	r3, [ip]
1763:platform/HAL/src/stm32g4xx_hal_spi.c ****   {
 3428              		.loc 1 1763 22 view .LVU1192
 3429 0086 1A68     		ldr	r2, [r3]
1763:platform/HAL/src/stm32g4xx_hal_spi.c ****   {
 3430              		.loc 1 1763 6 view .LVU1193
 3431 0088 12F0400F 		tst	r2, #64
 3432 008c 03D1     		bne	.L247
1766:platform/HAL/src/stm32g4xx_hal_spi.c ****   }
 3433              		.loc 1 1766 5 is_stmt 1 view .LVU1194
 3434 008e 1A68     		ldr	r2, [r3]
 3435 0090 42F04002 		orr	r2, r2, #64
 3436 0094 1A60     		str	r2, [r3]
 3437              	.L247:
1770:platform/HAL/src/stm32g4xx_hal_spi.c ****   /* Enable RXNE and ERR interrupt */
 3438              		.loc 1 1770 3 view .LVU1195
1770:platform/HAL/src/stm32g4xx_hal_spi.c ****   /* Enable RXNE and ERR interrupt */
 3439              		.loc 1 1770 3 view .LVU1196
 3440 0096 0020     		movs	r0, #0
 3441 0098 8CF85C00 		strb	r0, [ip, #92]
1770:platform/HAL/src/stm32g4xx_hal_spi.c ****   /* Enable RXNE and ERR interrupt */
 3442              		.loc 1 1770 3 view .LVU1197
1772:platform/HAL/src/stm32g4xx_hal_spi.c **** 
 3443              		.loc 1 1772 3 view .LVU1198
 3444 009c DCF80020 		ldr	r2, [ip]
 3445 00a0 5368     		ldr	r3, [r2, #4]
ARM GAS  /tmp/ccMpXq91.s 			page 157


 3446 00a2 43F06003 		orr	r3, r3, #96
 3447 00a6 5360     		str	r3, [r2, #4]
1774:platform/HAL/src/stm32g4xx_hal_spi.c **** }
 3448              		.loc 1 1774 3 view .LVU1199
1774:platform/HAL/src/stm32g4xx_hal_spi.c **** }
 3449              		.loc 1 1774 10 is_stmt 0 view .LVU1200
 3450 00a8 20E0     		b	.L242
 3451              	.LVL193:
 3452              	.L251:
1697:platform/HAL/src/stm32g4xx_hal_spi.c ****     /* Call transmit-receive function to send Dummy data on Tx line and generate clock on CLK line 
 3453              		.loc 1 1697 5 is_stmt 1 view .LVU1201
1697:platform/HAL/src/stm32g4xx_hal_spi.c ****     /* Call transmit-receive function to send Dummy data on Tx line and generate clock on CLK line 
 3454              		.loc 1 1697 17 is_stmt 0 view .LVU1202
 3455 00aa 0423     		movs	r3, #4
 3456 00ac 8CF85D30 		strb	r3, [ip, #93]
1699:platform/HAL/src/stm32g4xx_hal_spi.c ****   }
 3457              		.loc 1 1699 5 is_stmt 1 view .LVU1203
1699:platform/HAL/src/stm32g4xx_hal_spi.c ****   }
 3458              		.loc 1 1699 12 is_stmt 0 view .LVU1204
 3459 00b0 1346     		mov	r3, r2
 3460 00b2 0A46     		mov	r2, r1
 3461              	.LVL194:
1699:platform/HAL/src/stm32g4xx_hal_spi.c ****   }
 3462              		.loc 1 1699 12 view .LVU1205
 3463 00b4 6046     		mov	r0, ip
 3464 00b6 FFF7FEFF 		bl	HAL_SPI_TransmitReceive_IT
 3465              	.LVL195:
1699:platform/HAL/src/stm32g4xx_hal_spi.c ****   }
 3466              		.loc 1 1699 12 view .LVU1206
 3467 00ba 17E0     		b	.L242
 3468              	.LVL196:
 3469              	.L244:
1729:platform/HAL/src/stm32g4xx_hal_spi.c ****     hspi->RxISR = SPI_RxISR_8BIT;
 3470              		.loc 1 1729 5 is_stmt 1 view .LVU1207
 3471 00bc DCF80020 		ldr	r2, [ip]
 3472              	.LVL197:
1729:platform/HAL/src/stm32g4xx_hal_spi.c ****     hspi->RxISR = SPI_RxISR_8BIT;
 3473              		.loc 1 1729 5 is_stmt 0 view .LVU1208
 3474 00c0 5368     		ldr	r3, [r2, #4]
 3475 00c2 43F48053 		orr	r3, r3, #4096
 3476 00c6 5360     		str	r3, [r2, #4]
 3477              	.LVL198:
1730:platform/HAL/src/stm32g4xx_hal_spi.c ****   }
 3478              		.loc 1 1730 5 is_stmt 1 view .LVU1209
1730:platform/HAL/src/stm32g4xx_hal_spi.c ****   }
 3479              		.loc 1 1730 17 is_stmt 0 view .LVU1210
 3480 00c8 0B4B     		ldr	r3, .L253+4
 3481 00ca CCF84C30 		str	r3, [ip, #76]
 3482 00ce D3E7     		b	.L245
 3483              	.L252:
1737:platform/HAL/src/stm32g4xx_hal_spi.c ****     SPI_1LINE_RX(hspi);
 3484              		.loc 1 1737 5 is_stmt 1 view .LVU1211
 3485 00d0 DCF80020 		ldr	r2, [ip]
 3486 00d4 1368     		ldr	r3, [r2]
 3487 00d6 23F04003 		bic	r3, r3, #64
 3488 00da 1360     		str	r3, [r2]
1738:platform/HAL/src/stm32g4xx_hal_spi.c ****   }
ARM GAS  /tmp/ccMpXq91.s 			page 158


 3489              		.loc 1 1738 5 view .LVU1212
 3490 00dc DCF80020 		ldr	r2, [ip]
 3491 00e0 1368     		ldr	r3, [r2]
 3492 00e2 23F48043 		bic	r3, r3, #16384
 3493 00e6 1360     		str	r3, [r2]
 3494 00e8 CBE7     		b	.L246
 3495              	.LVL199:
 3496              	.L248:
1687:platform/HAL/src/stm32g4xx_hal_spi.c ****   }
 3497              		.loc 1 1687 12 is_stmt 0 view .LVU1213
 3498 00ea 0220     		movs	r0, #2
 3499              	.LVL200:
 3500              	.L242:
1775:platform/HAL/src/stm32g4xx_hal_spi.c **** 
 3501              		.loc 1 1775 1 view .LVU1214
 3502 00ec 08BD     		pop	{r3, pc}
 3503              	.LVL201:
 3504              	.L249:
1704:platform/HAL/src/stm32g4xx_hal_spi.c **** 
 3505              		.loc 1 1704 3 discriminator 1 view .LVU1215
 3506 00ee 0220     		movs	r0, #2
 3507 00f0 FCE7     		b	.L242
 3508              	.L254:
 3509 00f2 00BF     		.align	2
 3510              	.L253:
 3511 00f4 00000000 		.word	SPI_RxISR_16BIT
 3512 00f8 00000000 		.word	SPI_RxISR_8BIT
 3513              		.cfi_endproc
 3514              	.LFE337:
 3516              		.section	.text.HAL_SPI_Transmit_DMA,"ax",%progbits
 3517              		.align	1
 3518              		.global	HAL_SPI_Transmit_DMA
 3519              		.syntax unified
 3520              		.thumb
 3521              		.thumb_func
 3523              	HAL_SPI_Transmit_DMA:
 3524              	.LVL202:
 3525              	.LFB339:
1895:platform/HAL/src/stm32g4xx_hal_spi.c **** 
 3526              		.loc 1 1895 1 is_stmt 1 view -0
 3527              		.cfi_startproc
 3528              		@ args = 0, pretend = 0, frame = 0
 3529              		@ frame_needed = 0, uses_anonymous_args = 0
1895:platform/HAL/src/stm32g4xx_hal_spi.c **** 
 3530              		.loc 1 1895 1 is_stmt 0 view .LVU1217
 3531 0000 38B5     		push	{r3, r4, r5, lr}
 3532              	.LCFI40:
 3533              		.cfi_def_cfa_offset 16
 3534              		.cfi_offset 3, -16
 3535              		.cfi_offset 4, -12
 3536              		.cfi_offset 5, -8
 3537              		.cfi_offset 14, -4
1898:platform/HAL/src/stm32g4xx_hal_spi.c **** 
 3538              		.loc 1 1898 3 is_stmt 1 view .LVU1218
1901:platform/HAL/src/stm32g4xx_hal_spi.c **** 
 3539              		.loc 1 1901 3 view .LVU1219
1903:platform/HAL/src/stm32g4xx_hal_spi.c ****   {
ARM GAS  /tmp/ccMpXq91.s 			page 159


 3540              		.loc 1 1903 3 view .LVU1220
1903:platform/HAL/src/stm32g4xx_hal_spi.c ****   {
 3541              		.loc 1 1903 11 is_stmt 0 view .LVU1221
 3542 0002 90F85D30 		ldrb	r3, [r0, #93]	@ zero_extendqisi2
1903:platform/HAL/src/stm32g4xx_hal_spi.c ****   {
 3543              		.loc 1 1903 6 view .LVU1222
 3544 0006 012B     		cmp	r3, #1
 3545 0008 40F08C80 		bne	.L262
 3546 000c 0446     		mov	r4, r0
 3547 000e DDB2     		uxtb	r5, r3
1908:platform/HAL/src/stm32g4xx_hal_spi.c ****   {
 3548              		.loc 1 1908 3 is_stmt 1 view .LVU1223
1908:platform/HAL/src/stm32g4xx_hal_spi.c ****   {
 3549              		.loc 1 1908 6 is_stmt 0 view .LVU1224
 3550 0010 0029     		cmp	r1, #0
 3551 0012 00F08880 		beq	.L256
1908:platform/HAL/src/stm32g4xx_hal_spi.c ****   {
 3552              		.loc 1 1908 23 discriminator 1 view .LVU1225
 3553 0016 002A     		cmp	r2, #0
 3554 0018 00F08580 		beq	.L256
1914:platform/HAL/src/stm32g4xx_hal_spi.c **** 
 3555              		.loc 1 1914 3 is_stmt 1 view .LVU1226
1914:platform/HAL/src/stm32g4xx_hal_spi.c **** 
 3556              		.loc 1 1914 3 view .LVU1227
 3557 001c 90F85C30 		ldrb	r3, [r0, #92]	@ zero_extendqisi2
 3558 0020 012B     		cmp	r3, #1
 3559 0022 00F08280 		beq	.L263
1914:platform/HAL/src/stm32g4xx_hal_spi.c **** 
 3560              		.loc 1 1914 3 discriminator 2 view .LVU1228
 3561 0026 0123     		movs	r3, #1
 3562 0028 80F85C30 		strb	r3, [r0, #92]
1914:platform/HAL/src/stm32g4xx_hal_spi.c **** 
 3563              		.loc 1 1914 3 view .LVU1229
1917:platform/HAL/src/stm32g4xx_hal_spi.c ****   hspi->ErrorCode   = HAL_SPI_ERROR_NONE;
 3564              		.loc 1 1917 3 view .LVU1230
1917:platform/HAL/src/stm32g4xx_hal_spi.c ****   hspi->ErrorCode   = HAL_SPI_ERROR_NONE;
 3565              		.loc 1 1917 21 is_stmt 0 view .LVU1231
 3566 002c 0323     		movs	r3, #3
 3567 002e 80F85D30 		strb	r3, [r0, #93]
1918:platform/HAL/src/stm32g4xx_hal_spi.c ****   hspi->pTxBuffPtr  = (const uint8_t *)pData;
 3568              		.loc 1 1918 3 is_stmt 1 view .LVU1232
1918:platform/HAL/src/stm32g4xx_hal_spi.c ****   hspi->pTxBuffPtr  = (const uint8_t *)pData;
 3569              		.loc 1 1918 21 is_stmt 0 view .LVU1233
 3570 0032 0023     		movs	r3, #0
 3571 0034 0366     		str	r3, [r0, #96]
1919:platform/HAL/src/stm32g4xx_hal_spi.c ****   hspi->TxXferSize  = Size;
 3572              		.loc 1 1919 3 is_stmt 1 view .LVU1234
1919:platform/HAL/src/stm32g4xx_hal_spi.c ****   hspi->TxXferSize  = Size;
 3573              		.loc 1 1919 21 is_stmt 0 view .LVU1235
 3574 0036 8163     		str	r1, [r0, #56]
1920:platform/HAL/src/stm32g4xx_hal_spi.c ****   hspi->TxXferCount = Size;
 3575              		.loc 1 1920 3 is_stmt 1 view .LVU1236
1920:platform/HAL/src/stm32g4xx_hal_spi.c ****   hspi->TxXferCount = Size;
 3576              		.loc 1 1920 21 is_stmt 0 view .LVU1237
 3577 0038 8287     		strh	r2, [r0, #60]	@ movhi
1921:platform/HAL/src/stm32g4xx_hal_spi.c **** 
 3578              		.loc 1 1921 3 is_stmt 1 view .LVU1238
ARM GAS  /tmp/ccMpXq91.s 			page 160


1921:platform/HAL/src/stm32g4xx_hal_spi.c **** 
 3579              		.loc 1 1921 21 is_stmt 0 view .LVU1239
 3580 003a C287     		strh	r2, [r0, #62]	@ movhi
1924:platform/HAL/src/stm32g4xx_hal_spi.c ****   hspi->TxISR       = NULL;
 3581              		.loc 1 1924 3 is_stmt 1 view .LVU1240
1924:platform/HAL/src/stm32g4xx_hal_spi.c ****   hspi->TxISR       = NULL;
 3582              		.loc 1 1924 21 is_stmt 0 view .LVU1241
 3583 003c 0364     		str	r3, [r0, #64]
1925:platform/HAL/src/stm32g4xx_hal_spi.c ****   hspi->RxISR       = NULL;
 3584              		.loc 1 1925 3 is_stmt 1 view .LVU1242
1925:platform/HAL/src/stm32g4xx_hal_spi.c ****   hspi->RxISR       = NULL;
 3585              		.loc 1 1925 21 is_stmt 0 view .LVU1243
 3586 003e 0365     		str	r3, [r0, #80]
1926:platform/HAL/src/stm32g4xx_hal_spi.c ****   hspi->RxXferSize  = 0U;
 3587              		.loc 1 1926 3 is_stmt 1 view .LVU1244
1926:platform/HAL/src/stm32g4xx_hal_spi.c ****   hspi->RxXferSize  = 0U;
 3588              		.loc 1 1926 21 is_stmt 0 view .LVU1245
 3589 0040 C364     		str	r3, [r0, #76]
1927:platform/HAL/src/stm32g4xx_hal_spi.c ****   hspi->RxXferCount = 0U;
 3590              		.loc 1 1927 3 is_stmt 1 view .LVU1246
1927:platform/HAL/src/stm32g4xx_hal_spi.c ****   hspi->RxXferCount = 0U;
 3591              		.loc 1 1927 21 is_stmt 0 view .LVU1247
 3592 0042 A0F84430 		strh	r3, [r0, #68]	@ movhi
1928:platform/HAL/src/stm32g4xx_hal_spi.c **** 
 3593              		.loc 1 1928 3 is_stmt 1 view .LVU1248
1928:platform/HAL/src/stm32g4xx_hal_spi.c **** 
 3594              		.loc 1 1928 21 is_stmt 0 view .LVU1249
 3595 0046 A0F84630 		strh	r3, [r0, #70]	@ movhi
1931:platform/HAL/src/stm32g4xx_hal_spi.c ****   {
 3596              		.loc 1 1931 3 is_stmt 1 view .LVU1250
1931:platform/HAL/src/stm32g4xx_hal_spi.c ****   {
 3597              		.loc 1 1931 17 is_stmt 0 view .LVU1251
 3598 004a 8368     		ldr	r3, [r0, #8]
1931:platform/HAL/src/stm32g4xx_hal_spi.c ****   {
 3599              		.loc 1 1931 6 view .LVU1252
 3600 004c B3F5004F 		cmp	r3, #32768
 3601 0050 3CD0     		beq	.L265
 3602              	.LVL203:
 3603              	.L257:
1947:platform/HAL/src/stm32g4xx_hal_spi.c **** 
 3604              		.loc 1 1947 3 is_stmt 1 view .LVU1253
1947:platform/HAL/src/stm32g4xx_hal_spi.c **** 
 3605              		.loc 1 1947 7 is_stmt 0 view .LVU1254
 3606 0052 636D     		ldr	r3, [r4, #84]
1947:platform/HAL/src/stm32g4xx_hal_spi.c **** 
 3607              		.loc 1 1947 38 view .LVU1255
 3608 0054 364A     		ldr	r2, .L268
 3609 0056 1A63     		str	r2, [r3, #48]
1950:platform/HAL/src/stm32g4xx_hal_spi.c **** 
 3610              		.loc 1 1950 3 is_stmt 1 view .LVU1256
1950:platform/HAL/src/stm32g4xx_hal_spi.c **** 
 3611              		.loc 1 1950 7 is_stmt 0 view .LVU1257
 3612 0058 636D     		ldr	r3, [r4, #84]
1950:platform/HAL/src/stm32g4xx_hal_spi.c **** 
 3613              		.loc 1 1950 34 view .LVU1258
 3614 005a 364A     		ldr	r2, .L268+4
 3615 005c DA62     		str	r2, [r3, #44]
ARM GAS  /tmp/ccMpXq91.s 			page 161


1953:platform/HAL/src/stm32g4xx_hal_spi.c **** 
 3616              		.loc 1 1953 3 is_stmt 1 view .LVU1259
1953:platform/HAL/src/stm32g4xx_hal_spi.c **** 
 3617              		.loc 1 1953 7 is_stmt 0 view .LVU1260
 3618 005e 636D     		ldr	r3, [r4, #84]
1953:platform/HAL/src/stm32g4xx_hal_spi.c **** 
 3619              		.loc 1 1953 35 view .LVU1261
 3620 0060 354A     		ldr	r2, .L268+8
 3621 0062 5A63     		str	r2, [r3, #52]
1956:platform/HAL/src/stm32g4xx_hal_spi.c **** 
 3622              		.loc 1 1956 3 is_stmt 1 view .LVU1262
1956:platform/HAL/src/stm32g4xx_hal_spi.c **** 
 3623              		.loc 1 1956 7 is_stmt 0 view .LVU1263
 3624 0064 636D     		ldr	r3, [r4, #84]
1956:platform/HAL/src/stm32g4xx_hal_spi.c **** 
 3625              		.loc 1 1956 35 view .LVU1264
 3626 0066 0022     		movs	r2, #0
 3627 0068 9A63     		str	r2, [r3, #56]
1958:platform/HAL/src/stm32g4xx_hal_spi.c ****   /* Packing mode is enabled only if the DMA setting is HALWORD */
 3628              		.loc 1 1958 3 is_stmt 1 view .LVU1265
 3629 006a 2268     		ldr	r2, [r4]
 3630 006c 5368     		ldr	r3, [r2, #4]
 3631 006e 23F48043 		bic	r3, r3, #16384
 3632 0072 5360     		str	r3, [r2, #4]
1960:platform/HAL/src/stm32g4xx_hal_spi.c ****   {
 3633              		.loc 1 1960 3 view .LVU1266
1960:platform/HAL/src/stm32g4xx_hal_spi.c ****   {
 3634              		.loc 1 1960 18 is_stmt 0 view .LVU1267
 3635 0074 E368     		ldr	r3, [r4, #12]
1960:platform/HAL/src/stm32g4xx_hal_spi.c ****   {
 3636              		.loc 1 1960 6 view .LVU1268
 3637 0076 B3F5E06F 		cmp	r3, #1792
 3638 007a 04D8     		bhi	.L258
1960:platform/HAL/src/stm32g4xx_hal_spi.c ****   {
 3639              		.loc 1 1960 58 discriminator 1 view .LVU1269
 3640 007c 636D     		ldr	r3, [r4, #84]
1960:platform/HAL/src/stm32g4xx_hal_spi.c ****   {
 3641              		.loc 1 1960 72 discriminator 1 view .LVU1270
 3642 007e 9B69     		ldr	r3, [r3, #24]
1960:platform/HAL/src/stm32g4xx_hal_spi.c ****   {
 3643              		.loc 1 1960 50 discriminator 1 view .LVU1271
 3644 0080 B3F5806F 		cmp	r3, #1024
 3645 0084 2DD0     		beq	.L266
 3646              	.L258:
1976:platform/HAL/src/stm32g4xx_hal_spi.c ****                                  hspi->TxXferCount))
 3647              		.loc 1 1976 3 is_stmt 1 view .LVU1272
1976:platform/HAL/src/stm32g4xx_hal_spi.c ****                                  hspi->TxXferCount))
 3648              		.loc 1 1976 91 is_stmt 0 view .LVU1273
 3649 0086 2268     		ldr	r2, [r4]
1977:platform/HAL/src/stm32g4xx_hal_spi.c ****   {
 3650              		.loc 1 1977 38 view .LVU1274
 3651 0088 E38F     		ldrh	r3, [r4, #62]
1976:platform/HAL/src/stm32g4xx_hal_spi.c ****                                  hspi->TxXferCount))
 3652              		.loc 1 1976 17 view .LVU1275
 3653 008a 9BB2     		uxth	r3, r3
 3654 008c 0C32     		adds	r2, r2, #12
 3655 008e A16B     		ldr	r1, [r4, #56]
ARM GAS  /tmp/ccMpXq91.s 			page 162


 3656              	.LVL204:
1976:platform/HAL/src/stm32g4xx_hal_spi.c ****                                  hspi->TxXferCount))
 3657              		.loc 1 1976 17 view .LVU1276
 3658 0090 606D     		ldr	r0, [r4, #84]
 3659              	.LVL205:
1976:platform/HAL/src/stm32g4xx_hal_spi.c ****                                  hspi->TxXferCount))
 3660              		.loc 1 1976 17 view .LVU1277
 3661 0092 FFF7FEFF 		bl	HAL_DMA_Start_IT
 3662              	.LVL206:
1976:platform/HAL/src/stm32g4xx_hal_spi.c ****                                  hspi->TxXferCount))
 3663              		.loc 1 1976 6 discriminator 1 view .LVU1278
 3664 0096 0146     		mov	r1, r0
 3665 0098 0028     		cmp	r0, #0
 3666 009a 3BD1     		bne	.L267
1987:platform/HAL/src/stm32g4xx_hal_spi.c ****   {
 3667              		.loc 1 1987 3 is_stmt 1 view .LVU1279
1987:platform/HAL/src/stm32g4xx_hal_spi.c ****   {
 3668              		.loc 1 1987 12 is_stmt 0 view .LVU1280
 3669 009c 2368     		ldr	r3, [r4]
1987:platform/HAL/src/stm32g4xx_hal_spi.c ****   {
 3670              		.loc 1 1987 22 view .LVU1281
 3671 009e 1A68     		ldr	r2, [r3]
1987:platform/HAL/src/stm32g4xx_hal_spi.c ****   {
 3672              		.loc 1 1987 6 view .LVU1282
 3673 00a0 12F0400F 		tst	r2, #64
 3674 00a4 03D1     		bne	.L261
1990:platform/HAL/src/stm32g4xx_hal_spi.c ****   }
 3675              		.loc 1 1990 5 is_stmt 1 view .LVU1283
 3676 00a6 1A68     		ldr	r2, [r3]
 3677 00a8 42F04002 		orr	r2, r2, #64
 3678 00ac 1A60     		str	r2, [r3]
 3679              	.L261:
1994:platform/HAL/src/stm32g4xx_hal_spi.c **** 
 3680              		.loc 1 1994 3 view .LVU1284
1994:platform/HAL/src/stm32g4xx_hal_spi.c **** 
 3681              		.loc 1 1994 3 view .LVU1285
 3682 00ae 0023     		movs	r3, #0
 3683 00b0 84F85C30 		strb	r3, [r4, #92]
1994:platform/HAL/src/stm32g4xx_hal_spi.c **** 
 3684              		.loc 1 1994 3 view .LVU1286
1997:platform/HAL/src/stm32g4xx_hal_spi.c **** 
 3685              		.loc 1 1997 3 view .LVU1287
 3686 00b4 2268     		ldr	r2, [r4]
 3687 00b6 5368     		ldr	r3, [r2, #4]
 3688 00b8 43F02003 		orr	r3, r3, #32
 3689 00bc 5360     		str	r3, [r2, #4]
2000:platform/HAL/src/stm32g4xx_hal_spi.c **** 
 3690              		.loc 1 2000 3 view .LVU1288
 3691 00be 2268     		ldr	r2, [r4]
 3692 00c0 5368     		ldr	r3, [r2, #4]
 3693 00c2 43F00203 		orr	r3, r3, #2
 3694 00c6 5360     		str	r3, [r2, #4]
2002:platform/HAL/src/stm32g4xx_hal_spi.c **** }
 3695              		.loc 1 2002 3 view .LVU1289
2002:platform/HAL/src/stm32g4xx_hal_spi.c **** }
 3696              		.loc 1 2002 10 is_stmt 0 view .LVU1290
 3697 00c8 0D46     		mov	r5, r1
ARM GAS  /tmp/ccMpXq91.s 			page 163


 3698 00ca 2CE0     		b	.L256
 3699              	.LVL207:
 3700              	.L265:
1934:platform/HAL/src/stm32g4xx_hal_spi.c ****     SPI_1LINE_TX(hspi);
 3701              		.loc 1 1934 5 is_stmt 1 view .LVU1291
 3702 00cc 0268     		ldr	r2, [r0]
 3703              	.LVL208:
1934:platform/HAL/src/stm32g4xx_hal_spi.c ****     SPI_1LINE_TX(hspi);
 3704              		.loc 1 1934 5 is_stmt 0 view .LVU1292
 3705 00ce 1368     		ldr	r3, [r2]
 3706 00d0 23F04003 		bic	r3, r3, #64
 3707 00d4 1360     		str	r3, [r2]
 3708              	.LVL209:
1935:platform/HAL/src/stm32g4xx_hal_spi.c ****   }
 3709              		.loc 1 1935 5 is_stmt 1 view .LVU1293
 3710 00d6 0268     		ldr	r2, [r0]
 3711 00d8 1368     		ldr	r3, [r2]
 3712 00da 43F48043 		orr	r3, r3, #16384
 3713 00de 1360     		str	r3, [r2]
 3714 00e0 B7E7     		b	.L257
 3715              	.L266:
1963:platform/HAL/src/stm32g4xx_hal_spi.c ****     {
 3716              		.loc 1 1963 5 view .LVU1294
1963:platform/HAL/src/stm32g4xx_hal_spi.c ****     {
 3717              		.loc 1 1963 14 is_stmt 0 view .LVU1295
 3718 00e2 E38F     		ldrh	r3, [r4, #62]
1963:platform/HAL/src/stm32g4xx_hal_spi.c ****     {
 3719              		.loc 1 1963 8 view .LVU1296
 3720 00e4 13F0010F 		tst	r3, #1
 3721 00e8 09D1     		bne	.L259
1965:platform/HAL/src/stm32g4xx_hal_spi.c ****       hspi->TxXferCount = (hspi->TxXferCount >> 1U);
 3722              		.loc 1 1965 7 is_stmt 1 view .LVU1297
 3723 00ea 2268     		ldr	r2, [r4]
 3724 00ec 5368     		ldr	r3, [r2, #4]
 3725 00ee 23F48043 		bic	r3, r3, #16384
 3726 00f2 5360     		str	r3, [r2, #4]
1966:platform/HAL/src/stm32g4xx_hal_spi.c ****     }
 3727              		.loc 1 1966 7 view .LVU1298
1966:platform/HAL/src/stm32g4xx_hal_spi.c ****     }
 3728              		.loc 1 1966 32 is_stmt 0 view .LVU1299
 3729 00f4 E38F     		ldrh	r3, [r4, #62]
1966:platform/HAL/src/stm32g4xx_hal_spi.c ****     }
 3730              		.loc 1 1966 25 view .LVU1300
 3731 00f6 C3F34E03 		ubfx	r3, r3, #1, #15
 3732 00fa E387     		strh	r3, [r4, #62]	@ movhi
 3733 00fc C3E7     		b	.L258
 3734              	.L259:
1970:platform/HAL/src/stm32g4xx_hal_spi.c ****       hspi->TxXferCount = (hspi->TxXferCount >> 1U) + 1U;
 3735              		.loc 1 1970 7 is_stmt 1 view .LVU1301
 3736 00fe 2268     		ldr	r2, [r4]
 3737 0100 5368     		ldr	r3, [r2, #4]
 3738 0102 43F48043 		orr	r3, r3, #16384
 3739 0106 5360     		str	r3, [r2, #4]
1971:platform/HAL/src/stm32g4xx_hal_spi.c ****     }
 3740              		.loc 1 1971 7 view .LVU1302
1971:platform/HAL/src/stm32g4xx_hal_spi.c ****     }
 3741              		.loc 1 1971 32 is_stmt 0 view .LVU1303
ARM GAS  /tmp/ccMpXq91.s 			page 164


 3742 0108 E38F     		ldrh	r3, [r4, #62]
1971:platform/HAL/src/stm32g4xx_hal_spi.c ****     }
 3743              		.loc 1 1971 53 view .LVU1304
 3744 010a C3F34E03 		ubfx	r3, r3, #1, #15
 3745 010e 0133     		adds	r3, r3, #1
1971:platform/HAL/src/stm32g4xx_hal_spi.c ****     }
 3746              		.loc 1 1971 25 view .LVU1305
 3747 0110 E387     		strh	r3, [r4, #62]	@ movhi
 3748 0112 B8E7     		b	.L258
 3749              	.LVL210:
 3750              	.L267:
1980:platform/HAL/src/stm32g4xx_hal_spi.c ****     /* Process Unlocked */
 3751              		.loc 1 1980 5 is_stmt 1 view .LVU1306
 3752 0114 236E     		ldr	r3, [r4, #96]
 3753 0116 43F01003 		orr	r3, r3, #16
 3754 011a 2366     		str	r3, [r4, #96]
1982:platform/HAL/src/stm32g4xx_hal_spi.c ****     return HAL_ERROR;
 3755              		.loc 1 1982 5 view .LVU1307
1982:platform/HAL/src/stm32g4xx_hal_spi.c ****     return HAL_ERROR;
 3756              		.loc 1 1982 5 view .LVU1308
 3757 011c 0023     		movs	r3, #0
 3758 011e 84F85C30 		strb	r3, [r4, #92]
1982:platform/HAL/src/stm32g4xx_hal_spi.c ****     return HAL_ERROR;
 3759              		.loc 1 1982 5 view .LVU1309
1983:platform/HAL/src/stm32g4xx_hal_spi.c ****   }
 3760              		.loc 1 1983 5 view .LVU1310
1983:platform/HAL/src/stm32g4xx_hal_spi.c ****   }
 3761              		.loc 1 1983 12 is_stmt 0 view .LVU1311
 3762 0122 00E0     		b	.L256
 3763              	.LVL211:
 3764              	.L262:
1905:platform/HAL/src/stm32g4xx_hal_spi.c ****   }
 3765              		.loc 1 1905 12 view .LVU1312
 3766 0124 0225     		movs	r5, #2
 3767              	.LVL212:
 3768              	.L256:
2003:platform/HAL/src/stm32g4xx_hal_spi.c **** 
 3769              		.loc 1 2003 1 view .LVU1313
 3770 0126 2846     		mov	r0, r5
 3771 0128 38BD     		pop	{r3, r4, r5, pc}
 3772              	.LVL213:
 3773              	.L263:
1914:platform/HAL/src/stm32g4xx_hal_spi.c **** 
 3774              		.loc 1 1914 3 discriminator 1 view .LVU1314
 3775 012a 0225     		movs	r5, #2
 3776 012c FBE7     		b	.L256
 3777              	.L269:
 3778 012e 00BF     		.align	2
 3779              	.L268:
 3780 0130 00000000 		.word	SPI_DMAHalfTransmitCplt
 3781 0134 00000000 		.word	SPI_DMATransmitCplt
 3782 0138 00000000 		.word	SPI_DMAError
 3783              		.cfi_endproc
 3784              	.LFE339:
 3786              		.section	.text.HAL_SPI_TransmitReceive_DMA,"ax",%progbits
 3787              		.align	1
 3788              		.global	HAL_SPI_TransmitReceive_DMA
ARM GAS  /tmp/ccMpXq91.s 			page 165


 3789              		.syntax unified
 3790              		.thumb
 3791              		.thumb_func
 3793              	HAL_SPI_TransmitReceive_DMA:
 3794              	.LVL214:
 3795              	.LFB341:
2157:platform/HAL/src/stm32g4xx_hal_spi.c ****   uint32_t             tmp_mode;
 3796              		.loc 1 2157 1 is_stmt 1 view -0
 3797              		.cfi_startproc
 3798              		@ args = 0, pretend = 0, frame = 0
 3799              		@ frame_needed = 0, uses_anonymous_args = 0
2157:platform/HAL/src/stm32g4xx_hal_spi.c ****   uint32_t             tmp_mode;
 3800              		.loc 1 2157 1 is_stmt 0 view .LVU1316
 3801 0000 38B5     		push	{r3, r4, r5, lr}
 3802              	.LCFI41:
 3803              		.cfi_def_cfa_offset 16
 3804              		.cfi_offset 3, -16
 3805              		.cfi_offset 4, -12
 3806              		.cfi_offset 5, -8
 3807              		.cfi_offset 14, -4
 3808 0002 0446     		mov	r4, r0
2158:platform/HAL/src/stm32g4xx_hal_spi.c ****   HAL_SPI_StateTypeDef tmp_state;
 3809              		.loc 1 2158 3 is_stmt 1 view .LVU1317
2159:platform/HAL/src/stm32g4xx_hal_spi.c **** 
 3810              		.loc 1 2159 3 view .LVU1318
2162:platform/HAL/src/stm32g4xx_hal_spi.c ****   assert_param(IS_SPI_DMA_HANDLE(hspi->hdmatx));
 3811              		.loc 1 2162 3 view .LVU1319
2163:platform/HAL/src/stm32g4xx_hal_spi.c **** 
 3812              		.loc 1 2163 3 view .LVU1320
2166:platform/HAL/src/stm32g4xx_hal_spi.c **** 
 3813              		.loc 1 2166 3 view .LVU1321
2169:platform/HAL/src/stm32g4xx_hal_spi.c ****   tmp_mode            = hspi->Init.Mode;
 3814              		.loc 1 2169 3 view .LVU1322
2169:platform/HAL/src/stm32g4xx_hal_spi.c ****   tmp_mode            = hspi->Init.Mode;
 3815              		.loc 1 2169 23 is_stmt 0 view .LVU1323
 3816 0004 90F85D00 		ldrb	r0, [r0, #93]	@ zero_extendqisi2
 3817              	.LVL215:
2170:platform/HAL/src/stm32g4xx_hal_spi.c **** 
 3818              		.loc 1 2170 3 is_stmt 1 view .LVU1324
2170:platform/HAL/src/stm32g4xx_hal_spi.c **** 
 3819              		.loc 1 2170 23 is_stmt 0 view .LVU1325
 3820 0008 6568     		ldr	r5, [r4, #4]
 3821              	.LVL216:
2172:platform/HAL/src/stm32g4xx_hal_spi.c ****         ((tmp_mode == SPI_MODE_MASTER) && (hspi->Init.Direction == SPI_DIRECTION_2LINES) &&
 3822              		.loc 1 2172 3 is_stmt 1 view .LVU1326
2172:platform/HAL/src/stm32g4xx_hal_spi.c ****         ((tmp_mode == SPI_MODE_MASTER) && (hspi->Init.Direction == SPI_DIRECTION_2LINES) &&
 3823              		.loc 1 2172 6 is_stmt 0 view .LVU1327
 3824 000a 0128     		cmp	r0, #1
 3825 000c 0DD0     		beq	.L271
 3826 000e 5FFA80FC 		uxtb	ip, r0
2172:platform/HAL/src/stm32g4xx_hal_spi.c ****         ((tmp_mode == SPI_MODE_MASTER) && (hspi->Init.Direction == SPI_DIRECTION_2LINES) &&
 3827              		.loc 1 2172 7 discriminator 1 view .LVU1328
 3828 0012 B5F5827F 		cmp	r5, #260
 3829 0016 40F0E780 		bne	.L284
2173:platform/HAL/src/stm32g4xx_hal_spi.c ****          (tmp_state == HAL_SPI_STATE_BUSY_RX))))
 3830              		.loc 1 2173 54 view .LVU1329
 3831 001a A068     		ldr	r0, [r4, #8]
ARM GAS  /tmp/ccMpXq91.s 			page 166


 3832              	.LVL217:
2173:platform/HAL/src/stm32g4xx_hal_spi.c ****          (tmp_state == HAL_SPI_STATE_BUSY_RX))))
 3833              		.loc 1 2173 40 view .LVU1330
 3834 001c 0028     		cmp	r0, #0
 3835 001e 40F0E580 		bne	.L285
2173:platform/HAL/src/stm32g4xx_hal_spi.c ****          (tmp_state == HAL_SPI_STATE_BUSY_RX))))
 3836              		.loc 1 2173 90 discriminator 1 view .LVU1331
 3837 0022 BCF1040F 		cmp	ip, #4
 3838 0026 40F0E380 		bne	.L286
 3839              	.LVL218:
 3840              	.L271:
2179:platform/HAL/src/stm32g4xx_hal_spi.c ****   {
 3841              		.loc 1 2179 3 is_stmt 1 view .LVU1332
2179:platform/HAL/src/stm32g4xx_hal_spi.c ****   {
 3842              		.loc 1 2179 6 is_stmt 0 view .LVU1333
 3843 002a 0029     		cmp	r1, #0
 3844 002c 00F0E280 		beq	.L287
2179:platform/HAL/src/stm32g4xx_hal_spi.c ****   {
 3845              		.loc 1 2179 25 discriminator 1 view .LVU1334
 3846 0030 002A     		cmp	r2, #0
 3847 0032 00F0E180 		beq	.L288
2179:platform/HAL/src/stm32g4xx_hal_spi.c ****   {
 3848              		.loc 1 2179 46 discriminator 2 view .LVU1335
 3849 0036 002B     		cmp	r3, #0
 3850 0038 00F0E080 		beq	.L289
2185:platform/HAL/src/stm32g4xx_hal_spi.c **** 
 3851              		.loc 1 2185 3 is_stmt 1 view .LVU1336
2185:platform/HAL/src/stm32g4xx_hal_spi.c **** 
 3852              		.loc 1 2185 3 view .LVU1337
 3853 003c 94F85C00 		ldrb	r0, [r4, #92]	@ zero_extendqisi2
 3854 0040 0128     		cmp	r0, #1
 3855 0042 00F0DD80 		beq	.L290
2185:platform/HAL/src/stm32g4xx_hal_spi.c **** 
 3856              		.loc 1 2185 3 discriminator 2 view .LVU1338
 3857 0046 0120     		movs	r0, #1
 3858 0048 84F85C00 		strb	r0, [r4, #92]
2185:platform/HAL/src/stm32g4xx_hal_spi.c **** 
 3859              		.loc 1 2185 3 view .LVU1339
2188:platform/HAL/src/stm32g4xx_hal_spi.c ****   {
 3860              		.loc 1 2188 3 view .LVU1340
2188:platform/HAL/src/stm32g4xx_hal_spi.c ****   {
 3861              		.loc 1 2188 11 is_stmt 0 view .LVU1341
 3862 004c 94F85D00 		ldrb	r0, [r4, #93]	@ zero_extendqisi2
2188:platform/HAL/src/stm32g4xx_hal_spi.c ****   {
 3863              		.loc 1 2188 6 view .LVU1342
 3864 0050 0428     		cmp	r0, #4
 3865 0052 02D0     		beq	.L273
2190:platform/HAL/src/stm32g4xx_hal_spi.c ****   }
 3866              		.loc 1 2190 5 is_stmt 1 view .LVU1343
2190:platform/HAL/src/stm32g4xx_hal_spi.c ****   }
 3867              		.loc 1 2190 17 is_stmt 0 view .LVU1344
 3868 0054 0520     		movs	r0, #5
 3869 0056 84F85D00 		strb	r0, [r4, #93]
 3870              	.L273:
2194:platform/HAL/src/stm32g4xx_hal_spi.c ****   hspi->pTxBuffPtr  = (const uint8_t *)pTxData;
 3871              		.loc 1 2194 3 is_stmt 1 view .LVU1345
2194:platform/HAL/src/stm32g4xx_hal_spi.c ****   hspi->pTxBuffPtr  = (const uint8_t *)pTxData;
ARM GAS  /tmp/ccMpXq91.s 			page 167


 3872              		.loc 1 2194 21 is_stmt 0 view .LVU1346
 3873 005a 0020     		movs	r0, #0
 3874 005c 2066     		str	r0, [r4, #96]
2195:platform/HAL/src/stm32g4xx_hal_spi.c ****   hspi->TxXferSize  = Size;
 3875              		.loc 1 2195 3 is_stmt 1 view .LVU1347
2195:platform/HAL/src/stm32g4xx_hal_spi.c ****   hspi->TxXferSize  = Size;
 3876              		.loc 1 2195 21 is_stmt 0 view .LVU1348
 3877 005e A163     		str	r1, [r4, #56]
2196:platform/HAL/src/stm32g4xx_hal_spi.c ****   hspi->TxXferCount = Size;
 3878              		.loc 1 2196 3 is_stmt 1 view .LVU1349
2196:platform/HAL/src/stm32g4xx_hal_spi.c ****   hspi->TxXferCount = Size;
 3879              		.loc 1 2196 21 is_stmt 0 view .LVU1350
 3880 0060 A387     		strh	r3, [r4, #60]	@ movhi
2197:platform/HAL/src/stm32g4xx_hal_spi.c ****   hspi->pRxBuffPtr  = (uint8_t *)pRxData;
 3881              		.loc 1 2197 3 is_stmt 1 view .LVU1351
2197:platform/HAL/src/stm32g4xx_hal_spi.c ****   hspi->pRxBuffPtr  = (uint8_t *)pRxData;
 3882              		.loc 1 2197 21 is_stmt 0 view .LVU1352
 3883 0062 E387     		strh	r3, [r4, #62]	@ movhi
2198:platform/HAL/src/stm32g4xx_hal_spi.c ****   hspi->RxXferSize  = Size;
 3884              		.loc 1 2198 3 is_stmt 1 view .LVU1353
2198:platform/HAL/src/stm32g4xx_hal_spi.c ****   hspi->RxXferSize  = Size;
 3885              		.loc 1 2198 21 is_stmt 0 view .LVU1354
 3886 0064 2264     		str	r2, [r4, #64]
2199:platform/HAL/src/stm32g4xx_hal_spi.c ****   hspi->RxXferCount = Size;
 3887              		.loc 1 2199 3 is_stmt 1 view .LVU1355
2199:platform/HAL/src/stm32g4xx_hal_spi.c ****   hspi->RxXferCount = Size;
 3888              		.loc 1 2199 21 is_stmt 0 view .LVU1356
 3889 0066 A4F84430 		strh	r3, [r4, #68]	@ movhi
2200:platform/HAL/src/stm32g4xx_hal_spi.c **** 
 3890              		.loc 1 2200 3 is_stmt 1 view .LVU1357
2200:platform/HAL/src/stm32g4xx_hal_spi.c **** 
 3891              		.loc 1 2200 21 is_stmt 0 view .LVU1358
 3892 006a A4F84630 		strh	r3, [r4, #70]	@ movhi
2203:platform/HAL/src/stm32g4xx_hal_spi.c ****   hspi->TxISR       = NULL;
 3893              		.loc 1 2203 3 is_stmt 1 view .LVU1359
2203:platform/HAL/src/stm32g4xx_hal_spi.c ****   hspi->TxISR       = NULL;
 3894              		.loc 1 2203 21 is_stmt 0 view .LVU1360
 3895 006e E064     		str	r0, [r4, #76]
2204:platform/HAL/src/stm32g4xx_hal_spi.c **** 
 3896              		.loc 1 2204 3 is_stmt 1 view .LVU1361
2204:platform/HAL/src/stm32g4xx_hal_spi.c **** 
 3897              		.loc 1 2204 21 is_stmt 0 view .LVU1362
 3898 0070 2065     		str	r0, [r4, #80]
2215:platform/HAL/src/stm32g4xx_hal_spi.c **** 
 3899              		.loc 1 2215 3 is_stmt 1 view .LVU1363
 3900 0072 2268     		ldr	r2, [r4]
 3901              	.LVL219:
2215:platform/HAL/src/stm32g4xx_hal_spi.c **** 
 3902              		.loc 1 2215 3 is_stmt 0 view .LVU1364
 3903 0074 5368     		ldr	r3, [r2, #4]
 3904              	.LVL220:
2215:platform/HAL/src/stm32g4xx_hal_spi.c **** 
 3905              		.loc 1 2215 3 view .LVU1365
 3906 0076 23F4C043 		bic	r3, r3, #24576
 3907 007a 5360     		str	r3, [r2, #4]
 3908              	.LVL221:
2218:platform/HAL/src/stm32g4xx_hal_spi.c ****   {
ARM GAS  /tmp/ccMpXq91.s 			page 168


 3909              		.loc 1 2218 3 is_stmt 1 view .LVU1366
2218:platform/HAL/src/stm32g4xx_hal_spi.c ****   {
 3910              		.loc 1 2218 17 is_stmt 0 view .LVU1367
 3911 007c E368     		ldr	r3, [r4, #12]
2218:platform/HAL/src/stm32g4xx_hal_spi.c ****   {
 3912              		.loc 1 2218 6 view .LVU1368
 3913 007e B3F5E06F 		cmp	r3, #1792
 3914 0082 28D9     		bls	.L274
2221:platform/HAL/src/stm32g4xx_hal_spi.c ****   }
 3915              		.loc 1 2221 5 is_stmt 1 view .LVU1369
 3916 0084 2268     		ldr	r2, [r4]
 3917 0086 5368     		ldr	r3, [r2, #4]
 3918 0088 23F48053 		bic	r3, r3, #4096
 3919 008c 5360     		str	r3, [r2, #4]
 3920              	.L275:
2261:platform/HAL/src/stm32g4xx_hal_spi.c ****   {
 3921              		.loc 1 2261 3 view .LVU1370
2261:platform/HAL/src/stm32g4xx_hal_spi.c ****   {
 3922              		.loc 1 2261 11 is_stmt 0 view .LVU1371
 3923 008e 94F85D30 		ldrb	r3, [r4, #93]	@ zero_extendqisi2
2261:platform/HAL/src/stm32g4xx_hal_spi.c ****   {
 3924              		.loc 1 2261 6 view .LVU1372
 3925 0092 042B     		cmp	r3, #4
 3926 0094 6AD0     		beq	.L292
2270:platform/HAL/src/stm32g4xx_hal_spi.c ****     hspi->hdmarx->XferCpltCallback     = SPI_DMATransmitReceiveCplt;
 3927              		.loc 1 2270 5 is_stmt 1 view .LVU1373
2270:platform/HAL/src/stm32g4xx_hal_spi.c ****     hspi->hdmarx->XferCpltCallback     = SPI_DMATransmitReceiveCplt;
 3928              		.loc 1 2270 9 is_stmt 0 view .LVU1374
 3929 0096 A36D     		ldr	r3, [r4, #88]
2270:platform/HAL/src/stm32g4xx_hal_spi.c ****     hspi->hdmarx->XferCpltCallback     = SPI_DMATransmitReceiveCplt;
 3930              		.loc 1 2270 40 view .LVU1375
 3931 0098 5A4A     		ldr	r2, .L295
 3932 009a 1A63     		str	r2, [r3, #48]
2271:platform/HAL/src/stm32g4xx_hal_spi.c ****   }
 3933              		.loc 1 2271 5 is_stmt 1 view .LVU1376
2271:platform/HAL/src/stm32g4xx_hal_spi.c ****   }
 3934              		.loc 1 2271 9 is_stmt 0 view .LVU1377
 3935 009c A36D     		ldr	r3, [r4, #88]
2271:platform/HAL/src/stm32g4xx_hal_spi.c ****   }
 3936              		.loc 1 2271 40 view .LVU1378
 3937 009e 5A4A     		ldr	r2, .L295+4
 3938 00a0 DA62     		str	r2, [r3, #44]
 3939              	.L280:
2275:platform/HAL/src/stm32g4xx_hal_spi.c **** 
 3940              		.loc 1 2275 3 is_stmt 1 view .LVU1379
2275:platform/HAL/src/stm32g4xx_hal_spi.c **** 
 3941              		.loc 1 2275 7 is_stmt 0 view .LVU1380
 3942 00a2 A36D     		ldr	r3, [r4, #88]
2275:platform/HAL/src/stm32g4xx_hal_spi.c **** 
 3943              		.loc 1 2275 35 view .LVU1381
 3944 00a4 594A     		ldr	r2, .L295+8
 3945 00a6 5A63     		str	r2, [r3, #52]
2278:platform/HAL/src/stm32g4xx_hal_spi.c **** 
 3946              		.loc 1 2278 3 is_stmt 1 view .LVU1382
2278:platform/HAL/src/stm32g4xx_hal_spi.c **** 
 3947              		.loc 1 2278 7 is_stmt 0 view .LVU1383
 3948 00a8 A36D     		ldr	r3, [r4, #88]
ARM GAS  /tmp/ccMpXq91.s 			page 169


2278:platform/HAL/src/stm32g4xx_hal_spi.c **** 
 3949              		.loc 1 2278 35 view .LVU1384
 3950 00aa 0022     		movs	r2, #0
 3951 00ac 9A63     		str	r2, [r3, #56]
2281:platform/HAL/src/stm32g4xx_hal_spi.c ****                                  hspi->RxXferCount))
 3952              		.loc 1 2281 3 is_stmt 1 view .LVU1385
2281:platform/HAL/src/stm32g4xx_hal_spi.c ****                                  hspi->RxXferCount))
 3953              		.loc 1 2281 63 is_stmt 0 view .LVU1386
 3954 00ae 2168     		ldr	r1, [r4]
 3955              	.LVL222:
2282:platform/HAL/src/stm32g4xx_hal_spi.c ****   {
 3956              		.loc 1 2282 38 view .LVU1387
 3957 00b0 B4F84630 		ldrh	r3, [r4, #70]
2281:platform/HAL/src/stm32g4xx_hal_spi.c ****                                  hspi->RxXferCount))
 3958              		.loc 1 2281 17 view .LVU1388
 3959 00b4 9BB2     		uxth	r3, r3
 3960 00b6 226C     		ldr	r2, [r4, #64]
 3961 00b8 0C31     		adds	r1, r1, #12
 3962 00ba A06D     		ldr	r0, [r4, #88]
 3963 00bc FFF7FEFF 		bl	HAL_DMA_Start_IT
 3964              	.LVL223:
2281:platform/HAL/src/stm32g4xx_hal_spi.c ****                                  hspi->RxXferCount))
 3965              		.loc 1 2281 6 discriminator 1 view .LVU1389
 3966 00c0 0028     		cmp	r0, #0
 3967 00c2 5AD0     		beq	.L281
2285:platform/HAL/src/stm32g4xx_hal_spi.c ****     /* Process Unlocked */
 3968              		.loc 1 2285 5 is_stmt 1 view .LVU1390
 3969 00c4 236E     		ldr	r3, [r4, #96]
 3970 00c6 43F01003 		orr	r3, r3, #16
 3971 00ca 2366     		str	r3, [r4, #96]
2287:platform/HAL/src/stm32g4xx_hal_spi.c ****     return HAL_ERROR;
 3972              		.loc 1 2287 5 view .LVU1391
2287:platform/HAL/src/stm32g4xx_hal_spi.c ****     return HAL_ERROR;
 3973              		.loc 1 2287 5 view .LVU1392
 3974 00cc 0023     		movs	r3, #0
 3975 00ce 84F85C30 		strb	r3, [r4, #92]
2287:platform/HAL/src/stm32g4xx_hal_spi.c ****     return HAL_ERROR;
 3976              		.loc 1 2287 5 view .LVU1393
2288:platform/HAL/src/stm32g4xx_hal_spi.c ****   }
 3977              		.loc 1 2288 5 view .LVU1394
2288:platform/HAL/src/stm32g4xx_hal_spi.c ****   }
 3978              		.loc 1 2288 12 is_stmt 0 view .LVU1395
 3979 00d2 0120     		movs	r0, #1
 3980 00d4 89E0     		b	.L272
 3981              	.LVL224:
 3982              	.L274:
2226:platform/HAL/src/stm32g4xx_hal_spi.c **** 
 3983              		.loc 1 2226 5 is_stmt 1 view .LVU1396
 3984 00d6 2268     		ldr	r2, [r4]
 3985 00d8 5368     		ldr	r3, [r2, #4]
 3986 00da 43F48053 		orr	r3, r3, #4096
 3987 00de 5360     		str	r3, [r2, #4]
2228:platform/HAL/src/stm32g4xx_hal_spi.c ****     {
 3988              		.loc 1 2228 5 view .LVU1397
2228:platform/HAL/src/stm32g4xx_hal_spi.c ****     {
 3989              		.loc 1 2228 13 is_stmt 0 view .LVU1398
 3990 00e0 636D     		ldr	r3, [r4, #84]
ARM GAS  /tmp/ccMpXq91.s 			page 170


2228:platform/HAL/src/stm32g4xx_hal_spi.c ****     {
 3991              		.loc 1 2228 27 view .LVU1399
 3992 00e2 9B69     		ldr	r3, [r3, #24]
2228:platform/HAL/src/stm32g4xx_hal_spi.c ****     {
 3993              		.loc 1 2228 8 view .LVU1400
 3994 00e4 B3F5806F 		cmp	r3, #1024
 3995 00e8 1AD0     		beq	.L293
 3996              	.L276:
2242:platform/HAL/src/stm32g4xx_hal_spi.c ****     {
 3997              		.loc 1 2242 5 is_stmt 1 view .LVU1401
2242:platform/HAL/src/stm32g4xx_hal_spi.c ****     {
 3998              		.loc 1 2242 13 is_stmt 0 view .LVU1402
 3999 00ea A36D     		ldr	r3, [r4, #88]
2242:platform/HAL/src/stm32g4xx_hal_spi.c ****     {
 4000              		.loc 1 2242 27 view .LVU1403
 4001 00ec 9B69     		ldr	r3, [r3, #24]
2242:platform/HAL/src/stm32g4xx_hal_spi.c ****     {
 4002              		.loc 1 2242 8 view .LVU1404
 4003 00ee B3F5806F 		cmp	r3, #1024
 4004 00f2 CCD1     		bne	.L275
2245:platform/HAL/src/stm32g4xx_hal_spi.c **** 
 4005              		.loc 1 2245 7 is_stmt 1 view .LVU1405
 4006 00f4 2268     		ldr	r2, [r4]
 4007 00f6 5368     		ldr	r3, [r2, #4]
 4008 00f8 23F48053 		bic	r3, r3, #4096
 4009 00fc 5360     		str	r3, [r2, #4]
2247:platform/HAL/src/stm32g4xx_hal_spi.c ****       {
 4010              		.loc 1 2247 7 view .LVU1406
2247:platform/HAL/src/stm32g4xx_hal_spi.c ****       {
 4011              		.loc 1 2247 16 is_stmt 0 view .LVU1407
 4012 00fe B4F84630 		ldrh	r3, [r4, #70]
2247:platform/HAL/src/stm32g4xx_hal_spi.c ****       {
 4013              		.loc 1 2247 10 view .LVU1408
 4014 0102 13F0010F 		tst	r3, #1
 4015 0106 24D1     		bne	.L278
2249:platform/HAL/src/stm32g4xx_hal_spi.c ****         hspi->RxXferCount = hspi->RxXferCount >> 1U;
 4016              		.loc 1 2249 9 is_stmt 1 view .LVU1409
 4017 0108 2268     		ldr	r2, [r4]
 4018 010a 5368     		ldr	r3, [r2, #4]
 4019 010c 23F40053 		bic	r3, r3, #8192
 4020 0110 5360     		str	r3, [r2, #4]
2250:platform/HAL/src/stm32g4xx_hal_spi.c ****       }
 4021              		.loc 1 2250 9 view .LVU1410
2250:platform/HAL/src/stm32g4xx_hal_spi.c ****       }
 4022              		.loc 1 2250 33 is_stmt 0 view .LVU1411
 4023 0112 B4F84630 		ldrh	r3, [r4, #70]
2250:platform/HAL/src/stm32g4xx_hal_spi.c ****       }
 4024              		.loc 1 2250 27 view .LVU1412
 4025 0116 C3F34E03 		ubfx	r3, r3, #1, #15
 4026 011a A4F84630 		strh	r3, [r4, #70]	@ movhi
 4027 011e B6E7     		b	.L275
 4028              	.L293:
2230:platform/HAL/src/stm32g4xx_hal_spi.c ****       {
 4029              		.loc 1 2230 7 is_stmt 1 view .LVU1413
2230:platform/HAL/src/stm32g4xx_hal_spi.c ****       {
 4030              		.loc 1 2230 16 is_stmt 0 view .LVU1414
 4031 0120 A38F     		ldrh	r3, [r4, #60]
ARM GAS  /tmp/ccMpXq91.s 			page 171


2230:platform/HAL/src/stm32g4xx_hal_spi.c ****       {
 4032              		.loc 1 2230 10 view .LVU1415
 4033 0122 13F0010F 		tst	r3, #1
 4034 0126 09D1     		bne	.L277
2232:platform/HAL/src/stm32g4xx_hal_spi.c ****         hspi->TxXferCount = hspi->TxXferCount >> 1U;
 4035              		.loc 1 2232 9 is_stmt 1 view .LVU1416
 4036 0128 2268     		ldr	r2, [r4]
 4037 012a 5368     		ldr	r3, [r2, #4]
 4038 012c 23F48043 		bic	r3, r3, #16384
 4039 0130 5360     		str	r3, [r2, #4]
2233:platform/HAL/src/stm32g4xx_hal_spi.c ****       }
 4040              		.loc 1 2233 9 view .LVU1417
2233:platform/HAL/src/stm32g4xx_hal_spi.c ****       }
 4041              		.loc 1 2233 33 is_stmt 0 view .LVU1418
 4042 0132 E38F     		ldrh	r3, [r4, #62]
2233:platform/HAL/src/stm32g4xx_hal_spi.c ****       }
 4043              		.loc 1 2233 27 view .LVU1419
 4044 0134 C3F34E03 		ubfx	r3, r3, #1, #15
 4045 0138 E387     		strh	r3, [r4, #62]	@ movhi
 4046 013a D6E7     		b	.L276
 4047              	.L277:
2237:platform/HAL/src/stm32g4xx_hal_spi.c ****         hspi->TxXferCount = (hspi->TxXferCount >> 1U) + 1U;
 4048              		.loc 1 2237 9 is_stmt 1 view .LVU1420
 4049 013c 2268     		ldr	r2, [r4]
 4050 013e 5368     		ldr	r3, [r2, #4]
 4051 0140 43F48043 		orr	r3, r3, #16384
 4052 0144 5360     		str	r3, [r2, #4]
2238:platform/HAL/src/stm32g4xx_hal_spi.c ****       }
 4053              		.loc 1 2238 9 view .LVU1421
2238:platform/HAL/src/stm32g4xx_hal_spi.c ****       }
 4054              		.loc 1 2238 34 is_stmt 0 view .LVU1422
 4055 0146 E38F     		ldrh	r3, [r4, #62]
2238:platform/HAL/src/stm32g4xx_hal_spi.c ****       }
 4056              		.loc 1 2238 55 view .LVU1423
 4057 0148 C3F34E03 		ubfx	r3, r3, #1, #15
 4058 014c 0133     		adds	r3, r3, #1
2238:platform/HAL/src/stm32g4xx_hal_spi.c ****       }
 4059              		.loc 1 2238 27 view .LVU1424
 4060 014e E387     		strh	r3, [r4, #62]	@ movhi
 4061 0150 CBE7     		b	.L276
 4062              	.L278:
2254:platform/HAL/src/stm32g4xx_hal_spi.c ****         hspi->RxXferCount = (hspi->RxXferCount >> 1U) + 1U;
 4063              		.loc 1 2254 9 is_stmt 1 view .LVU1425
 4064 0152 2268     		ldr	r2, [r4]
 4065 0154 5368     		ldr	r3, [r2, #4]
 4066 0156 43F40053 		orr	r3, r3, #8192
 4067 015a 5360     		str	r3, [r2, #4]
2255:platform/HAL/src/stm32g4xx_hal_spi.c ****       }
 4068              		.loc 1 2255 9 view .LVU1426
2255:platform/HAL/src/stm32g4xx_hal_spi.c ****       }
 4069              		.loc 1 2255 34 is_stmt 0 view .LVU1427
 4070 015c B4F84630 		ldrh	r3, [r4, #70]
2255:platform/HAL/src/stm32g4xx_hal_spi.c ****       }
 4071              		.loc 1 2255 55 view .LVU1428
 4072 0160 C3F34E03 		ubfx	r3, r3, #1, #15
 4073 0164 0133     		adds	r3, r3, #1
2255:platform/HAL/src/stm32g4xx_hal_spi.c ****       }
ARM GAS  /tmp/ccMpXq91.s 			page 172


 4074              		.loc 1 2255 27 view .LVU1429
 4075 0166 A4F84630 		strh	r3, [r4, #70]	@ movhi
 4076 016a 90E7     		b	.L275
 4077              	.L292:
2264:platform/HAL/src/stm32g4xx_hal_spi.c ****     hspi->hdmarx->XferCpltCallback     = SPI_DMAReceiveCplt;
 4078              		.loc 1 2264 5 is_stmt 1 view .LVU1430
2264:platform/HAL/src/stm32g4xx_hal_spi.c ****     hspi->hdmarx->XferCpltCallback     = SPI_DMAReceiveCplt;
 4079              		.loc 1 2264 9 is_stmt 0 view .LVU1431
 4080 016c A36D     		ldr	r3, [r4, #88]
2264:platform/HAL/src/stm32g4xx_hal_spi.c ****     hspi->hdmarx->XferCpltCallback     = SPI_DMAReceiveCplt;
 4081              		.loc 1 2264 40 view .LVU1432
 4082 016e 284A     		ldr	r2, .L295+12
 4083 0170 1A63     		str	r2, [r3, #48]
2265:platform/HAL/src/stm32g4xx_hal_spi.c ****   }
 4084              		.loc 1 2265 5 is_stmt 1 view .LVU1433
2265:platform/HAL/src/stm32g4xx_hal_spi.c ****   }
 4085              		.loc 1 2265 9 is_stmt 0 view .LVU1434
 4086 0172 A36D     		ldr	r3, [r4, #88]
2265:platform/HAL/src/stm32g4xx_hal_spi.c ****   }
 4087              		.loc 1 2265 40 view .LVU1435
 4088 0174 274A     		ldr	r2, .L295+16
 4089 0176 DA62     		str	r2, [r3, #44]
 4090 0178 93E7     		b	.L280
 4091              	.LVL225:
 4092              	.L281:
2292:platform/HAL/src/stm32g4xx_hal_spi.c **** 
 4093              		.loc 1 2292 3 is_stmt 1 view .LVU1436
 4094 017a 2268     		ldr	r2, [r4]
 4095 017c 5368     		ldr	r3, [r2, #4]
 4096 017e 43F00103 		orr	r3, r3, #1
 4097 0182 5360     		str	r3, [r2, #4]
2296:platform/HAL/src/stm32g4xx_hal_spi.c ****   hspi->hdmatx->XferCpltCallback     = NULL;
 4098              		.loc 1 2296 3 view .LVU1437
2296:platform/HAL/src/stm32g4xx_hal_spi.c ****   hspi->hdmatx->XferCpltCallback     = NULL;
 4099              		.loc 1 2296 7 is_stmt 0 view .LVU1438
 4100 0184 626D     		ldr	r2, [r4, #84]
2296:platform/HAL/src/stm32g4xx_hal_spi.c ****   hspi->hdmatx->XferCpltCallback     = NULL;
 4101              		.loc 1 2296 38 view .LVU1439
 4102 0186 0023     		movs	r3, #0
 4103 0188 1363     		str	r3, [r2, #48]
2297:platform/HAL/src/stm32g4xx_hal_spi.c ****   hspi->hdmatx->XferErrorCallback    = NULL;
 4104              		.loc 1 2297 3 is_stmt 1 view .LVU1440
2297:platform/HAL/src/stm32g4xx_hal_spi.c ****   hspi->hdmatx->XferErrorCallback    = NULL;
 4105              		.loc 1 2297 7 is_stmt 0 view .LVU1441
 4106 018a 626D     		ldr	r2, [r4, #84]
2297:platform/HAL/src/stm32g4xx_hal_spi.c ****   hspi->hdmatx->XferErrorCallback    = NULL;
 4107              		.loc 1 2297 38 view .LVU1442
 4108 018c D362     		str	r3, [r2, #44]
2298:platform/HAL/src/stm32g4xx_hal_spi.c ****   hspi->hdmatx->XferAbortCallback    = NULL;
 4109              		.loc 1 2298 3 is_stmt 1 view .LVU1443
2298:platform/HAL/src/stm32g4xx_hal_spi.c ****   hspi->hdmatx->XferAbortCallback    = NULL;
 4110              		.loc 1 2298 7 is_stmt 0 view .LVU1444
 4111 018e 626D     		ldr	r2, [r4, #84]
2298:platform/HAL/src/stm32g4xx_hal_spi.c ****   hspi->hdmatx->XferAbortCallback    = NULL;
 4112              		.loc 1 2298 38 view .LVU1445
 4113 0190 5363     		str	r3, [r2, #52]
2299:platform/HAL/src/stm32g4xx_hal_spi.c **** 
ARM GAS  /tmp/ccMpXq91.s 			page 173


 4114              		.loc 1 2299 3 is_stmt 1 view .LVU1446
2299:platform/HAL/src/stm32g4xx_hal_spi.c **** 
 4115              		.loc 1 2299 7 is_stmt 0 view .LVU1447
 4116 0192 626D     		ldr	r2, [r4, #84]
2299:platform/HAL/src/stm32g4xx_hal_spi.c **** 
 4117              		.loc 1 2299 38 view .LVU1448
 4118 0194 9363     		str	r3, [r2, #56]
2302:platform/HAL/src/stm32g4xx_hal_spi.c ****                                  hspi->TxXferCount))
 4119              		.loc 1 2302 3 is_stmt 1 view .LVU1449
2302:platform/HAL/src/stm32g4xx_hal_spi.c ****                                  hspi->TxXferCount))
 4120              		.loc 1 2302 91 is_stmt 0 view .LVU1450
 4121 0196 2268     		ldr	r2, [r4]
2303:platform/HAL/src/stm32g4xx_hal_spi.c ****   {
 4122              		.loc 1 2303 38 view .LVU1451
 4123 0198 E38F     		ldrh	r3, [r4, #62]
2302:platform/HAL/src/stm32g4xx_hal_spi.c ****                                  hspi->TxXferCount))
 4124              		.loc 1 2302 17 view .LVU1452
 4125 019a 9BB2     		uxth	r3, r3
 4126 019c 0C32     		adds	r2, r2, #12
 4127 019e A16B     		ldr	r1, [r4, #56]
 4128 01a0 606D     		ldr	r0, [r4, #84]
 4129 01a2 FFF7FEFF 		bl	HAL_DMA_Start_IT
 4130              	.LVL226:
2302:platform/HAL/src/stm32g4xx_hal_spi.c ****                                  hspi->TxXferCount))
 4131              		.loc 1 2302 6 discriminator 1 view .LVU1453
 4132 01a6 B0B9     		cbnz	r0, .L294
2313:platform/HAL/src/stm32g4xx_hal_spi.c ****   {
 4133              		.loc 1 2313 3 is_stmt 1 view .LVU1454
2313:platform/HAL/src/stm32g4xx_hal_spi.c ****   {
 4134              		.loc 1 2313 12 is_stmt 0 view .LVU1455
 4135 01a8 2368     		ldr	r3, [r4]
2313:platform/HAL/src/stm32g4xx_hal_spi.c ****   {
 4136              		.loc 1 2313 22 view .LVU1456
 4137 01aa 1A68     		ldr	r2, [r3]
2313:platform/HAL/src/stm32g4xx_hal_spi.c ****   {
 4138              		.loc 1 2313 6 view .LVU1457
 4139 01ac 12F0400F 		tst	r2, #64
 4140 01b0 03D1     		bne	.L283
2316:platform/HAL/src/stm32g4xx_hal_spi.c ****   }
 4141              		.loc 1 2316 5 is_stmt 1 view .LVU1458
 4142 01b2 1A68     		ldr	r2, [r3]
 4143 01b4 42F04002 		orr	r2, r2, #64
 4144 01b8 1A60     		str	r2, [r3]
 4145              	.L283:
2320:platform/HAL/src/stm32g4xx_hal_spi.c **** 
 4146              		.loc 1 2320 3 view .LVU1459
2320:platform/HAL/src/stm32g4xx_hal_spi.c **** 
 4147              		.loc 1 2320 3 view .LVU1460
 4148 01ba 0023     		movs	r3, #0
 4149 01bc 84F85C30 		strb	r3, [r4, #92]
2320:platform/HAL/src/stm32g4xx_hal_spi.c **** 
 4150              		.loc 1 2320 3 view .LVU1461
2323:platform/HAL/src/stm32g4xx_hal_spi.c **** 
 4151              		.loc 1 2323 3 view .LVU1462
 4152 01c0 2268     		ldr	r2, [r4]
 4153 01c2 5368     		ldr	r3, [r2, #4]
 4154 01c4 43F02003 		orr	r3, r3, #32
ARM GAS  /tmp/ccMpXq91.s 			page 174


 4155 01c8 5360     		str	r3, [r2, #4]
2326:platform/HAL/src/stm32g4xx_hal_spi.c **** 
 4156              		.loc 1 2326 3 view .LVU1463
 4157 01ca 2268     		ldr	r2, [r4]
 4158 01cc 5368     		ldr	r3, [r2, #4]
 4159 01ce 43F00203 		orr	r3, r3, #2
 4160 01d2 5360     		str	r3, [r2, #4]
2328:platform/HAL/src/stm32g4xx_hal_spi.c **** }
 4161              		.loc 1 2328 3 view .LVU1464
2328:platform/HAL/src/stm32g4xx_hal_spi.c **** }
 4162              		.loc 1 2328 10 is_stmt 0 view .LVU1465
 4163 01d4 09E0     		b	.L272
 4164              	.L294:
2306:platform/HAL/src/stm32g4xx_hal_spi.c ****     /* Process Unlocked */
 4165              		.loc 1 2306 5 is_stmt 1 view .LVU1466
 4166 01d6 236E     		ldr	r3, [r4, #96]
 4167 01d8 43F01003 		orr	r3, r3, #16
 4168 01dc 2366     		str	r3, [r4, #96]
2308:platform/HAL/src/stm32g4xx_hal_spi.c ****     return HAL_ERROR;
 4169              		.loc 1 2308 5 view .LVU1467
2308:platform/HAL/src/stm32g4xx_hal_spi.c ****     return HAL_ERROR;
 4170              		.loc 1 2308 5 view .LVU1468
 4171 01de 0023     		movs	r3, #0
 4172 01e0 84F85C30 		strb	r3, [r4, #92]
2308:platform/HAL/src/stm32g4xx_hal_spi.c ****     return HAL_ERROR;
 4173              		.loc 1 2308 5 view .LVU1469
2309:platform/HAL/src/stm32g4xx_hal_spi.c ****   }
 4174              		.loc 1 2309 5 view .LVU1470
2309:platform/HAL/src/stm32g4xx_hal_spi.c ****   }
 4175              		.loc 1 2309 12 is_stmt 0 view .LVU1471
 4176 01e4 0120     		movs	r0, #1
 4177 01e6 00E0     		b	.L272
 4178              	.LVL227:
 4179              	.L284:
2176:platform/HAL/src/stm32g4xx_hal_spi.c ****   }
 4180              		.loc 1 2176 12 view .LVU1472
 4181 01e8 0220     		movs	r0, #2
 4182              	.LVL228:
 4183              	.L272:
2329:platform/HAL/src/stm32g4xx_hal_spi.c **** 
 4184              		.loc 1 2329 1 view .LVU1473
 4185 01ea 38BD     		pop	{r3, r4, r5, pc}
 4186              	.LVL229:
 4187              	.L285:
2176:platform/HAL/src/stm32g4xx_hal_spi.c ****   }
 4188              		.loc 1 2176 12 view .LVU1474
 4189 01ec 0220     		movs	r0, #2
 4190 01ee FCE7     		b	.L272
 4191              	.L286:
 4192 01f0 0220     		movs	r0, #2
 4193 01f2 FAE7     		b	.L272
 4194              	.LVL230:
 4195              	.L287:
2181:platform/HAL/src/stm32g4xx_hal_spi.c ****   }
 4196              		.loc 1 2181 12 view .LVU1475
 4197 01f4 0120     		movs	r0, #1
 4198 01f6 F8E7     		b	.L272
ARM GAS  /tmp/ccMpXq91.s 			page 175


 4199              	.L288:
 4200 01f8 0120     		movs	r0, #1
 4201 01fa F6E7     		b	.L272
 4202              	.L289:
 4203 01fc 0120     		movs	r0, #1
 4204 01fe F4E7     		b	.L272
 4205              	.L290:
2185:platform/HAL/src/stm32g4xx_hal_spi.c **** 
 4206              		.loc 1 2185 3 discriminator 1 view .LVU1476
 4207 0200 0220     		movs	r0, #2
 4208 0202 F2E7     		b	.L272
 4209              	.L296:
 4210              		.align	2
 4211              	.L295:
 4212 0204 00000000 		.word	SPI_DMAHalfTransmitReceiveCplt
 4213 0208 00000000 		.word	SPI_DMATransmitReceiveCplt
 4214 020c 00000000 		.word	SPI_DMAError
 4215 0210 00000000 		.word	SPI_DMAHalfReceiveCplt
 4216 0214 00000000 		.word	SPI_DMAReceiveCplt
 4217              		.cfi_endproc
 4218              	.LFE341:
 4220              		.section	.text.HAL_SPI_Receive_DMA,"ax",%progbits
 4221              		.align	1
 4222              		.global	HAL_SPI_Receive_DMA
 4223              		.syntax unified
 4224              		.thumb
 4225              		.thumb_func
 4227              	HAL_SPI_Receive_DMA:
 4228              	.LVL231:
 4229              	.LFB340:
2016:platform/HAL/src/stm32g4xx_hal_spi.c ****   /* Check rx dma handle */
 4230              		.loc 1 2016 1 is_stmt 1 view -0
 4231              		.cfi_startproc
 4232              		@ args = 0, pretend = 0, frame = 0
 4233              		@ frame_needed = 0, uses_anonymous_args = 0
2016:platform/HAL/src/stm32g4xx_hal_spi.c ****   /* Check rx dma handle */
 4234              		.loc 1 2016 1 is_stmt 0 view .LVU1478
 4235 0000 38B5     		push	{r3, r4, r5, lr}
 4236              	.LCFI42:
 4237              		.cfi_def_cfa_offset 16
 4238              		.cfi_offset 3, -16
 4239              		.cfi_offset 4, -12
 4240              		.cfi_offset 5, -8
 4241              		.cfi_offset 14, -4
2018:platform/HAL/src/stm32g4xx_hal_spi.c **** 
 4242              		.loc 1 2018 3 is_stmt 1 view .LVU1479
2020:platform/HAL/src/stm32g4xx_hal_spi.c ****   {
 4243              		.loc 1 2020 3 view .LVU1480
2020:platform/HAL/src/stm32g4xx_hal_spi.c ****   {
 4244              		.loc 1 2020 11 is_stmt 0 view .LVU1481
 4245 0002 90F85D30 		ldrb	r3, [r0, #93]	@ zero_extendqisi2
2020:platform/HAL/src/stm32g4xx_hal_spi.c ****   {
 4246              		.loc 1 2020 6 view .LVU1482
 4247 0006 012B     		cmp	r3, #1
 4248 0008 40F0AF80 		bne	.L306
 4249 000c 0446     		mov	r4, r0
 4250 000e DDB2     		uxtb	r5, r3
ARM GAS  /tmp/ccMpXq91.s 			page 176


2025:platform/HAL/src/stm32g4xx_hal_spi.c ****   {
 4251              		.loc 1 2025 3 is_stmt 1 view .LVU1483
2025:platform/HAL/src/stm32g4xx_hal_spi.c ****   {
 4252              		.loc 1 2025 6 is_stmt 0 view .LVU1484
 4253 0010 0029     		cmp	r1, #0
 4254 0012 00F0AB80 		beq	.L298
2025:platform/HAL/src/stm32g4xx_hal_spi.c ****   {
 4255              		.loc 1 2025 23 discriminator 1 view .LVU1485
 4256 0016 002A     		cmp	r2, #0
 4257 0018 00F0A880 		beq	.L298
2030:platform/HAL/src/stm32g4xx_hal_spi.c ****   {
 4258              		.loc 1 2030 3 is_stmt 1 view .LVU1486
2030:platform/HAL/src/stm32g4xx_hal_spi.c ****   {
 4259              		.loc 1 2030 18 is_stmt 0 view .LVU1487
 4260 001c 8068     		ldr	r0, [r0, #8]
 4261              	.LVL232:
2030:platform/HAL/src/stm32g4xx_hal_spi.c ****   {
 4262              		.loc 1 2030 6 view .LVU1488
 4263 001e 18B9     		cbnz	r0, .L299
2030:platform/HAL/src/stm32g4xx_hal_spi.c ****   {
 4264              		.loc 1 2030 68 discriminator 1 view .LVU1489
 4265 0020 6368     		ldr	r3, [r4, #4]
2030:platform/HAL/src/stm32g4xx_hal_spi.c ****   {
 4266              		.loc 1 2030 54 discriminator 1 view .LVU1490
 4267 0022 B3F5827F 		cmp	r3, #260
 4268 0026 56D0     		beq	.L309
 4269              	.L299:
2042:platform/HAL/src/stm32g4xx_hal_spi.c **** 
 4270              		.loc 1 2042 3 is_stmt 1 view .LVU1491
2042:platform/HAL/src/stm32g4xx_hal_spi.c **** 
 4271              		.loc 1 2042 3 view .LVU1492
 4272 0028 94F85C30 		ldrb	r3, [r4, #92]	@ zero_extendqisi2
 4273 002c 012B     		cmp	r3, #1
 4274 002e 00F09F80 		beq	.L307
2042:platform/HAL/src/stm32g4xx_hal_spi.c **** 
 4275              		.loc 1 2042 3 discriminator 2 view .LVU1493
 4276 0032 0123     		movs	r3, #1
 4277 0034 84F85C30 		strb	r3, [r4, #92]
2042:platform/HAL/src/stm32g4xx_hal_spi.c **** 
 4278              		.loc 1 2042 3 view .LVU1494
2045:platform/HAL/src/stm32g4xx_hal_spi.c ****   hspi->ErrorCode   = HAL_SPI_ERROR_NONE;
 4279              		.loc 1 2045 3 view .LVU1495
2045:platform/HAL/src/stm32g4xx_hal_spi.c ****   hspi->ErrorCode   = HAL_SPI_ERROR_NONE;
 4280              		.loc 1 2045 21 is_stmt 0 view .LVU1496
 4281 0038 0423     		movs	r3, #4
 4282 003a 84F85D30 		strb	r3, [r4, #93]
2046:platform/HAL/src/stm32g4xx_hal_spi.c ****   hspi->pRxBuffPtr  = (uint8_t *)pData;
 4283              		.loc 1 2046 3 is_stmt 1 view .LVU1497
2046:platform/HAL/src/stm32g4xx_hal_spi.c ****   hspi->pRxBuffPtr  = (uint8_t *)pData;
 4284              		.loc 1 2046 21 is_stmt 0 view .LVU1498
 4285 003e 0023     		movs	r3, #0
 4286 0040 2366     		str	r3, [r4, #96]
2047:platform/HAL/src/stm32g4xx_hal_spi.c ****   hspi->RxXferSize  = Size;
 4287              		.loc 1 2047 3 is_stmt 1 view .LVU1499
2047:platform/HAL/src/stm32g4xx_hal_spi.c ****   hspi->RxXferSize  = Size;
 4288              		.loc 1 2047 21 is_stmt 0 view .LVU1500
 4289 0042 2164     		str	r1, [r4, #64]
ARM GAS  /tmp/ccMpXq91.s 			page 177


2048:platform/HAL/src/stm32g4xx_hal_spi.c ****   hspi->RxXferCount = Size;
 4290              		.loc 1 2048 3 is_stmt 1 view .LVU1501
2048:platform/HAL/src/stm32g4xx_hal_spi.c ****   hspi->RxXferCount = Size;
 4291              		.loc 1 2048 21 is_stmt 0 view .LVU1502
 4292 0044 A4F84420 		strh	r2, [r4, #68]	@ movhi
2049:platform/HAL/src/stm32g4xx_hal_spi.c **** 
 4293              		.loc 1 2049 3 is_stmt 1 view .LVU1503
2049:platform/HAL/src/stm32g4xx_hal_spi.c **** 
 4294              		.loc 1 2049 21 is_stmt 0 view .LVU1504
 4295 0048 A4F84620 		strh	r2, [r4, #70]	@ movhi
2052:platform/HAL/src/stm32g4xx_hal_spi.c ****   hspi->TxISR       = NULL;
 4296              		.loc 1 2052 3 is_stmt 1 view .LVU1505
2052:platform/HAL/src/stm32g4xx_hal_spi.c ****   hspi->TxISR       = NULL;
 4297              		.loc 1 2052 21 is_stmt 0 view .LVU1506
 4298 004c E364     		str	r3, [r4, #76]
2053:platform/HAL/src/stm32g4xx_hal_spi.c ****   hspi->TxXferSize  = 0U;
 4299              		.loc 1 2053 3 is_stmt 1 view .LVU1507
2053:platform/HAL/src/stm32g4xx_hal_spi.c ****   hspi->TxXferSize  = 0U;
 4300              		.loc 1 2053 21 is_stmt 0 view .LVU1508
 4301 004e 2365     		str	r3, [r4, #80]
2054:platform/HAL/src/stm32g4xx_hal_spi.c ****   hspi->TxXferCount = 0U;
 4302              		.loc 1 2054 3 is_stmt 1 view .LVU1509
2054:platform/HAL/src/stm32g4xx_hal_spi.c ****   hspi->TxXferCount = 0U;
 4303              		.loc 1 2054 21 is_stmt 0 view .LVU1510
 4304 0050 A387     		strh	r3, [r4, #60]	@ movhi
2055:platform/HAL/src/stm32g4xx_hal_spi.c **** 
 4305              		.loc 1 2055 3 is_stmt 1 view .LVU1511
2055:platform/HAL/src/stm32g4xx_hal_spi.c **** 
 4306              		.loc 1 2055 21 is_stmt 0 view .LVU1512
 4307 0052 E387     		strh	r3, [r4, #62]	@ movhi
2058:platform/HAL/src/stm32g4xx_hal_spi.c ****   {
 4308              		.loc 1 2058 3 is_stmt 1 view .LVU1513
2058:platform/HAL/src/stm32g4xx_hal_spi.c ****   {
 4309              		.loc 1 2058 6 is_stmt 0 view .LVU1514
 4310 0054 B0F5004F 		cmp	r0, #32768
 4311 0058 47D0     		beq	.L310
 4312              	.LVL233:
 4313              	.L300:
2074:platform/HAL/src/stm32g4xx_hal_spi.c ****   if (hspi->Init.DataSize > SPI_DATASIZE_8BIT)
 4314              		.loc 1 2074 3 is_stmt 1 view .LVU1515
 4315 005a 2268     		ldr	r2, [r4]
 4316 005c 5368     		ldr	r3, [r2, #4]
 4317 005e 23F40053 		bic	r3, r3, #8192
 4318 0062 5360     		str	r3, [r2, #4]
2075:platform/HAL/src/stm32g4xx_hal_spi.c ****   {
 4319              		.loc 1 2075 3 view .LVU1516
2075:platform/HAL/src/stm32g4xx_hal_spi.c ****   {
 4320              		.loc 1 2075 17 is_stmt 0 view .LVU1517
 4321 0064 E368     		ldr	r3, [r4, #12]
2075:platform/HAL/src/stm32g4xx_hal_spi.c ****   {
 4322              		.loc 1 2075 6 view .LVU1518
 4323 0066 B3F5E06F 		cmp	r3, #1792
 4324 006a 49D9     		bls	.L301
2078:platform/HAL/src/stm32g4xx_hal_spi.c ****   }
 4325              		.loc 1 2078 5 is_stmt 1 view .LVU1519
 4326 006c 2268     		ldr	r2, [r4]
 4327 006e 5368     		ldr	r3, [r2, #4]
ARM GAS  /tmp/ccMpXq91.s 			page 178


 4328 0070 23F48053 		bic	r3, r3, #4096
 4329 0074 5360     		str	r3, [r2, #4]
 4330              	.L302:
2104:platform/HAL/src/stm32g4xx_hal_spi.c **** 
 4331              		.loc 1 2104 3 view .LVU1520
2104:platform/HAL/src/stm32g4xx_hal_spi.c **** 
 4332              		.loc 1 2104 7 is_stmt 0 view .LVU1521
 4333 0076 A36D     		ldr	r3, [r4, #88]
2104:platform/HAL/src/stm32g4xx_hal_spi.c **** 
 4334              		.loc 1 2104 38 view .LVU1522
 4335 0078 3E4A     		ldr	r2, .L312
 4336 007a 1A63     		str	r2, [r3, #48]
2107:platform/HAL/src/stm32g4xx_hal_spi.c **** 
 4337              		.loc 1 2107 3 is_stmt 1 view .LVU1523
2107:platform/HAL/src/stm32g4xx_hal_spi.c **** 
 4338              		.loc 1 2107 7 is_stmt 0 view .LVU1524
 4339 007c A36D     		ldr	r3, [r4, #88]
2107:platform/HAL/src/stm32g4xx_hal_spi.c **** 
 4340              		.loc 1 2107 34 view .LVU1525
 4341 007e 3E4A     		ldr	r2, .L312+4
 4342 0080 DA62     		str	r2, [r3, #44]
2110:platform/HAL/src/stm32g4xx_hal_spi.c **** 
 4343              		.loc 1 2110 3 is_stmt 1 view .LVU1526
2110:platform/HAL/src/stm32g4xx_hal_spi.c **** 
 4344              		.loc 1 2110 7 is_stmt 0 view .LVU1527
 4345 0082 A36D     		ldr	r3, [r4, #88]
2110:platform/HAL/src/stm32g4xx_hal_spi.c **** 
 4346              		.loc 1 2110 35 view .LVU1528
 4347 0084 3D4A     		ldr	r2, .L312+8
 4348 0086 5A63     		str	r2, [r3, #52]
2113:platform/HAL/src/stm32g4xx_hal_spi.c **** 
 4349              		.loc 1 2113 3 is_stmt 1 view .LVU1529
2113:platform/HAL/src/stm32g4xx_hal_spi.c **** 
 4350              		.loc 1 2113 7 is_stmt 0 view .LVU1530
 4351 0088 A36D     		ldr	r3, [r4, #88]
2113:platform/HAL/src/stm32g4xx_hal_spi.c **** 
 4352              		.loc 1 2113 35 view .LVU1531
 4353 008a 0022     		movs	r2, #0
 4354 008c 9A63     		str	r2, [r3, #56]
2116:platform/HAL/src/stm32g4xx_hal_spi.c ****                                  hspi->RxXferCount))
 4355              		.loc 1 2116 3 is_stmt 1 view .LVU1532
2116:platform/HAL/src/stm32g4xx_hal_spi.c ****                                  hspi->RxXferCount))
 4356              		.loc 1 2116 63 is_stmt 0 view .LVU1533
 4357 008e 2168     		ldr	r1, [r4]
 4358              	.LVL234:
2117:platform/HAL/src/stm32g4xx_hal_spi.c ****   {
 4359              		.loc 1 2117 38 view .LVU1534
 4360 0090 B4F84630 		ldrh	r3, [r4, #70]
2116:platform/HAL/src/stm32g4xx_hal_spi.c ****                                  hspi->RxXferCount))
 4361              		.loc 1 2116 17 view .LVU1535
 4362 0094 9BB2     		uxth	r3, r3
 4363 0096 226C     		ldr	r2, [r4, #64]
 4364 0098 0C31     		adds	r1, r1, #12
 4365 009a A06D     		ldr	r0, [r4, #88]
 4366 009c FFF7FEFF 		bl	HAL_DMA_Start_IT
 4367              	.LVL235:
2116:platform/HAL/src/stm32g4xx_hal_spi.c ****                                  hspi->RxXferCount))
ARM GAS  /tmp/ccMpXq91.s 			page 179


 4368              		.loc 1 2116 6 discriminator 1 view .LVU1536
 4369 00a0 0146     		mov	r1, r0
 4370 00a2 0028     		cmp	r0, #0
 4371 00a4 59D1     		bne	.L311
2127:platform/HAL/src/stm32g4xx_hal_spi.c ****   {
 4372              		.loc 1 2127 3 is_stmt 1 view .LVU1537
2127:platform/HAL/src/stm32g4xx_hal_spi.c ****   {
 4373              		.loc 1 2127 12 is_stmt 0 view .LVU1538
 4374 00a6 2368     		ldr	r3, [r4]
2127:platform/HAL/src/stm32g4xx_hal_spi.c ****   {
 4375              		.loc 1 2127 22 view .LVU1539
 4376 00a8 1A68     		ldr	r2, [r3]
2127:platform/HAL/src/stm32g4xx_hal_spi.c ****   {
 4377              		.loc 1 2127 6 view .LVU1540
 4378 00aa 12F0400F 		tst	r2, #64
 4379 00ae 03D1     		bne	.L305
2130:platform/HAL/src/stm32g4xx_hal_spi.c ****   }
 4380              		.loc 1 2130 5 is_stmt 1 view .LVU1541
 4381 00b0 1A68     		ldr	r2, [r3]
 4382 00b2 42F04002 		orr	r2, r2, #64
 4383 00b6 1A60     		str	r2, [r3]
 4384              	.L305:
2134:platform/HAL/src/stm32g4xx_hal_spi.c **** 
 4385              		.loc 1 2134 3 view .LVU1542
2134:platform/HAL/src/stm32g4xx_hal_spi.c **** 
 4386              		.loc 1 2134 3 view .LVU1543
 4387 00b8 0023     		movs	r3, #0
 4388 00ba 84F85C30 		strb	r3, [r4, #92]
2134:platform/HAL/src/stm32g4xx_hal_spi.c **** 
 4389              		.loc 1 2134 3 view .LVU1544
2137:platform/HAL/src/stm32g4xx_hal_spi.c **** 
 4390              		.loc 1 2137 3 view .LVU1545
 4391 00be 2268     		ldr	r2, [r4]
 4392 00c0 5368     		ldr	r3, [r2, #4]
 4393 00c2 43F02003 		orr	r3, r3, #32
 4394 00c6 5360     		str	r3, [r2, #4]
2140:platform/HAL/src/stm32g4xx_hal_spi.c **** 
 4395              		.loc 1 2140 3 view .LVU1546
 4396 00c8 2268     		ldr	r2, [r4]
 4397 00ca 5368     		ldr	r3, [r2, #4]
 4398 00cc 43F00103 		orr	r3, r3, #1
 4399 00d0 5360     		str	r3, [r2, #4]
2142:platform/HAL/src/stm32g4xx_hal_spi.c **** }
 4400              		.loc 1 2142 3 view .LVU1547
2142:platform/HAL/src/stm32g4xx_hal_spi.c **** }
 4401              		.loc 1 2142 10 is_stmt 0 view .LVU1548
 4402 00d2 0D46     		mov	r5, r1
 4403 00d4 4AE0     		b	.L298
 4404              	.LVL236:
 4405              	.L309:
2032:platform/HAL/src/stm32g4xx_hal_spi.c **** 
 4406              		.loc 1 2032 5 is_stmt 1 view .LVU1549
2032:platform/HAL/src/stm32g4xx_hal_spi.c **** 
 4407              		.loc 1 2032 17 is_stmt 0 view .LVU1550
 4408 00d6 0423     		movs	r3, #4
 4409 00d8 84F85D30 		strb	r3, [r4, #93]
2035:platform/HAL/src/stm32g4xx_hal_spi.c **** 
ARM GAS  /tmp/ccMpXq91.s 			page 180


 4410              		.loc 1 2035 5 is_stmt 1 view .LVU1551
2038:platform/HAL/src/stm32g4xx_hal_spi.c ****   }
 4411              		.loc 1 2038 5 view .LVU1552
2038:platform/HAL/src/stm32g4xx_hal_spi.c ****   }
 4412              		.loc 1 2038 12 is_stmt 0 view .LVU1553
 4413 00dc 1346     		mov	r3, r2
 4414 00de 0A46     		mov	r2, r1
 4415              	.LVL237:
2038:platform/HAL/src/stm32g4xx_hal_spi.c ****   }
 4416              		.loc 1 2038 12 view .LVU1554
 4417 00e0 2046     		mov	r0, r4
 4418 00e2 FFF7FEFF 		bl	HAL_SPI_TransmitReceive_DMA
 4419              	.LVL238:
2038:platform/HAL/src/stm32g4xx_hal_spi.c ****   }
 4420              		.loc 1 2038 12 view .LVU1555
 4421 00e6 0546     		mov	r5, r0
 4422 00e8 40E0     		b	.L298
 4423              	.LVL239:
 4424              	.L310:
2061:platform/HAL/src/stm32g4xx_hal_spi.c ****     SPI_1LINE_RX(hspi);
 4425              		.loc 1 2061 5 is_stmt 1 view .LVU1556
 4426 00ea 2268     		ldr	r2, [r4]
 4427              	.LVL240:
2061:platform/HAL/src/stm32g4xx_hal_spi.c ****     SPI_1LINE_RX(hspi);
 4428              		.loc 1 2061 5 is_stmt 0 view .LVU1557
 4429 00ec 1368     		ldr	r3, [r2]
 4430 00ee 23F04003 		bic	r3, r3, #64
 4431 00f2 1360     		str	r3, [r2]
 4432              	.LVL241:
2062:platform/HAL/src/stm32g4xx_hal_spi.c ****   }
 4433              		.loc 1 2062 5 is_stmt 1 view .LVU1558
 4434 00f4 2268     		ldr	r2, [r4]
 4435 00f6 1368     		ldr	r3, [r2]
 4436 00f8 23F48043 		bic	r3, r3, #16384
 4437 00fc 1360     		str	r3, [r2]
 4438 00fe ACE7     		b	.L300
 4439              	.L301:
2083:platform/HAL/src/stm32g4xx_hal_spi.c **** 
 4440              		.loc 1 2083 5 view .LVU1559
 4441 0100 2268     		ldr	r2, [r4]
 4442 0102 5368     		ldr	r3, [r2, #4]
 4443 0104 43F48053 		orr	r3, r3, #4096
 4444 0108 5360     		str	r3, [r2, #4]
2085:platform/HAL/src/stm32g4xx_hal_spi.c ****     {
 4445              		.loc 1 2085 5 view .LVU1560
2085:platform/HAL/src/stm32g4xx_hal_spi.c ****     {
 4446              		.loc 1 2085 13 is_stmt 0 view .LVU1561
 4447 010a A36D     		ldr	r3, [r4, #88]
2085:platform/HAL/src/stm32g4xx_hal_spi.c ****     {
 4448              		.loc 1 2085 27 view .LVU1562
 4449 010c 9B69     		ldr	r3, [r3, #24]
2085:platform/HAL/src/stm32g4xx_hal_spi.c ****     {
 4450              		.loc 1 2085 8 view .LVU1563
 4451 010e B3F5806F 		cmp	r3, #1024
 4452 0112 B0D1     		bne	.L302
2088:platform/HAL/src/stm32g4xx_hal_spi.c **** 
 4453              		.loc 1 2088 7 is_stmt 1 view .LVU1564
ARM GAS  /tmp/ccMpXq91.s 			page 181


 4454 0114 2268     		ldr	r2, [r4]
 4455 0116 5368     		ldr	r3, [r2, #4]
 4456 0118 23F48053 		bic	r3, r3, #4096
 4457 011c 5360     		str	r3, [r2, #4]
2090:platform/HAL/src/stm32g4xx_hal_spi.c ****       {
 4458              		.loc 1 2090 7 view .LVU1565
2090:platform/HAL/src/stm32g4xx_hal_spi.c ****       {
 4459              		.loc 1 2090 16 is_stmt 0 view .LVU1566
 4460 011e B4F84630 		ldrh	r3, [r4, #70]
2090:platform/HAL/src/stm32g4xx_hal_spi.c ****       {
 4461              		.loc 1 2090 10 view .LVU1567
 4462 0122 13F0010F 		tst	r3, #1
 4463 0126 0BD1     		bne	.L303
2092:platform/HAL/src/stm32g4xx_hal_spi.c ****         hspi->RxXferCount = hspi->RxXferCount >> 1U;
 4464              		.loc 1 2092 9 is_stmt 1 view .LVU1568
 4465 0128 2268     		ldr	r2, [r4]
 4466 012a 5368     		ldr	r3, [r2, #4]
 4467 012c 23F40053 		bic	r3, r3, #8192
 4468 0130 5360     		str	r3, [r2, #4]
2093:platform/HAL/src/stm32g4xx_hal_spi.c ****       }
 4469              		.loc 1 2093 9 view .LVU1569
2093:platform/HAL/src/stm32g4xx_hal_spi.c ****       }
 4470              		.loc 1 2093 33 is_stmt 0 view .LVU1570
 4471 0132 B4F84630 		ldrh	r3, [r4, #70]
2093:platform/HAL/src/stm32g4xx_hal_spi.c ****       }
 4472              		.loc 1 2093 27 view .LVU1571
 4473 0136 C3F34E03 		ubfx	r3, r3, #1, #15
 4474 013a A4F84630 		strh	r3, [r4, #70]	@ movhi
 4475 013e 9AE7     		b	.L302
 4476              	.L303:
2097:platform/HAL/src/stm32g4xx_hal_spi.c ****         hspi->RxXferCount = (hspi->RxXferCount >> 1U) + 1U;
 4477              		.loc 1 2097 9 is_stmt 1 view .LVU1572
 4478 0140 2268     		ldr	r2, [r4]
 4479 0142 5368     		ldr	r3, [r2, #4]
 4480 0144 43F40053 		orr	r3, r3, #8192
 4481 0148 5360     		str	r3, [r2, #4]
2098:platform/HAL/src/stm32g4xx_hal_spi.c ****       }
 4482              		.loc 1 2098 9 view .LVU1573
2098:platform/HAL/src/stm32g4xx_hal_spi.c ****       }
 4483              		.loc 1 2098 34 is_stmt 0 view .LVU1574
 4484 014a B4F84630 		ldrh	r3, [r4, #70]
2098:platform/HAL/src/stm32g4xx_hal_spi.c ****       }
 4485              		.loc 1 2098 55 view .LVU1575
 4486 014e C3F34E03 		ubfx	r3, r3, #1, #15
 4487 0152 0133     		adds	r3, r3, #1
2098:platform/HAL/src/stm32g4xx_hal_spi.c ****       }
 4488              		.loc 1 2098 27 view .LVU1576
 4489 0154 A4F84630 		strh	r3, [r4, #70]	@ movhi
 4490 0158 8DE7     		b	.L302
 4491              	.LVL242:
 4492              	.L311:
2120:platform/HAL/src/stm32g4xx_hal_spi.c ****     /* Process Unlocked */
 4493              		.loc 1 2120 5 is_stmt 1 view .LVU1577
 4494 015a 236E     		ldr	r3, [r4, #96]
 4495 015c 43F01003 		orr	r3, r3, #16
 4496 0160 2366     		str	r3, [r4, #96]
2122:platform/HAL/src/stm32g4xx_hal_spi.c ****     return HAL_ERROR;
ARM GAS  /tmp/ccMpXq91.s 			page 182


 4497              		.loc 1 2122 5 view .LVU1578
2122:platform/HAL/src/stm32g4xx_hal_spi.c ****     return HAL_ERROR;
 4498              		.loc 1 2122 5 view .LVU1579
 4499 0162 0023     		movs	r3, #0
 4500 0164 84F85C30 		strb	r3, [r4, #92]
2122:platform/HAL/src/stm32g4xx_hal_spi.c ****     return HAL_ERROR;
 4501              		.loc 1 2122 5 view .LVU1580
2123:platform/HAL/src/stm32g4xx_hal_spi.c ****   }
 4502              		.loc 1 2123 5 view .LVU1581
2123:platform/HAL/src/stm32g4xx_hal_spi.c ****   }
 4503              		.loc 1 2123 12 is_stmt 0 view .LVU1582
 4504 0168 00E0     		b	.L298
 4505              	.LVL243:
 4506              	.L306:
2022:platform/HAL/src/stm32g4xx_hal_spi.c ****   }
 4507              		.loc 1 2022 12 view .LVU1583
 4508 016a 0225     		movs	r5, #2
 4509              	.LVL244:
 4510              	.L298:
2143:platform/HAL/src/stm32g4xx_hal_spi.c **** 
 4511              		.loc 1 2143 1 view .LVU1584
 4512 016c 2846     		mov	r0, r5
 4513 016e 38BD     		pop	{r3, r4, r5, pc}
 4514              	.LVL245:
 4515              	.L307:
2042:platform/HAL/src/stm32g4xx_hal_spi.c **** 
 4516              		.loc 1 2042 3 discriminator 1 view .LVU1585
 4517 0170 0225     		movs	r5, #2
 4518 0172 FBE7     		b	.L298
 4519              	.L313:
 4520              		.align	2
 4521              	.L312:
 4522 0174 00000000 		.word	SPI_DMAHalfReceiveCplt
 4523 0178 00000000 		.word	SPI_DMAReceiveCplt
 4524 017c 00000000 		.word	SPI_DMAError
 4525              		.cfi_endproc
 4526              	.LFE340:
 4528              		.section	.text.HAL_SPI_Abort,"ax",%progbits
 4529              		.align	1
 4530              		.global	HAL_SPI_Abort
 4531              		.syntax unified
 4532              		.thumb
 4533              		.thumb_func
 4535              	HAL_SPI_Abort:
 4536              	.LVL246:
 4537              	.LFB342:
2345:platform/HAL/src/stm32g4xx_hal_spi.c ****   HAL_StatusTypeDef errorcode;
 4538              		.loc 1 2345 1 is_stmt 1 view -0
 4539              		.cfi_startproc
 4540              		@ args = 0, pretend = 0, frame = 16
 4541              		@ frame_needed = 0, uses_anonymous_args = 0
2345:platform/HAL/src/stm32g4xx_hal_spi.c ****   HAL_StatusTypeDef errorcode;
 4542              		.loc 1 2345 1 is_stmt 0 view .LVU1587
 4543 0000 10B5     		push	{r4, lr}
 4544              	.LCFI43:
 4545              		.cfi_def_cfa_offset 8
 4546              		.cfi_offset 4, -8
ARM GAS  /tmp/ccMpXq91.s 			page 183


 4547              		.cfi_offset 14, -4
 4548 0002 86B0     		sub	sp, sp, #24
 4549              	.LCFI44:
 4550              		.cfi_def_cfa_offset 32
 4551 0004 0446     		mov	r4, r0
2346:platform/HAL/src/stm32g4xx_hal_spi.c ****   __IO uint32_t count;
 4552              		.loc 1 2346 3 is_stmt 1 view .LVU1588
2347:platform/HAL/src/stm32g4xx_hal_spi.c ****   __IO uint32_t resetcount;
 4553              		.loc 1 2347 3 view .LVU1589
2348:platform/HAL/src/stm32g4xx_hal_spi.c **** 
 4554              		.loc 1 2348 3 view .LVU1590
2351:platform/HAL/src/stm32g4xx_hal_spi.c ****   resetcount = SPI_DEFAULT_TIMEOUT * (SystemCoreClock / 24U / 1000U);
 4555              		.loc 1 2351 3 view .LVU1591
 4556              	.LVL247:
2352:platform/HAL/src/stm32g4xx_hal_spi.c ****   count = resetcount;
 4557              		.loc 1 2352 3 view .LVU1592
2352:platform/HAL/src/stm32g4xx_hal_spi.c ****   count = resetcount;
 4558              		.loc 1 2352 61 is_stmt 0 view .LVU1593
 4559 0006 5D4B     		ldr	r3, .L335
 4560 0008 1B68     		ldr	r3, [r3]
 4561 000a 5D4A     		ldr	r2, .L335+4
 4562 000c A2FB0323 		umull	r2, r3, r2, r3
 4563 0010 5B0A     		lsrs	r3, r3, #9
2352:platform/HAL/src/stm32g4xx_hal_spi.c ****   count = resetcount;
 4564              		.loc 1 2352 36 view .LVU1594
 4565 0012 6422     		movs	r2, #100
 4566 0014 02FB03F3 		mul	r3, r2, r3
2352:platform/HAL/src/stm32g4xx_hal_spi.c ****   count = resetcount;
 4567              		.loc 1 2352 14 view .LVU1595
 4568 0018 0493     		str	r3, [sp, #16]
2353:platform/HAL/src/stm32g4xx_hal_spi.c **** 
 4569              		.loc 1 2353 3 is_stmt 1 view .LVU1596
2353:platform/HAL/src/stm32g4xx_hal_spi.c **** 
 4570              		.loc 1 2353 9 is_stmt 0 view .LVU1597
 4571 001a 049B     		ldr	r3, [sp, #16]
 4572 001c 0593     		str	r3, [sp, #20]
2356:platform/HAL/src/stm32g4xx_hal_spi.c **** 
 4573              		.loc 1 2356 3 is_stmt 1 view .LVU1598
 4574 001e 0268     		ldr	r2, [r0]
 4575 0020 5368     		ldr	r3, [r2, #4]
 4576 0022 23F02003 		bic	r3, r3, #32
 4577 0026 5360     		str	r3, [r2, #4]
2359:platform/HAL/src/stm32g4xx_hal_spi.c ****   {
 4578              		.loc 1 2359 3 view .LVU1599
2359:platform/HAL/src/stm32g4xx_hal_spi.c ****   {
 4579              		.loc 1 2359 7 is_stmt 0 view .LVU1600
 4580 0028 0268     		ldr	r2, [r0]
 4581 002a 5368     		ldr	r3, [r2, #4]
2359:platform/HAL/src/stm32g4xx_hal_spi.c ****   {
 4582              		.loc 1 2359 6 view .LVU1601
 4583 002c 13F0800F 		tst	r3, #128
 4584 0030 11D0     		beq	.L315
2361:platform/HAL/src/stm32g4xx_hal_spi.c ****     /* Wait HAL_SPI_STATE_ABORT state */
 4585              		.loc 1 2361 5 is_stmt 1 view .LVU1602
2361:platform/HAL/src/stm32g4xx_hal_spi.c ****     /* Wait HAL_SPI_STATE_ABORT state */
 4586              		.loc 1 2361 17 is_stmt 0 view .LVU1603
 4587 0032 544B     		ldr	r3, .L335+8
ARM GAS  /tmp/ccMpXq91.s 			page 184


 4588 0034 0365     		str	r3, [r0, #80]
 4589              	.L318:
2363:platform/HAL/src/stm32g4xx_hal_spi.c ****     {
 4590              		.loc 1 2363 5 is_stmt 1 view .LVU1604
2365:platform/HAL/src/stm32g4xx_hal_spi.c ****       {
 4591              		.loc 1 2365 7 view .LVU1605
2365:platform/HAL/src/stm32g4xx_hal_spi.c ****       {
 4592              		.loc 1 2365 17 is_stmt 0 view .LVU1606
 4593 0036 059B     		ldr	r3, [sp, #20]
2365:platform/HAL/src/stm32g4xx_hal_spi.c ****       {
 4594              		.loc 1 2365 10 view .LVU1607
 4595 0038 3BB1     		cbz	r3, .L333
2370:platform/HAL/src/stm32g4xx_hal_spi.c ****     } while (hspi->State != HAL_SPI_STATE_ABORT);
 4596              		.loc 1 2370 7 is_stmt 1 view .LVU1608
2370:platform/HAL/src/stm32g4xx_hal_spi.c ****     } while (hspi->State != HAL_SPI_STATE_ABORT);
 4597              		.loc 1 2370 12 is_stmt 0 view .LVU1609
 4598 003a 059B     		ldr	r3, [sp, #20]
 4599 003c 013B     		subs	r3, r3, #1
 4600 003e 0593     		str	r3, [sp, #20]
2371:platform/HAL/src/stm32g4xx_hal_spi.c ****     /* Reset Timeout Counter */
 4601              		.loc 1 2371 26 is_stmt 1 view .LVU1610
2371:platform/HAL/src/stm32g4xx_hal_spi.c ****     /* Reset Timeout Counter */
 4602              		.loc 1 2371 18 is_stmt 0 view .LVU1611
 4603 0040 94F85D30 		ldrb	r3, [r4, #93]	@ zero_extendqisi2
2371:platform/HAL/src/stm32g4xx_hal_spi.c ****     /* Reset Timeout Counter */
 4604              		.loc 1 2371 26 view .LVU1612
 4605 0044 072B     		cmp	r3, #7
 4606 0046 F6D1     		bne	.L318
 4607 0048 03E0     		b	.L317
 4608              	.L333:
2367:platform/HAL/src/stm32g4xx_hal_spi.c ****         break;
 4609              		.loc 1 2367 9 is_stmt 1 view .LVU1613
 4610 004a 236E     		ldr	r3, [r4, #96]
 4611 004c 43F04003 		orr	r3, r3, #64
 4612 0050 2366     		str	r3, [r4, #96]
2368:platform/HAL/src/stm32g4xx_hal_spi.c ****       }
 4613              		.loc 1 2368 9 view .LVU1614
 4614              	.L317:
2373:platform/HAL/src/stm32g4xx_hal_spi.c ****   }
 4615              		.loc 1 2373 5 view .LVU1615
2373:platform/HAL/src/stm32g4xx_hal_spi.c ****   }
 4616              		.loc 1 2373 11 is_stmt 0 view .LVU1616
 4617 0052 049B     		ldr	r3, [sp, #16]
 4618 0054 0593     		str	r3, [sp, #20]
 4619              	.L315:
2376:platform/HAL/src/stm32g4xx_hal_spi.c ****   {
 4620              		.loc 1 2376 3 is_stmt 1 view .LVU1617
2376:platform/HAL/src/stm32g4xx_hal_spi.c ****   {
 4621              		.loc 1 2376 7 is_stmt 0 view .LVU1618
 4622 0056 5368     		ldr	r3, [r2, #4]
2376:platform/HAL/src/stm32g4xx_hal_spi.c ****   {
 4623              		.loc 1 2376 6 view .LVU1619
 4624 0058 13F0400F 		tst	r3, #64
 4625 005c 11D0     		beq	.L319
2378:platform/HAL/src/stm32g4xx_hal_spi.c ****     /* Wait HAL_SPI_STATE_ABORT state */
 4626              		.loc 1 2378 5 is_stmt 1 view .LVU1620
2378:platform/HAL/src/stm32g4xx_hal_spi.c ****     /* Wait HAL_SPI_STATE_ABORT state */
ARM GAS  /tmp/ccMpXq91.s 			page 185


 4627              		.loc 1 2378 17 is_stmt 0 view .LVU1621
 4628 005e 4A4B     		ldr	r3, .L335+12
 4629 0060 E364     		str	r3, [r4, #76]
 4630              	.L322:
2380:platform/HAL/src/stm32g4xx_hal_spi.c ****     {
 4631              		.loc 1 2380 5 is_stmt 1 view .LVU1622
2382:platform/HAL/src/stm32g4xx_hal_spi.c ****       {
 4632              		.loc 1 2382 7 view .LVU1623
2382:platform/HAL/src/stm32g4xx_hal_spi.c ****       {
 4633              		.loc 1 2382 17 is_stmt 0 view .LVU1624
 4634 0062 059B     		ldr	r3, [sp, #20]
2382:platform/HAL/src/stm32g4xx_hal_spi.c ****       {
 4635              		.loc 1 2382 10 view .LVU1625
 4636 0064 3BB1     		cbz	r3, .L334
2387:platform/HAL/src/stm32g4xx_hal_spi.c ****     } while (hspi->State != HAL_SPI_STATE_ABORT);
 4637              		.loc 1 2387 7 is_stmt 1 view .LVU1626
2387:platform/HAL/src/stm32g4xx_hal_spi.c ****     } while (hspi->State != HAL_SPI_STATE_ABORT);
 4638              		.loc 1 2387 12 is_stmt 0 view .LVU1627
 4639 0066 059B     		ldr	r3, [sp, #20]
 4640 0068 013B     		subs	r3, r3, #1
 4641 006a 0593     		str	r3, [sp, #20]
2388:platform/HAL/src/stm32g4xx_hal_spi.c ****     /* Reset Timeout Counter */
 4642              		.loc 1 2388 26 is_stmt 1 view .LVU1628
2388:platform/HAL/src/stm32g4xx_hal_spi.c ****     /* Reset Timeout Counter */
 4643              		.loc 1 2388 18 is_stmt 0 view .LVU1629
 4644 006c 94F85D30 		ldrb	r3, [r4, #93]	@ zero_extendqisi2
2388:platform/HAL/src/stm32g4xx_hal_spi.c ****     /* Reset Timeout Counter */
 4645              		.loc 1 2388 26 view .LVU1630
 4646 0070 072B     		cmp	r3, #7
 4647 0072 F6D1     		bne	.L322
 4648 0074 03E0     		b	.L321
 4649              	.L334:
2384:platform/HAL/src/stm32g4xx_hal_spi.c ****         break;
 4650              		.loc 1 2384 9 is_stmt 1 view .LVU1631
 4651 0076 236E     		ldr	r3, [r4, #96]
 4652 0078 43F04003 		orr	r3, r3, #64
 4653 007c 2366     		str	r3, [r4, #96]
2385:platform/HAL/src/stm32g4xx_hal_spi.c ****       }
 4654              		.loc 1 2385 9 view .LVU1632
 4655              	.L321:
2390:platform/HAL/src/stm32g4xx_hal_spi.c ****   }
 4656              		.loc 1 2390 5 view .LVU1633
2390:platform/HAL/src/stm32g4xx_hal_spi.c ****   }
 4657              		.loc 1 2390 11 is_stmt 0 view .LVU1634
 4658 007e 049B     		ldr	r3, [sp, #16]
 4659 0080 0593     		str	r3, [sp, #20]
 4660              	.L319:
2394:platform/HAL/src/stm32g4xx_hal_spi.c ****   {
 4661              		.loc 1 2394 3 is_stmt 1 view .LVU1635
2394:platform/HAL/src/stm32g4xx_hal_spi.c ****   {
 4662              		.loc 1 2394 7 is_stmt 0 view .LVU1636
 4663 0082 5368     		ldr	r3, [r2, #4]
2394:platform/HAL/src/stm32g4xx_hal_spi.c ****   {
 4664              		.loc 1 2394 6 view .LVU1637
 4665 0084 13F0020F 		tst	r3, #2
 4666 0088 2AD0     		beq	.L323
2397:platform/HAL/src/stm32g4xx_hal_spi.c ****     {
ARM GAS  /tmp/ccMpXq91.s 			page 186


 4667              		.loc 1 2397 5 is_stmt 1 view .LVU1638
2397:platform/HAL/src/stm32g4xx_hal_spi.c ****     {
 4668              		.loc 1 2397 13 is_stmt 0 view .LVU1639
 4669 008a 636D     		ldr	r3, [r4, #84]
2397:platform/HAL/src/stm32g4xx_hal_spi.c ****     {
 4670              		.loc 1 2397 8 view .LVU1640
 4671 008c 43B3     		cbz	r3, .L323
2401:platform/HAL/src/stm32g4xx_hal_spi.c **** 
 4672              		.loc 1 2401 7 is_stmt 1 view .LVU1641
2401:platform/HAL/src/stm32g4xx_hal_spi.c **** 
 4673              		.loc 1 2401 39 is_stmt 0 view .LVU1642
 4674 008e 0022     		movs	r2, #0
 4675 0090 9A63     		str	r2, [r3, #56]
2404:platform/HAL/src/stm32g4xx_hal_spi.c ****       {
 4676              		.loc 1 2404 7 is_stmt 1 view .LVU1643
2404:platform/HAL/src/stm32g4xx_hal_spi.c ****       {
 4677              		.loc 1 2404 11 is_stmt 0 view .LVU1644
 4678 0092 606D     		ldr	r0, [r4, #84]
 4679              	.LVL248:
2404:platform/HAL/src/stm32g4xx_hal_spi.c ****       {
 4680              		.loc 1 2404 11 view .LVU1645
 4681 0094 FFF7FEFF 		bl	HAL_DMA_Abort
 4682              	.LVL249:
2404:platform/HAL/src/stm32g4xx_hal_spi.c ****       {
 4683              		.loc 1 2404 10 discriminator 1 view .LVU1646
 4684 0098 08B1     		cbz	r0, .L324
2406:platform/HAL/src/stm32g4xx_hal_spi.c ****       }
 4685              		.loc 1 2406 9 is_stmt 1 view .LVU1647
2406:platform/HAL/src/stm32g4xx_hal_spi.c ****       }
 4686              		.loc 1 2406 25 is_stmt 0 view .LVU1648
 4687 009a 4023     		movs	r3, #64
 4688 009c 2366     		str	r3, [r4, #96]
 4689              	.L324:
2410:platform/HAL/src/stm32g4xx_hal_spi.c **** 
 4690              		.loc 1 2410 7 is_stmt 1 view .LVU1649
 4691 009e 2268     		ldr	r2, [r4]
 4692 00a0 5368     		ldr	r3, [r2, #4]
 4693 00a2 23F00203 		bic	r3, r3, #2
 4694 00a6 5360     		str	r3, [r2, #4]
2412:platform/HAL/src/stm32g4xx_hal_spi.c ****       {
 4695              		.loc 1 2412 7 view .LVU1650
2412:platform/HAL/src/stm32g4xx_hal_spi.c ****       {
 4696              		.loc 1 2412 11 is_stmt 0 view .LVU1651
 4697 00a8 FFF7FEFF 		bl	HAL_GetTick
 4698              	.LVL250:
 4699 00ac 0246     		mov	r2, r0
2412:platform/HAL/src/stm32g4xx_hal_spi.c ****       {
 4700              		.loc 1 2412 11 discriminator 1 view .LVU1652
 4701 00ae 6421     		movs	r1, #100
 4702 00b0 2046     		mov	r0, r4
 4703 00b2 FFF7FEFF 		bl	SPI_EndRxTxTransaction
 4704              	.LVL251:
2412:platform/HAL/src/stm32g4xx_hal_spi.c ****       {
 4705              		.loc 1 2412 10 discriminator 2 view .LVU1653
 4706 00b6 08B1     		cbz	r0, .L325
2414:platform/HAL/src/stm32g4xx_hal_spi.c ****       }
 4707              		.loc 1 2414 9 is_stmt 1 view .LVU1654
ARM GAS  /tmp/ccMpXq91.s 			page 187


2414:platform/HAL/src/stm32g4xx_hal_spi.c ****       }
 4708              		.loc 1 2414 25 is_stmt 0 view .LVU1655
 4709 00b8 4023     		movs	r3, #64
 4710 00ba 2366     		str	r3, [r4, #96]
 4711              	.L325:
2418:platform/HAL/src/stm32g4xx_hal_spi.c **** 
 4712              		.loc 1 2418 7 is_stmt 1 view .LVU1656
 4713 00bc 2268     		ldr	r2, [r4]
 4714 00be 1368     		ldr	r3, [r2]
 4715 00c0 23F04003 		bic	r3, r3, #64
 4716 00c4 1360     		str	r3, [r2]
2421:platform/HAL/src/stm32g4xx_hal_spi.c ****                                         HAL_GetTick()) != HAL_OK)
 4717              		.loc 1 2421 7 view .LVU1657
2421:platform/HAL/src/stm32g4xx_hal_spi.c ****                                         HAL_GetTick()) != HAL_OK)
 4718              		.loc 1 2421 11 is_stmt 0 view .LVU1658
 4719 00c6 FFF7FEFF 		bl	HAL_GetTick
 4720              	.LVL252:
2421:platform/HAL/src/stm32g4xx_hal_spi.c ****                                         HAL_GetTick()) != HAL_OK)
 4721              		.loc 1 2421 11 discriminator 1 view .LVU1659
 4722 00ca 0090     		str	r0, [sp]
 4723 00cc 6423     		movs	r3, #100
 4724 00ce 0022     		movs	r2, #0
 4725 00d0 4FF4C061 		mov	r1, #1536
 4726 00d4 2046     		mov	r0, r4
 4727 00d6 FFF7FEFF 		bl	SPI_WaitFifoStateUntilTimeout
 4728              	.LVL253:
2421:platform/HAL/src/stm32g4xx_hal_spi.c ****                                         HAL_GetTick()) != HAL_OK)
 4729              		.loc 1 2421 10 discriminator 2 view .LVU1660
 4730 00da 08B1     		cbz	r0, .L323
2424:platform/HAL/src/stm32g4xx_hal_spi.c ****       }
 4731              		.loc 1 2424 9 is_stmt 1 view .LVU1661
2424:platform/HAL/src/stm32g4xx_hal_spi.c ****       }
 4732              		.loc 1 2424 25 is_stmt 0 view .LVU1662
 4733 00dc 4023     		movs	r3, #64
 4734 00de 2366     		str	r3, [r4, #96]
 4735              	.L323:
2430:platform/HAL/src/stm32g4xx_hal_spi.c ****   {
 4736              		.loc 1 2430 3 is_stmt 1 view .LVU1663
2430:platform/HAL/src/stm32g4xx_hal_spi.c ****   {
 4737              		.loc 1 2430 7 is_stmt 0 view .LVU1664
 4738 00e0 2368     		ldr	r3, [r4]
 4739 00e2 5B68     		ldr	r3, [r3, #4]
2430:platform/HAL/src/stm32g4xx_hal_spi.c ****   {
 4740              		.loc 1 2430 6 view .LVU1665
 4741 00e4 13F0010F 		tst	r3, #1
 4742 00e8 2CD0     		beq	.L326
2433:platform/HAL/src/stm32g4xx_hal_spi.c ****     {
 4743              		.loc 1 2433 5 is_stmt 1 view .LVU1666
2433:platform/HAL/src/stm32g4xx_hal_spi.c ****     {
 4744              		.loc 1 2433 13 is_stmt 0 view .LVU1667
 4745 00ea A36D     		ldr	r3, [r4, #88]
2433:platform/HAL/src/stm32g4xx_hal_spi.c ****     {
 4746              		.loc 1 2433 8 view .LVU1668
 4747 00ec 53B3     		cbz	r3, .L326
2437:platform/HAL/src/stm32g4xx_hal_spi.c **** 
 4748              		.loc 1 2437 7 is_stmt 1 view .LVU1669
2437:platform/HAL/src/stm32g4xx_hal_spi.c **** 
ARM GAS  /tmp/ccMpXq91.s 			page 188


 4749              		.loc 1 2437 39 is_stmt 0 view .LVU1670
 4750 00ee 0022     		movs	r2, #0
 4751 00f0 9A63     		str	r2, [r3, #56]
2440:platform/HAL/src/stm32g4xx_hal_spi.c ****       {
 4752              		.loc 1 2440 7 is_stmt 1 view .LVU1671
2440:platform/HAL/src/stm32g4xx_hal_spi.c ****       {
 4753              		.loc 1 2440 11 is_stmt 0 view .LVU1672
 4754 00f2 A06D     		ldr	r0, [r4, #88]
 4755 00f4 FFF7FEFF 		bl	HAL_DMA_Abort
 4756              	.LVL254:
2440:platform/HAL/src/stm32g4xx_hal_spi.c ****       {
 4757              		.loc 1 2440 10 discriminator 1 view .LVU1673
 4758 00f8 08B1     		cbz	r0, .L327
2442:platform/HAL/src/stm32g4xx_hal_spi.c ****       }
 4759              		.loc 1 2442 9 is_stmt 1 view .LVU1674
2442:platform/HAL/src/stm32g4xx_hal_spi.c ****       }
 4760              		.loc 1 2442 25 is_stmt 0 view .LVU1675
 4761 00fa 4023     		movs	r3, #64
 4762 00fc 2366     		str	r3, [r4, #96]
 4763              	.L327:
2446:platform/HAL/src/stm32g4xx_hal_spi.c **** 
 4764              		.loc 1 2446 7 is_stmt 1 view .LVU1676
 4765 00fe 2268     		ldr	r2, [r4]
 4766 0100 1368     		ldr	r3, [r2]
 4767 0102 23F04003 		bic	r3, r3, #64
 4768 0106 1360     		str	r3, [r2]
2449:platform/HAL/src/stm32g4xx_hal_spi.c ****       {
 4769              		.loc 1 2449 7 view .LVU1677
2449:platform/HAL/src/stm32g4xx_hal_spi.c ****       {
 4770              		.loc 1 2449 11 is_stmt 0 view .LVU1678
 4771 0108 FFF7FEFF 		bl	HAL_GetTick
 4772              	.LVL255:
2449:platform/HAL/src/stm32g4xx_hal_spi.c ****       {
 4773              		.loc 1 2449 11 discriminator 1 view .LVU1679
 4774 010c 0090     		str	r0, [sp]
 4775 010e 6423     		movs	r3, #100
 4776 0110 0022     		movs	r2, #0
 4777 0112 8021     		movs	r1, #128
 4778 0114 2046     		mov	r0, r4
 4779 0116 FFF7FEFF 		bl	SPI_WaitFlagStateUntilTimeout
 4780              	.LVL256:
2449:platform/HAL/src/stm32g4xx_hal_spi.c ****       {
 4781              		.loc 1 2449 10 discriminator 2 view .LVU1680
 4782 011a 08B1     		cbz	r0, .L328
2451:platform/HAL/src/stm32g4xx_hal_spi.c ****       }
 4783              		.loc 1 2451 9 is_stmt 1 view .LVU1681
2451:platform/HAL/src/stm32g4xx_hal_spi.c ****       }
 4784              		.loc 1 2451 25 is_stmt 0 view .LVU1682
 4785 011c 4023     		movs	r3, #64
 4786 011e 2366     		str	r3, [r4, #96]
 4787              	.L328:
2455:platform/HAL/src/stm32g4xx_hal_spi.c ****                                         HAL_GetTick()) != HAL_OK)
 4788              		.loc 1 2455 7 is_stmt 1 view .LVU1683
2455:platform/HAL/src/stm32g4xx_hal_spi.c ****                                         HAL_GetTick()) != HAL_OK)
 4789              		.loc 1 2455 11 is_stmt 0 view .LVU1684
 4790 0120 FFF7FEFF 		bl	HAL_GetTick
 4791              	.LVL257:
ARM GAS  /tmp/ccMpXq91.s 			page 189


2455:platform/HAL/src/stm32g4xx_hal_spi.c ****                                         HAL_GetTick()) != HAL_OK)
 4792              		.loc 1 2455 11 discriminator 1 view .LVU1685
 4793 0124 0090     		str	r0, [sp]
 4794 0126 6423     		movs	r3, #100
 4795 0128 0022     		movs	r2, #0
 4796 012a 4FF4C061 		mov	r1, #1536
 4797 012e 2046     		mov	r0, r4
 4798 0130 FFF7FEFF 		bl	SPI_WaitFifoStateUntilTimeout
 4799              	.LVL258:
2455:platform/HAL/src/stm32g4xx_hal_spi.c ****                                         HAL_GetTick()) != HAL_OK)
 4800              		.loc 1 2455 10 discriminator 2 view .LVU1686
 4801 0134 08B1     		cbz	r0, .L329
2458:platform/HAL/src/stm32g4xx_hal_spi.c ****       }
 4802              		.loc 1 2458 9 is_stmt 1 view .LVU1687
2458:platform/HAL/src/stm32g4xx_hal_spi.c ****       }
 4803              		.loc 1 2458 25 is_stmt 0 view .LVU1688
 4804 0136 4023     		movs	r3, #64
 4805 0138 2366     		str	r3, [r4, #96]
 4806              	.L329:
2462:platform/HAL/src/stm32g4xx_hal_spi.c ****     }
 4807              		.loc 1 2462 7 is_stmt 1 view .LVU1689
 4808 013a 2268     		ldr	r2, [r4]
 4809 013c 5368     		ldr	r3, [r2, #4]
 4810 013e 23F00103 		bic	r3, r3, #1
 4811 0142 5360     		str	r3, [r2, #4]
 4812              	.L326:
2466:platform/HAL/src/stm32g4xx_hal_spi.c ****   hspi->TxXferCount = 0U;
 4813              		.loc 1 2466 3 view .LVU1690
2466:platform/HAL/src/stm32g4xx_hal_spi.c ****   hspi->TxXferCount = 0U;
 4814              		.loc 1 2466 21 is_stmt 0 view .LVU1691
 4815 0144 0023     		movs	r3, #0
 4816 0146 A4F84630 		strh	r3, [r4, #70]	@ movhi
2467:platform/HAL/src/stm32g4xx_hal_spi.c **** 
 4817              		.loc 1 2467 3 is_stmt 1 view .LVU1692
2467:platform/HAL/src/stm32g4xx_hal_spi.c **** 
 4818              		.loc 1 2467 21 is_stmt 0 view .LVU1693
 4819 014a E387     		strh	r3, [r4, #62]	@ movhi
2470:platform/HAL/src/stm32g4xx_hal_spi.c ****   {
 4820              		.loc 1 2470 3 is_stmt 1 view .LVU1694
2470:platform/HAL/src/stm32g4xx_hal_spi.c ****   {
 4821              		.loc 1 2470 11 is_stmt 0 view .LVU1695
 4822 014c 236E     		ldr	r3, [r4, #96]
2470:platform/HAL/src/stm32g4xx_hal_spi.c ****   {
 4823              		.loc 1 2470 6 view .LVU1696
 4824 014e 402B     		cmp	r3, #64
 4825 0150 12D0     		beq	.L331
2478:platform/HAL/src/stm32g4xx_hal_spi.c ****   }
 4826              		.loc 1 2478 5 is_stmt 1 view .LVU1697
2478:platform/HAL/src/stm32g4xx_hal_spi.c ****   }
 4827              		.loc 1 2478 21 is_stmt 0 view .LVU1698
 4828 0152 0020     		movs	r0, #0
 4829 0154 2066     		str	r0, [r4, #96]
 4830              	.L330:
 4831              	.LVL259:
2482:platform/HAL/src/stm32g4xx_hal_spi.c ****   __HAL_SPI_CLEAR_FREFLAG(hspi);
 4832              		.loc 1 2482 3 is_stmt 1 view .LVU1699
 4833              	.LBB3:
ARM GAS  /tmp/ccMpXq91.s 			page 190


2482:platform/HAL/src/stm32g4xx_hal_spi.c ****   __HAL_SPI_CLEAR_FREFLAG(hspi);
 4834              		.loc 1 2482 3 view .LVU1700
 4835 0156 0022     		movs	r2, #0
 4836 0158 0292     		str	r2, [sp, #8]
2482:platform/HAL/src/stm32g4xx_hal_spi.c ****   __HAL_SPI_CLEAR_FREFLAG(hspi);
 4837              		.loc 1 2482 3 view .LVU1701
 4838 015a 2368     		ldr	r3, [r4]
 4839 015c D968     		ldr	r1, [r3, #12]
 4840 015e 0291     		str	r1, [sp, #8]
2482:platform/HAL/src/stm32g4xx_hal_spi.c ****   __HAL_SPI_CLEAR_FREFLAG(hspi);
 4841              		.loc 1 2482 3 view .LVU1702
 4842 0160 9968     		ldr	r1, [r3, #8]
 4843 0162 0291     		str	r1, [sp, #8]
2482:platform/HAL/src/stm32g4xx_hal_spi.c ****   __HAL_SPI_CLEAR_FREFLAG(hspi);
 4844              		.loc 1 2482 3 view .LVU1703
 4845 0164 0299     		ldr	r1, [sp, #8]
 4846              	.LBE3:
2482:platform/HAL/src/stm32g4xx_hal_spi.c ****   __HAL_SPI_CLEAR_FREFLAG(hspi);
 4847              		.loc 1 2482 3 view .LVU1704
2483:platform/HAL/src/stm32g4xx_hal_spi.c **** 
 4848              		.loc 1 2483 3 view .LVU1705
 4849              	.LBB4:
2483:platform/HAL/src/stm32g4xx_hal_spi.c **** 
 4850              		.loc 1 2483 3 view .LVU1706
 4851 0166 0392     		str	r2, [sp, #12]
2483:platform/HAL/src/stm32g4xx_hal_spi.c **** 
 4852              		.loc 1 2483 3 view .LVU1707
 4853 0168 9B68     		ldr	r3, [r3, #8]
 4854 016a 0393     		str	r3, [sp, #12]
2483:platform/HAL/src/stm32g4xx_hal_spi.c **** 
 4855              		.loc 1 2483 3 view .LVU1708
 4856 016c 039B     		ldr	r3, [sp, #12]
 4857              	.LBE4:
2483:platform/HAL/src/stm32g4xx_hal_spi.c **** 
 4858              		.loc 1 2483 3 view .LVU1709
2486:platform/HAL/src/stm32g4xx_hal_spi.c **** 
 4859              		.loc 1 2486 3 view .LVU1710
2486:platform/HAL/src/stm32g4xx_hal_spi.c **** 
 4860              		.loc 1 2486 15 is_stmt 0 view .LVU1711
 4861 016e 0123     		movs	r3, #1
 4862 0170 84F85D30 		strb	r3, [r4, #93]
2488:platform/HAL/src/stm32g4xx_hal_spi.c **** }
 4863              		.loc 1 2488 3 is_stmt 1 view .LVU1712
2489:platform/HAL/src/stm32g4xx_hal_spi.c **** 
 4864              		.loc 1 2489 1 is_stmt 0 view .LVU1713
 4865 0174 06B0     		add	sp, sp, #24
 4866              	.LCFI45:
 4867              		.cfi_remember_state
 4868              		.cfi_def_cfa_offset 8
 4869              		@ sp needed
 4870 0176 10BD     		pop	{r4, pc}
 4871              	.LVL260:
 4872              	.L331:
 4873              	.LCFI46:
 4874              		.cfi_restore_state
2473:platform/HAL/src/stm32g4xx_hal_spi.c ****   }
 4875              		.loc 1 2473 15 view .LVU1714
ARM GAS  /tmp/ccMpXq91.s 			page 191


 4876 0178 0120     		movs	r0, #1
 4877 017a ECE7     		b	.L330
 4878              	.L336:
 4879              		.align	2
 4880              	.L335:
 4881 017c 00000000 		.word	SystemCoreClock
 4882 0180 F1197605 		.word	91625969
 4883 0184 00000000 		.word	SPI_AbortTx_ISR
 4884 0188 00000000 		.word	SPI_AbortRx_ISR
 4885              		.cfi_endproc
 4886              	.LFE342:
 4888              		.section	.text.HAL_SPI_DMAPause,"ax",%progbits
 4889              		.align	1
 4890              		.global	HAL_SPI_DMAPause
 4891              		.syntax unified
 4892              		.thumb
 4893              		.thumb_func
 4895              	HAL_SPI_DMAPause:
 4896              	.LVL261:
 4897              	.LFB344:
2668:platform/HAL/src/stm32g4xx_hal_spi.c ****   /* Process Locked */
 4898              		.loc 1 2668 1 is_stmt 1 view -0
 4899              		.cfi_startproc
 4900              		@ args = 0, pretend = 0, frame = 0
 4901              		@ frame_needed = 0, uses_anonymous_args = 0
 4902              		@ link register save eliminated.
2670:platform/HAL/src/stm32g4xx_hal_spi.c **** 
 4903              		.loc 1 2670 3 view .LVU1716
2670:platform/HAL/src/stm32g4xx_hal_spi.c **** 
 4904              		.loc 1 2670 3 view .LVU1717
 4905 0000 90F85C30 		ldrb	r3, [r0, #92]	@ zero_extendqisi2
 4906 0004 012B     		cmp	r3, #1
 4907 0006 0CD0     		beq	.L339
2670:platform/HAL/src/stm32g4xx_hal_spi.c **** 
 4908              		.loc 1 2670 3 discriminator 2 view .LVU1718
 4909 0008 0123     		movs	r3, #1
 4910 000a 80F85C30 		strb	r3, [r0, #92]
2670:platform/HAL/src/stm32g4xx_hal_spi.c **** 
 4911              		.loc 1 2670 3 view .LVU1719
2673:platform/HAL/src/stm32g4xx_hal_spi.c **** 
 4912              		.loc 1 2673 3 view .LVU1720
 4913 000e 0268     		ldr	r2, [r0]
 4914 0010 5368     		ldr	r3, [r2, #4]
 4915 0012 23F00303 		bic	r3, r3, #3
 4916 0016 5360     		str	r3, [r2, #4]
2676:platform/HAL/src/stm32g4xx_hal_spi.c **** 
 4917              		.loc 1 2676 3 view .LVU1721
2676:platform/HAL/src/stm32g4xx_hal_spi.c **** 
 4918              		.loc 1 2676 3 view .LVU1722
 4919 0018 0023     		movs	r3, #0
 4920 001a 80F85C30 		strb	r3, [r0, #92]
2676:platform/HAL/src/stm32g4xx_hal_spi.c **** 
 4921              		.loc 1 2676 3 view .LVU1723
2678:platform/HAL/src/stm32g4xx_hal_spi.c **** }
 4922              		.loc 1 2678 3 view .LVU1724
2678:platform/HAL/src/stm32g4xx_hal_spi.c **** }
 4923              		.loc 1 2678 10 is_stmt 0 view .LVU1725
ARM GAS  /tmp/ccMpXq91.s 			page 192


 4924 001e 1846     		mov	r0, r3
 4925              	.LVL262:
2678:platform/HAL/src/stm32g4xx_hal_spi.c **** }
 4926              		.loc 1 2678 10 view .LVU1726
 4927 0020 7047     		bx	lr
 4928              	.LVL263:
 4929              	.L339:
2670:platform/HAL/src/stm32g4xx_hal_spi.c **** 
 4930              		.loc 1 2670 3 discriminator 1 view .LVU1727
 4931 0022 0220     		movs	r0, #2
 4932              	.LVL264:
2679:platform/HAL/src/stm32g4xx_hal_spi.c **** 
 4933              		.loc 1 2679 1 view .LVU1728
 4934 0024 7047     		bx	lr
 4935              		.cfi_endproc
 4936              	.LFE344:
 4938              		.section	.text.HAL_SPI_DMAResume,"ax",%progbits
 4939              		.align	1
 4940              		.global	HAL_SPI_DMAResume
 4941              		.syntax unified
 4942              		.thumb
 4943              		.thumb_func
 4945              	HAL_SPI_DMAResume:
 4946              	.LVL265:
 4947              	.LFB345:
2688:platform/HAL/src/stm32g4xx_hal_spi.c ****   /* Process Locked */
 4948              		.loc 1 2688 1 is_stmt 1 view -0
 4949              		.cfi_startproc
 4950              		@ args = 0, pretend = 0, frame = 0
 4951              		@ frame_needed = 0, uses_anonymous_args = 0
 4952              		@ link register save eliminated.
2690:platform/HAL/src/stm32g4xx_hal_spi.c **** 
 4953              		.loc 1 2690 3 view .LVU1730
2690:platform/HAL/src/stm32g4xx_hal_spi.c **** 
 4954              		.loc 1 2690 3 view .LVU1731
 4955 0000 90F85C30 		ldrb	r3, [r0, #92]	@ zero_extendqisi2
 4956 0004 012B     		cmp	r3, #1
 4957 0006 0CD0     		beq	.L342
2690:platform/HAL/src/stm32g4xx_hal_spi.c **** 
 4958              		.loc 1 2690 3 discriminator 2 view .LVU1732
 4959 0008 0123     		movs	r3, #1
 4960 000a 80F85C30 		strb	r3, [r0, #92]
2690:platform/HAL/src/stm32g4xx_hal_spi.c **** 
 4961              		.loc 1 2690 3 view .LVU1733
2693:platform/HAL/src/stm32g4xx_hal_spi.c **** 
 4962              		.loc 1 2693 3 view .LVU1734
 4963 000e 0268     		ldr	r2, [r0]
 4964 0010 5368     		ldr	r3, [r2, #4]
 4965 0012 43F00303 		orr	r3, r3, #3
 4966 0016 5360     		str	r3, [r2, #4]
2696:platform/HAL/src/stm32g4xx_hal_spi.c **** 
 4967              		.loc 1 2696 3 view .LVU1735
2696:platform/HAL/src/stm32g4xx_hal_spi.c **** 
 4968              		.loc 1 2696 3 view .LVU1736
 4969 0018 0023     		movs	r3, #0
 4970 001a 80F85C30 		strb	r3, [r0, #92]
2696:platform/HAL/src/stm32g4xx_hal_spi.c **** 
ARM GAS  /tmp/ccMpXq91.s 			page 193


 4971              		.loc 1 2696 3 view .LVU1737
2698:platform/HAL/src/stm32g4xx_hal_spi.c **** }
 4972              		.loc 1 2698 3 view .LVU1738
2698:platform/HAL/src/stm32g4xx_hal_spi.c **** }
 4973              		.loc 1 2698 10 is_stmt 0 view .LVU1739
 4974 001e 1846     		mov	r0, r3
 4975              	.LVL266:
2698:platform/HAL/src/stm32g4xx_hal_spi.c **** }
 4976              		.loc 1 2698 10 view .LVU1740
 4977 0020 7047     		bx	lr
 4978              	.LVL267:
 4979              	.L342:
2690:platform/HAL/src/stm32g4xx_hal_spi.c **** 
 4980              		.loc 1 2690 3 discriminator 1 view .LVU1741
 4981 0022 0220     		movs	r0, #2
 4982              	.LVL268:
2699:platform/HAL/src/stm32g4xx_hal_spi.c **** 
 4983              		.loc 1 2699 1 view .LVU1742
 4984 0024 7047     		bx	lr
 4985              		.cfi_endproc
 4986              	.LFE345:
 4988              		.section	.text.HAL_SPI_DMAStop,"ax",%progbits
 4989              		.align	1
 4990              		.global	HAL_SPI_DMAStop
 4991              		.syntax unified
 4992              		.thumb
 4993              		.thumb_func
 4995              	HAL_SPI_DMAStop:
 4996              	.LVL269:
 4997              	.LFB346:
2708:platform/HAL/src/stm32g4xx_hal_spi.c ****   HAL_StatusTypeDef errorcode = HAL_OK;
 4998              		.loc 1 2708 1 is_stmt 1 view -0
 4999              		.cfi_startproc
 5000              		@ args = 0, pretend = 0, frame = 0
 5001              		@ frame_needed = 0, uses_anonymous_args = 0
2708:platform/HAL/src/stm32g4xx_hal_spi.c ****   HAL_StatusTypeDef errorcode = HAL_OK;
 5002              		.loc 1 2708 1 is_stmt 0 view .LVU1744
 5003 0000 38B5     		push	{r3, r4, r5, lr}
 5004              	.LCFI47:
 5005              		.cfi_def_cfa_offset 16
 5006              		.cfi_offset 3, -16
 5007              		.cfi_offset 4, -12
 5008              		.cfi_offset 5, -8
 5009              		.cfi_offset 14, -4
 5010 0002 0446     		mov	r4, r0
2709:platform/HAL/src/stm32g4xx_hal_spi.c ****   /* The Lock is not implemented on this API to allow the user application
 5011              		.loc 1 2709 3 is_stmt 1 view .LVU1745
 5012              	.LVL270:
2719:platform/HAL/src/stm32g4xx_hal_spi.c ****   {
 5013              		.loc 1 2719 3 view .LVU1746
2719:platform/HAL/src/stm32g4xx_hal_spi.c ****   {
 5014              		.loc 1 2719 11 is_stmt 0 view .LVU1747
 5015 0004 406D     		ldr	r0, [r0, #84]
 5016              	.LVL271:
2719:platform/HAL/src/stm32g4xx_hal_spi.c ****   {
 5017              		.loc 1 2719 6 view .LVU1748
 5018 0006 48B1     		cbz	r0, .L346
ARM GAS  /tmp/ccMpXq91.s 			page 194


2721:platform/HAL/src/stm32g4xx_hal_spi.c ****     {
 5019              		.loc 1 2721 5 is_stmt 1 view .LVU1749
2721:platform/HAL/src/stm32g4xx_hal_spi.c ****     {
 5020              		.loc 1 2721 19 is_stmt 0 view .LVU1750
 5021 0008 FFF7FEFF 		bl	HAL_DMA_Abort
 5022              	.LVL272:
2721:platform/HAL/src/stm32g4xx_hal_spi.c ****     {
 5023              		.loc 1 2721 8 discriminator 1 view .LVU1751
 5024 000c 0546     		mov	r5, r0
 5025 000e 30B1     		cbz	r0, .L344
2723:platform/HAL/src/stm32g4xx_hal_spi.c ****       errorcode = HAL_ERROR;
 5026              		.loc 1 2723 7 is_stmt 1 view .LVU1752
 5027 0010 236E     		ldr	r3, [r4, #96]
 5028 0012 43F01003 		orr	r3, r3, #16
 5029 0016 2366     		str	r3, [r4, #96]
2724:platform/HAL/src/stm32g4xx_hal_spi.c ****     }
 5030              		.loc 1 2724 7 view .LVU1753
 5031              	.LVL273:
2724:platform/HAL/src/stm32g4xx_hal_spi.c ****     }
 5032              		.loc 1 2724 17 is_stmt 0 view .LVU1754
 5033 0018 0125     		movs	r5, #1
 5034 001a 00E0     		b	.L344
 5035              	.LVL274:
 5036              	.L346:
2709:platform/HAL/src/stm32g4xx_hal_spi.c ****   /* The Lock is not implemented on this API to allow the user application
 5037              		.loc 1 2709 21 view .LVU1755
 5038 001c 0025     		movs	r5, #0
 5039              	.LVL275:
 5040              	.L344:
2728:platform/HAL/src/stm32g4xx_hal_spi.c ****   {
 5041              		.loc 1 2728 3 is_stmt 1 view .LVU1756
2728:platform/HAL/src/stm32g4xx_hal_spi.c ****   {
 5042              		.loc 1 2728 11 is_stmt 0 view .LVU1757
 5043 001e A06D     		ldr	r0, [r4, #88]
2728:platform/HAL/src/stm32g4xx_hal_spi.c ****   {
 5044              		.loc 1 2728 6 view .LVU1758
 5045 0020 38B1     		cbz	r0, .L345
2730:platform/HAL/src/stm32g4xx_hal_spi.c ****     {
 5046              		.loc 1 2730 5 is_stmt 1 view .LVU1759
2730:platform/HAL/src/stm32g4xx_hal_spi.c ****     {
 5047              		.loc 1 2730 19 is_stmt 0 view .LVU1760
 5048 0022 FFF7FEFF 		bl	HAL_DMA_Abort
 5049              	.LVL276:
2730:platform/HAL/src/stm32g4xx_hal_spi.c ****     {
 5050              		.loc 1 2730 8 discriminator 1 view .LVU1761
 5051 0026 20B1     		cbz	r0, .L345
2732:platform/HAL/src/stm32g4xx_hal_spi.c ****       errorcode = HAL_ERROR;
 5052              		.loc 1 2732 7 is_stmt 1 view .LVU1762
 5053 0028 236E     		ldr	r3, [r4, #96]
 5054 002a 43F01003 		orr	r3, r3, #16
 5055 002e 2366     		str	r3, [r4, #96]
2733:platform/HAL/src/stm32g4xx_hal_spi.c ****     }
 5056              		.loc 1 2733 7 view .LVU1763
 5057              	.LVL277:
2733:platform/HAL/src/stm32g4xx_hal_spi.c ****     }
 5058              		.loc 1 2733 17 is_stmt 0 view .LVU1764
 5059 0030 0125     		movs	r5, #1
ARM GAS  /tmp/ccMpXq91.s 			page 195


 5060              	.LVL278:
 5061              	.L345:
2738:platform/HAL/src/stm32g4xx_hal_spi.c ****   hspi->State = HAL_SPI_STATE_READY;
 5062              		.loc 1 2738 3 is_stmt 1 view .LVU1765
 5063 0032 2268     		ldr	r2, [r4]
 5064 0034 5368     		ldr	r3, [r2, #4]
 5065 0036 23F00303 		bic	r3, r3, #3
 5066 003a 5360     		str	r3, [r2, #4]
2739:platform/HAL/src/stm32g4xx_hal_spi.c ****   return errorcode;
 5067              		.loc 1 2739 3 view .LVU1766
2739:platform/HAL/src/stm32g4xx_hal_spi.c ****   return errorcode;
 5068              		.loc 1 2739 15 is_stmt 0 view .LVU1767
 5069 003c 0123     		movs	r3, #1
 5070 003e 84F85D30 		strb	r3, [r4, #93]
2740:platform/HAL/src/stm32g4xx_hal_spi.c **** }
 5071              		.loc 1 2740 3 is_stmt 1 view .LVU1768
2741:platform/HAL/src/stm32g4xx_hal_spi.c **** 
 5072              		.loc 1 2741 1 is_stmt 0 view .LVU1769
 5073 0042 2846     		mov	r0, r5
 5074 0044 38BD     		pop	{r3, r4, r5, pc}
2741:platform/HAL/src/stm32g4xx_hal_spi.c **** 
 5075              		.loc 1 2741 1 view .LVU1770
 5076              		.cfi_endproc
 5077              	.LFE346:
 5079              		.section	.text.HAL_SPI_TxCpltCallback,"ax",%progbits
 5080              		.align	1
 5081              		.weak	HAL_SPI_TxCpltCallback
 5082              		.syntax unified
 5083              		.thumb
 5084              		.thumb_func
 5086              	HAL_SPI_TxCpltCallback:
 5087              	.LVL279:
 5088              	.LFB348:
2857:platform/HAL/src/stm32g4xx_hal_spi.c ****   /* Prevent unused argument(s) compilation warning */
 5089              		.loc 1 2857 1 is_stmt 1 view -0
 5090              		.cfi_startproc
 5091              		@ args = 0, pretend = 0, frame = 0
 5092              		@ frame_needed = 0, uses_anonymous_args = 0
 5093              		@ link register save eliminated.
2859:platform/HAL/src/stm32g4xx_hal_spi.c **** 
 5094              		.loc 1 2859 3 view .LVU1772
2864:platform/HAL/src/stm32g4xx_hal_spi.c **** 
 5095              		.loc 1 2864 1 is_stmt 0 view .LVU1773
 5096 0000 7047     		bx	lr
 5097              		.cfi_endproc
 5098              	.LFE348:
 5100              		.section	.text.HAL_SPI_RxCpltCallback,"ax",%progbits
 5101              		.align	1
 5102              		.weak	HAL_SPI_RxCpltCallback
 5103              		.syntax unified
 5104              		.thumb
 5105              		.thumb_func
 5107              	HAL_SPI_RxCpltCallback:
 5108              	.LVL280:
 5109              	.LFB349:
2873:platform/HAL/src/stm32g4xx_hal_spi.c ****   /* Prevent unused argument(s) compilation warning */
 5110              		.loc 1 2873 1 is_stmt 1 view -0
ARM GAS  /tmp/ccMpXq91.s 			page 196


 5111              		.cfi_startproc
 5112              		@ args = 0, pretend = 0, frame = 0
 5113              		@ frame_needed = 0, uses_anonymous_args = 0
 5114              		@ link register save eliminated.
2875:platform/HAL/src/stm32g4xx_hal_spi.c **** 
 5115              		.loc 1 2875 3 view .LVU1775
2880:platform/HAL/src/stm32g4xx_hal_spi.c **** 
 5116              		.loc 1 2880 1 is_stmt 0 view .LVU1776
 5117 0000 7047     		bx	lr
 5118              		.cfi_endproc
 5119              	.LFE349:
 5121              		.section	.text.HAL_SPI_TxRxCpltCallback,"ax",%progbits
 5122              		.align	1
 5123              		.weak	HAL_SPI_TxRxCpltCallback
 5124              		.syntax unified
 5125              		.thumb
 5126              		.thumb_func
 5128              	HAL_SPI_TxRxCpltCallback:
 5129              	.LVL281:
 5130              	.LFB350:
2889:platform/HAL/src/stm32g4xx_hal_spi.c ****   /* Prevent unused argument(s) compilation warning */
 5131              		.loc 1 2889 1 is_stmt 1 view -0
 5132              		.cfi_startproc
 5133              		@ args = 0, pretend = 0, frame = 0
 5134              		@ frame_needed = 0, uses_anonymous_args = 0
 5135              		@ link register save eliminated.
2891:platform/HAL/src/stm32g4xx_hal_spi.c **** 
 5136              		.loc 1 2891 3 view .LVU1778
2896:platform/HAL/src/stm32g4xx_hal_spi.c **** 
 5137              		.loc 1 2896 1 is_stmt 0 view .LVU1779
 5138 0000 7047     		bx	lr
 5139              		.cfi_endproc
 5140              	.LFE350:
 5142              		.section	.text.HAL_SPI_TxHalfCpltCallback,"ax",%progbits
 5143              		.align	1
 5144              		.weak	HAL_SPI_TxHalfCpltCallback
 5145              		.syntax unified
 5146              		.thumb
 5147              		.thumb_func
 5149              	HAL_SPI_TxHalfCpltCallback:
 5150              	.LVL282:
 5151              	.LFB351:
2905:platform/HAL/src/stm32g4xx_hal_spi.c ****   /* Prevent unused argument(s) compilation warning */
 5152              		.loc 1 2905 1 is_stmt 1 view -0
 5153              		.cfi_startproc
 5154              		@ args = 0, pretend = 0, frame = 0
 5155              		@ frame_needed = 0, uses_anonymous_args = 0
 5156              		@ link register save eliminated.
2907:platform/HAL/src/stm32g4xx_hal_spi.c **** 
 5157              		.loc 1 2907 3 view .LVU1781
2912:platform/HAL/src/stm32g4xx_hal_spi.c **** 
 5158              		.loc 1 2912 1 is_stmt 0 view .LVU1782
 5159 0000 7047     		bx	lr
 5160              		.cfi_endproc
 5161              	.LFE351:
 5163              		.section	.text.SPI_DMAHalfTransmitCplt,"ax",%progbits
 5164              		.align	1
ARM GAS  /tmp/ccMpXq91.s 			page 197


 5165              		.syntax unified
 5166              		.thumb
 5167              		.thumb_func
 5169              	SPI_DMAHalfTransmitCplt:
 5170              	.LVL283:
 5171              	.LFB361:
3318:platform/HAL/src/stm32g4xx_hal_spi.c ****   SPI_HandleTypeDef *hspi = (SPI_HandleTypeDef *)(((DMA_HandleTypeDef *)hdma)->Parent);
 5172              		.loc 1 3318 1 is_stmt 1 view -0
 5173              		.cfi_startproc
 5174              		@ args = 0, pretend = 0, frame = 0
 5175              		@ frame_needed = 0, uses_anonymous_args = 0
3318:platform/HAL/src/stm32g4xx_hal_spi.c ****   SPI_HandleTypeDef *hspi = (SPI_HandleTypeDef *)(((DMA_HandleTypeDef *)hdma)->Parent);
 5176              		.loc 1 3318 1 is_stmt 0 view .LVU1784
 5177 0000 08B5     		push	{r3, lr}
 5178              	.LCFI48:
 5179              		.cfi_def_cfa_offset 8
 5180              		.cfi_offset 3, -8
 5181              		.cfi_offset 14, -4
3319:platform/HAL/src/stm32g4xx_hal_spi.c **** 
 5182              		.loc 1 3319 3 is_stmt 1 view .LVU1785
 5183              	.LVL284:
3325:platform/HAL/src/stm32g4xx_hal_spi.c **** #endif /* USE_HAL_SPI_REGISTER_CALLBACKS */
 5184              		.loc 1 3325 3 view .LVU1786
 5185 0002 806A     		ldr	r0, [r0, #40]
 5186              	.LVL285:
3325:platform/HAL/src/stm32g4xx_hal_spi.c **** #endif /* USE_HAL_SPI_REGISTER_CALLBACKS */
 5187              		.loc 1 3325 3 is_stmt 0 view .LVU1787
 5188 0004 FFF7FEFF 		bl	HAL_SPI_TxHalfCpltCallback
 5189              	.LVL286:
3327:platform/HAL/src/stm32g4xx_hal_spi.c **** 
 5190              		.loc 1 3327 1 view .LVU1788
 5191 0008 08BD     		pop	{r3, pc}
 5192              		.cfi_endproc
 5193              	.LFE361:
 5195              		.section	.text.HAL_SPI_RxHalfCpltCallback,"ax",%progbits
 5196              		.align	1
 5197              		.weak	HAL_SPI_RxHalfCpltCallback
 5198              		.syntax unified
 5199              		.thumb
 5200              		.thumb_func
 5202              	HAL_SPI_RxHalfCpltCallback:
 5203              	.LVL287:
 5204              	.LFB352:
2921:platform/HAL/src/stm32g4xx_hal_spi.c ****   /* Prevent unused argument(s) compilation warning */
 5205              		.loc 1 2921 1 is_stmt 1 view -0
 5206              		.cfi_startproc
 5207              		@ args = 0, pretend = 0, frame = 0
 5208              		@ frame_needed = 0, uses_anonymous_args = 0
 5209              		@ link register save eliminated.
2923:platform/HAL/src/stm32g4xx_hal_spi.c **** 
 5210              		.loc 1 2923 3 view .LVU1790
2928:platform/HAL/src/stm32g4xx_hal_spi.c **** 
 5211              		.loc 1 2928 1 is_stmt 0 view .LVU1791
 5212 0000 7047     		bx	lr
 5213              		.cfi_endproc
 5214              	.LFE352:
 5216              		.section	.text.SPI_DMAHalfReceiveCplt,"ax",%progbits
ARM GAS  /tmp/ccMpXq91.s 			page 198


 5217              		.align	1
 5218              		.syntax unified
 5219              		.thumb
 5220              		.thumb_func
 5222              	SPI_DMAHalfReceiveCplt:
 5223              	.LVL288:
 5224              	.LFB362:
3336:platform/HAL/src/stm32g4xx_hal_spi.c ****   SPI_HandleTypeDef *hspi = (SPI_HandleTypeDef *)(((DMA_HandleTypeDef *)hdma)->Parent);
 5225              		.loc 1 3336 1 is_stmt 1 view -0
 5226              		.cfi_startproc
 5227              		@ args = 0, pretend = 0, frame = 0
 5228              		@ frame_needed = 0, uses_anonymous_args = 0
3336:platform/HAL/src/stm32g4xx_hal_spi.c ****   SPI_HandleTypeDef *hspi = (SPI_HandleTypeDef *)(((DMA_HandleTypeDef *)hdma)->Parent);
 5229              		.loc 1 3336 1 is_stmt 0 view .LVU1793
 5230 0000 08B5     		push	{r3, lr}
 5231              	.LCFI49:
 5232              		.cfi_def_cfa_offset 8
 5233              		.cfi_offset 3, -8
 5234              		.cfi_offset 14, -4
3337:platform/HAL/src/stm32g4xx_hal_spi.c **** 
 5235              		.loc 1 3337 3 is_stmt 1 view .LVU1794
 5236              	.LVL289:
3343:platform/HAL/src/stm32g4xx_hal_spi.c **** #endif /* USE_HAL_SPI_REGISTER_CALLBACKS */
 5237              		.loc 1 3343 3 view .LVU1795
 5238 0002 806A     		ldr	r0, [r0, #40]
 5239              	.LVL290:
3343:platform/HAL/src/stm32g4xx_hal_spi.c **** #endif /* USE_HAL_SPI_REGISTER_CALLBACKS */
 5240              		.loc 1 3343 3 is_stmt 0 view .LVU1796
 5241 0004 FFF7FEFF 		bl	HAL_SPI_RxHalfCpltCallback
 5242              	.LVL291:
3345:platform/HAL/src/stm32g4xx_hal_spi.c **** 
 5243              		.loc 1 3345 1 view .LVU1797
 5244 0008 08BD     		pop	{r3, pc}
 5245              		.cfi_endproc
 5246              	.LFE362:
 5248              		.section	.text.HAL_SPI_TxRxHalfCpltCallback,"ax",%progbits
 5249              		.align	1
 5250              		.weak	HAL_SPI_TxRxHalfCpltCallback
 5251              		.syntax unified
 5252              		.thumb
 5253              		.thumb_func
 5255              	HAL_SPI_TxRxHalfCpltCallback:
 5256              	.LVL292:
 5257              	.LFB353:
2937:platform/HAL/src/stm32g4xx_hal_spi.c ****   /* Prevent unused argument(s) compilation warning */
 5258              		.loc 1 2937 1 is_stmt 1 view -0
 5259              		.cfi_startproc
 5260              		@ args = 0, pretend = 0, frame = 0
 5261              		@ frame_needed = 0, uses_anonymous_args = 0
 5262              		@ link register save eliminated.
2939:platform/HAL/src/stm32g4xx_hal_spi.c **** 
 5263              		.loc 1 2939 3 view .LVU1799
2944:platform/HAL/src/stm32g4xx_hal_spi.c **** 
 5264              		.loc 1 2944 1 is_stmt 0 view .LVU1800
 5265 0000 7047     		bx	lr
 5266              		.cfi_endproc
 5267              	.LFE353:
ARM GAS  /tmp/ccMpXq91.s 			page 199


 5269              		.section	.text.SPI_DMAHalfTransmitReceiveCplt,"ax",%progbits
 5270              		.align	1
 5271              		.syntax unified
 5272              		.thumb
 5273              		.thumb_func
 5275              	SPI_DMAHalfTransmitReceiveCplt:
 5276              	.LVL293:
 5277              	.LFB363:
3354:platform/HAL/src/stm32g4xx_hal_spi.c ****   SPI_HandleTypeDef *hspi = (SPI_HandleTypeDef *)(((DMA_HandleTypeDef *)hdma)->Parent);
 5278              		.loc 1 3354 1 is_stmt 1 view -0
 5279              		.cfi_startproc
 5280              		@ args = 0, pretend = 0, frame = 0
 5281              		@ frame_needed = 0, uses_anonymous_args = 0
3354:platform/HAL/src/stm32g4xx_hal_spi.c ****   SPI_HandleTypeDef *hspi = (SPI_HandleTypeDef *)(((DMA_HandleTypeDef *)hdma)->Parent);
 5282              		.loc 1 3354 1 is_stmt 0 view .LVU1802
 5283 0000 08B5     		push	{r3, lr}
 5284              	.LCFI50:
 5285              		.cfi_def_cfa_offset 8
 5286              		.cfi_offset 3, -8
 5287              		.cfi_offset 14, -4
3355:platform/HAL/src/stm32g4xx_hal_spi.c **** 
 5288              		.loc 1 3355 3 is_stmt 1 view .LVU1803
 5289              	.LVL294:
3361:platform/HAL/src/stm32g4xx_hal_spi.c **** #endif /* USE_HAL_SPI_REGISTER_CALLBACKS */
 5290              		.loc 1 3361 3 view .LVU1804
 5291 0002 806A     		ldr	r0, [r0, #40]
 5292              	.LVL295:
3361:platform/HAL/src/stm32g4xx_hal_spi.c **** #endif /* USE_HAL_SPI_REGISTER_CALLBACKS */
 5293              		.loc 1 3361 3 is_stmt 0 view .LVU1805
 5294 0004 FFF7FEFF 		bl	HAL_SPI_TxRxHalfCpltCallback
 5295              	.LVL296:
3363:platform/HAL/src/stm32g4xx_hal_spi.c **** 
 5296              		.loc 1 3363 1 view .LVU1806
 5297 0008 08BD     		pop	{r3, pc}
 5298              		.cfi_endproc
 5299              	.LFE363:
 5301              		.section	.text.HAL_SPI_ErrorCallback,"ax",%progbits
 5302              		.align	1
 5303              		.weak	HAL_SPI_ErrorCallback
 5304              		.syntax unified
 5305              		.thumb
 5306              		.thumb_func
 5308              	HAL_SPI_ErrorCallback:
 5309              	.LVL297:
 5310              	.LFB354:
2953:platform/HAL/src/stm32g4xx_hal_spi.c ****   /* Prevent unused argument(s) compilation warning */
 5311              		.loc 1 2953 1 is_stmt 1 view -0
 5312              		.cfi_startproc
 5313              		@ args = 0, pretend = 0, frame = 0
 5314              		@ frame_needed = 0, uses_anonymous_args = 0
 5315              		@ link register save eliminated.
2955:platform/HAL/src/stm32g4xx_hal_spi.c **** 
 5316              		.loc 1 2955 3 view .LVU1808
2963:platform/HAL/src/stm32g4xx_hal_spi.c **** 
 5317              		.loc 1 2963 1 is_stmt 0 view .LVU1809
 5318 0000 7047     		bx	lr
 5319              		.cfi_endproc
ARM GAS  /tmp/ccMpXq91.s 			page 200


 5320              	.LFE354:
 5322              		.section	.text.SPI_CloseTx_ISR,"ax",%progbits
 5323              		.align	1
 5324              		.syntax unified
 5325              		.thumb
 5326              		.thumb_func
 5328              	SPI_CloseTx_ISR:
 5329              	.LVL298:
 5330              	.LFB382:
4298:platform/HAL/src/stm32g4xx_hal_spi.c ****   uint32_t tickstart;
 5331              		.loc 1 4298 1 is_stmt 1 view -0
 5332              		.cfi_startproc
 5333              		@ args = 0, pretend = 0, frame = 8
 5334              		@ frame_needed = 0, uses_anonymous_args = 0
4298:platform/HAL/src/stm32g4xx_hal_spi.c ****   uint32_t tickstart;
 5335              		.loc 1 4298 1 is_stmt 0 view .LVU1811
 5336 0000 10B5     		push	{r4, lr}
 5337              	.LCFI51:
 5338              		.cfi_def_cfa_offset 8
 5339              		.cfi_offset 4, -8
 5340              		.cfi_offset 14, -4
 5341 0002 82B0     		sub	sp, sp, #8
 5342              	.LCFI52:
 5343              		.cfi_def_cfa_offset 16
 5344 0004 0446     		mov	r4, r0
4299:platform/HAL/src/stm32g4xx_hal_spi.c **** 
 5345              		.loc 1 4299 3 is_stmt 1 view .LVU1812
4302:platform/HAL/src/stm32g4xx_hal_spi.c **** 
 5346              		.loc 1 4302 3 view .LVU1813
4302:platform/HAL/src/stm32g4xx_hal_spi.c **** 
 5347              		.loc 1 4302 15 is_stmt 0 view .LVU1814
 5348 0006 FFF7FEFF 		bl	HAL_GetTick
 5349              	.LVL299:
4302:platform/HAL/src/stm32g4xx_hal_spi.c **** 
 5350              		.loc 1 4302 15 view .LVU1815
 5351 000a 0246     		mov	r2, r0
 5352              	.LVL300:
4305:platform/HAL/src/stm32g4xx_hal_spi.c **** 
 5353              		.loc 1 4305 3 is_stmt 1 view .LVU1816
 5354 000c 2168     		ldr	r1, [r4]
 5355 000e 4B68     		ldr	r3, [r1, #4]
 5356 0010 23F0A003 		bic	r3, r3, #160
 5357 0014 4B60     		str	r3, [r1, #4]
4308:platform/HAL/src/stm32g4xx_hal_spi.c ****   {
 5358              		.loc 1 4308 3 view .LVU1817
4308:platform/HAL/src/stm32g4xx_hal_spi.c ****   {
 5359              		.loc 1 4308 7 is_stmt 0 view .LVU1818
 5360 0016 6421     		movs	r1, #100
 5361 0018 2046     		mov	r0, r4
 5362              	.LVL301:
4308:platform/HAL/src/stm32g4xx_hal_spi.c ****   {
 5363              		.loc 1 4308 7 view .LVU1819
 5364 001a FFF7FEFF 		bl	SPI_EndRxTxTransaction
 5365              	.LVL302:
4308:platform/HAL/src/stm32g4xx_hal_spi.c ****   {
 5366              		.loc 1 4308 6 discriminator 1 view .LVU1820
 5367 001e 18B1     		cbz	r0, .L362
ARM GAS  /tmp/ccMpXq91.s 			page 201


4310:platform/HAL/src/stm32g4xx_hal_spi.c ****   }
 5368              		.loc 1 4310 5 is_stmt 1 view .LVU1821
 5369 0020 236E     		ldr	r3, [r4, #96]
 5370 0022 43F02003 		orr	r3, r3, #32
 5371 0026 2366     		str	r3, [r4, #96]
 5372              	.L362:
4314:platform/HAL/src/stm32g4xx_hal_spi.c ****   {
 5373              		.loc 1 4314 3 view .LVU1822
4314:platform/HAL/src/stm32g4xx_hal_spi.c ****   {
 5374              		.loc 1 4314 17 is_stmt 0 view .LVU1823
 5375 0028 A368     		ldr	r3, [r4, #8]
4314:platform/HAL/src/stm32g4xx_hal_spi.c ****   {
 5376              		.loc 1 4314 6 view .LVU1824
 5377 002a 33B9     		cbnz	r3, .L363
4316:platform/HAL/src/stm32g4xx_hal_spi.c ****   }
 5378              		.loc 1 4316 5 is_stmt 1 view .LVU1825
 5379              	.LBB5:
4316:platform/HAL/src/stm32g4xx_hal_spi.c ****   }
 5380              		.loc 1 4316 5 view .LVU1826
 5381 002c 0193     		str	r3, [sp, #4]
4316:platform/HAL/src/stm32g4xx_hal_spi.c ****   }
 5382              		.loc 1 4316 5 view .LVU1827
 5383 002e 2368     		ldr	r3, [r4]
 5384 0030 DA68     		ldr	r2, [r3, #12]
 5385 0032 0192     		str	r2, [sp, #4]
4316:platform/HAL/src/stm32g4xx_hal_spi.c ****   }
 5386              		.loc 1 4316 5 view .LVU1828
 5387 0034 9B68     		ldr	r3, [r3, #8]
 5388 0036 0193     		str	r3, [sp, #4]
4316:platform/HAL/src/stm32g4xx_hal_spi.c ****   }
 5389              		.loc 1 4316 5 view .LVU1829
 5390 0038 019B     		ldr	r3, [sp, #4]
 5391              	.L363:
 5392              	.LBE5:
4316:platform/HAL/src/stm32g4xx_hal_spi.c ****   }
 5393              		.loc 1 4316 5 discriminator 1 view .LVU1830
4319:platform/HAL/src/stm32g4xx_hal_spi.c ****   if (hspi->ErrorCode != HAL_SPI_ERROR_NONE)
 5394              		.loc 1 4319 3 view .LVU1831
4319:platform/HAL/src/stm32g4xx_hal_spi.c ****   if (hspi->ErrorCode != HAL_SPI_ERROR_NONE)
 5395              		.loc 1 4319 15 is_stmt 0 view .LVU1832
 5396 003a 0123     		movs	r3, #1
 5397 003c 84F85D30 		strb	r3, [r4, #93]
4320:platform/HAL/src/stm32g4xx_hal_spi.c ****   {
 5398              		.loc 1 4320 3 is_stmt 1 view .LVU1833
4320:platform/HAL/src/stm32g4xx_hal_spi.c ****   {
 5399              		.loc 1 4320 11 is_stmt 0 view .LVU1834
 5400 0040 236E     		ldr	r3, [r4, #96]
4320:platform/HAL/src/stm32g4xx_hal_spi.c ****   {
 5401              		.loc 1 4320 6 view .LVU1835
 5402 0042 23B1     		cbz	r3, .L364
4326:platform/HAL/src/stm32g4xx_hal_spi.c **** #endif /* USE_HAL_SPI_REGISTER_CALLBACKS */
 5403              		.loc 1 4326 5 is_stmt 1 view .LVU1836
 5404 0044 2046     		mov	r0, r4
 5405 0046 FFF7FEFF 		bl	HAL_SPI_ErrorCallback
 5406              	.LVL303:
 5407              	.L361:
4338:platform/HAL/src/stm32g4xx_hal_spi.c **** 
ARM GAS  /tmp/ccMpXq91.s 			page 202


 5408              		.loc 1 4338 1 is_stmt 0 view .LVU1837
 5409 004a 02B0     		add	sp, sp, #8
 5410              	.LCFI53:
 5411              		.cfi_remember_state
 5412              		.cfi_def_cfa_offset 8
 5413              		@ sp needed
 5414 004c 10BD     		pop	{r4, pc}
 5415              	.LVL304:
 5416              	.L364:
 5417              	.LCFI54:
 5418              		.cfi_restore_state
4335:platform/HAL/src/stm32g4xx_hal_spi.c **** #endif /* USE_HAL_SPI_REGISTER_CALLBACKS */
 5419              		.loc 1 4335 5 is_stmt 1 view .LVU1838
 5420 004e 2046     		mov	r0, r4
 5421 0050 FFF7FEFF 		bl	HAL_SPI_TxCpltCallback
 5422              	.LVL305:
4338:platform/HAL/src/stm32g4xx_hal_spi.c **** 
 5423              		.loc 1 4338 1 is_stmt 0 view .LVU1839
 5424 0054 F9E7     		b	.L361
 5425              		.cfi_endproc
 5426              	.LFE382:
 5428              		.section	.text.SPI_TxISR_8BIT,"ax",%progbits
 5429              		.align	1
 5430              		.syntax unified
 5431              		.thumb
 5432              		.thumb_func
 5434              	SPI_TxISR_8BIT:
 5435              	.LVL306:
 5436              	.LFB374:
3892:platform/HAL/src/stm32g4xx_hal_spi.c ****   *(__IO uint8_t *)&hspi->Instance->DR = *((const uint8_t *)hspi->pTxBuffPtr);
 5437              		.loc 1 3892 1 is_stmt 1 view -0
 5438              		.cfi_startproc
 5439              		@ args = 0, pretend = 0, frame = 0
 5440              		@ frame_needed = 0, uses_anonymous_args = 0
3892:platform/HAL/src/stm32g4xx_hal_spi.c ****   *(__IO uint8_t *)&hspi->Instance->DR = *((const uint8_t *)hspi->pTxBuffPtr);
 5441              		.loc 1 3892 1 is_stmt 0 view .LVU1841
 5442 0000 08B5     		push	{r3, lr}
 5443              	.LCFI55:
 5444              		.cfi_def_cfa_offset 8
 5445              		.cfi_offset 3, -8
 5446              		.cfi_offset 14, -4
3893:platform/HAL/src/stm32g4xx_hal_spi.c ****   hspi->pTxBuffPtr++;
 5447              		.loc 1 3893 3 is_stmt 1 view .LVU1842
3893:platform/HAL/src/stm32g4xx_hal_spi.c ****   hspi->pTxBuffPtr++;
 5448              		.loc 1 3893 65 is_stmt 0 view .LVU1843
 5449 0002 826B     		ldr	r2, [r0, #56]
3893:platform/HAL/src/stm32g4xx_hal_spi.c ****   hspi->pTxBuffPtr++;
 5450              		.loc 1 3893 25 view .LVU1844
 5451 0004 0368     		ldr	r3, [r0]
3893:platform/HAL/src/stm32g4xx_hal_spi.c ****   hspi->pTxBuffPtr++;
 5452              		.loc 1 3893 42 view .LVU1845
 5453 0006 1278     		ldrb	r2, [r2]	@ zero_extendqisi2
3893:platform/HAL/src/stm32g4xx_hal_spi.c ****   hspi->pTxBuffPtr++;
 5454              		.loc 1 3893 40 view .LVU1846
 5455 0008 1A73     		strb	r2, [r3, #12]
3894:platform/HAL/src/stm32g4xx_hal_spi.c ****   hspi->TxXferCount--;
 5456              		.loc 1 3894 3 is_stmt 1 view .LVU1847
ARM GAS  /tmp/ccMpXq91.s 			page 203


3894:platform/HAL/src/stm32g4xx_hal_spi.c ****   hspi->TxXferCount--;
 5457              		.loc 1 3894 7 is_stmt 0 view .LVU1848
 5458 000a 836B     		ldr	r3, [r0, #56]
3894:platform/HAL/src/stm32g4xx_hal_spi.c ****   hspi->TxXferCount--;
 5459              		.loc 1 3894 19 view .LVU1849
 5460 000c 0133     		adds	r3, r3, #1
 5461 000e 8363     		str	r3, [r0, #56]
3895:platform/HAL/src/stm32g4xx_hal_spi.c **** 
 5462              		.loc 1 3895 3 is_stmt 1 view .LVU1850
3895:platform/HAL/src/stm32g4xx_hal_spi.c **** 
 5463              		.loc 1 3895 7 is_stmt 0 view .LVU1851
 5464 0010 C38F     		ldrh	r3, [r0, #62]
 5465 0012 9BB2     		uxth	r3, r3
3895:platform/HAL/src/stm32g4xx_hal_spi.c **** 
 5466              		.loc 1 3895 20 view .LVU1852
 5467 0014 013B     		subs	r3, r3, #1
 5468 0016 9BB2     		uxth	r3, r3
 5469 0018 C387     		strh	r3, [r0, #62]	@ movhi
3897:platform/HAL/src/stm32g4xx_hal_spi.c ****   {
 5470              		.loc 1 3897 3 is_stmt 1 view .LVU1853
3897:platform/HAL/src/stm32g4xx_hal_spi.c ****   {
 5471              		.loc 1 3897 11 is_stmt 0 view .LVU1854
 5472 001a C38F     		ldrh	r3, [r0, #62]
 5473 001c 9BB2     		uxth	r3, r3
3897:platform/HAL/src/stm32g4xx_hal_spi.c ****   {
 5474              		.loc 1 3897 6 view .LVU1855
 5475 001e 03B1     		cbz	r3, .L370
 5476              	.LVL307:
 5477              	.L367:
3908:platform/HAL/src/stm32g4xx_hal_spi.c **** 
 5478              		.loc 1 3908 1 view .LVU1856
 5479 0020 08BD     		pop	{r3, pc}
 5480              	.LVL308:
 5481              	.L370:
3906:platform/HAL/src/stm32g4xx_hal_spi.c ****   }
 5482              		.loc 1 3906 5 is_stmt 1 view .LVU1857
 5483 0022 FFF7FEFF 		bl	SPI_CloseTx_ISR
 5484              	.LVL309:
3908:platform/HAL/src/stm32g4xx_hal_spi.c **** 
 5485              		.loc 1 3908 1 is_stmt 0 view .LVU1858
 5486 0026 FBE7     		b	.L367
 5487              		.cfi_endproc
 5488              	.LFE374:
 5490              		.section	.text.SPI_TxISR_16BIT,"ax",%progbits
 5491              		.align	1
 5492              		.syntax unified
 5493              		.thumb
 5494              		.thumb_func
 5496              	SPI_TxISR_16BIT:
 5497              	.LVL310:
 5498              	.LFB375:
3917:platform/HAL/src/stm32g4xx_hal_spi.c ****   /* Transmit data in 16 Bit mode */
 5499              		.loc 1 3917 1 is_stmt 1 view -0
 5500              		.cfi_startproc
 5501              		@ args = 0, pretend = 0, frame = 0
 5502              		@ frame_needed = 0, uses_anonymous_args = 0
3917:platform/HAL/src/stm32g4xx_hal_spi.c ****   /* Transmit data in 16 Bit mode */
ARM GAS  /tmp/ccMpXq91.s 			page 204


 5503              		.loc 1 3917 1 is_stmt 0 view .LVU1860
 5504 0000 08B5     		push	{r3, lr}
 5505              	.LCFI56:
 5506              		.cfi_def_cfa_offset 8
 5507              		.cfi_offset 3, -8
 5508              		.cfi_offset 14, -4
3919:platform/HAL/src/stm32g4xx_hal_spi.c ****   hspi->pTxBuffPtr += sizeof(uint16_t);
 5509              		.loc 1 3919 3 is_stmt 1 view .LVU1861
3919:platform/HAL/src/stm32g4xx_hal_spi.c ****   hspi->pTxBuffPtr += sizeof(uint16_t);
 5510              		.loc 1 3919 48 is_stmt 0 view .LVU1862
 5511 0002 826B     		ldr	r2, [r0, #56]
3919:platform/HAL/src/stm32g4xx_hal_spi.c ****   hspi->pTxBuffPtr += sizeof(uint16_t);
 5512              		.loc 1 3919 7 view .LVU1863
 5513 0004 0368     		ldr	r3, [r0]
3919:platform/HAL/src/stm32g4xx_hal_spi.c ****   hspi->pTxBuffPtr += sizeof(uint16_t);
 5514              		.loc 1 3919 24 view .LVU1864
 5515 0006 1288     		ldrh	r2, [r2]
3919:platform/HAL/src/stm32g4xx_hal_spi.c ****   hspi->pTxBuffPtr += sizeof(uint16_t);
 5516              		.loc 1 3919 22 view .LVU1865
 5517 0008 DA60     		str	r2, [r3, #12]
3920:platform/HAL/src/stm32g4xx_hal_spi.c ****   hspi->TxXferCount--;
 5518              		.loc 1 3920 3 is_stmt 1 view .LVU1866
3920:platform/HAL/src/stm32g4xx_hal_spi.c ****   hspi->TxXferCount--;
 5519              		.loc 1 3920 7 is_stmt 0 view .LVU1867
 5520 000a 836B     		ldr	r3, [r0, #56]
3920:platform/HAL/src/stm32g4xx_hal_spi.c ****   hspi->TxXferCount--;
 5521              		.loc 1 3920 20 view .LVU1868
 5522 000c 0233     		adds	r3, r3, #2
 5523 000e 8363     		str	r3, [r0, #56]
3921:platform/HAL/src/stm32g4xx_hal_spi.c **** 
 5524              		.loc 1 3921 3 is_stmt 1 view .LVU1869
3921:platform/HAL/src/stm32g4xx_hal_spi.c **** 
 5525              		.loc 1 3921 7 is_stmt 0 view .LVU1870
 5526 0010 C38F     		ldrh	r3, [r0, #62]
 5527 0012 9BB2     		uxth	r3, r3
3921:platform/HAL/src/stm32g4xx_hal_spi.c **** 
 5528              		.loc 1 3921 20 view .LVU1871
 5529 0014 013B     		subs	r3, r3, #1
 5530 0016 9BB2     		uxth	r3, r3
 5531 0018 C387     		strh	r3, [r0, #62]	@ movhi
3923:platform/HAL/src/stm32g4xx_hal_spi.c ****   {
 5532              		.loc 1 3923 3 is_stmt 1 view .LVU1872
3923:platform/HAL/src/stm32g4xx_hal_spi.c ****   {
 5533              		.loc 1 3923 11 is_stmt 0 view .LVU1873
 5534 001a C38F     		ldrh	r3, [r0, #62]
 5535 001c 9BB2     		uxth	r3, r3
3923:platform/HAL/src/stm32g4xx_hal_spi.c ****   {
 5536              		.loc 1 3923 6 view .LVU1874
 5537 001e 03B1     		cbz	r3, .L374
 5538              	.LVL311:
 5539              	.L371:
3934:platform/HAL/src/stm32g4xx_hal_spi.c **** 
 5540              		.loc 1 3934 1 view .LVU1875
 5541 0020 08BD     		pop	{r3, pc}
 5542              	.LVL312:
 5543              	.L374:
3932:platform/HAL/src/stm32g4xx_hal_spi.c ****   }
ARM GAS  /tmp/ccMpXq91.s 			page 205


 5544              		.loc 1 3932 5 is_stmt 1 view .LVU1876
 5545 0022 FFF7FEFF 		bl	SPI_CloseTx_ISR
 5546              	.LVL313:
3934:platform/HAL/src/stm32g4xx_hal_spi.c **** 
 5547              		.loc 1 3934 1 is_stmt 0 view .LVU1877
 5548 0026 FBE7     		b	.L371
 5549              		.cfi_endproc
 5550              	.LFE375:
 5552              		.section	.text.SPI_CloseRx_ISR,"ax",%progbits
 5553              		.align	1
 5554              		.syntax unified
 5555              		.thumb
 5556              		.thumb_func
 5558              	SPI_CloseRx_ISR:
 5559              	.LVL314:
 5560              	.LFB381:
4241:platform/HAL/src/stm32g4xx_hal_spi.c ****   /* Disable RXNE and ERR interrupt */
 5561              		.loc 1 4241 1 is_stmt 1 view -0
 5562              		.cfi_startproc
 5563              		@ args = 0, pretend = 0, frame = 0
 5564              		@ frame_needed = 0, uses_anonymous_args = 0
4241:platform/HAL/src/stm32g4xx_hal_spi.c ****   /* Disable RXNE and ERR interrupt */
 5565              		.loc 1 4241 1 is_stmt 0 view .LVU1879
 5566 0000 10B5     		push	{r4, lr}
 5567              	.LCFI57:
 5568              		.cfi_def_cfa_offset 8
 5569              		.cfi_offset 4, -8
 5570              		.cfi_offset 14, -4
 5571 0002 0446     		mov	r4, r0
4243:platform/HAL/src/stm32g4xx_hal_spi.c **** 
 5572              		.loc 1 4243 3 is_stmt 1 view .LVU1880
 5573 0004 0268     		ldr	r2, [r0]
 5574 0006 5368     		ldr	r3, [r2, #4]
 5575 0008 23F06003 		bic	r3, r3, #96
 5576 000c 5360     		str	r3, [r2, #4]
4246:platform/HAL/src/stm32g4xx_hal_spi.c ****   {
 5577              		.loc 1 4246 3 view .LVU1881
4246:platform/HAL/src/stm32g4xx_hal_spi.c ****   {
 5578              		.loc 1 4246 7 is_stmt 0 view .LVU1882
 5579 000e FFF7FEFF 		bl	HAL_GetTick
 5580              	.LVL315:
4246:platform/HAL/src/stm32g4xx_hal_spi.c ****   {
 5581              		.loc 1 4246 7 view .LVU1883
 5582 0012 0246     		mov	r2, r0
4246:platform/HAL/src/stm32g4xx_hal_spi.c ****   {
 5583              		.loc 1 4246 7 discriminator 1 view .LVU1884
 5584 0014 6421     		movs	r1, #100
 5585 0016 2046     		mov	r0, r4
 5586 0018 FFF7FEFF 		bl	SPI_EndRxTransaction
 5587              	.LVL316:
4246:platform/HAL/src/stm32g4xx_hal_spi.c ****   {
 5588              		.loc 1 4246 6 discriminator 2 view .LVU1885
 5589 001c 18B1     		cbz	r0, .L376
4248:platform/HAL/src/stm32g4xx_hal_spi.c ****   }
 5590              		.loc 1 4248 5 is_stmt 1 view .LVU1886
 5591 001e 236E     		ldr	r3, [r4, #96]
 5592 0020 43F02003 		orr	r3, r3, #32
ARM GAS  /tmp/ccMpXq91.s 			page 206


 5593 0024 2366     		str	r3, [r4, #96]
 5594              	.L376:
4250:platform/HAL/src/stm32g4xx_hal_spi.c **** 
 5595              		.loc 1 4250 3 view .LVU1887
4250:platform/HAL/src/stm32g4xx_hal_spi.c **** 
 5596              		.loc 1 4250 15 is_stmt 0 view .LVU1888
 5597 0026 0123     		movs	r3, #1
 5598 0028 84F85D30 		strb	r3, [r4, #93]
4268:platform/HAL/src/stm32g4xx_hal_spi.c ****     {
 5599              		.loc 1 4268 5 is_stmt 1 view .LVU1889
4268:platform/HAL/src/stm32g4xx_hal_spi.c ****     {
 5600              		.loc 1 4268 13 is_stmt 0 view .LVU1890
 5601 002c 236E     		ldr	r3, [r4, #96]
4268:platform/HAL/src/stm32g4xx_hal_spi.c ****     {
 5602              		.loc 1 4268 8 view .LVU1891
 5603 002e 1BB9     		cbnz	r3, .L377
4274:platform/HAL/src/stm32g4xx_hal_spi.c **** #endif /* USE_HAL_SPI_REGISTER_CALLBACKS */
 5604              		.loc 1 4274 7 is_stmt 1 view .LVU1892
 5605 0030 2046     		mov	r0, r4
 5606 0032 FFF7FEFF 		bl	HAL_SPI_RxCpltCallback
 5607              	.LVL317:
 5608              	.L375:
4289:platform/HAL/src/stm32g4xx_hal_spi.c **** 
 5609              		.loc 1 4289 1 is_stmt 0 view .LVU1893
 5610 0036 10BD     		pop	{r4, pc}
 5611              	.LVL318:
 5612              	.L377:
4283:platform/HAL/src/stm32g4xx_hal_spi.c **** #endif /* USE_HAL_SPI_REGISTER_CALLBACKS */
 5613              		.loc 1 4283 7 is_stmt 1 view .LVU1894
 5614 0038 2046     		mov	r0, r4
 5615 003a FFF7FEFF 		bl	HAL_SPI_ErrorCallback
 5616              	.LVL319:
4289:platform/HAL/src/stm32g4xx_hal_spi.c **** 
 5617              		.loc 1 4289 1 is_stmt 0 view .LVU1895
 5618 003e FAE7     		b	.L375
 5619              		.cfi_endproc
 5620              	.LFE381:
 5622              		.section	.text.SPI_RxISR_8BIT,"ax",%progbits
 5623              		.align	1
 5624              		.syntax unified
 5625              		.thumb
 5626              		.thumb_func
 5628              	SPI_RxISR_8BIT:
 5629              	.LVL320:
 5630              	.LFB372:
3803:platform/HAL/src/stm32g4xx_hal_spi.c ****   *hspi->pRxBuffPtr = (*(__IO uint8_t *)&hspi->Instance->DR);
 5631              		.loc 1 3803 1 is_stmt 1 view -0
 5632              		.cfi_startproc
 5633              		@ args = 0, pretend = 0, frame = 0
 5634              		@ frame_needed = 0, uses_anonymous_args = 0
3803:platform/HAL/src/stm32g4xx_hal_spi.c ****   *hspi->pRxBuffPtr = (*(__IO uint8_t *)&hspi->Instance->DR);
 5635              		.loc 1 3803 1 is_stmt 0 view .LVU1897
 5636 0000 08B5     		push	{r3, lr}
 5637              	.LCFI58:
 5638              		.cfi_def_cfa_offset 8
 5639              		.cfi_offset 3, -8
 5640              		.cfi_offset 14, -4
ARM GAS  /tmp/ccMpXq91.s 			page 207


3804:platform/HAL/src/stm32g4xx_hal_spi.c ****   hspi->pRxBuffPtr++;
 5641              		.loc 1 3804 3 is_stmt 1 view .LVU1898
3804:platform/HAL/src/stm32g4xx_hal_spi.c ****   hspi->pRxBuffPtr++;
 5642              		.loc 1 3804 46 is_stmt 0 view .LVU1899
 5643 0002 0268     		ldr	r2, [r0]
3804:platform/HAL/src/stm32g4xx_hal_spi.c ****   hspi->pRxBuffPtr++;
 5644              		.loc 1 3804 8 view .LVU1900
 5645 0004 036C     		ldr	r3, [r0, #64]
3804:platform/HAL/src/stm32g4xx_hal_spi.c ****   hspi->pRxBuffPtr++;
 5646              		.loc 1 3804 24 view .LVU1901
 5647 0006 127B     		ldrb	r2, [r2, #12]	@ zero_extendqisi2
3804:platform/HAL/src/stm32g4xx_hal_spi.c ****   hspi->pRxBuffPtr++;
 5648              		.loc 1 3804 21 view .LVU1902
 5649 0008 1A70     		strb	r2, [r3]
3805:platform/HAL/src/stm32g4xx_hal_spi.c ****   hspi->RxXferCount--;
 5650              		.loc 1 3805 3 is_stmt 1 view .LVU1903
3805:platform/HAL/src/stm32g4xx_hal_spi.c ****   hspi->RxXferCount--;
 5651              		.loc 1 3805 7 is_stmt 0 view .LVU1904
 5652 000a 036C     		ldr	r3, [r0, #64]
3805:platform/HAL/src/stm32g4xx_hal_spi.c ****   hspi->RxXferCount--;
 5653              		.loc 1 3805 19 view .LVU1905
 5654 000c 0133     		adds	r3, r3, #1
 5655 000e 0364     		str	r3, [r0, #64]
3806:platform/HAL/src/stm32g4xx_hal_spi.c **** 
 5656              		.loc 1 3806 3 is_stmt 1 view .LVU1906
3806:platform/HAL/src/stm32g4xx_hal_spi.c **** 
 5657              		.loc 1 3806 7 is_stmt 0 view .LVU1907
 5658 0010 B0F84630 		ldrh	r3, [r0, #70]
 5659 0014 9BB2     		uxth	r3, r3
3806:platform/HAL/src/stm32g4xx_hal_spi.c **** 
 5660              		.loc 1 3806 20 view .LVU1908
 5661 0016 013B     		subs	r3, r3, #1
 5662 0018 9BB2     		uxth	r3, r3
 5663 001a A0F84630 		strh	r3, [r0, #70]	@ movhi
3816:platform/HAL/src/stm32g4xx_hal_spi.c ****   {
 5664              		.loc 1 3816 3 is_stmt 1 view .LVU1909
3816:platform/HAL/src/stm32g4xx_hal_spi.c ****   {
 5665              		.loc 1 3816 11 is_stmt 0 view .LVU1910
 5666 001e B0F84630 		ldrh	r3, [r0, #70]
 5667 0022 9BB2     		uxth	r3, r3
3816:platform/HAL/src/stm32g4xx_hal_spi.c ****   {
 5668              		.loc 1 3816 6 view .LVU1911
 5669 0024 03B1     		cbz	r3, .L383
 5670              	.LVL321:
 5671              	.L380:
3827:platform/HAL/src/stm32g4xx_hal_spi.c **** 
 5672              		.loc 1 3827 1 view .LVU1912
 5673 0026 08BD     		pop	{r3, pc}
 5674              	.LVL322:
 5675              	.L383:
3825:platform/HAL/src/stm32g4xx_hal_spi.c ****   }
 5676              		.loc 1 3825 5 is_stmt 1 view .LVU1913
 5677 0028 FFF7FEFF 		bl	SPI_CloseRx_ISR
 5678              	.LVL323:
3827:platform/HAL/src/stm32g4xx_hal_spi.c **** 
 5679              		.loc 1 3827 1 is_stmt 0 view .LVU1914
 5680 002c FBE7     		b	.L380
ARM GAS  /tmp/ccMpXq91.s 			page 208


 5681              		.cfi_endproc
 5682              	.LFE372:
 5684              		.section	.text.SPI_RxISR_16BIT,"ax",%progbits
 5685              		.align	1
 5686              		.syntax unified
 5687              		.thumb
 5688              		.thumb_func
 5690              	SPI_RxISR_16BIT:
 5691              	.LVL324:
 5692              	.LFB373:
3859:platform/HAL/src/stm32g4xx_hal_spi.c ****   *((uint16_t *)hspi->pRxBuffPtr) = (uint16_t)(hspi->Instance->DR);
 5693              		.loc 1 3859 1 is_stmt 1 view -0
 5694              		.cfi_startproc
 5695              		@ args = 0, pretend = 0, frame = 0
 5696              		@ frame_needed = 0, uses_anonymous_args = 0
3859:platform/HAL/src/stm32g4xx_hal_spi.c ****   *((uint16_t *)hspi->pRxBuffPtr) = (uint16_t)(hspi->Instance->DR);
 5697              		.loc 1 3859 1 is_stmt 0 view .LVU1916
 5698 0000 08B5     		push	{r3, lr}
 5699              	.LCFI59:
 5700              		.cfi_def_cfa_offset 8
 5701              		.cfi_offset 3, -8
 5702              		.cfi_offset 14, -4
3860:platform/HAL/src/stm32g4xx_hal_spi.c ****   hspi->pRxBuffPtr += sizeof(uint16_t);
 5703              		.loc 1 3860 3 is_stmt 1 view .LVU1917
3860:platform/HAL/src/stm32g4xx_hal_spi.c ****   hspi->pRxBuffPtr += sizeof(uint16_t);
 5704              		.loc 1 3860 52 is_stmt 0 view .LVU1918
 5705 0002 0368     		ldr	r3, [r0]
3860:platform/HAL/src/stm32g4xx_hal_spi.c ****   hspi->pRxBuffPtr += sizeof(uint16_t);
 5706              		.loc 1 3860 62 view .LVU1919
 5707 0004 DA68     		ldr	r2, [r3, #12]
3860:platform/HAL/src/stm32g4xx_hal_spi.c ****   hspi->pRxBuffPtr += sizeof(uint16_t);
 5708              		.loc 1 3860 21 view .LVU1920
 5709 0006 036C     		ldr	r3, [r0, #64]
3860:platform/HAL/src/stm32g4xx_hal_spi.c ****   hspi->pRxBuffPtr += sizeof(uint16_t);
 5710              		.loc 1 3860 35 view .LVU1921
 5711 0008 1A80     		strh	r2, [r3]	@ movhi
3861:platform/HAL/src/stm32g4xx_hal_spi.c ****   hspi->RxXferCount--;
 5712              		.loc 1 3861 3 is_stmt 1 view .LVU1922
3861:platform/HAL/src/stm32g4xx_hal_spi.c ****   hspi->RxXferCount--;
 5713              		.loc 1 3861 7 is_stmt 0 view .LVU1923
 5714 000a 036C     		ldr	r3, [r0, #64]
3861:platform/HAL/src/stm32g4xx_hal_spi.c ****   hspi->RxXferCount--;
 5715              		.loc 1 3861 20 view .LVU1924
 5716 000c 0233     		adds	r3, r3, #2
 5717 000e 0364     		str	r3, [r0, #64]
3862:platform/HAL/src/stm32g4xx_hal_spi.c **** 
 5718              		.loc 1 3862 3 is_stmt 1 view .LVU1925
3862:platform/HAL/src/stm32g4xx_hal_spi.c **** 
 5719              		.loc 1 3862 7 is_stmt 0 view .LVU1926
 5720 0010 B0F84630 		ldrh	r3, [r0, #70]
 5721 0014 9BB2     		uxth	r3, r3
3862:platform/HAL/src/stm32g4xx_hal_spi.c **** 
 5722              		.loc 1 3862 20 view .LVU1927
 5723 0016 013B     		subs	r3, r3, #1
 5724 0018 9BB2     		uxth	r3, r3
 5725 001a A0F84630 		strh	r3, [r0, #70]	@ movhi
3872:platform/HAL/src/stm32g4xx_hal_spi.c ****   {
ARM GAS  /tmp/ccMpXq91.s 			page 209


 5726              		.loc 1 3872 3 is_stmt 1 view .LVU1928
3872:platform/HAL/src/stm32g4xx_hal_spi.c ****   {
 5727              		.loc 1 3872 11 is_stmt 0 view .LVU1929
 5728 001e B0F84630 		ldrh	r3, [r0, #70]
 5729 0022 9BB2     		uxth	r3, r3
3872:platform/HAL/src/stm32g4xx_hal_spi.c ****   {
 5730              		.loc 1 3872 6 view .LVU1930
 5731 0024 03B1     		cbz	r3, .L387
 5732              	.LVL325:
 5733              	.L384:
3883:platform/HAL/src/stm32g4xx_hal_spi.c **** 
 5734              		.loc 1 3883 1 view .LVU1931
 5735 0026 08BD     		pop	{r3, pc}
 5736              	.LVL326:
 5737              	.L387:
3881:platform/HAL/src/stm32g4xx_hal_spi.c ****   }
 5738              		.loc 1 3881 5 is_stmt 1 view .LVU1932
 5739 0028 FFF7FEFF 		bl	SPI_CloseRx_ISR
 5740              	.LVL327:
3883:platform/HAL/src/stm32g4xx_hal_spi.c **** 
 5741              		.loc 1 3883 1 is_stmt 0 view .LVU1933
 5742 002c FBE7     		b	.L384
 5743              		.cfi_endproc
 5744              	.LFE373:
 5746              		.section	.text.SPI_CloseRxTx_ISR,"ax",%progbits
 5747              		.align	1
 5748              		.syntax unified
 5749              		.thumb
 5750              		.thumb_func
 5752              	SPI_CloseRxTx_ISR:
 5753              	.LVL328:
 5754              	.LFB380:
4164:platform/HAL/src/stm32g4xx_hal_spi.c ****   uint32_t tickstart;
 5755              		.loc 1 4164 1 is_stmt 1 view -0
 5756              		.cfi_startproc
 5757              		@ args = 0, pretend = 0, frame = 0
 5758              		@ frame_needed = 0, uses_anonymous_args = 0
4164:platform/HAL/src/stm32g4xx_hal_spi.c ****   uint32_t tickstart;
 5759              		.loc 1 4164 1 is_stmt 0 view .LVU1935
 5760 0000 10B5     		push	{r4, lr}
 5761              	.LCFI60:
 5762              		.cfi_def_cfa_offset 8
 5763              		.cfi_offset 4, -8
 5764              		.cfi_offset 14, -4
 5765 0002 0446     		mov	r4, r0
4165:platform/HAL/src/stm32g4xx_hal_spi.c **** 
 5766              		.loc 1 4165 3 is_stmt 1 view .LVU1936
4168:platform/HAL/src/stm32g4xx_hal_spi.c **** 
 5767              		.loc 1 4168 3 view .LVU1937
4168:platform/HAL/src/stm32g4xx_hal_spi.c **** 
 5768              		.loc 1 4168 15 is_stmt 0 view .LVU1938
 5769 0004 FFF7FEFF 		bl	HAL_GetTick
 5770              	.LVL329:
4168:platform/HAL/src/stm32g4xx_hal_spi.c **** 
 5771              		.loc 1 4168 15 view .LVU1939
 5772 0008 0246     		mov	r2, r0
 5773              	.LVL330:
ARM GAS  /tmp/ccMpXq91.s 			page 210


4171:platform/HAL/src/stm32g4xx_hal_spi.c **** 
 5774              		.loc 1 4171 3 is_stmt 1 view .LVU1940
 5775 000a 2168     		ldr	r1, [r4]
 5776 000c 4B68     		ldr	r3, [r1, #4]
 5777 000e 23F02003 		bic	r3, r3, #32
 5778 0012 4B60     		str	r3, [r1, #4]
4174:platform/HAL/src/stm32g4xx_hal_spi.c ****   {
 5779              		.loc 1 4174 3 view .LVU1941
4174:platform/HAL/src/stm32g4xx_hal_spi.c ****   {
 5780              		.loc 1 4174 7 is_stmt 0 view .LVU1942
 5781 0014 6421     		movs	r1, #100
 5782 0016 2046     		mov	r0, r4
 5783              	.LVL331:
4174:platform/HAL/src/stm32g4xx_hal_spi.c ****   {
 5784              		.loc 1 4174 7 view .LVU1943
 5785 0018 FFF7FEFF 		bl	SPI_EndRxTxTransaction
 5786              	.LVL332:
4174:platform/HAL/src/stm32g4xx_hal_spi.c ****   {
 5787              		.loc 1 4174 6 discriminator 1 view .LVU1944
 5788 001c 18B1     		cbz	r0, .L389
4176:platform/HAL/src/stm32g4xx_hal_spi.c ****   }
 5789              		.loc 1 4176 5 is_stmt 1 view .LVU1945
 5790 001e 236E     		ldr	r3, [r4, #96]
 5791 0020 43F02003 		orr	r3, r3, #32
 5792 0024 2366     		str	r3, [r4, #96]
 5793              	.L389:
4196:platform/HAL/src/stm32g4xx_hal_spi.c ****     {
 5794              		.loc 1 4196 5 view .LVU1946
4196:platform/HAL/src/stm32g4xx_hal_spi.c ****     {
 5795              		.loc 1 4196 13 is_stmt 0 view .LVU1947
 5796 0026 236E     		ldr	r3, [r4, #96]
4196:platform/HAL/src/stm32g4xx_hal_spi.c ****     {
 5797              		.loc 1 4196 8 view .LVU1948
 5798 0028 8BB9     		cbnz	r3, .L390
4198:platform/HAL/src/stm32g4xx_hal_spi.c ****       {
 5799              		.loc 1 4198 7 is_stmt 1 view .LVU1949
4198:platform/HAL/src/stm32g4xx_hal_spi.c ****       {
 5800              		.loc 1 4198 15 is_stmt 0 view .LVU1950
 5801 002a 94F85D30 		ldrb	r3, [r4, #93]	@ zero_extendqisi2
4198:platform/HAL/src/stm32g4xx_hal_spi.c ****       {
 5802              		.loc 1 4198 10 view .LVU1951
 5803 002e 042B     		cmp	r3, #4
 5804 0030 06D0     		beq	.L394
4210:platform/HAL/src/stm32g4xx_hal_spi.c ****         /* Call user TxRx complete callback */
 5805              		.loc 1 4210 9 is_stmt 1 view .LVU1952
4210:platform/HAL/src/stm32g4xx_hal_spi.c ****         /* Call user TxRx complete callback */
 5806              		.loc 1 4210 21 is_stmt 0 view .LVU1953
 5807 0032 0123     		movs	r3, #1
 5808 0034 84F85D30 		strb	r3, [r4, #93]
4215:platform/HAL/src/stm32g4xx_hal_spi.c **** #endif /* USE_HAL_SPI_REGISTER_CALLBACKS */
 5809              		.loc 1 4215 9 is_stmt 1 view .LVU1954
 5810 0038 2046     		mov	r0, r4
 5811 003a FFF7FEFF 		bl	HAL_SPI_TxRxCpltCallback
 5812              	.LVL333:
 5813              	.L388:
4232:platform/HAL/src/stm32g4xx_hal_spi.c **** 
 5814              		.loc 1 4232 1 is_stmt 0 view .LVU1955
ARM GAS  /tmp/ccMpXq91.s 			page 211


 5815 003e 10BD     		pop	{r4, pc}
 5816              	.LVL334:
 5817              	.L394:
4200:platform/HAL/src/stm32g4xx_hal_spi.c ****         /* Call user Rx complete callback */
 5818              		.loc 1 4200 9 is_stmt 1 view .LVU1956
4200:platform/HAL/src/stm32g4xx_hal_spi.c ****         /* Call user Rx complete callback */
 5819              		.loc 1 4200 21 is_stmt 0 view .LVU1957
 5820 0040 0123     		movs	r3, #1
 5821 0042 84F85D30 		strb	r3, [r4, #93]
4205:platform/HAL/src/stm32g4xx_hal_spi.c **** #endif /* USE_HAL_SPI_REGISTER_CALLBACKS */
 5822              		.loc 1 4205 9 is_stmt 1 view .LVU1958
 5823 0046 2046     		mov	r0, r4
 5824 0048 FFF7FEFF 		bl	HAL_SPI_RxCpltCallback
 5825              	.LVL335:
 5826 004c F7E7     		b	.L388
 5827              	.L390:
4221:platform/HAL/src/stm32g4xx_hal_spi.c ****       /* Call user error callback */
 5828              		.loc 1 4221 7 view .LVU1959
4221:platform/HAL/src/stm32g4xx_hal_spi.c ****       /* Call user error callback */
 5829              		.loc 1 4221 19 is_stmt 0 view .LVU1960
 5830 004e 0123     		movs	r3, #1
 5831 0050 84F85D30 		strb	r3, [r4, #93]
4226:platform/HAL/src/stm32g4xx_hal_spi.c **** #endif /* USE_HAL_SPI_REGISTER_CALLBACKS */
 5832              		.loc 1 4226 7 is_stmt 1 view .LVU1961
 5833 0054 2046     		mov	r0, r4
 5834 0056 FFF7FEFF 		bl	HAL_SPI_ErrorCallback
 5835              	.LVL336:
4232:platform/HAL/src/stm32g4xx_hal_spi.c **** 
 5836              		.loc 1 4232 1 is_stmt 0 view .LVU1962
 5837 005a F0E7     		b	.L388
 5838              		.cfi_endproc
 5839              	.LFE380:
 5841              		.section	.text.SPI_2linesTxISR_8BIT,"ax",%progbits
 5842              		.align	1
 5843              		.syntax unified
 5844              		.thumb
 5845              		.thumb_func
 5847              	SPI_2linesTxISR_8BIT:
 5848              	.LVL337:
 5849              	.LFB369:
3635:platform/HAL/src/stm32g4xx_hal_spi.c ****   /* Transmit data in packing Bit mode */
 5850              		.loc 1 3635 1 is_stmt 1 view -0
 5851              		.cfi_startproc
 5852              		@ args = 0, pretend = 0, frame = 0
 5853              		@ frame_needed = 0, uses_anonymous_args = 0
3635:platform/HAL/src/stm32g4xx_hal_spi.c ****   /* Transmit data in packing Bit mode */
 5854              		.loc 1 3635 1 is_stmt 0 view .LVU1964
 5855 0000 08B5     		push	{r3, lr}
 5856              	.LCFI61:
 5857              		.cfi_def_cfa_offset 8
 5858              		.cfi_offset 3, -8
 5859              		.cfi_offset 14, -4
3637:platform/HAL/src/stm32g4xx_hal_spi.c ****   {
 5860              		.loc 1 3637 3 is_stmt 1 view .LVU1965
3637:platform/HAL/src/stm32g4xx_hal_spi.c ****   {
 5861              		.loc 1 3637 11 is_stmt 0 view .LVU1966
 5862 0002 C38F     		ldrh	r3, [r0, #62]
ARM GAS  /tmp/ccMpXq91.s 			page 212


 5863 0004 9BB2     		uxth	r3, r3
3637:platform/HAL/src/stm32g4xx_hal_spi.c ****   {
 5864              		.loc 1 3637 6 view .LVU1967
 5865 0006 012B     		cmp	r3, #1
 5866 0008 18D9     		bls	.L396
3639:platform/HAL/src/stm32g4xx_hal_spi.c ****     hspi->pTxBuffPtr += sizeof(uint16_t);
 5867              		.loc 1 3639 5 is_stmt 1 view .LVU1968
3639:platform/HAL/src/stm32g4xx_hal_spi.c ****     hspi->pTxBuffPtr += sizeof(uint16_t);
 5868              		.loc 1 3639 50 is_stmt 0 view .LVU1969
 5869 000a 826B     		ldr	r2, [r0, #56]
3639:platform/HAL/src/stm32g4xx_hal_spi.c ****     hspi->pTxBuffPtr += sizeof(uint16_t);
 5870              		.loc 1 3639 9 view .LVU1970
 5871 000c 0368     		ldr	r3, [r0]
3639:platform/HAL/src/stm32g4xx_hal_spi.c ****     hspi->pTxBuffPtr += sizeof(uint16_t);
 5872              		.loc 1 3639 26 view .LVU1971
 5873 000e 1288     		ldrh	r2, [r2]
3639:platform/HAL/src/stm32g4xx_hal_spi.c ****     hspi->pTxBuffPtr += sizeof(uint16_t);
 5874              		.loc 1 3639 24 view .LVU1972
 5875 0010 DA60     		str	r2, [r3, #12]
3640:platform/HAL/src/stm32g4xx_hal_spi.c ****     hspi->TxXferCount -= 2U;
 5876              		.loc 1 3640 5 is_stmt 1 view .LVU1973
3640:platform/HAL/src/stm32g4xx_hal_spi.c ****     hspi->TxXferCount -= 2U;
 5877              		.loc 1 3640 9 is_stmt 0 view .LVU1974
 5878 0012 836B     		ldr	r3, [r0, #56]
3640:platform/HAL/src/stm32g4xx_hal_spi.c ****     hspi->TxXferCount -= 2U;
 5879              		.loc 1 3640 22 view .LVU1975
 5880 0014 0233     		adds	r3, r3, #2
 5881 0016 8363     		str	r3, [r0, #56]
3641:platform/HAL/src/stm32g4xx_hal_spi.c ****   }
 5882              		.loc 1 3641 5 is_stmt 1 view .LVU1976
3641:platform/HAL/src/stm32g4xx_hal_spi.c ****   }
 5883              		.loc 1 3641 9 is_stmt 0 view .LVU1977
 5884 0018 C38F     		ldrh	r3, [r0, #62]
 5885 001a 9BB2     		uxth	r3, r3
3641:platform/HAL/src/stm32g4xx_hal_spi.c ****   }
 5886              		.loc 1 3641 23 view .LVU1978
 5887 001c 023B     		subs	r3, r3, #2
 5888 001e 9BB2     		uxth	r3, r3
 5889 0020 C387     		strh	r3, [r0, #62]	@ movhi
 5890              	.L397:
3652:platform/HAL/src/stm32g4xx_hal_spi.c ****   {
 5891              		.loc 1 3652 3 is_stmt 1 view .LVU1979
3652:platform/HAL/src/stm32g4xx_hal_spi.c ****   {
 5892              		.loc 1 3652 11 is_stmt 0 view .LVU1980
 5893 0022 C38F     		ldrh	r3, [r0, #62]
 5894 0024 9BB2     		uxth	r3, r3
3652:platform/HAL/src/stm32g4xx_hal_spi.c ****   {
 5895              		.loc 1 3652 6 view .LVU1981
 5896 0026 43B9     		cbnz	r3, .L395
3666:platform/HAL/src/stm32g4xx_hal_spi.c **** 
 5897              		.loc 1 3666 5 is_stmt 1 view .LVU1982
 5898 0028 0268     		ldr	r2, [r0]
 5899 002a 5368     		ldr	r3, [r2, #4]
 5900 002c 23F08003 		bic	r3, r3, #128
 5901 0030 5360     		str	r3, [r2, #4]
3668:platform/HAL/src/stm32g4xx_hal_spi.c ****     {
 5902              		.loc 1 3668 5 view .LVU1983
ARM GAS  /tmp/ccMpXq91.s 			page 213


3668:platform/HAL/src/stm32g4xx_hal_spi.c ****     {
 5903              		.loc 1 3668 13 is_stmt 0 view .LVU1984
 5904 0032 B0F84630 		ldrh	r3, [r0, #70]
 5905 0036 9BB2     		uxth	r3, r3
3668:platform/HAL/src/stm32g4xx_hal_spi.c ****     {
 5906              		.loc 1 3668 8 view .LVU1985
 5907 0038 6BB1     		cbz	r3, .L400
 5908              	.LVL338:
 5909              	.L395:
3673:platform/HAL/src/stm32g4xx_hal_spi.c **** 
 5910              		.loc 1 3673 1 view .LVU1986
 5911 003a 08BD     		pop	{r3, pc}
 5912              	.LVL339:
 5913              	.L396:
3646:platform/HAL/src/stm32g4xx_hal_spi.c ****     hspi->pTxBuffPtr++;
 5914              		.loc 1 3646 5 is_stmt 1 view .LVU1987
3646:platform/HAL/src/stm32g4xx_hal_spi.c ****     hspi->pTxBuffPtr++;
 5915              		.loc 1 3646 67 is_stmt 0 view .LVU1988
 5916 003c 826B     		ldr	r2, [r0, #56]
3646:platform/HAL/src/stm32g4xx_hal_spi.c ****     hspi->pTxBuffPtr++;
 5917              		.loc 1 3646 27 view .LVU1989
 5918 003e 0368     		ldr	r3, [r0]
3646:platform/HAL/src/stm32g4xx_hal_spi.c ****     hspi->pTxBuffPtr++;
 5919              		.loc 1 3646 44 view .LVU1990
 5920 0040 1278     		ldrb	r2, [r2]	@ zero_extendqisi2
3646:platform/HAL/src/stm32g4xx_hal_spi.c ****     hspi->pTxBuffPtr++;
 5921              		.loc 1 3646 42 view .LVU1991
 5922 0042 1A73     		strb	r2, [r3, #12]
3647:platform/HAL/src/stm32g4xx_hal_spi.c ****     hspi->TxXferCount--;
 5923              		.loc 1 3647 5 is_stmt 1 view .LVU1992
3647:platform/HAL/src/stm32g4xx_hal_spi.c ****     hspi->TxXferCount--;
 5924              		.loc 1 3647 9 is_stmt 0 view .LVU1993
 5925 0044 836B     		ldr	r3, [r0, #56]
3647:platform/HAL/src/stm32g4xx_hal_spi.c ****     hspi->TxXferCount--;
 5926              		.loc 1 3647 21 view .LVU1994
 5927 0046 0133     		adds	r3, r3, #1
 5928 0048 8363     		str	r3, [r0, #56]
3648:platform/HAL/src/stm32g4xx_hal_spi.c ****   }
 5929              		.loc 1 3648 5 is_stmt 1 view .LVU1995
3648:platform/HAL/src/stm32g4xx_hal_spi.c ****   }
 5930              		.loc 1 3648 9 is_stmt 0 view .LVU1996
 5931 004a C38F     		ldrh	r3, [r0, #62]
 5932 004c 9BB2     		uxth	r3, r3
3648:platform/HAL/src/stm32g4xx_hal_spi.c ****   }
 5933              		.loc 1 3648 22 view .LVU1997
 5934 004e 013B     		subs	r3, r3, #1
 5935 0050 9BB2     		uxth	r3, r3
 5936 0052 C387     		strh	r3, [r0, #62]	@ movhi
 5937 0054 E5E7     		b	.L397
 5938              	.L400:
3670:platform/HAL/src/stm32g4xx_hal_spi.c ****     }
 5939              		.loc 1 3670 7 is_stmt 1 view .LVU1998
 5940 0056 FFF7FEFF 		bl	SPI_CloseRxTx_ISR
 5941              	.LVL340:
3673:platform/HAL/src/stm32g4xx_hal_spi.c **** 
 5942              		.loc 1 3673 1 is_stmt 0 view .LVU1999
 5943 005a EEE7     		b	.L395
ARM GAS  /tmp/ccMpXq91.s 			page 214


 5944              		.cfi_endproc
 5945              	.LFE369:
 5947              		.section	.text.SPI_2linesRxISR_8BIT,"ax",%progbits
 5948              		.align	1
 5949              		.syntax unified
 5950              		.thumb
 5951              		.thumb_func
 5953              	SPI_2linesRxISR_8BIT:
 5954              	.LVL341:
 5955              	.LFB368:
3550:platform/HAL/src/stm32g4xx_hal_spi.c ****   /* Receive data in packing mode */
 5956              		.loc 1 3550 1 is_stmt 1 view -0
 5957              		.cfi_startproc
 5958              		@ args = 0, pretend = 0, frame = 0
 5959              		@ frame_needed = 0, uses_anonymous_args = 0
3550:platform/HAL/src/stm32g4xx_hal_spi.c ****   /* Receive data in packing mode */
 5960              		.loc 1 3550 1 is_stmt 0 view .LVU2001
 5961 0000 08B5     		push	{r3, lr}
 5962              	.LCFI62:
 5963              		.cfi_def_cfa_offset 8
 5964              		.cfi_offset 3, -8
 5965              		.cfi_offset 14, -4
3552:platform/HAL/src/stm32g4xx_hal_spi.c ****   {
 5966              		.loc 1 3552 3 is_stmt 1 view .LVU2002
3552:platform/HAL/src/stm32g4xx_hal_spi.c ****   {
 5967              		.loc 1 3552 11 is_stmt 0 view .LVU2003
 5968 0002 B0F84630 		ldrh	r3, [r0, #70]
 5969 0006 9BB2     		uxth	r3, r3
3552:platform/HAL/src/stm32g4xx_hal_spi.c ****   {
 5970              		.loc 1 3552 6 view .LVU2004
 5971 0008 012B     		cmp	r3, #1
 5972 000a 18D9     		bls	.L402
3554:platform/HAL/src/stm32g4xx_hal_spi.c ****     hspi->pRxBuffPtr += sizeof(uint16_t);
 5973              		.loc 1 3554 5 is_stmt 1 view .LVU2005
3554:platform/HAL/src/stm32g4xx_hal_spi.c ****     hspi->pRxBuffPtr += sizeof(uint16_t);
 5974              		.loc 1 3554 54 is_stmt 0 view .LVU2006
 5975 000c 0368     		ldr	r3, [r0]
3554:platform/HAL/src/stm32g4xx_hal_spi.c ****     hspi->pRxBuffPtr += sizeof(uint16_t);
 5976              		.loc 1 3554 64 view .LVU2007
 5977 000e DA68     		ldr	r2, [r3, #12]
3554:platform/HAL/src/stm32g4xx_hal_spi.c ****     hspi->pRxBuffPtr += sizeof(uint16_t);
 5978              		.loc 1 3554 23 view .LVU2008
 5979 0010 036C     		ldr	r3, [r0, #64]
3554:platform/HAL/src/stm32g4xx_hal_spi.c ****     hspi->pRxBuffPtr += sizeof(uint16_t);
 5980              		.loc 1 3554 37 view .LVU2009
 5981 0012 1A80     		strh	r2, [r3]	@ movhi
3555:platform/HAL/src/stm32g4xx_hal_spi.c ****     hspi->RxXferCount -= 2U;
 5982              		.loc 1 3555 5 is_stmt 1 view .LVU2010
3555:platform/HAL/src/stm32g4xx_hal_spi.c ****     hspi->RxXferCount -= 2U;
 5983              		.loc 1 3555 9 is_stmt 0 view .LVU2011
 5984 0014 036C     		ldr	r3, [r0, #64]
3555:platform/HAL/src/stm32g4xx_hal_spi.c ****     hspi->RxXferCount -= 2U;
 5985              		.loc 1 3555 22 view .LVU2012
 5986 0016 0233     		adds	r3, r3, #2
 5987 0018 0364     		str	r3, [r0, #64]
3556:platform/HAL/src/stm32g4xx_hal_spi.c ****     if (hspi->RxXferCount == 1U)
 5988              		.loc 1 3556 5 is_stmt 1 view .LVU2013
ARM GAS  /tmp/ccMpXq91.s 			page 215


3556:platform/HAL/src/stm32g4xx_hal_spi.c ****     if (hspi->RxXferCount == 1U)
 5989              		.loc 1 3556 9 is_stmt 0 view .LVU2014
 5990 001a B0F84630 		ldrh	r3, [r0, #70]
 5991 001e 9BB2     		uxth	r3, r3
3556:platform/HAL/src/stm32g4xx_hal_spi.c ****     if (hspi->RxXferCount == 1U)
 5992              		.loc 1 3556 23 view .LVU2015
 5993 0020 023B     		subs	r3, r3, #2
 5994 0022 9BB2     		uxth	r3, r3
 5995 0024 A0F84630 		strh	r3, [r0, #70]	@ movhi
3557:platform/HAL/src/stm32g4xx_hal_spi.c ****     {
 5996              		.loc 1 3557 5 is_stmt 1 view .LVU2016
3557:platform/HAL/src/stm32g4xx_hal_spi.c ****     {
 5997              		.loc 1 3557 13 is_stmt 0 view .LVU2017
 5998 0028 B0F84630 		ldrh	r3, [r0, #70]
 5999 002c 9BB2     		uxth	r3, r3
3557:platform/HAL/src/stm32g4xx_hal_spi.c ****     {
 6000              		.loc 1 3557 8 view .LVU2018
 6001 002e 012B     		cmp	r3, #1
 6002 0030 13D1     		bne	.L403
3560:platform/HAL/src/stm32g4xx_hal_spi.c ****     }
 6003              		.loc 1 3560 7 is_stmt 1 view .LVU2019
 6004 0032 0268     		ldr	r2, [r0]
 6005 0034 5368     		ldr	r3, [r2, #4]
 6006 0036 43F48053 		orr	r3, r3, #4096
 6007 003a 5360     		str	r3, [r2, #4]
 6008 003c 0DE0     		b	.L403
 6009              	.L402:
3566:platform/HAL/src/stm32g4xx_hal_spi.c ****     hspi->pRxBuffPtr++;
 6010              		.loc 1 3566 5 view .LVU2020
3566:platform/HAL/src/stm32g4xx_hal_spi.c ****     hspi->pRxBuffPtr++;
 6011              		.loc 1 3566 48 is_stmt 0 view .LVU2021
 6012 003e 0268     		ldr	r2, [r0]
3566:platform/HAL/src/stm32g4xx_hal_spi.c ****     hspi->pRxBuffPtr++;
 6013              		.loc 1 3566 10 view .LVU2022
 6014 0040 036C     		ldr	r3, [r0, #64]
3566:platform/HAL/src/stm32g4xx_hal_spi.c ****     hspi->pRxBuffPtr++;
 6015              		.loc 1 3566 25 view .LVU2023
 6016 0042 127B     		ldrb	r2, [r2, #12]	@ zero_extendqisi2
3566:platform/HAL/src/stm32g4xx_hal_spi.c ****     hspi->pRxBuffPtr++;
 6017              		.loc 1 3566 23 view .LVU2024
 6018 0044 1A70     		strb	r2, [r3]
3567:platform/HAL/src/stm32g4xx_hal_spi.c ****     hspi->RxXferCount--;
 6019              		.loc 1 3567 5 is_stmt 1 view .LVU2025
3567:platform/HAL/src/stm32g4xx_hal_spi.c ****     hspi->RxXferCount--;
 6020              		.loc 1 3567 9 is_stmt 0 view .LVU2026
 6021 0046 036C     		ldr	r3, [r0, #64]
3567:platform/HAL/src/stm32g4xx_hal_spi.c ****     hspi->RxXferCount--;
 6022              		.loc 1 3567 21 view .LVU2027
 6023 0048 0133     		adds	r3, r3, #1
 6024 004a 0364     		str	r3, [r0, #64]
3568:platform/HAL/src/stm32g4xx_hal_spi.c ****   }
 6025              		.loc 1 3568 5 is_stmt 1 view .LVU2028
3568:platform/HAL/src/stm32g4xx_hal_spi.c ****   }
 6026              		.loc 1 3568 9 is_stmt 0 view .LVU2029
 6027 004c B0F84630 		ldrh	r3, [r0, #70]
 6028 0050 9BB2     		uxth	r3, r3
3568:platform/HAL/src/stm32g4xx_hal_spi.c ****   }
ARM GAS  /tmp/ccMpXq91.s 			page 216


 6029              		.loc 1 3568 22 view .LVU2030
 6030 0052 013B     		subs	r3, r3, #1
 6031 0054 9BB2     		uxth	r3, r3
 6032 0056 A0F84630 		strh	r3, [r0, #70]	@ movhi
 6033              	.L403:
3572:platform/HAL/src/stm32g4xx_hal_spi.c ****   {
 6034              		.loc 1 3572 3 is_stmt 1 view .LVU2031
3572:platform/HAL/src/stm32g4xx_hal_spi.c ****   {
 6035              		.loc 1 3572 11 is_stmt 0 view .LVU2032
 6036 005a B0F84630 		ldrh	r3, [r0, #70]
 6037 005e 9BB2     		uxth	r3, r3
3572:platform/HAL/src/stm32g4xx_hal_spi.c ****   {
 6038              		.loc 1 3572 6 view .LVU2033
 6039 0060 3BB9     		cbnz	r3, .L401
3584:platform/HAL/src/stm32g4xx_hal_spi.c **** 
 6040              		.loc 1 3584 5 is_stmt 1 view .LVU2034
 6041 0062 0268     		ldr	r2, [r0]
 6042 0064 5368     		ldr	r3, [r2, #4]
 6043 0066 23F06003 		bic	r3, r3, #96
 6044 006a 5360     		str	r3, [r2, #4]
3586:platform/HAL/src/stm32g4xx_hal_spi.c ****     {
 6045              		.loc 1 3586 5 view .LVU2035
3586:platform/HAL/src/stm32g4xx_hal_spi.c ****     {
 6046              		.loc 1 3586 13 is_stmt 0 view .LVU2036
 6047 006c C38F     		ldrh	r3, [r0, #62]
 6048 006e 9BB2     		uxth	r3, r3
3586:platform/HAL/src/stm32g4xx_hal_spi.c ****     {
 6049              		.loc 1 3586 8 view .LVU2037
 6050 0070 03B1     		cbz	r3, .L406
 6051              	.LVL342:
 6052              	.L401:
3591:platform/HAL/src/stm32g4xx_hal_spi.c **** 
 6053              		.loc 1 3591 1 view .LVU2038
 6054 0072 08BD     		pop	{r3, pc}
 6055              	.LVL343:
 6056              	.L406:
3588:platform/HAL/src/stm32g4xx_hal_spi.c ****     }
 6057              		.loc 1 3588 7 is_stmt 1 view .LVU2039
 6058 0074 FFF7FEFF 		bl	SPI_CloseRxTx_ISR
 6059              	.LVL344:
3591:platform/HAL/src/stm32g4xx_hal_spi.c **** 
 6060              		.loc 1 3591 1 is_stmt 0 view .LVU2040
 6061 0078 FBE7     		b	.L401
 6062              		.cfi_endproc
 6063              	.LFE368:
 6065              		.section	.text.SPI_2linesTxISR_16BIT,"ax",%progbits
 6066              		.align	1
 6067              		.syntax unified
 6068              		.thumb
 6069              		.thumb_func
 6071              	SPI_2linesTxISR_16BIT:
 6072              	.LVL345:
 6073              	.LFB371:
3738:platform/HAL/src/stm32g4xx_hal_spi.c ****   /* Transmit data in 16 Bit mode */
 6074              		.loc 1 3738 1 is_stmt 1 view -0
 6075              		.cfi_startproc
 6076              		@ args = 0, pretend = 0, frame = 0
ARM GAS  /tmp/ccMpXq91.s 			page 217


 6077              		@ frame_needed = 0, uses_anonymous_args = 0
3738:platform/HAL/src/stm32g4xx_hal_spi.c ****   /* Transmit data in 16 Bit mode */
 6078              		.loc 1 3738 1 is_stmt 0 view .LVU2042
 6079 0000 08B5     		push	{r3, lr}
 6080              	.LCFI63:
 6081              		.cfi_def_cfa_offset 8
 6082              		.cfi_offset 3, -8
 6083              		.cfi_offset 14, -4
3740:platform/HAL/src/stm32g4xx_hal_spi.c ****   hspi->pTxBuffPtr += sizeof(uint16_t);
 6084              		.loc 1 3740 3 is_stmt 1 view .LVU2043
3740:platform/HAL/src/stm32g4xx_hal_spi.c ****   hspi->pTxBuffPtr += sizeof(uint16_t);
 6085              		.loc 1 3740 48 is_stmt 0 view .LVU2044
 6086 0002 826B     		ldr	r2, [r0, #56]
3740:platform/HAL/src/stm32g4xx_hal_spi.c ****   hspi->pTxBuffPtr += sizeof(uint16_t);
 6087              		.loc 1 3740 7 view .LVU2045
 6088 0004 0368     		ldr	r3, [r0]
3740:platform/HAL/src/stm32g4xx_hal_spi.c ****   hspi->pTxBuffPtr += sizeof(uint16_t);
 6089              		.loc 1 3740 24 view .LVU2046
 6090 0006 1288     		ldrh	r2, [r2]
3740:platform/HAL/src/stm32g4xx_hal_spi.c ****   hspi->pTxBuffPtr += sizeof(uint16_t);
 6091              		.loc 1 3740 22 view .LVU2047
 6092 0008 DA60     		str	r2, [r3, #12]
3741:platform/HAL/src/stm32g4xx_hal_spi.c ****   hspi->TxXferCount--;
 6093              		.loc 1 3741 3 is_stmt 1 view .LVU2048
3741:platform/HAL/src/stm32g4xx_hal_spi.c ****   hspi->TxXferCount--;
 6094              		.loc 1 3741 7 is_stmt 0 view .LVU2049
 6095 000a 836B     		ldr	r3, [r0, #56]
3741:platform/HAL/src/stm32g4xx_hal_spi.c ****   hspi->TxXferCount--;
 6096              		.loc 1 3741 20 view .LVU2050
 6097 000c 0233     		adds	r3, r3, #2
 6098 000e 8363     		str	r3, [r0, #56]
3742:platform/HAL/src/stm32g4xx_hal_spi.c **** 
 6099              		.loc 1 3742 3 is_stmt 1 view .LVU2051
3742:platform/HAL/src/stm32g4xx_hal_spi.c **** 
 6100              		.loc 1 3742 7 is_stmt 0 view .LVU2052
 6101 0010 C38F     		ldrh	r3, [r0, #62]
 6102 0012 9BB2     		uxth	r3, r3
3742:platform/HAL/src/stm32g4xx_hal_spi.c **** 
 6103              		.loc 1 3742 20 view .LVU2053
 6104 0014 013B     		subs	r3, r3, #1
 6105 0016 9BB2     		uxth	r3, r3
 6106 0018 C387     		strh	r3, [r0, #62]	@ movhi
3745:platform/HAL/src/stm32g4xx_hal_spi.c ****   {
 6107              		.loc 1 3745 3 is_stmt 1 view .LVU2054
3745:platform/HAL/src/stm32g4xx_hal_spi.c ****   {
 6108              		.loc 1 3745 11 is_stmt 0 view .LVU2055
 6109 001a C38F     		ldrh	r3, [r0, #62]
 6110 001c 9BB2     		uxth	r3, r3
3745:platform/HAL/src/stm32g4xx_hal_spi.c ****   {
 6111              		.loc 1 3745 6 view .LVU2056
 6112 001e 43B9     		cbnz	r3, .L407
3759:platform/HAL/src/stm32g4xx_hal_spi.c **** 
 6113              		.loc 1 3759 5 is_stmt 1 view .LVU2057
 6114 0020 0268     		ldr	r2, [r0]
 6115 0022 5368     		ldr	r3, [r2, #4]
 6116 0024 23F08003 		bic	r3, r3, #128
 6117 0028 5360     		str	r3, [r2, #4]
ARM GAS  /tmp/ccMpXq91.s 			page 218


3761:platform/HAL/src/stm32g4xx_hal_spi.c ****     {
 6118              		.loc 1 3761 5 view .LVU2058
3761:platform/HAL/src/stm32g4xx_hal_spi.c ****     {
 6119              		.loc 1 3761 13 is_stmt 0 view .LVU2059
 6120 002a B0F84630 		ldrh	r3, [r0, #70]
 6121 002e 9BB2     		uxth	r3, r3
3761:platform/HAL/src/stm32g4xx_hal_spi.c ****     {
 6122              		.loc 1 3761 8 view .LVU2060
 6123 0030 03B1     		cbz	r3, .L410
 6124              	.LVL346:
 6125              	.L407:
3766:platform/HAL/src/stm32g4xx_hal_spi.c **** 
 6126              		.loc 1 3766 1 view .LVU2061
 6127 0032 08BD     		pop	{r3, pc}
 6128              	.LVL347:
 6129              	.L410:
3763:platform/HAL/src/stm32g4xx_hal_spi.c ****     }
 6130              		.loc 1 3763 7 is_stmt 1 view .LVU2062
 6131 0034 FFF7FEFF 		bl	SPI_CloseRxTx_ISR
 6132              	.LVL348:
3766:platform/HAL/src/stm32g4xx_hal_spi.c **** 
 6133              		.loc 1 3766 1 is_stmt 0 view .LVU2063
 6134 0038 FBE7     		b	.L407
 6135              		.cfi_endproc
 6136              	.LFE371:
 6138              		.section	.text.SPI_2linesRxISR_16BIT,"ax",%progbits
 6139              		.align	1
 6140              		.syntax unified
 6141              		.thumb
 6142              		.thumb_func
 6144              	SPI_2linesRxISR_16BIT:
 6145              	.LVL349:
 6146              	.LFB370:
3682:platform/HAL/src/stm32g4xx_hal_spi.c ****   /* Receive data in 16 Bit mode */
 6147              		.loc 1 3682 1 is_stmt 1 view -0
 6148              		.cfi_startproc
 6149              		@ args = 0, pretend = 0, frame = 0
 6150              		@ frame_needed = 0, uses_anonymous_args = 0
3682:platform/HAL/src/stm32g4xx_hal_spi.c ****   /* Receive data in 16 Bit mode */
 6151              		.loc 1 3682 1 is_stmt 0 view .LVU2065
 6152 0000 08B5     		push	{r3, lr}
 6153              	.LCFI64:
 6154              		.cfi_def_cfa_offset 8
 6155              		.cfi_offset 3, -8
 6156              		.cfi_offset 14, -4
3684:platform/HAL/src/stm32g4xx_hal_spi.c ****   hspi->pRxBuffPtr += sizeof(uint16_t);
 6157              		.loc 1 3684 3 is_stmt 1 view .LVU2066
3684:platform/HAL/src/stm32g4xx_hal_spi.c ****   hspi->pRxBuffPtr += sizeof(uint16_t);
 6158              		.loc 1 3684 52 is_stmt 0 view .LVU2067
 6159 0002 0368     		ldr	r3, [r0]
3684:platform/HAL/src/stm32g4xx_hal_spi.c ****   hspi->pRxBuffPtr += sizeof(uint16_t);
 6160              		.loc 1 3684 62 view .LVU2068
 6161 0004 DA68     		ldr	r2, [r3, #12]
3684:platform/HAL/src/stm32g4xx_hal_spi.c ****   hspi->pRxBuffPtr += sizeof(uint16_t);
 6162              		.loc 1 3684 21 view .LVU2069
 6163 0006 036C     		ldr	r3, [r0, #64]
3684:platform/HAL/src/stm32g4xx_hal_spi.c ****   hspi->pRxBuffPtr += sizeof(uint16_t);
ARM GAS  /tmp/ccMpXq91.s 			page 219


 6164              		.loc 1 3684 35 view .LVU2070
 6165 0008 1A80     		strh	r2, [r3]	@ movhi
3685:platform/HAL/src/stm32g4xx_hal_spi.c ****   hspi->RxXferCount--;
 6166              		.loc 1 3685 3 is_stmt 1 view .LVU2071
3685:platform/HAL/src/stm32g4xx_hal_spi.c ****   hspi->RxXferCount--;
 6167              		.loc 1 3685 7 is_stmt 0 view .LVU2072
 6168 000a 036C     		ldr	r3, [r0, #64]
3685:platform/HAL/src/stm32g4xx_hal_spi.c ****   hspi->RxXferCount--;
 6169              		.loc 1 3685 20 view .LVU2073
 6170 000c 0233     		adds	r3, r3, #2
 6171 000e 0364     		str	r3, [r0, #64]
3686:platform/HAL/src/stm32g4xx_hal_spi.c **** 
 6172              		.loc 1 3686 3 is_stmt 1 view .LVU2074
3686:platform/HAL/src/stm32g4xx_hal_spi.c **** 
 6173              		.loc 1 3686 7 is_stmt 0 view .LVU2075
 6174 0010 B0F84630 		ldrh	r3, [r0, #70]
 6175 0014 9BB2     		uxth	r3, r3
3686:platform/HAL/src/stm32g4xx_hal_spi.c **** 
 6176              		.loc 1 3686 20 view .LVU2076
 6177 0016 013B     		subs	r3, r3, #1
 6178 0018 9BB2     		uxth	r3, r3
 6179 001a A0F84630 		strh	r3, [r0, #70]	@ movhi
3688:platform/HAL/src/stm32g4xx_hal_spi.c ****   {
 6180              		.loc 1 3688 3 is_stmt 1 view .LVU2077
3688:platform/HAL/src/stm32g4xx_hal_spi.c ****   {
 6181              		.loc 1 3688 11 is_stmt 0 view .LVU2078
 6182 001e B0F84630 		ldrh	r3, [r0, #70]
 6183 0022 9BB2     		uxth	r3, r3
3688:platform/HAL/src/stm32g4xx_hal_spi.c ****   {
 6184              		.loc 1 3688 6 view .LVU2079
 6185 0024 3BB9     		cbnz	r3, .L411
3699:platform/HAL/src/stm32g4xx_hal_spi.c **** 
 6186              		.loc 1 3699 5 is_stmt 1 view .LVU2080
 6187 0026 0268     		ldr	r2, [r0]
 6188 0028 5368     		ldr	r3, [r2, #4]
 6189 002a 23F04003 		bic	r3, r3, #64
 6190 002e 5360     		str	r3, [r2, #4]
3701:platform/HAL/src/stm32g4xx_hal_spi.c ****     {
 6191              		.loc 1 3701 5 view .LVU2081
3701:platform/HAL/src/stm32g4xx_hal_spi.c ****     {
 6192              		.loc 1 3701 13 is_stmt 0 view .LVU2082
 6193 0030 C38F     		ldrh	r3, [r0, #62]
 6194 0032 9BB2     		uxth	r3, r3
3701:platform/HAL/src/stm32g4xx_hal_spi.c ****     {
 6195              		.loc 1 3701 8 view .LVU2083
 6196 0034 03B1     		cbz	r3, .L414
 6197              	.LVL350:
 6198              	.L411:
3706:platform/HAL/src/stm32g4xx_hal_spi.c **** 
 6199              		.loc 1 3706 1 view .LVU2084
 6200 0036 08BD     		pop	{r3, pc}
 6201              	.LVL351:
 6202              	.L414:
3703:platform/HAL/src/stm32g4xx_hal_spi.c ****     }
 6203              		.loc 1 3703 7 is_stmt 1 view .LVU2085
 6204 0038 FFF7FEFF 		bl	SPI_CloseRxTx_ISR
 6205              	.LVL352:
ARM GAS  /tmp/ccMpXq91.s 			page 220


3706:platform/HAL/src/stm32g4xx_hal_spi.c **** 
 6206              		.loc 1 3706 1 is_stmt 0 view .LVU2086
 6207 003c FBE7     		b	.L411
 6208              		.cfi_endproc
 6209              	.LFE370:
 6211              		.section	.text.SPI_DMAError,"ax",%progbits
 6212              		.align	1
 6213              		.syntax unified
 6214              		.thumb
 6215              		.thumb_func
 6217              	SPI_DMAError:
 6218              	.LVL353:
 6219              	.LFB364:
3372:platform/HAL/src/stm32g4xx_hal_spi.c ****   SPI_HandleTypeDef *hspi = (SPI_HandleTypeDef *)(((DMA_HandleTypeDef *)hdma)->Parent);
 6220              		.loc 1 3372 1 is_stmt 1 view -0
 6221              		.cfi_startproc
 6222              		@ args = 0, pretend = 0, frame = 0
 6223              		@ frame_needed = 0, uses_anonymous_args = 0
3372:platform/HAL/src/stm32g4xx_hal_spi.c ****   SPI_HandleTypeDef *hspi = (SPI_HandleTypeDef *)(((DMA_HandleTypeDef *)hdma)->Parent);
 6224              		.loc 1 3372 1 is_stmt 0 view .LVU2088
 6225 0000 08B5     		push	{r3, lr}
 6226              	.LCFI65:
 6227              		.cfi_def_cfa_offset 8
 6228              		.cfi_offset 3, -8
 6229              		.cfi_offset 14, -4
3373:platform/HAL/src/stm32g4xx_hal_spi.c **** 
 6230              		.loc 1 3373 3 is_stmt 1 view .LVU2089
3373:platform/HAL/src/stm32g4xx_hal_spi.c **** 
 6231              		.loc 1 3373 22 is_stmt 0 view .LVU2090
 6232 0002 806A     		ldr	r0, [r0, #40]
 6233              	.LVL354:
3376:platform/HAL/src/stm32g4xx_hal_spi.c **** 
 6234              		.loc 1 3376 3 is_stmt 1 view .LVU2091
 6235 0004 0268     		ldr	r2, [r0]
 6236 0006 5368     		ldr	r3, [r2, #4]
 6237 0008 23F00303 		bic	r3, r3, #3
 6238 000c 5360     		str	r3, [r2, #4]
3378:platform/HAL/src/stm32g4xx_hal_spi.c ****   hspi->State = HAL_SPI_STATE_READY;
 6239              		.loc 1 3378 3 view .LVU2092
 6240 000e 036E     		ldr	r3, [r0, #96]
 6241 0010 43F01003 		orr	r3, r3, #16
 6242 0014 0366     		str	r3, [r0, #96]
3379:platform/HAL/src/stm32g4xx_hal_spi.c ****   /* Call user error callback */
 6243              		.loc 1 3379 3 view .LVU2093
3379:platform/HAL/src/stm32g4xx_hal_spi.c ****   /* Call user error callback */
 6244              		.loc 1 3379 15 is_stmt 0 view .LVU2094
 6245 0016 0123     		movs	r3, #1
 6246 0018 80F85D30 		strb	r3, [r0, #93]
3384:platform/HAL/src/stm32g4xx_hal_spi.c **** #endif /* USE_HAL_SPI_REGISTER_CALLBACKS */
 6247              		.loc 1 3384 3 is_stmt 1 view .LVU2095
 6248 001c FFF7FEFF 		bl	HAL_SPI_ErrorCallback
 6249              	.LVL355:
3386:platform/HAL/src/stm32g4xx_hal_spi.c **** 
 6250              		.loc 1 3386 1 is_stmt 0 view .LVU2096
 6251 0020 08BD     		pop	{r3, pc}
 6252              		.cfi_endproc
 6253              	.LFE364:
ARM GAS  /tmp/ccMpXq91.s 			page 221


 6255              		.section	.text.SPI_DMATransmitCplt,"ax",%progbits
 6256              		.align	1
 6257              		.syntax unified
 6258              		.thumb
 6259              		.thumb_func
 6261              	SPI_DMATransmitCplt:
 6262              	.LVL356:
 6263              	.LFB358:
3043:platform/HAL/src/stm32g4xx_hal_spi.c ****   SPI_HandleTypeDef *hspi = (SPI_HandleTypeDef *)(((DMA_HandleTypeDef *)hdma)->Parent);
 6264              		.loc 1 3043 1 is_stmt 1 view -0
 6265              		.cfi_startproc
 6266              		@ args = 0, pretend = 0, frame = 8
 6267              		@ frame_needed = 0, uses_anonymous_args = 0
3043:platform/HAL/src/stm32g4xx_hal_spi.c ****   SPI_HandleTypeDef *hspi = (SPI_HandleTypeDef *)(((DMA_HandleTypeDef *)hdma)->Parent);
 6268              		.loc 1 3043 1 is_stmt 0 view .LVU2098
 6269 0000 30B5     		push	{r4, r5, lr}
 6270              	.LCFI66:
 6271              		.cfi_def_cfa_offset 12
 6272              		.cfi_offset 4, -12
 6273              		.cfi_offset 5, -8
 6274              		.cfi_offset 14, -4
 6275 0002 83B0     		sub	sp, sp, #12
 6276              	.LCFI67:
 6277              		.cfi_def_cfa_offset 24
 6278 0004 0546     		mov	r5, r0
3044:platform/HAL/src/stm32g4xx_hal_spi.c ****   uint32_t tickstart;
 6279              		.loc 1 3044 3 is_stmt 1 view .LVU2099
3044:platform/HAL/src/stm32g4xx_hal_spi.c ****   uint32_t tickstart;
 6280              		.loc 1 3044 22 is_stmt 0 view .LVU2100
 6281 0006 846A     		ldr	r4, [r0, #40]
 6282              	.LVL357:
3045:platform/HAL/src/stm32g4xx_hal_spi.c **** 
 6283              		.loc 1 3045 3 is_stmt 1 view .LVU2101
3048:platform/HAL/src/stm32g4xx_hal_spi.c **** 
 6284              		.loc 1 3048 3 view .LVU2102
3048:platform/HAL/src/stm32g4xx_hal_spi.c **** 
 6285              		.loc 1 3048 15 is_stmt 0 view .LVU2103
 6286 0008 FFF7FEFF 		bl	HAL_GetTick
 6287              	.LVL358:
3051:platform/HAL/src/stm32g4xx_hal_spi.c ****   {
 6288              		.loc 1 3051 3 is_stmt 1 view .LVU2104
3051:platform/HAL/src/stm32g4xx_hal_spi.c ****   {
 6289              		.loc 1 3051 12 is_stmt 0 view .LVU2105
 6290 000c 2B68     		ldr	r3, [r5]
3051:platform/HAL/src/stm32g4xx_hal_spi.c ****   {
 6291              		.loc 1 3051 22 view .LVU2106
 6292 000e 1B68     		ldr	r3, [r3]
3051:platform/HAL/src/stm32g4xx_hal_spi.c ****   {
 6293              		.loc 1 3051 6 view .LVU2107
 6294 0010 13F0200F 		tst	r3, #32
 6295 0014 23D1     		bne	.L418
 6296 0016 0246     		mov	r2, r0
3054:platform/HAL/src/stm32g4xx_hal_spi.c **** 
 6297              		.loc 1 3054 5 is_stmt 1 view .LVU2108
 6298 0018 2168     		ldr	r1, [r4]
 6299 001a 4B68     		ldr	r3, [r1, #4]
 6300 001c 23F02003 		bic	r3, r3, #32
ARM GAS  /tmp/ccMpXq91.s 			page 222


 6301 0020 4B60     		str	r3, [r1, #4]
3057:platform/HAL/src/stm32g4xx_hal_spi.c **** 
 6302              		.loc 1 3057 5 view .LVU2109
 6303 0022 2168     		ldr	r1, [r4]
 6304 0024 4B68     		ldr	r3, [r1, #4]
 6305 0026 23F00203 		bic	r3, r3, #2
 6306 002a 4B60     		str	r3, [r1, #4]
3060:platform/HAL/src/stm32g4xx_hal_spi.c ****     {
 6307              		.loc 1 3060 5 view .LVU2110
3060:platform/HAL/src/stm32g4xx_hal_spi.c ****     {
 6308              		.loc 1 3060 9 is_stmt 0 view .LVU2111
 6309 002c 6421     		movs	r1, #100
 6310 002e 2046     		mov	r0, r4
 6311              	.LVL359:
3060:platform/HAL/src/stm32g4xx_hal_spi.c ****     {
 6312              		.loc 1 3060 9 view .LVU2112
 6313 0030 FFF7FEFF 		bl	SPI_EndRxTxTransaction
 6314              	.LVL360:
3060:platform/HAL/src/stm32g4xx_hal_spi.c ****     {
 6315              		.loc 1 3060 8 discriminator 1 view .LVU2113
 6316 0034 18B1     		cbz	r0, .L419
3062:platform/HAL/src/stm32g4xx_hal_spi.c ****     }
 6317              		.loc 1 3062 7 is_stmt 1 view .LVU2114
 6318 0036 236E     		ldr	r3, [r4, #96]
 6319 0038 43F02003 		orr	r3, r3, #32
 6320 003c 2366     		str	r3, [r4, #96]
 6321              	.L419:
3066:platform/HAL/src/stm32g4xx_hal_spi.c ****     {
 6322              		.loc 1 3066 5 view .LVU2115
3066:platform/HAL/src/stm32g4xx_hal_spi.c ****     {
 6323              		.loc 1 3066 19 is_stmt 0 view .LVU2116
 6324 003e A368     		ldr	r3, [r4, #8]
3066:platform/HAL/src/stm32g4xx_hal_spi.c ****     {
 6325              		.loc 1 3066 8 view .LVU2117
 6326 0040 33B9     		cbnz	r3, .L420
3068:platform/HAL/src/stm32g4xx_hal_spi.c ****     }
 6327              		.loc 1 3068 7 is_stmt 1 view .LVU2118
 6328              	.LBB6:
3068:platform/HAL/src/stm32g4xx_hal_spi.c ****     }
 6329              		.loc 1 3068 7 view .LVU2119
 6330 0042 0193     		str	r3, [sp, #4]
3068:platform/HAL/src/stm32g4xx_hal_spi.c ****     }
 6331              		.loc 1 3068 7 view .LVU2120
 6332 0044 2368     		ldr	r3, [r4]
 6333 0046 DA68     		ldr	r2, [r3, #12]
 6334 0048 0192     		str	r2, [sp, #4]
3068:platform/HAL/src/stm32g4xx_hal_spi.c ****     }
 6335              		.loc 1 3068 7 view .LVU2121
 6336 004a 9B68     		ldr	r3, [r3, #8]
 6337 004c 0193     		str	r3, [sp, #4]
3068:platform/HAL/src/stm32g4xx_hal_spi.c ****     }
 6338              		.loc 1 3068 7 view .LVU2122
 6339 004e 019B     		ldr	r3, [sp, #4]
 6340              	.L420:
 6341              	.LBE6:
3068:platform/HAL/src/stm32g4xx_hal_spi.c ****     }
 6342              		.loc 1 3068 7 discriminator 1 view .LVU2123
ARM GAS  /tmp/ccMpXq91.s 			page 223


3071:platform/HAL/src/stm32g4xx_hal_spi.c ****     hspi->State = HAL_SPI_STATE_READY;
 6343              		.loc 1 3071 5 view .LVU2124
3071:platform/HAL/src/stm32g4xx_hal_spi.c ****     hspi->State = HAL_SPI_STATE_READY;
 6344              		.loc 1 3071 23 is_stmt 0 view .LVU2125
 6345 0050 0023     		movs	r3, #0
 6346 0052 E387     		strh	r3, [r4, #62]	@ movhi
3072:platform/HAL/src/stm32g4xx_hal_spi.c **** 
 6347              		.loc 1 3072 5 is_stmt 1 view .LVU2126
3072:platform/HAL/src/stm32g4xx_hal_spi.c **** 
 6348              		.loc 1 3072 17 is_stmt 0 view .LVU2127
 6349 0054 0123     		movs	r3, #1
 6350 0056 84F85D30 		strb	r3, [r4, #93]
3074:platform/HAL/src/stm32g4xx_hal_spi.c ****     {
 6351              		.loc 1 3074 5 is_stmt 1 view .LVU2128
3074:platform/HAL/src/stm32g4xx_hal_spi.c ****     {
 6352              		.loc 1 3074 13 is_stmt 0 view .LVU2129
 6353 005a 236E     		ldr	r3, [r4, #96]
3074:platform/HAL/src/stm32g4xx_hal_spi.c ****     {
 6354              		.loc 1 3074 8 view .LVU2130
 6355 005c 23B9     		cbnz	r3, .L423
 6356              	.L418:
3089:platform/HAL/src/stm32g4xx_hal_spi.c **** #endif /* USE_HAL_SPI_REGISTER_CALLBACKS */
 6357              		.loc 1 3089 3 is_stmt 1 view .LVU2131
 6358 005e 2046     		mov	r0, r4
 6359 0060 FFF7FEFF 		bl	HAL_SPI_TxCpltCallback
 6360              	.LVL361:
 6361              	.L417:
3091:platform/HAL/src/stm32g4xx_hal_spi.c **** 
 6362              		.loc 1 3091 1 is_stmt 0 view .LVU2132
 6363 0064 03B0     		add	sp, sp, #12
 6364              	.LCFI68:
 6365              		.cfi_remember_state
 6366              		.cfi_def_cfa_offset 12
 6367              		@ sp needed
 6368 0066 30BD     		pop	{r4, r5, pc}
 6369              	.LVL362:
 6370              	.L423:
 6371              	.LCFI69:
 6372              		.cfi_restore_state
3080:platform/HAL/src/stm32g4xx_hal_spi.c **** #endif /* USE_HAL_SPI_REGISTER_CALLBACKS */
 6373              		.loc 1 3080 7 is_stmt 1 view .LVU2133
 6374 0068 2046     		mov	r0, r4
 6375 006a FFF7FEFF 		bl	HAL_SPI_ErrorCallback
 6376              	.LVL363:
3082:platform/HAL/src/stm32g4xx_hal_spi.c ****     }
 6377              		.loc 1 3082 7 view .LVU2134
 6378 006e F9E7     		b	.L417
 6379              		.cfi_endproc
 6380              	.LFE358:
 6382              		.section	.text.SPI_DMAReceiveCplt,"ax",%progbits
 6383              		.align	1
 6384              		.syntax unified
 6385              		.thumb
 6386              		.thumb_func
 6388              	SPI_DMAReceiveCplt:
 6389              	.LVL364:
 6390              	.LFB359:
ARM GAS  /tmp/ccMpXq91.s 			page 224


3100:platform/HAL/src/stm32g4xx_hal_spi.c ****   SPI_HandleTypeDef *hspi = (SPI_HandleTypeDef *)(((DMA_HandleTypeDef *)hdma)->Parent);
 6391              		.loc 1 3100 1 view -0
 6392              		.cfi_startproc
 6393              		@ args = 0, pretend = 0, frame = 0
 6394              		@ frame_needed = 0, uses_anonymous_args = 0
3100:platform/HAL/src/stm32g4xx_hal_spi.c ****   SPI_HandleTypeDef *hspi = (SPI_HandleTypeDef *)(((DMA_HandleTypeDef *)hdma)->Parent);
 6395              		.loc 1 3100 1 is_stmt 0 view .LVU2136
 6396 0000 38B5     		push	{r3, r4, r5, lr}
 6397              	.LCFI70:
 6398              		.cfi_def_cfa_offset 16
 6399              		.cfi_offset 3, -16
 6400              		.cfi_offset 4, -12
 6401              		.cfi_offset 5, -8
 6402              		.cfi_offset 14, -4
 6403 0002 0546     		mov	r5, r0
3101:platform/HAL/src/stm32g4xx_hal_spi.c ****   uint32_t tickstart;
 6404              		.loc 1 3101 3 is_stmt 1 view .LVU2137
3101:platform/HAL/src/stm32g4xx_hal_spi.c ****   uint32_t tickstart;
 6405              		.loc 1 3101 22 is_stmt 0 view .LVU2138
 6406 0004 846A     		ldr	r4, [r0, #40]
 6407              	.LVL365:
3102:platform/HAL/src/stm32g4xx_hal_spi.c **** #if (USE_SPI_CRC != 0U)
 6408              		.loc 1 3102 3 is_stmt 1 view .LVU2139
3110:platform/HAL/src/stm32g4xx_hal_spi.c **** 
 6409              		.loc 1 3110 3 view .LVU2140
3110:platform/HAL/src/stm32g4xx_hal_spi.c **** 
 6410              		.loc 1 3110 15 is_stmt 0 view .LVU2141
 6411 0006 FFF7FEFF 		bl	HAL_GetTick
 6412              	.LVL366:
3113:platform/HAL/src/stm32g4xx_hal_spi.c ****   {
 6413              		.loc 1 3113 3 is_stmt 1 view .LVU2142
3113:platform/HAL/src/stm32g4xx_hal_spi.c ****   {
 6414              		.loc 1 3113 12 is_stmt 0 view .LVU2143
 6415 000a 2B68     		ldr	r3, [r5]
3113:platform/HAL/src/stm32g4xx_hal_spi.c ****   {
 6416              		.loc 1 3113 22 view .LVU2144
 6417 000c 1B68     		ldr	r3, [r3]
3113:platform/HAL/src/stm32g4xx_hal_spi.c ****   {
 6418              		.loc 1 3113 6 view .LVU2145
 6419 000e 13F0200F 		tst	r3, #32
 6420 0012 1FD1     		bne	.L425
 6421 0014 0246     		mov	r2, r0
3116:platform/HAL/src/stm32g4xx_hal_spi.c **** 
 6422              		.loc 1 3116 5 is_stmt 1 view .LVU2146
 6423 0016 2168     		ldr	r1, [r4]
 6424 0018 4B68     		ldr	r3, [r1, #4]
 6425 001a 23F02003 		bic	r3, r3, #32
 6426 001e 4B60     		str	r3, [r1, #4]
3162:platform/HAL/src/stm32g4xx_hal_spi.c ****     {
 6427              		.loc 1 3162 5 view .LVU2147
3162:platform/HAL/src/stm32g4xx_hal_spi.c ****     {
 6428              		.loc 1 3162 20 is_stmt 0 view .LVU2148
 6429 0020 A368     		ldr	r3, [r4, #8]
3162:platform/HAL/src/stm32g4xx_hal_spi.c ****     {
 6430              		.loc 1 3162 8 view .LVU2149
 6431 0022 1BB9     		cbnz	r3, .L426
3162:platform/HAL/src/stm32g4xx_hal_spi.c ****     {
ARM GAS  /tmp/ccMpXq91.s 			page 225


 6432              		.loc 1 3162 70 discriminator 1 view .LVU2150
 6433 0024 6368     		ldr	r3, [r4, #4]
3162:platform/HAL/src/stm32g4xx_hal_spi.c ****     {
 6434              		.loc 1 3162 56 discriminator 1 view .LVU2151
 6435 0026 B3F5827F 		cmp	r3, #260
 6436 002a 17D0     		beq	.L431
 6437              	.L426:
3170:platform/HAL/src/stm32g4xx_hal_spi.c ****     }
 6438              		.loc 1 3170 7 is_stmt 1 view .LVU2152
 6439 002c 2168     		ldr	r1, [r4]
 6440 002e 4B68     		ldr	r3, [r1, #4]
 6441 0030 23F00103 		bic	r3, r3, #1
 6442 0034 4B60     		str	r3, [r1, #4]
 6443              	.L427:
3174:platform/HAL/src/stm32g4xx_hal_spi.c ****     {
 6444              		.loc 1 3174 5 view .LVU2153
3174:platform/HAL/src/stm32g4xx_hal_spi.c ****     {
 6445              		.loc 1 3174 9 is_stmt 0 view .LVU2154
 6446 0036 6421     		movs	r1, #100
 6447 0038 2046     		mov	r0, r4
 6448              	.LVL367:
3174:platform/HAL/src/stm32g4xx_hal_spi.c ****     {
 6449              		.loc 1 3174 9 view .LVU2155
 6450 003a FFF7FEFF 		bl	SPI_EndRxTransaction
 6451              	.LVL368:
3174:platform/HAL/src/stm32g4xx_hal_spi.c ****     {
 6452              		.loc 1 3174 8 discriminator 1 view .LVU2156
 6453 003e 08B1     		cbz	r0, .L428
3176:platform/HAL/src/stm32g4xx_hal_spi.c ****     }
 6454              		.loc 1 3176 7 is_stmt 1 view .LVU2157
3176:platform/HAL/src/stm32g4xx_hal_spi.c ****     }
 6455              		.loc 1 3176 23 is_stmt 0 view .LVU2158
 6456 0040 2023     		movs	r3, #32
 6457 0042 2366     		str	r3, [r4, #96]
 6458              	.L428:
3179:platform/HAL/src/stm32g4xx_hal_spi.c ****     hspi->State = HAL_SPI_STATE_READY;
 6459              		.loc 1 3179 5 is_stmt 1 view .LVU2159
3179:platform/HAL/src/stm32g4xx_hal_spi.c ****     hspi->State = HAL_SPI_STATE_READY;
 6460              		.loc 1 3179 23 is_stmt 0 view .LVU2160
 6461 0044 0023     		movs	r3, #0
 6462 0046 A4F84630 		strh	r3, [r4, #70]	@ movhi
3180:platform/HAL/src/stm32g4xx_hal_spi.c **** 
 6463              		.loc 1 3180 5 is_stmt 1 view .LVU2161
3180:platform/HAL/src/stm32g4xx_hal_spi.c **** 
 6464              		.loc 1 3180 17 is_stmt 0 view .LVU2162
 6465 004a 0123     		movs	r3, #1
 6466 004c 84F85D30 		strb	r3, [r4, #93]
3191:platform/HAL/src/stm32g4xx_hal_spi.c ****     {
 6467              		.loc 1 3191 5 is_stmt 1 view .LVU2163
3191:platform/HAL/src/stm32g4xx_hal_spi.c ****     {
 6468              		.loc 1 3191 13 is_stmt 0 view .LVU2164
 6469 0050 236E     		ldr	r3, [r4, #96]
3191:platform/HAL/src/stm32g4xx_hal_spi.c ****     {
 6470              		.loc 1 3191 8 view .LVU2165
 6471 0052 4BB9     		cbnz	r3, .L432
 6472              	.L425:
3206:platform/HAL/src/stm32g4xx_hal_spi.c **** #endif /* USE_HAL_SPI_REGISTER_CALLBACKS */
ARM GAS  /tmp/ccMpXq91.s 			page 226


 6473              		.loc 1 3206 3 is_stmt 1 view .LVU2166
 6474 0054 2046     		mov	r0, r4
 6475 0056 FFF7FEFF 		bl	HAL_SPI_RxCpltCallback
 6476              	.LVL369:
 6477              	.L424:
3208:platform/HAL/src/stm32g4xx_hal_spi.c **** 
 6478              		.loc 1 3208 1 is_stmt 0 view .LVU2167
 6479 005a 38BD     		pop	{r3, r4, r5, pc}
 6480              	.LVL370:
 6481              	.L431:
3165:platform/HAL/src/stm32g4xx_hal_spi.c ****     }
 6482              		.loc 1 3165 7 is_stmt 1 view .LVU2168
 6483 005c 2168     		ldr	r1, [r4]
 6484 005e 4B68     		ldr	r3, [r1, #4]
 6485 0060 23F00303 		bic	r3, r3, #3
 6486 0064 4B60     		str	r3, [r1, #4]
 6487 0066 E6E7     		b	.L427
 6488              	.LVL371:
 6489              	.L432:
3197:platform/HAL/src/stm32g4xx_hal_spi.c **** #endif /* USE_HAL_SPI_REGISTER_CALLBACKS */
 6490              		.loc 1 3197 7 view .LVU2169
 6491 0068 2046     		mov	r0, r4
 6492 006a FFF7FEFF 		bl	HAL_SPI_ErrorCallback
 6493              	.LVL372:
3199:platform/HAL/src/stm32g4xx_hal_spi.c ****     }
 6494              		.loc 1 3199 7 view .LVU2170
 6495 006e F4E7     		b	.L424
 6496              		.cfi_endproc
 6497              	.LFE359:
 6499              		.section	.text.SPI_DMATransmitReceiveCplt,"ax",%progbits
 6500              		.align	1
 6501              		.syntax unified
 6502              		.thumb
 6503              		.thumb_func
 6505              	SPI_DMATransmitReceiveCplt:
 6506              	.LVL373:
 6507              	.LFB360:
3217:platform/HAL/src/stm32g4xx_hal_spi.c ****   SPI_HandleTypeDef *hspi = (SPI_HandleTypeDef *)(((DMA_HandleTypeDef *)hdma)->Parent);
 6508              		.loc 1 3217 1 view -0
 6509              		.cfi_startproc
 6510              		@ args = 0, pretend = 0, frame = 0
 6511              		@ frame_needed = 0, uses_anonymous_args = 0
3217:platform/HAL/src/stm32g4xx_hal_spi.c ****   SPI_HandleTypeDef *hspi = (SPI_HandleTypeDef *)(((DMA_HandleTypeDef *)hdma)->Parent);
 6512              		.loc 1 3217 1 is_stmt 0 view .LVU2172
 6513 0000 38B5     		push	{r3, r4, r5, lr}
 6514              	.LCFI71:
 6515              		.cfi_def_cfa_offset 16
 6516              		.cfi_offset 3, -16
 6517              		.cfi_offset 4, -12
 6518              		.cfi_offset 5, -8
 6519              		.cfi_offset 14, -4
 6520 0002 0546     		mov	r5, r0
3218:platform/HAL/src/stm32g4xx_hal_spi.c ****   uint32_t tickstart;
 6521              		.loc 1 3218 3 is_stmt 1 view .LVU2173
3218:platform/HAL/src/stm32g4xx_hal_spi.c ****   uint32_t tickstart;
 6522              		.loc 1 3218 22 is_stmt 0 view .LVU2174
 6523 0004 846A     		ldr	r4, [r0, #40]
ARM GAS  /tmp/ccMpXq91.s 			page 227


 6524              	.LVL374:
3219:platform/HAL/src/stm32g4xx_hal_spi.c **** #if (USE_SPI_CRC != 0U)
 6525              		.loc 1 3219 3 is_stmt 1 view .LVU2175
3227:platform/HAL/src/stm32g4xx_hal_spi.c **** 
 6526              		.loc 1 3227 3 view .LVU2176
3227:platform/HAL/src/stm32g4xx_hal_spi.c **** 
 6527              		.loc 1 3227 15 is_stmt 0 view .LVU2177
 6528 0006 FFF7FEFF 		bl	HAL_GetTick
 6529              	.LVL375:
3230:platform/HAL/src/stm32g4xx_hal_spi.c ****   {
 6530              		.loc 1 3230 3 is_stmt 1 view .LVU2178
3230:platform/HAL/src/stm32g4xx_hal_spi.c ****   {
 6531              		.loc 1 3230 12 is_stmt 0 view .LVU2179
 6532 000a 2B68     		ldr	r3, [r5]
3230:platform/HAL/src/stm32g4xx_hal_spi.c ****   {
 6533              		.loc 1 3230 22 view .LVU2180
 6534 000c 1B68     		ldr	r3, [r3]
3230:platform/HAL/src/stm32g4xx_hal_spi.c ****   {
 6535              		.loc 1 3230 6 view .LVU2181
 6536 000e 13F0200F 		tst	r3, #32
 6537 0012 1CD1     		bne	.L434
 6538 0014 0246     		mov	r2, r0
3233:platform/HAL/src/stm32g4xx_hal_spi.c **** 
 6539              		.loc 1 3233 5 is_stmt 1 view .LVU2182
 6540 0016 2168     		ldr	r1, [r4]
 6541 0018 4B68     		ldr	r3, [r1, #4]
 6542 001a 23F02003 		bic	r3, r3, #32
 6543 001e 4B60     		str	r3, [r1, #4]
3271:platform/HAL/src/stm32g4xx_hal_spi.c ****     {
 6544              		.loc 1 3271 5 view .LVU2183
3271:platform/HAL/src/stm32g4xx_hal_spi.c ****     {
 6545              		.loc 1 3271 9 is_stmt 0 view .LVU2184
 6546 0020 6421     		movs	r1, #100
 6547 0022 2046     		mov	r0, r4
 6548              	.LVL376:
3271:platform/HAL/src/stm32g4xx_hal_spi.c ****     {
 6549              		.loc 1 3271 9 view .LVU2185
 6550 0024 FFF7FEFF 		bl	SPI_EndRxTxTransaction
 6551              	.LVL377:
3271:platform/HAL/src/stm32g4xx_hal_spi.c ****     {
 6552              		.loc 1 3271 8 discriminator 1 view .LVU2186
 6553 0028 18B1     		cbz	r0, .L435
3273:platform/HAL/src/stm32g4xx_hal_spi.c ****     }
 6554              		.loc 1 3273 7 is_stmt 1 view .LVU2187
 6555 002a 236E     		ldr	r3, [r4, #96]
 6556 002c 43F02003 		orr	r3, r3, #32
 6557 0030 2366     		str	r3, [r4, #96]
 6558              	.L435:
3277:platform/HAL/src/stm32g4xx_hal_spi.c **** 
 6559              		.loc 1 3277 5 view .LVU2188
 6560 0032 2268     		ldr	r2, [r4]
 6561 0034 5368     		ldr	r3, [r2, #4]
 6562 0036 23F00303 		bic	r3, r3, #3
 6563 003a 5360     		str	r3, [r2, #4]
3279:platform/HAL/src/stm32g4xx_hal_spi.c ****     hspi->RxXferCount = 0U;
 6564              		.loc 1 3279 5 view .LVU2189
3279:platform/HAL/src/stm32g4xx_hal_spi.c ****     hspi->RxXferCount = 0U;
ARM GAS  /tmp/ccMpXq91.s 			page 228


 6565              		.loc 1 3279 23 is_stmt 0 view .LVU2190
 6566 003c 0023     		movs	r3, #0
 6567 003e E387     		strh	r3, [r4, #62]	@ movhi
3280:platform/HAL/src/stm32g4xx_hal_spi.c ****     hspi->State = HAL_SPI_STATE_READY;
 6568              		.loc 1 3280 5 is_stmt 1 view .LVU2191
3280:platform/HAL/src/stm32g4xx_hal_spi.c ****     hspi->State = HAL_SPI_STATE_READY;
 6569              		.loc 1 3280 23 is_stmt 0 view .LVU2192
 6570 0040 A4F84630 		strh	r3, [r4, #70]	@ movhi
3281:platform/HAL/src/stm32g4xx_hal_spi.c **** 
 6571              		.loc 1 3281 5 is_stmt 1 view .LVU2193
3281:platform/HAL/src/stm32g4xx_hal_spi.c **** 
 6572              		.loc 1 3281 17 is_stmt 0 view .LVU2194
 6573 0044 0123     		movs	r3, #1
 6574 0046 84F85D30 		strb	r3, [r4, #93]
3292:platform/HAL/src/stm32g4xx_hal_spi.c ****     {
 6575              		.loc 1 3292 5 is_stmt 1 view .LVU2195
3292:platform/HAL/src/stm32g4xx_hal_spi.c ****     {
 6576              		.loc 1 3292 13 is_stmt 0 view .LVU2196
 6577 004a 236E     		ldr	r3, [r4, #96]
3292:platform/HAL/src/stm32g4xx_hal_spi.c ****     {
 6578              		.loc 1 3292 8 view .LVU2197
 6579 004c 1BB9     		cbnz	r3, .L438
 6580              	.L434:
3307:platform/HAL/src/stm32g4xx_hal_spi.c **** #endif /* USE_HAL_SPI_REGISTER_CALLBACKS */
 6581              		.loc 1 3307 3 is_stmt 1 view .LVU2198
 6582 004e 2046     		mov	r0, r4
 6583 0050 FFF7FEFF 		bl	HAL_SPI_TxRxCpltCallback
 6584              	.LVL378:
 6585              	.L433:
3309:platform/HAL/src/stm32g4xx_hal_spi.c **** 
 6586              		.loc 1 3309 1 is_stmt 0 view .LVU2199
 6587 0054 38BD     		pop	{r3, r4, r5, pc}
 6588              	.LVL379:
 6589              	.L438:
3298:platform/HAL/src/stm32g4xx_hal_spi.c **** #endif /* USE_HAL_SPI_REGISTER_CALLBACKS */
 6590              		.loc 1 3298 7 is_stmt 1 view .LVU2200
 6591 0056 2046     		mov	r0, r4
 6592 0058 FFF7FEFF 		bl	HAL_SPI_ErrorCallback
 6593              	.LVL380:
3300:platform/HAL/src/stm32g4xx_hal_spi.c ****     }
 6594              		.loc 1 3300 7 view .LVU2201
 6595 005c FAE7     		b	.L433
 6596              		.cfi_endproc
 6597              	.LFE360:
 6599              		.section	.text.HAL_SPI_IRQHandler,"ax",%progbits
 6600              		.align	1
 6601              		.global	HAL_SPI_IRQHandler
 6602              		.syntax unified
 6603              		.thumb
 6604              		.thumb_func
 6606              	HAL_SPI_IRQHandler:
 6607              	.LVL381:
 6608              	.LFB347:
2750:platform/HAL/src/stm32g4xx_hal_spi.c ****   uint32_t itsource = hspi->Instance->CR2;
 6609              		.loc 1 2750 1 view -0
 6610              		.cfi_startproc
 6611              		@ args = 0, pretend = 0, frame = 16
ARM GAS  /tmp/ccMpXq91.s 			page 229


 6612              		@ frame_needed = 0, uses_anonymous_args = 0
2750:platform/HAL/src/stm32g4xx_hal_spi.c ****   uint32_t itsource = hspi->Instance->CR2;
 6613              		.loc 1 2750 1 is_stmt 0 view .LVU2203
 6614 0000 30B5     		push	{r4, r5, lr}
 6615              	.LCFI72:
 6616              		.cfi_def_cfa_offset 12
 6617              		.cfi_offset 4, -12
 6618              		.cfi_offset 5, -8
 6619              		.cfi_offset 14, -4
 6620 0002 85B0     		sub	sp, sp, #20
 6621              	.LCFI73:
 6622              		.cfi_def_cfa_offset 32
 6623 0004 0446     		mov	r4, r0
2751:platform/HAL/src/stm32g4xx_hal_spi.c ****   uint32_t itflag   = hspi->Instance->SR;
 6624              		.loc 1 2751 3 is_stmt 1 view .LVU2204
2751:platform/HAL/src/stm32g4xx_hal_spi.c ****   uint32_t itflag   = hspi->Instance->SR;
 6625              		.loc 1 2751 27 is_stmt 0 view .LVU2205
 6626 0006 0268     		ldr	r2, [r0]
2751:platform/HAL/src/stm32g4xx_hal_spi.c ****   uint32_t itflag   = hspi->Instance->SR;
 6627              		.loc 1 2751 12 view .LVU2206
 6628 0008 5168     		ldr	r1, [r2, #4]
 6629              	.LVL382:
2752:platform/HAL/src/stm32g4xx_hal_spi.c **** 
 6630              		.loc 1 2752 3 is_stmt 1 view .LVU2207
2752:platform/HAL/src/stm32g4xx_hal_spi.c **** 
 6631              		.loc 1 2752 12 is_stmt 0 view .LVU2208
 6632 000a 9368     		ldr	r3, [r2, #8]
 6633              	.LVL383:
2755:platform/HAL/src/stm32g4xx_hal_spi.c ****       (SPI_CHECK_FLAG(itflag, SPI_FLAG_RXNE) != RESET) && (SPI_CHECK_IT_SOURCE(itsource, SPI_IT_RXN
 6634              		.loc 1 2755 3 is_stmt 1 view .LVU2209
 6635 000c C3F38010 		ubfx	r0, r3, #6, #1
 6636              	.LVL384:
2755:platform/HAL/src/stm32g4xx_hal_spi.c ****       (SPI_CHECK_FLAG(itflag, SPI_FLAG_RXNE) != RESET) && (SPI_CHECK_IT_SOURCE(itsource, SPI_IT_RXN
 6637              		.loc 1 2755 6 is_stmt 0 view .LVU2210
 6638 0010 13F0400F 		tst	r3, #64
 6639 0014 05D1     		bne	.L440
2755:platform/HAL/src/stm32g4xx_hal_spi.c ****       (SPI_CHECK_FLAG(itflag, SPI_FLAG_RXNE) != RESET) && (SPI_CHECK_IT_SOURCE(itsource, SPI_IT_RXN
 6640              		.loc 1 2755 55 discriminator 1 view .LVU2211
 6641 0016 13F0010F 		tst	r3, #1
 6642 001a 02D0     		beq	.L440
2756:platform/HAL/src/stm32g4xx_hal_spi.c ****   {
 6643              		.loc 1 2756 56 view .LVU2212
 6644 001c 11F0400F 		tst	r1, #64
 6645 0020 68D1     		bne	.L452
 6646              	.L440:
2763:platform/HAL/src/stm32g4xx_hal_spi.c ****   {
 6647              		.loc 1 2763 3 is_stmt 1 view .LVU2213
2763:platform/HAL/src/stm32g4xx_hal_spi.c ****   {
 6648              		.loc 1 2763 6 is_stmt 0 view .LVU2214
 6649 0022 13F0020F 		tst	r3, #2
 6650 0026 02D0     		beq	.L442
2763:platform/HAL/src/stm32g4xx_hal_spi.c ****   {
 6651              		.loc 1 2763 55 discriminator 1 view .LVU2215
 6652 0028 11F0800F 		tst	r1, #128
 6653 002c 66D1     		bne	.L453
 6654              	.L442:
2770:platform/HAL/src/stm32g4xx_hal_spi.c ****        || (SPI_CHECK_FLAG(itflag, SPI_FLAG_FRE) != RESET)) && (SPI_CHECK_IT_SOURCE(itsource, SPI_IT
ARM GAS  /tmp/ccMpXq91.s 			page 230


 6655              		.loc 1 2770 3 is_stmt 1 view .LVU2216
 6656 002e C3F34015 		ubfx	r5, r3, #5, #1
2770:platform/HAL/src/stm32g4xx_hal_spi.c ****        || (SPI_CHECK_FLAG(itflag, SPI_FLAG_FRE) != RESET)) && (SPI_CHECK_IT_SOURCE(itsource, SPI_IT
 6657              		.loc 1 2770 6 is_stmt 0 view .LVU2217
 6658 0032 13F0200F 		tst	r3, #32
 6659 0036 03D1     		bne	.L443
2770:platform/HAL/src/stm32g4xx_hal_spi.c ****        || (SPI_CHECK_FLAG(itflag, SPI_FLAG_FRE) != RESET)) && (SPI_CHECK_IT_SOURCE(itsource, SPI_IT
 6660              		.loc 1 2770 57 discriminator 1 view .LVU2218
 6661 0038 10B9     		cbnz	r0, .L443
2771:platform/HAL/src/stm32g4xx_hal_spi.c ****   {
 6662              		.loc 1 2771 8 view .LVU2219
 6663 003a 13F4807F 		tst	r3, #256
 6664 003e 60D0     		beq	.L439
 6665              	.L443:
2771:platform/HAL/src/stm32g4xx_hal_spi.c ****   {
 6666              		.loc 1 2771 60 discriminator 1 view .LVU2220
 6667 0040 11F0200F 		tst	r1, #32
 6668 0044 5DD0     		beq	.L439
2774:platform/HAL/src/stm32g4xx_hal_spi.c ****     {
 6669              		.loc 1 2774 5 is_stmt 1 view .LVU2221
2774:platform/HAL/src/stm32g4xx_hal_spi.c ****     {
 6670              		.loc 1 2774 8 is_stmt 0 view .LVU2222
 6671 0046 70B1     		cbz	r0, .L444
2776:platform/HAL/src/stm32g4xx_hal_spi.c ****       {
 6672              		.loc 1 2776 7 is_stmt 1 view .LVU2223
2776:platform/HAL/src/stm32g4xx_hal_spi.c ****       {
 6673              		.loc 1 2776 15 is_stmt 0 view .LVU2224
 6674 0048 94F85D00 		ldrb	r0, [r4, #93]	@ zero_extendqisi2
2776:platform/HAL/src/stm32g4xx_hal_spi.c ****       {
 6675              		.loc 1 2776 10 view .LVU2225
 6676 004c 0328     		cmp	r0, #3
 6677 004e 5AD0     		beq	.L445
2778:platform/HAL/src/stm32g4xx_hal_spi.c ****         __HAL_SPI_CLEAR_OVRFLAG(hspi);
 6678              		.loc 1 2778 9 is_stmt 1 view .LVU2226
 6679 0050 206E     		ldr	r0, [r4, #96]
 6680 0052 40F00400 		orr	r0, r0, #4
 6681 0056 2066     		str	r0, [r4, #96]
2779:platform/HAL/src/stm32g4xx_hal_spi.c ****       }
 6682              		.loc 1 2779 9 view .LVU2227
 6683              	.LBB7:
2779:platform/HAL/src/stm32g4xx_hal_spi.c ****       }
 6684              		.loc 1 2779 9 view .LVU2228
 6685 0058 0020     		movs	r0, #0
 6686 005a 0090     		str	r0, [sp]
2779:platform/HAL/src/stm32g4xx_hal_spi.c ****       }
 6687              		.loc 1 2779 9 view .LVU2229
 6688 005c D068     		ldr	r0, [r2, #12]
 6689 005e 0090     		str	r0, [sp]
2779:platform/HAL/src/stm32g4xx_hal_spi.c ****       }
 6690              		.loc 1 2779 9 view .LVU2230
 6691 0060 9068     		ldr	r0, [r2, #8]
 6692 0062 0090     		str	r0, [sp]
2779:platform/HAL/src/stm32g4xx_hal_spi.c ****       }
 6693              		.loc 1 2779 9 view .LVU2231
 6694 0064 0098     		ldr	r0, [sp]
 6695              	.LBE7:
2779:platform/HAL/src/stm32g4xx_hal_spi.c ****       }
ARM GAS  /tmp/ccMpXq91.s 			page 231


 6696              		.loc 1 2779 9 view .LVU2232
 6697              	.L444:
2789:platform/HAL/src/stm32g4xx_hal_spi.c ****     {
 6698              		.loc 1 2789 5 view .LVU2233
2789:platform/HAL/src/stm32g4xx_hal_spi.c ****     {
 6699              		.loc 1 2789 8 is_stmt 0 view .LVU2234
 6700 0066 65B1     		cbz	r5, .L446
2791:platform/HAL/src/stm32g4xx_hal_spi.c ****       __HAL_SPI_CLEAR_MODFFLAG(hspi);
 6701              		.loc 1 2791 7 is_stmt 1 view .LVU2235
 6702 0068 206E     		ldr	r0, [r4, #96]
 6703 006a 40F00100 		orr	r0, r0, #1
 6704 006e 2066     		str	r0, [r4, #96]
2792:platform/HAL/src/stm32g4xx_hal_spi.c ****     }
 6705              		.loc 1 2792 7 view .LVU2236
 6706              	.LBB8:
2792:platform/HAL/src/stm32g4xx_hal_spi.c ****     }
 6707              		.loc 1 2792 7 view .LVU2237
 6708 0070 0020     		movs	r0, #0
 6709 0072 0290     		str	r0, [sp, #8]
2792:platform/HAL/src/stm32g4xx_hal_spi.c ****     }
 6710              		.loc 1 2792 7 view .LVU2238
 6711 0074 9068     		ldr	r0, [r2, #8]
 6712 0076 0290     		str	r0, [sp, #8]
2792:platform/HAL/src/stm32g4xx_hal_spi.c ****     }
 6713              		.loc 1 2792 7 view .LVU2239
 6714 0078 1068     		ldr	r0, [r2]
 6715 007a 20F04000 		bic	r0, r0, #64
 6716 007e 1060     		str	r0, [r2]
2792:platform/HAL/src/stm32g4xx_hal_spi.c ****     }
 6717              		.loc 1 2792 7 view .LVU2240
 6718 0080 029A     		ldr	r2, [sp, #8]
 6719              	.L446:
2792:platform/HAL/src/stm32g4xx_hal_spi.c ****     }
 6720              		.loc 1 2792 7 is_stmt 0 view .LVU2241
 6721              	.LBE8:
2792:platform/HAL/src/stm32g4xx_hal_spi.c ****     }
 6722              		.loc 1 2792 7 is_stmt 1 discriminator 1 view .LVU2242
2796:platform/HAL/src/stm32g4xx_hal_spi.c ****     {
 6723              		.loc 1 2796 5 view .LVU2243
2796:platform/HAL/src/stm32g4xx_hal_spi.c ****     {
 6724              		.loc 1 2796 8 is_stmt 0 view .LVU2244
 6725 0082 13F4807F 		tst	r3, #256
 6726 0086 09D0     		beq	.L447
2798:platform/HAL/src/stm32g4xx_hal_spi.c ****       __HAL_SPI_CLEAR_FREFLAG(hspi);
 6727              		.loc 1 2798 7 is_stmt 1 view .LVU2245
 6728 0088 236E     		ldr	r3, [r4, #96]
 6729              	.LVL385:
2798:platform/HAL/src/stm32g4xx_hal_spi.c ****       __HAL_SPI_CLEAR_FREFLAG(hspi);
 6730              		.loc 1 2798 7 is_stmt 0 view .LVU2246
 6731 008a 43F00803 		orr	r3, r3, #8
 6732 008e 2366     		str	r3, [r4, #96]
2799:platform/HAL/src/stm32g4xx_hal_spi.c ****     }
 6733              		.loc 1 2799 7 is_stmt 1 view .LVU2247
 6734              	.LBB9:
2799:platform/HAL/src/stm32g4xx_hal_spi.c ****     }
 6735              		.loc 1 2799 7 view .LVU2248
 6736 0090 0023     		movs	r3, #0
ARM GAS  /tmp/ccMpXq91.s 			page 232


 6737 0092 0393     		str	r3, [sp, #12]
2799:platform/HAL/src/stm32g4xx_hal_spi.c ****     }
 6738              		.loc 1 2799 7 view .LVU2249
 6739 0094 2368     		ldr	r3, [r4]
 6740 0096 9B68     		ldr	r3, [r3, #8]
 6741 0098 0393     		str	r3, [sp, #12]
2799:platform/HAL/src/stm32g4xx_hal_spi.c ****     }
 6742              		.loc 1 2799 7 view .LVU2250
 6743 009a 039B     		ldr	r3, [sp, #12]
 6744              	.L447:
2799:platform/HAL/src/stm32g4xx_hal_spi.c ****     }
 6745              		.loc 1 2799 7 is_stmt 0 view .LVU2251
 6746              	.LBE9:
2799:platform/HAL/src/stm32g4xx_hal_spi.c ****     }
 6747              		.loc 1 2799 7 is_stmt 1 discriminator 1 view .LVU2252
2802:platform/HAL/src/stm32g4xx_hal_spi.c ****     {
 6748              		.loc 1 2802 5 view .LVU2253
2802:platform/HAL/src/stm32g4xx_hal_spi.c ****     {
 6749              		.loc 1 2802 13 is_stmt 0 view .LVU2254
 6750 009c 236E     		ldr	r3, [r4, #96]
2802:platform/HAL/src/stm32g4xx_hal_spi.c ****     {
 6751              		.loc 1 2802 8 view .LVU2255
 6752 009e 002B     		cmp	r3, #0
 6753 00a0 2FD0     		beq	.L439
2805:platform/HAL/src/stm32g4xx_hal_spi.c **** 
 6754              		.loc 1 2805 7 is_stmt 1 view .LVU2256
 6755 00a2 2268     		ldr	r2, [r4]
 6756 00a4 5368     		ldr	r3, [r2, #4]
 6757 00a6 23F0E003 		bic	r3, r3, #224
 6758 00aa 5360     		str	r3, [r2, #4]
2807:platform/HAL/src/stm32g4xx_hal_spi.c ****       /* Disable the SPI DMA requests if enabled */
 6759              		.loc 1 2807 7 view .LVU2257
2807:platform/HAL/src/stm32g4xx_hal_spi.c ****       /* Disable the SPI DMA requests if enabled */
 6760              		.loc 1 2807 19 is_stmt 0 view .LVU2258
 6761 00ac 0123     		movs	r3, #1
 6762 00ae 84F85D30 		strb	r3, [r4, #93]
2809:platform/HAL/src/stm32g4xx_hal_spi.c ****       {
 6763              		.loc 1 2809 7 is_stmt 1 view .LVU2259
2809:platform/HAL/src/stm32g4xx_hal_spi.c ****       {
 6764              		.loc 1 2809 10 is_stmt 0 view .LVU2260
 6765 00b2 11F0030F 		tst	r1, #3
 6766 00b6 2ED0     		beq	.L449
2811:platform/HAL/src/stm32g4xx_hal_spi.c **** 
 6767              		.loc 1 2811 9 is_stmt 1 view .LVU2261
 6768 00b8 2268     		ldr	r2, [r4]
 6769 00ba 5368     		ldr	r3, [r2, #4]
 6770 00bc 23F00303 		bic	r3, r3, #3
 6771 00c0 5360     		str	r3, [r2, #4]
2814:platform/HAL/src/stm32g4xx_hal_spi.c ****         {
 6772              		.loc 1 2814 9 view .LVU2262
2814:platform/HAL/src/stm32g4xx_hal_spi.c ****         {
 6773              		.loc 1 2814 17 is_stmt 0 view .LVU2263
 6774 00c2 A36D     		ldr	r3, [r4, #88]
2814:platform/HAL/src/stm32g4xx_hal_spi.c ****         {
 6775              		.loc 1 2814 12 view .LVU2264
 6776 00c4 4BB1     		cbz	r3, .L450
2818:platform/HAL/src/stm32g4xx_hal_spi.c ****           if (HAL_OK != HAL_DMA_Abort_IT(hspi->hdmarx))
ARM GAS  /tmp/ccMpXq91.s 			page 233


 6777              		.loc 1 2818 11 is_stmt 1 view .LVU2265
2818:platform/HAL/src/stm32g4xx_hal_spi.c ****           if (HAL_OK != HAL_DMA_Abort_IT(hspi->hdmarx))
 6778              		.loc 1 2818 43 is_stmt 0 view .LVU2266
 6779 00c6 164A     		ldr	r2, .L454
 6780 00c8 9A63     		str	r2, [r3, #56]
2819:platform/HAL/src/stm32g4xx_hal_spi.c ****           {
 6781              		.loc 1 2819 11 is_stmt 1 view .LVU2267
2819:platform/HAL/src/stm32g4xx_hal_spi.c ****           {
 6782              		.loc 1 2819 25 is_stmt 0 view .LVU2268
 6783 00ca A06D     		ldr	r0, [r4, #88]
 6784 00cc FFF7FEFF 		bl	HAL_DMA_Abort_IT
 6785              	.LVL386:
2819:platform/HAL/src/stm32g4xx_hal_spi.c ****           {
 6786              		.loc 1 2819 14 discriminator 1 view .LVU2269
 6787 00d0 18B1     		cbz	r0, .L450
2821:platform/HAL/src/stm32g4xx_hal_spi.c ****           }
 6788              		.loc 1 2821 13 is_stmt 1 view .LVU2270
 6789 00d2 236E     		ldr	r3, [r4, #96]
 6790 00d4 43F04003 		orr	r3, r3, #64
 6791 00d8 2366     		str	r3, [r4, #96]
 6792              	.L450:
2825:platform/HAL/src/stm32g4xx_hal_spi.c ****         {
 6793              		.loc 1 2825 9 view .LVU2271
2825:platform/HAL/src/stm32g4xx_hal_spi.c ****         {
 6794              		.loc 1 2825 17 is_stmt 0 view .LVU2272
 6795 00da 636D     		ldr	r3, [r4, #84]
2825:platform/HAL/src/stm32g4xx_hal_spi.c ****         {
 6796              		.loc 1 2825 12 view .LVU2273
 6797 00dc 8BB1     		cbz	r3, .L439
2829:platform/HAL/src/stm32g4xx_hal_spi.c ****           if (HAL_OK != HAL_DMA_Abort_IT(hspi->hdmatx))
 6798              		.loc 1 2829 11 is_stmt 1 view .LVU2274
2829:platform/HAL/src/stm32g4xx_hal_spi.c ****           if (HAL_OK != HAL_DMA_Abort_IT(hspi->hdmatx))
 6799              		.loc 1 2829 43 is_stmt 0 view .LVU2275
 6800 00de 104A     		ldr	r2, .L454
 6801 00e0 9A63     		str	r2, [r3, #56]
2830:platform/HAL/src/stm32g4xx_hal_spi.c ****           {
 6802              		.loc 1 2830 11 is_stmt 1 view .LVU2276
2830:platform/HAL/src/stm32g4xx_hal_spi.c ****           {
 6803              		.loc 1 2830 25 is_stmt 0 view .LVU2277
 6804 00e2 606D     		ldr	r0, [r4, #84]
 6805 00e4 FFF7FEFF 		bl	HAL_DMA_Abort_IT
 6806              	.LVL387:
2830:platform/HAL/src/stm32g4xx_hal_spi.c ****           {
 6807              		.loc 1 2830 14 discriminator 1 view .LVU2278
 6808 00e8 58B1     		cbz	r0, .L439
2832:platform/HAL/src/stm32g4xx_hal_spi.c ****           }
 6809              		.loc 1 2832 13 is_stmt 1 view .LVU2279
 6810 00ea 236E     		ldr	r3, [r4, #96]
 6811 00ec 43F04003 		orr	r3, r3, #64
 6812 00f0 2366     		str	r3, [r4, #96]
 6813 00f2 06E0     		b	.L439
 6814              	.LVL388:
 6815              	.L452:
2758:platform/HAL/src/stm32g4xx_hal_spi.c ****     return;
 6816              		.loc 1 2758 5 view .LVU2280
2758:platform/HAL/src/stm32g4xx_hal_spi.c ****     return;
 6817              		.loc 1 2758 9 is_stmt 0 view .LVU2281
ARM GAS  /tmp/ccMpXq91.s 			page 234


 6818 00f4 E36C     		ldr	r3, [r4, #76]
 6819              	.LVL389:
2758:platform/HAL/src/stm32g4xx_hal_spi.c ****     return;
 6820              		.loc 1 2758 5 view .LVU2282
 6821 00f6 2046     		mov	r0, r4
 6822 00f8 9847     		blx	r3
 6823              	.LVL390:
2759:platform/HAL/src/stm32g4xx_hal_spi.c ****   }
 6824              		.loc 1 2759 5 is_stmt 1 view .LVU2283
 6825 00fa 02E0     		b	.L439
 6826              	.LVL391:
 6827              	.L453:
2765:platform/HAL/src/stm32g4xx_hal_spi.c ****     return;
 6828              		.loc 1 2765 5 view .LVU2284
2765:platform/HAL/src/stm32g4xx_hal_spi.c ****     return;
 6829              		.loc 1 2765 9 is_stmt 0 view .LVU2285
 6830 00fc 236D     		ldr	r3, [r4, #80]
 6831              	.LVL392:
2765:platform/HAL/src/stm32g4xx_hal_spi.c ****     return;
 6832              		.loc 1 2765 5 view .LVU2286
 6833 00fe 2046     		mov	r0, r4
 6834 0100 9847     		blx	r3
 6835              	.LVL393:
2766:platform/HAL/src/stm32g4xx_hal_spi.c ****   }
 6836              		.loc 1 2766 5 is_stmt 1 view .LVU2287
 6837              	.L439:
2848:platform/HAL/src/stm32g4xx_hal_spi.c **** 
 6838              		.loc 1 2848 1 is_stmt 0 view .LVU2288
 6839 0102 05B0     		add	sp, sp, #20
 6840              	.LCFI74:
 6841              		.cfi_remember_state
 6842              		.cfi_def_cfa_offset 12
 6843              		@ sp needed
 6844 0104 30BD     		pop	{r4, r5, pc}
 6845              	.LVL394:
 6846              	.L445:
 6847              	.LCFI75:
 6848              		.cfi_restore_state
2783:platform/HAL/src/stm32g4xx_hal_spi.c ****         return;
 6849              		.loc 1 2783 9 is_stmt 1 view .LVU2289
 6850              	.LBB10:
2783:platform/HAL/src/stm32g4xx_hal_spi.c ****         return;
 6851              		.loc 1 2783 9 view .LVU2290
 6852 0106 0023     		movs	r3, #0
 6853              	.LVL395:
2783:platform/HAL/src/stm32g4xx_hal_spi.c ****         return;
 6854              		.loc 1 2783 9 is_stmt 0 view .LVU2291
 6855 0108 0193     		str	r3, [sp, #4]
2783:platform/HAL/src/stm32g4xx_hal_spi.c ****         return;
 6856              		.loc 1 2783 9 is_stmt 1 view .LVU2292
 6857 010a D368     		ldr	r3, [r2, #12]
 6858 010c 0193     		str	r3, [sp, #4]
2783:platform/HAL/src/stm32g4xx_hal_spi.c ****         return;
 6859              		.loc 1 2783 9 view .LVU2293
 6860 010e 9368     		ldr	r3, [r2, #8]
 6861 0110 0193     		str	r3, [sp, #4]
2783:platform/HAL/src/stm32g4xx_hal_spi.c ****         return;
ARM GAS  /tmp/ccMpXq91.s 			page 235


 6862              		.loc 1 2783 9 view .LVU2294
 6863 0112 019B     		ldr	r3, [sp, #4]
 6864              	.LBE10:
2783:platform/HAL/src/stm32g4xx_hal_spi.c ****         return;
 6865              		.loc 1 2783 9 view .LVU2295
2784:platform/HAL/src/stm32g4xx_hal_spi.c ****       }
 6866              		.loc 1 2784 9 view .LVU2296
 6867 0114 F5E7     		b	.L439
 6868              	.L449:
2842:platform/HAL/src/stm32g4xx_hal_spi.c **** #endif /* USE_HAL_SPI_REGISTER_CALLBACKS */
 6869              		.loc 1 2842 9 view .LVU2297
 6870 0116 2046     		mov	r0, r4
 6871 0118 FFF7FEFF 		bl	HAL_SPI_ErrorCallback
 6872              	.LVL396:
2846:platform/HAL/src/stm32g4xx_hal_spi.c ****   }
 6873              		.loc 1 2846 5 view .LVU2298
 6874 011c F1E7     		b	.L439
 6875              	.L455:
 6876 011e 00BF     		.align	2
 6877              	.L454:
 6878 0120 00000000 		.word	SPI_DMAAbortOnError
 6879              		.cfi_endproc
 6880              	.LFE347:
 6882              		.section	.text.SPI_DMAAbortOnError,"ax",%progbits
 6883              		.align	1
 6884              		.syntax unified
 6885              		.thumb
 6886              		.thumb_func
 6888              	SPI_DMAAbortOnError:
 6889              	.LVL397:
 6890              	.LFB365:
3395:platform/HAL/src/stm32g4xx_hal_spi.c ****   SPI_HandleTypeDef *hspi = (SPI_HandleTypeDef *)(((DMA_HandleTypeDef *)hdma)->Parent);
 6891              		.loc 1 3395 1 view -0
 6892              		.cfi_startproc
 6893              		@ args = 0, pretend = 0, frame = 0
 6894              		@ frame_needed = 0, uses_anonymous_args = 0
3395:platform/HAL/src/stm32g4xx_hal_spi.c ****   SPI_HandleTypeDef *hspi = (SPI_HandleTypeDef *)(((DMA_HandleTypeDef *)hdma)->Parent);
 6895              		.loc 1 3395 1 is_stmt 0 view .LVU2300
 6896 0000 08B5     		push	{r3, lr}
 6897              	.LCFI76:
 6898              		.cfi_def_cfa_offset 8
 6899              		.cfi_offset 3, -8
 6900              		.cfi_offset 14, -4
3396:platform/HAL/src/stm32g4xx_hal_spi.c ****   hspi->RxXferCount = 0U;
 6901              		.loc 1 3396 3 is_stmt 1 view .LVU2301
3396:platform/HAL/src/stm32g4xx_hal_spi.c ****   hspi->RxXferCount = 0U;
 6902              		.loc 1 3396 22 is_stmt 0 view .LVU2302
 6903 0002 806A     		ldr	r0, [r0, #40]
 6904              	.LVL398:
3397:platform/HAL/src/stm32g4xx_hal_spi.c ****   hspi->TxXferCount = 0U;
 6905              		.loc 1 3397 3 is_stmt 1 view .LVU2303
3397:platform/HAL/src/stm32g4xx_hal_spi.c ****   hspi->TxXferCount = 0U;
 6906              		.loc 1 3397 21 is_stmt 0 view .LVU2304
 6907 0004 0023     		movs	r3, #0
 6908 0006 A0F84630 		strh	r3, [r0, #70]	@ movhi
3398:platform/HAL/src/stm32g4xx_hal_spi.c **** 
 6909              		.loc 1 3398 3 is_stmt 1 view .LVU2305
ARM GAS  /tmp/ccMpXq91.s 			page 236


3398:platform/HAL/src/stm32g4xx_hal_spi.c **** 
 6910              		.loc 1 3398 21 is_stmt 0 view .LVU2306
 6911 000a C387     		strh	r3, [r0, #62]	@ movhi
3404:platform/HAL/src/stm32g4xx_hal_spi.c **** #endif /* USE_HAL_SPI_REGISTER_CALLBACKS */
 6912              		.loc 1 3404 3 is_stmt 1 view .LVU2307
 6913 000c FFF7FEFF 		bl	HAL_SPI_ErrorCallback
 6914              	.LVL399:
3406:platform/HAL/src/stm32g4xx_hal_spi.c **** 
 6915              		.loc 1 3406 1 is_stmt 0 view .LVU2308
 6916 0010 08BD     		pop	{r3, pc}
 6917              		.cfi_endproc
 6918              	.LFE365:
 6920              		.section	.text.HAL_SPI_AbortCpltCallback,"ax",%progbits
 6921              		.align	1
 6922              		.weak	HAL_SPI_AbortCpltCallback
 6923              		.syntax unified
 6924              		.thumb
 6925              		.thumb_func
 6927              	HAL_SPI_AbortCpltCallback:
 6928              	.LVL400:
 6929              	.LFB355:
2971:platform/HAL/src/stm32g4xx_hal_spi.c ****   /* Prevent unused argument(s) compilation warning */
 6930              		.loc 1 2971 1 is_stmt 1 view -0
 6931              		.cfi_startproc
 6932              		@ args = 0, pretend = 0, frame = 0
 6933              		@ frame_needed = 0, uses_anonymous_args = 0
 6934              		@ link register save eliminated.
2973:platform/HAL/src/stm32g4xx_hal_spi.c **** 
 6935              		.loc 1 2973 3 view .LVU2310
2978:platform/HAL/src/stm32g4xx_hal_spi.c **** 
 6936              		.loc 1 2978 1 is_stmt 0 view .LVU2311
 6937 0000 7047     		bx	lr
 6938              		.cfi_endproc
 6939              	.LFE355:
 6941              		.section	.text.HAL_SPI_Abort_IT,"ax",%progbits
 6942              		.align	1
 6943              		.global	HAL_SPI_Abort_IT
 6944              		.syntax unified
 6945              		.thumb
 6946              		.thumb_func
 6948              	HAL_SPI_Abort_IT:
 6949              	.LVL401:
 6950              	.LFB343:
2507:platform/HAL/src/stm32g4xx_hal_spi.c ****   HAL_StatusTypeDef errorcode;
 6951              		.loc 1 2507 1 is_stmt 1 view -0
 6952              		.cfi_startproc
 6953              		@ args = 0, pretend = 0, frame = 16
 6954              		@ frame_needed = 0, uses_anonymous_args = 0
2507:platform/HAL/src/stm32g4xx_hal_spi.c ****   HAL_StatusTypeDef errorcode;
 6955              		.loc 1 2507 1 is_stmt 0 view .LVU2313
 6956 0000 70B5     		push	{r4, r5, r6, lr}
 6957              	.LCFI77:
 6958              		.cfi_def_cfa_offset 16
 6959              		.cfi_offset 4, -16
 6960              		.cfi_offset 5, -12
 6961              		.cfi_offset 6, -8
 6962              		.cfi_offset 14, -4
ARM GAS  /tmp/ccMpXq91.s 			page 237


 6963 0002 84B0     		sub	sp, sp, #16
 6964              	.LCFI78:
 6965              		.cfi_def_cfa_offset 32
 6966 0004 0446     		mov	r4, r0
2508:platform/HAL/src/stm32g4xx_hal_spi.c ****   uint32_t abortcplt ;
 6967              		.loc 1 2508 3 is_stmt 1 view .LVU2314
2509:platform/HAL/src/stm32g4xx_hal_spi.c ****   __IO uint32_t count;
 6968              		.loc 1 2509 3 view .LVU2315
2510:platform/HAL/src/stm32g4xx_hal_spi.c ****   __IO uint32_t resetcount;
 6969              		.loc 1 2510 3 view .LVU2316
2511:platform/HAL/src/stm32g4xx_hal_spi.c **** 
 6970              		.loc 1 2511 3 view .LVU2317
2514:platform/HAL/src/stm32g4xx_hal_spi.c ****   abortcplt = 1U;
 6971              		.loc 1 2514 3 view .LVU2318
 6972              	.LVL402:
2515:platform/HAL/src/stm32g4xx_hal_spi.c ****   resetcount = SPI_DEFAULT_TIMEOUT * (SystemCoreClock / 24U / 1000U);
 6973              		.loc 1 2515 3 view .LVU2319
2516:platform/HAL/src/stm32g4xx_hal_spi.c ****   count = resetcount;
 6974              		.loc 1 2516 3 view .LVU2320
2516:platform/HAL/src/stm32g4xx_hal_spi.c ****   count = resetcount;
 6975              		.loc 1 2516 61 is_stmt 0 view .LVU2321
 6976 0006 4F4B     		ldr	r3, .L485
 6977 0008 1B68     		ldr	r3, [r3]
 6978 000a 4F4A     		ldr	r2, .L485+4
 6979 000c A2FB0323 		umull	r2, r3, r2, r3
 6980 0010 5B0A     		lsrs	r3, r3, #9
2516:platform/HAL/src/stm32g4xx_hal_spi.c ****   count = resetcount;
 6981              		.loc 1 2516 36 view .LVU2322
 6982 0012 6422     		movs	r2, #100
 6983 0014 02FB03F3 		mul	r3, r2, r3
2516:platform/HAL/src/stm32g4xx_hal_spi.c ****   count = resetcount;
 6984              		.loc 1 2516 14 view .LVU2323
 6985 0018 0293     		str	r3, [sp, #8]
2517:platform/HAL/src/stm32g4xx_hal_spi.c **** 
 6986              		.loc 1 2517 3 is_stmt 1 view .LVU2324
2517:platform/HAL/src/stm32g4xx_hal_spi.c **** 
 6987              		.loc 1 2517 9 is_stmt 0 view .LVU2325
 6988 001a 029B     		ldr	r3, [sp, #8]
 6989 001c 0393     		str	r3, [sp, #12]
2520:platform/HAL/src/stm32g4xx_hal_spi.c **** 
 6990              		.loc 1 2520 3 is_stmt 1 view .LVU2326
 6991 001e 0268     		ldr	r2, [r0]
 6992 0020 5368     		ldr	r3, [r2, #4]
 6993 0022 23F02003 		bic	r3, r3, #32
 6994 0026 5360     		str	r3, [r2, #4]
2523:platform/HAL/src/stm32g4xx_hal_spi.c ****   {
 6995              		.loc 1 2523 3 view .LVU2327
2523:platform/HAL/src/stm32g4xx_hal_spi.c ****   {
 6996              		.loc 1 2523 7 is_stmt 0 view .LVU2328
 6997 0028 0268     		ldr	r2, [r0]
 6998 002a 5368     		ldr	r3, [r2, #4]
2523:platform/HAL/src/stm32g4xx_hal_spi.c ****   {
 6999              		.loc 1 2523 6 view .LVU2329
 7000 002c 13F0800F 		tst	r3, #128
 7001 0030 11D0     		beq	.L460
2525:platform/HAL/src/stm32g4xx_hal_spi.c ****     /* Wait HAL_SPI_STATE_ABORT state */
 7002              		.loc 1 2525 5 is_stmt 1 view .LVU2330
ARM GAS  /tmp/ccMpXq91.s 			page 238


2525:platform/HAL/src/stm32g4xx_hal_spi.c ****     /* Wait HAL_SPI_STATE_ABORT state */
 7003              		.loc 1 2525 17 is_stmt 0 view .LVU2331
 7004 0032 464B     		ldr	r3, .L485+8
 7005 0034 0365     		str	r3, [r0, #80]
 7006              	.L463:
2527:platform/HAL/src/stm32g4xx_hal_spi.c ****     {
 7007              		.loc 1 2527 5 is_stmt 1 view .LVU2332
2529:platform/HAL/src/stm32g4xx_hal_spi.c ****       {
 7008              		.loc 1 2529 7 view .LVU2333
2529:platform/HAL/src/stm32g4xx_hal_spi.c ****       {
 7009              		.loc 1 2529 17 is_stmt 0 view .LVU2334
 7010 0036 039B     		ldr	r3, [sp, #12]
2529:platform/HAL/src/stm32g4xx_hal_spi.c ****       {
 7011              		.loc 1 2529 10 view .LVU2335
 7012 0038 3BB1     		cbz	r3, .L482
2534:platform/HAL/src/stm32g4xx_hal_spi.c ****     } while (hspi->State != HAL_SPI_STATE_ABORT);
 7013              		.loc 1 2534 7 is_stmt 1 view .LVU2336
2534:platform/HAL/src/stm32g4xx_hal_spi.c ****     } while (hspi->State != HAL_SPI_STATE_ABORT);
 7014              		.loc 1 2534 12 is_stmt 0 view .LVU2337
 7015 003a 039B     		ldr	r3, [sp, #12]
 7016 003c 013B     		subs	r3, r3, #1
 7017 003e 0393     		str	r3, [sp, #12]
2535:platform/HAL/src/stm32g4xx_hal_spi.c ****     /* Reset Timeout Counter */
 7018              		.loc 1 2535 26 is_stmt 1 view .LVU2338
2535:platform/HAL/src/stm32g4xx_hal_spi.c ****     /* Reset Timeout Counter */
 7019              		.loc 1 2535 18 is_stmt 0 view .LVU2339
 7020 0040 94F85D30 		ldrb	r3, [r4, #93]	@ zero_extendqisi2
2535:platform/HAL/src/stm32g4xx_hal_spi.c ****     /* Reset Timeout Counter */
 7021              		.loc 1 2535 26 view .LVU2340
 7022 0044 072B     		cmp	r3, #7
 7023 0046 F6D1     		bne	.L463
 7024 0048 03E0     		b	.L462
 7025              	.L482:
2531:platform/HAL/src/stm32g4xx_hal_spi.c ****         break;
 7026              		.loc 1 2531 9 is_stmt 1 view .LVU2341
 7027 004a 236E     		ldr	r3, [r4, #96]
 7028 004c 43F04003 		orr	r3, r3, #64
 7029 0050 2366     		str	r3, [r4, #96]
2532:platform/HAL/src/stm32g4xx_hal_spi.c ****       }
 7030              		.loc 1 2532 9 view .LVU2342
 7031              	.L462:
2537:platform/HAL/src/stm32g4xx_hal_spi.c ****   }
 7032              		.loc 1 2537 5 view .LVU2343
2537:platform/HAL/src/stm32g4xx_hal_spi.c ****   }
 7033              		.loc 1 2537 11 is_stmt 0 view .LVU2344
 7034 0052 029B     		ldr	r3, [sp, #8]
 7035 0054 0393     		str	r3, [sp, #12]
 7036              	.L460:
2540:platform/HAL/src/stm32g4xx_hal_spi.c ****   {
 7037              		.loc 1 2540 3 is_stmt 1 view .LVU2345
2540:platform/HAL/src/stm32g4xx_hal_spi.c ****   {
 7038              		.loc 1 2540 7 is_stmt 0 view .LVU2346
 7039 0056 5368     		ldr	r3, [r2, #4]
2540:platform/HAL/src/stm32g4xx_hal_spi.c ****   {
 7040              		.loc 1 2540 6 view .LVU2347
 7041 0058 13F0400F 		tst	r3, #64
 7042 005c 11D0     		beq	.L464
ARM GAS  /tmp/ccMpXq91.s 			page 239


2542:platform/HAL/src/stm32g4xx_hal_spi.c ****     /* Wait HAL_SPI_STATE_ABORT state */
 7043              		.loc 1 2542 5 is_stmt 1 view .LVU2348
2542:platform/HAL/src/stm32g4xx_hal_spi.c ****     /* Wait HAL_SPI_STATE_ABORT state */
 7044              		.loc 1 2542 17 is_stmt 0 view .LVU2349
 7045 005e 3C4B     		ldr	r3, .L485+12
 7046 0060 E364     		str	r3, [r4, #76]
 7047              	.L467:
2544:platform/HAL/src/stm32g4xx_hal_spi.c ****     {
 7048              		.loc 1 2544 5 is_stmt 1 view .LVU2350
2546:platform/HAL/src/stm32g4xx_hal_spi.c ****       {
 7049              		.loc 1 2546 7 view .LVU2351
2546:platform/HAL/src/stm32g4xx_hal_spi.c ****       {
 7050              		.loc 1 2546 17 is_stmt 0 view .LVU2352
 7051 0062 039B     		ldr	r3, [sp, #12]
2546:platform/HAL/src/stm32g4xx_hal_spi.c ****       {
 7052              		.loc 1 2546 10 view .LVU2353
 7053 0064 3BB1     		cbz	r3, .L483
2551:platform/HAL/src/stm32g4xx_hal_spi.c ****     } while (hspi->State != HAL_SPI_STATE_ABORT);
 7054              		.loc 1 2551 7 is_stmt 1 view .LVU2354
2551:platform/HAL/src/stm32g4xx_hal_spi.c ****     } while (hspi->State != HAL_SPI_STATE_ABORT);
 7055              		.loc 1 2551 12 is_stmt 0 view .LVU2355
 7056 0066 039B     		ldr	r3, [sp, #12]
 7057 0068 013B     		subs	r3, r3, #1
 7058 006a 0393     		str	r3, [sp, #12]
2552:platform/HAL/src/stm32g4xx_hal_spi.c ****     /* Reset Timeout Counter */
 7059              		.loc 1 2552 26 is_stmt 1 view .LVU2356
2552:platform/HAL/src/stm32g4xx_hal_spi.c ****     /* Reset Timeout Counter */
 7060              		.loc 1 2552 18 is_stmt 0 view .LVU2357
 7061 006c 94F85D30 		ldrb	r3, [r4, #93]	@ zero_extendqisi2
2552:platform/HAL/src/stm32g4xx_hal_spi.c ****     /* Reset Timeout Counter */
 7062              		.loc 1 2552 26 view .LVU2358
 7063 0070 072B     		cmp	r3, #7
 7064 0072 F6D1     		bne	.L467
 7065 0074 03E0     		b	.L466
 7066              	.L483:
2548:platform/HAL/src/stm32g4xx_hal_spi.c ****         break;
 7067              		.loc 1 2548 9 is_stmt 1 view .LVU2359
 7068 0076 236E     		ldr	r3, [r4, #96]
 7069 0078 43F04003 		orr	r3, r3, #64
 7070 007c 2366     		str	r3, [r4, #96]
2549:platform/HAL/src/stm32g4xx_hal_spi.c ****       }
 7071              		.loc 1 2549 9 view .LVU2360
 7072              	.L466:
2554:platform/HAL/src/stm32g4xx_hal_spi.c ****   }
 7073              		.loc 1 2554 5 view .LVU2361
2554:platform/HAL/src/stm32g4xx_hal_spi.c ****   }
 7074              		.loc 1 2554 11 is_stmt 0 view .LVU2362
 7075 007e 029B     		ldr	r3, [sp, #8]
 7076 0080 0393     		str	r3, [sp, #12]
 7077              	.L464:
2560:platform/HAL/src/stm32g4xx_hal_spi.c ****   {
 7078              		.loc 1 2560 3 is_stmt 1 view .LVU2363
2560:platform/HAL/src/stm32g4xx_hal_spi.c ****   {
 7079              		.loc 1 2560 11 is_stmt 0 view .LVU2364
 7080 0082 636D     		ldr	r3, [r4, #84]
2560:platform/HAL/src/stm32g4xx_hal_spi.c ****   {
 7081              		.loc 1 2560 6 view .LVU2365
ARM GAS  /tmp/ccMpXq91.s 			page 240


 7082 0084 2BB1     		cbz	r3, .L468
2564:platform/HAL/src/stm32g4xx_hal_spi.c ****     {
 7083              		.loc 1 2564 5 is_stmt 1 view .LVU2366
2564:platform/HAL/src/stm32g4xx_hal_spi.c ****     {
 7084              		.loc 1 2564 9 is_stmt 0 view .LVU2367
 7085 0086 5268     		ldr	r2, [r2, #4]
2564:platform/HAL/src/stm32g4xx_hal_spi.c ****     {
 7086              		.loc 1 2564 8 view .LVU2368
 7087 0088 12F0020F 		tst	r2, #2
 7088 008c 1BD0     		beq	.L469
2566:platform/HAL/src/stm32g4xx_hal_spi.c ****     }
 7089              		.loc 1 2566 7 is_stmt 1 view .LVU2369
2566:platform/HAL/src/stm32g4xx_hal_spi.c ****     }
 7090              		.loc 1 2566 39 is_stmt 0 view .LVU2370
 7091 008e 314A     		ldr	r2, .L485+16
 7092 0090 9A63     		str	r2, [r3, #56]
 7093              	.L468:
2574:platform/HAL/src/stm32g4xx_hal_spi.c ****   {
 7094              		.loc 1 2574 3 is_stmt 1 view .LVU2371
2574:platform/HAL/src/stm32g4xx_hal_spi.c ****   {
 7095              		.loc 1 2574 11 is_stmt 0 view .LVU2372
 7096 0092 A36D     		ldr	r3, [r4, #88]
2574:platform/HAL/src/stm32g4xx_hal_spi.c ****   {
 7097              		.loc 1 2574 6 view .LVU2373
 7098 0094 33B1     		cbz	r3, .L470
2578:platform/HAL/src/stm32g4xx_hal_spi.c ****     {
 7099              		.loc 1 2578 5 is_stmt 1 view .LVU2374
2578:platform/HAL/src/stm32g4xx_hal_spi.c ****     {
 7100              		.loc 1 2578 9 is_stmt 0 view .LVU2375
 7101 0096 2268     		ldr	r2, [r4]
 7102 0098 5268     		ldr	r2, [r2, #4]
2578:platform/HAL/src/stm32g4xx_hal_spi.c ****     {
 7103              		.loc 1 2578 8 view .LVU2376
 7104 009a 12F0010F 		tst	r2, #1
 7105 009e 15D0     		beq	.L471
2580:platform/HAL/src/stm32g4xx_hal_spi.c ****     }
 7106              		.loc 1 2580 7 is_stmt 1 view .LVU2377
2580:platform/HAL/src/stm32g4xx_hal_spi.c ****     }
 7107              		.loc 1 2580 39 is_stmt 0 view .LVU2378
 7108 00a0 2D4A     		ldr	r2, .L485+20
 7109 00a2 9A63     		str	r2, [r3, #56]
 7110              	.L470:
2589:platform/HAL/src/stm32g4xx_hal_spi.c ****   {
 7111              		.loc 1 2589 3 is_stmt 1 view .LVU2379
2589:platform/HAL/src/stm32g4xx_hal_spi.c ****   {
 7112              		.loc 1 2589 7 is_stmt 0 view .LVU2380
 7113 00a4 2368     		ldr	r3, [r4]
 7114 00a6 5B68     		ldr	r3, [r3, #4]
2589:platform/HAL/src/stm32g4xx_hal_spi.c ****   {
 7115              		.loc 1 2589 6 view .LVU2381
 7116 00a8 13F0020F 		tst	r3, #2
 7117 00ac 11D0     		beq	.L476
2592:platform/HAL/src/stm32g4xx_hal_spi.c ****     {
 7118              		.loc 1 2592 5 is_stmt 1 view .LVU2382
2592:platform/HAL/src/stm32g4xx_hal_spi.c ****     {
 7119              		.loc 1 2592 13 is_stmt 0 view .LVU2383
 7120 00ae 606D     		ldr	r0, [r4, #84]
ARM GAS  /tmp/ccMpXq91.s 			page 241


 7121              	.LVL403:
2592:platform/HAL/src/stm32g4xx_hal_spi.c ****     {
 7122              		.loc 1 2592 8 view .LVU2384
 7123 00b0 28B3     		cbz	r0, .L477
2595:platform/HAL/src/stm32g4xx_hal_spi.c ****       {
 7124              		.loc 1 2595 7 is_stmt 1 view .LVU2385
2595:platform/HAL/src/stm32g4xx_hal_spi.c ****       {
 7125              		.loc 1 2595 11 is_stmt 0 view .LVU2386
 7126 00b2 FFF7FEFF 		bl	HAL_DMA_Abort_IT
 7127              	.LVL404:
2595:platform/HAL/src/stm32g4xx_hal_spi.c ****       {
 7128              		.loc 1 2595 10 discriminator 1 view .LVU2387
 7129 00b6 20B3     		cbz	r0, .L478
2597:platform/HAL/src/stm32g4xx_hal_spi.c ****         hspi->ErrorCode = HAL_SPI_ERROR_ABORT;
 7130              		.loc 1 2597 9 is_stmt 1 view .LVU2388
2597:platform/HAL/src/stm32g4xx_hal_spi.c ****         hspi->ErrorCode = HAL_SPI_ERROR_ABORT;
 7131              		.loc 1 2597 13 is_stmt 0 view .LVU2389
 7132 00b8 636D     		ldr	r3, [r4, #84]
2597:platform/HAL/src/stm32g4xx_hal_spi.c ****         hspi->ErrorCode = HAL_SPI_ERROR_ABORT;
 7133              		.loc 1 2597 41 view .LVU2390
 7134 00ba 0022     		movs	r2, #0
 7135 00bc 9A63     		str	r2, [r3, #56]
2598:platform/HAL/src/stm32g4xx_hal_spi.c ****       }
 7136              		.loc 1 2598 9 is_stmt 1 view .LVU2391
2598:platform/HAL/src/stm32g4xx_hal_spi.c ****       }
 7137              		.loc 1 2598 25 is_stmt 0 view .LVU2392
 7138 00be 4023     		movs	r3, #64
 7139 00c0 2366     		str	r3, [r4, #96]
2515:platform/HAL/src/stm32g4xx_hal_spi.c ****   resetcount = SPI_DEFAULT_TIMEOUT * (SystemCoreClock / 24U / 1000U);
 7140              		.loc 1 2515 13 view .LVU2393
 7141 00c2 0126     		movs	r6, #1
 7142 00c4 06E0     		b	.L472
 7143              	.LVL405:
 7144              	.L469:
2570:platform/HAL/src/stm32g4xx_hal_spi.c ****     }
 7145              		.loc 1 2570 7 is_stmt 1 view .LVU2394
2570:platform/HAL/src/stm32g4xx_hal_spi.c ****     }
 7146              		.loc 1 2570 39 is_stmt 0 view .LVU2395
 7147 00c6 0022     		movs	r2, #0
 7148 00c8 9A63     		str	r2, [r3, #56]
 7149 00ca E2E7     		b	.L468
 7150              	.L471:
2584:platform/HAL/src/stm32g4xx_hal_spi.c ****     }
 7151              		.loc 1 2584 7 is_stmt 1 view .LVU2396
2584:platform/HAL/src/stm32g4xx_hal_spi.c ****     }
 7152              		.loc 1 2584 39 is_stmt 0 view .LVU2397
 7153 00cc 0022     		movs	r2, #0
 7154 00ce 9A63     		str	r2, [r3, #56]
 7155 00d0 E8E7     		b	.L470
 7156              	.L476:
2515:platform/HAL/src/stm32g4xx_hal_spi.c ****   resetcount = SPI_DEFAULT_TIMEOUT * (SystemCoreClock / 24U / 1000U);
 7157              		.loc 1 2515 13 view .LVU2398
 7158 00d2 0126     		movs	r6, #1
 7159              	.LVL406:
 7160              	.L472:
2607:platform/HAL/src/stm32g4xx_hal_spi.c ****   {
 7161              		.loc 1 2607 3 is_stmt 1 view .LVU2399
ARM GAS  /tmp/ccMpXq91.s 			page 242


2607:platform/HAL/src/stm32g4xx_hal_spi.c ****   {
 7162              		.loc 1 2607 7 is_stmt 0 view .LVU2400
 7163 00d4 2368     		ldr	r3, [r4]
 7164 00d6 5B68     		ldr	r3, [r3, #4]
2607:platform/HAL/src/stm32g4xx_hal_spi.c ****   {
 7165              		.loc 1 2607 6 view .LVU2401
 7166 00d8 13F0010F 		tst	r3, #1
 7167 00dc 0AD0     		beq	.L473
2610:platform/HAL/src/stm32g4xx_hal_spi.c ****     {
 7168              		.loc 1 2610 5 is_stmt 1 view .LVU2402
2610:platform/HAL/src/stm32g4xx_hal_spi.c ****     {
 7169              		.loc 1 2610 13 is_stmt 0 view .LVU2403
 7170 00de A06D     		ldr	r0, [r4, #88]
2610:platform/HAL/src/stm32g4xx_hal_spi.c ****     {
 7171              		.loc 1 2610 8 view .LVU2404
 7172 00e0 40B1     		cbz	r0, .L473
2613:platform/HAL/src/stm32g4xx_hal_spi.c ****       {
 7173              		.loc 1 2613 7 is_stmt 1 view .LVU2405
2613:platform/HAL/src/stm32g4xx_hal_spi.c ****       {
 7174              		.loc 1 2613 11 is_stmt 0 view .LVU2406
 7175 00e2 FFF7FEFF 		bl	HAL_DMA_Abort_IT
 7176              	.LVL407:
2613:platform/HAL/src/stm32g4xx_hal_spi.c ****       {
 7177              		.loc 1 2613 10 discriminator 1 view .LVU2407
 7178 00e6 0546     		mov	r5, r0
 7179 00e8 30B1     		cbz	r0, .L474
2615:platform/HAL/src/stm32g4xx_hal_spi.c ****         hspi->ErrorCode = HAL_SPI_ERROR_ABORT;
 7180              		.loc 1 2615 9 is_stmt 1 view .LVU2408
2615:platform/HAL/src/stm32g4xx_hal_spi.c ****         hspi->ErrorCode = HAL_SPI_ERROR_ABORT;
 7181              		.loc 1 2615 13 is_stmt 0 view .LVU2409
 7182 00ea A36D     		ldr	r3, [r4, #88]
2615:platform/HAL/src/stm32g4xx_hal_spi.c ****         hspi->ErrorCode = HAL_SPI_ERROR_ABORT;
 7183              		.loc 1 2615 41 view .LVU2410
 7184 00ec 0022     		movs	r2, #0
 7185 00ee 9A63     		str	r2, [r3, #56]
2616:platform/HAL/src/stm32g4xx_hal_spi.c ****       }
 7186              		.loc 1 2616 9 is_stmt 1 view .LVU2411
2616:platform/HAL/src/stm32g4xx_hal_spi.c ****       }
 7187              		.loc 1 2616 25 is_stmt 0 view .LVU2412
 7188 00f0 4023     		movs	r3, #64
 7189 00f2 2366     		str	r3, [r4, #96]
 7190              	.L473:
2625:platform/HAL/src/stm32g4xx_hal_spi.c ****   {
 7191              		.loc 1 2625 3 is_stmt 1 view .LVU2413
2625:platform/HAL/src/stm32g4xx_hal_spi.c ****   {
 7192              		.loc 1 2625 6 is_stmt 0 view .LVU2414
 7193 00f4 3EB9     		cbnz	r6, .L484
2514:platform/HAL/src/stm32g4xx_hal_spi.c ****   abortcplt = 1U;
 7194              		.loc 1 2514 13 view .LVU2415
 7195 00f6 0025     		movs	r5, #0
 7196              	.LVL408:
 7197              	.L474:
2658:platform/HAL/src/stm32g4xx_hal_spi.c **** }
 7198              		.loc 1 2658 3 is_stmt 1 view .LVU2416
2659:platform/HAL/src/stm32g4xx_hal_spi.c **** 
 7199              		.loc 1 2659 1 is_stmt 0 view .LVU2417
 7200 00f8 2846     		mov	r0, r5
ARM GAS  /tmp/ccMpXq91.s 			page 243


 7201 00fa 04B0     		add	sp, sp, #16
 7202              	.LCFI79:
 7203              		.cfi_remember_state
 7204              		.cfi_def_cfa_offset 16
 7205              		@ sp needed
 7206 00fc 70BD     		pop	{r4, r5, r6, pc}
 7207              	.LVL409:
 7208              	.L477:
 7209              	.LCFI80:
 7210              		.cfi_restore_state
2515:platform/HAL/src/stm32g4xx_hal_spi.c ****   resetcount = SPI_DEFAULT_TIMEOUT * (SystemCoreClock / 24U / 1000U);
 7211              		.loc 1 2515 13 view .LVU2418
 7212 00fe 0126     		movs	r6, #1
 7213 0100 E8E7     		b	.L472
 7214              	.L478:
2602:platform/HAL/src/stm32g4xx_hal_spi.c ****       }
 7215              		.loc 1 2602 19 view .LVU2419
 7216 0102 0026     		movs	r6, #0
 7217 0104 E6E7     		b	.L472
 7218              	.LVL410:
 7219              	.L484:
2628:platform/HAL/src/stm32g4xx_hal_spi.c ****     hspi->TxXferCount = 0U;
 7220              		.loc 1 2628 5 is_stmt 1 view .LVU2420
2628:platform/HAL/src/stm32g4xx_hal_spi.c ****     hspi->TxXferCount = 0U;
 7221              		.loc 1 2628 23 is_stmt 0 view .LVU2421
 7222 0106 0023     		movs	r3, #0
 7223 0108 A4F84630 		strh	r3, [r4, #70]	@ movhi
2629:platform/HAL/src/stm32g4xx_hal_spi.c **** 
 7224              		.loc 1 2629 5 is_stmt 1 view .LVU2422
2629:platform/HAL/src/stm32g4xx_hal_spi.c **** 
 7225              		.loc 1 2629 23 is_stmt 0 view .LVU2423
 7226 010c E387     		strh	r3, [r4, #62]	@ movhi
2632:platform/HAL/src/stm32g4xx_hal_spi.c ****     {
 7227              		.loc 1 2632 5 is_stmt 1 view .LVU2424
2632:platform/HAL/src/stm32g4xx_hal_spi.c ****     {
 7228              		.loc 1 2632 13 is_stmt 0 view .LVU2425
 7229 010e 236E     		ldr	r3, [r4, #96]
2632:platform/HAL/src/stm32g4xx_hal_spi.c ****     {
 7230              		.loc 1 2632 8 view .LVU2426
 7231 0110 402B     		cmp	r3, #64
 7232 0112 14D0     		beq	.L480
2640:platform/HAL/src/stm32g4xx_hal_spi.c ****     }
 7233              		.loc 1 2640 7 is_stmt 1 view .LVU2427
2640:platform/HAL/src/stm32g4xx_hal_spi.c ****     }
 7234              		.loc 1 2640 23 is_stmt 0 view .LVU2428
 7235 0114 0025     		movs	r5, #0
 7236 0116 2566     		str	r5, [r4, #96]
 7237              	.L475:
 7238              	.LVL411:
2644:platform/HAL/src/stm32g4xx_hal_spi.c ****     __HAL_SPI_CLEAR_FREFLAG(hspi);
 7239              		.loc 1 2644 5 is_stmt 1 view .LVU2429
 7240              	.LBB11:
2644:platform/HAL/src/stm32g4xx_hal_spi.c ****     __HAL_SPI_CLEAR_FREFLAG(hspi);
 7241              		.loc 1 2644 5 view .LVU2430
 7242 0118 0022     		movs	r2, #0
 7243 011a 0092     		str	r2, [sp]
2644:platform/HAL/src/stm32g4xx_hal_spi.c ****     __HAL_SPI_CLEAR_FREFLAG(hspi);
ARM GAS  /tmp/ccMpXq91.s 			page 244


 7244              		.loc 1 2644 5 view .LVU2431
 7245 011c 2368     		ldr	r3, [r4]
 7246 011e D968     		ldr	r1, [r3, #12]
 7247 0120 0091     		str	r1, [sp]
2644:platform/HAL/src/stm32g4xx_hal_spi.c ****     __HAL_SPI_CLEAR_FREFLAG(hspi);
 7248              		.loc 1 2644 5 view .LVU2432
 7249 0122 9968     		ldr	r1, [r3, #8]
 7250 0124 0091     		str	r1, [sp]
2644:platform/HAL/src/stm32g4xx_hal_spi.c ****     __HAL_SPI_CLEAR_FREFLAG(hspi);
 7251              		.loc 1 2644 5 view .LVU2433
 7252 0126 0099     		ldr	r1, [sp]
 7253              	.LBE11:
2644:platform/HAL/src/stm32g4xx_hal_spi.c ****     __HAL_SPI_CLEAR_FREFLAG(hspi);
 7254              		.loc 1 2644 5 view .LVU2434
2645:platform/HAL/src/stm32g4xx_hal_spi.c **** 
 7255              		.loc 1 2645 5 view .LVU2435
 7256              	.LBB12:
2645:platform/HAL/src/stm32g4xx_hal_spi.c **** 
 7257              		.loc 1 2645 5 view .LVU2436
 7258 0128 0192     		str	r2, [sp, #4]
2645:platform/HAL/src/stm32g4xx_hal_spi.c **** 
 7259              		.loc 1 2645 5 view .LVU2437
 7260 012a 9B68     		ldr	r3, [r3, #8]
 7261 012c 0193     		str	r3, [sp, #4]
2645:platform/HAL/src/stm32g4xx_hal_spi.c **** 
 7262              		.loc 1 2645 5 view .LVU2438
 7263 012e 019B     		ldr	r3, [sp, #4]
 7264              	.LBE12:
2645:platform/HAL/src/stm32g4xx_hal_spi.c **** 
 7265              		.loc 1 2645 5 view .LVU2439
2648:platform/HAL/src/stm32g4xx_hal_spi.c **** 
 7266              		.loc 1 2648 5 view .LVU2440
2648:platform/HAL/src/stm32g4xx_hal_spi.c **** 
 7267              		.loc 1 2648 17 is_stmt 0 view .LVU2441
 7268 0130 0123     		movs	r3, #1
 7269 0132 84F85D30 		strb	r3, [r4, #93]
2654:platform/HAL/src/stm32g4xx_hal_spi.c **** #endif /* USE_HAL_SPI_REGISTER_CALLBACKS */
 7270              		.loc 1 2654 5 is_stmt 1 view .LVU2442
 7271 0136 2046     		mov	r0, r4
 7272 0138 FFF7FEFF 		bl	HAL_SPI_AbortCpltCallback
 7273              	.LVL412:
 7274 013c DCE7     		b	.L474
 7275              	.LVL413:
 7276              	.L480:
2635:platform/HAL/src/stm32g4xx_hal_spi.c ****     }
 7277              		.loc 1 2635 17 is_stmt 0 view .LVU2443
 7278 013e 0125     		movs	r5, #1
 7279 0140 EAE7     		b	.L475
 7280              	.L486:
 7281 0142 00BF     		.align	2
 7282              	.L485:
 7283 0144 00000000 		.word	SystemCoreClock
 7284 0148 F1197605 		.word	91625969
 7285 014c 00000000 		.word	SPI_AbortTx_ISR
 7286 0150 00000000 		.word	SPI_AbortRx_ISR
 7287 0154 00000000 		.word	SPI_DMATxAbortCallback
 7288 0158 00000000 		.word	SPI_DMARxAbortCallback
ARM GAS  /tmp/ccMpXq91.s 			page 245


 7289              		.cfi_endproc
 7290              	.LFE343:
 7292              		.section	.text.SPI_DMARxAbortCallback,"ax",%progbits
 7293              		.align	1
 7294              		.syntax unified
 7295              		.thumb
 7296              		.thumb_func
 7298              	SPI_DMARxAbortCallback:
 7299              	.LVL414:
 7300              	.LFB367:
3484:platform/HAL/src/stm32g4xx_hal_spi.c ****   SPI_HandleTypeDef *hspi = (SPI_HandleTypeDef *)(((DMA_HandleTypeDef *)hdma)->Parent);
 7301              		.loc 1 3484 1 is_stmt 1 view -0
 7302              		.cfi_startproc
 7303              		@ args = 0, pretend = 0, frame = 8
 7304              		@ frame_needed = 0, uses_anonymous_args = 0
3484:platform/HAL/src/stm32g4xx_hal_spi.c ****   SPI_HandleTypeDef *hspi = (SPI_HandleTypeDef *)(((DMA_HandleTypeDef *)hdma)->Parent);
 7305              		.loc 1 3484 1 is_stmt 0 view .LVU2445
 7306 0000 30B5     		push	{r4, r5, lr}
 7307              	.LCFI81:
 7308              		.cfi_def_cfa_offset 12
 7309              		.cfi_offset 4, -12
 7310              		.cfi_offset 5, -8
 7311              		.cfi_offset 14, -4
 7312 0002 85B0     		sub	sp, sp, #20
 7313              	.LCFI82:
 7314              		.cfi_def_cfa_offset 32
3485:platform/HAL/src/stm32g4xx_hal_spi.c **** 
 7315              		.loc 1 3485 3 is_stmt 1 view .LVU2446
3485:platform/HAL/src/stm32g4xx_hal_spi.c **** 
 7316              		.loc 1 3485 22 is_stmt 0 view .LVU2447
 7317 0004 846A     		ldr	r4, [r0, #40]
 7318              	.LVL415:
3488:platform/HAL/src/stm32g4xx_hal_spi.c **** 
 7319              		.loc 1 3488 3 is_stmt 1 view .LVU2448
 7320 0006 2268     		ldr	r2, [r4]
 7321 0008 1368     		ldr	r3, [r2]
 7322 000a 23F04003 		bic	r3, r3, #64
 7323 000e 1360     		str	r3, [r2]
3490:platform/HAL/src/stm32g4xx_hal_spi.c **** 
 7324              		.loc 1 3490 3 view .LVU2449
3490:platform/HAL/src/stm32g4xx_hal_spi.c **** 
 7325              		.loc 1 3490 7 is_stmt 0 view .LVU2450
 7326 0010 A36D     		ldr	r3, [r4, #88]
3490:platform/HAL/src/stm32g4xx_hal_spi.c **** 
 7327              		.loc 1 3490 35 view .LVU2451
 7328 0012 0025     		movs	r5, #0
 7329 0014 9D63     		str	r5, [r3, #56]
3493:platform/HAL/src/stm32g4xx_hal_spi.c **** 
 7330              		.loc 1 3493 3 is_stmt 1 view .LVU2452
 7331 0016 2268     		ldr	r2, [r4]
 7332 0018 5368     		ldr	r3, [r2, #4]
 7333 001a 23F00103 		bic	r3, r3, #1
 7334 001e 5360     		str	r3, [r2, #4]
3496:platform/HAL/src/stm32g4xx_hal_spi.c ****   {
 7335              		.loc 1 3496 3 view .LVU2453
3496:platform/HAL/src/stm32g4xx_hal_spi.c ****   {
 7336              		.loc 1 3496 7 is_stmt 0 view .LVU2454
ARM GAS  /tmp/ccMpXq91.s 			page 246


 7337 0020 FFF7FEFF 		bl	HAL_GetTick
 7338              	.LVL416:
3496:platform/HAL/src/stm32g4xx_hal_spi.c ****   {
 7339              		.loc 1 3496 7 discriminator 1 view .LVU2455
 7340 0024 0090     		str	r0, [sp]
 7341 0026 6423     		movs	r3, #100
 7342 0028 2A46     		mov	r2, r5
 7343 002a 8021     		movs	r1, #128
 7344 002c 2046     		mov	r0, r4
 7345 002e FFF7FEFF 		bl	SPI_WaitFlagStateUntilTimeout
 7346              	.LVL417:
3496:platform/HAL/src/stm32g4xx_hal_spi.c ****   {
 7347              		.loc 1 3496 6 discriminator 2 view .LVU2456
 7348 0032 08B1     		cbz	r0, .L488
3498:platform/HAL/src/stm32g4xx_hal_spi.c ****   }
 7349              		.loc 1 3498 5 is_stmt 1 view .LVU2457
3498:platform/HAL/src/stm32g4xx_hal_spi.c ****   }
 7350              		.loc 1 3498 21 is_stmt 0 view .LVU2458
 7351 0034 4023     		movs	r3, #64
 7352 0036 2366     		str	r3, [r4, #96]
 7353              	.L488:
3502:platform/HAL/src/stm32g4xx_hal_spi.c ****                                     HAL_GetTick()) != HAL_OK)
 7354              		.loc 1 3502 3 is_stmt 1 view .LVU2459
3502:platform/HAL/src/stm32g4xx_hal_spi.c ****                                     HAL_GetTick()) != HAL_OK)
 7355              		.loc 1 3502 7 is_stmt 0 view .LVU2460
 7356 0038 FFF7FEFF 		bl	HAL_GetTick
 7357              	.LVL418:
3502:platform/HAL/src/stm32g4xx_hal_spi.c ****                                     HAL_GetTick()) != HAL_OK)
 7358              		.loc 1 3502 7 discriminator 1 view .LVU2461
 7359 003c 0090     		str	r0, [sp]
 7360 003e 6423     		movs	r3, #100
 7361 0040 0022     		movs	r2, #0
 7362 0042 4FF4C061 		mov	r1, #1536
 7363 0046 2046     		mov	r0, r4
 7364 0048 FFF7FEFF 		bl	SPI_WaitFifoStateUntilTimeout
 7365              	.LVL419:
3502:platform/HAL/src/stm32g4xx_hal_spi.c ****                                     HAL_GetTick()) != HAL_OK)
 7366              		.loc 1 3502 6 discriminator 2 view .LVU2462
 7367 004c 08B1     		cbz	r0, .L489
3505:platform/HAL/src/stm32g4xx_hal_spi.c ****   }
 7368              		.loc 1 3505 5 is_stmt 1 view .LVU2463
3505:platform/HAL/src/stm32g4xx_hal_spi.c ****   }
 7369              		.loc 1 3505 21 is_stmt 0 view .LVU2464
 7370 004e 4023     		movs	r3, #64
 7371 0050 2366     		str	r3, [r4, #96]
 7372              	.L489:
3509:platform/HAL/src/stm32g4xx_hal_spi.c ****   {
 7373              		.loc 1 3509 3 is_stmt 1 view .LVU2465
3509:platform/HAL/src/stm32g4xx_hal_spi.c ****   {
 7374              		.loc 1 3509 11 is_stmt 0 view .LVU2466
 7375 0052 636D     		ldr	r3, [r4, #84]
3509:platform/HAL/src/stm32g4xx_hal_spi.c ****   {
 7376              		.loc 1 3509 6 view .LVU2467
 7377 0054 0BB1     		cbz	r3, .L490
3511:platform/HAL/src/stm32g4xx_hal_spi.c ****     {
 7378              		.loc 1 3511 5 is_stmt 1 view .LVU2468
3511:platform/HAL/src/stm32g4xx_hal_spi.c ****     {
ARM GAS  /tmp/ccMpXq91.s 			page 247


 7379              		.loc 1 3511 21 is_stmt 0 view .LVU2469
 7380 0056 9B6B     		ldr	r3, [r3, #56]
3511:platform/HAL/src/stm32g4xx_hal_spi.c ****     {
 7381              		.loc 1 3511 8 view .LVU2470
 7382 0058 D3B9     		cbnz	r3, .L487
 7383              	.L490:
3518:platform/HAL/src/stm32g4xx_hal_spi.c ****   hspi->TxXferCount = 0U;
 7384              		.loc 1 3518 3 is_stmt 1 view .LVU2471
3518:platform/HAL/src/stm32g4xx_hal_spi.c ****   hspi->TxXferCount = 0U;
 7385              		.loc 1 3518 21 is_stmt 0 view .LVU2472
 7386 005a 0023     		movs	r3, #0
 7387 005c A4F84630 		strh	r3, [r4, #70]	@ movhi
3519:platform/HAL/src/stm32g4xx_hal_spi.c **** 
 7388              		.loc 1 3519 3 is_stmt 1 view .LVU2473
3519:platform/HAL/src/stm32g4xx_hal_spi.c **** 
 7389              		.loc 1 3519 21 is_stmt 0 view .LVU2474
 7390 0060 E387     		strh	r3, [r4, #62]	@ movhi
3522:platform/HAL/src/stm32g4xx_hal_spi.c ****   {
 7391              		.loc 1 3522 3 is_stmt 1 view .LVU2475
3522:platform/HAL/src/stm32g4xx_hal_spi.c ****   {
 7392              		.loc 1 3522 11 is_stmt 0 view .LVU2476
 7393 0062 236E     		ldr	r3, [r4, #96]
3522:platform/HAL/src/stm32g4xx_hal_spi.c ****   {
 7394              		.loc 1 3522 6 view .LVU2477
 7395 0064 402B     		cmp	r3, #64
 7396 0066 01D0     		beq	.L492
3525:platform/HAL/src/stm32g4xx_hal_spi.c ****   }
 7397              		.loc 1 3525 5 is_stmt 1 view .LVU2478
3525:platform/HAL/src/stm32g4xx_hal_spi.c ****   }
 7398              		.loc 1 3525 21 is_stmt 0 view .LVU2479
 7399 0068 0023     		movs	r3, #0
 7400 006a 2366     		str	r3, [r4, #96]
 7401              	.L492:
3529:platform/HAL/src/stm32g4xx_hal_spi.c ****   __HAL_SPI_CLEAR_FREFLAG(hspi);
 7402              		.loc 1 3529 3 is_stmt 1 view .LVU2480
 7403              	.LBB13:
3529:platform/HAL/src/stm32g4xx_hal_spi.c ****   __HAL_SPI_CLEAR_FREFLAG(hspi);
 7404              		.loc 1 3529 3 view .LVU2481
 7405 006c 0022     		movs	r2, #0
 7406 006e 0292     		str	r2, [sp, #8]
3529:platform/HAL/src/stm32g4xx_hal_spi.c ****   __HAL_SPI_CLEAR_FREFLAG(hspi);
 7407              		.loc 1 3529 3 view .LVU2482
 7408 0070 2368     		ldr	r3, [r4]
 7409 0072 D968     		ldr	r1, [r3, #12]
 7410 0074 0291     		str	r1, [sp, #8]
3529:platform/HAL/src/stm32g4xx_hal_spi.c ****   __HAL_SPI_CLEAR_FREFLAG(hspi);
 7411              		.loc 1 3529 3 view .LVU2483
 7412 0076 9968     		ldr	r1, [r3, #8]
 7413 0078 0291     		str	r1, [sp, #8]
3529:platform/HAL/src/stm32g4xx_hal_spi.c ****   __HAL_SPI_CLEAR_FREFLAG(hspi);
 7414              		.loc 1 3529 3 view .LVU2484
 7415 007a 0299     		ldr	r1, [sp, #8]
 7416              	.LBE13:
3529:platform/HAL/src/stm32g4xx_hal_spi.c ****   __HAL_SPI_CLEAR_FREFLAG(hspi);
 7417              		.loc 1 3529 3 view .LVU2485
3530:platform/HAL/src/stm32g4xx_hal_spi.c **** 
 7418              		.loc 1 3530 3 view .LVU2486
ARM GAS  /tmp/ccMpXq91.s 			page 248


 7419              	.LBB14:
3530:platform/HAL/src/stm32g4xx_hal_spi.c **** 
 7420              		.loc 1 3530 3 view .LVU2487
 7421 007c 0392     		str	r2, [sp, #12]
3530:platform/HAL/src/stm32g4xx_hal_spi.c **** 
 7422              		.loc 1 3530 3 view .LVU2488
 7423 007e 9B68     		ldr	r3, [r3, #8]
 7424 0080 0393     		str	r3, [sp, #12]
3530:platform/HAL/src/stm32g4xx_hal_spi.c **** 
 7425              		.loc 1 3530 3 view .LVU2489
 7426 0082 039B     		ldr	r3, [sp, #12]
 7427              	.LBE14:
3530:platform/HAL/src/stm32g4xx_hal_spi.c **** 
 7428              		.loc 1 3530 3 view .LVU2490
3533:platform/HAL/src/stm32g4xx_hal_spi.c **** 
 7429              		.loc 1 3533 3 view .LVU2491
3533:platform/HAL/src/stm32g4xx_hal_spi.c **** 
 7430              		.loc 1 3533 16 is_stmt 0 view .LVU2492
 7431 0084 0123     		movs	r3, #1
 7432 0086 84F85D30 		strb	r3, [r4, #93]
3539:platform/HAL/src/stm32g4xx_hal_spi.c **** #endif /* USE_HAL_SPI_REGISTER_CALLBACKS */
 7433              		.loc 1 3539 3 is_stmt 1 view .LVU2493
 7434 008a 2046     		mov	r0, r4
 7435 008c FFF7FEFF 		bl	HAL_SPI_AbortCpltCallback
 7436              	.LVL420:
 7437              	.L487:
3541:platform/HAL/src/stm32g4xx_hal_spi.c **** 
 7438              		.loc 1 3541 1 is_stmt 0 view .LVU2494
 7439 0090 05B0     		add	sp, sp, #20
 7440              	.LCFI83:
 7441              		.cfi_def_cfa_offset 12
 7442              		@ sp needed
 7443 0092 30BD     		pop	{r4, r5, pc}
3541:platform/HAL/src/stm32g4xx_hal_spi.c **** 
 7444              		.loc 1 3541 1 view .LVU2495
 7445              		.cfi_endproc
 7446              	.LFE367:
 7448              		.section	.text.SPI_DMATxAbortCallback,"ax",%progbits
 7449              		.align	1
 7450              		.syntax unified
 7451              		.thumb
 7452              		.thumb_func
 7454              	SPI_DMATxAbortCallback:
 7455              	.LVL421:
 7456              	.LFB366:
3417:platform/HAL/src/stm32g4xx_hal_spi.c ****   SPI_HandleTypeDef *hspi = (SPI_HandleTypeDef *)(((DMA_HandleTypeDef *)hdma)->Parent);
 7457              		.loc 1 3417 1 is_stmt 1 view -0
 7458              		.cfi_startproc
 7459              		@ args = 0, pretend = 0, frame = 8
 7460              		@ frame_needed = 0, uses_anonymous_args = 0
3417:platform/HAL/src/stm32g4xx_hal_spi.c ****   SPI_HandleTypeDef *hspi = (SPI_HandleTypeDef *)(((DMA_HandleTypeDef *)hdma)->Parent);
 7461              		.loc 1 3417 1 is_stmt 0 view .LVU2497
 7462 0000 10B5     		push	{r4, lr}
 7463              	.LCFI84:
 7464              		.cfi_def_cfa_offset 8
 7465              		.cfi_offset 4, -8
 7466              		.cfi_offset 14, -4
ARM GAS  /tmp/ccMpXq91.s 			page 249


 7467 0002 84B0     		sub	sp, sp, #16
 7468              	.LCFI85:
 7469              		.cfi_def_cfa_offset 24
3418:platform/HAL/src/stm32g4xx_hal_spi.c **** 
 7470              		.loc 1 3418 3 is_stmt 1 view .LVU2498
3418:platform/HAL/src/stm32g4xx_hal_spi.c **** 
 7471              		.loc 1 3418 22 is_stmt 0 view .LVU2499
 7472 0004 846A     		ldr	r4, [r0, #40]
 7473              	.LVL422:
3420:platform/HAL/src/stm32g4xx_hal_spi.c **** 
 7474              		.loc 1 3420 3 is_stmt 1 view .LVU2500
3420:platform/HAL/src/stm32g4xx_hal_spi.c **** 
 7475              		.loc 1 3420 7 is_stmt 0 view .LVU2501
 7476 0006 636D     		ldr	r3, [r4, #84]
3420:platform/HAL/src/stm32g4xx_hal_spi.c **** 
 7477              		.loc 1 3420 35 view .LVU2502
 7478 0008 0022     		movs	r2, #0
 7479 000a 9A63     		str	r2, [r3, #56]
3423:platform/HAL/src/stm32g4xx_hal_spi.c **** 
 7480              		.loc 1 3423 3 is_stmt 1 view .LVU2503
 7481 000c 2268     		ldr	r2, [r4]
 7482 000e 5368     		ldr	r3, [r2, #4]
 7483 0010 23F00203 		bic	r3, r3, #2
 7484 0014 5360     		str	r3, [r2, #4]
3425:platform/HAL/src/stm32g4xx_hal_spi.c ****   {
 7485              		.loc 1 3425 3 view .LVU2504
3425:platform/HAL/src/stm32g4xx_hal_spi.c ****   {
 7486              		.loc 1 3425 7 is_stmt 0 view .LVU2505
 7487 0016 FFF7FEFF 		bl	HAL_GetTick
 7488              	.LVL423:
3425:platform/HAL/src/stm32g4xx_hal_spi.c ****   {
 7489              		.loc 1 3425 7 view .LVU2506
 7490 001a 0246     		mov	r2, r0
3425:platform/HAL/src/stm32g4xx_hal_spi.c ****   {
 7491              		.loc 1 3425 7 discriminator 1 view .LVU2507
 7492 001c 6421     		movs	r1, #100
 7493 001e 2046     		mov	r0, r4
 7494 0020 FFF7FEFF 		bl	SPI_EndRxTxTransaction
 7495              	.LVL424:
3425:platform/HAL/src/stm32g4xx_hal_spi.c ****   {
 7496              		.loc 1 3425 6 discriminator 2 view .LVU2508
 7497 0024 08B1     		cbz	r0, .L495
3427:platform/HAL/src/stm32g4xx_hal_spi.c ****   }
 7498              		.loc 1 3427 5 is_stmt 1 view .LVU2509
3427:platform/HAL/src/stm32g4xx_hal_spi.c ****   }
 7499              		.loc 1 3427 21 is_stmt 0 view .LVU2510
 7500 0026 4023     		movs	r3, #64
 7501 0028 2366     		str	r3, [r4, #96]
 7502              	.L495:
3431:platform/HAL/src/stm32g4xx_hal_spi.c **** 
 7503              		.loc 1 3431 3 is_stmt 1 view .LVU2511
 7504 002a 2268     		ldr	r2, [r4]
 7505 002c 1368     		ldr	r3, [r2]
 7506 002e 23F04003 		bic	r3, r3, #64
 7507 0032 1360     		str	r3, [r2]
3434:platform/HAL/src/stm32g4xx_hal_spi.c ****                                     HAL_GetTick()) != HAL_OK)
 7508              		.loc 1 3434 3 view .LVU2512
ARM GAS  /tmp/ccMpXq91.s 			page 250


3434:platform/HAL/src/stm32g4xx_hal_spi.c ****                                     HAL_GetTick()) != HAL_OK)
 7509              		.loc 1 3434 7 is_stmt 0 view .LVU2513
 7510 0034 FFF7FEFF 		bl	HAL_GetTick
 7511              	.LVL425:
3434:platform/HAL/src/stm32g4xx_hal_spi.c ****                                     HAL_GetTick()) != HAL_OK)
 7512              		.loc 1 3434 7 discriminator 1 view .LVU2514
 7513 0038 0090     		str	r0, [sp]
 7514 003a 6423     		movs	r3, #100
 7515 003c 0022     		movs	r2, #0
 7516 003e 4FF4C061 		mov	r1, #1536
 7517 0042 2046     		mov	r0, r4
 7518 0044 FFF7FEFF 		bl	SPI_WaitFifoStateUntilTimeout
 7519              	.LVL426:
3434:platform/HAL/src/stm32g4xx_hal_spi.c ****                                     HAL_GetTick()) != HAL_OK)
 7520              		.loc 1 3434 6 discriminator 2 view .LVU2515
 7521 0048 08B1     		cbz	r0, .L496
3437:platform/HAL/src/stm32g4xx_hal_spi.c ****   }
 7522              		.loc 1 3437 5 is_stmt 1 view .LVU2516
3437:platform/HAL/src/stm32g4xx_hal_spi.c ****   }
 7523              		.loc 1 3437 21 is_stmt 0 view .LVU2517
 7524 004a 4023     		movs	r3, #64
 7525 004c 2366     		str	r3, [r4, #96]
 7526              	.L496:
3441:platform/HAL/src/stm32g4xx_hal_spi.c ****   {
 7527              		.loc 1 3441 3 is_stmt 1 view .LVU2518
3441:platform/HAL/src/stm32g4xx_hal_spi.c ****   {
 7528              		.loc 1 3441 11 is_stmt 0 view .LVU2519
 7529 004e A36D     		ldr	r3, [r4, #88]
3441:platform/HAL/src/stm32g4xx_hal_spi.c ****   {
 7530              		.loc 1 3441 6 view .LVU2520
 7531 0050 0BB1     		cbz	r3, .L497
3443:platform/HAL/src/stm32g4xx_hal_spi.c ****     {
 7532              		.loc 1 3443 5 is_stmt 1 view .LVU2521
3443:platform/HAL/src/stm32g4xx_hal_spi.c ****     {
 7533              		.loc 1 3443 21 is_stmt 0 view .LVU2522
 7534 0052 9B6B     		ldr	r3, [r3, #56]
3443:platform/HAL/src/stm32g4xx_hal_spi.c ****     {
 7535              		.loc 1 3443 8 view .LVU2523
 7536 0054 D3B9     		cbnz	r3, .L494
 7537              	.L497:
3450:platform/HAL/src/stm32g4xx_hal_spi.c ****   hspi->TxXferCount = 0U;
 7538              		.loc 1 3450 3 is_stmt 1 view .LVU2524
3450:platform/HAL/src/stm32g4xx_hal_spi.c ****   hspi->TxXferCount = 0U;
 7539              		.loc 1 3450 21 is_stmt 0 view .LVU2525
 7540 0056 0023     		movs	r3, #0
 7541 0058 A4F84630 		strh	r3, [r4, #70]	@ movhi
3451:platform/HAL/src/stm32g4xx_hal_spi.c **** 
 7542              		.loc 1 3451 3 is_stmt 1 view .LVU2526
3451:platform/HAL/src/stm32g4xx_hal_spi.c **** 
 7543              		.loc 1 3451 21 is_stmt 0 view .LVU2527
 7544 005c E387     		strh	r3, [r4, #62]	@ movhi
3454:platform/HAL/src/stm32g4xx_hal_spi.c ****   {
 7545              		.loc 1 3454 3 is_stmt 1 view .LVU2528
3454:platform/HAL/src/stm32g4xx_hal_spi.c ****   {
 7546              		.loc 1 3454 11 is_stmt 0 view .LVU2529
 7547 005e 236E     		ldr	r3, [r4, #96]
3454:platform/HAL/src/stm32g4xx_hal_spi.c ****   {
ARM GAS  /tmp/ccMpXq91.s 			page 251


 7548              		.loc 1 3454 6 view .LVU2530
 7549 0060 402B     		cmp	r3, #64
 7550 0062 01D0     		beq	.L499
3457:platform/HAL/src/stm32g4xx_hal_spi.c ****   }
 7551              		.loc 1 3457 5 is_stmt 1 view .LVU2531
3457:platform/HAL/src/stm32g4xx_hal_spi.c ****   }
 7552              		.loc 1 3457 21 is_stmt 0 view .LVU2532
 7553 0064 0023     		movs	r3, #0
 7554 0066 2366     		str	r3, [r4, #96]
 7555              	.L499:
3461:platform/HAL/src/stm32g4xx_hal_spi.c ****   __HAL_SPI_CLEAR_FREFLAG(hspi);
 7556              		.loc 1 3461 3 is_stmt 1 view .LVU2533
 7557              	.LBB15:
3461:platform/HAL/src/stm32g4xx_hal_spi.c ****   __HAL_SPI_CLEAR_FREFLAG(hspi);
 7558              		.loc 1 3461 3 view .LVU2534
 7559 0068 0022     		movs	r2, #0
 7560 006a 0292     		str	r2, [sp, #8]
3461:platform/HAL/src/stm32g4xx_hal_spi.c ****   __HAL_SPI_CLEAR_FREFLAG(hspi);
 7561              		.loc 1 3461 3 view .LVU2535
 7562 006c 2368     		ldr	r3, [r4]
 7563 006e D968     		ldr	r1, [r3, #12]
 7564 0070 0291     		str	r1, [sp, #8]
3461:platform/HAL/src/stm32g4xx_hal_spi.c ****   __HAL_SPI_CLEAR_FREFLAG(hspi);
 7565              		.loc 1 3461 3 view .LVU2536
 7566 0072 9968     		ldr	r1, [r3, #8]
 7567 0074 0291     		str	r1, [sp, #8]
3461:platform/HAL/src/stm32g4xx_hal_spi.c ****   __HAL_SPI_CLEAR_FREFLAG(hspi);
 7568              		.loc 1 3461 3 view .LVU2537
 7569 0076 0299     		ldr	r1, [sp, #8]
 7570              	.LBE15:
3461:platform/HAL/src/stm32g4xx_hal_spi.c ****   __HAL_SPI_CLEAR_FREFLAG(hspi);
 7571              		.loc 1 3461 3 view .LVU2538
3462:platform/HAL/src/stm32g4xx_hal_spi.c **** 
 7572              		.loc 1 3462 3 view .LVU2539
 7573              	.LBB16:
3462:platform/HAL/src/stm32g4xx_hal_spi.c **** 
 7574              		.loc 1 3462 3 view .LVU2540
 7575 0078 0392     		str	r2, [sp, #12]
3462:platform/HAL/src/stm32g4xx_hal_spi.c **** 
 7576              		.loc 1 3462 3 view .LVU2541
 7577 007a 9B68     		ldr	r3, [r3, #8]
 7578 007c 0393     		str	r3, [sp, #12]
3462:platform/HAL/src/stm32g4xx_hal_spi.c **** 
 7579              		.loc 1 3462 3 view .LVU2542
 7580 007e 039B     		ldr	r3, [sp, #12]
 7581              	.LBE16:
3462:platform/HAL/src/stm32g4xx_hal_spi.c **** 
 7582              		.loc 1 3462 3 view .LVU2543
3465:platform/HAL/src/stm32g4xx_hal_spi.c **** 
 7583              		.loc 1 3465 3 view .LVU2544
3465:platform/HAL/src/stm32g4xx_hal_spi.c **** 
 7584              		.loc 1 3465 16 is_stmt 0 view .LVU2545
 7585 0080 0123     		movs	r3, #1
 7586 0082 84F85D30 		strb	r3, [r4, #93]
3471:platform/HAL/src/stm32g4xx_hal_spi.c **** #endif /* USE_HAL_SPI_REGISTER_CALLBACKS */
 7587              		.loc 1 3471 3 is_stmt 1 view .LVU2546
 7588 0086 2046     		mov	r0, r4
ARM GAS  /tmp/ccMpXq91.s 			page 252


 7589 0088 FFF7FEFF 		bl	HAL_SPI_AbortCpltCallback
 7590              	.LVL427:
 7591              	.L494:
3473:platform/HAL/src/stm32g4xx_hal_spi.c **** 
 7592              		.loc 1 3473 1 is_stmt 0 view .LVU2547
 7593 008c 04B0     		add	sp, sp, #16
 7594              	.LCFI86:
 7595              		.cfi_def_cfa_offset 8
 7596              		@ sp needed
 7597 008e 10BD     		pop	{r4, pc}
3473:platform/HAL/src/stm32g4xx_hal_spi.c **** 
 7598              		.loc 1 3473 1 view .LVU2548
 7599              		.cfi_endproc
 7600              	.LFE366:
 7602              		.section	.text.HAL_SPI_GetState,"ax",%progbits
 7603              		.align	1
 7604              		.global	HAL_SPI_GetState
 7605              		.syntax unified
 7606              		.thumb
 7607              		.thumb_func
 7609              	HAL_SPI_GetState:
 7610              	.LVL428:
 7611              	.LFB356:
3006:platform/HAL/src/stm32g4xx_hal_spi.c ****   /* Return SPI handle state */
 7612              		.loc 1 3006 1 is_stmt 1 view -0
 7613              		.cfi_startproc
 7614              		@ args = 0, pretend = 0, frame = 0
 7615              		@ frame_needed = 0, uses_anonymous_args = 0
 7616              		@ link register save eliminated.
3008:platform/HAL/src/stm32g4xx_hal_spi.c **** }
 7617              		.loc 1 3008 3 view .LVU2550
3008:platform/HAL/src/stm32g4xx_hal_spi.c **** }
 7618              		.loc 1 3008 14 is_stmt 0 view .LVU2551
 7619 0000 90F85D00 		ldrb	r0, [r0, #93]	@ zero_extendqisi2
 7620              	.LVL429:
3009:platform/HAL/src/stm32g4xx_hal_spi.c **** 
 7621              		.loc 1 3009 1 view .LVU2552
 7622 0004 7047     		bx	lr
 7623              		.cfi_endproc
 7624              	.LFE356:
 7626              		.section	.text.HAL_SPI_GetError,"ax",%progbits
 7627              		.align	1
 7628              		.global	HAL_SPI_GetError
 7629              		.syntax unified
 7630              		.thumb
 7631              		.thumb_func
 7633              	HAL_SPI_GetError:
 7634              	.LVL430:
 7635              	.LFB357:
3018:platform/HAL/src/stm32g4xx_hal_spi.c ****   /* Return SPI ErrorCode */
 7636              		.loc 1 3018 1 is_stmt 1 view -0
 7637              		.cfi_startproc
 7638              		@ args = 0, pretend = 0, frame = 0
 7639              		@ frame_needed = 0, uses_anonymous_args = 0
 7640              		@ link register save eliminated.
3020:platform/HAL/src/stm32g4xx_hal_spi.c **** }
 7641              		.loc 1 3020 3 view .LVU2554
ARM GAS  /tmp/ccMpXq91.s 			page 253


3020:platform/HAL/src/stm32g4xx_hal_spi.c **** }
 7642              		.loc 1 3020 14 is_stmt 0 view .LVU2555
 7643 0000 006E     		ldr	r0, [r0, #96]
 7644              	.LVL431:
3021:platform/HAL/src/stm32g4xx_hal_spi.c **** 
 7645              		.loc 1 3021 1 view .LVU2556
 7646 0002 7047     		bx	lr
 7647              		.cfi_endproc
 7648              	.LFE357:
 7650              		.text
 7651              	.Letext0:
 7652              		.file 2 "/usr/arm-none-eabi/include/machine/_default_types.h"
 7653              		.file 3 "/usr/arm-none-eabi/include/sys/_stdint.h"
 7654              		.file 4 "platform/CMSIS/Device/ST/STM32G4xx/Include/stm32g474xx.h"
 7655              		.file 5 "platform/CMSIS/Device/ST/STM32G4xx/Include/stm32g4xx.h"
 7656              		.file 6 "platform/HAL/inc/stm32g4xx_hal_def.h"
 7657              		.file 7 "platform/HAL/inc/stm32g4xx_hal_dma.h"
 7658              		.file 8 "platform/HAL/inc/stm32g4xx_hal_spi.h"
 7659              		.file 9 "platform/CMSIS/Device/ST/STM32G4xx/Include/system_stm32g4xx.h"
 7660              		.file 10 "platform/HAL/inc/stm32g4xx_hal.h"
ARM GAS  /tmp/ccMpXq91.s 			page 254


DEFINED SYMBOLS
                            *ABS*:00000000 stm32g4xx_hal_spi.c
     /tmp/ccMpXq91.s:21     .text.SPI_WaitFlagStateUntilTimeout:00000000 $t
     /tmp/ccMpXq91.s:26     .text.SPI_WaitFlagStateUntilTimeout:00000000 SPI_WaitFlagStateUntilTimeout
     /tmp/ccMpXq91.s:203    .text.SPI_WaitFlagStateUntilTimeout:000000c4 $d
     /tmp/ccMpXq91.s:208    .text.SPI_WaitFifoStateUntilTimeout:00000000 $t
     /tmp/ccMpXq91.s:213    .text.SPI_WaitFifoStateUntilTimeout:00000000 SPI_WaitFifoStateUntilTimeout
     /tmp/ccMpXq91.s:421    .text.SPI_WaitFifoStateUntilTimeout:000000ec $d
     /tmp/ccMpXq91.s:426    .text.SPI_EndRxTxTransaction:00000000 $t
     /tmp/ccMpXq91.s:431    .text.SPI_EndRxTxTransaction:00000000 SPI_EndRxTxTransaction
     /tmp/ccMpXq91.s:528    .text.SPI_EndRxTransaction:00000000 $t
     /tmp/ccMpXq91.s:533    .text.SPI_EndRxTransaction:00000000 SPI_EndRxTransaction
     /tmp/ccMpXq91.s:656    .text.SPI_AbortRx_ISR:00000000 $t
     /tmp/ccMpXq91.s:661    .text.SPI_AbortRx_ISR:00000000 SPI_AbortRx_ISR
     /tmp/ccMpXq91.s:779    .text.SPI_AbortRx_ISR:00000088 $d
     /tmp/ccMpXq91.s:785    .text.SPI_AbortTx_ISR:00000000 $t
     /tmp/ccMpXq91.s:790    .text.SPI_AbortTx_ISR:00000000 SPI_AbortTx_ISR
     /tmp/ccMpXq91.s:981    .text.SPI_AbortTx_ISR:000000e8 $d
     /tmp/ccMpXq91.s:987    .text.HAL_SPI_MspInit:00000000 $t
     /tmp/ccMpXq91.s:993    .text.HAL_SPI_MspInit:00000000 HAL_SPI_MspInit
     /tmp/ccMpXq91.s:1008   .text.HAL_SPI_Init:00000000 $t
     /tmp/ccMpXq91.s:1014   .text.HAL_SPI_Init:00000000 HAL_SPI_Init
     /tmp/ccMpXq91.s:1203   .text.HAL_SPI_MspDeInit:00000000 $t
     /tmp/ccMpXq91.s:1209   .text.HAL_SPI_MspDeInit:00000000 HAL_SPI_MspDeInit
     /tmp/ccMpXq91.s:1224   .text.HAL_SPI_DeInit:00000000 $t
     /tmp/ccMpXq91.s:1230   .text.HAL_SPI_DeInit:00000000 HAL_SPI_DeInit
     /tmp/ccMpXq91.s:1289   .text.HAL_SPI_Transmit:00000000 $t
     /tmp/ccMpXq91.s:1295   .text.HAL_SPI_Transmit:00000000 HAL_SPI_Transmit
     /tmp/ccMpXq91.s:1765   .text.HAL_SPI_TransmitReceive:00000000 $t
     /tmp/ccMpXq91.s:1771   .text.HAL_SPI_TransmitReceive:00000000 HAL_SPI_TransmitReceive
     /tmp/ccMpXq91.s:2497   .text.HAL_SPI_Receive:00000000 $t
     /tmp/ccMpXq91.s:2503   .text.HAL_SPI_Receive:00000000 HAL_SPI_Receive
     /tmp/ccMpXq91.s:2872   .text.HAL_SPI_Transmit_IT:00000000 $t
     /tmp/ccMpXq91.s:2878   .text.HAL_SPI_Transmit_IT:00000000 HAL_SPI_Transmit_IT
     /tmp/ccMpXq91.s:3060   .text.HAL_SPI_Transmit_IT:000000a8 $d
     /tmp/ccMpXq91.s:5496   .text.SPI_TxISR_16BIT:00000000 SPI_TxISR_16BIT
     /tmp/ccMpXq91.s:5434   .text.SPI_TxISR_8BIT:00000000 SPI_TxISR_8BIT
     /tmp/ccMpXq91.s:3066   .text.HAL_SPI_TransmitReceive_IT:00000000 $t
     /tmp/ccMpXq91.s:3072   .text.HAL_SPI_TransmitReceive_IT:00000000 HAL_SPI_TransmitReceive_IT
     /tmp/ccMpXq91.s:3307   .text.HAL_SPI_TransmitReceive_IT:000000dc $d
     /tmp/ccMpXq91.s:6144   .text.SPI_2linesRxISR_16BIT:00000000 SPI_2linesRxISR_16BIT
     /tmp/ccMpXq91.s:6071   .text.SPI_2linesTxISR_16BIT:00000000 SPI_2linesTxISR_16BIT
     /tmp/ccMpXq91.s:5953   .text.SPI_2linesRxISR_8BIT:00000000 SPI_2linesRxISR_8BIT
     /tmp/ccMpXq91.s:5847   .text.SPI_2linesTxISR_8BIT:00000000 SPI_2linesTxISR_8BIT
     /tmp/ccMpXq91.s:3315   .text.HAL_SPI_Receive_IT:00000000 $t
     /tmp/ccMpXq91.s:3321   .text.HAL_SPI_Receive_IT:00000000 HAL_SPI_Receive_IT
     /tmp/ccMpXq91.s:3511   .text.HAL_SPI_Receive_IT:000000f4 $d
     /tmp/ccMpXq91.s:5690   .text.SPI_RxISR_16BIT:00000000 SPI_RxISR_16BIT
     /tmp/ccMpXq91.s:5628   .text.SPI_RxISR_8BIT:00000000 SPI_RxISR_8BIT
     /tmp/ccMpXq91.s:3517   .text.HAL_SPI_Transmit_DMA:00000000 $t
     /tmp/ccMpXq91.s:3523   .text.HAL_SPI_Transmit_DMA:00000000 HAL_SPI_Transmit_DMA
     /tmp/ccMpXq91.s:3780   .text.HAL_SPI_Transmit_DMA:00000130 $d
     /tmp/ccMpXq91.s:5169   .text.SPI_DMAHalfTransmitCplt:00000000 SPI_DMAHalfTransmitCplt
     /tmp/ccMpXq91.s:6261   .text.SPI_DMATransmitCplt:00000000 SPI_DMATransmitCplt
     /tmp/ccMpXq91.s:6217   .text.SPI_DMAError:00000000 SPI_DMAError
     /tmp/ccMpXq91.s:3787   .text.HAL_SPI_TransmitReceive_DMA:00000000 $t
     /tmp/ccMpXq91.s:3793   .text.HAL_SPI_TransmitReceive_DMA:00000000 HAL_SPI_TransmitReceive_DMA
ARM GAS  /tmp/ccMpXq91.s 			page 255


     /tmp/ccMpXq91.s:4212   .text.HAL_SPI_TransmitReceive_DMA:00000204 $d
     /tmp/ccMpXq91.s:5275   .text.SPI_DMAHalfTransmitReceiveCplt:00000000 SPI_DMAHalfTransmitReceiveCplt
     /tmp/ccMpXq91.s:6505   .text.SPI_DMATransmitReceiveCplt:00000000 SPI_DMATransmitReceiveCplt
     /tmp/ccMpXq91.s:5222   .text.SPI_DMAHalfReceiveCplt:00000000 SPI_DMAHalfReceiveCplt
     /tmp/ccMpXq91.s:6388   .text.SPI_DMAReceiveCplt:00000000 SPI_DMAReceiveCplt
     /tmp/ccMpXq91.s:4221   .text.HAL_SPI_Receive_DMA:00000000 $t
     /tmp/ccMpXq91.s:4227   .text.HAL_SPI_Receive_DMA:00000000 HAL_SPI_Receive_DMA
     /tmp/ccMpXq91.s:4522   .text.HAL_SPI_Receive_DMA:00000174 $d
     /tmp/ccMpXq91.s:4529   .text.HAL_SPI_Abort:00000000 $t
     /tmp/ccMpXq91.s:4535   .text.HAL_SPI_Abort:00000000 HAL_SPI_Abort
     /tmp/ccMpXq91.s:4881   .text.HAL_SPI_Abort:0000017c $d
     /tmp/ccMpXq91.s:4889   .text.HAL_SPI_DMAPause:00000000 $t
     /tmp/ccMpXq91.s:4895   .text.HAL_SPI_DMAPause:00000000 HAL_SPI_DMAPause
     /tmp/ccMpXq91.s:4939   .text.HAL_SPI_DMAResume:00000000 $t
     /tmp/ccMpXq91.s:4945   .text.HAL_SPI_DMAResume:00000000 HAL_SPI_DMAResume
     /tmp/ccMpXq91.s:4989   .text.HAL_SPI_DMAStop:00000000 $t
     /tmp/ccMpXq91.s:4995   .text.HAL_SPI_DMAStop:00000000 HAL_SPI_DMAStop
     /tmp/ccMpXq91.s:5080   .text.HAL_SPI_TxCpltCallback:00000000 $t
     /tmp/ccMpXq91.s:5086   .text.HAL_SPI_TxCpltCallback:00000000 HAL_SPI_TxCpltCallback
     /tmp/ccMpXq91.s:5101   .text.HAL_SPI_RxCpltCallback:00000000 $t
     /tmp/ccMpXq91.s:5107   .text.HAL_SPI_RxCpltCallback:00000000 HAL_SPI_RxCpltCallback
     /tmp/ccMpXq91.s:5122   .text.HAL_SPI_TxRxCpltCallback:00000000 $t
     /tmp/ccMpXq91.s:5128   .text.HAL_SPI_TxRxCpltCallback:00000000 HAL_SPI_TxRxCpltCallback
     /tmp/ccMpXq91.s:5143   .text.HAL_SPI_TxHalfCpltCallback:00000000 $t
     /tmp/ccMpXq91.s:5149   .text.HAL_SPI_TxHalfCpltCallback:00000000 HAL_SPI_TxHalfCpltCallback
     /tmp/ccMpXq91.s:5164   .text.SPI_DMAHalfTransmitCplt:00000000 $t
     /tmp/ccMpXq91.s:5196   .text.HAL_SPI_RxHalfCpltCallback:00000000 $t
     /tmp/ccMpXq91.s:5202   .text.HAL_SPI_RxHalfCpltCallback:00000000 HAL_SPI_RxHalfCpltCallback
     /tmp/ccMpXq91.s:5217   .text.SPI_DMAHalfReceiveCplt:00000000 $t
     /tmp/ccMpXq91.s:5249   .text.HAL_SPI_TxRxHalfCpltCallback:00000000 $t
     /tmp/ccMpXq91.s:5255   .text.HAL_SPI_TxRxHalfCpltCallback:00000000 HAL_SPI_TxRxHalfCpltCallback
     /tmp/ccMpXq91.s:5270   .text.SPI_DMAHalfTransmitReceiveCplt:00000000 $t
     /tmp/ccMpXq91.s:5302   .text.HAL_SPI_ErrorCallback:00000000 $t
     /tmp/ccMpXq91.s:5308   .text.HAL_SPI_ErrorCallback:00000000 HAL_SPI_ErrorCallback
     /tmp/ccMpXq91.s:5323   .text.SPI_CloseTx_ISR:00000000 $t
     /tmp/ccMpXq91.s:5328   .text.SPI_CloseTx_ISR:00000000 SPI_CloseTx_ISR
     /tmp/ccMpXq91.s:5429   .text.SPI_TxISR_8BIT:00000000 $t
     /tmp/ccMpXq91.s:5491   .text.SPI_TxISR_16BIT:00000000 $t
     /tmp/ccMpXq91.s:5553   .text.SPI_CloseRx_ISR:00000000 $t
     /tmp/ccMpXq91.s:5558   .text.SPI_CloseRx_ISR:00000000 SPI_CloseRx_ISR
     /tmp/ccMpXq91.s:5623   .text.SPI_RxISR_8BIT:00000000 $t
     /tmp/ccMpXq91.s:5685   .text.SPI_RxISR_16BIT:00000000 $t
     /tmp/ccMpXq91.s:5747   .text.SPI_CloseRxTx_ISR:00000000 $t
     /tmp/ccMpXq91.s:5752   .text.SPI_CloseRxTx_ISR:00000000 SPI_CloseRxTx_ISR
     /tmp/ccMpXq91.s:5842   .text.SPI_2linesTxISR_8BIT:00000000 $t
     /tmp/ccMpXq91.s:5948   .text.SPI_2linesRxISR_8BIT:00000000 $t
     /tmp/ccMpXq91.s:6066   .text.SPI_2linesTxISR_16BIT:00000000 $t
     /tmp/ccMpXq91.s:6139   .text.SPI_2linesRxISR_16BIT:00000000 $t
     /tmp/ccMpXq91.s:6212   .text.SPI_DMAError:00000000 $t
     /tmp/ccMpXq91.s:6256   .text.SPI_DMATransmitCplt:00000000 $t
     /tmp/ccMpXq91.s:6383   .text.SPI_DMAReceiveCplt:00000000 $t
     /tmp/ccMpXq91.s:6500   .text.SPI_DMATransmitReceiveCplt:00000000 $t
     /tmp/ccMpXq91.s:6600   .text.HAL_SPI_IRQHandler:00000000 $t
     /tmp/ccMpXq91.s:6606   .text.HAL_SPI_IRQHandler:00000000 HAL_SPI_IRQHandler
     /tmp/ccMpXq91.s:6878   .text.HAL_SPI_IRQHandler:00000120 $d
     /tmp/ccMpXq91.s:6888   .text.SPI_DMAAbortOnError:00000000 SPI_DMAAbortOnError
     /tmp/ccMpXq91.s:6883   .text.SPI_DMAAbortOnError:00000000 $t
ARM GAS  /tmp/ccMpXq91.s 			page 256


     /tmp/ccMpXq91.s:6921   .text.HAL_SPI_AbortCpltCallback:00000000 $t
     /tmp/ccMpXq91.s:6927   .text.HAL_SPI_AbortCpltCallback:00000000 HAL_SPI_AbortCpltCallback
     /tmp/ccMpXq91.s:6942   .text.HAL_SPI_Abort_IT:00000000 $t
     /tmp/ccMpXq91.s:6948   .text.HAL_SPI_Abort_IT:00000000 HAL_SPI_Abort_IT
     /tmp/ccMpXq91.s:7283   .text.HAL_SPI_Abort_IT:00000144 $d
     /tmp/ccMpXq91.s:7454   .text.SPI_DMATxAbortCallback:00000000 SPI_DMATxAbortCallback
     /tmp/ccMpXq91.s:7298   .text.SPI_DMARxAbortCallback:00000000 SPI_DMARxAbortCallback
     /tmp/ccMpXq91.s:7293   .text.SPI_DMARxAbortCallback:00000000 $t
     /tmp/ccMpXq91.s:7449   .text.SPI_DMATxAbortCallback:00000000 $t
     /tmp/ccMpXq91.s:7603   .text.HAL_SPI_GetState:00000000 $t
     /tmp/ccMpXq91.s:7609   .text.HAL_SPI_GetState:00000000 HAL_SPI_GetState
     /tmp/ccMpXq91.s:7627   .text.HAL_SPI_GetError:00000000 $t
     /tmp/ccMpXq91.s:7633   .text.HAL_SPI_GetError:00000000 HAL_SPI_GetError

UNDEFINED SYMBOLS
HAL_GetTick
SystemCoreClock
HAL_DMA_Start_IT
HAL_DMA_Abort
HAL_DMA_Abort_IT
