ARM GAS  /tmp/ccogJh6P.s 			page 1


   1              		.cpu cortex-m4
   2              		.arch armv7e-m
   3              		.fpu fpv4-sp-d16
   4              		.eabi_attribute 27, 1
   5              		.eabi_attribute 28, 1
   6              		.eabi_attribute 20, 1
   7              		.eabi_attribute 21, 1
   8              		.eabi_attribute 23, 3
   9              		.eabi_attribute 24, 1
  10              		.eabi_attribute 25, 1
  11              		.eabi_attribute 26, 1
  12              		.eabi_attribute 30, 1
  13              		.eabi_attribute 34, 1
  14              		.eabi_attribute 18, 4
  15              		.file	"stm32g4xx_hal_dma.c"
  16              		.text
  17              	.Ltext0:
  18              		.cfi_sections	.debug_frame
  19              		.file 1 "platform/HAL/src/stm32g4xx_hal_dma.c"
  20              		.section	.text.DMA_SetConfig,"ax",%progbits
  21              		.align	1
  22              		.syntax unified
  23              		.thumb
  24              		.thumb_func
  26              	DMA_SetConfig:
  27              	.LVL0:
  28              	.LFB341:
   1:platform/HAL/src/stm32g4xx_hal_dma.c **** /**
   2:platform/HAL/src/stm32g4xx_hal_dma.c ****   ******************************************************************************
   3:platform/HAL/src/stm32g4xx_hal_dma.c ****   * @file    stm32g4xx_hal_dma.c
   4:platform/HAL/src/stm32g4xx_hal_dma.c ****   * @author  MCD Application Team
   5:platform/HAL/src/stm32g4xx_hal_dma.c ****   * @brief   DMA HAL module driver.
   6:platform/HAL/src/stm32g4xx_hal_dma.c ****   *         This file provides firmware functions to manage the following
   7:platform/HAL/src/stm32g4xx_hal_dma.c ****   *         functionalities of the Direct Memory Access (DMA) peripheral:
   8:platform/HAL/src/stm32g4xx_hal_dma.c ****   *           + Initialization and de-initialization functions
   9:platform/HAL/src/stm32g4xx_hal_dma.c ****   *           + IO operation functions
  10:platform/HAL/src/stm32g4xx_hal_dma.c ****   *           + Peripheral State and errors functions
  11:platform/HAL/src/stm32g4xx_hal_dma.c ****   *
  12:platform/HAL/src/stm32g4xx_hal_dma.c ****   ******************************************************************************
  13:platform/HAL/src/stm32g4xx_hal_dma.c ****   * @attention
  14:platform/HAL/src/stm32g4xx_hal_dma.c ****   *
  15:platform/HAL/src/stm32g4xx_hal_dma.c ****   * Copyright (c) 2019 STMicroelectronics.
  16:platform/HAL/src/stm32g4xx_hal_dma.c ****   * All rights reserved.
  17:platform/HAL/src/stm32g4xx_hal_dma.c ****   *
  18:platform/HAL/src/stm32g4xx_hal_dma.c ****   * This software is licensed under terms that can be found in the LICENSE file
  19:platform/HAL/src/stm32g4xx_hal_dma.c ****   * in the root directory of this software component.
  20:platform/HAL/src/stm32g4xx_hal_dma.c ****   * If no LICENSE file comes with this software, it is provided AS-IS.
  21:platform/HAL/src/stm32g4xx_hal_dma.c ****   *
  22:platform/HAL/src/stm32g4xx_hal_dma.c ****   ******************************************************************************
  23:platform/HAL/src/stm32g4xx_hal_dma.c ****   @verbatim
  24:platform/HAL/src/stm32g4xx_hal_dma.c ****   ==============================================================================
  25:platform/HAL/src/stm32g4xx_hal_dma.c ****                         ##### How to use this driver #####
  26:platform/HAL/src/stm32g4xx_hal_dma.c ****   ==============================================================================
  27:platform/HAL/src/stm32g4xx_hal_dma.c ****   [..]
  28:platform/HAL/src/stm32g4xx_hal_dma.c ****    (#) Enable and configure the peripheral to be connected to the DMA Channel
  29:platform/HAL/src/stm32g4xx_hal_dma.c ****        (except for internal SRAM / FLASH memories: no initialization is
  30:platform/HAL/src/stm32g4xx_hal_dma.c ****        necessary). Please refer to the Reference manual for connection between peripherals
ARM GAS  /tmp/ccogJh6P.s 			page 2


  31:platform/HAL/src/stm32g4xx_hal_dma.c ****        and DMA requests.
  32:platform/HAL/src/stm32g4xx_hal_dma.c **** 
  33:platform/HAL/src/stm32g4xx_hal_dma.c ****    (#) For a given Channel, program the required configuration through the following parameters:
  34:platform/HAL/src/stm32g4xx_hal_dma.c ****        Channel request, Transfer Direction, Source and Destination data formats,
  35:platform/HAL/src/stm32g4xx_hal_dma.c ****        Circular or Normal mode, Channel Priority level, Source and Destination Increment mode
  36:platform/HAL/src/stm32g4xx_hal_dma.c ****        using HAL_DMA_Init() function.
  37:platform/HAL/src/stm32g4xx_hal_dma.c **** 
  38:platform/HAL/src/stm32g4xx_hal_dma.c ****        Prior to HAL_DMA_Init the peripheral clock shall be enabled for both DMA & DMAMUX
  39:platform/HAL/src/stm32g4xx_hal_dma.c ****        thanks to:
  40:platform/HAL/src/stm32g4xx_hal_dma.c ****       (##) DMA1 or DMA2: __HAL_RCC_DMA1_CLK_ENABLE() or  __HAL_RCC_DMA2_CLK_ENABLE() ;
  41:platform/HAL/src/stm32g4xx_hal_dma.c ****       (##) DMAMUX1:      __HAL_RCC_DMAMUX1_CLK_ENABLE();
  42:platform/HAL/src/stm32g4xx_hal_dma.c **** 
  43:platform/HAL/src/stm32g4xx_hal_dma.c ****    (#) Use HAL_DMA_GetState() function to return the DMA state and HAL_DMA_GetError() in case of er
  44:platform/HAL/src/stm32g4xx_hal_dma.c ****        detection.
  45:platform/HAL/src/stm32g4xx_hal_dma.c **** 
  46:platform/HAL/src/stm32g4xx_hal_dma.c ****    (#) Use HAL_DMA_Abort() function to abort the current transfer
  47:platform/HAL/src/stm32g4xx_hal_dma.c **** 
  48:platform/HAL/src/stm32g4xx_hal_dma.c ****      -@-   In Memory-to-Memory transfer mode, Circular mode is not allowed.
  49:platform/HAL/src/stm32g4xx_hal_dma.c **** 
  50:platform/HAL/src/stm32g4xx_hal_dma.c ****      *** Polling mode IO operation ***
  51:platform/HAL/src/stm32g4xx_hal_dma.c ****      =================================
  52:platform/HAL/src/stm32g4xx_hal_dma.c ****     [..]
  53:platform/HAL/src/stm32g4xx_hal_dma.c ****           (+) Use HAL_DMA_Start() to start DMA transfer after the configuration of Source
  54:platform/HAL/src/stm32g4xx_hal_dma.c ****               address and destination address and the Length of data to be transferred
  55:platform/HAL/src/stm32g4xx_hal_dma.c ****           (+) Use HAL_DMA_PollForTransfer() to poll for the end of current transfer, in this
  56:platform/HAL/src/stm32g4xx_hal_dma.c ****               case a fixed Timeout can be configured by User depending from his application.
  57:platform/HAL/src/stm32g4xx_hal_dma.c **** 
  58:platform/HAL/src/stm32g4xx_hal_dma.c ****      *** Interrupt mode IO operation ***
  59:platform/HAL/src/stm32g4xx_hal_dma.c ****      ===================================
  60:platform/HAL/src/stm32g4xx_hal_dma.c ****     [..]
  61:platform/HAL/src/stm32g4xx_hal_dma.c ****           (+) Configure the DMA interrupt priority using HAL_NVIC_SetPriority()
  62:platform/HAL/src/stm32g4xx_hal_dma.c ****           (+) Enable the DMA IRQ handler using HAL_NVIC_EnableIRQ()
  63:platform/HAL/src/stm32g4xx_hal_dma.c ****           (+) Use HAL_DMA_Start_IT() to start DMA transfer after the configuration of
  64:platform/HAL/src/stm32g4xx_hal_dma.c ****               Source address and destination address and the Length of data to be transferred.
  65:platform/HAL/src/stm32g4xx_hal_dma.c ****               In this case the DMA interrupt is configured
  66:platform/HAL/src/stm32g4xx_hal_dma.c ****           (+) Use HAL_DMA_IRQHandler() called under DMA_IRQHandler() Interrupt subroutine
  67:platform/HAL/src/stm32g4xx_hal_dma.c ****           (+) At the end of data transfer HAL_DMA_IRQHandler() function is executed and user can
  68:platform/HAL/src/stm32g4xx_hal_dma.c ****               add his own function to register callbacks with HAL_DMA_RegisterCallback().
  69:platform/HAL/src/stm32g4xx_hal_dma.c **** 
  70:platform/HAL/src/stm32g4xx_hal_dma.c ****      *** DMA HAL driver macros list ***
  71:platform/HAL/src/stm32g4xx_hal_dma.c ****      =============================================
  72:platform/HAL/src/stm32g4xx_hal_dma.c ****       [..]
  73:platform/HAL/src/stm32g4xx_hal_dma.c ****        Below the list of macros in DMA HAL driver.
  74:platform/HAL/src/stm32g4xx_hal_dma.c **** 
  75:platform/HAL/src/stm32g4xx_hal_dma.c ****        (+) __HAL_DMA_ENABLE: Enable the specified DMA Channel.
  76:platform/HAL/src/stm32g4xx_hal_dma.c ****        (+) __HAL_DMA_DISABLE: Disable the specified DMA Channel.
  77:platform/HAL/src/stm32g4xx_hal_dma.c ****        (+) __HAL_DMA_GET_FLAG: Get the DMA Channel pending flags.
  78:platform/HAL/src/stm32g4xx_hal_dma.c ****        (+) __HAL_DMA_CLEAR_FLAG: Clear the DMA Channel pending flags.
  79:platform/HAL/src/stm32g4xx_hal_dma.c ****        (+) __HAL_DMA_ENABLE_IT: Enable the specified DMA Channel interrupts.
  80:platform/HAL/src/stm32g4xx_hal_dma.c ****        (+) __HAL_DMA_DISABLE_IT: Disable the specified DMA Channel interrupts.
  81:platform/HAL/src/stm32g4xx_hal_dma.c ****        (+) __HAL_DMA_GET_IT_SOURCE: Check whether the specified DMA Channel interrupt has occurred 
  82:platform/HAL/src/stm32g4xx_hal_dma.c **** 
  83:platform/HAL/src/stm32g4xx_hal_dma.c ****      [..]
  84:platform/HAL/src/stm32g4xx_hal_dma.c ****       (@) You can refer to the DMA HAL driver header file for more useful macros
  85:platform/HAL/src/stm32g4xx_hal_dma.c **** 
  86:platform/HAL/src/stm32g4xx_hal_dma.c ****   @endverbatim
  87:platform/HAL/src/stm32g4xx_hal_dma.c ****   */
ARM GAS  /tmp/ccogJh6P.s 			page 3


  88:platform/HAL/src/stm32g4xx_hal_dma.c **** 
  89:platform/HAL/src/stm32g4xx_hal_dma.c **** /* Includes ------------------------------------------------------------------*/
  90:platform/HAL/src/stm32g4xx_hal_dma.c **** #include "stm32g4xx_hal.h"
  91:platform/HAL/src/stm32g4xx_hal_dma.c **** 
  92:platform/HAL/src/stm32g4xx_hal_dma.c **** /** @addtogroup STM32G4xx_HAL_Driver
  93:platform/HAL/src/stm32g4xx_hal_dma.c ****   * @{
  94:platform/HAL/src/stm32g4xx_hal_dma.c ****   */
  95:platform/HAL/src/stm32g4xx_hal_dma.c **** 
  96:platform/HAL/src/stm32g4xx_hal_dma.c **** /** @defgroup DMA DMA
  97:platform/HAL/src/stm32g4xx_hal_dma.c ****   * @brief DMA HAL module driver
  98:platform/HAL/src/stm32g4xx_hal_dma.c ****   * @{
  99:platform/HAL/src/stm32g4xx_hal_dma.c ****   */
 100:platform/HAL/src/stm32g4xx_hal_dma.c **** 
 101:platform/HAL/src/stm32g4xx_hal_dma.c **** #ifdef HAL_DMA_MODULE_ENABLED
 102:platform/HAL/src/stm32g4xx_hal_dma.c **** 
 103:platform/HAL/src/stm32g4xx_hal_dma.c **** /* Private typedef -----------------------------------------------------------*/
 104:platform/HAL/src/stm32g4xx_hal_dma.c **** /* Private define ------------------------------------------------------------*/
 105:platform/HAL/src/stm32g4xx_hal_dma.c **** /* Private macro -------------------------------------------------------------*/
 106:platform/HAL/src/stm32g4xx_hal_dma.c **** /* Private variables ---------------------------------------------------------*/
 107:platform/HAL/src/stm32g4xx_hal_dma.c **** /* Private function prototypes -----------------------------------------------*/
 108:platform/HAL/src/stm32g4xx_hal_dma.c **** /** @defgroup DMA_Private_Functions DMA Private Functions
 109:platform/HAL/src/stm32g4xx_hal_dma.c ****   * @{
 110:platform/HAL/src/stm32g4xx_hal_dma.c ****   */
 111:platform/HAL/src/stm32g4xx_hal_dma.c **** static void DMA_SetConfig(DMA_HandleTypeDef *hdma, uint32_t SrcAddress, uint32_t DstAddress, uint32
 112:platform/HAL/src/stm32g4xx_hal_dma.c **** 
 113:platform/HAL/src/stm32g4xx_hal_dma.c **** static void DMA_CalcDMAMUXChannelBaseAndMask(DMA_HandleTypeDef *hdma);
 114:platform/HAL/src/stm32g4xx_hal_dma.c **** static void DMA_CalcDMAMUXRequestGenBaseAndMask(DMA_HandleTypeDef *hdma);
 115:platform/HAL/src/stm32g4xx_hal_dma.c **** 
 116:platform/HAL/src/stm32g4xx_hal_dma.c **** /**
 117:platform/HAL/src/stm32g4xx_hal_dma.c ****   * @}
 118:platform/HAL/src/stm32g4xx_hal_dma.c ****   */
 119:platform/HAL/src/stm32g4xx_hal_dma.c **** 
 120:platform/HAL/src/stm32g4xx_hal_dma.c **** /* Exported functions ---------------------------------------------------------*/
 121:platform/HAL/src/stm32g4xx_hal_dma.c **** 
 122:platform/HAL/src/stm32g4xx_hal_dma.c **** /** @defgroup DMA_Exported_Functions DMA Exported Functions
 123:platform/HAL/src/stm32g4xx_hal_dma.c ****   * @{
 124:platform/HAL/src/stm32g4xx_hal_dma.c ****   */
 125:platform/HAL/src/stm32g4xx_hal_dma.c **** 
 126:platform/HAL/src/stm32g4xx_hal_dma.c **** /** @defgroup DMA_Exported_Functions_Group1 Initialization and de-initialization functions
 127:platform/HAL/src/stm32g4xx_hal_dma.c ****   *  @brief   Initialization and de-initialization functions
 128:platform/HAL/src/stm32g4xx_hal_dma.c ****   *
 129:platform/HAL/src/stm32g4xx_hal_dma.c **** @verbatim
 130:platform/HAL/src/stm32g4xx_hal_dma.c ****  ===============================================================================
 131:platform/HAL/src/stm32g4xx_hal_dma.c ****              ##### Initialization and de-initialization functions  #####
 132:platform/HAL/src/stm32g4xx_hal_dma.c ****  ===============================================================================
 133:platform/HAL/src/stm32g4xx_hal_dma.c ****     [..]
 134:platform/HAL/src/stm32g4xx_hal_dma.c ****     This section provides functions allowing to initialize the DMA Channel source
 135:platform/HAL/src/stm32g4xx_hal_dma.c ****     and destination addresses, incrementation and data sizes, transfer direction,
 136:platform/HAL/src/stm32g4xx_hal_dma.c ****     circular/normal mode selection, memory-to-memory mode selection and Channel priority value.
 137:platform/HAL/src/stm32g4xx_hal_dma.c ****     [..]
 138:platform/HAL/src/stm32g4xx_hal_dma.c ****     The HAL_DMA_Init() function follows the DMA configuration procedures as described in
 139:platform/HAL/src/stm32g4xx_hal_dma.c ****     reference manual.
 140:platform/HAL/src/stm32g4xx_hal_dma.c **** 
 141:platform/HAL/src/stm32g4xx_hal_dma.c **** @endverbatim
 142:platform/HAL/src/stm32g4xx_hal_dma.c ****   * @{
 143:platform/HAL/src/stm32g4xx_hal_dma.c ****   */
 144:platform/HAL/src/stm32g4xx_hal_dma.c **** 
ARM GAS  /tmp/ccogJh6P.s 			page 4


 145:platform/HAL/src/stm32g4xx_hal_dma.c **** /**
 146:platform/HAL/src/stm32g4xx_hal_dma.c ****   * @brief  Initialize the DMA according to the specified
 147:platform/HAL/src/stm32g4xx_hal_dma.c ****   *         parameters in the DMA_InitTypeDef and initialize the associated handle.
 148:platform/HAL/src/stm32g4xx_hal_dma.c ****   * @param  hdma Pointer to a DMA_HandleTypeDef structure that contains
 149:platform/HAL/src/stm32g4xx_hal_dma.c ****   *               the configuration information for the specified DMA Channel.
 150:platform/HAL/src/stm32g4xx_hal_dma.c ****   * @retval HAL status
 151:platform/HAL/src/stm32g4xx_hal_dma.c ****   */
 152:platform/HAL/src/stm32g4xx_hal_dma.c **** HAL_StatusTypeDef HAL_DMA_Init(DMA_HandleTypeDef *hdma)
 153:platform/HAL/src/stm32g4xx_hal_dma.c **** {
 154:platform/HAL/src/stm32g4xx_hal_dma.c ****   uint32_t tmp;
 155:platform/HAL/src/stm32g4xx_hal_dma.c **** 
 156:platform/HAL/src/stm32g4xx_hal_dma.c ****   /* Check the DMA handle allocation */
 157:platform/HAL/src/stm32g4xx_hal_dma.c ****   if (hdma == NULL)
 158:platform/HAL/src/stm32g4xx_hal_dma.c ****   {
 159:platform/HAL/src/stm32g4xx_hal_dma.c ****     return HAL_ERROR;
 160:platform/HAL/src/stm32g4xx_hal_dma.c ****   }
 161:platform/HAL/src/stm32g4xx_hal_dma.c **** 
 162:platform/HAL/src/stm32g4xx_hal_dma.c ****   /* Check the parameters */
 163:platform/HAL/src/stm32g4xx_hal_dma.c ****   assert_param(IS_DMA_ALL_INSTANCE(hdma->Instance));
 164:platform/HAL/src/stm32g4xx_hal_dma.c ****   assert_param(IS_DMA_DIRECTION(hdma->Init.Direction));
 165:platform/HAL/src/stm32g4xx_hal_dma.c ****   assert_param(IS_DMA_PERIPHERAL_INC_STATE(hdma->Init.PeriphInc));
 166:platform/HAL/src/stm32g4xx_hal_dma.c ****   assert_param(IS_DMA_MEMORY_INC_STATE(hdma->Init.MemInc));
 167:platform/HAL/src/stm32g4xx_hal_dma.c ****   assert_param(IS_DMA_PERIPHERAL_DATA_SIZE(hdma->Init.PeriphDataAlignment));
 168:platform/HAL/src/stm32g4xx_hal_dma.c ****   assert_param(IS_DMA_MEMORY_DATA_SIZE(hdma->Init.MemDataAlignment));
 169:platform/HAL/src/stm32g4xx_hal_dma.c ****   assert_param(IS_DMA_MODE(hdma->Init.Mode));
 170:platform/HAL/src/stm32g4xx_hal_dma.c ****   assert_param(IS_DMA_PRIORITY(hdma->Init.Priority));
 171:platform/HAL/src/stm32g4xx_hal_dma.c **** 
 172:platform/HAL/src/stm32g4xx_hal_dma.c ****   assert_param(IS_DMA_ALL_REQUEST(hdma->Init.Request));
 173:platform/HAL/src/stm32g4xx_hal_dma.c **** 
 174:platform/HAL/src/stm32g4xx_hal_dma.c ****   /* Compute the channel index */
 175:platform/HAL/src/stm32g4xx_hal_dma.c ****   if ((uint32_t)(hdma->Instance) < (uint32_t)(DMA2_Channel1))
 176:platform/HAL/src/stm32g4xx_hal_dma.c ****   {
 177:platform/HAL/src/stm32g4xx_hal_dma.c ****     /* DMA1 */
 178:platform/HAL/src/stm32g4xx_hal_dma.c ****     hdma->ChannelIndex = (((uint32_t)hdma->Instance - (uint32_t)DMA1_Channel1) / ((uint32_t)DMA1_Ch
 179:platform/HAL/src/stm32g4xx_hal_dma.c ****     hdma->DmaBaseAddress = DMA1;
 180:platform/HAL/src/stm32g4xx_hal_dma.c ****   }
 181:platform/HAL/src/stm32g4xx_hal_dma.c ****   else
 182:platform/HAL/src/stm32g4xx_hal_dma.c ****   {
 183:platform/HAL/src/stm32g4xx_hal_dma.c ****     /* DMA2 */
 184:platform/HAL/src/stm32g4xx_hal_dma.c ****     hdma->ChannelIndex = (((uint32_t)hdma->Instance - (uint32_t)DMA2_Channel1) / ((uint32_t)DMA2_Ch
 185:platform/HAL/src/stm32g4xx_hal_dma.c ****     hdma->DmaBaseAddress = DMA2;
 186:platform/HAL/src/stm32g4xx_hal_dma.c ****   }
 187:platform/HAL/src/stm32g4xx_hal_dma.c **** 
 188:platform/HAL/src/stm32g4xx_hal_dma.c ****   /* Change DMA peripheral state */
 189:platform/HAL/src/stm32g4xx_hal_dma.c ****   hdma->State = HAL_DMA_STATE_BUSY;
 190:platform/HAL/src/stm32g4xx_hal_dma.c **** 
 191:platform/HAL/src/stm32g4xx_hal_dma.c ****   /* Get the CR register value */
 192:platform/HAL/src/stm32g4xx_hal_dma.c ****   tmp = hdma->Instance->CCR;
 193:platform/HAL/src/stm32g4xx_hal_dma.c **** 
 194:platform/HAL/src/stm32g4xx_hal_dma.c ****   /* Clear PL, MSIZE, PSIZE, MINC, PINC, CIRC, DIR and MEM2MEM bits */
 195:platform/HAL/src/stm32g4xx_hal_dma.c ****   tmp &= ((uint32_t)~(DMA_CCR_PL    | DMA_CCR_MSIZE  | DMA_CCR_PSIZE  |
 196:platform/HAL/src/stm32g4xx_hal_dma.c ****                       DMA_CCR_MINC  | DMA_CCR_PINC   | DMA_CCR_CIRC   |
 197:platform/HAL/src/stm32g4xx_hal_dma.c ****                       DMA_CCR_DIR   | DMA_CCR_MEM2MEM));
 198:platform/HAL/src/stm32g4xx_hal_dma.c **** 
 199:platform/HAL/src/stm32g4xx_hal_dma.c ****   /* Prepare the DMA Channel configuration */
 200:platform/HAL/src/stm32g4xx_hal_dma.c ****   tmp |=  hdma->Init.Direction        |
 201:platform/HAL/src/stm32g4xx_hal_dma.c ****           hdma->Init.PeriphInc           | hdma->Init.MemInc           |
ARM GAS  /tmp/ccogJh6P.s 			page 5


 202:platform/HAL/src/stm32g4xx_hal_dma.c ****           hdma->Init.PeriphDataAlignment | hdma->Init.MemDataAlignment |
 203:platform/HAL/src/stm32g4xx_hal_dma.c ****           hdma->Init.Mode                | hdma->Init.Priority;
 204:platform/HAL/src/stm32g4xx_hal_dma.c **** 
 205:platform/HAL/src/stm32g4xx_hal_dma.c ****   /* Write to DMA Channel CR register */
 206:platform/HAL/src/stm32g4xx_hal_dma.c ****   hdma->Instance->CCR = tmp;
 207:platform/HAL/src/stm32g4xx_hal_dma.c **** 
 208:platform/HAL/src/stm32g4xx_hal_dma.c ****   /* Initialize parameters for DMAMUX channel :
 209:platform/HAL/src/stm32g4xx_hal_dma.c ****      DMAmuxChannel, DMAmuxChannelStatus and DMAmuxChannelStatusMask
 210:platform/HAL/src/stm32g4xx_hal_dma.c ****   */
 211:platform/HAL/src/stm32g4xx_hal_dma.c ****   DMA_CalcDMAMUXChannelBaseAndMask(hdma);
 212:platform/HAL/src/stm32g4xx_hal_dma.c **** 
 213:platform/HAL/src/stm32g4xx_hal_dma.c ****   if (hdma->Init.Direction == DMA_MEMORY_TO_MEMORY)
 214:platform/HAL/src/stm32g4xx_hal_dma.c ****   {
 215:platform/HAL/src/stm32g4xx_hal_dma.c ****     /* if memory to memory force the request to 0*/
 216:platform/HAL/src/stm32g4xx_hal_dma.c ****     hdma->Init.Request = DMA_REQUEST_MEM2MEM;
 217:platform/HAL/src/stm32g4xx_hal_dma.c ****   }
 218:platform/HAL/src/stm32g4xx_hal_dma.c **** 
 219:platform/HAL/src/stm32g4xx_hal_dma.c ****   /* Set peripheral request  to DMAMUX channel */
 220:platform/HAL/src/stm32g4xx_hal_dma.c ****   hdma->DMAmuxChannel->CCR = (hdma->Init.Request & DMAMUX_CxCR_DMAREQ_ID);
 221:platform/HAL/src/stm32g4xx_hal_dma.c **** 
 222:platform/HAL/src/stm32g4xx_hal_dma.c ****   /* Clear the DMAMUX synchro overrun flag */
 223:platform/HAL/src/stm32g4xx_hal_dma.c ****   hdma->DMAmuxChannelStatus->CFR = hdma->DMAmuxChannelStatusMask;
 224:platform/HAL/src/stm32g4xx_hal_dma.c **** 
 225:platform/HAL/src/stm32g4xx_hal_dma.c ****   if (((hdma->Init.Request >  0U) && (hdma->Init.Request <= DMA_REQUEST_GENERATOR3)))
 226:platform/HAL/src/stm32g4xx_hal_dma.c ****   {
 227:platform/HAL/src/stm32g4xx_hal_dma.c ****     /* Initialize parameters for DMAMUX request generator :
 228:platform/HAL/src/stm32g4xx_hal_dma.c ****        DMAmuxRequestGen, DMAmuxRequestGenStatus and DMAmuxRequestGenStatusMask
 229:platform/HAL/src/stm32g4xx_hal_dma.c ****     */
 230:platform/HAL/src/stm32g4xx_hal_dma.c ****     DMA_CalcDMAMUXRequestGenBaseAndMask(hdma);
 231:platform/HAL/src/stm32g4xx_hal_dma.c **** 
 232:platform/HAL/src/stm32g4xx_hal_dma.c ****     /* Reset the DMAMUX request generator register*/
 233:platform/HAL/src/stm32g4xx_hal_dma.c ****     hdma->DMAmuxRequestGen->RGCR = 0U;
 234:platform/HAL/src/stm32g4xx_hal_dma.c **** 
 235:platform/HAL/src/stm32g4xx_hal_dma.c ****     /* Clear the DMAMUX request generator overrun flag */
 236:platform/HAL/src/stm32g4xx_hal_dma.c ****     hdma->DMAmuxRequestGenStatus->RGCFR = hdma->DMAmuxRequestGenStatusMask;
 237:platform/HAL/src/stm32g4xx_hal_dma.c ****   }
 238:platform/HAL/src/stm32g4xx_hal_dma.c ****   else
 239:platform/HAL/src/stm32g4xx_hal_dma.c ****   {
 240:platform/HAL/src/stm32g4xx_hal_dma.c ****     hdma->DMAmuxRequestGen = 0U;
 241:platform/HAL/src/stm32g4xx_hal_dma.c ****     hdma->DMAmuxRequestGenStatus = 0U;
 242:platform/HAL/src/stm32g4xx_hal_dma.c ****     hdma->DMAmuxRequestGenStatusMask = 0U;
 243:platform/HAL/src/stm32g4xx_hal_dma.c ****   }
 244:platform/HAL/src/stm32g4xx_hal_dma.c **** 
 245:platform/HAL/src/stm32g4xx_hal_dma.c ****   /* Initialize the error code */
 246:platform/HAL/src/stm32g4xx_hal_dma.c ****   hdma->ErrorCode = HAL_DMA_ERROR_NONE;
 247:platform/HAL/src/stm32g4xx_hal_dma.c **** 
 248:platform/HAL/src/stm32g4xx_hal_dma.c ****   /* Initialize the DMA state*/
 249:platform/HAL/src/stm32g4xx_hal_dma.c ****   hdma->State  = HAL_DMA_STATE_READY;
 250:platform/HAL/src/stm32g4xx_hal_dma.c **** 
 251:platform/HAL/src/stm32g4xx_hal_dma.c ****   /* Allocate lock resource and initialize it */
 252:platform/HAL/src/stm32g4xx_hal_dma.c ****   hdma->Lock = HAL_UNLOCKED;
 253:platform/HAL/src/stm32g4xx_hal_dma.c **** 
 254:platform/HAL/src/stm32g4xx_hal_dma.c ****   return HAL_OK;
 255:platform/HAL/src/stm32g4xx_hal_dma.c **** }
 256:platform/HAL/src/stm32g4xx_hal_dma.c **** 
 257:platform/HAL/src/stm32g4xx_hal_dma.c **** /**
 258:platform/HAL/src/stm32g4xx_hal_dma.c ****   * @brief  DeInitialize the DMA peripheral.
ARM GAS  /tmp/ccogJh6P.s 			page 6


 259:platform/HAL/src/stm32g4xx_hal_dma.c ****   * @param  hdma pointer to a DMA_HandleTypeDef structure that contains
 260:platform/HAL/src/stm32g4xx_hal_dma.c ****   *               the configuration information for the specified DMA Channel.
 261:platform/HAL/src/stm32g4xx_hal_dma.c ****   * @retval HAL status
 262:platform/HAL/src/stm32g4xx_hal_dma.c ****   */
 263:platform/HAL/src/stm32g4xx_hal_dma.c **** HAL_StatusTypeDef HAL_DMA_DeInit(DMA_HandleTypeDef *hdma)
 264:platform/HAL/src/stm32g4xx_hal_dma.c **** {
 265:platform/HAL/src/stm32g4xx_hal_dma.c **** 
 266:platform/HAL/src/stm32g4xx_hal_dma.c ****   /* Check the DMA handle allocation */
 267:platform/HAL/src/stm32g4xx_hal_dma.c ****   if (NULL == hdma)
 268:platform/HAL/src/stm32g4xx_hal_dma.c ****   {
 269:platform/HAL/src/stm32g4xx_hal_dma.c ****     return HAL_ERROR;
 270:platform/HAL/src/stm32g4xx_hal_dma.c ****   }
 271:platform/HAL/src/stm32g4xx_hal_dma.c **** 
 272:platform/HAL/src/stm32g4xx_hal_dma.c ****   /* Check the parameters */
 273:platform/HAL/src/stm32g4xx_hal_dma.c ****   assert_param(IS_DMA_ALL_INSTANCE(hdma->Instance));
 274:platform/HAL/src/stm32g4xx_hal_dma.c **** 
 275:platform/HAL/src/stm32g4xx_hal_dma.c ****   /* Disable the selected DMA Channelx */
 276:platform/HAL/src/stm32g4xx_hal_dma.c ****   __HAL_DMA_DISABLE(hdma);
 277:platform/HAL/src/stm32g4xx_hal_dma.c **** 
 278:platform/HAL/src/stm32g4xx_hal_dma.c ****   /* Compute the channel index */
 279:platform/HAL/src/stm32g4xx_hal_dma.c ****   if ((uint32_t)(hdma->Instance) < (uint32_t)(DMA2_Channel1))
 280:platform/HAL/src/stm32g4xx_hal_dma.c ****   {
 281:platform/HAL/src/stm32g4xx_hal_dma.c ****     /* DMA1 */
 282:platform/HAL/src/stm32g4xx_hal_dma.c ****     hdma->ChannelIndex = (((uint32_t)hdma->Instance - (uint32_t)DMA1_Channel1) / ((uint32_t)DMA1_Ch
 283:platform/HAL/src/stm32g4xx_hal_dma.c ****     hdma->DmaBaseAddress = DMA1;
 284:platform/HAL/src/stm32g4xx_hal_dma.c ****   }
 285:platform/HAL/src/stm32g4xx_hal_dma.c ****   else
 286:platform/HAL/src/stm32g4xx_hal_dma.c ****   {
 287:platform/HAL/src/stm32g4xx_hal_dma.c ****     /* DMA2 */
 288:platform/HAL/src/stm32g4xx_hal_dma.c ****     hdma->ChannelIndex = (((uint32_t)hdma->Instance - (uint32_t)DMA2_Channel1) / ((uint32_t)DMA2_Ch
 289:platform/HAL/src/stm32g4xx_hal_dma.c ****     hdma->DmaBaseAddress = DMA2;
 290:platform/HAL/src/stm32g4xx_hal_dma.c ****   }
 291:platform/HAL/src/stm32g4xx_hal_dma.c **** 
 292:platform/HAL/src/stm32g4xx_hal_dma.c ****   /* Reset DMA Channel control register */
 293:platform/HAL/src/stm32g4xx_hal_dma.c ****   hdma->Instance->CCR  = 0;
 294:platform/HAL/src/stm32g4xx_hal_dma.c **** 
 295:platform/HAL/src/stm32g4xx_hal_dma.c ****   /* Clear all flags */
 296:platform/HAL/src/stm32g4xx_hal_dma.c ****   hdma->DmaBaseAddress->IFCR = (DMA_ISR_GIF1 << (hdma->ChannelIndex & 0x1FU));
 297:platform/HAL/src/stm32g4xx_hal_dma.c **** 
 298:platform/HAL/src/stm32g4xx_hal_dma.c ****   /* Initialize parameters for DMAMUX channel :
 299:platform/HAL/src/stm32g4xx_hal_dma.c ****      DMAmuxChannel, DMAmuxChannelStatus and DMAmuxChannelStatusMask */
 300:platform/HAL/src/stm32g4xx_hal_dma.c **** 
 301:platform/HAL/src/stm32g4xx_hal_dma.c ****   DMA_CalcDMAMUXChannelBaseAndMask(hdma);
 302:platform/HAL/src/stm32g4xx_hal_dma.c **** 
 303:platform/HAL/src/stm32g4xx_hal_dma.c ****   /* Reset the DMAMUX channel that corresponds to the DMA channel */
 304:platform/HAL/src/stm32g4xx_hal_dma.c ****   hdma->DMAmuxChannel->CCR = 0;
 305:platform/HAL/src/stm32g4xx_hal_dma.c **** 
 306:platform/HAL/src/stm32g4xx_hal_dma.c ****   /* Clear the DMAMUX synchro overrun flag */
 307:platform/HAL/src/stm32g4xx_hal_dma.c ****   hdma->DMAmuxChannelStatus->CFR = hdma->DMAmuxChannelStatusMask;
 308:platform/HAL/src/stm32g4xx_hal_dma.c **** 
 309:platform/HAL/src/stm32g4xx_hal_dma.c ****   /* Reset Request generator parameters if any */
 310:platform/HAL/src/stm32g4xx_hal_dma.c ****   if (((hdma->Init.Request >  0U) && (hdma->Init.Request <= DMA_REQUEST_GENERATOR3)))
 311:platform/HAL/src/stm32g4xx_hal_dma.c ****   {
 312:platform/HAL/src/stm32g4xx_hal_dma.c ****     /* Initialize parameters for DMAMUX request generator :
 313:platform/HAL/src/stm32g4xx_hal_dma.c ****        DMAmuxRequestGen, DMAmuxRequestGenStatus and DMAmuxRequestGenStatusMask
 314:platform/HAL/src/stm32g4xx_hal_dma.c ****     */
 315:platform/HAL/src/stm32g4xx_hal_dma.c ****     DMA_CalcDMAMUXRequestGenBaseAndMask(hdma);
ARM GAS  /tmp/ccogJh6P.s 			page 7


 316:platform/HAL/src/stm32g4xx_hal_dma.c **** 
 317:platform/HAL/src/stm32g4xx_hal_dma.c ****     /* Reset the DMAMUX request generator register*/
 318:platform/HAL/src/stm32g4xx_hal_dma.c ****     hdma->DMAmuxRequestGen->RGCR = 0U;
 319:platform/HAL/src/stm32g4xx_hal_dma.c **** 
 320:platform/HAL/src/stm32g4xx_hal_dma.c ****     /* Clear the DMAMUX request generator overrun flag */
 321:platform/HAL/src/stm32g4xx_hal_dma.c ****     hdma->DMAmuxRequestGenStatus->RGCFR = hdma->DMAmuxRequestGenStatusMask;
 322:platform/HAL/src/stm32g4xx_hal_dma.c ****   }
 323:platform/HAL/src/stm32g4xx_hal_dma.c **** 
 324:platform/HAL/src/stm32g4xx_hal_dma.c ****   hdma->DMAmuxRequestGen = 0U;
 325:platform/HAL/src/stm32g4xx_hal_dma.c ****   hdma->DMAmuxRequestGenStatus = 0U;
 326:platform/HAL/src/stm32g4xx_hal_dma.c ****   hdma->DMAmuxRequestGenStatusMask = 0U;
 327:platform/HAL/src/stm32g4xx_hal_dma.c **** 
 328:platform/HAL/src/stm32g4xx_hal_dma.c ****   /* Clean callbacks */
 329:platform/HAL/src/stm32g4xx_hal_dma.c ****   hdma->XferCpltCallback = NULL;
 330:platform/HAL/src/stm32g4xx_hal_dma.c ****   hdma->XferHalfCpltCallback = NULL;
 331:platform/HAL/src/stm32g4xx_hal_dma.c ****   hdma->XferErrorCallback = NULL;
 332:platform/HAL/src/stm32g4xx_hal_dma.c ****   hdma->XferAbortCallback = NULL;
 333:platform/HAL/src/stm32g4xx_hal_dma.c **** 
 334:platform/HAL/src/stm32g4xx_hal_dma.c ****   /* Initialize the error code */
 335:platform/HAL/src/stm32g4xx_hal_dma.c ****   hdma->ErrorCode = HAL_DMA_ERROR_NONE;
 336:platform/HAL/src/stm32g4xx_hal_dma.c **** 
 337:platform/HAL/src/stm32g4xx_hal_dma.c ****   /* Initialize the DMA state */
 338:platform/HAL/src/stm32g4xx_hal_dma.c ****   hdma->State = HAL_DMA_STATE_RESET;
 339:platform/HAL/src/stm32g4xx_hal_dma.c **** 
 340:platform/HAL/src/stm32g4xx_hal_dma.c ****   /* Release Lock */
 341:platform/HAL/src/stm32g4xx_hal_dma.c ****   __HAL_UNLOCK(hdma);
 342:platform/HAL/src/stm32g4xx_hal_dma.c **** 
 343:platform/HAL/src/stm32g4xx_hal_dma.c ****   return HAL_OK;
 344:platform/HAL/src/stm32g4xx_hal_dma.c **** }
 345:platform/HAL/src/stm32g4xx_hal_dma.c **** 
 346:platform/HAL/src/stm32g4xx_hal_dma.c **** /**
 347:platform/HAL/src/stm32g4xx_hal_dma.c ****   * @}
 348:platform/HAL/src/stm32g4xx_hal_dma.c ****   */
 349:platform/HAL/src/stm32g4xx_hal_dma.c **** 
 350:platform/HAL/src/stm32g4xx_hal_dma.c **** /** @defgroup DMA_Exported_Functions_Group2 Input and Output operation functions
 351:platform/HAL/src/stm32g4xx_hal_dma.c ****   *  @brief   Input and Output operation functions
 352:platform/HAL/src/stm32g4xx_hal_dma.c ****   *
 353:platform/HAL/src/stm32g4xx_hal_dma.c **** @verbatim
 354:platform/HAL/src/stm32g4xx_hal_dma.c ****  ===============================================================================
 355:platform/HAL/src/stm32g4xx_hal_dma.c ****                       #####  IO operation functions  #####
 356:platform/HAL/src/stm32g4xx_hal_dma.c ****  ===============================================================================
 357:platform/HAL/src/stm32g4xx_hal_dma.c ****     [..]  This section provides functions allowing to:
 358:platform/HAL/src/stm32g4xx_hal_dma.c ****       (+) Configure the source, destination address and data length and Start DMA transfer
 359:platform/HAL/src/stm32g4xx_hal_dma.c ****       (+) Configure the source, destination address and data length and
 360:platform/HAL/src/stm32g4xx_hal_dma.c ****           Start DMA transfer with interrupt
 361:platform/HAL/src/stm32g4xx_hal_dma.c ****       (+) Abort DMA transfer
 362:platform/HAL/src/stm32g4xx_hal_dma.c ****       (+) Poll for transfer complete
 363:platform/HAL/src/stm32g4xx_hal_dma.c ****       (+) Handle DMA interrupt request
 364:platform/HAL/src/stm32g4xx_hal_dma.c **** 
 365:platform/HAL/src/stm32g4xx_hal_dma.c **** @endverbatim
 366:platform/HAL/src/stm32g4xx_hal_dma.c ****   * @{
 367:platform/HAL/src/stm32g4xx_hal_dma.c ****   */
 368:platform/HAL/src/stm32g4xx_hal_dma.c **** 
 369:platform/HAL/src/stm32g4xx_hal_dma.c **** /**
 370:platform/HAL/src/stm32g4xx_hal_dma.c ****   * @brief  Start the DMA Transfer.
 371:platform/HAL/src/stm32g4xx_hal_dma.c ****   * @param  hdma pointer to a DMA_HandleTypeDef structure that contains
 372:platform/HAL/src/stm32g4xx_hal_dma.c ****   *               the configuration information for the specified DMA Channel.
ARM GAS  /tmp/ccogJh6P.s 			page 8


 373:platform/HAL/src/stm32g4xx_hal_dma.c ****   * @param  SrcAddress The source memory Buffer address
 374:platform/HAL/src/stm32g4xx_hal_dma.c ****   * @param  DstAddress The destination memory Buffer address
 375:platform/HAL/src/stm32g4xx_hal_dma.c ****   * @param  DataLength The length of data to be transferred from source to destination (up to 256Kb
 376:platform/HAL/src/stm32g4xx_hal_dma.c ****   * @retval HAL status
 377:platform/HAL/src/stm32g4xx_hal_dma.c ****   */
 378:platform/HAL/src/stm32g4xx_hal_dma.c **** HAL_StatusTypeDef HAL_DMA_Start(DMA_HandleTypeDef *hdma, uint32_t SrcAddress, uint32_t DstAddress, 
 379:platform/HAL/src/stm32g4xx_hal_dma.c **** {
 380:platform/HAL/src/stm32g4xx_hal_dma.c ****   HAL_StatusTypeDef status = HAL_OK;
 381:platform/HAL/src/stm32g4xx_hal_dma.c **** 
 382:platform/HAL/src/stm32g4xx_hal_dma.c ****   /* Check the parameters */
 383:platform/HAL/src/stm32g4xx_hal_dma.c ****   assert_param(IS_DMA_BUFFER_SIZE(DataLength));
 384:platform/HAL/src/stm32g4xx_hal_dma.c **** 
 385:platform/HAL/src/stm32g4xx_hal_dma.c ****   /* Process locked */
 386:platform/HAL/src/stm32g4xx_hal_dma.c ****   __HAL_LOCK(hdma);
 387:platform/HAL/src/stm32g4xx_hal_dma.c **** 
 388:platform/HAL/src/stm32g4xx_hal_dma.c ****   if (HAL_DMA_STATE_READY == hdma->State)
 389:platform/HAL/src/stm32g4xx_hal_dma.c ****   {
 390:platform/HAL/src/stm32g4xx_hal_dma.c ****     /* Change DMA peripheral state */
 391:platform/HAL/src/stm32g4xx_hal_dma.c ****     hdma->State = HAL_DMA_STATE_BUSY;
 392:platform/HAL/src/stm32g4xx_hal_dma.c ****     hdma->ErrorCode = HAL_DMA_ERROR_NONE;
 393:platform/HAL/src/stm32g4xx_hal_dma.c **** 
 394:platform/HAL/src/stm32g4xx_hal_dma.c ****     /* Disable the peripheral */
 395:platform/HAL/src/stm32g4xx_hal_dma.c ****     __HAL_DMA_DISABLE(hdma);
 396:platform/HAL/src/stm32g4xx_hal_dma.c **** 
 397:platform/HAL/src/stm32g4xx_hal_dma.c ****     /* Configure the source, destination address and the data length & clear flags*/
 398:platform/HAL/src/stm32g4xx_hal_dma.c ****     DMA_SetConfig(hdma, SrcAddress, DstAddress, DataLength);
 399:platform/HAL/src/stm32g4xx_hal_dma.c **** 
 400:platform/HAL/src/stm32g4xx_hal_dma.c ****     /* Enable the Peripheral */
 401:platform/HAL/src/stm32g4xx_hal_dma.c ****     __HAL_DMA_ENABLE(hdma);
 402:platform/HAL/src/stm32g4xx_hal_dma.c ****   }
 403:platform/HAL/src/stm32g4xx_hal_dma.c ****   else
 404:platform/HAL/src/stm32g4xx_hal_dma.c ****   {
 405:platform/HAL/src/stm32g4xx_hal_dma.c ****     /* Process Unlocked */
 406:platform/HAL/src/stm32g4xx_hal_dma.c ****     __HAL_UNLOCK(hdma);
 407:platform/HAL/src/stm32g4xx_hal_dma.c ****     status = HAL_BUSY;
 408:platform/HAL/src/stm32g4xx_hal_dma.c ****   }
 409:platform/HAL/src/stm32g4xx_hal_dma.c ****   return status;
 410:platform/HAL/src/stm32g4xx_hal_dma.c **** }
 411:platform/HAL/src/stm32g4xx_hal_dma.c **** 
 412:platform/HAL/src/stm32g4xx_hal_dma.c **** /**
 413:platform/HAL/src/stm32g4xx_hal_dma.c ****   * @brief  Start the DMA Transfer with interrupt enabled.
 414:platform/HAL/src/stm32g4xx_hal_dma.c ****   * @param  hdma pointer to a DMA_HandleTypeDef structure that contains
 415:platform/HAL/src/stm32g4xx_hal_dma.c ****   *               the configuration information for the specified DMA Channel.
 416:platform/HAL/src/stm32g4xx_hal_dma.c ****   * @param  SrcAddress The source memory Buffer address
 417:platform/HAL/src/stm32g4xx_hal_dma.c ****   * @param  DstAddress The destination memory Buffer address
 418:platform/HAL/src/stm32g4xx_hal_dma.c ****   * @param  DataLength The length of data to be transferred from source to destination (up to 256Kb
 419:platform/HAL/src/stm32g4xx_hal_dma.c ****   * @retval HAL status
 420:platform/HAL/src/stm32g4xx_hal_dma.c ****   */
 421:platform/HAL/src/stm32g4xx_hal_dma.c **** HAL_StatusTypeDef HAL_DMA_Start_IT(DMA_HandleTypeDef *hdma, uint32_t SrcAddress, uint32_t DstAddres
 422:platform/HAL/src/stm32g4xx_hal_dma.c ****                                    uint32_t DataLength)
 423:platform/HAL/src/stm32g4xx_hal_dma.c **** {
 424:platform/HAL/src/stm32g4xx_hal_dma.c ****   HAL_StatusTypeDef status = HAL_OK;
 425:platform/HAL/src/stm32g4xx_hal_dma.c **** 
 426:platform/HAL/src/stm32g4xx_hal_dma.c ****   /* Check the parameters */
 427:platform/HAL/src/stm32g4xx_hal_dma.c ****   assert_param(IS_DMA_BUFFER_SIZE(DataLength));
 428:platform/HAL/src/stm32g4xx_hal_dma.c **** 
 429:platform/HAL/src/stm32g4xx_hal_dma.c ****   /* Process locked */
ARM GAS  /tmp/ccogJh6P.s 			page 9


 430:platform/HAL/src/stm32g4xx_hal_dma.c ****   __HAL_LOCK(hdma);
 431:platform/HAL/src/stm32g4xx_hal_dma.c **** 
 432:platform/HAL/src/stm32g4xx_hal_dma.c ****   if (HAL_DMA_STATE_READY == hdma->State)
 433:platform/HAL/src/stm32g4xx_hal_dma.c ****   {
 434:platform/HAL/src/stm32g4xx_hal_dma.c ****     /* Change DMA peripheral state */
 435:platform/HAL/src/stm32g4xx_hal_dma.c ****     hdma->State = HAL_DMA_STATE_BUSY;
 436:platform/HAL/src/stm32g4xx_hal_dma.c ****     hdma->ErrorCode = HAL_DMA_ERROR_NONE;
 437:platform/HAL/src/stm32g4xx_hal_dma.c **** 
 438:platform/HAL/src/stm32g4xx_hal_dma.c ****     /* Disable the peripheral */
 439:platform/HAL/src/stm32g4xx_hal_dma.c ****     __HAL_DMA_DISABLE(hdma);
 440:platform/HAL/src/stm32g4xx_hal_dma.c **** 
 441:platform/HAL/src/stm32g4xx_hal_dma.c ****     /* Configure the source, destination address and the data length & clear flags*/
 442:platform/HAL/src/stm32g4xx_hal_dma.c ****     DMA_SetConfig(hdma, SrcAddress, DstAddress, DataLength);
 443:platform/HAL/src/stm32g4xx_hal_dma.c **** 
 444:platform/HAL/src/stm32g4xx_hal_dma.c ****     /* Enable the transfer complete interrupt */
 445:platform/HAL/src/stm32g4xx_hal_dma.c ****     /* Enable the transfer Error interrupt */
 446:platform/HAL/src/stm32g4xx_hal_dma.c ****     if (NULL != hdma->XferHalfCpltCallback)
 447:platform/HAL/src/stm32g4xx_hal_dma.c ****     {
 448:platform/HAL/src/stm32g4xx_hal_dma.c ****       /* Enable the Half transfer complete interrupt as well */
 449:platform/HAL/src/stm32g4xx_hal_dma.c ****       __HAL_DMA_ENABLE_IT(hdma, (DMA_IT_TC | DMA_IT_HT | DMA_IT_TE));
 450:platform/HAL/src/stm32g4xx_hal_dma.c ****     }
 451:platform/HAL/src/stm32g4xx_hal_dma.c ****     else
 452:platform/HAL/src/stm32g4xx_hal_dma.c ****     {
 453:platform/HAL/src/stm32g4xx_hal_dma.c ****       __HAL_DMA_DISABLE_IT(hdma, DMA_IT_HT);
 454:platform/HAL/src/stm32g4xx_hal_dma.c ****       __HAL_DMA_ENABLE_IT(hdma, (DMA_IT_TC | DMA_IT_TE));
 455:platform/HAL/src/stm32g4xx_hal_dma.c ****     }
 456:platform/HAL/src/stm32g4xx_hal_dma.c **** 
 457:platform/HAL/src/stm32g4xx_hal_dma.c ****     /* Check if DMAMUX Synchronization is enabled*/
 458:platform/HAL/src/stm32g4xx_hal_dma.c ****     if ((hdma->DMAmuxChannel->CCR & DMAMUX_CxCR_SE) != 0U)
 459:platform/HAL/src/stm32g4xx_hal_dma.c ****     {
 460:platform/HAL/src/stm32g4xx_hal_dma.c ****       /* Enable DMAMUX sync overrun IT*/
 461:platform/HAL/src/stm32g4xx_hal_dma.c ****       hdma->DMAmuxChannel->CCR |= DMAMUX_CxCR_SOIE;
 462:platform/HAL/src/stm32g4xx_hal_dma.c ****     }
 463:platform/HAL/src/stm32g4xx_hal_dma.c **** 
 464:platform/HAL/src/stm32g4xx_hal_dma.c ****     if (hdma->DMAmuxRequestGen != 0U)
 465:platform/HAL/src/stm32g4xx_hal_dma.c ****     {
 466:platform/HAL/src/stm32g4xx_hal_dma.c ****       /* if using DMAMUX request generator, enable the DMAMUX request generator overrun IT*/
 467:platform/HAL/src/stm32g4xx_hal_dma.c ****       /* enable the request gen overrun IT*/
 468:platform/HAL/src/stm32g4xx_hal_dma.c ****       hdma->DMAmuxRequestGen->RGCR |= DMAMUX_RGxCR_OIE;
 469:platform/HAL/src/stm32g4xx_hal_dma.c ****     }
 470:platform/HAL/src/stm32g4xx_hal_dma.c **** 
 471:platform/HAL/src/stm32g4xx_hal_dma.c ****     /* Enable the Peripheral */
 472:platform/HAL/src/stm32g4xx_hal_dma.c ****     __HAL_DMA_ENABLE(hdma);
 473:platform/HAL/src/stm32g4xx_hal_dma.c ****   }
 474:platform/HAL/src/stm32g4xx_hal_dma.c ****   else
 475:platform/HAL/src/stm32g4xx_hal_dma.c ****   {
 476:platform/HAL/src/stm32g4xx_hal_dma.c ****     /* Process Unlocked */
 477:platform/HAL/src/stm32g4xx_hal_dma.c ****     __HAL_UNLOCK(hdma);
 478:platform/HAL/src/stm32g4xx_hal_dma.c **** 
 479:platform/HAL/src/stm32g4xx_hal_dma.c ****     /* Remain BUSY */
 480:platform/HAL/src/stm32g4xx_hal_dma.c ****     status = HAL_BUSY;
 481:platform/HAL/src/stm32g4xx_hal_dma.c ****   }
 482:platform/HAL/src/stm32g4xx_hal_dma.c ****   return status;
 483:platform/HAL/src/stm32g4xx_hal_dma.c **** }
 484:platform/HAL/src/stm32g4xx_hal_dma.c **** 
 485:platform/HAL/src/stm32g4xx_hal_dma.c **** /**
 486:platform/HAL/src/stm32g4xx_hal_dma.c ****   * @brief  Abort the DMA Transfer.
ARM GAS  /tmp/ccogJh6P.s 			page 10


 487:platform/HAL/src/stm32g4xx_hal_dma.c ****   * @param  hdma pointer to a DMA_HandleTypeDef structure that contains
 488:platform/HAL/src/stm32g4xx_hal_dma.c ****   *               the configuration information for the specified DMA Channel.
 489:platform/HAL/src/stm32g4xx_hal_dma.c ****     * @retval HAL status
 490:platform/HAL/src/stm32g4xx_hal_dma.c ****   */
 491:platform/HAL/src/stm32g4xx_hal_dma.c **** HAL_StatusTypeDef HAL_DMA_Abort(DMA_HandleTypeDef *hdma)
 492:platform/HAL/src/stm32g4xx_hal_dma.c **** {
 493:platform/HAL/src/stm32g4xx_hal_dma.c ****   HAL_StatusTypeDef status = HAL_OK;
 494:platform/HAL/src/stm32g4xx_hal_dma.c **** 
 495:platform/HAL/src/stm32g4xx_hal_dma.c ****   if(hdma->State != HAL_DMA_STATE_BUSY)
 496:platform/HAL/src/stm32g4xx_hal_dma.c ****   {
 497:platform/HAL/src/stm32g4xx_hal_dma.c ****     /* no transfer ongoing */
 498:platform/HAL/src/stm32g4xx_hal_dma.c ****     hdma->ErrorCode = HAL_DMA_ERROR_NO_XFER;
 499:platform/HAL/src/stm32g4xx_hal_dma.c **** 
 500:platform/HAL/src/stm32g4xx_hal_dma.c ****     status = HAL_ERROR;
 501:platform/HAL/src/stm32g4xx_hal_dma.c ****   }
 502:platform/HAL/src/stm32g4xx_hal_dma.c ****   else
 503:platform/HAL/src/stm32g4xx_hal_dma.c ****   {
 504:platform/HAL/src/stm32g4xx_hal_dma.c ****      /* Disable DMA IT */
 505:platform/HAL/src/stm32g4xx_hal_dma.c ****      __HAL_DMA_DISABLE_IT(hdma, (DMA_IT_TC | DMA_IT_HT | DMA_IT_TE));
 506:platform/HAL/src/stm32g4xx_hal_dma.c ****      
 507:platform/HAL/src/stm32g4xx_hal_dma.c ****      /* disable the DMAMUX sync overrun IT*/
 508:platform/HAL/src/stm32g4xx_hal_dma.c ****      hdma->DMAmuxChannel->CCR &= ~DMAMUX_CxCR_SOIE;
 509:platform/HAL/src/stm32g4xx_hal_dma.c ****      
 510:platform/HAL/src/stm32g4xx_hal_dma.c ****      /* Disable the channel */
 511:platform/HAL/src/stm32g4xx_hal_dma.c ****      __HAL_DMA_DISABLE(hdma);
 512:platform/HAL/src/stm32g4xx_hal_dma.c ****      
 513:platform/HAL/src/stm32g4xx_hal_dma.c ****      /* Clear all flags */
 514:platform/HAL/src/stm32g4xx_hal_dma.c ****      hdma->DmaBaseAddress->IFCR = (DMA_ISR_GIF1 << (hdma->ChannelIndex & 0x1FU));
 515:platform/HAL/src/stm32g4xx_hal_dma.c ****      
 516:platform/HAL/src/stm32g4xx_hal_dma.c ****      /* Clear the DMAMUX synchro overrun flag */
 517:platform/HAL/src/stm32g4xx_hal_dma.c ****      hdma->DMAmuxChannelStatus->CFR = hdma->DMAmuxChannelStatusMask;
 518:platform/HAL/src/stm32g4xx_hal_dma.c ****      
 519:platform/HAL/src/stm32g4xx_hal_dma.c ****      if (hdma->DMAmuxRequestGen != 0U)
 520:platform/HAL/src/stm32g4xx_hal_dma.c ****      {
 521:platform/HAL/src/stm32g4xx_hal_dma.c ****        /* if using DMAMUX request generator, disable the DMAMUX request generator overrun IT*/
 522:platform/HAL/src/stm32g4xx_hal_dma.c ****        /* disable the request gen overrun IT*/
 523:platform/HAL/src/stm32g4xx_hal_dma.c ****        hdma->DMAmuxRequestGen->RGCR &= ~DMAMUX_RGxCR_OIE;
 524:platform/HAL/src/stm32g4xx_hal_dma.c ****      
 525:platform/HAL/src/stm32g4xx_hal_dma.c ****        /* Clear the DMAMUX request generator overrun flag */
 526:platform/HAL/src/stm32g4xx_hal_dma.c ****        hdma->DMAmuxRequestGenStatus->RGCFR = hdma->DMAmuxRequestGenStatusMask;
 527:platform/HAL/src/stm32g4xx_hal_dma.c ****      }
 528:platform/HAL/src/stm32g4xx_hal_dma.c ****   }  
 529:platform/HAL/src/stm32g4xx_hal_dma.c ****   /* Change the DMA state */
 530:platform/HAL/src/stm32g4xx_hal_dma.c ****   hdma->State = HAL_DMA_STATE_READY;
 531:platform/HAL/src/stm32g4xx_hal_dma.c **** 
 532:platform/HAL/src/stm32g4xx_hal_dma.c ****   /* Process Unlocked */
 533:platform/HAL/src/stm32g4xx_hal_dma.c ****   __HAL_UNLOCK(hdma);
 534:platform/HAL/src/stm32g4xx_hal_dma.c **** 
 535:platform/HAL/src/stm32g4xx_hal_dma.c ****   return status;
 536:platform/HAL/src/stm32g4xx_hal_dma.c **** }
 537:platform/HAL/src/stm32g4xx_hal_dma.c **** 
 538:platform/HAL/src/stm32g4xx_hal_dma.c **** /**
 539:platform/HAL/src/stm32g4xx_hal_dma.c ****   * @brief  Aborts the DMA Transfer in Interrupt mode.
 540:platform/HAL/src/stm32g4xx_hal_dma.c ****   * @param  hdma pointer to a DMA_HandleTypeDef structure that contains
 541:platform/HAL/src/stm32g4xx_hal_dma.c ****   *              the configuration information for the specified DMA Channel.
 542:platform/HAL/src/stm32g4xx_hal_dma.c ****   * @retval HAL status
 543:platform/HAL/src/stm32g4xx_hal_dma.c ****   */
ARM GAS  /tmp/ccogJh6P.s 			page 11


 544:platform/HAL/src/stm32g4xx_hal_dma.c **** HAL_StatusTypeDef HAL_DMA_Abort_IT(DMA_HandleTypeDef *hdma)
 545:platform/HAL/src/stm32g4xx_hal_dma.c **** {
 546:platform/HAL/src/stm32g4xx_hal_dma.c ****   HAL_StatusTypeDef status = HAL_OK;
 547:platform/HAL/src/stm32g4xx_hal_dma.c **** 
 548:platform/HAL/src/stm32g4xx_hal_dma.c ****   if (HAL_DMA_STATE_BUSY != hdma->State)
 549:platform/HAL/src/stm32g4xx_hal_dma.c ****   {
 550:platform/HAL/src/stm32g4xx_hal_dma.c ****     /* no transfer ongoing */
 551:platform/HAL/src/stm32g4xx_hal_dma.c ****     hdma->ErrorCode = HAL_DMA_ERROR_NO_XFER;
 552:platform/HAL/src/stm32g4xx_hal_dma.c **** 
 553:platform/HAL/src/stm32g4xx_hal_dma.c ****     /* Change the DMA state */
 554:platform/HAL/src/stm32g4xx_hal_dma.c ****     hdma->State = HAL_DMA_STATE_READY;
 555:platform/HAL/src/stm32g4xx_hal_dma.c **** 
 556:platform/HAL/src/stm32g4xx_hal_dma.c ****     /* Process Unlocked */
 557:platform/HAL/src/stm32g4xx_hal_dma.c ****     __HAL_UNLOCK(hdma);
 558:platform/HAL/src/stm32g4xx_hal_dma.c **** 
 559:platform/HAL/src/stm32g4xx_hal_dma.c ****     status = HAL_ERROR;
 560:platform/HAL/src/stm32g4xx_hal_dma.c ****   }
 561:platform/HAL/src/stm32g4xx_hal_dma.c ****   else
 562:platform/HAL/src/stm32g4xx_hal_dma.c ****   {
 563:platform/HAL/src/stm32g4xx_hal_dma.c ****     /* Disable DMA IT */
 564:platform/HAL/src/stm32g4xx_hal_dma.c ****     __HAL_DMA_DISABLE_IT(hdma, (DMA_IT_TC | DMA_IT_HT | DMA_IT_TE));
 565:platform/HAL/src/stm32g4xx_hal_dma.c **** 
 566:platform/HAL/src/stm32g4xx_hal_dma.c ****     /* Disable the channel */
 567:platform/HAL/src/stm32g4xx_hal_dma.c ****     __HAL_DMA_DISABLE(hdma);
 568:platform/HAL/src/stm32g4xx_hal_dma.c **** 
 569:platform/HAL/src/stm32g4xx_hal_dma.c ****     /* disable the DMAMUX sync overrun IT*/
 570:platform/HAL/src/stm32g4xx_hal_dma.c ****     hdma->DMAmuxChannel->CCR &= ~DMAMUX_CxCR_SOIE;
 571:platform/HAL/src/stm32g4xx_hal_dma.c **** 
 572:platform/HAL/src/stm32g4xx_hal_dma.c ****     /* Clear all flags */
 573:platform/HAL/src/stm32g4xx_hal_dma.c ****     hdma->DmaBaseAddress->IFCR = (DMA_ISR_GIF1 << (hdma->ChannelIndex & 0x1FU));
 574:platform/HAL/src/stm32g4xx_hal_dma.c **** 
 575:platform/HAL/src/stm32g4xx_hal_dma.c ****     /* Clear the DMAMUX synchro overrun flag */
 576:platform/HAL/src/stm32g4xx_hal_dma.c ****     hdma->DMAmuxChannelStatus->CFR = hdma->DMAmuxChannelStatusMask;
 577:platform/HAL/src/stm32g4xx_hal_dma.c **** 
 578:platform/HAL/src/stm32g4xx_hal_dma.c ****     if (hdma->DMAmuxRequestGen != 0U)
 579:platform/HAL/src/stm32g4xx_hal_dma.c ****     {
 580:platform/HAL/src/stm32g4xx_hal_dma.c ****       /* if using DMAMUX request generator, disable the DMAMUX request generator overrun IT*/
 581:platform/HAL/src/stm32g4xx_hal_dma.c ****       /* disable the request gen overrun IT*/
 582:platform/HAL/src/stm32g4xx_hal_dma.c ****       hdma->DMAmuxRequestGen->RGCR &= ~DMAMUX_RGxCR_OIE;
 583:platform/HAL/src/stm32g4xx_hal_dma.c **** 
 584:platform/HAL/src/stm32g4xx_hal_dma.c ****       /* Clear the DMAMUX request generator overrun flag */
 585:platform/HAL/src/stm32g4xx_hal_dma.c ****       hdma->DMAmuxRequestGenStatus->RGCFR = hdma->DMAmuxRequestGenStatusMask;
 586:platform/HAL/src/stm32g4xx_hal_dma.c ****     }
 587:platform/HAL/src/stm32g4xx_hal_dma.c **** 
 588:platform/HAL/src/stm32g4xx_hal_dma.c ****     /* Change the DMA state */
 589:platform/HAL/src/stm32g4xx_hal_dma.c ****     hdma->State = HAL_DMA_STATE_READY;
 590:platform/HAL/src/stm32g4xx_hal_dma.c **** 
 591:platform/HAL/src/stm32g4xx_hal_dma.c ****     /* Process Unlocked */
 592:platform/HAL/src/stm32g4xx_hal_dma.c ****     __HAL_UNLOCK(hdma);
 593:platform/HAL/src/stm32g4xx_hal_dma.c **** 
 594:platform/HAL/src/stm32g4xx_hal_dma.c ****     /* Call User Abort callback */
 595:platform/HAL/src/stm32g4xx_hal_dma.c ****     if (hdma->XferAbortCallback != NULL)
 596:platform/HAL/src/stm32g4xx_hal_dma.c ****     {
 597:platform/HAL/src/stm32g4xx_hal_dma.c ****       hdma->XferAbortCallback(hdma);
 598:platform/HAL/src/stm32g4xx_hal_dma.c ****     }
 599:platform/HAL/src/stm32g4xx_hal_dma.c ****   }
 600:platform/HAL/src/stm32g4xx_hal_dma.c ****   return status;
ARM GAS  /tmp/ccogJh6P.s 			page 12


 601:platform/HAL/src/stm32g4xx_hal_dma.c **** }
 602:platform/HAL/src/stm32g4xx_hal_dma.c **** 
 603:platform/HAL/src/stm32g4xx_hal_dma.c **** /**
 604:platform/HAL/src/stm32g4xx_hal_dma.c ****   * @brief  Polling for transfer complete.
 605:platform/HAL/src/stm32g4xx_hal_dma.c ****   * @param  hdma pointer to a DMA_HandleTypeDef structure that contains
 606:platform/HAL/src/stm32g4xx_hal_dma.c ****   *              the configuration information for the specified DMA Channel.
 607:platform/HAL/src/stm32g4xx_hal_dma.c ****   * @param  CompleteLevel Specifies the DMA level complete.
 608:platform/HAL/src/stm32g4xx_hal_dma.c ****   * @param  Timeout       Timeout duration.
 609:platform/HAL/src/stm32g4xx_hal_dma.c ****   * @retval HAL status
 610:platform/HAL/src/stm32g4xx_hal_dma.c ****   */
 611:platform/HAL/src/stm32g4xx_hal_dma.c **** HAL_StatusTypeDef HAL_DMA_PollForTransfer(DMA_HandleTypeDef *hdma, HAL_DMA_LevelCompleteTypeDef Com
 612:platform/HAL/src/stm32g4xx_hal_dma.c ****                                           uint32_t Timeout)
 613:platform/HAL/src/stm32g4xx_hal_dma.c **** {
 614:platform/HAL/src/stm32g4xx_hal_dma.c ****   uint32_t temp;
 615:platform/HAL/src/stm32g4xx_hal_dma.c ****   uint32_t tickstart;
 616:platform/HAL/src/stm32g4xx_hal_dma.c **** 
 617:platform/HAL/src/stm32g4xx_hal_dma.c ****   if (HAL_DMA_STATE_BUSY != hdma->State)
 618:platform/HAL/src/stm32g4xx_hal_dma.c ****   {
 619:platform/HAL/src/stm32g4xx_hal_dma.c ****     /* no transfer ongoing */
 620:platform/HAL/src/stm32g4xx_hal_dma.c ****     hdma->ErrorCode = HAL_DMA_ERROR_NO_XFER;
 621:platform/HAL/src/stm32g4xx_hal_dma.c ****     __HAL_UNLOCK(hdma);
 622:platform/HAL/src/stm32g4xx_hal_dma.c ****     return HAL_ERROR;
 623:platform/HAL/src/stm32g4xx_hal_dma.c ****   }
 624:platform/HAL/src/stm32g4xx_hal_dma.c **** 
 625:platform/HAL/src/stm32g4xx_hal_dma.c ****   /* Polling mode not supported in circular mode */
 626:platform/HAL/src/stm32g4xx_hal_dma.c ****   if (0U != (hdma->Instance->CCR & DMA_CCR_CIRC))
 627:platform/HAL/src/stm32g4xx_hal_dma.c ****   {
 628:platform/HAL/src/stm32g4xx_hal_dma.c ****     hdma->ErrorCode = HAL_DMA_ERROR_NOT_SUPPORTED;
 629:platform/HAL/src/stm32g4xx_hal_dma.c ****     return HAL_ERROR;
 630:platform/HAL/src/stm32g4xx_hal_dma.c ****   }
 631:platform/HAL/src/stm32g4xx_hal_dma.c **** 
 632:platform/HAL/src/stm32g4xx_hal_dma.c ****   /* Get the level transfer complete flag */
 633:platform/HAL/src/stm32g4xx_hal_dma.c ****   if (HAL_DMA_FULL_TRANSFER == CompleteLevel)
 634:platform/HAL/src/stm32g4xx_hal_dma.c ****   {
 635:platform/HAL/src/stm32g4xx_hal_dma.c ****     /* Transfer Complete flag */
 636:platform/HAL/src/stm32g4xx_hal_dma.c **** 
 637:platform/HAL/src/stm32g4xx_hal_dma.c ****     temp = (uint32_t)DMA_FLAG_TC1 << (hdma->ChannelIndex & 0x1FU);
 638:platform/HAL/src/stm32g4xx_hal_dma.c ****   }
 639:platform/HAL/src/stm32g4xx_hal_dma.c ****   else
 640:platform/HAL/src/stm32g4xx_hal_dma.c ****   {
 641:platform/HAL/src/stm32g4xx_hal_dma.c ****     /* Half Transfer Complete flag */
 642:platform/HAL/src/stm32g4xx_hal_dma.c ****     temp = (uint32_t)DMA_FLAG_HT1 << (hdma->ChannelIndex & 0x1FU);
 643:platform/HAL/src/stm32g4xx_hal_dma.c ****   }
 644:platform/HAL/src/stm32g4xx_hal_dma.c **** 
 645:platform/HAL/src/stm32g4xx_hal_dma.c ****   /* Get tick */
 646:platform/HAL/src/stm32g4xx_hal_dma.c ****   tickstart = HAL_GetTick();
 647:platform/HAL/src/stm32g4xx_hal_dma.c **** 
 648:platform/HAL/src/stm32g4xx_hal_dma.c ****   while (0U == (hdma->DmaBaseAddress->ISR & temp))
 649:platform/HAL/src/stm32g4xx_hal_dma.c ****   {
 650:platform/HAL/src/stm32g4xx_hal_dma.c ****     if ((0U != (hdma->DmaBaseAddress->ISR & ((uint32_t)DMA_FLAG_TE1 << (hdma->ChannelIndex & 0x1FU)
 651:platform/HAL/src/stm32g4xx_hal_dma.c ****     {
 652:platform/HAL/src/stm32g4xx_hal_dma.c ****       /* When a DMA transfer error occurs */
 653:platform/HAL/src/stm32g4xx_hal_dma.c ****       /* A hardware clear of its EN bits is performed */
 654:platform/HAL/src/stm32g4xx_hal_dma.c ****       /* Clear all flags */
 655:platform/HAL/src/stm32g4xx_hal_dma.c ****       hdma->DmaBaseAddress->IFCR = ((uint32_t)DMA_ISR_GIF1 << (hdma->ChannelIndex & 0x1FU));
 656:platform/HAL/src/stm32g4xx_hal_dma.c **** 
 657:platform/HAL/src/stm32g4xx_hal_dma.c ****       /* Update error code */
ARM GAS  /tmp/ccogJh6P.s 			page 13


 658:platform/HAL/src/stm32g4xx_hal_dma.c ****       hdma->ErrorCode = HAL_DMA_ERROR_TE;
 659:platform/HAL/src/stm32g4xx_hal_dma.c **** 
 660:platform/HAL/src/stm32g4xx_hal_dma.c ****       /* Change the DMA state */
 661:platform/HAL/src/stm32g4xx_hal_dma.c ****       hdma->State = HAL_DMA_STATE_READY;
 662:platform/HAL/src/stm32g4xx_hal_dma.c **** 
 663:platform/HAL/src/stm32g4xx_hal_dma.c ****       /* Process Unlocked */
 664:platform/HAL/src/stm32g4xx_hal_dma.c ****       __HAL_UNLOCK(hdma);
 665:platform/HAL/src/stm32g4xx_hal_dma.c **** 
 666:platform/HAL/src/stm32g4xx_hal_dma.c ****       return HAL_ERROR;
 667:platform/HAL/src/stm32g4xx_hal_dma.c ****     }
 668:platform/HAL/src/stm32g4xx_hal_dma.c ****     /* Check for the Timeout */
 669:platform/HAL/src/stm32g4xx_hal_dma.c ****     if (Timeout != HAL_MAX_DELAY)
 670:platform/HAL/src/stm32g4xx_hal_dma.c ****     {
 671:platform/HAL/src/stm32g4xx_hal_dma.c ****       if (((HAL_GetTick() - tickstart) > Timeout) || (Timeout == 0U))
 672:platform/HAL/src/stm32g4xx_hal_dma.c ****       {
 673:platform/HAL/src/stm32g4xx_hal_dma.c ****         /* Update error code */
 674:platform/HAL/src/stm32g4xx_hal_dma.c ****         hdma->ErrorCode = HAL_DMA_ERROR_TIMEOUT;
 675:platform/HAL/src/stm32g4xx_hal_dma.c **** 
 676:platform/HAL/src/stm32g4xx_hal_dma.c ****         /* Change the DMA state */
 677:platform/HAL/src/stm32g4xx_hal_dma.c ****         hdma->State = HAL_DMA_STATE_READY;
 678:platform/HAL/src/stm32g4xx_hal_dma.c **** 
 679:platform/HAL/src/stm32g4xx_hal_dma.c ****         /* Process Unlocked */
 680:platform/HAL/src/stm32g4xx_hal_dma.c ****         __HAL_UNLOCK(hdma);
 681:platform/HAL/src/stm32g4xx_hal_dma.c **** 
 682:platform/HAL/src/stm32g4xx_hal_dma.c ****         return HAL_ERROR;
 683:platform/HAL/src/stm32g4xx_hal_dma.c ****       }
 684:platform/HAL/src/stm32g4xx_hal_dma.c ****     }
 685:platform/HAL/src/stm32g4xx_hal_dma.c ****   }
 686:platform/HAL/src/stm32g4xx_hal_dma.c **** 
 687:platform/HAL/src/stm32g4xx_hal_dma.c ****   /*Check for DMAMUX Request generator (if used) overrun status */
 688:platform/HAL/src/stm32g4xx_hal_dma.c ****   if (hdma->DMAmuxRequestGen != 0U)
 689:platform/HAL/src/stm32g4xx_hal_dma.c ****   {
 690:platform/HAL/src/stm32g4xx_hal_dma.c ****     /* if using DMAMUX request generator Check for DMAMUX request generator overrun */
 691:platform/HAL/src/stm32g4xx_hal_dma.c ****     if ((hdma->DMAmuxRequestGenStatus->RGSR & hdma->DMAmuxRequestGenStatusMask) != 0U)
 692:platform/HAL/src/stm32g4xx_hal_dma.c ****     {
 693:platform/HAL/src/stm32g4xx_hal_dma.c ****       /* Disable the request gen overrun interrupt */
 694:platform/HAL/src/stm32g4xx_hal_dma.c ****       hdma->DMAmuxRequestGen->RGCR |= DMAMUX_RGxCR_OIE;
 695:platform/HAL/src/stm32g4xx_hal_dma.c **** 
 696:platform/HAL/src/stm32g4xx_hal_dma.c ****       /* Clear the DMAMUX request generator overrun flag */
 697:platform/HAL/src/stm32g4xx_hal_dma.c ****       hdma->DMAmuxRequestGenStatus->RGCFR = hdma->DMAmuxRequestGenStatusMask;
 698:platform/HAL/src/stm32g4xx_hal_dma.c **** 
 699:platform/HAL/src/stm32g4xx_hal_dma.c ****       /* Update error code */
 700:platform/HAL/src/stm32g4xx_hal_dma.c ****       hdma->ErrorCode |= HAL_DMA_ERROR_REQGEN;
 701:platform/HAL/src/stm32g4xx_hal_dma.c ****     }
 702:platform/HAL/src/stm32g4xx_hal_dma.c ****   }
 703:platform/HAL/src/stm32g4xx_hal_dma.c **** 
 704:platform/HAL/src/stm32g4xx_hal_dma.c ****   /* Check for DMAMUX Synchronization overrun */
 705:platform/HAL/src/stm32g4xx_hal_dma.c ****   if ((hdma->DMAmuxChannelStatus->CSR & hdma->DMAmuxChannelStatusMask) != 0U)
 706:platform/HAL/src/stm32g4xx_hal_dma.c ****   {
 707:platform/HAL/src/stm32g4xx_hal_dma.c ****     /* Clear the DMAMUX synchro overrun flag */
 708:platform/HAL/src/stm32g4xx_hal_dma.c ****     hdma->DMAmuxChannelStatus->CFR = hdma->DMAmuxChannelStatusMask;
 709:platform/HAL/src/stm32g4xx_hal_dma.c **** 
 710:platform/HAL/src/stm32g4xx_hal_dma.c ****     /* Update error code */
 711:platform/HAL/src/stm32g4xx_hal_dma.c ****     hdma->ErrorCode |= HAL_DMA_ERROR_SYNC;
 712:platform/HAL/src/stm32g4xx_hal_dma.c ****   }
 713:platform/HAL/src/stm32g4xx_hal_dma.c **** 
 714:platform/HAL/src/stm32g4xx_hal_dma.c ****   if (HAL_DMA_FULL_TRANSFER == CompleteLevel)
ARM GAS  /tmp/ccogJh6P.s 			page 14


 715:platform/HAL/src/stm32g4xx_hal_dma.c ****   {
 716:platform/HAL/src/stm32g4xx_hal_dma.c ****     /* Clear the transfer complete flag */
 717:platform/HAL/src/stm32g4xx_hal_dma.c ****     hdma->DmaBaseAddress->IFCR = ((uint32_t)DMA_FLAG_TC1 << (hdma->ChannelIndex & 0x1FU));
 718:platform/HAL/src/stm32g4xx_hal_dma.c **** 
 719:platform/HAL/src/stm32g4xx_hal_dma.c ****     /* The selected Channelx EN bit is cleared (DMA is disabled and
 720:platform/HAL/src/stm32g4xx_hal_dma.c ****     all transfers are complete) */
 721:platform/HAL/src/stm32g4xx_hal_dma.c ****     hdma->State = HAL_DMA_STATE_READY;
 722:platform/HAL/src/stm32g4xx_hal_dma.c ****   }
 723:platform/HAL/src/stm32g4xx_hal_dma.c ****   else
 724:platform/HAL/src/stm32g4xx_hal_dma.c ****   {
 725:platform/HAL/src/stm32g4xx_hal_dma.c ****     /* Clear the half transfer complete flag */
 726:platform/HAL/src/stm32g4xx_hal_dma.c ****     hdma->DmaBaseAddress->IFCR = ((uint32_t)DMA_FLAG_HT1 << (hdma->ChannelIndex & 0x1FU));
 727:platform/HAL/src/stm32g4xx_hal_dma.c ****   }
 728:platform/HAL/src/stm32g4xx_hal_dma.c **** 
 729:platform/HAL/src/stm32g4xx_hal_dma.c ****   /* Process unlocked */
 730:platform/HAL/src/stm32g4xx_hal_dma.c ****   __HAL_UNLOCK(hdma);
 731:platform/HAL/src/stm32g4xx_hal_dma.c **** 
 732:platform/HAL/src/stm32g4xx_hal_dma.c ****   return HAL_OK;
 733:platform/HAL/src/stm32g4xx_hal_dma.c **** }
 734:platform/HAL/src/stm32g4xx_hal_dma.c **** 
 735:platform/HAL/src/stm32g4xx_hal_dma.c **** /**
 736:platform/HAL/src/stm32g4xx_hal_dma.c ****   * @brief  Handle DMA interrupt request.
 737:platform/HAL/src/stm32g4xx_hal_dma.c ****   * @param  hdma pointer to a DMA_HandleTypeDef structure that contains
 738:platform/HAL/src/stm32g4xx_hal_dma.c ****   *               the configuration information for the specified DMA Channel.
 739:platform/HAL/src/stm32g4xx_hal_dma.c ****   * @retval None
 740:platform/HAL/src/stm32g4xx_hal_dma.c ****   */
 741:platform/HAL/src/stm32g4xx_hal_dma.c **** void HAL_DMA_IRQHandler(DMA_HandleTypeDef *hdma)
 742:platform/HAL/src/stm32g4xx_hal_dma.c **** {
 743:platform/HAL/src/stm32g4xx_hal_dma.c ****   uint32_t flag_it = hdma->DmaBaseAddress->ISR;
 744:platform/HAL/src/stm32g4xx_hal_dma.c ****   uint32_t source_it = hdma->Instance->CCR;
 745:platform/HAL/src/stm32g4xx_hal_dma.c **** 
 746:platform/HAL/src/stm32g4xx_hal_dma.c ****   /* Half Transfer Complete Interrupt management ******************************/
 747:platform/HAL/src/stm32g4xx_hal_dma.c ****   if ((0U != (flag_it & ((uint32_t)DMA_FLAG_HT1 << (hdma->ChannelIndex & 0x1FU)))) && (0U != (sourc
 748:platform/HAL/src/stm32g4xx_hal_dma.c ****   {
 749:platform/HAL/src/stm32g4xx_hal_dma.c ****     /* Disable the half transfer interrupt if the DMA mode is not CIRCULAR */
 750:platform/HAL/src/stm32g4xx_hal_dma.c ****     if ((hdma->Instance->CCR & DMA_CCR_CIRC) == 0U)
 751:platform/HAL/src/stm32g4xx_hal_dma.c ****     {
 752:platform/HAL/src/stm32g4xx_hal_dma.c ****       /* Disable the half transfer interrupt */
 753:platform/HAL/src/stm32g4xx_hal_dma.c ****       __HAL_DMA_DISABLE_IT(hdma, DMA_IT_HT);
 754:platform/HAL/src/stm32g4xx_hal_dma.c ****     }
 755:platform/HAL/src/stm32g4xx_hal_dma.c ****     /* Clear the half transfer complete flag */
 756:platform/HAL/src/stm32g4xx_hal_dma.c ****     hdma->DmaBaseAddress->IFCR = ((uint32_t)DMA_ISR_HTIF1 << (hdma->ChannelIndex & 0x1FU));
 757:platform/HAL/src/stm32g4xx_hal_dma.c **** 
 758:platform/HAL/src/stm32g4xx_hal_dma.c ****     /* DMA peripheral state is not updated in Half Transfer */
 759:platform/HAL/src/stm32g4xx_hal_dma.c ****     /* but in Transfer Complete case */
 760:platform/HAL/src/stm32g4xx_hal_dma.c **** 
 761:platform/HAL/src/stm32g4xx_hal_dma.c ****     if (hdma->XferHalfCpltCallback != NULL)
 762:platform/HAL/src/stm32g4xx_hal_dma.c ****     {
 763:platform/HAL/src/stm32g4xx_hal_dma.c ****       /* Half transfer callback */
 764:platform/HAL/src/stm32g4xx_hal_dma.c ****       hdma->XferHalfCpltCallback(hdma);
 765:platform/HAL/src/stm32g4xx_hal_dma.c ****     }
 766:platform/HAL/src/stm32g4xx_hal_dma.c ****   }
 767:platform/HAL/src/stm32g4xx_hal_dma.c ****   /* Transfer Complete Interrupt management ***********************************/
 768:platform/HAL/src/stm32g4xx_hal_dma.c ****   else if ((0U != (flag_it & ((uint32_t)DMA_FLAG_TC1 << (hdma->ChannelIndex & 0x1FU))))
 769:platform/HAL/src/stm32g4xx_hal_dma.c ****            && (0U != (source_it & DMA_IT_TC)))
 770:platform/HAL/src/stm32g4xx_hal_dma.c ****   {
 771:platform/HAL/src/stm32g4xx_hal_dma.c ****     if ((hdma->Instance->CCR & DMA_CCR_CIRC) == 0U)
ARM GAS  /tmp/ccogJh6P.s 			page 15


 772:platform/HAL/src/stm32g4xx_hal_dma.c ****     {
 773:platform/HAL/src/stm32g4xx_hal_dma.c ****       /* Disable the transfer complete and error interrupt */
 774:platform/HAL/src/stm32g4xx_hal_dma.c ****       __HAL_DMA_DISABLE_IT(hdma, DMA_IT_TE | DMA_IT_TC);
 775:platform/HAL/src/stm32g4xx_hal_dma.c **** 
 776:platform/HAL/src/stm32g4xx_hal_dma.c ****       /* Change the DMA state */
 777:platform/HAL/src/stm32g4xx_hal_dma.c ****       hdma->State = HAL_DMA_STATE_READY;
 778:platform/HAL/src/stm32g4xx_hal_dma.c ****     }
 779:platform/HAL/src/stm32g4xx_hal_dma.c ****     /* Clear the transfer complete flag */
 780:platform/HAL/src/stm32g4xx_hal_dma.c ****     hdma->DmaBaseAddress->IFCR = ((uint32_t)DMA_ISR_TCIF1 << (hdma->ChannelIndex & 0x1FU));
 781:platform/HAL/src/stm32g4xx_hal_dma.c **** 
 782:platform/HAL/src/stm32g4xx_hal_dma.c ****     /* Process Unlocked */
 783:platform/HAL/src/stm32g4xx_hal_dma.c ****     __HAL_UNLOCK(hdma);
 784:platform/HAL/src/stm32g4xx_hal_dma.c **** 
 785:platform/HAL/src/stm32g4xx_hal_dma.c ****     if (hdma->XferCpltCallback != NULL)
 786:platform/HAL/src/stm32g4xx_hal_dma.c ****     {
 787:platform/HAL/src/stm32g4xx_hal_dma.c ****       /* Transfer complete callback */
 788:platform/HAL/src/stm32g4xx_hal_dma.c ****       hdma->XferCpltCallback(hdma);
 789:platform/HAL/src/stm32g4xx_hal_dma.c ****     }
 790:platform/HAL/src/stm32g4xx_hal_dma.c ****   }
 791:platform/HAL/src/stm32g4xx_hal_dma.c ****   /* Transfer Error Interrupt management **************************************/
 792:platform/HAL/src/stm32g4xx_hal_dma.c ****   else if ((0U != (flag_it & ((uint32_t)DMA_FLAG_TE1 << (hdma->ChannelIndex & 0x1FU))))
 793:platform/HAL/src/stm32g4xx_hal_dma.c ****            && (0U != (source_it & DMA_IT_TE)))
 794:platform/HAL/src/stm32g4xx_hal_dma.c ****   {
 795:platform/HAL/src/stm32g4xx_hal_dma.c ****     /* When a DMA transfer error occurs */
 796:platform/HAL/src/stm32g4xx_hal_dma.c ****     /* A hardware clear of its EN bits is performed */
 797:platform/HAL/src/stm32g4xx_hal_dma.c ****     /* Disable ALL DMA IT */
 798:platform/HAL/src/stm32g4xx_hal_dma.c ****     __HAL_DMA_DISABLE_IT(hdma, (DMA_IT_TC | DMA_IT_HT | DMA_IT_TE));
 799:platform/HAL/src/stm32g4xx_hal_dma.c **** 
 800:platform/HAL/src/stm32g4xx_hal_dma.c ****     /* Clear all flags */
 801:platform/HAL/src/stm32g4xx_hal_dma.c ****     hdma->DmaBaseAddress->IFCR = ((uint32_t)DMA_ISR_GIF1 << (hdma->ChannelIndex & 0x1FU));
 802:platform/HAL/src/stm32g4xx_hal_dma.c **** 
 803:platform/HAL/src/stm32g4xx_hal_dma.c ****     /* Update error code */
 804:platform/HAL/src/stm32g4xx_hal_dma.c ****     hdma->ErrorCode = HAL_DMA_ERROR_TE;
 805:platform/HAL/src/stm32g4xx_hal_dma.c **** 
 806:platform/HAL/src/stm32g4xx_hal_dma.c ****     /* Change the DMA state */
 807:platform/HAL/src/stm32g4xx_hal_dma.c ****     hdma->State = HAL_DMA_STATE_READY;
 808:platform/HAL/src/stm32g4xx_hal_dma.c **** 
 809:platform/HAL/src/stm32g4xx_hal_dma.c ****     /* Process Unlocked */
 810:platform/HAL/src/stm32g4xx_hal_dma.c ****     __HAL_UNLOCK(hdma);
 811:platform/HAL/src/stm32g4xx_hal_dma.c **** 
 812:platform/HAL/src/stm32g4xx_hal_dma.c ****     if (hdma->XferErrorCallback != NULL)
 813:platform/HAL/src/stm32g4xx_hal_dma.c ****     {
 814:platform/HAL/src/stm32g4xx_hal_dma.c ****       /* Transfer error callback */
 815:platform/HAL/src/stm32g4xx_hal_dma.c ****       hdma->XferErrorCallback(hdma);
 816:platform/HAL/src/stm32g4xx_hal_dma.c ****     }
 817:platform/HAL/src/stm32g4xx_hal_dma.c ****   }
 818:platform/HAL/src/stm32g4xx_hal_dma.c ****   else
 819:platform/HAL/src/stm32g4xx_hal_dma.c ****   {
 820:platform/HAL/src/stm32g4xx_hal_dma.c ****     /* Nothing To Do */
 821:platform/HAL/src/stm32g4xx_hal_dma.c ****   }
 822:platform/HAL/src/stm32g4xx_hal_dma.c ****   return;
 823:platform/HAL/src/stm32g4xx_hal_dma.c **** }
 824:platform/HAL/src/stm32g4xx_hal_dma.c **** 
 825:platform/HAL/src/stm32g4xx_hal_dma.c **** /**
 826:platform/HAL/src/stm32g4xx_hal_dma.c ****   * @brief  Register callbacks
 827:platform/HAL/src/stm32g4xx_hal_dma.c ****   * @param  hdma                 pointer to a DMA_HandleTypeDef structure that contains
 828:platform/HAL/src/stm32g4xx_hal_dma.c ****   *                               the configuration information for the specified DMA Channel.
ARM GAS  /tmp/ccogJh6P.s 			page 16


 829:platform/HAL/src/stm32g4xx_hal_dma.c ****   * @param  CallbackID           User Callback identifier
 830:platform/HAL/src/stm32g4xx_hal_dma.c ****   *                               a HAL_DMA_CallbackIDTypeDef ENUM as parameter.
 831:platform/HAL/src/stm32g4xx_hal_dma.c ****   * @param  pCallback            pointer to private callbacsk function which has pointer to
 832:platform/HAL/src/stm32g4xx_hal_dma.c ****   *                               a DMA_HandleTypeDef structure as parameter.
 833:platform/HAL/src/stm32g4xx_hal_dma.c ****   * @retval HAL status
 834:platform/HAL/src/stm32g4xx_hal_dma.c ****   */
 835:platform/HAL/src/stm32g4xx_hal_dma.c **** HAL_StatusTypeDef HAL_DMA_RegisterCallback(DMA_HandleTypeDef *hdma, HAL_DMA_CallbackIDTypeDef Callb
 836:platform/HAL/src/stm32g4xx_hal_dma.c **** {
 837:platform/HAL/src/stm32g4xx_hal_dma.c ****   HAL_StatusTypeDef status = HAL_OK;
 838:platform/HAL/src/stm32g4xx_hal_dma.c **** 
 839:platform/HAL/src/stm32g4xx_hal_dma.c ****   /* Process locked */
 840:platform/HAL/src/stm32g4xx_hal_dma.c ****   __HAL_LOCK(hdma);
 841:platform/HAL/src/stm32g4xx_hal_dma.c **** 
 842:platform/HAL/src/stm32g4xx_hal_dma.c ****   if (HAL_DMA_STATE_READY == hdma->State)
 843:platform/HAL/src/stm32g4xx_hal_dma.c ****   {
 844:platform/HAL/src/stm32g4xx_hal_dma.c ****     switch (CallbackID)
 845:platform/HAL/src/stm32g4xx_hal_dma.c ****     {
 846:platform/HAL/src/stm32g4xx_hal_dma.c ****       case  HAL_DMA_XFER_CPLT_CB_ID:
 847:platform/HAL/src/stm32g4xx_hal_dma.c ****         hdma->XferCpltCallback = pCallback;
 848:platform/HAL/src/stm32g4xx_hal_dma.c ****         break;
 849:platform/HAL/src/stm32g4xx_hal_dma.c **** 
 850:platform/HAL/src/stm32g4xx_hal_dma.c ****       case  HAL_DMA_XFER_HALFCPLT_CB_ID:
 851:platform/HAL/src/stm32g4xx_hal_dma.c ****         hdma->XferHalfCpltCallback = pCallback;
 852:platform/HAL/src/stm32g4xx_hal_dma.c ****         break;
 853:platform/HAL/src/stm32g4xx_hal_dma.c **** 
 854:platform/HAL/src/stm32g4xx_hal_dma.c ****       case  HAL_DMA_XFER_ERROR_CB_ID:
 855:platform/HAL/src/stm32g4xx_hal_dma.c ****         hdma->XferErrorCallback = pCallback;
 856:platform/HAL/src/stm32g4xx_hal_dma.c ****         break;
 857:platform/HAL/src/stm32g4xx_hal_dma.c **** 
 858:platform/HAL/src/stm32g4xx_hal_dma.c ****       case  HAL_DMA_XFER_ABORT_CB_ID:
 859:platform/HAL/src/stm32g4xx_hal_dma.c ****         hdma->XferAbortCallback = pCallback;
 860:platform/HAL/src/stm32g4xx_hal_dma.c ****         break;
 861:platform/HAL/src/stm32g4xx_hal_dma.c **** 
 862:platform/HAL/src/stm32g4xx_hal_dma.c ****       default:
 863:platform/HAL/src/stm32g4xx_hal_dma.c ****         status = HAL_ERROR;
 864:platform/HAL/src/stm32g4xx_hal_dma.c ****         break;
 865:platform/HAL/src/stm32g4xx_hal_dma.c ****     }
 866:platform/HAL/src/stm32g4xx_hal_dma.c ****   }
 867:platform/HAL/src/stm32g4xx_hal_dma.c ****   else
 868:platform/HAL/src/stm32g4xx_hal_dma.c ****   {
 869:platform/HAL/src/stm32g4xx_hal_dma.c ****     status = HAL_ERROR;
 870:platform/HAL/src/stm32g4xx_hal_dma.c ****   }
 871:platform/HAL/src/stm32g4xx_hal_dma.c **** 
 872:platform/HAL/src/stm32g4xx_hal_dma.c ****   /* Release Lock */
 873:platform/HAL/src/stm32g4xx_hal_dma.c ****   __HAL_UNLOCK(hdma);
 874:platform/HAL/src/stm32g4xx_hal_dma.c **** 
 875:platform/HAL/src/stm32g4xx_hal_dma.c ****   return status;
 876:platform/HAL/src/stm32g4xx_hal_dma.c **** }
 877:platform/HAL/src/stm32g4xx_hal_dma.c **** 
 878:platform/HAL/src/stm32g4xx_hal_dma.c **** /**
 879:platform/HAL/src/stm32g4xx_hal_dma.c ****   * @brief  UnRegister callbacks
 880:platform/HAL/src/stm32g4xx_hal_dma.c ****   * @param  hdma                 pointer to a DMA_HandleTypeDef structure that contains
 881:platform/HAL/src/stm32g4xx_hal_dma.c ****   *                               the configuration information for the specified DMA Channel.
 882:platform/HAL/src/stm32g4xx_hal_dma.c ****   * @param  CallbackID           User Callback identifier
 883:platform/HAL/src/stm32g4xx_hal_dma.c ****   *                               a HAL_DMA_CallbackIDTypeDef ENUM as parameter.
 884:platform/HAL/src/stm32g4xx_hal_dma.c ****   * @retval HAL status
 885:platform/HAL/src/stm32g4xx_hal_dma.c ****   */
ARM GAS  /tmp/ccogJh6P.s 			page 17


 886:platform/HAL/src/stm32g4xx_hal_dma.c **** HAL_StatusTypeDef HAL_DMA_UnRegisterCallback(DMA_HandleTypeDef *hdma, HAL_DMA_CallbackIDTypeDef Cal
 887:platform/HAL/src/stm32g4xx_hal_dma.c **** {
 888:platform/HAL/src/stm32g4xx_hal_dma.c ****   HAL_StatusTypeDef status = HAL_OK;
 889:platform/HAL/src/stm32g4xx_hal_dma.c **** 
 890:platform/HAL/src/stm32g4xx_hal_dma.c ****   /* Process locked */
 891:platform/HAL/src/stm32g4xx_hal_dma.c ****   __HAL_LOCK(hdma);
 892:platform/HAL/src/stm32g4xx_hal_dma.c **** 
 893:platform/HAL/src/stm32g4xx_hal_dma.c ****   if (HAL_DMA_STATE_READY == hdma->State)
 894:platform/HAL/src/stm32g4xx_hal_dma.c ****   {
 895:platform/HAL/src/stm32g4xx_hal_dma.c ****     switch (CallbackID)
 896:platform/HAL/src/stm32g4xx_hal_dma.c ****     {
 897:platform/HAL/src/stm32g4xx_hal_dma.c ****       case  HAL_DMA_XFER_CPLT_CB_ID:
 898:platform/HAL/src/stm32g4xx_hal_dma.c ****         hdma->XferCpltCallback = NULL;
 899:platform/HAL/src/stm32g4xx_hal_dma.c ****         break;
 900:platform/HAL/src/stm32g4xx_hal_dma.c **** 
 901:platform/HAL/src/stm32g4xx_hal_dma.c ****       case  HAL_DMA_XFER_HALFCPLT_CB_ID:
 902:platform/HAL/src/stm32g4xx_hal_dma.c ****         hdma->XferHalfCpltCallback = NULL;
 903:platform/HAL/src/stm32g4xx_hal_dma.c ****         break;
 904:platform/HAL/src/stm32g4xx_hal_dma.c **** 
 905:platform/HAL/src/stm32g4xx_hal_dma.c ****       case  HAL_DMA_XFER_ERROR_CB_ID:
 906:platform/HAL/src/stm32g4xx_hal_dma.c ****         hdma->XferErrorCallback = NULL;
 907:platform/HAL/src/stm32g4xx_hal_dma.c ****         break;
 908:platform/HAL/src/stm32g4xx_hal_dma.c **** 
 909:platform/HAL/src/stm32g4xx_hal_dma.c ****       case  HAL_DMA_XFER_ABORT_CB_ID:
 910:platform/HAL/src/stm32g4xx_hal_dma.c ****         hdma->XferAbortCallback = NULL;
 911:platform/HAL/src/stm32g4xx_hal_dma.c ****         break;
 912:platform/HAL/src/stm32g4xx_hal_dma.c **** 
 913:platform/HAL/src/stm32g4xx_hal_dma.c ****       case   HAL_DMA_XFER_ALL_CB_ID:
 914:platform/HAL/src/stm32g4xx_hal_dma.c ****         hdma->XferCpltCallback = NULL;
 915:platform/HAL/src/stm32g4xx_hal_dma.c ****         hdma->XferHalfCpltCallback = NULL;
 916:platform/HAL/src/stm32g4xx_hal_dma.c ****         hdma->XferErrorCallback = NULL;
 917:platform/HAL/src/stm32g4xx_hal_dma.c ****         hdma->XferAbortCallback = NULL;
 918:platform/HAL/src/stm32g4xx_hal_dma.c ****         break;
 919:platform/HAL/src/stm32g4xx_hal_dma.c **** 
 920:platform/HAL/src/stm32g4xx_hal_dma.c ****       default:
 921:platform/HAL/src/stm32g4xx_hal_dma.c ****         status = HAL_ERROR;
 922:platform/HAL/src/stm32g4xx_hal_dma.c ****         break;
 923:platform/HAL/src/stm32g4xx_hal_dma.c ****     }
 924:platform/HAL/src/stm32g4xx_hal_dma.c ****   }
 925:platform/HAL/src/stm32g4xx_hal_dma.c ****   else
 926:platform/HAL/src/stm32g4xx_hal_dma.c ****   {
 927:platform/HAL/src/stm32g4xx_hal_dma.c ****     status = HAL_ERROR;
 928:platform/HAL/src/stm32g4xx_hal_dma.c ****   }
 929:platform/HAL/src/stm32g4xx_hal_dma.c **** 
 930:platform/HAL/src/stm32g4xx_hal_dma.c ****   /* Release Lock */
 931:platform/HAL/src/stm32g4xx_hal_dma.c ****   __HAL_UNLOCK(hdma);
 932:platform/HAL/src/stm32g4xx_hal_dma.c **** 
 933:platform/HAL/src/stm32g4xx_hal_dma.c ****   return status;
 934:platform/HAL/src/stm32g4xx_hal_dma.c **** }
 935:platform/HAL/src/stm32g4xx_hal_dma.c **** 
 936:platform/HAL/src/stm32g4xx_hal_dma.c **** /**
 937:platform/HAL/src/stm32g4xx_hal_dma.c ****   * @}
 938:platform/HAL/src/stm32g4xx_hal_dma.c ****   */
 939:platform/HAL/src/stm32g4xx_hal_dma.c **** 
 940:platform/HAL/src/stm32g4xx_hal_dma.c **** 
 941:platform/HAL/src/stm32g4xx_hal_dma.c **** 
 942:platform/HAL/src/stm32g4xx_hal_dma.c **** /** @defgroup DMA_Exported_Functions_Group3 Peripheral State and Errors functions
ARM GAS  /tmp/ccogJh6P.s 			page 18


 943:platform/HAL/src/stm32g4xx_hal_dma.c ****   *  @brief    Peripheral State and Errors functions
 944:platform/HAL/src/stm32g4xx_hal_dma.c ****   *
 945:platform/HAL/src/stm32g4xx_hal_dma.c **** @verbatim
 946:platform/HAL/src/stm32g4xx_hal_dma.c ****  ===============================================================================
 947:platform/HAL/src/stm32g4xx_hal_dma.c ****             ##### Peripheral State and Errors functions #####
 948:platform/HAL/src/stm32g4xx_hal_dma.c ****  ===============================================================================
 949:platform/HAL/src/stm32g4xx_hal_dma.c ****     [..]
 950:platform/HAL/src/stm32g4xx_hal_dma.c ****     This subsection provides functions allowing to
 951:platform/HAL/src/stm32g4xx_hal_dma.c ****       (+) Check the DMA state
 952:platform/HAL/src/stm32g4xx_hal_dma.c ****       (+) Get error code
 953:platform/HAL/src/stm32g4xx_hal_dma.c **** 
 954:platform/HAL/src/stm32g4xx_hal_dma.c **** @endverbatim
 955:platform/HAL/src/stm32g4xx_hal_dma.c ****   * @{
 956:platform/HAL/src/stm32g4xx_hal_dma.c ****   */
 957:platform/HAL/src/stm32g4xx_hal_dma.c **** 
 958:platform/HAL/src/stm32g4xx_hal_dma.c **** /**
 959:platform/HAL/src/stm32g4xx_hal_dma.c ****   * @brief  Return the DMA hande state.
 960:platform/HAL/src/stm32g4xx_hal_dma.c ****   * @param  hdma pointer to a DMA_HandleTypeDef structure that contains
 961:platform/HAL/src/stm32g4xx_hal_dma.c ****   *               the configuration information for the specified DMA Channel.
 962:platform/HAL/src/stm32g4xx_hal_dma.c ****   * @retval HAL state
 963:platform/HAL/src/stm32g4xx_hal_dma.c ****   */
 964:platform/HAL/src/stm32g4xx_hal_dma.c **** HAL_DMA_StateTypeDef HAL_DMA_GetState(DMA_HandleTypeDef *hdma)
 965:platform/HAL/src/stm32g4xx_hal_dma.c **** {
 966:platform/HAL/src/stm32g4xx_hal_dma.c ****   /* Return DMA handle state */
 967:platform/HAL/src/stm32g4xx_hal_dma.c ****   return hdma->State;
 968:platform/HAL/src/stm32g4xx_hal_dma.c **** }
 969:platform/HAL/src/stm32g4xx_hal_dma.c **** 
 970:platform/HAL/src/stm32g4xx_hal_dma.c **** /**
 971:platform/HAL/src/stm32g4xx_hal_dma.c ****   * @brief  Return the DMA error code.
 972:platform/HAL/src/stm32g4xx_hal_dma.c ****   * @param  hdma : pointer to a DMA_HandleTypeDef structure that contains
 973:platform/HAL/src/stm32g4xx_hal_dma.c ****   *              the configuration information for the specified DMA Channel.
 974:platform/HAL/src/stm32g4xx_hal_dma.c ****   * @retval DMA Error Code
 975:platform/HAL/src/stm32g4xx_hal_dma.c ****   */
 976:platform/HAL/src/stm32g4xx_hal_dma.c **** uint32_t HAL_DMA_GetError(DMA_HandleTypeDef *hdma)
 977:platform/HAL/src/stm32g4xx_hal_dma.c **** {
 978:platform/HAL/src/stm32g4xx_hal_dma.c ****   return hdma->ErrorCode;
 979:platform/HAL/src/stm32g4xx_hal_dma.c **** }
 980:platform/HAL/src/stm32g4xx_hal_dma.c **** 
 981:platform/HAL/src/stm32g4xx_hal_dma.c **** /**
 982:platform/HAL/src/stm32g4xx_hal_dma.c ****   * @}
 983:platform/HAL/src/stm32g4xx_hal_dma.c ****   */
 984:platform/HAL/src/stm32g4xx_hal_dma.c **** 
 985:platform/HAL/src/stm32g4xx_hal_dma.c **** /**
 986:platform/HAL/src/stm32g4xx_hal_dma.c ****   * @}
 987:platform/HAL/src/stm32g4xx_hal_dma.c ****   */
 988:platform/HAL/src/stm32g4xx_hal_dma.c **** 
 989:platform/HAL/src/stm32g4xx_hal_dma.c **** /** @addtogroup DMA_Private_Functions
 990:platform/HAL/src/stm32g4xx_hal_dma.c ****   * @{
 991:platform/HAL/src/stm32g4xx_hal_dma.c ****   */
 992:platform/HAL/src/stm32g4xx_hal_dma.c **** 
 993:platform/HAL/src/stm32g4xx_hal_dma.c **** /**
 994:platform/HAL/src/stm32g4xx_hal_dma.c ****   * @brief  Sets the DMA Transfer parameter.
 995:platform/HAL/src/stm32g4xx_hal_dma.c ****   * @param  hdma       pointer to a DMA_HandleTypeDef structure that contains
 996:platform/HAL/src/stm32g4xx_hal_dma.c ****   *                     the configuration information for the specified DMA Channel.
 997:platform/HAL/src/stm32g4xx_hal_dma.c ****   * @param  SrcAddress The source memory Buffer address
 998:platform/HAL/src/stm32g4xx_hal_dma.c ****   * @param  DstAddress The destination memory Buffer address
 999:platform/HAL/src/stm32g4xx_hal_dma.c ****   * @param  DataLength The length of data to be transferred from source to destination
ARM GAS  /tmp/ccogJh6P.s 			page 19


1000:platform/HAL/src/stm32g4xx_hal_dma.c ****   * @retval HAL status
1001:platform/HAL/src/stm32g4xx_hal_dma.c ****   */
1002:platform/HAL/src/stm32g4xx_hal_dma.c **** static void DMA_SetConfig(DMA_HandleTypeDef *hdma, uint32_t SrcAddress, uint32_t DstAddress, uint32
1003:platform/HAL/src/stm32g4xx_hal_dma.c **** {
  29              		.loc 1 1003 1 view -0
  30              		.cfi_startproc
  31              		@ args = 0, pretend = 0, frame = 0
  32              		@ frame_needed = 0, uses_anonymous_args = 0
  33              		@ link register save eliminated.
  34              		.loc 1 1003 1 is_stmt 0 view .LVU1
  35 0000 30B4     		push	{r4, r5}
  36              	.LCFI0:
  37              		.cfi_def_cfa_offset 8
  38              		.cfi_offset 4, -8
  39              		.cfi_offset 5, -4
1004:platform/HAL/src/stm32g4xx_hal_dma.c ****   /* Clear the DMAMUX synchro overrun flag */
1005:platform/HAL/src/stm32g4xx_hal_dma.c ****   hdma->DMAmuxChannelStatus->CFR = hdma->DMAmuxChannelStatusMask;
  40              		.loc 1 1005 3 is_stmt 1 view .LVU2
  41              		.loc 1 1005 7 is_stmt 0 view .LVU3
  42 0002 C46C     		ldr	r4, [r0, #76]
  43              		.loc 1 1005 34 view .LVU4
  44 0004 056D     		ldr	r5, [r0, #80]
  45 0006 6560     		str	r5, [r4, #4]
1006:platform/HAL/src/stm32g4xx_hal_dma.c **** 
1007:platform/HAL/src/stm32g4xx_hal_dma.c ****   if (hdma->DMAmuxRequestGen != 0U)
  46              		.loc 1 1007 3 is_stmt 1 view .LVU5
  47              		.loc 1 1007 11 is_stmt 0 view .LVU6
  48 0008 446D     		ldr	r4, [r0, #84]
  49              		.loc 1 1007 6 view .LVU7
  50 000a 14B1     		cbz	r4, .L2
1008:platform/HAL/src/stm32g4xx_hal_dma.c ****   {
1009:platform/HAL/src/stm32g4xx_hal_dma.c ****     /* Clear the DMAMUX request generator overrun flag */
1010:platform/HAL/src/stm32g4xx_hal_dma.c ****     hdma->DMAmuxRequestGenStatus->RGCFR = hdma->DMAmuxRequestGenStatusMask;
  51              		.loc 1 1010 5 is_stmt 1 view .LVU8
  52              		.loc 1 1010 9 is_stmt 0 view .LVU9
  53 000c 846D     		ldr	r4, [r0, #88]
  54              		.loc 1 1010 41 view .LVU10
  55 000e C56D     		ldr	r5, [r0, #92]
  56 0010 6560     		str	r5, [r4, #4]
  57              	.L2:
1011:platform/HAL/src/stm32g4xx_hal_dma.c ****   }
1012:platform/HAL/src/stm32g4xx_hal_dma.c **** 
1013:platform/HAL/src/stm32g4xx_hal_dma.c ****   /* Clear all flags */
1014:platform/HAL/src/stm32g4xx_hal_dma.c ****   hdma->DmaBaseAddress->IFCR = (DMA_ISR_GIF1 << (hdma->ChannelIndex & 0x1FU));
  58              		.loc 1 1014 3 is_stmt 1 view .LVU11
  59              		.loc 1 1014 54 is_stmt 0 view .LVU12
  60 0012 446C     		ldr	r4, [r0, #68]
  61              		.loc 1 1014 69 view .LVU13
  62 0014 04F01F0C 		and	ip, r4, #31
  63              		.loc 1 1014 46 view .LVU14
  64 0018 0124     		movs	r4, #1
  65 001a 04FA0CF4 		lsl	r4, r4, ip
  66              		.loc 1 1014 30 view .LVU15
  67 001e 056C     		ldr	r5, [r0, #64]
  68 0020 6C60     		str	r4, [r5, #4]
1015:platform/HAL/src/stm32g4xx_hal_dma.c **** 
1016:platform/HAL/src/stm32g4xx_hal_dma.c ****   /* Configure DMA Channel data length */
ARM GAS  /tmp/ccogJh6P.s 			page 20


1017:platform/HAL/src/stm32g4xx_hal_dma.c ****   hdma->Instance->CNDTR = DataLength;
  69              		.loc 1 1017 3 is_stmt 1 view .LVU16
  70              		.loc 1 1017 7 is_stmt 0 view .LVU17
  71 0022 0468     		ldr	r4, [r0]
  72              		.loc 1 1017 25 view .LVU18
  73 0024 6360     		str	r3, [r4, #4]
1018:platform/HAL/src/stm32g4xx_hal_dma.c **** 
1019:platform/HAL/src/stm32g4xx_hal_dma.c ****   /* Memory to Peripheral */
1020:platform/HAL/src/stm32g4xx_hal_dma.c ****   if ((hdma->Init.Direction) == DMA_MEMORY_TO_PERIPH)
  74              		.loc 1 1020 3 is_stmt 1 view .LVU19
  75              		.loc 1 1020 18 is_stmt 0 view .LVU20
  76 0026 8368     		ldr	r3, [r0, #8]
  77              	.LVL1:
  78              		.loc 1 1020 6 view .LVU21
  79 0028 102B     		cmp	r3, #16
  80 002a 05D0     		beq	.L6
1021:platform/HAL/src/stm32g4xx_hal_dma.c ****   {
1022:platform/HAL/src/stm32g4xx_hal_dma.c ****     /* Configure DMA Channel destination address */
1023:platform/HAL/src/stm32g4xx_hal_dma.c ****     hdma->Instance->CPAR = DstAddress;
1024:platform/HAL/src/stm32g4xx_hal_dma.c **** 
1025:platform/HAL/src/stm32g4xx_hal_dma.c ****     /* Configure DMA Channel source address */
1026:platform/HAL/src/stm32g4xx_hal_dma.c ****     hdma->Instance->CMAR = SrcAddress;
1027:platform/HAL/src/stm32g4xx_hal_dma.c ****   }
1028:platform/HAL/src/stm32g4xx_hal_dma.c ****   /* Peripheral to Memory */
1029:platform/HAL/src/stm32g4xx_hal_dma.c ****   else
1030:platform/HAL/src/stm32g4xx_hal_dma.c ****   {
1031:platform/HAL/src/stm32g4xx_hal_dma.c ****     /* Configure DMA Channel source address */
1032:platform/HAL/src/stm32g4xx_hal_dma.c ****     hdma->Instance->CPAR = SrcAddress;
  81              		.loc 1 1032 5 is_stmt 1 view .LVU22
  82              		.loc 1 1032 9 is_stmt 0 view .LVU23
  83 002c 0368     		ldr	r3, [r0]
  84              		.loc 1 1032 26 view .LVU24
  85 002e 9960     		str	r1, [r3, #8]
  86              	.LVL2:
1033:platform/HAL/src/stm32g4xx_hal_dma.c **** 
1034:platform/HAL/src/stm32g4xx_hal_dma.c ****     /* Configure DMA Channel destination address */
1035:platform/HAL/src/stm32g4xx_hal_dma.c ****     hdma->Instance->CMAR = DstAddress;
  87              		.loc 1 1035 5 is_stmt 1 view .LVU25
  88              		.loc 1 1035 9 is_stmt 0 view .LVU26
  89 0030 0368     		ldr	r3, [r0]
  90              		.loc 1 1035 26 view .LVU27
  91 0032 DA60     		str	r2, [r3, #12]
  92              	.L1:
1036:platform/HAL/src/stm32g4xx_hal_dma.c ****   }
1037:platform/HAL/src/stm32g4xx_hal_dma.c **** }
  93              		.loc 1 1037 1 view .LVU28
  94 0034 30BC     		pop	{r4, r5}
  95              	.LCFI1:
  96              		.cfi_remember_state
  97              		.cfi_restore 5
  98              		.cfi_restore 4
  99              		.cfi_def_cfa_offset 0
 100 0036 7047     		bx	lr
 101              	.LVL3:
 102              	.L6:
 103              	.LCFI2:
 104              		.cfi_restore_state
ARM GAS  /tmp/ccogJh6P.s 			page 21


1023:platform/HAL/src/stm32g4xx_hal_dma.c **** 
 105              		.loc 1 1023 5 is_stmt 1 view .LVU29
1023:platform/HAL/src/stm32g4xx_hal_dma.c **** 
 106              		.loc 1 1023 9 is_stmt 0 view .LVU30
 107 0038 0368     		ldr	r3, [r0]
1023:platform/HAL/src/stm32g4xx_hal_dma.c **** 
 108              		.loc 1 1023 26 view .LVU31
 109 003a 9A60     		str	r2, [r3, #8]
 110              	.LVL4:
1026:platform/HAL/src/stm32g4xx_hal_dma.c ****   }
 111              		.loc 1 1026 5 is_stmt 1 view .LVU32
1026:platform/HAL/src/stm32g4xx_hal_dma.c ****   }
 112              		.loc 1 1026 9 is_stmt 0 view .LVU33
 113 003c 0368     		ldr	r3, [r0]
1026:platform/HAL/src/stm32g4xx_hal_dma.c ****   }
 114              		.loc 1 1026 26 view .LVU34
 115 003e D960     		str	r1, [r3, #12]
 116 0040 F8E7     		b	.L1
 117              		.cfi_endproc
 118              	.LFE341:
 120              		.section	.text.DMA_CalcDMAMUXChannelBaseAndMask,"ax",%progbits
 121              		.align	1
 122              		.syntax unified
 123              		.thumb
 124              		.thumb_func
 126              	DMA_CalcDMAMUXChannelBaseAndMask:
 127              	.LVL5:
 128              	.LFB342:
1038:platform/HAL/src/stm32g4xx_hal_dma.c **** 
1039:platform/HAL/src/stm32g4xx_hal_dma.c **** /**
1040:platform/HAL/src/stm32g4xx_hal_dma.c ****   * @brief  Updates the DMA handle with the DMAMUX  channel and status mask depending on stream num
1041:platform/HAL/src/stm32g4xx_hal_dma.c ****   * @param  hdma        pointer to a DMA_HandleTypeDef structure that contains
1042:platform/HAL/src/stm32g4xx_hal_dma.c ****   *                     the configuration information for the specified DMA Stream.
1043:platform/HAL/src/stm32g4xx_hal_dma.c ****   * @retval None
1044:platform/HAL/src/stm32g4xx_hal_dma.c ****   */
1045:platform/HAL/src/stm32g4xx_hal_dma.c **** static void DMA_CalcDMAMUXChannelBaseAndMask(DMA_HandleTypeDef *hdma)
1046:platform/HAL/src/stm32g4xx_hal_dma.c **** {
 129              		.loc 1 1046 1 is_stmt 1 view -0
 130              		.cfi_startproc
 131              		@ args = 0, pretend = 0, frame = 0
 132              		@ frame_needed = 0, uses_anonymous_args = 0
 133              		@ link register save eliminated.
1047:platform/HAL/src/stm32g4xx_hal_dma.c ****   uint32_t dmamux_base_addr;
 134              		.loc 1 1047 3 view .LVU36
1048:platform/HAL/src/stm32g4xx_hal_dma.c ****   uint32_t channel_number;
 135              		.loc 1 1048 3 view .LVU37
1049:platform/HAL/src/stm32g4xx_hal_dma.c ****   DMAMUX_Channel_TypeDef *DMAMUX1_ChannelBase;
 136              		.loc 1 1049 3 view .LVU38
1050:platform/HAL/src/stm32g4xx_hal_dma.c **** 
1051:platform/HAL/src/stm32g4xx_hal_dma.c ****   /* check if instance is not outside the DMA channel range */
1052:platform/HAL/src/stm32g4xx_hal_dma.c ****   if ((uint32_t)hdma->Instance < (uint32_t)DMA2_Channel1)
 137              		.loc 1 1052 3 view .LVU39
 138              		.loc 1 1052 21 is_stmt 0 view .LVU40
 139 0000 0368     		ldr	r3, [r0]
 140              		.loc 1 1052 6 view .LVU41
 141 0002 0C4A     		ldr	r2, .L10
 142 0004 9342     		cmp	r3, r2
ARM GAS  /tmp/ccogJh6P.s 			page 22


 143 0006 13D8     		bhi	.L9
1053:platform/HAL/src/stm32g4xx_hal_dma.c ****   {
1054:platform/HAL/src/stm32g4xx_hal_dma.c ****     /* DMA1 */
1055:platform/HAL/src/stm32g4xx_hal_dma.c ****     DMAMUX1_ChannelBase = DMAMUX1_Channel0;
 144              		.loc 1 1055 25 view .LVU42
 145 0008 0B49     		ldr	r1, .L10+4
 146              	.L8:
 147              	.LVL6:
1056:platform/HAL/src/stm32g4xx_hal_dma.c ****   }
1057:platform/HAL/src/stm32g4xx_hal_dma.c ****   else
1058:platform/HAL/src/stm32g4xx_hal_dma.c ****   {
1059:platform/HAL/src/stm32g4xx_hal_dma.c ****     /* DMA2 */
1060:platform/HAL/src/stm32g4xx_hal_dma.c **** #if defined (STM32G471xx) || defined (STM32G473xx) || defined (STM32G474xx) || defined (STM32G414xx
1061:platform/HAL/src/stm32g4xx_hal_dma.c ****     DMAMUX1_ChannelBase = DMAMUX1_Channel8;
1062:platform/HAL/src/stm32g4xx_hal_dma.c **** #elif defined (STM32G411xB) || defined (STM32G431xx) || defined (STM32G441xx) || defined (STM32GBK1
1063:platform/HAL/src/stm32g4xx_hal_dma.c ****     DMAMUX1_ChannelBase = DMAMUX1_Channel6;
1064:platform/HAL/src/stm32g4xx_hal_dma.c **** #else
1065:platform/HAL/src/stm32g4xx_hal_dma.c ****     DMAMUX1_ChannelBase = DMAMUX1_Channel7;
1066:platform/HAL/src/stm32g4xx_hal_dma.c **** #endif /* STM32G4x1xx) */
1067:platform/HAL/src/stm32g4xx_hal_dma.c ****   }
1068:platform/HAL/src/stm32g4xx_hal_dma.c ****   dmamux_base_addr = (uint32_t)DMAMUX1_ChannelBase;
 148              		.loc 1 1068 3 is_stmt 1 view .LVU43
1069:platform/HAL/src/stm32g4xx_hal_dma.c ****   channel_number = (((uint32_t)hdma->Instance & 0xFFU) - 8U) / 20U;
 149              		.loc 1 1069 3 view .LVU44
 150              		.loc 1 1069 47 is_stmt 0 view .LVU45
 151 000a DBB2     		uxtb	r3, r3
 152              		.loc 1 1069 56 view .LVU46
 153 000c 083B     		subs	r3, r3, #8
 154              		.loc 1 1069 18 view .LVU47
 155 000e 0B4A     		ldr	r2, .L10+8
 156 0010 A2FB0323 		umull	r2, r3, r2, r3
 157              	.LVL7:
1070:platform/HAL/src/stm32g4xx_hal_dma.c ****   hdma->DMAmuxChannel = (DMAMUX_Channel_TypeDef *)(uint32_t)(dmamux_base_addr + ((hdma->ChannelInde
 158              		.loc 1 1070 3 is_stmt 1 view .LVU48
 159              		.loc 1 1070 87 is_stmt 0 view .LVU49
 160 0014 426C     		ldr	r2, [r0, #68]
 161              		.loc 1 1070 109 view .LVU50
 162 0016 22F00302 		bic	r2, r2, #3
 163              		.loc 1 1070 51 view .LVU51
 164 001a 0A44     		add	r2, r2, r1
 165              		.loc 1 1070 23 view .LVU52
 166 001c 8264     		str	r2, [r0, #72]
1071:platform/HAL/src/stm32g4xx_hal_dma.c ****   hdma->DMAmuxChannelStatus = DMAMUX1_ChannelStatus;
 167              		.loc 1 1071 3 is_stmt 1 view .LVU53
 168              		.loc 1 1071 29 is_stmt 0 view .LVU54
 169 001e 084A     		ldr	r2, .L10+12
 170 0020 C264     		str	r2, [r0, #76]
1072:platform/HAL/src/stm32g4xx_hal_dma.c ****   hdma->DMAmuxChannelStatusMask = 1UL << (channel_number & 0x1FU);
 171              		.loc 1 1072 3 is_stmt 1 view .LVU55
 172              		.loc 1 1072 58 is_stmt 0 view .LVU56
 173 0022 C3F30413 		ubfx	r3, r3, #4, #5
 174              	.LVL8:
 175              		.loc 1 1072 39 view .LVU57
 176 0026 0122     		movs	r2, #1
 177 0028 02FA03F3 		lsl	r3, r2, r3
 178              		.loc 1 1072 33 view .LVU58
 179 002c 0365     		str	r3, [r0, #80]
ARM GAS  /tmp/ccogJh6P.s 			page 23


1073:platform/HAL/src/stm32g4xx_hal_dma.c **** }
 180              		.loc 1 1073 1 view .LVU59
 181 002e 7047     		bx	lr
 182              	.LVL9:
 183              	.L9:
1061:platform/HAL/src/stm32g4xx_hal_dma.c **** #elif defined (STM32G411xB) || defined (STM32G431xx) || defined (STM32G441xx) || defined (STM32GBK1
 184              		.loc 1 1061 25 view .LVU60
 185 0030 0449     		ldr	r1, .L10+16
 186 0032 EAE7     		b	.L8
 187              	.L11:
 188              		.align	2
 189              	.L10:
 190 0034 07040240 		.word	1073873927
 191 0038 00080240 		.word	1073874944
 192 003c CDCCCCCC 		.word	-858993459
 193 0040 80080240 		.word	1073875072
 194 0044 20080240 		.word	1073874976
 195              		.cfi_endproc
 196              	.LFE342:
 198              		.section	.text.DMA_CalcDMAMUXRequestGenBaseAndMask,"ax",%progbits
 199              		.align	1
 200              		.syntax unified
 201              		.thumb
 202              		.thumb_func
 204              	DMA_CalcDMAMUXRequestGenBaseAndMask:
 205              	.LVL10:
 206              	.LFB343:
1074:platform/HAL/src/stm32g4xx_hal_dma.c **** 
1075:platform/HAL/src/stm32g4xx_hal_dma.c **** /**
1076:platform/HAL/src/stm32g4xx_hal_dma.c ****   * @brief  Updates the DMA handle with the DMAMUX  request generator params
1077:platform/HAL/src/stm32g4xx_hal_dma.c ****   * @param  hdma        pointer to a DMA_HandleTypeDef structure that contains
1078:platform/HAL/src/stm32g4xx_hal_dma.c ****   *                     the configuration information for the specified DMA Channel.
1079:platform/HAL/src/stm32g4xx_hal_dma.c ****   * @retval None
1080:platform/HAL/src/stm32g4xx_hal_dma.c ****   */
1081:platform/HAL/src/stm32g4xx_hal_dma.c **** 
1082:platform/HAL/src/stm32g4xx_hal_dma.c **** static void DMA_CalcDMAMUXRequestGenBaseAndMask(DMA_HandleTypeDef *hdma)
1083:platform/HAL/src/stm32g4xx_hal_dma.c **** {
 207              		.loc 1 1083 1 is_stmt 1 view -0
 208              		.cfi_startproc
 209              		@ args = 0, pretend = 0, frame = 0
 210              		@ frame_needed = 0, uses_anonymous_args = 0
 211              		@ link register save eliminated.
1084:platform/HAL/src/stm32g4xx_hal_dma.c ****   uint32_t request =  hdma->Init.Request & DMAMUX_CxCR_DMAREQ_ID;
 212              		.loc 1 1084 3 view .LVU62
 213              		.loc 1 1084 33 is_stmt 0 view .LVU63
 214 0000 4368     		ldr	r3, [r0, #4]
 215              		.loc 1 1084 12 view .LVU64
 216 0002 03F07F03 		and	r3, r3, #127
 217              	.LVL11:
1085:platform/HAL/src/stm32g4xx_hal_dma.c **** 
1086:platform/HAL/src/stm32g4xx_hal_dma.c ****   /* DMA Channels are connected to DMAMUX1 request generator blocks*/
1087:platform/HAL/src/stm32g4xx_hal_dma.c ****   hdma->DMAmuxRequestGen = (DMAMUX_RequestGen_TypeDef *)((uint32_t)(((uint32_t)DMAMUX1_RequestGener
 218              		.loc 1 1087 3 is_stmt 1 view .LVU65
 219              		.loc 1 1087 58 is_stmt 0 view .LVU66
 220 0006 074A     		ldr	r2, .L13
 221 0008 1A44     		add	r2, r2, r3
 222 000a 9200     		lsls	r2, r2, #2
ARM GAS  /tmp/ccogJh6P.s 			page 24


 223              		.loc 1 1087 26 view .LVU67
 224 000c 4265     		str	r2, [r0, #84]
1088:platform/HAL/src/stm32g4xx_hal_dma.c **** 
1089:platform/HAL/src/stm32g4xx_hal_dma.c ****   hdma->DMAmuxRequestGenStatus = DMAMUX1_RequestGenStatus;
 225              		.loc 1 1089 3 is_stmt 1 view .LVU68
 226              		.loc 1 1089 32 is_stmt 0 view .LVU69
 227 000e 064A     		ldr	r2, .L13+4
 228 0010 8265     		str	r2, [r0, #88]
1090:platform/HAL/src/stm32g4xx_hal_dma.c **** 
1091:platform/HAL/src/stm32g4xx_hal_dma.c ****   hdma->DMAmuxRequestGenStatusMask = 1UL << ((request - 1U) & 0x1FU);
 229              		.loc 1 1091 3 is_stmt 1 view .LVU70
 230              		.loc 1 1091 55 is_stmt 0 view .LVU71
 231 0012 013B     		subs	r3, r3, #1
 232              	.LVL12:
 233              		.loc 1 1091 61 view .LVU72
 234 0014 03F01F03 		and	r3, r3, #31
 235              	.LVL13:
 236              		.loc 1 1091 42 view .LVU73
 237 0018 0122     		movs	r2, #1
 238 001a 02FA03F3 		lsl	r3, r2, r3
 239              		.loc 1 1091 36 view .LVU74
 240 001e C365     		str	r3, [r0, #92]
1092:platform/HAL/src/stm32g4xx_hal_dma.c **** }
 241              		.loc 1 1092 1 view .LVU75
 242 0020 7047     		bx	lr
 243              	.L14:
 244 0022 00BF     		.align	2
 245              	.L13:
 246 0024 3F820010 		.word	268468799
 247 0028 40090240 		.word	1073875264
 248              		.cfi_endproc
 249              	.LFE343:
 251              		.section	.text.HAL_DMA_Init,"ax",%progbits
 252              		.align	1
 253              		.global	HAL_DMA_Init
 254              		.syntax unified
 255              		.thumb
 256              		.thumb_func
 258              	HAL_DMA_Init:
 259              	.LVL14:
 260              	.LFB329:
 153:platform/HAL/src/stm32g4xx_hal_dma.c ****   uint32_t tmp;
 261              		.loc 1 153 1 is_stmt 1 view -0
 262              		.cfi_startproc
 263              		@ args = 0, pretend = 0, frame = 0
 264              		@ frame_needed = 0, uses_anonymous_args = 0
 154:platform/HAL/src/stm32g4xx_hal_dma.c **** 
 265              		.loc 1 154 3 view .LVU77
 157:platform/HAL/src/stm32g4xx_hal_dma.c ****   {
 266              		.loc 1 157 3 view .LVU78
 157:platform/HAL/src/stm32g4xx_hal_dma.c ****   {
 267              		.loc 1 157 6 is_stmt 0 view .LVU79
 268 0000 0028     		cmp	r0, #0
 269 0002 5BD0     		beq	.L22
 153:platform/HAL/src/stm32g4xx_hal_dma.c ****   uint32_t tmp;
 270              		.loc 1 153 1 view .LVU80
 271 0004 10B5     		push	{r4, lr}
ARM GAS  /tmp/ccogJh6P.s 			page 25


 272              	.LCFI3:
 273              		.cfi_def_cfa_offset 8
 274              		.cfi_offset 4, -8
 275              		.cfi_offset 14, -4
 276 0006 0446     		mov	r4, r0
 163:platform/HAL/src/stm32g4xx_hal_dma.c ****   assert_param(IS_DMA_DIRECTION(hdma->Init.Direction));
 277              		.loc 1 163 3 is_stmt 1 view .LVU81
 164:platform/HAL/src/stm32g4xx_hal_dma.c ****   assert_param(IS_DMA_PERIPHERAL_INC_STATE(hdma->Init.PeriphInc));
 278              		.loc 1 164 3 view .LVU82
 165:platform/HAL/src/stm32g4xx_hal_dma.c ****   assert_param(IS_DMA_MEMORY_INC_STATE(hdma->Init.MemInc));
 279              		.loc 1 165 3 view .LVU83
 166:platform/HAL/src/stm32g4xx_hal_dma.c ****   assert_param(IS_DMA_PERIPHERAL_DATA_SIZE(hdma->Init.PeriphDataAlignment));
 280              		.loc 1 166 3 view .LVU84
 167:platform/HAL/src/stm32g4xx_hal_dma.c ****   assert_param(IS_DMA_MEMORY_DATA_SIZE(hdma->Init.MemDataAlignment));
 281              		.loc 1 167 3 view .LVU85
 168:platform/HAL/src/stm32g4xx_hal_dma.c ****   assert_param(IS_DMA_MODE(hdma->Init.Mode));
 282              		.loc 1 168 3 view .LVU86
 169:platform/HAL/src/stm32g4xx_hal_dma.c ****   assert_param(IS_DMA_PRIORITY(hdma->Init.Priority));
 283              		.loc 1 169 3 view .LVU87
 170:platform/HAL/src/stm32g4xx_hal_dma.c **** 
 284              		.loc 1 170 3 view .LVU88
 172:platform/HAL/src/stm32g4xx_hal_dma.c **** 
 285              		.loc 1 172 3 view .LVU89
 175:platform/HAL/src/stm32g4xx_hal_dma.c ****   {
 286              		.loc 1 175 3 view .LVU90
 175:platform/HAL/src/stm32g4xx_hal_dma.c ****   {
 287              		.loc 1 175 22 is_stmt 0 view .LVU91
 288 0008 0268     		ldr	r2, [r0]
 175:platform/HAL/src/stm32g4xx_hal_dma.c ****   {
 289              		.loc 1 175 6 view .LVU92
 290 000a 2D4B     		ldr	r3, .L29
 291 000c 9A42     		cmp	r2, r3
 292 000e 3DD8     		bhi	.L17
 178:platform/HAL/src/stm32g4xx_hal_dma.c ****     hdma->DmaBaseAddress = DMA1;
 293              		.loc 1 178 5 is_stmt 1 view .LVU93
 178:platform/HAL/src/stm32g4xx_hal_dma.c ****     hdma->DmaBaseAddress = DMA1;
 294              		.loc 1 178 53 is_stmt 0 view .LVU94
 295 0010 2C4B     		ldr	r3, .L29+4
 296 0012 1344     		add	r3, r3, r2
 178:platform/HAL/src/stm32g4xx_hal_dma.c ****     hdma->DmaBaseAddress = DMA1;
 297              		.loc 1 178 80 view .LVU95
 298 0014 2C49     		ldr	r1, .L29+8
 299 0016 A1FB0313 		umull	r1, r3, r1, r3
 300 001a 1B09     		lsrs	r3, r3, #4
 178:platform/HAL/src/stm32g4xx_hal_dma.c ****     hdma->DmaBaseAddress = DMA1;
 301              		.loc 1 178 135 view .LVU96
 302 001c 9B00     		lsls	r3, r3, #2
 178:platform/HAL/src/stm32g4xx_hal_dma.c ****     hdma->DmaBaseAddress = DMA1;
 303              		.loc 1 178 24 view .LVU97
 304 001e 4364     		str	r3, [r0, #68]
 179:platform/HAL/src/stm32g4xx_hal_dma.c ****   }
 305              		.loc 1 179 5 is_stmt 1 view .LVU98
 179:platform/HAL/src/stm32g4xx_hal_dma.c ****   }
 306              		.loc 1 179 26 is_stmt 0 view .LVU99
 307 0020 2A4B     		ldr	r3, .L29+12
 308 0022 0364     		str	r3, [r0, #64]
 309              	.L18:
ARM GAS  /tmp/ccogJh6P.s 			page 26


 189:platform/HAL/src/stm32g4xx_hal_dma.c **** 
 310              		.loc 1 189 3 is_stmt 1 view .LVU100
 189:platform/HAL/src/stm32g4xx_hal_dma.c **** 
 311              		.loc 1 189 15 is_stmt 0 view .LVU101
 312 0024 0223     		movs	r3, #2
 313 0026 84F82530 		strb	r3, [r4, #37]
 192:platform/HAL/src/stm32g4xx_hal_dma.c **** 
 314              		.loc 1 192 3 is_stmt 1 view .LVU102
 192:platform/HAL/src/stm32g4xx_hal_dma.c **** 
 315              		.loc 1 192 7 is_stmt 0 view .LVU103
 316 002a 1168     		ldr	r1, [r2]
 317              	.LVL15:
 195:platform/HAL/src/stm32g4xx_hal_dma.c ****                       DMA_CCR_MINC  | DMA_CCR_PINC   | DMA_CCR_CIRC   |
 318              		.loc 1 195 3 is_stmt 1 view .LVU104
 195:platform/HAL/src/stm32g4xx_hal_dma.c ****                       DMA_CCR_MINC  | DMA_CCR_PINC   | DMA_CCR_CIRC   |
 319              		.loc 1 195 7 is_stmt 0 view .LVU105
 320 002c 6FF30E11 		bfc	r1, #4, #11
 321              	.LVL16:
 200:platform/HAL/src/stm32g4xx_hal_dma.c ****           hdma->Init.PeriphInc           | hdma->Init.MemInc           |
 322              		.loc 1 200 3 is_stmt 1 view .LVU106
 200:platform/HAL/src/stm32g4xx_hal_dma.c ****           hdma->Init.PeriphInc           | hdma->Init.MemInc           |
 323              		.loc 1 200 21 is_stmt 0 view .LVU107
 324 0030 A368     		ldr	r3, [r4, #8]
 201:platform/HAL/src/stm32g4xx_hal_dma.c ****           hdma->Init.PeriphDataAlignment | hdma->Init.MemDataAlignment |
 325              		.loc 1 201 21 view .LVU108
 326 0032 E068     		ldr	r0, [r4, #12]
 327              	.LVL17:
 200:platform/HAL/src/stm32g4xx_hal_dma.c ****           hdma->Init.PeriphInc           | hdma->Init.MemInc           |
 328              		.loc 1 200 39 view .LVU109
 329 0034 0343     		orrs	r3, r3, r0
 201:platform/HAL/src/stm32g4xx_hal_dma.c ****           hdma->Init.PeriphDataAlignment | hdma->Init.MemDataAlignment |
 330              		.loc 1 201 54 view .LVU110
 331 0036 2069     		ldr	r0, [r4, #16]
 201:platform/HAL/src/stm32g4xx_hal_dma.c ****           hdma->Init.PeriphDataAlignment | hdma->Init.MemDataAlignment |
 332              		.loc 1 201 42 view .LVU111
 333 0038 0343     		orrs	r3, r3, r0
 202:platform/HAL/src/stm32g4xx_hal_dma.c ****           hdma->Init.Mode                | hdma->Init.Priority;
 334              		.loc 1 202 21 view .LVU112
 335 003a 6069     		ldr	r0, [r4, #20]
 201:platform/HAL/src/stm32g4xx_hal_dma.c ****           hdma->Init.PeriphDataAlignment | hdma->Init.MemDataAlignment |
 336              		.loc 1 201 72 view .LVU113
 337 003c 0343     		orrs	r3, r3, r0
 202:platform/HAL/src/stm32g4xx_hal_dma.c ****           hdma->Init.Mode                | hdma->Init.Priority;
 338              		.loc 1 202 54 view .LVU114
 339 003e A069     		ldr	r0, [r4, #24]
 202:platform/HAL/src/stm32g4xx_hal_dma.c ****           hdma->Init.Mode                | hdma->Init.Priority;
 340              		.loc 1 202 42 view .LVU115
 341 0040 0343     		orrs	r3, r3, r0
 203:platform/HAL/src/stm32g4xx_hal_dma.c **** 
 342              		.loc 1 203 21 view .LVU116
 343 0042 E069     		ldr	r0, [r4, #28]
 202:platform/HAL/src/stm32g4xx_hal_dma.c ****           hdma->Init.Mode                | hdma->Init.Priority;
 344              		.loc 1 202 72 view .LVU117
 345 0044 0343     		orrs	r3, r3, r0
 203:platform/HAL/src/stm32g4xx_hal_dma.c **** 
 346              		.loc 1 203 54 view .LVU118
 347 0046 206A     		ldr	r0, [r4, #32]
ARM GAS  /tmp/ccogJh6P.s 			page 27


 203:platform/HAL/src/stm32g4xx_hal_dma.c **** 
 348              		.loc 1 203 42 view .LVU119
 349 0048 0343     		orrs	r3, r3, r0
 200:platform/HAL/src/stm32g4xx_hal_dma.c ****           hdma->Init.PeriphInc           | hdma->Init.MemInc           |
 350              		.loc 1 200 7 view .LVU120
 351 004a 0B43     		orrs	r3, r3, r1
 352              	.LVL18:
 206:platform/HAL/src/stm32g4xx_hal_dma.c **** 
 353              		.loc 1 206 3 is_stmt 1 view .LVU121
 206:platform/HAL/src/stm32g4xx_hal_dma.c **** 
 354              		.loc 1 206 23 is_stmt 0 view .LVU122
 355 004c 1360     		str	r3, [r2]
 211:platform/HAL/src/stm32g4xx_hal_dma.c **** 
 356              		.loc 1 211 3 is_stmt 1 view .LVU123
 357 004e 2046     		mov	r0, r4
 358 0050 FFF7FEFF 		bl	DMA_CalcDMAMUXChannelBaseAndMask
 359              	.LVL19:
 213:platform/HAL/src/stm32g4xx_hal_dma.c ****   {
 360              		.loc 1 213 3 view .LVU124
 213:platform/HAL/src/stm32g4xx_hal_dma.c ****   {
 361              		.loc 1 213 17 is_stmt 0 view .LVU125
 362 0054 A368     		ldr	r3, [r4, #8]
 213:platform/HAL/src/stm32g4xx_hal_dma.c ****   {
 363              		.loc 1 213 6 view .LVU126
 364 0056 B3F5804F 		cmp	r3, #16384
 365 005a 22D0     		beq	.L27
 366              	.L19:
 220:platform/HAL/src/stm32g4xx_hal_dma.c **** 
 367              		.loc 1 220 3 is_stmt 1 view .LVU127
 220:platform/HAL/src/stm32g4xx_hal_dma.c **** 
 368              		.loc 1 220 41 is_stmt 0 view .LVU128
 369 005c 6368     		ldr	r3, [r4, #4]
 220:platform/HAL/src/stm32g4xx_hal_dma.c **** 
 370              		.loc 1 220 7 view .LVU129
 371 005e A26C     		ldr	r2, [r4, #72]
 220:platform/HAL/src/stm32g4xx_hal_dma.c **** 
 372              		.loc 1 220 50 view .LVU130
 373 0060 03F07F03 		and	r3, r3, #127
 220:platform/HAL/src/stm32g4xx_hal_dma.c **** 
 374              		.loc 1 220 28 view .LVU131
 375 0064 1360     		str	r3, [r2]
 223:platform/HAL/src/stm32g4xx_hal_dma.c **** 
 376              		.loc 1 223 3 is_stmt 1 view .LVU132
 223:platform/HAL/src/stm32g4xx_hal_dma.c **** 
 377              		.loc 1 223 7 is_stmt 0 view .LVU133
 378 0066 E36C     		ldr	r3, [r4, #76]
 223:platform/HAL/src/stm32g4xx_hal_dma.c **** 
 379              		.loc 1 223 40 view .LVU134
 380 0068 226D     		ldr	r2, [r4, #80]
 223:platform/HAL/src/stm32g4xx_hal_dma.c **** 
 381              		.loc 1 223 34 view .LVU135
 382 006a 5A60     		str	r2, [r3, #4]
 225:platform/HAL/src/stm32g4xx_hal_dma.c ****   {
 383              		.loc 1 225 3 is_stmt 1 view .LVU136
 225:platform/HAL/src/stm32g4xx_hal_dma.c ****   {
 384              		.loc 1 225 19 is_stmt 0 view .LVU137
 385 006c 6368     		ldr	r3, [r4, #4]
ARM GAS  /tmp/ccogJh6P.s 			page 28


 225:platform/HAL/src/stm32g4xx_hal_dma.c ****   {
 386              		.loc 1 225 35 view .LVU138
 387 006e 013B     		subs	r3, r3, #1
 225:platform/HAL/src/stm32g4xx_hal_dma.c ****   {
 388              		.loc 1 225 6 view .LVU139
 389 0070 032B     		cmp	r3, #3
 390 0072 19D9     		bls	.L28
 240:platform/HAL/src/stm32g4xx_hal_dma.c ****     hdma->DMAmuxRequestGenStatus = 0U;
 391              		.loc 1 240 5 is_stmt 1 view .LVU140
 240:platform/HAL/src/stm32g4xx_hal_dma.c ****     hdma->DMAmuxRequestGenStatus = 0U;
 392              		.loc 1 240 28 is_stmt 0 view .LVU141
 393 0074 0023     		movs	r3, #0
 394 0076 6365     		str	r3, [r4, #84]
 241:platform/HAL/src/stm32g4xx_hal_dma.c ****     hdma->DMAmuxRequestGenStatusMask = 0U;
 395              		.loc 1 241 5 is_stmt 1 view .LVU142
 241:platform/HAL/src/stm32g4xx_hal_dma.c ****     hdma->DMAmuxRequestGenStatusMask = 0U;
 396              		.loc 1 241 34 is_stmt 0 view .LVU143
 397 0078 A365     		str	r3, [r4, #88]
 242:platform/HAL/src/stm32g4xx_hal_dma.c ****   }
 398              		.loc 1 242 5 is_stmt 1 view .LVU144
 242:platform/HAL/src/stm32g4xx_hal_dma.c ****   }
 399              		.loc 1 242 38 is_stmt 0 view .LVU145
 400 007a E365     		str	r3, [r4, #92]
 401              	.L21:
 246:platform/HAL/src/stm32g4xx_hal_dma.c **** 
 402              		.loc 1 246 3 is_stmt 1 view .LVU146
 246:platform/HAL/src/stm32g4xx_hal_dma.c **** 
 403              		.loc 1 246 19 is_stmt 0 view .LVU147
 404 007c 0020     		movs	r0, #0
 405 007e E063     		str	r0, [r4, #60]
 249:platform/HAL/src/stm32g4xx_hal_dma.c **** 
 406              		.loc 1 249 3 is_stmt 1 view .LVU148
 249:platform/HAL/src/stm32g4xx_hal_dma.c **** 
 407              		.loc 1 249 16 is_stmt 0 view .LVU149
 408 0080 0123     		movs	r3, #1
 409 0082 84F82530 		strb	r3, [r4, #37]
 252:platform/HAL/src/stm32g4xx_hal_dma.c **** 
 410              		.loc 1 252 3 is_stmt 1 view .LVU150
 252:platform/HAL/src/stm32g4xx_hal_dma.c **** 
 411              		.loc 1 252 14 is_stmt 0 view .LVU151
 412 0086 84F82400 		strb	r0, [r4, #36]
 254:platform/HAL/src/stm32g4xx_hal_dma.c **** }
 413              		.loc 1 254 3 is_stmt 1 view .LVU152
 255:platform/HAL/src/stm32g4xx_hal_dma.c **** 
 414              		.loc 1 255 1 is_stmt 0 view .LVU153
 415 008a 10BD     		pop	{r4, pc}
 416              	.LVL20:
 417              	.L17:
 184:platform/HAL/src/stm32g4xx_hal_dma.c ****     hdma->DmaBaseAddress = DMA2;
 418              		.loc 1 184 5 is_stmt 1 view .LVU154
 184:platform/HAL/src/stm32g4xx_hal_dma.c ****     hdma->DmaBaseAddress = DMA2;
 419              		.loc 1 184 53 is_stmt 0 view .LVU155
 420 008c 104B     		ldr	r3, .L29+16
 421 008e 1344     		add	r3, r3, r2
 184:platform/HAL/src/stm32g4xx_hal_dma.c ****     hdma->DmaBaseAddress = DMA2;
 422              		.loc 1 184 80 view .LVU156
 423 0090 0D49     		ldr	r1, .L29+8
ARM GAS  /tmp/ccogJh6P.s 			page 29


 424 0092 A1FB0313 		umull	r1, r3, r1, r3
 425 0096 1B09     		lsrs	r3, r3, #4
 184:platform/HAL/src/stm32g4xx_hal_dma.c ****     hdma->DmaBaseAddress = DMA2;
 426              		.loc 1 184 135 view .LVU157
 427 0098 9B00     		lsls	r3, r3, #2
 184:platform/HAL/src/stm32g4xx_hal_dma.c ****     hdma->DmaBaseAddress = DMA2;
 428              		.loc 1 184 24 view .LVU158
 429 009a 4364     		str	r3, [r0, #68]
 185:platform/HAL/src/stm32g4xx_hal_dma.c ****   }
 430              		.loc 1 185 5 is_stmt 1 view .LVU159
 185:platform/HAL/src/stm32g4xx_hal_dma.c ****   }
 431              		.loc 1 185 26 is_stmt 0 view .LVU160
 432 009c 0D4B     		ldr	r3, .L29+20
 433 009e 0364     		str	r3, [r0, #64]
 434 00a0 C0E7     		b	.L18
 435              	.LVL21:
 436              	.L27:
 216:platform/HAL/src/stm32g4xx_hal_dma.c ****   }
 437              		.loc 1 216 5 is_stmt 1 view .LVU161
 216:platform/HAL/src/stm32g4xx_hal_dma.c ****   }
 438              		.loc 1 216 24 is_stmt 0 view .LVU162
 439 00a2 0023     		movs	r3, #0
 440 00a4 6360     		str	r3, [r4, #4]
 441 00a6 D9E7     		b	.L19
 442              	.L28:
 230:platform/HAL/src/stm32g4xx_hal_dma.c **** 
 443              		.loc 1 230 5 is_stmt 1 view .LVU163
 444 00a8 2046     		mov	r0, r4
 445 00aa FFF7FEFF 		bl	DMA_CalcDMAMUXRequestGenBaseAndMask
 446              	.LVL22:
 233:platform/HAL/src/stm32g4xx_hal_dma.c **** 
 447              		.loc 1 233 5 view .LVU164
 233:platform/HAL/src/stm32g4xx_hal_dma.c **** 
 448              		.loc 1 233 9 is_stmt 0 view .LVU165
 449 00ae 636D     		ldr	r3, [r4, #84]
 233:platform/HAL/src/stm32g4xx_hal_dma.c **** 
 450              		.loc 1 233 34 view .LVU166
 451 00b0 0022     		movs	r2, #0
 452 00b2 1A60     		str	r2, [r3]
 236:platform/HAL/src/stm32g4xx_hal_dma.c ****   }
 453              		.loc 1 236 5 is_stmt 1 view .LVU167
 236:platform/HAL/src/stm32g4xx_hal_dma.c ****   }
 454              		.loc 1 236 9 is_stmt 0 view .LVU168
 455 00b4 A36D     		ldr	r3, [r4, #88]
 236:platform/HAL/src/stm32g4xx_hal_dma.c ****   }
 456              		.loc 1 236 47 view .LVU169
 457 00b6 E26D     		ldr	r2, [r4, #92]
 236:platform/HAL/src/stm32g4xx_hal_dma.c ****   }
 458              		.loc 1 236 41 view .LVU170
 459 00b8 5A60     		str	r2, [r3, #4]
 460 00ba DFE7     		b	.L21
 461              	.LVL23:
 462              	.L22:
 463              	.LCFI4:
 464              		.cfi_def_cfa_offset 0
 465              		.cfi_restore 4
 466              		.cfi_restore 14
ARM GAS  /tmp/ccogJh6P.s 			page 30


 159:platform/HAL/src/stm32g4xx_hal_dma.c ****   }
 467              		.loc 1 159 12 view .LVU171
 468 00bc 0120     		movs	r0, #1
 469              	.LVL24:
 255:platform/HAL/src/stm32g4xx_hal_dma.c **** 
 470              		.loc 1 255 1 view .LVU172
 471 00be 7047     		bx	lr
 472              	.L30:
 473              		.align	2
 474              	.L29:
 475 00c0 07040240 		.word	1073873927
 476 00c4 F8FFFDBF 		.word	-1073872904
 477 00c8 CDCCCCCC 		.word	-858993459
 478 00cc 00000240 		.word	1073872896
 479 00d0 F8FBFDBF 		.word	-1073873928
 480 00d4 00040240 		.word	1073873920
 481              		.cfi_endproc
 482              	.LFE329:
 484              		.section	.text.HAL_DMA_DeInit,"ax",%progbits
 485              		.align	1
 486              		.global	HAL_DMA_DeInit
 487              		.syntax unified
 488              		.thumb
 489              		.thumb_func
 491              	HAL_DMA_DeInit:
 492              	.LVL25:
 493              	.LFB330:
 264:platform/HAL/src/stm32g4xx_hal_dma.c **** 
 494              		.loc 1 264 1 is_stmt 1 view -0
 495              		.cfi_startproc
 496              		@ args = 0, pretend = 0, frame = 0
 497              		@ frame_needed = 0, uses_anonymous_args = 0
 267:platform/HAL/src/stm32g4xx_hal_dma.c ****   {
 498              		.loc 1 267 3 view .LVU174
 267:platform/HAL/src/stm32g4xx_hal_dma.c ****   {
 499              		.loc 1 267 6 is_stmt 0 view .LVU175
 500 0000 0028     		cmp	r0, #0
 501 0002 4BD0     		beq	.L36
 264:platform/HAL/src/stm32g4xx_hal_dma.c **** 
 502              		.loc 1 264 1 view .LVU176
 503 0004 38B5     		push	{r3, r4, r5, lr}
 504              	.LCFI5:
 505              		.cfi_def_cfa_offset 16
 506              		.cfi_offset 3, -16
 507              		.cfi_offset 4, -12
 508              		.cfi_offset 5, -8
 509              		.cfi_offset 14, -4
 510 0006 0446     		mov	r4, r0
 273:platform/HAL/src/stm32g4xx_hal_dma.c **** 
 511              		.loc 1 273 3 is_stmt 1 view .LVU177
 276:platform/HAL/src/stm32g4xx_hal_dma.c **** 
 512              		.loc 1 276 3 view .LVU178
 513 0008 0268     		ldr	r2, [r0]
 514 000a 1368     		ldr	r3, [r2]
 515 000c 23F00103 		bic	r3, r3, #1
 516 0010 1360     		str	r3, [r2]
 279:platform/HAL/src/stm32g4xx_hal_dma.c ****   {
ARM GAS  /tmp/ccogJh6P.s 			page 31


 517              		.loc 1 279 3 view .LVU179
 279:platform/HAL/src/stm32g4xx_hal_dma.c ****   {
 518              		.loc 1 279 22 is_stmt 0 view .LVU180
 519 0012 0268     		ldr	r2, [r0]
 279:platform/HAL/src/stm32g4xx_hal_dma.c ****   {
 520              		.loc 1 279 6 view .LVU181
 521 0014 224B     		ldr	r3, .L42
 522 0016 9A42     		cmp	r2, r3
 523 0018 2CD8     		bhi	.L33
 282:platform/HAL/src/stm32g4xx_hal_dma.c ****     hdma->DmaBaseAddress = DMA1;
 524              		.loc 1 282 5 is_stmt 1 view .LVU182
 282:platform/HAL/src/stm32g4xx_hal_dma.c ****     hdma->DmaBaseAddress = DMA1;
 525              		.loc 1 282 53 is_stmt 0 view .LVU183
 526 001a 224B     		ldr	r3, .L42+4
 527 001c 1344     		add	r3, r3, r2
 282:platform/HAL/src/stm32g4xx_hal_dma.c ****     hdma->DmaBaseAddress = DMA1;
 528              		.loc 1 282 80 view .LVU184
 529 001e 2249     		ldr	r1, .L42+8
 530 0020 A1FB0313 		umull	r1, r3, r1, r3
 531 0024 1B09     		lsrs	r3, r3, #4
 282:platform/HAL/src/stm32g4xx_hal_dma.c ****     hdma->DmaBaseAddress = DMA1;
 532              		.loc 1 282 135 view .LVU185
 533 0026 9B00     		lsls	r3, r3, #2
 282:platform/HAL/src/stm32g4xx_hal_dma.c ****     hdma->DmaBaseAddress = DMA1;
 534              		.loc 1 282 24 view .LVU186
 535 0028 4364     		str	r3, [r0, #68]
 283:platform/HAL/src/stm32g4xx_hal_dma.c ****   }
 536              		.loc 1 283 5 is_stmt 1 view .LVU187
 283:platform/HAL/src/stm32g4xx_hal_dma.c ****   }
 537              		.loc 1 283 26 is_stmt 0 view .LVU188
 538 002a 204B     		ldr	r3, .L42+12
 539 002c 0364     		str	r3, [r0, #64]
 540              	.L34:
 293:platform/HAL/src/stm32g4xx_hal_dma.c **** 
 541              		.loc 1 293 3 is_stmt 1 view .LVU189
 293:platform/HAL/src/stm32g4xx_hal_dma.c **** 
 542              		.loc 1 293 24 is_stmt 0 view .LVU190
 543 002e 0025     		movs	r5, #0
 544 0030 1560     		str	r5, [r2]
 296:platform/HAL/src/stm32g4xx_hal_dma.c **** 
 545              		.loc 1 296 3 is_stmt 1 view .LVU191
 296:platform/HAL/src/stm32g4xx_hal_dma.c **** 
 546              		.loc 1 296 54 is_stmt 0 view .LVU192
 547 0032 636C     		ldr	r3, [r4, #68]
 296:platform/HAL/src/stm32g4xx_hal_dma.c **** 
 548              		.loc 1 296 69 view .LVU193
 549 0034 03F01F02 		and	r2, r3, #31
 296:platform/HAL/src/stm32g4xx_hal_dma.c **** 
 550              		.loc 1 296 7 view .LVU194
 551 0038 216C     		ldr	r1, [r4, #64]
 296:platform/HAL/src/stm32g4xx_hal_dma.c **** 
 552              		.loc 1 296 46 view .LVU195
 553 003a 0123     		movs	r3, #1
 554 003c 9340     		lsls	r3, r3, r2
 296:platform/HAL/src/stm32g4xx_hal_dma.c **** 
 555              		.loc 1 296 30 view .LVU196
 556 003e 4B60     		str	r3, [r1, #4]
ARM GAS  /tmp/ccogJh6P.s 			page 32


 301:platform/HAL/src/stm32g4xx_hal_dma.c **** 
 557              		.loc 1 301 3 is_stmt 1 view .LVU197
 558 0040 2046     		mov	r0, r4
 559              	.LVL26:
 301:platform/HAL/src/stm32g4xx_hal_dma.c **** 
 560              		.loc 1 301 3 is_stmt 0 view .LVU198
 561 0042 FFF7FEFF 		bl	DMA_CalcDMAMUXChannelBaseAndMask
 562              	.LVL27:
 304:platform/HAL/src/stm32g4xx_hal_dma.c **** 
 563              		.loc 1 304 3 is_stmt 1 view .LVU199
 304:platform/HAL/src/stm32g4xx_hal_dma.c **** 
 564              		.loc 1 304 7 is_stmt 0 view .LVU200
 565 0046 A36C     		ldr	r3, [r4, #72]
 304:platform/HAL/src/stm32g4xx_hal_dma.c **** 
 566              		.loc 1 304 28 view .LVU201
 567 0048 1D60     		str	r5, [r3]
 307:platform/HAL/src/stm32g4xx_hal_dma.c **** 
 568              		.loc 1 307 3 is_stmt 1 view .LVU202
 307:platform/HAL/src/stm32g4xx_hal_dma.c **** 
 569              		.loc 1 307 7 is_stmt 0 view .LVU203
 570 004a E36C     		ldr	r3, [r4, #76]
 307:platform/HAL/src/stm32g4xx_hal_dma.c **** 
 571              		.loc 1 307 40 view .LVU204
 572 004c 226D     		ldr	r2, [r4, #80]
 307:platform/HAL/src/stm32g4xx_hal_dma.c **** 
 573              		.loc 1 307 34 view .LVU205
 574 004e 5A60     		str	r2, [r3, #4]
 310:platform/HAL/src/stm32g4xx_hal_dma.c ****   {
 575              		.loc 1 310 3 is_stmt 1 view .LVU206
 310:platform/HAL/src/stm32g4xx_hal_dma.c ****   {
 576              		.loc 1 310 19 is_stmt 0 view .LVU207
 577 0050 6368     		ldr	r3, [r4, #4]
 310:platform/HAL/src/stm32g4xx_hal_dma.c ****   {
 578              		.loc 1 310 35 view .LVU208
 579 0052 013B     		subs	r3, r3, #1
 310:platform/HAL/src/stm32g4xx_hal_dma.c ****   {
 580              		.loc 1 310 6 view .LVU209
 581 0054 032B     		cmp	r3, #3
 582 0056 18D9     		bls	.L41
 583              	.L35:
 324:platform/HAL/src/stm32g4xx_hal_dma.c ****   hdma->DMAmuxRequestGenStatus = 0U;
 584              		.loc 1 324 3 is_stmt 1 view .LVU210
 324:platform/HAL/src/stm32g4xx_hal_dma.c ****   hdma->DMAmuxRequestGenStatus = 0U;
 585              		.loc 1 324 26 is_stmt 0 view .LVU211
 586 0058 0020     		movs	r0, #0
 587 005a 6065     		str	r0, [r4, #84]
 325:platform/HAL/src/stm32g4xx_hal_dma.c ****   hdma->DMAmuxRequestGenStatusMask = 0U;
 588              		.loc 1 325 3 is_stmt 1 view .LVU212
 325:platform/HAL/src/stm32g4xx_hal_dma.c ****   hdma->DMAmuxRequestGenStatusMask = 0U;
 589              		.loc 1 325 32 is_stmt 0 view .LVU213
 590 005c A065     		str	r0, [r4, #88]
 326:platform/HAL/src/stm32g4xx_hal_dma.c **** 
 591              		.loc 1 326 3 is_stmt 1 view .LVU214
 326:platform/HAL/src/stm32g4xx_hal_dma.c **** 
 592              		.loc 1 326 36 is_stmt 0 view .LVU215
 593 005e E065     		str	r0, [r4, #92]
 329:platform/HAL/src/stm32g4xx_hal_dma.c ****   hdma->XferHalfCpltCallback = NULL;
ARM GAS  /tmp/ccogJh6P.s 			page 33


 594              		.loc 1 329 3 is_stmt 1 view .LVU216
 329:platform/HAL/src/stm32g4xx_hal_dma.c ****   hdma->XferHalfCpltCallback = NULL;
 595              		.loc 1 329 26 is_stmt 0 view .LVU217
 596 0060 E062     		str	r0, [r4, #44]
 330:platform/HAL/src/stm32g4xx_hal_dma.c ****   hdma->XferErrorCallback = NULL;
 597              		.loc 1 330 3 is_stmt 1 view .LVU218
 330:platform/HAL/src/stm32g4xx_hal_dma.c ****   hdma->XferErrorCallback = NULL;
 598              		.loc 1 330 30 is_stmt 0 view .LVU219
 599 0062 2063     		str	r0, [r4, #48]
 331:platform/HAL/src/stm32g4xx_hal_dma.c ****   hdma->XferAbortCallback = NULL;
 600              		.loc 1 331 3 is_stmt 1 view .LVU220
 331:platform/HAL/src/stm32g4xx_hal_dma.c ****   hdma->XferAbortCallback = NULL;
 601              		.loc 1 331 27 is_stmt 0 view .LVU221
 602 0064 6063     		str	r0, [r4, #52]
 332:platform/HAL/src/stm32g4xx_hal_dma.c **** 
 603              		.loc 1 332 3 is_stmt 1 view .LVU222
 332:platform/HAL/src/stm32g4xx_hal_dma.c **** 
 604              		.loc 1 332 27 is_stmt 0 view .LVU223
 605 0066 A063     		str	r0, [r4, #56]
 335:platform/HAL/src/stm32g4xx_hal_dma.c **** 
 606              		.loc 1 335 3 is_stmt 1 view .LVU224
 335:platform/HAL/src/stm32g4xx_hal_dma.c **** 
 607              		.loc 1 335 19 is_stmt 0 view .LVU225
 608 0068 E063     		str	r0, [r4, #60]
 338:platform/HAL/src/stm32g4xx_hal_dma.c **** 
 609              		.loc 1 338 3 is_stmt 1 view .LVU226
 338:platform/HAL/src/stm32g4xx_hal_dma.c **** 
 610              		.loc 1 338 15 is_stmt 0 view .LVU227
 611 006a 84F82500 		strb	r0, [r4, #37]
 341:platform/HAL/src/stm32g4xx_hal_dma.c **** 
 612              		.loc 1 341 3 is_stmt 1 view .LVU228
 341:platform/HAL/src/stm32g4xx_hal_dma.c **** 
 613              		.loc 1 341 3 view .LVU229
 614 006e 84F82400 		strb	r0, [r4, #36]
 341:platform/HAL/src/stm32g4xx_hal_dma.c **** 
 615              		.loc 1 341 3 view .LVU230
 343:platform/HAL/src/stm32g4xx_hal_dma.c **** }
 616              		.loc 1 343 3 view .LVU231
 344:platform/HAL/src/stm32g4xx_hal_dma.c **** 
 617              		.loc 1 344 1 is_stmt 0 view .LVU232
 618 0072 38BD     		pop	{r3, r4, r5, pc}
 619              	.LVL28:
 620              	.L33:
 288:platform/HAL/src/stm32g4xx_hal_dma.c ****     hdma->DmaBaseAddress = DMA2;
 621              		.loc 1 288 5 is_stmt 1 view .LVU233
 288:platform/HAL/src/stm32g4xx_hal_dma.c ****     hdma->DmaBaseAddress = DMA2;
 622              		.loc 1 288 53 is_stmt 0 view .LVU234
 623 0074 0E4B     		ldr	r3, .L42+16
 624 0076 1344     		add	r3, r3, r2
 288:platform/HAL/src/stm32g4xx_hal_dma.c ****     hdma->DmaBaseAddress = DMA2;
 625              		.loc 1 288 80 view .LVU235
 626 0078 0B49     		ldr	r1, .L42+8
 627 007a A1FB0313 		umull	r1, r3, r1, r3
 628 007e 1B09     		lsrs	r3, r3, #4
 288:platform/HAL/src/stm32g4xx_hal_dma.c ****     hdma->DmaBaseAddress = DMA2;
 629              		.loc 1 288 135 view .LVU236
 630 0080 9B00     		lsls	r3, r3, #2
ARM GAS  /tmp/ccogJh6P.s 			page 34


 288:platform/HAL/src/stm32g4xx_hal_dma.c ****     hdma->DmaBaseAddress = DMA2;
 631              		.loc 1 288 24 view .LVU237
 632 0082 4364     		str	r3, [r0, #68]
 289:platform/HAL/src/stm32g4xx_hal_dma.c ****   }
 633              		.loc 1 289 5 is_stmt 1 view .LVU238
 289:platform/HAL/src/stm32g4xx_hal_dma.c ****   }
 634              		.loc 1 289 26 is_stmt 0 view .LVU239
 635 0084 0B4B     		ldr	r3, .L42+20
 636 0086 0364     		str	r3, [r0, #64]
 637 0088 D1E7     		b	.L34
 638              	.LVL29:
 639              	.L41:
 315:platform/HAL/src/stm32g4xx_hal_dma.c **** 
 640              		.loc 1 315 5 is_stmt 1 view .LVU240
 641 008a 2046     		mov	r0, r4
 642 008c FFF7FEFF 		bl	DMA_CalcDMAMUXRequestGenBaseAndMask
 643              	.LVL30:
 318:platform/HAL/src/stm32g4xx_hal_dma.c **** 
 644              		.loc 1 318 5 view .LVU241
 318:platform/HAL/src/stm32g4xx_hal_dma.c **** 
 645              		.loc 1 318 9 is_stmt 0 view .LVU242
 646 0090 636D     		ldr	r3, [r4, #84]
 318:platform/HAL/src/stm32g4xx_hal_dma.c **** 
 647              		.loc 1 318 34 view .LVU243
 648 0092 1D60     		str	r5, [r3]
 321:platform/HAL/src/stm32g4xx_hal_dma.c ****   }
 649              		.loc 1 321 5 is_stmt 1 view .LVU244
 321:platform/HAL/src/stm32g4xx_hal_dma.c ****   }
 650              		.loc 1 321 9 is_stmt 0 view .LVU245
 651 0094 A36D     		ldr	r3, [r4, #88]
 321:platform/HAL/src/stm32g4xx_hal_dma.c ****   }
 652              		.loc 1 321 47 view .LVU246
 653 0096 E26D     		ldr	r2, [r4, #92]
 321:platform/HAL/src/stm32g4xx_hal_dma.c ****   }
 654              		.loc 1 321 41 view .LVU247
 655 0098 5A60     		str	r2, [r3, #4]
 656 009a DDE7     		b	.L35
 657              	.LVL31:
 658              	.L36:
 659              	.LCFI6:
 660              		.cfi_def_cfa_offset 0
 661              		.cfi_restore 3
 662              		.cfi_restore 4
 663              		.cfi_restore 5
 664              		.cfi_restore 14
 269:platform/HAL/src/stm32g4xx_hal_dma.c ****   }
 665              		.loc 1 269 12 view .LVU248
 666 009c 0120     		movs	r0, #1
 667              	.LVL32:
 344:platform/HAL/src/stm32g4xx_hal_dma.c **** 
 668              		.loc 1 344 1 view .LVU249
 669 009e 7047     		bx	lr
 670              	.L43:
 671              		.align	2
 672              	.L42:
 673 00a0 07040240 		.word	1073873927
 674 00a4 F8FFFDBF 		.word	-1073872904
ARM GAS  /tmp/ccogJh6P.s 			page 35


 675 00a8 CDCCCCCC 		.word	-858993459
 676 00ac 00000240 		.word	1073872896
 677 00b0 F8FBFDBF 		.word	-1073873928
 678 00b4 00040240 		.word	1073873920
 679              		.cfi_endproc
 680              	.LFE330:
 682              		.section	.text.HAL_DMA_Start,"ax",%progbits
 683              		.align	1
 684              		.global	HAL_DMA_Start
 685              		.syntax unified
 686              		.thumb
 687              		.thumb_func
 689              	HAL_DMA_Start:
 690              	.LVL33:
 691              	.LFB331:
 379:platform/HAL/src/stm32g4xx_hal_dma.c ****   HAL_StatusTypeDef status = HAL_OK;
 692              		.loc 1 379 1 is_stmt 1 view -0
 693              		.cfi_startproc
 694              		@ args = 0, pretend = 0, frame = 0
 695              		@ frame_needed = 0, uses_anonymous_args = 0
 379:platform/HAL/src/stm32g4xx_hal_dma.c ****   HAL_StatusTypeDef status = HAL_OK;
 696              		.loc 1 379 1 is_stmt 0 view .LVU251
 697 0000 70B5     		push	{r4, r5, r6, lr}
 698              	.LCFI7:
 699              		.cfi_def_cfa_offset 16
 700              		.cfi_offset 4, -16
 701              		.cfi_offset 5, -12
 702              		.cfi_offset 6, -8
 703              		.cfi_offset 14, -4
 704 0002 0446     		mov	r4, r0
 380:platform/HAL/src/stm32g4xx_hal_dma.c **** 
 705              		.loc 1 380 3 is_stmt 1 view .LVU252
 706              	.LVL34:
 383:platform/HAL/src/stm32g4xx_hal_dma.c **** 
 707              		.loc 1 383 3 view .LVU253
 386:platform/HAL/src/stm32g4xx_hal_dma.c **** 
 708              		.loc 1 386 3 view .LVU254
 386:platform/HAL/src/stm32g4xx_hal_dma.c **** 
 709              		.loc 1 386 3 view .LVU255
 710 0004 90F82400 		ldrb	r0, [r0, #36]	@ zero_extendqisi2
 711              	.LVL35:
 386:platform/HAL/src/stm32g4xx_hal_dma.c **** 
 712              		.loc 1 386 3 is_stmt 0 view .LVU256
 713 0008 0128     		cmp	r0, #1
 714 000a 1FD0     		beq	.L47
 386:platform/HAL/src/stm32g4xx_hal_dma.c **** 
 715              		.loc 1 386 3 is_stmt 1 discriminator 2 view .LVU257
 716 000c 0120     		movs	r0, #1
 717 000e 84F82400 		strb	r0, [r4, #36]
 386:platform/HAL/src/stm32g4xx_hal_dma.c **** 
 718              		.loc 1 386 3 view .LVU258
 388:platform/HAL/src/stm32g4xx_hal_dma.c ****   {
 719              		.loc 1 388 3 view .LVU259
 388:platform/HAL/src/stm32g4xx_hal_dma.c ****   {
 720              		.loc 1 388 34 is_stmt 0 view .LVU260
 721 0012 94F82500 		ldrb	r0, [r4, #37]	@ zero_extendqisi2
 388:platform/HAL/src/stm32g4xx_hal_dma.c ****   {
ARM GAS  /tmp/ccogJh6P.s 			page 36


 722              		.loc 1 388 6 view .LVU261
 723 0016 0128     		cmp	r0, #1
 724 0018 04D0     		beq	.L49
 406:platform/HAL/src/stm32g4xx_hal_dma.c ****     status = HAL_BUSY;
 725              		.loc 1 406 5 is_stmt 1 view .LVU262
 406:platform/HAL/src/stm32g4xx_hal_dma.c ****     status = HAL_BUSY;
 726              		.loc 1 406 5 view .LVU263
 727 001a 0023     		movs	r3, #0
 728              	.LVL36:
 406:platform/HAL/src/stm32g4xx_hal_dma.c ****     status = HAL_BUSY;
 729              		.loc 1 406 5 is_stmt 0 view .LVU264
 730 001c 84F82430 		strb	r3, [r4, #36]
 406:platform/HAL/src/stm32g4xx_hal_dma.c ****     status = HAL_BUSY;
 731              		.loc 1 406 5 is_stmt 1 view .LVU265
 407:platform/HAL/src/stm32g4xx_hal_dma.c ****   }
 732              		.loc 1 407 5 view .LVU266
 733              	.LVL37:
 407:platform/HAL/src/stm32g4xx_hal_dma.c ****   }
 734              		.loc 1 407 12 is_stmt 0 view .LVU267
 735 0020 0220     		movs	r0, #2
 736              	.LVL38:
 737              	.L45:
 410:platform/HAL/src/stm32g4xx_hal_dma.c **** 
 738              		.loc 1 410 1 view .LVU268
 739 0022 70BD     		pop	{r4, r5, r6, pc}
 740              	.LVL39:
 741              	.L49:
 391:platform/HAL/src/stm32g4xx_hal_dma.c ****     hdma->ErrorCode = HAL_DMA_ERROR_NONE;
 742              		.loc 1 391 5 is_stmt 1 view .LVU269
 391:platform/HAL/src/stm32g4xx_hal_dma.c ****     hdma->ErrorCode = HAL_DMA_ERROR_NONE;
 743              		.loc 1 391 17 is_stmt 0 view .LVU270
 744 0024 0220     		movs	r0, #2
 745 0026 84F82500 		strb	r0, [r4, #37]
 392:platform/HAL/src/stm32g4xx_hal_dma.c **** 
 746              		.loc 1 392 5 is_stmt 1 view .LVU271
 392:platform/HAL/src/stm32g4xx_hal_dma.c **** 
 747              		.loc 1 392 21 is_stmt 0 view .LVU272
 748 002a 0025     		movs	r5, #0
 749 002c E563     		str	r5, [r4, #60]
 395:platform/HAL/src/stm32g4xx_hal_dma.c **** 
 750              		.loc 1 395 5 is_stmt 1 view .LVU273
 751 002e 2668     		ldr	r6, [r4]
 752 0030 3068     		ldr	r0, [r6]
 753 0032 20F00100 		bic	r0, r0, #1
 754 0036 3060     		str	r0, [r6]
 398:platform/HAL/src/stm32g4xx_hal_dma.c **** 
 755              		.loc 1 398 5 view .LVU274
 756 0038 2046     		mov	r0, r4
 757 003a FFF7FEFF 		bl	DMA_SetConfig
 758              	.LVL40:
 401:platform/HAL/src/stm32g4xx_hal_dma.c ****   }
 759              		.loc 1 401 5 view .LVU275
 760 003e 2268     		ldr	r2, [r4]
 761 0040 1368     		ldr	r3, [r2]
 762 0042 43F00103 		orr	r3, r3, #1
 763 0046 1360     		str	r3, [r2]
 380:platform/HAL/src/stm32g4xx_hal_dma.c **** 
ARM GAS  /tmp/ccogJh6P.s 			page 37


 764              		.loc 1 380 21 is_stmt 0 view .LVU276
 765 0048 2846     		mov	r0, r5
 766 004a EAE7     		b	.L45
 767              	.LVL41:
 768              	.L47:
 386:platform/HAL/src/stm32g4xx_hal_dma.c **** 
 769              		.loc 1 386 3 discriminator 1 view .LVU277
 770 004c 0220     		movs	r0, #2
 771 004e E8E7     		b	.L45
 772              		.cfi_endproc
 773              	.LFE331:
 775              		.section	.text.HAL_DMA_Start_IT,"ax",%progbits
 776              		.align	1
 777              		.global	HAL_DMA_Start_IT
 778              		.syntax unified
 779              		.thumb
 780              		.thumb_func
 782              	HAL_DMA_Start_IT:
 783              	.LVL42:
 784              	.LFB332:
 423:platform/HAL/src/stm32g4xx_hal_dma.c ****   HAL_StatusTypeDef status = HAL_OK;
 785              		.loc 1 423 1 is_stmt 1 view -0
 786              		.cfi_startproc
 787              		@ args = 0, pretend = 0, frame = 0
 788              		@ frame_needed = 0, uses_anonymous_args = 0
 423:platform/HAL/src/stm32g4xx_hal_dma.c ****   HAL_StatusTypeDef status = HAL_OK;
 789              		.loc 1 423 1 is_stmt 0 view .LVU279
 790 0000 38B5     		push	{r3, r4, r5, lr}
 791              	.LCFI8:
 792              		.cfi_def_cfa_offset 16
 793              		.cfi_offset 3, -16
 794              		.cfi_offset 4, -12
 795              		.cfi_offset 5, -8
 796              		.cfi_offset 14, -4
 797 0002 0446     		mov	r4, r0
 424:platform/HAL/src/stm32g4xx_hal_dma.c **** 
 798              		.loc 1 424 3 is_stmt 1 view .LVU280
 799              	.LVL43:
 427:platform/HAL/src/stm32g4xx_hal_dma.c **** 
 800              		.loc 1 427 3 view .LVU281
 430:platform/HAL/src/stm32g4xx_hal_dma.c **** 
 801              		.loc 1 430 3 view .LVU282
 430:platform/HAL/src/stm32g4xx_hal_dma.c **** 
 802              		.loc 1 430 3 view .LVU283
 803 0004 90F82400 		ldrb	r0, [r0, #36]	@ zero_extendqisi2
 804              	.LVL44:
 430:platform/HAL/src/stm32g4xx_hal_dma.c **** 
 805              		.loc 1 430 3 is_stmt 0 view .LVU284
 806 0008 0128     		cmp	r0, #1
 807 000a 40D0     		beq	.L57
 430:platform/HAL/src/stm32g4xx_hal_dma.c **** 
 808              		.loc 1 430 3 is_stmt 1 discriminator 2 view .LVU285
 809 000c 0120     		movs	r0, #1
 810 000e 84F82400 		strb	r0, [r4, #36]
 430:platform/HAL/src/stm32g4xx_hal_dma.c **** 
 811              		.loc 1 430 3 view .LVU286
 432:platform/HAL/src/stm32g4xx_hal_dma.c ****   {
ARM GAS  /tmp/ccogJh6P.s 			page 38


 812              		.loc 1 432 3 view .LVU287
 432:platform/HAL/src/stm32g4xx_hal_dma.c ****   {
 813              		.loc 1 432 34 is_stmt 0 view .LVU288
 814 0012 94F82500 		ldrb	r0, [r4, #37]	@ zero_extendqisi2
 432:platform/HAL/src/stm32g4xx_hal_dma.c ****   {
 815              		.loc 1 432 6 view .LVU289
 816 0016 0128     		cmp	r0, #1
 817 0018 04D0     		beq	.L59
 477:platform/HAL/src/stm32g4xx_hal_dma.c **** 
 818              		.loc 1 477 5 is_stmt 1 view .LVU290
 477:platform/HAL/src/stm32g4xx_hal_dma.c **** 
 819              		.loc 1 477 5 view .LVU291
 820 001a 0023     		movs	r3, #0
 821              	.LVL45:
 477:platform/HAL/src/stm32g4xx_hal_dma.c **** 
 822              		.loc 1 477 5 is_stmt 0 view .LVU292
 823 001c 84F82430 		strb	r3, [r4, #36]
 477:platform/HAL/src/stm32g4xx_hal_dma.c **** 
 824              		.loc 1 477 5 is_stmt 1 view .LVU293
 480:platform/HAL/src/stm32g4xx_hal_dma.c ****   }
 825              		.loc 1 480 5 view .LVU294
 826              	.LVL46:
 480:platform/HAL/src/stm32g4xx_hal_dma.c ****   }
 827              		.loc 1 480 12 is_stmt 0 view .LVU295
 828 0020 0220     		movs	r0, #2
 829              	.LVL47:
 830              	.L51:
 483:platform/HAL/src/stm32g4xx_hal_dma.c **** 
 831              		.loc 1 483 1 view .LVU296
 832 0022 38BD     		pop	{r3, r4, r5, pc}
 833              	.LVL48:
 834              	.L59:
 435:platform/HAL/src/stm32g4xx_hal_dma.c ****     hdma->ErrorCode = HAL_DMA_ERROR_NONE;
 835              		.loc 1 435 5 is_stmt 1 view .LVU297
 435:platform/HAL/src/stm32g4xx_hal_dma.c ****     hdma->ErrorCode = HAL_DMA_ERROR_NONE;
 836              		.loc 1 435 17 is_stmt 0 view .LVU298
 837 0024 0220     		movs	r0, #2
 838 0026 84F82500 		strb	r0, [r4, #37]
 436:platform/HAL/src/stm32g4xx_hal_dma.c **** 
 839              		.loc 1 436 5 is_stmt 1 view .LVU299
 436:platform/HAL/src/stm32g4xx_hal_dma.c **** 
 840              		.loc 1 436 21 is_stmt 0 view .LVU300
 841 002a 0020     		movs	r0, #0
 842 002c E063     		str	r0, [r4, #60]
 439:platform/HAL/src/stm32g4xx_hal_dma.c **** 
 843              		.loc 1 439 5 is_stmt 1 view .LVU301
 844 002e 2568     		ldr	r5, [r4]
 845 0030 2868     		ldr	r0, [r5]
 846 0032 20F00100 		bic	r0, r0, #1
 847 0036 2860     		str	r0, [r5]
 442:platform/HAL/src/stm32g4xx_hal_dma.c **** 
 848              		.loc 1 442 5 view .LVU302
 849 0038 2046     		mov	r0, r4
 850 003a FFF7FEFF 		bl	DMA_SetConfig
 851              	.LVL49:
 446:platform/HAL/src/stm32g4xx_hal_dma.c ****     {
 852              		.loc 1 446 5 view .LVU303
ARM GAS  /tmp/ccogJh6P.s 			page 39


 446:platform/HAL/src/stm32g4xx_hal_dma.c ****     {
 853              		.loc 1 446 21 is_stmt 0 view .LVU304
 854 003e 236B     		ldr	r3, [r4, #48]
 446:platform/HAL/src/stm32g4xx_hal_dma.c ****     {
 855              		.loc 1 446 8 view .LVU305
 856 0040 D3B1     		cbz	r3, .L53
 449:platform/HAL/src/stm32g4xx_hal_dma.c ****     }
 857              		.loc 1 449 7 is_stmt 1 view .LVU306
 858 0042 2268     		ldr	r2, [r4]
 859 0044 1368     		ldr	r3, [r2]
 860 0046 43F00E03 		orr	r3, r3, #14
 861 004a 1360     		str	r3, [r2]
 862              	.L54:
 458:platform/HAL/src/stm32g4xx_hal_dma.c ****     {
 863              		.loc 1 458 5 view .LVU307
 458:platform/HAL/src/stm32g4xx_hal_dma.c ****     {
 864              		.loc 1 458 14 is_stmt 0 view .LVU308
 865 004c A36C     		ldr	r3, [r4, #72]
 458:platform/HAL/src/stm32g4xx_hal_dma.c ****     {
 866              		.loc 1 458 29 view .LVU309
 867 004e 1A68     		ldr	r2, [r3]
 458:platform/HAL/src/stm32g4xx_hal_dma.c ****     {
 868              		.loc 1 458 8 view .LVU310
 869 0050 12F4803F 		tst	r2, #65536
 870 0054 03D0     		beq	.L55
 461:platform/HAL/src/stm32g4xx_hal_dma.c ****     }
 871              		.loc 1 461 7 is_stmt 1 view .LVU311
 461:platform/HAL/src/stm32g4xx_hal_dma.c ****     }
 872              		.loc 1 461 26 is_stmt 0 view .LVU312
 873 0056 1A68     		ldr	r2, [r3]
 461:platform/HAL/src/stm32g4xx_hal_dma.c ****     }
 874              		.loc 1 461 32 view .LVU313
 875 0058 42F48072 		orr	r2, r2, #256
 876 005c 1A60     		str	r2, [r3]
 877              	.L55:
 464:platform/HAL/src/stm32g4xx_hal_dma.c ****     {
 878              		.loc 1 464 5 is_stmt 1 view .LVU314
 464:platform/HAL/src/stm32g4xx_hal_dma.c ****     {
 879              		.loc 1 464 13 is_stmt 0 view .LVU315
 880 005e 636D     		ldr	r3, [r4, #84]
 464:platform/HAL/src/stm32g4xx_hal_dma.c ****     {
 881              		.loc 1 464 8 view .LVU316
 882 0060 1BB1     		cbz	r3, .L56
 468:platform/HAL/src/stm32g4xx_hal_dma.c ****     }
 883              		.loc 1 468 7 is_stmt 1 view .LVU317
 468:platform/HAL/src/stm32g4xx_hal_dma.c ****     }
 884              		.loc 1 468 29 is_stmt 0 view .LVU318
 885 0062 1A68     		ldr	r2, [r3]
 468:platform/HAL/src/stm32g4xx_hal_dma.c ****     }
 886              		.loc 1 468 36 view .LVU319
 887 0064 42F48072 		orr	r2, r2, #256
 888 0068 1A60     		str	r2, [r3]
 889              	.L56:
 472:platform/HAL/src/stm32g4xx_hal_dma.c ****   }
 890              		.loc 1 472 5 is_stmt 1 view .LVU320
 891 006a 2268     		ldr	r2, [r4]
 892 006c 1368     		ldr	r3, [r2]
ARM GAS  /tmp/ccogJh6P.s 			page 40


 893 006e 43F00103 		orr	r3, r3, #1
 894 0072 1360     		str	r3, [r2]
 424:platform/HAL/src/stm32g4xx_hal_dma.c **** 
 895              		.loc 1 424 21 is_stmt 0 view .LVU321
 896 0074 0020     		movs	r0, #0
 897 0076 D4E7     		b	.L51
 898              	.L53:
 453:platform/HAL/src/stm32g4xx_hal_dma.c ****       __HAL_DMA_ENABLE_IT(hdma, (DMA_IT_TC | DMA_IT_TE));
 899              		.loc 1 453 7 is_stmt 1 view .LVU322
 900 0078 2268     		ldr	r2, [r4]
 901 007a 1368     		ldr	r3, [r2]
 902 007c 23F00403 		bic	r3, r3, #4
 903 0080 1360     		str	r3, [r2]
 454:platform/HAL/src/stm32g4xx_hal_dma.c ****     }
 904              		.loc 1 454 7 view .LVU323
 905 0082 2268     		ldr	r2, [r4]
 906 0084 1368     		ldr	r3, [r2]
 907 0086 43F00A03 		orr	r3, r3, #10
 908 008a 1360     		str	r3, [r2]
 909 008c DEE7     		b	.L54
 910              	.LVL50:
 911              	.L57:
 430:platform/HAL/src/stm32g4xx_hal_dma.c **** 
 912              		.loc 1 430 3 is_stmt 0 discriminator 1 view .LVU324
 913 008e 0220     		movs	r0, #2
 914 0090 C7E7     		b	.L51
 915              		.cfi_endproc
 916              	.LFE332:
 918              		.section	.text.HAL_DMA_Abort,"ax",%progbits
 919              		.align	1
 920              		.global	HAL_DMA_Abort
 921              		.syntax unified
 922              		.thumb
 923              		.thumb_func
 925              	HAL_DMA_Abort:
 926              	.LVL51:
 927              	.LFB333:
 492:platform/HAL/src/stm32g4xx_hal_dma.c ****   HAL_StatusTypeDef status = HAL_OK;
 928              		.loc 1 492 1 is_stmt 1 view -0
 929              		.cfi_startproc
 930              		@ args = 0, pretend = 0, frame = 0
 931              		@ frame_needed = 0, uses_anonymous_args = 0
 932              		@ link register save eliminated.
 492:platform/HAL/src/stm32g4xx_hal_dma.c ****   HAL_StatusTypeDef status = HAL_OK;
 933              		.loc 1 492 1 is_stmt 0 view .LVU326
 934 0000 0346     		mov	r3, r0
 493:platform/HAL/src/stm32g4xx_hal_dma.c **** 
 935              		.loc 1 493 3 is_stmt 1 view .LVU327
 936              	.LVL52:
 495:platform/HAL/src/stm32g4xx_hal_dma.c ****   {
 937              		.loc 1 495 3 view .LVU328
 495:platform/HAL/src/stm32g4xx_hal_dma.c ****   {
 938              		.loc 1 495 10 is_stmt 0 view .LVU329
 939 0002 90F82520 		ldrb	r2, [r0, #37]	@ zero_extendqisi2
 495:platform/HAL/src/stm32g4xx_hal_dma.c ****   {
 940              		.loc 1 495 5 view .LVU330
 941 0006 022A     		cmp	r2, #2
ARM GAS  /tmp/ccogJh6P.s 			page 41


 942 0008 09D0     		beq	.L61
 498:platform/HAL/src/stm32g4xx_hal_dma.c **** 
 943              		.loc 1 498 5 is_stmt 1 view .LVU331
 498:platform/HAL/src/stm32g4xx_hal_dma.c **** 
 944              		.loc 1 498 21 is_stmt 0 view .LVU332
 945 000a 0422     		movs	r2, #4
 946 000c C263     		str	r2, [r0, #60]
 500:platform/HAL/src/stm32g4xx_hal_dma.c ****   }
 947              		.loc 1 500 5 is_stmt 1 view .LVU333
 948              	.LVL53:
 500:platform/HAL/src/stm32g4xx_hal_dma.c ****   }
 949              		.loc 1 500 12 is_stmt 0 view .LVU334
 950 000e 0120     		movs	r0, #1
 951              	.LVL54:
 952              	.L62:
 530:platform/HAL/src/stm32g4xx_hal_dma.c **** 
 953              		.loc 1 530 3 is_stmt 1 view .LVU335
 530:platform/HAL/src/stm32g4xx_hal_dma.c **** 
 954              		.loc 1 530 15 is_stmt 0 view .LVU336
 955 0010 0122     		movs	r2, #1
 956 0012 83F82520 		strb	r2, [r3, #37]
 533:platform/HAL/src/stm32g4xx_hal_dma.c **** 
 957              		.loc 1 533 3 is_stmt 1 view .LVU337
 533:platform/HAL/src/stm32g4xx_hal_dma.c **** 
 958              		.loc 1 533 3 view .LVU338
 959 0016 0022     		movs	r2, #0
 960 0018 83F82420 		strb	r2, [r3, #36]
 533:platform/HAL/src/stm32g4xx_hal_dma.c **** 
 961              		.loc 1 533 3 view .LVU339
 535:platform/HAL/src/stm32g4xx_hal_dma.c **** }
 962              		.loc 1 535 3 view .LVU340
 536:platform/HAL/src/stm32g4xx_hal_dma.c **** 
 963              		.loc 1 536 1 is_stmt 0 view .LVU341
 964 001c 7047     		bx	lr
 965              	.LVL55:
 966              	.L61:
 505:platform/HAL/src/stm32g4xx_hal_dma.c ****      
 967              		.loc 1 505 6 is_stmt 1 view .LVU342
 968 001e 0168     		ldr	r1, [r0]
 969 0020 0A68     		ldr	r2, [r1]
 970 0022 22F00E02 		bic	r2, r2, #14
 971 0026 0A60     		str	r2, [r1]
 508:platform/HAL/src/stm32g4xx_hal_dma.c ****      
 972              		.loc 1 508 6 view .LVU343
 508:platform/HAL/src/stm32g4xx_hal_dma.c ****      
 973              		.loc 1 508 10 is_stmt 0 view .LVU344
 974 0028 816C     		ldr	r1, [r0, #72]
 508:platform/HAL/src/stm32g4xx_hal_dma.c ****      
 975              		.loc 1 508 25 view .LVU345
 976 002a 0A68     		ldr	r2, [r1]
 508:platform/HAL/src/stm32g4xx_hal_dma.c ****      
 977              		.loc 1 508 31 view .LVU346
 978 002c 22F48072 		bic	r2, r2, #256
 979 0030 0A60     		str	r2, [r1]
 511:platform/HAL/src/stm32g4xx_hal_dma.c ****      
 980              		.loc 1 511 6 is_stmt 1 view .LVU347
 981 0032 0168     		ldr	r1, [r0]
ARM GAS  /tmp/ccogJh6P.s 			page 42


 982 0034 0A68     		ldr	r2, [r1]
 983 0036 22F00102 		bic	r2, r2, #1
 984 003a 0A60     		str	r2, [r1]
 514:platform/HAL/src/stm32g4xx_hal_dma.c ****      
 985              		.loc 1 514 6 view .LVU348
 514:platform/HAL/src/stm32g4xx_hal_dma.c ****      
 986              		.loc 1 514 57 is_stmt 0 view .LVU349
 987 003c 426C     		ldr	r2, [r0, #68]
 514:platform/HAL/src/stm32g4xx_hal_dma.c ****      
 988              		.loc 1 514 72 view .LVU350
 989 003e 02F01F01 		and	r1, r2, #31
 514:platform/HAL/src/stm32g4xx_hal_dma.c ****      
 990              		.loc 1 514 10 view .LVU351
 991 0042 006C     		ldr	r0, [r0, #64]
 992              	.LVL56:
 514:platform/HAL/src/stm32g4xx_hal_dma.c ****      
 993              		.loc 1 514 49 view .LVU352
 994 0044 0122     		movs	r2, #1
 995 0046 8A40     		lsls	r2, r2, r1
 514:platform/HAL/src/stm32g4xx_hal_dma.c ****      
 996              		.loc 1 514 33 view .LVU353
 997 0048 4260     		str	r2, [r0, #4]
 517:platform/HAL/src/stm32g4xx_hal_dma.c ****      
 998              		.loc 1 517 6 is_stmt 1 view .LVU354
 517:platform/HAL/src/stm32g4xx_hal_dma.c ****      
 999              		.loc 1 517 10 is_stmt 0 view .LVU355
 1000 004a DA6C     		ldr	r2, [r3, #76]
 517:platform/HAL/src/stm32g4xx_hal_dma.c ****      
 1001              		.loc 1 517 43 view .LVU356
 1002 004c 196D     		ldr	r1, [r3, #80]
 517:platform/HAL/src/stm32g4xx_hal_dma.c ****      
 1003              		.loc 1 517 37 view .LVU357
 1004 004e 5160     		str	r1, [r2, #4]
 519:platform/HAL/src/stm32g4xx_hal_dma.c ****      {
 1005              		.loc 1 519 6 is_stmt 1 view .LVU358
 519:platform/HAL/src/stm32g4xx_hal_dma.c ****      {
 1006              		.loc 1 519 14 is_stmt 0 view .LVU359
 1007 0050 5A6D     		ldr	r2, [r3, #84]
 519:platform/HAL/src/stm32g4xx_hal_dma.c ****      {
 1008              		.loc 1 519 9 view .LVU360
 1009 0052 42B1     		cbz	r2, .L63
 523:platform/HAL/src/stm32g4xx_hal_dma.c ****      
 1010              		.loc 1 523 8 is_stmt 1 view .LVU361
 523:platform/HAL/src/stm32g4xx_hal_dma.c ****      
 1011              		.loc 1 523 30 is_stmt 0 view .LVU362
 1012 0054 1168     		ldr	r1, [r2]
 523:platform/HAL/src/stm32g4xx_hal_dma.c ****      
 1013              		.loc 1 523 37 view .LVU363
 1014 0056 21F48071 		bic	r1, r1, #256
 1015 005a 1160     		str	r1, [r2]
 526:platform/HAL/src/stm32g4xx_hal_dma.c ****      }
 1016              		.loc 1 526 8 is_stmt 1 view .LVU364
 526:platform/HAL/src/stm32g4xx_hal_dma.c ****      }
 1017              		.loc 1 526 12 is_stmt 0 view .LVU365
 1018 005c 9A6D     		ldr	r2, [r3, #88]
 526:platform/HAL/src/stm32g4xx_hal_dma.c ****      }
 1019              		.loc 1 526 50 view .LVU366
ARM GAS  /tmp/ccogJh6P.s 			page 43


 1020 005e D96D     		ldr	r1, [r3, #92]
 526:platform/HAL/src/stm32g4xx_hal_dma.c ****      }
 1021              		.loc 1 526 44 view .LVU367
 1022 0060 5160     		str	r1, [r2, #4]
 493:platform/HAL/src/stm32g4xx_hal_dma.c **** 
 1023              		.loc 1 493 21 view .LVU368
 1024 0062 0020     		movs	r0, #0
 1025 0064 D4E7     		b	.L62
 1026              	.L63:
 1027 0066 0020     		movs	r0, #0
 1028 0068 D2E7     		b	.L62
 1029              		.cfi_endproc
 1030              	.LFE333:
 1032              		.section	.text.HAL_DMA_Abort_IT,"ax",%progbits
 1033              		.align	1
 1034              		.global	HAL_DMA_Abort_IT
 1035              		.syntax unified
 1036              		.thumb
 1037              		.thumb_func
 1039              	HAL_DMA_Abort_IT:
 1040              	.LVL57:
 1041              	.LFB334:
 545:platform/HAL/src/stm32g4xx_hal_dma.c ****   HAL_StatusTypeDef status = HAL_OK;
 1042              		.loc 1 545 1 is_stmt 1 view -0
 1043              		.cfi_startproc
 1044              		@ args = 0, pretend = 0, frame = 0
 1045              		@ frame_needed = 0, uses_anonymous_args = 0
 545:platform/HAL/src/stm32g4xx_hal_dma.c ****   HAL_StatusTypeDef status = HAL_OK;
 1046              		.loc 1 545 1 is_stmt 0 view .LVU370
 1047 0000 08B5     		push	{r3, lr}
 1048              	.LCFI9:
 1049              		.cfi_def_cfa_offset 8
 1050              		.cfi_offset 3, -8
 1051              		.cfi_offset 14, -4
 546:platform/HAL/src/stm32g4xx_hal_dma.c **** 
 1052              		.loc 1 546 3 is_stmt 1 view .LVU371
 1053              	.LVL58:
 548:platform/HAL/src/stm32g4xx_hal_dma.c ****   {
 1054              		.loc 1 548 3 view .LVU372
 548:platform/HAL/src/stm32g4xx_hal_dma.c ****   {
 1055              		.loc 1 548 33 is_stmt 0 view .LVU373
 1056 0002 90F82530 		ldrb	r3, [r0, #37]	@ zero_extendqisi2
 548:platform/HAL/src/stm32g4xx_hal_dma.c ****   {
 1057              		.loc 1 548 6 view .LVU374
 1058 0006 022B     		cmp	r3, #2
 1059 0008 09D0     		beq	.L65
 551:platform/HAL/src/stm32g4xx_hal_dma.c **** 
 1060              		.loc 1 551 5 is_stmt 1 view .LVU375
 551:platform/HAL/src/stm32g4xx_hal_dma.c **** 
 1061              		.loc 1 551 21 is_stmt 0 view .LVU376
 1062 000a 0423     		movs	r3, #4
 1063 000c C363     		str	r3, [r0, #60]
 554:platform/HAL/src/stm32g4xx_hal_dma.c **** 
 1064              		.loc 1 554 5 is_stmt 1 view .LVU377
 554:platform/HAL/src/stm32g4xx_hal_dma.c **** 
 1065              		.loc 1 554 17 is_stmt 0 view .LVU378
 1066 000e 0123     		movs	r3, #1
ARM GAS  /tmp/ccogJh6P.s 			page 44


 1067 0010 80F82530 		strb	r3, [r0, #37]
 557:platform/HAL/src/stm32g4xx_hal_dma.c **** 
 1068              		.loc 1 557 5 is_stmt 1 view .LVU379
 557:platform/HAL/src/stm32g4xx_hal_dma.c **** 
 1069              		.loc 1 557 5 view .LVU380
 1070 0014 0022     		movs	r2, #0
 1071 0016 80F82420 		strb	r2, [r0, #36]
 557:platform/HAL/src/stm32g4xx_hal_dma.c **** 
 1072              		.loc 1 557 5 view .LVU381
 559:platform/HAL/src/stm32g4xx_hal_dma.c ****   }
 1073              		.loc 1 559 5 view .LVU382
 1074              	.LVL59:
 559:platform/HAL/src/stm32g4xx_hal_dma.c ****   }
 1075              		.loc 1 559 12 is_stmt 0 view .LVU383
 1076 001a 1846     		mov	r0, r3
 1077              	.LVL60:
 1078              	.L66:
 600:platform/HAL/src/stm32g4xx_hal_dma.c **** }
 1079              		.loc 1 600 3 is_stmt 1 view .LVU384
 601:platform/HAL/src/stm32g4xx_hal_dma.c **** 
 1080              		.loc 1 601 1 is_stmt 0 view .LVU385
 1081 001c 08BD     		pop	{r3, pc}
 1082              	.LVL61:
 1083              	.L65:
 564:platform/HAL/src/stm32g4xx_hal_dma.c **** 
 1084              		.loc 1 564 5 is_stmt 1 view .LVU386
 1085 001e 0268     		ldr	r2, [r0]
 1086 0020 1368     		ldr	r3, [r2]
 1087 0022 23F00E03 		bic	r3, r3, #14
 1088 0026 1360     		str	r3, [r2]
 567:platform/HAL/src/stm32g4xx_hal_dma.c **** 
 1089              		.loc 1 567 5 view .LVU387
 1090 0028 0268     		ldr	r2, [r0]
 1091 002a 1368     		ldr	r3, [r2]
 1092 002c 23F00103 		bic	r3, r3, #1
 1093 0030 1360     		str	r3, [r2]
 570:platform/HAL/src/stm32g4xx_hal_dma.c **** 
 1094              		.loc 1 570 5 view .LVU388
 570:platform/HAL/src/stm32g4xx_hal_dma.c **** 
 1095              		.loc 1 570 9 is_stmt 0 view .LVU389
 1096 0032 826C     		ldr	r2, [r0, #72]
 570:platform/HAL/src/stm32g4xx_hal_dma.c **** 
 1097              		.loc 1 570 24 view .LVU390
 1098 0034 1368     		ldr	r3, [r2]
 570:platform/HAL/src/stm32g4xx_hal_dma.c **** 
 1099              		.loc 1 570 30 view .LVU391
 1100 0036 23F48073 		bic	r3, r3, #256
 1101 003a 1360     		str	r3, [r2]
 573:platform/HAL/src/stm32g4xx_hal_dma.c **** 
 1102              		.loc 1 573 5 is_stmt 1 view .LVU392
 573:platform/HAL/src/stm32g4xx_hal_dma.c **** 
 1103              		.loc 1 573 56 is_stmt 0 view .LVU393
 1104 003c 436C     		ldr	r3, [r0, #68]
 573:platform/HAL/src/stm32g4xx_hal_dma.c **** 
 1105              		.loc 1 573 71 view .LVU394
 1106 003e 03F01F02 		and	r2, r3, #31
 573:platform/HAL/src/stm32g4xx_hal_dma.c **** 
ARM GAS  /tmp/ccogJh6P.s 			page 45


 1107              		.loc 1 573 9 view .LVU395
 1108 0042 016C     		ldr	r1, [r0, #64]
 573:platform/HAL/src/stm32g4xx_hal_dma.c **** 
 1109              		.loc 1 573 48 view .LVU396
 1110 0044 0123     		movs	r3, #1
 1111 0046 9340     		lsls	r3, r3, r2
 573:platform/HAL/src/stm32g4xx_hal_dma.c **** 
 1112              		.loc 1 573 32 view .LVU397
 1113 0048 4B60     		str	r3, [r1, #4]
 576:platform/HAL/src/stm32g4xx_hal_dma.c **** 
 1114              		.loc 1 576 5 is_stmt 1 view .LVU398
 576:platform/HAL/src/stm32g4xx_hal_dma.c **** 
 1115              		.loc 1 576 9 is_stmt 0 view .LVU399
 1116 004a C36C     		ldr	r3, [r0, #76]
 576:platform/HAL/src/stm32g4xx_hal_dma.c **** 
 1117              		.loc 1 576 42 view .LVU400
 1118 004c 026D     		ldr	r2, [r0, #80]
 576:platform/HAL/src/stm32g4xx_hal_dma.c **** 
 1119              		.loc 1 576 36 view .LVU401
 1120 004e 5A60     		str	r2, [r3, #4]
 578:platform/HAL/src/stm32g4xx_hal_dma.c ****     {
 1121              		.loc 1 578 5 is_stmt 1 view .LVU402
 578:platform/HAL/src/stm32g4xx_hal_dma.c ****     {
 1122              		.loc 1 578 13 is_stmt 0 view .LVU403
 1123 0050 436D     		ldr	r3, [r0, #84]
 578:platform/HAL/src/stm32g4xx_hal_dma.c ****     {
 1124              		.loc 1 578 8 view .LVU404
 1125 0052 33B1     		cbz	r3, .L67
 582:platform/HAL/src/stm32g4xx_hal_dma.c **** 
 1126              		.loc 1 582 7 is_stmt 1 view .LVU405
 582:platform/HAL/src/stm32g4xx_hal_dma.c **** 
 1127              		.loc 1 582 29 is_stmt 0 view .LVU406
 1128 0054 1A68     		ldr	r2, [r3]
 582:platform/HAL/src/stm32g4xx_hal_dma.c **** 
 1129              		.loc 1 582 36 view .LVU407
 1130 0056 22F48072 		bic	r2, r2, #256
 1131 005a 1A60     		str	r2, [r3]
 585:platform/HAL/src/stm32g4xx_hal_dma.c ****     }
 1132              		.loc 1 585 7 is_stmt 1 view .LVU408
 585:platform/HAL/src/stm32g4xx_hal_dma.c ****     }
 1133              		.loc 1 585 11 is_stmt 0 view .LVU409
 1134 005c 836D     		ldr	r3, [r0, #88]
 585:platform/HAL/src/stm32g4xx_hal_dma.c ****     }
 1135              		.loc 1 585 49 view .LVU410
 1136 005e C26D     		ldr	r2, [r0, #92]
 585:platform/HAL/src/stm32g4xx_hal_dma.c ****     }
 1137              		.loc 1 585 43 view .LVU411
 1138 0060 5A60     		str	r2, [r3, #4]
 1139              	.L67:
 589:platform/HAL/src/stm32g4xx_hal_dma.c **** 
 1140              		.loc 1 589 5 is_stmt 1 view .LVU412
 589:platform/HAL/src/stm32g4xx_hal_dma.c **** 
 1141              		.loc 1 589 17 is_stmt 0 view .LVU413
 1142 0062 0123     		movs	r3, #1
 1143 0064 80F82530 		strb	r3, [r0, #37]
 592:platform/HAL/src/stm32g4xx_hal_dma.c **** 
 1144              		.loc 1 592 5 is_stmt 1 view .LVU414
ARM GAS  /tmp/ccogJh6P.s 			page 46


 592:platform/HAL/src/stm32g4xx_hal_dma.c **** 
 1145              		.loc 1 592 5 view .LVU415
 1146 0068 0023     		movs	r3, #0
 1147 006a 80F82430 		strb	r3, [r0, #36]
 592:platform/HAL/src/stm32g4xx_hal_dma.c **** 
 1148              		.loc 1 592 5 view .LVU416
 595:platform/HAL/src/stm32g4xx_hal_dma.c ****     {
 1149              		.loc 1 595 5 view .LVU417
 595:platform/HAL/src/stm32g4xx_hal_dma.c ****     {
 1150              		.loc 1 595 13 is_stmt 0 view .LVU418
 1151 006e 836B     		ldr	r3, [r0, #56]
 595:platform/HAL/src/stm32g4xx_hal_dma.c ****     {
 1152              		.loc 1 595 8 view .LVU419
 1153 0070 13B1     		cbz	r3, .L68
 597:platform/HAL/src/stm32g4xx_hal_dma.c ****     }
 1154              		.loc 1 597 7 is_stmt 1 view .LVU420
 1155 0072 9847     		blx	r3
 1156              	.LVL62:
 546:platform/HAL/src/stm32g4xx_hal_dma.c **** 
 1157              		.loc 1 546 21 is_stmt 0 view .LVU421
 1158 0074 0020     		movs	r0, #0
 1159 0076 D1E7     		b	.L66
 1160              	.LVL63:
 1161              	.L68:
 546:platform/HAL/src/stm32g4xx_hal_dma.c **** 
 1162              		.loc 1 546 21 view .LVU422
 1163 0078 0020     		movs	r0, #0
 1164              	.LVL64:
 546:platform/HAL/src/stm32g4xx_hal_dma.c **** 
 1165              		.loc 1 546 21 view .LVU423
 1166 007a CFE7     		b	.L66
 1167              		.cfi_endproc
 1168              	.LFE334:
 1170              		.section	.text.HAL_DMA_PollForTransfer,"ax",%progbits
 1171              		.align	1
 1172              		.global	HAL_DMA_PollForTransfer
 1173              		.syntax unified
 1174              		.thumb
 1175              		.thumb_func
 1177              	HAL_DMA_PollForTransfer:
 1178              	.LVL65:
 1179              	.LFB335:
 613:platform/HAL/src/stm32g4xx_hal_dma.c ****   uint32_t temp;
 1180              		.loc 1 613 1 is_stmt 1 view -0
 1181              		.cfi_startproc
 1182              		@ args = 0, pretend = 0, frame = 0
 1183              		@ frame_needed = 0, uses_anonymous_args = 0
 613:platform/HAL/src/stm32g4xx_hal_dma.c ****   uint32_t temp;
 1184              		.loc 1 613 1 is_stmt 0 view .LVU425
 1185 0000 2DE9F041 		push	{r4, r5, r6, r7, r8, lr}
 1186              	.LCFI10:
 1187              		.cfi_def_cfa_offset 24
 1188              		.cfi_offset 4, -24
 1189              		.cfi_offset 5, -20
 1190              		.cfi_offset 6, -16
 1191              		.cfi_offset 7, -12
 1192              		.cfi_offset 8, -8
ARM GAS  /tmp/ccogJh6P.s 			page 47


 1193              		.cfi_offset 14, -4
 1194 0004 0446     		mov	r4, r0
 614:platform/HAL/src/stm32g4xx_hal_dma.c ****   uint32_t tickstart;
 1195              		.loc 1 614 3 is_stmt 1 view .LVU426
 615:platform/HAL/src/stm32g4xx_hal_dma.c **** 
 1196              		.loc 1 615 3 view .LVU427
 617:platform/HAL/src/stm32g4xx_hal_dma.c ****   {
 1197              		.loc 1 617 3 view .LVU428
 617:platform/HAL/src/stm32g4xx_hal_dma.c ****   {
 1198              		.loc 1 617 33 is_stmt 0 view .LVU429
 1199 0006 90F82530 		ldrb	r3, [r0, #37]	@ zero_extendqisi2
 617:platform/HAL/src/stm32g4xx_hal_dma.c ****   {
 1200              		.loc 1 617 6 view .LVU430
 1201 000a 022B     		cmp	r3, #2
 1202 000c 07D0     		beq	.L71
 620:platform/HAL/src/stm32g4xx_hal_dma.c ****     __HAL_UNLOCK(hdma);
 1203              		.loc 1 620 5 is_stmt 1 view .LVU431
 620:platform/HAL/src/stm32g4xx_hal_dma.c ****     __HAL_UNLOCK(hdma);
 1204              		.loc 1 620 21 is_stmt 0 view .LVU432
 1205 000e 0423     		movs	r3, #4
 1206 0010 C363     		str	r3, [r0, #60]
 621:platform/HAL/src/stm32g4xx_hal_dma.c ****     return HAL_ERROR;
 1207              		.loc 1 621 5 is_stmt 1 view .LVU433
 621:platform/HAL/src/stm32g4xx_hal_dma.c ****     return HAL_ERROR;
 1208              		.loc 1 621 5 view .LVU434
 1209 0012 0023     		movs	r3, #0
 1210 0014 80F82430 		strb	r3, [r0, #36]
 621:platform/HAL/src/stm32g4xx_hal_dma.c ****     return HAL_ERROR;
 1211              		.loc 1 621 5 view .LVU435
 622:platform/HAL/src/stm32g4xx_hal_dma.c ****   }
 1212              		.loc 1 622 5 view .LVU436
 622:platform/HAL/src/stm32g4xx_hal_dma.c ****   }
 1213              		.loc 1 622 12 is_stmt 0 view .LVU437
 1214 0018 0120     		movs	r0, #1
 1215              	.LVL66:
 1216              	.L72:
 733:platform/HAL/src/stm32g4xx_hal_dma.c **** 
 1217              		.loc 1 733 1 view .LVU438
 1218 001a BDE8F081 		pop	{r4, r5, r6, r7, r8, pc}
 1219              	.LVL67:
 1220              	.L71:
 733:platform/HAL/src/stm32g4xx_hal_dma.c **** 
 1221              		.loc 1 733 1 view .LVU439
 1222 001e 0F46     		mov	r7, r1
 1223 0020 1546     		mov	r5, r2
 626:platform/HAL/src/stm32g4xx_hal_dma.c ****   {
 1224              		.loc 1 626 3 is_stmt 1 view .LVU440
 626:platform/HAL/src/stm32g4xx_hal_dma.c ****   {
 1225              		.loc 1 626 18 is_stmt 0 view .LVU441
 1226 0022 0368     		ldr	r3, [r0]
 626:platform/HAL/src/stm32g4xx_hal_dma.c ****   {
 1227              		.loc 1 626 28 view .LVU442
 1228 0024 1B68     		ldr	r3, [r3]
 626:platform/HAL/src/stm32g4xx_hal_dma.c ****   {
 1229              		.loc 1 626 6 view .LVU443
 1230 0026 13F0200F 		tst	r3, #32
 1231 002a 2BD1     		bne	.L86
ARM GAS  /tmp/ccogJh6P.s 			page 48


 633:platform/HAL/src/stm32g4xx_hal_dma.c ****   {
 1232              		.loc 1 633 3 is_stmt 1 view .LVU444
 633:platform/HAL/src/stm32g4xx_hal_dma.c ****   {
 1233              		.loc 1 633 6 is_stmt 0 view .LVU445
 1234 002c 79BB     		cbnz	r1, .L74
 637:platform/HAL/src/stm32g4xx_hal_dma.c ****   }
 1235              		.loc 1 637 5 is_stmt 1 view .LVU446
 637:platform/HAL/src/stm32g4xx_hal_dma.c ****   }
 1236              		.loc 1 637 43 is_stmt 0 view .LVU447
 1237 002e 436C     		ldr	r3, [r0, #68]
 637:platform/HAL/src/stm32g4xx_hal_dma.c ****   }
 1238              		.loc 1 637 58 view .LVU448
 1239 0030 03F01F03 		and	r3, r3, #31
 637:platform/HAL/src/stm32g4xx_hal_dma.c ****   }
 1240              		.loc 1 637 10 view .LVU449
 1241 0034 0226     		movs	r6, #2
 1242 0036 9E40     		lsls	r6, r6, r3
 1243              	.LVL68:
 1244              	.L75:
 646:platform/HAL/src/stm32g4xx_hal_dma.c **** 
 1245              		.loc 1 646 3 is_stmt 1 view .LVU450
 646:platform/HAL/src/stm32g4xx_hal_dma.c **** 
 1246              		.loc 1 646 15 is_stmt 0 view .LVU451
 1247 0038 FFF7FEFF 		bl	HAL_GetTick
 1248              	.LVL69:
 646:platform/HAL/src/stm32g4xx_hal_dma.c **** 
 1249              		.loc 1 646 15 view .LVU452
 1250 003c 8046     		mov	r8, r0
 1251              	.LVL70:
 648:platform/HAL/src/stm32g4xx_hal_dma.c ****   {
 1252              		.loc 1 648 3 is_stmt 1 view .LVU453
 1253              	.L78:
 648:platform/HAL/src/stm32g4xx_hal_dma.c ****   {
 1254              		.loc 1 648 13 view .LVU454
 648:platform/HAL/src/stm32g4xx_hal_dma.c ****   {
 1255              		.loc 1 648 21 is_stmt 0 view .LVU455
 1256 003e 226C     		ldr	r2, [r4, #64]
 648:platform/HAL/src/stm32g4xx_hal_dma.c ****   {
 1257              		.loc 1 648 37 view .LVU456
 1258 0040 1368     		ldr	r3, [r2]
 648:platform/HAL/src/stm32g4xx_hal_dma.c ****   {
 1259              		.loc 1 648 13 view .LVU457
 1260 0042 3342     		tst	r3, r6
 1261 0044 34D1     		bne	.L87
 650:platform/HAL/src/stm32g4xx_hal_dma.c ****     {
 1262              		.loc 1 650 5 is_stmt 1 view .LVU458
 650:platform/HAL/src/stm32g4xx_hal_dma.c ****     {
 1263              		.loc 1 650 37 is_stmt 0 view .LVU459
 1264 0046 1168     		ldr	r1, [r2]
 650:platform/HAL/src/stm32g4xx_hal_dma.c ****     {
 1265              		.loc 1 650 77 view .LVU460
 1266 0048 636C     		ldr	r3, [r4, #68]
 650:platform/HAL/src/stm32g4xx_hal_dma.c ****     {
 1267              		.loc 1 650 92 view .LVU461
 1268 004a 03F01F03 		and	r3, r3, #31
 650:platform/HAL/src/stm32g4xx_hal_dma.c ****     {
 1269              		.loc 1 650 69 view .LVU462
ARM GAS  /tmp/ccogJh6P.s 			page 49


 1270 004e 4FF0080C 		mov	ip, #8
 1271 0052 0CFA03FC 		lsl	ip, ip, r3
 650:platform/HAL/src/stm32g4xx_hal_dma.c ****     {
 1272              		.loc 1 650 8 view .LVU463
 1273 0056 11EA0C0F 		tst	r1, ip
 1274 005a 1ED1     		bne	.L88
 669:platform/HAL/src/stm32g4xx_hal_dma.c ****     {
 1275              		.loc 1 669 5 is_stmt 1 view .LVU464
 669:platform/HAL/src/stm32g4xx_hal_dma.c ****     {
 1276              		.loc 1 669 8 is_stmt 0 view .LVU465
 1277 005c B5F1FF3F 		cmp	r5, #-1
 1278 0060 EDD0     		beq	.L78
 671:platform/HAL/src/stm32g4xx_hal_dma.c ****       {
 1279              		.loc 1 671 7 is_stmt 1 view .LVU466
 671:platform/HAL/src/stm32g4xx_hal_dma.c ****       {
 1280              		.loc 1 671 13 is_stmt 0 view .LVU467
 1281 0062 FFF7FEFF 		bl	HAL_GetTick
 1282              	.LVL71:
 671:platform/HAL/src/stm32g4xx_hal_dma.c ****       {
 1283              		.loc 1 671 27 discriminator 1 view .LVU468
 1284 0066 A0EB0800 		sub	r0, r0, r8
 671:platform/HAL/src/stm32g4xx_hal_dma.c ****       {
 1285              		.loc 1 671 10 discriminator 1 view .LVU469
 1286 006a A842     		cmp	r0, r5
 1287 006c 01D8     		bhi	.L79
 671:platform/HAL/src/stm32g4xx_hal_dma.c ****       {
 1288              		.loc 1 671 51 discriminator 1 view .LVU470
 1289 006e 002D     		cmp	r5, #0
 1290 0070 E5D1     		bne	.L78
 1291              	.L79:
 674:platform/HAL/src/stm32g4xx_hal_dma.c **** 
 1292              		.loc 1 674 9 is_stmt 1 view .LVU471
 674:platform/HAL/src/stm32g4xx_hal_dma.c **** 
 1293              		.loc 1 674 25 is_stmt 0 view .LVU472
 1294 0072 2023     		movs	r3, #32
 1295 0074 E363     		str	r3, [r4, #60]
 677:platform/HAL/src/stm32g4xx_hal_dma.c **** 
 1296              		.loc 1 677 9 is_stmt 1 view .LVU473
 677:platform/HAL/src/stm32g4xx_hal_dma.c **** 
 1297              		.loc 1 677 21 is_stmt 0 view .LVU474
 1298 0076 0120     		movs	r0, #1
 1299 0078 84F82500 		strb	r0, [r4, #37]
 680:platform/HAL/src/stm32g4xx_hal_dma.c **** 
 1300              		.loc 1 680 9 is_stmt 1 view .LVU475
 680:platform/HAL/src/stm32g4xx_hal_dma.c **** 
 1301              		.loc 1 680 9 view .LVU476
 1302 007c 0023     		movs	r3, #0
 1303 007e 84F82430 		strb	r3, [r4, #36]
 680:platform/HAL/src/stm32g4xx_hal_dma.c **** 
 1304              		.loc 1 680 9 view .LVU477
 682:platform/HAL/src/stm32g4xx_hal_dma.c ****       }
 1305              		.loc 1 682 9 view .LVU478
 682:platform/HAL/src/stm32g4xx_hal_dma.c ****       }
 1306              		.loc 1 682 16 is_stmt 0 view .LVU479
 1307 0082 CAE7     		b	.L72
 1308              	.LVL72:
 1309              	.L86:
ARM GAS  /tmp/ccogJh6P.s 			page 50


 628:platform/HAL/src/stm32g4xx_hal_dma.c ****     return HAL_ERROR;
 1310              		.loc 1 628 5 is_stmt 1 view .LVU480
 628:platform/HAL/src/stm32g4xx_hal_dma.c ****     return HAL_ERROR;
 1311              		.loc 1 628 21 is_stmt 0 view .LVU481
 1312 0084 4FF48073 		mov	r3, #256
 1313 0088 C363     		str	r3, [r0, #60]
 629:platform/HAL/src/stm32g4xx_hal_dma.c ****   }
 1314              		.loc 1 629 5 is_stmt 1 view .LVU482
 629:platform/HAL/src/stm32g4xx_hal_dma.c ****   }
 1315              		.loc 1 629 12 is_stmt 0 view .LVU483
 1316 008a 0120     		movs	r0, #1
 1317              	.LVL73:
 629:platform/HAL/src/stm32g4xx_hal_dma.c ****   }
 1318              		.loc 1 629 12 view .LVU484
 1319 008c C5E7     		b	.L72
 1320              	.LVL74:
 1321              	.L74:
 642:platform/HAL/src/stm32g4xx_hal_dma.c ****   }
 1322              		.loc 1 642 5 is_stmt 1 view .LVU485
 642:platform/HAL/src/stm32g4xx_hal_dma.c ****   }
 1323              		.loc 1 642 43 is_stmt 0 view .LVU486
 1324 008e 436C     		ldr	r3, [r0, #68]
 642:platform/HAL/src/stm32g4xx_hal_dma.c ****   }
 1325              		.loc 1 642 58 view .LVU487
 1326 0090 03F01F03 		and	r3, r3, #31
 642:platform/HAL/src/stm32g4xx_hal_dma.c ****   }
 1327              		.loc 1 642 10 view .LVU488
 1328 0094 0426     		movs	r6, #4
 1329 0096 9E40     		lsls	r6, r6, r3
 1330 0098 CEE7     		b	.L75
 1331              	.LVL75:
 1332              	.L88:
 655:platform/HAL/src/stm32g4xx_hal_dma.c **** 
 1333              		.loc 1 655 7 is_stmt 1 view .LVU489
 655:platform/HAL/src/stm32g4xx_hal_dma.c **** 
 1334              		.loc 1 655 60 is_stmt 0 view .LVU490
 1335 009a 0120     		movs	r0, #1
 1336 009c 00FA03F3 		lsl	r3, r0, r3
 655:platform/HAL/src/stm32g4xx_hal_dma.c **** 
 1337              		.loc 1 655 34 view .LVU491
 1338 00a0 5360     		str	r3, [r2, #4]
 658:platform/HAL/src/stm32g4xx_hal_dma.c **** 
 1339              		.loc 1 658 7 is_stmt 1 view .LVU492
 658:platform/HAL/src/stm32g4xx_hal_dma.c **** 
 1340              		.loc 1 658 23 is_stmt 0 view .LVU493
 1341 00a2 E063     		str	r0, [r4, #60]
 661:platform/HAL/src/stm32g4xx_hal_dma.c **** 
 1342              		.loc 1 661 7 is_stmt 1 view .LVU494
 661:platform/HAL/src/stm32g4xx_hal_dma.c **** 
 1343              		.loc 1 661 19 is_stmt 0 view .LVU495
 1344 00a4 84F82500 		strb	r0, [r4, #37]
 664:platform/HAL/src/stm32g4xx_hal_dma.c **** 
 1345              		.loc 1 664 7 is_stmt 1 view .LVU496
 664:platform/HAL/src/stm32g4xx_hal_dma.c **** 
 1346              		.loc 1 664 7 view .LVU497
 1347 00a8 0023     		movs	r3, #0
 1348 00aa 84F82430 		strb	r3, [r4, #36]
ARM GAS  /tmp/ccogJh6P.s 			page 51


 664:platform/HAL/src/stm32g4xx_hal_dma.c **** 
 1349              		.loc 1 664 7 view .LVU498
 666:platform/HAL/src/stm32g4xx_hal_dma.c ****     }
 1350              		.loc 1 666 7 view .LVU499
 666:platform/HAL/src/stm32g4xx_hal_dma.c ****     }
 1351              		.loc 1 666 14 is_stmt 0 view .LVU500
 1352 00ae B4E7     		b	.L72
 1353              	.L87:
 688:platform/HAL/src/stm32g4xx_hal_dma.c ****   {
 1354              		.loc 1 688 3 is_stmt 1 view .LVU501
 688:platform/HAL/src/stm32g4xx_hal_dma.c ****   {
 1355              		.loc 1 688 11 is_stmt 0 view .LVU502
 1356 00b0 636D     		ldr	r3, [r4, #84]
 688:platform/HAL/src/stm32g4xx_hal_dma.c ****   {
 1357              		.loc 1 688 6 view .LVU503
 1358 00b2 7BB1     		cbz	r3, .L81
 691:platform/HAL/src/stm32g4xx_hal_dma.c ****     {
 1359              		.loc 1 691 5 is_stmt 1 view .LVU504
 691:platform/HAL/src/stm32g4xx_hal_dma.c ****     {
 1360              		.loc 1 691 14 is_stmt 0 view .LVU505
 1361 00b4 A26D     		ldr	r2, [r4, #88]
 691:platform/HAL/src/stm32g4xx_hal_dma.c ****     {
 1362              		.loc 1 691 38 view .LVU506
 1363 00b6 1168     		ldr	r1, [r2]
 691:platform/HAL/src/stm32g4xx_hal_dma.c ****     {
 1364              		.loc 1 691 51 view .LVU507
 1365 00b8 E26D     		ldr	r2, [r4, #92]
 691:platform/HAL/src/stm32g4xx_hal_dma.c ****     {
 1366              		.loc 1 691 8 view .LVU508
 1367 00ba 1142     		tst	r1, r2
 1368 00bc 0AD0     		beq	.L81
 694:platform/HAL/src/stm32g4xx_hal_dma.c **** 
 1369              		.loc 1 694 7 is_stmt 1 view .LVU509
 694:platform/HAL/src/stm32g4xx_hal_dma.c **** 
 1370              		.loc 1 694 29 is_stmt 0 view .LVU510
 1371 00be 1A68     		ldr	r2, [r3]
 694:platform/HAL/src/stm32g4xx_hal_dma.c **** 
 1372              		.loc 1 694 36 view .LVU511
 1373 00c0 42F48072 		orr	r2, r2, #256
 1374 00c4 1A60     		str	r2, [r3]
 697:platform/HAL/src/stm32g4xx_hal_dma.c **** 
 1375              		.loc 1 697 7 is_stmt 1 view .LVU512
 697:platform/HAL/src/stm32g4xx_hal_dma.c **** 
 1376              		.loc 1 697 11 is_stmt 0 view .LVU513
 1377 00c6 A36D     		ldr	r3, [r4, #88]
 697:platform/HAL/src/stm32g4xx_hal_dma.c **** 
 1378              		.loc 1 697 49 view .LVU514
 1379 00c8 E26D     		ldr	r2, [r4, #92]
 697:platform/HAL/src/stm32g4xx_hal_dma.c **** 
 1380              		.loc 1 697 43 view .LVU515
 1381 00ca 5A60     		str	r2, [r3, #4]
 700:platform/HAL/src/stm32g4xx_hal_dma.c ****     }
 1382              		.loc 1 700 7 is_stmt 1 view .LVU516
 700:platform/HAL/src/stm32g4xx_hal_dma.c ****     }
 1383              		.loc 1 700 11 is_stmt 0 view .LVU517
 1384 00cc E36B     		ldr	r3, [r4, #60]
 700:platform/HAL/src/stm32g4xx_hal_dma.c ****     }
ARM GAS  /tmp/ccogJh6P.s 			page 52


 1385              		.loc 1 700 23 view .LVU518
 1386 00ce 43F48063 		orr	r3, r3, #1024
 1387 00d2 E363     		str	r3, [r4, #60]
 1388              	.L81:
 705:platform/HAL/src/stm32g4xx_hal_dma.c ****   {
 1389              		.loc 1 705 3 is_stmt 1 view .LVU519
 705:platform/HAL/src/stm32g4xx_hal_dma.c ****   {
 1390              		.loc 1 705 12 is_stmt 0 view .LVU520
 1391 00d4 E36C     		ldr	r3, [r4, #76]
 705:platform/HAL/src/stm32g4xx_hal_dma.c ****   {
 1392              		.loc 1 705 33 view .LVU521
 1393 00d6 1968     		ldr	r1, [r3]
 705:platform/HAL/src/stm32g4xx_hal_dma.c ****   {
 1394              		.loc 1 705 45 view .LVU522
 1395 00d8 226D     		ldr	r2, [r4, #80]
 705:platform/HAL/src/stm32g4xx_hal_dma.c ****   {
 1396              		.loc 1 705 6 view .LVU523
 1397 00da 1142     		tst	r1, r2
 1398 00dc 04D0     		beq	.L82
 708:platform/HAL/src/stm32g4xx_hal_dma.c **** 
 1399              		.loc 1 708 5 is_stmt 1 view .LVU524
 708:platform/HAL/src/stm32g4xx_hal_dma.c **** 
 1400              		.loc 1 708 36 is_stmt 0 view .LVU525
 1401 00de 5A60     		str	r2, [r3, #4]
 711:platform/HAL/src/stm32g4xx_hal_dma.c ****   }
 1402              		.loc 1 711 5 is_stmt 1 view .LVU526
 711:platform/HAL/src/stm32g4xx_hal_dma.c ****   }
 1403              		.loc 1 711 9 is_stmt 0 view .LVU527
 1404 00e0 E36B     		ldr	r3, [r4, #60]
 711:platform/HAL/src/stm32g4xx_hal_dma.c ****   }
 1405              		.loc 1 711 21 view .LVU528
 1406 00e2 43F40073 		orr	r3, r3, #512
 1407 00e6 E363     		str	r3, [r4, #60]
 1408              	.L82:
 714:platform/HAL/src/stm32g4xx_hal_dma.c ****   {
 1409              		.loc 1 714 3 is_stmt 1 view .LVU529
 714:platform/HAL/src/stm32g4xx_hal_dma.c ****   {
 1410              		.loc 1 714 6 is_stmt 0 view .LVU530
 1411 00e8 6FB9     		cbnz	r7, .L83
 717:platform/HAL/src/stm32g4xx_hal_dma.c **** 
 1412              		.loc 1 717 5 is_stmt 1 view .LVU531
 717:platform/HAL/src/stm32g4xx_hal_dma.c **** 
 1413              		.loc 1 717 66 is_stmt 0 view .LVU532
 1414 00ea 636C     		ldr	r3, [r4, #68]
 717:platform/HAL/src/stm32g4xx_hal_dma.c **** 
 1415              		.loc 1 717 81 view .LVU533
 1416 00ec 03F01F02 		and	r2, r3, #31
 717:platform/HAL/src/stm32g4xx_hal_dma.c **** 
 1417              		.loc 1 717 9 view .LVU534
 1418 00f0 216C     		ldr	r1, [r4, #64]
 717:platform/HAL/src/stm32g4xx_hal_dma.c **** 
 1419              		.loc 1 717 58 view .LVU535
 1420 00f2 0223     		movs	r3, #2
 1421 00f4 9340     		lsls	r3, r3, r2
 717:platform/HAL/src/stm32g4xx_hal_dma.c **** 
 1422              		.loc 1 717 32 view .LVU536
 1423 00f6 4B60     		str	r3, [r1, #4]
ARM GAS  /tmp/ccogJh6P.s 			page 53


 721:platform/HAL/src/stm32g4xx_hal_dma.c ****   }
 1424              		.loc 1 721 5 is_stmt 1 view .LVU537
 721:platform/HAL/src/stm32g4xx_hal_dma.c ****   }
 1425              		.loc 1 721 17 is_stmt 0 view .LVU538
 1426 00f8 0123     		movs	r3, #1
 1427 00fa 84F82530 		strb	r3, [r4, #37]
 1428              	.L84:
 730:platform/HAL/src/stm32g4xx_hal_dma.c **** 
 1429              		.loc 1 730 3 is_stmt 1 view .LVU539
 730:platform/HAL/src/stm32g4xx_hal_dma.c **** 
 1430              		.loc 1 730 3 view .LVU540
 1431 00fe 0020     		movs	r0, #0
 1432 0100 84F82400 		strb	r0, [r4, #36]
 730:platform/HAL/src/stm32g4xx_hal_dma.c **** 
 1433              		.loc 1 730 3 view .LVU541
 732:platform/HAL/src/stm32g4xx_hal_dma.c **** }
 1434              		.loc 1 732 3 view .LVU542
 732:platform/HAL/src/stm32g4xx_hal_dma.c **** }
 1435              		.loc 1 732 10 is_stmt 0 view .LVU543
 1436 0104 89E7     		b	.L72
 1437              	.L83:
 726:platform/HAL/src/stm32g4xx_hal_dma.c ****   }
 1438              		.loc 1 726 5 is_stmt 1 view .LVU544
 726:platform/HAL/src/stm32g4xx_hal_dma.c ****   }
 1439              		.loc 1 726 66 is_stmt 0 view .LVU545
 1440 0106 636C     		ldr	r3, [r4, #68]
 726:platform/HAL/src/stm32g4xx_hal_dma.c ****   }
 1441              		.loc 1 726 81 view .LVU546
 1442 0108 03F01F02 		and	r2, r3, #31
 726:platform/HAL/src/stm32g4xx_hal_dma.c ****   }
 1443              		.loc 1 726 9 view .LVU547
 1444 010c 216C     		ldr	r1, [r4, #64]
 726:platform/HAL/src/stm32g4xx_hal_dma.c ****   }
 1445              		.loc 1 726 58 view .LVU548
 1446 010e 0423     		movs	r3, #4
 1447 0110 9340     		lsls	r3, r3, r2
 726:platform/HAL/src/stm32g4xx_hal_dma.c ****   }
 1448              		.loc 1 726 32 view .LVU549
 1449 0112 4B60     		str	r3, [r1, #4]
 1450 0114 F3E7     		b	.L84
 1451              		.cfi_endproc
 1452              	.LFE335:
 1454              		.section	.text.HAL_DMA_IRQHandler,"ax",%progbits
 1455              		.align	1
 1456              		.global	HAL_DMA_IRQHandler
 1457              		.syntax unified
 1458              		.thumb
 1459              		.thumb_func
 1461              	HAL_DMA_IRQHandler:
 1462              	.LVL76:
 1463              	.LFB336:
 742:platform/HAL/src/stm32g4xx_hal_dma.c ****   uint32_t flag_it = hdma->DmaBaseAddress->ISR;
 1464              		.loc 1 742 1 is_stmt 1 view -0
 1465              		.cfi_startproc
 1466              		@ args = 0, pretend = 0, frame = 0
 1467              		@ frame_needed = 0, uses_anonymous_args = 0
 742:platform/HAL/src/stm32g4xx_hal_dma.c ****   uint32_t flag_it = hdma->DmaBaseAddress->ISR;
ARM GAS  /tmp/ccogJh6P.s 			page 54


 1468              		.loc 1 742 1 is_stmt 0 view .LVU551
 1469 0000 38B5     		push	{r3, r4, r5, lr}
 1470              	.LCFI11:
 1471              		.cfi_def_cfa_offset 16
 1472              		.cfi_offset 3, -16
 1473              		.cfi_offset 4, -12
 1474              		.cfi_offset 5, -8
 1475              		.cfi_offset 14, -4
 743:platform/HAL/src/stm32g4xx_hal_dma.c ****   uint32_t source_it = hdma->Instance->CCR;
 1476              		.loc 1 743 3 is_stmt 1 view .LVU552
 743:platform/HAL/src/stm32g4xx_hal_dma.c ****   uint32_t source_it = hdma->Instance->CCR;
 1477              		.loc 1 743 26 is_stmt 0 view .LVU553
 1478 0002 036C     		ldr	r3, [r0, #64]
 743:platform/HAL/src/stm32g4xx_hal_dma.c ****   uint32_t source_it = hdma->Instance->CCR;
 1479              		.loc 1 743 12 view .LVU554
 1480 0004 1968     		ldr	r1, [r3]
 1481              	.LVL77:
 744:platform/HAL/src/stm32g4xx_hal_dma.c **** 
 1482              		.loc 1 744 3 is_stmt 1 view .LVU555
 744:platform/HAL/src/stm32g4xx_hal_dma.c **** 
 1483              		.loc 1 744 28 is_stmt 0 view .LVU556
 1484 0006 0468     		ldr	r4, [r0]
 744:platform/HAL/src/stm32g4xx_hal_dma.c **** 
 1485              		.loc 1 744 12 view .LVU557
 1486 0008 2568     		ldr	r5, [r4]
 1487              	.LVL78:
 747:platform/HAL/src/stm32g4xx_hal_dma.c ****   {
 1488              		.loc 1 747 3 is_stmt 1 view .LVU558
 747:platform/HAL/src/stm32g4xx_hal_dma.c ****   {
 1489              		.loc 1 747 57 is_stmt 0 view .LVU559
 1490 000a 436C     		ldr	r3, [r0, #68]
 747:platform/HAL/src/stm32g4xx_hal_dma.c ****   {
 1491              		.loc 1 747 72 view .LVU560
 1492 000c 03F01F03 		and	r3, r3, #31
 747:platform/HAL/src/stm32g4xx_hal_dma.c ****   {
 1493              		.loc 1 747 49 view .LVU561
 1494 0010 0422     		movs	r2, #4
 1495 0012 9A40     		lsls	r2, r2, r3
 747:platform/HAL/src/stm32g4xx_hal_dma.c ****   {
 1496              		.loc 1 747 6 view .LVU562
 1497 0014 0A42     		tst	r2, r1
 1498 0016 15D0     		beq	.L90
 747:platform/HAL/src/stm32g4xx_hal_dma.c ****   {
 1499              		.loc 1 747 84 discriminator 1 view .LVU563
 1500 0018 15F0040F 		tst	r5, #4
 1501 001c 12D0     		beq	.L90
 750:platform/HAL/src/stm32g4xx_hal_dma.c ****     {
 1502              		.loc 1 750 5 is_stmt 1 view .LVU564
 750:platform/HAL/src/stm32g4xx_hal_dma.c ****     {
 1503              		.loc 1 750 24 is_stmt 0 view .LVU565
 1504 001e 2368     		ldr	r3, [r4]
 750:platform/HAL/src/stm32g4xx_hal_dma.c ****     {
 1505              		.loc 1 750 8 view .LVU566
 1506 0020 13F0200F 		tst	r3, #32
 1507 0024 03D1     		bne	.L91
 753:platform/HAL/src/stm32g4xx_hal_dma.c ****     }
 1508              		.loc 1 753 7 is_stmt 1 view .LVU567
ARM GAS  /tmp/ccogJh6P.s 			page 55


 1509 0026 2368     		ldr	r3, [r4]
 1510 0028 23F00403 		bic	r3, r3, #4
 1511 002c 2360     		str	r3, [r4]
 1512              	.L91:
 756:platform/HAL/src/stm32g4xx_hal_dma.c **** 
 1513              		.loc 1 756 5 view .LVU568
 756:platform/HAL/src/stm32g4xx_hal_dma.c **** 
 1514              		.loc 1 756 67 is_stmt 0 view .LVU569
 1515 002e 436C     		ldr	r3, [r0, #68]
 756:platform/HAL/src/stm32g4xx_hal_dma.c **** 
 1516              		.loc 1 756 82 view .LVU570
 1517 0030 03F01F02 		and	r2, r3, #31
 756:platform/HAL/src/stm32g4xx_hal_dma.c **** 
 1518              		.loc 1 756 9 view .LVU571
 1519 0034 016C     		ldr	r1, [r0, #64]
 1520              	.LVL79:
 756:platform/HAL/src/stm32g4xx_hal_dma.c **** 
 1521              		.loc 1 756 59 view .LVU572
 1522 0036 0423     		movs	r3, #4
 1523 0038 9340     		lsls	r3, r3, r2
 756:platform/HAL/src/stm32g4xx_hal_dma.c **** 
 1524              		.loc 1 756 32 view .LVU573
 1525 003a 4B60     		str	r3, [r1, #4]
 761:platform/HAL/src/stm32g4xx_hal_dma.c ****     {
 1526              		.loc 1 761 5 is_stmt 1 view .LVU574
 761:platform/HAL/src/stm32g4xx_hal_dma.c ****     {
 1527              		.loc 1 761 13 is_stmt 0 view .LVU575
 1528 003c 036B     		ldr	r3, [r0, #48]
 761:platform/HAL/src/stm32g4xx_hal_dma.c ****     {
 1529              		.loc 1 761 8 view .LVU576
 1530 003e 03B1     		cbz	r3, .L89
 764:platform/HAL/src/stm32g4xx_hal_dma.c ****     }
 1531              		.loc 1 764 7 is_stmt 1 view .LVU577
 1532 0040 9847     		blx	r3
 1533              	.LVL80:
 1534              	.L89:
 823:platform/HAL/src/stm32g4xx_hal_dma.c **** 
 1535              		.loc 1 823 1 is_stmt 0 view .LVU578
 1536 0042 38BD     		pop	{r3, r4, r5, pc}
 1537              	.LVL81:
 1538              	.L90:
 768:platform/HAL/src/stm32g4xx_hal_dma.c ****            && (0U != (source_it & DMA_IT_TC)))
 1539              		.loc 1 768 8 is_stmt 1 view .LVU579
 768:platform/HAL/src/stm32g4xx_hal_dma.c ****            && (0U != (source_it & DMA_IT_TC)))
 1540              		.loc 1 768 54 is_stmt 0 view .LVU580
 1541 0044 0222     		movs	r2, #2
 1542 0046 9A40     		lsls	r2, r2, r3
 768:platform/HAL/src/stm32g4xx_hal_dma.c ****            && (0U != (source_it & DMA_IT_TC)))
 1543              		.loc 1 768 11 view .LVU581
 1544 0048 0A42     		tst	r2, r1
 1545 004a 1CD0     		beq	.L93
 769:platform/HAL/src/stm32g4xx_hal_dma.c ****   {
 1546              		.loc 1 769 12 view .LVU582
 1547 004c 15F0020F 		tst	r5, #2
 1548 0050 19D0     		beq	.L93
 771:platform/HAL/src/stm32g4xx_hal_dma.c ****     {
 1549              		.loc 1 771 5 is_stmt 1 view .LVU583
ARM GAS  /tmp/ccogJh6P.s 			page 56


 771:platform/HAL/src/stm32g4xx_hal_dma.c ****     {
 1550              		.loc 1 771 24 is_stmt 0 view .LVU584
 1551 0052 2368     		ldr	r3, [r4]
 771:platform/HAL/src/stm32g4xx_hal_dma.c ****     {
 1552              		.loc 1 771 8 view .LVU585
 1553 0054 13F0200F 		tst	r3, #32
 1554 0058 06D1     		bne	.L94
 774:platform/HAL/src/stm32g4xx_hal_dma.c **** 
 1555              		.loc 1 774 7 is_stmt 1 view .LVU586
 1556 005a 2368     		ldr	r3, [r4]
 1557 005c 23F00A03 		bic	r3, r3, #10
 1558 0060 2360     		str	r3, [r4]
 777:platform/HAL/src/stm32g4xx_hal_dma.c ****     }
 1559              		.loc 1 777 7 view .LVU587
 777:platform/HAL/src/stm32g4xx_hal_dma.c ****     }
 1560              		.loc 1 777 19 is_stmt 0 view .LVU588
 1561 0062 0123     		movs	r3, #1
 1562 0064 80F82530 		strb	r3, [r0, #37]
 1563              	.L94:
 780:platform/HAL/src/stm32g4xx_hal_dma.c **** 
 1564              		.loc 1 780 5 is_stmt 1 view .LVU589
 780:platform/HAL/src/stm32g4xx_hal_dma.c **** 
 1565              		.loc 1 780 67 is_stmt 0 view .LVU590
 1566 0068 436C     		ldr	r3, [r0, #68]
 780:platform/HAL/src/stm32g4xx_hal_dma.c **** 
 1567              		.loc 1 780 82 view .LVU591
 1568 006a 03F01F02 		and	r2, r3, #31
 780:platform/HAL/src/stm32g4xx_hal_dma.c **** 
 1569              		.loc 1 780 9 view .LVU592
 1570 006e 016C     		ldr	r1, [r0, #64]
 1571              	.LVL82:
 780:platform/HAL/src/stm32g4xx_hal_dma.c **** 
 1572              		.loc 1 780 59 view .LVU593
 1573 0070 0223     		movs	r3, #2
 1574 0072 9340     		lsls	r3, r3, r2
 780:platform/HAL/src/stm32g4xx_hal_dma.c **** 
 1575              		.loc 1 780 32 view .LVU594
 1576 0074 4B60     		str	r3, [r1, #4]
 783:platform/HAL/src/stm32g4xx_hal_dma.c **** 
 1577              		.loc 1 783 5 is_stmt 1 view .LVU595
 783:platform/HAL/src/stm32g4xx_hal_dma.c **** 
 1578              		.loc 1 783 5 view .LVU596
 1579 0076 0023     		movs	r3, #0
 1580 0078 80F82430 		strb	r3, [r0, #36]
 783:platform/HAL/src/stm32g4xx_hal_dma.c **** 
 1581              		.loc 1 783 5 view .LVU597
 785:platform/HAL/src/stm32g4xx_hal_dma.c ****     {
 1582              		.loc 1 785 5 view .LVU598
 785:platform/HAL/src/stm32g4xx_hal_dma.c ****     {
 1583              		.loc 1 785 13 is_stmt 0 view .LVU599
 1584 007c C36A     		ldr	r3, [r0, #44]
 785:platform/HAL/src/stm32g4xx_hal_dma.c ****     {
 1585              		.loc 1 785 8 view .LVU600
 1586 007e 002B     		cmp	r3, #0
 1587 0080 DFD0     		beq	.L89
 788:platform/HAL/src/stm32g4xx_hal_dma.c ****     }
 1588              		.loc 1 788 7 is_stmt 1 view .LVU601
ARM GAS  /tmp/ccogJh6P.s 			page 57


 1589 0082 9847     		blx	r3
 1590              	.LVL83:
 788:platform/HAL/src/stm32g4xx_hal_dma.c ****     }
 1591              		.loc 1 788 7 is_stmt 0 view .LVU602
 1592 0084 DDE7     		b	.L89
 1593              	.LVL84:
 1594              	.L93:
 792:platform/HAL/src/stm32g4xx_hal_dma.c ****            && (0U != (source_it & DMA_IT_TE)))
 1595              		.loc 1 792 8 is_stmt 1 view .LVU603
 792:platform/HAL/src/stm32g4xx_hal_dma.c ****            && (0U != (source_it & DMA_IT_TE)))
 1596              		.loc 1 792 54 is_stmt 0 view .LVU604
 1597 0086 0822     		movs	r2, #8
 1598 0088 02FA03F3 		lsl	r3, r2, r3
 792:platform/HAL/src/stm32g4xx_hal_dma.c ****            && (0U != (source_it & DMA_IT_TE)))
 1599              		.loc 1 792 11 view .LVU605
 1600 008c 0B42     		tst	r3, r1
 1601 008e D8D0     		beq	.L89
 793:platform/HAL/src/stm32g4xx_hal_dma.c ****   {
 1602              		.loc 1 793 12 view .LVU606
 1603 0090 15F0080F 		tst	r5, #8
 1604 0094 D5D0     		beq	.L89
 798:platform/HAL/src/stm32g4xx_hal_dma.c **** 
 1605              		.loc 1 798 5 is_stmt 1 view .LVU607
 1606 0096 2368     		ldr	r3, [r4]
 1607 0098 23F00E03 		bic	r3, r3, #14
 1608 009c 2360     		str	r3, [r4]
 801:platform/HAL/src/stm32g4xx_hal_dma.c **** 
 1609              		.loc 1 801 5 view .LVU608
 801:platform/HAL/src/stm32g4xx_hal_dma.c **** 
 1610              		.loc 1 801 66 is_stmt 0 view .LVU609
 1611 009e 436C     		ldr	r3, [r0, #68]
 801:platform/HAL/src/stm32g4xx_hal_dma.c **** 
 1612              		.loc 1 801 81 view .LVU610
 1613 00a0 03F01F03 		and	r3, r3, #31
 801:platform/HAL/src/stm32g4xx_hal_dma.c **** 
 1614              		.loc 1 801 9 view .LVU611
 1615 00a4 016C     		ldr	r1, [r0, #64]
 1616              	.LVL85:
 801:platform/HAL/src/stm32g4xx_hal_dma.c **** 
 1617              		.loc 1 801 58 view .LVU612
 1618 00a6 0122     		movs	r2, #1
 1619 00a8 02FA03F3 		lsl	r3, r2, r3
 801:platform/HAL/src/stm32g4xx_hal_dma.c **** 
 1620              		.loc 1 801 32 view .LVU613
 1621 00ac 4B60     		str	r3, [r1, #4]
 804:platform/HAL/src/stm32g4xx_hal_dma.c **** 
 1622              		.loc 1 804 5 is_stmt 1 view .LVU614
 804:platform/HAL/src/stm32g4xx_hal_dma.c **** 
 1623              		.loc 1 804 21 is_stmt 0 view .LVU615
 1624 00ae C263     		str	r2, [r0, #60]
 807:platform/HAL/src/stm32g4xx_hal_dma.c **** 
 1625              		.loc 1 807 5 is_stmt 1 view .LVU616
 807:platform/HAL/src/stm32g4xx_hal_dma.c **** 
 1626              		.loc 1 807 17 is_stmt 0 view .LVU617
 1627 00b0 80F82520 		strb	r2, [r0, #37]
 810:platform/HAL/src/stm32g4xx_hal_dma.c **** 
 1628              		.loc 1 810 5 is_stmt 1 view .LVU618
ARM GAS  /tmp/ccogJh6P.s 			page 58


 810:platform/HAL/src/stm32g4xx_hal_dma.c **** 
 1629              		.loc 1 810 5 view .LVU619
 1630 00b4 0023     		movs	r3, #0
 1631 00b6 80F82430 		strb	r3, [r0, #36]
 810:platform/HAL/src/stm32g4xx_hal_dma.c **** 
 1632              		.loc 1 810 5 view .LVU620
 812:platform/HAL/src/stm32g4xx_hal_dma.c ****     {
 1633              		.loc 1 812 5 view .LVU621
 812:platform/HAL/src/stm32g4xx_hal_dma.c ****     {
 1634              		.loc 1 812 13 is_stmt 0 view .LVU622
 1635 00ba 436B     		ldr	r3, [r0, #52]
 812:platform/HAL/src/stm32g4xx_hal_dma.c ****     {
 1636              		.loc 1 812 8 view .LVU623
 1637 00bc 002B     		cmp	r3, #0
 1638 00be C0D0     		beq	.L89
 815:platform/HAL/src/stm32g4xx_hal_dma.c ****     }
 1639              		.loc 1 815 7 is_stmt 1 view .LVU624
 1640 00c0 9847     		blx	r3
 1641              	.LVL86:
 821:platform/HAL/src/stm32g4xx_hal_dma.c ****   return;
 1642              		.loc 1 821 3 view .LVU625
 822:platform/HAL/src/stm32g4xx_hal_dma.c **** }
 1643              		.loc 1 822 3 view .LVU626
 1644 00c2 BEE7     		b	.L89
 1645              		.cfi_endproc
 1646              	.LFE336:
 1648              		.section	.text.HAL_DMA_RegisterCallback,"ax",%progbits
 1649              		.align	1
 1650              		.global	HAL_DMA_RegisterCallback
 1651              		.syntax unified
 1652              		.thumb
 1653              		.thumb_func
 1655              	HAL_DMA_RegisterCallback:
 1656              	.LVL87:
 1657              	.LFB337:
 836:platform/HAL/src/stm32g4xx_hal_dma.c ****   HAL_StatusTypeDef status = HAL_OK;
 1658              		.loc 1 836 1 view -0
 1659              		.cfi_startproc
 1660              		@ args = 0, pretend = 0, frame = 0
 1661              		@ frame_needed = 0, uses_anonymous_args = 0
 1662              		@ link register save eliminated.
 836:platform/HAL/src/stm32g4xx_hal_dma.c ****   HAL_StatusTypeDef status = HAL_OK;
 1663              		.loc 1 836 1 is_stmt 0 view .LVU628
 1664 0000 0346     		mov	r3, r0
 837:platform/HAL/src/stm32g4xx_hal_dma.c **** 
 1665              		.loc 1 837 3 is_stmt 1 view .LVU629
 1666              	.LVL88:
 840:platform/HAL/src/stm32g4xx_hal_dma.c **** 
 1667              		.loc 1 840 3 view .LVU630
 840:platform/HAL/src/stm32g4xx_hal_dma.c **** 
 1668              		.loc 1 840 3 view .LVU631
 1669 0002 90F82400 		ldrb	r0, [r0, #36]	@ zero_extendqisi2
 1670              	.LVL89:
 840:platform/HAL/src/stm32g4xx_hal_dma.c **** 
 1671              		.loc 1 840 3 is_stmt 0 view .LVU632
 1672 0006 0128     		cmp	r0, #1
 1673 0008 20D0     		beq	.L104
ARM GAS  /tmp/ccogJh6P.s 			page 59


 840:platform/HAL/src/stm32g4xx_hal_dma.c **** 
 1674              		.loc 1 840 3 is_stmt 1 discriminator 2 view .LVU633
 1675 000a 0120     		movs	r0, #1
 1676 000c 83F82400 		strb	r0, [r3, #36]
 840:platform/HAL/src/stm32g4xx_hal_dma.c **** 
 1677              		.loc 1 840 3 view .LVU634
 842:platform/HAL/src/stm32g4xx_hal_dma.c ****   {
 1678              		.loc 1 842 3 view .LVU635
 842:platform/HAL/src/stm32g4xx_hal_dma.c ****   {
 1679              		.loc 1 842 34 is_stmt 0 view .LVU636
 1680 0010 93F825C0 		ldrb	ip, [r3, #37]	@ zero_extendqisi2
 1681 0014 5FFA8CF0 		uxtb	r0, ip
 842:platform/HAL/src/stm32g4xx_hal_dma.c ****   {
 1682              		.loc 1 842 6 view .LVU637
 1683 0018 BCF1010F 		cmp	ip, #1
 1684 001c 04D0     		beq	.L107
 869:platform/HAL/src/stm32g4xx_hal_dma.c ****   }
 1685              		.loc 1 869 12 view .LVU638
 1686 001e 0120     		movs	r0, #1
 1687              	.L98:
 1688              	.LVL90:
 873:platform/HAL/src/stm32g4xx_hal_dma.c **** 
 1689              		.loc 1 873 3 is_stmt 1 view .LVU639
 873:platform/HAL/src/stm32g4xx_hal_dma.c **** 
 1690              		.loc 1 873 3 view .LVU640
 1691 0020 0022     		movs	r2, #0
 1692              	.LVL91:
 873:platform/HAL/src/stm32g4xx_hal_dma.c **** 
 1693              		.loc 1 873 3 is_stmt 0 view .LVU641
 1694 0022 83F82420 		strb	r2, [r3, #36]
 873:platform/HAL/src/stm32g4xx_hal_dma.c **** 
 1695              		.loc 1 873 3 is_stmt 1 view .LVU642
 875:platform/HAL/src/stm32g4xx_hal_dma.c **** }
 1696              		.loc 1 875 3 view .LVU643
 875:platform/HAL/src/stm32g4xx_hal_dma.c **** }
 1697              		.loc 1 875 10 is_stmt 0 view .LVU644
 1698 0026 7047     		bx	lr
 1699              	.LVL92:
 1700              	.L107:
 844:platform/HAL/src/stm32g4xx_hal_dma.c ****     {
 1701              		.loc 1 844 5 is_stmt 1 view .LVU645
 1702 0028 0329     		cmp	r1, #3
 1703 002a F9D8     		bhi	.L98
 1704 002c DFE801F0 		tbb	[pc, r1]
 1705              	.L100:
 1706 0030 02       		.byte	(.L103-.L100)/2
 1707 0031 05       		.byte	(.L102-.L100)/2
 1708 0032 08       		.byte	(.L101-.L100)/2
 1709 0033 0B       		.byte	(.L99-.L100)/2
 1710              		.p2align 1
 1711              	.L103:
 847:platform/HAL/src/stm32g4xx_hal_dma.c ****         break;
 1712              		.loc 1 847 9 view .LVU646
 847:platform/HAL/src/stm32g4xx_hal_dma.c ****         break;
 1713              		.loc 1 847 32 is_stmt 0 view .LVU647
 1714 0034 DA62     		str	r2, [r3, #44]
 848:platform/HAL/src/stm32g4xx_hal_dma.c **** 
ARM GAS  /tmp/ccogJh6P.s 			page 60


 1715              		.loc 1 848 9 is_stmt 1 view .LVU648
 837:platform/HAL/src/stm32g4xx_hal_dma.c **** 
 1716              		.loc 1 837 21 is_stmt 0 view .LVU649
 1717 0036 0846     		mov	r0, r1
 848:platform/HAL/src/stm32g4xx_hal_dma.c **** 
 1718              		.loc 1 848 9 view .LVU650
 1719 0038 F2E7     		b	.L98
 1720              	.L102:
 851:platform/HAL/src/stm32g4xx_hal_dma.c ****         break;
 1721              		.loc 1 851 9 is_stmt 1 view .LVU651
 851:platform/HAL/src/stm32g4xx_hal_dma.c ****         break;
 1722              		.loc 1 851 36 is_stmt 0 view .LVU652
 1723 003a 1A63     		str	r2, [r3, #48]
 852:platform/HAL/src/stm32g4xx_hal_dma.c **** 
 1724              		.loc 1 852 9 is_stmt 1 view .LVU653
 837:platform/HAL/src/stm32g4xx_hal_dma.c **** 
 1725              		.loc 1 837 21 is_stmt 0 view .LVU654
 1726 003c 0020     		movs	r0, #0
 852:platform/HAL/src/stm32g4xx_hal_dma.c **** 
 1727              		.loc 1 852 9 view .LVU655
 1728 003e EFE7     		b	.L98
 1729              	.L101:
 855:platform/HAL/src/stm32g4xx_hal_dma.c ****         break;
 1730              		.loc 1 855 9 is_stmt 1 view .LVU656
 855:platform/HAL/src/stm32g4xx_hal_dma.c ****         break;
 1731              		.loc 1 855 33 is_stmt 0 view .LVU657
 1732 0040 5A63     		str	r2, [r3, #52]
 856:platform/HAL/src/stm32g4xx_hal_dma.c **** 
 1733              		.loc 1 856 9 is_stmt 1 view .LVU658
 837:platform/HAL/src/stm32g4xx_hal_dma.c **** 
 1734              		.loc 1 837 21 is_stmt 0 view .LVU659
 1735 0042 0020     		movs	r0, #0
 856:platform/HAL/src/stm32g4xx_hal_dma.c **** 
 1736              		.loc 1 856 9 view .LVU660
 1737 0044 ECE7     		b	.L98
 1738              	.L99:
 859:platform/HAL/src/stm32g4xx_hal_dma.c ****         break;
 1739              		.loc 1 859 9 is_stmt 1 view .LVU661
 859:platform/HAL/src/stm32g4xx_hal_dma.c ****         break;
 1740              		.loc 1 859 33 is_stmt 0 view .LVU662
 1741 0046 9A63     		str	r2, [r3, #56]
 860:platform/HAL/src/stm32g4xx_hal_dma.c **** 
 1742              		.loc 1 860 9 is_stmt 1 view .LVU663
 837:platform/HAL/src/stm32g4xx_hal_dma.c **** 
 1743              		.loc 1 837 21 is_stmt 0 view .LVU664
 1744 0048 0020     		movs	r0, #0
 860:platform/HAL/src/stm32g4xx_hal_dma.c **** 
 1745              		.loc 1 860 9 view .LVU665
 1746 004a E9E7     		b	.L98
 1747              	.L104:
 840:platform/HAL/src/stm32g4xx_hal_dma.c **** 
 1748              		.loc 1 840 3 discriminator 1 view .LVU666
 1749 004c 0220     		movs	r0, #2
 876:platform/HAL/src/stm32g4xx_hal_dma.c **** 
 1750              		.loc 1 876 1 view .LVU667
 1751 004e 7047     		bx	lr
 1752              		.cfi_endproc
ARM GAS  /tmp/ccogJh6P.s 			page 61


 1753              	.LFE337:
 1755              		.section	.text.HAL_DMA_UnRegisterCallback,"ax",%progbits
 1756              		.align	1
 1757              		.global	HAL_DMA_UnRegisterCallback
 1758              		.syntax unified
 1759              		.thumb
 1760              		.thumb_func
 1762              	HAL_DMA_UnRegisterCallback:
 1763              	.LVL93:
 1764              	.LFB338:
 887:platform/HAL/src/stm32g4xx_hal_dma.c ****   HAL_StatusTypeDef status = HAL_OK;
 1765              		.loc 1 887 1 is_stmt 1 view -0
 1766              		.cfi_startproc
 1767              		@ args = 0, pretend = 0, frame = 0
 1768              		@ frame_needed = 0, uses_anonymous_args = 0
 1769              		@ link register save eliminated.
 887:platform/HAL/src/stm32g4xx_hal_dma.c ****   HAL_StatusTypeDef status = HAL_OK;
 1770              		.loc 1 887 1 is_stmt 0 view .LVU669
 1771 0000 0346     		mov	r3, r0
 888:platform/HAL/src/stm32g4xx_hal_dma.c **** 
 1772              		.loc 1 888 3 is_stmt 1 view .LVU670
 1773              	.LVL94:
 891:platform/HAL/src/stm32g4xx_hal_dma.c **** 
 1774              		.loc 1 891 3 view .LVU671
 891:platform/HAL/src/stm32g4xx_hal_dma.c **** 
 1775              		.loc 1 891 3 view .LVU672
 1776 0002 90F82420 		ldrb	r2, [r0, #36]	@ zero_extendqisi2
 1777 0006 012A     		cmp	r2, #1
 1778 0008 26D0     		beq	.L117
 891:platform/HAL/src/stm32g4xx_hal_dma.c **** 
 1779              		.loc 1 891 3 discriminator 2 view .LVU673
 1780 000a 0122     		movs	r2, #1
 1781 000c 80F82420 		strb	r2, [r0, #36]
 891:platform/HAL/src/stm32g4xx_hal_dma.c **** 
 1782              		.loc 1 891 3 view .LVU674
 893:platform/HAL/src/stm32g4xx_hal_dma.c ****   {
 1783              		.loc 1 893 3 view .LVU675
 893:platform/HAL/src/stm32g4xx_hal_dma.c ****   {
 1784              		.loc 1 893 34 is_stmt 0 view .LVU676
 1785 0010 90F82520 		ldrb	r2, [r0, #37]	@ zero_extendqisi2
 1786 0014 D0B2     		uxtb	r0, r2
 1787              	.LVL95:
 893:platform/HAL/src/stm32g4xx_hal_dma.c ****   {
 1788              		.loc 1 893 6 view .LVU677
 1789 0016 012A     		cmp	r2, #1
 1790 0018 04D0     		beq	.L120
 927:platform/HAL/src/stm32g4xx_hal_dma.c ****   }
 1791              		.loc 1 927 12 view .LVU678
 1792 001a 0120     		movs	r0, #1
 1793              	.L110:
 1794              	.LVL96:
 931:platform/HAL/src/stm32g4xx_hal_dma.c **** 
 1795              		.loc 1 931 3 is_stmt 1 view .LVU679
 931:platform/HAL/src/stm32g4xx_hal_dma.c **** 
 1796              		.loc 1 931 3 view .LVU680
 1797 001c 0022     		movs	r2, #0
 1798 001e 83F82420 		strb	r2, [r3, #36]
ARM GAS  /tmp/ccogJh6P.s 			page 62


 931:platform/HAL/src/stm32g4xx_hal_dma.c **** 
 1799              		.loc 1 931 3 view .LVU681
 933:platform/HAL/src/stm32g4xx_hal_dma.c **** }
 1800              		.loc 1 933 3 view .LVU682
 933:platform/HAL/src/stm32g4xx_hal_dma.c **** }
 1801              		.loc 1 933 10 is_stmt 0 view .LVU683
 1802 0022 7047     		bx	lr
 1803              	.LVL97:
 1804              	.L120:
 895:platform/HAL/src/stm32g4xx_hal_dma.c ****     {
 1805              		.loc 1 895 5 is_stmt 1 view .LVU684
 1806 0024 0429     		cmp	r1, #4
 1807 0026 F9D8     		bhi	.L110
 1808 0028 DFE801F0 		tbb	[pc, r1]
 1809              	.L112:
 1810 002c 03       		.byte	(.L116-.L112)/2
 1811 002d 07       		.byte	(.L115-.L112)/2
 1812 002e 0A       		.byte	(.L114-.L112)/2
 1813 002f 0D       		.byte	(.L113-.L112)/2
 1814 0030 10       		.byte	(.L111-.L112)/2
 1815 0031 00       		.p2align 1
 1816              	.L116:
 898:platform/HAL/src/stm32g4xx_hal_dma.c ****         break;
 1817              		.loc 1 898 9 view .LVU685
 898:platform/HAL/src/stm32g4xx_hal_dma.c ****         break;
 1818              		.loc 1 898 32 is_stmt 0 view .LVU686
 1819 0032 0022     		movs	r2, #0
 1820 0034 DA62     		str	r2, [r3, #44]
 899:platform/HAL/src/stm32g4xx_hal_dma.c **** 
 1821              		.loc 1 899 9 is_stmt 1 view .LVU687
 888:platform/HAL/src/stm32g4xx_hal_dma.c **** 
 1822              		.loc 1 888 21 is_stmt 0 view .LVU688
 1823 0036 0846     		mov	r0, r1
 899:platform/HAL/src/stm32g4xx_hal_dma.c **** 
 1824              		.loc 1 899 9 view .LVU689
 1825 0038 F0E7     		b	.L110
 1826              	.L115:
 902:platform/HAL/src/stm32g4xx_hal_dma.c ****         break;
 1827              		.loc 1 902 9 is_stmt 1 view .LVU690
 902:platform/HAL/src/stm32g4xx_hal_dma.c ****         break;
 1828              		.loc 1 902 36 is_stmt 0 view .LVU691
 1829 003a 0020     		movs	r0, #0
 1830 003c 1863     		str	r0, [r3, #48]
 903:platform/HAL/src/stm32g4xx_hal_dma.c **** 
 1831              		.loc 1 903 9 is_stmt 1 view .LVU692
 1832 003e EDE7     		b	.L110
 1833              	.L114:
 906:platform/HAL/src/stm32g4xx_hal_dma.c ****         break;
 1834              		.loc 1 906 9 view .LVU693
 906:platform/HAL/src/stm32g4xx_hal_dma.c ****         break;
 1835              		.loc 1 906 33 is_stmt 0 view .LVU694
 1836 0040 0020     		movs	r0, #0
 1837 0042 5863     		str	r0, [r3, #52]
 907:platform/HAL/src/stm32g4xx_hal_dma.c **** 
 1838              		.loc 1 907 9 is_stmt 1 view .LVU695
 1839 0044 EAE7     		b	.L110
 1840              	.L113:
ARM GAS  /tmp/ccogJh6P.s 			page 63


 910:platform/HAL/src/stm32g4xx_hal_dma.c ****         break;
 1841              		.loc 1 910 9 view .LVU696
 910:platform/HAL/src/stm32g4xx_hal_dma.c ****         break;
 1842              		.loc 1 910 33 is_stmt 0 view .LVU697
 1843 0046 0020     		movs	r0, #0
 1844 0048 9863     		str	r0, [r3, #56]
 911:platform/HAL/src/stm32g4xx_hal_dma.c **** 
 1845              		.loc 1 911 9 is_stmt 1 view .LVU698
 1846 004a E7E7     		b	.L110
 1847              	.L111:
 914:platform/HAL/src/stm32g4xx_hal_dma.c ****         hdma->XferHalfCpltCallback = NULL;
 1848              		.loc 1 914 9 view .LVU699
 914:platform/HAL/src/stm32g4xx_hal_dma.c ****         hdma->XferHalfCpltCallback = NULL;
 1849              		.loc 1 914 32 is_stmt 0 view .LVU700
 1850 004c 0020     		movs	r0, #0
 1851 004e D862     		str	r0, [r3, #44]
 915:platform/HAL/src/stm32g4xx_hal_dma.c ****         hdma->XferErrorCallback = NULL;
 1852              		.loc 1 915 9 is_stmt 1 view .LVU701
 915:platform/HAL/src/stm32g4xx_hal_dma.c ****         hdma->XferErrorCallback = NULL;
 1853              		.loc 1 915 36 is_stmt 0 view .LVU702
 1854 0050 1863     		str	r0, [r3, #48]
 916:platform/HAL/src/stm32g4xx_hal_dma.c ****         hdma->XferAbortCallback = NULL;
 1855              		.loc 1 916 9 is_stmt 1 view .LVU703
 916:platform/HAL/src/stm32g4xx_hal_dma.c ****         hdma->XferAbortCallback = NULL;
 1856              		.loc 1 916 33 is_stmt 0 view .LVU704
 1857 0052 5863     		str	r0, [r3, #52]
 917:platform/HAL/src/stm32g4xx_hal_dma.c ****         break;
 1858              		.loc 1 917 9 is_stmt 1 view .LVU705
 917:platform/HAL/src/stm32g4xx_hal_dma.c ****         break;
 1859              		.loc 1 917 33 is_stmt 0 view .LVU706
 1860 0054 9863     		str	r0, [r3, #56]
 918:platform/HAL/src/stm32g4xx_hal_dma.c **** 
 1861              		.loc 1 918 9 is_stmt 1 view .LVU707
 1862 0056 E1E7     		b	.L110
 1863              	.LVL98:
 1864              	.L117:
 891:platform/HAL/src/stm32g4xx_hal_dma.c **** 
 1865              		.loc 1 891 3 is_stmt 0 discriminator 1 view .LVU708
 1866 0058 0220     		movs	r0, #2
 1867              	.LVL99:
 934:platform/HAL/src/stm32g4xx_hal_dma.c **** 
 1868              		.loc 1 934 1 view .LVU709
 1869 005a 7047     		bx	lr
 1870              		.cfi_endproc
 1871              	.LFE338:
 1873              		.section	.text.HAL_DMA_GetState,"ax",%progbits
 1874              		.align	1
 1875              		.global	HAL_DMA_GetState
 1876              		.syntax unified
 1877              		.thumb
 1878              		.thumb_func
 1880              	HAL_DMA_GetState:
 1881              	.LVL100:
 1882              	.LFB339:
 965:platform/HAL/src/stm32g4xx_hal_dma.c ****   /* Return DMA handle state */
 1883              		.loc 1 965 1 is_stmt 1 view -0
 1884              		.cfi_startproc
ARM GAS  /tmp/ccogJh6P.s 			page 64


 1885              		@ args = 0, pretend = 0, frame = 0
 1886              		@ frame_needed = 0, uses_anonymous_args = 0
 1887              		@ link register save eliminated.
 967:platform/HAL/src/stm32g4xx_hal_dma.c **** }
 1888              		.loc 1 967 3 view .LVU711
 967:platform/HAL/src/stm32g4xx_hal_dma.c **** }
 1889              		.loc 1 967 14 is_stmt 0 view .LVU712
 1890 0000 90F82500 		ldrb	r0, [r0, #37]	@ zero_extendqisi2
 1891              	.LVL101:
 968:platform/HAL/src/stm32g4xx_hal_dma.c **** 
 1892              		.loc 1 968 1 view .LVU713
 1893 0004 7047     		bx	lr
 1894              		.cfi_endproc
 1895              	.LFE339:
 1897              		.section	.text.HAL_DMA_GetError,"ax",%progbits
 1898              		.align	1
 1899              		.global	HAL_DMA_GetError
 1900              		.syntax unified
 1901              		.thumb
 1902              		.thumb_func
 1904              	HAL_DMA_GetError:
 1905              	.LVL102:
 1906              	.LFB340:
 977:platform/HAL/src/stm32g4xx_hal_dma.c ****   return hdma->ErrorCode;
 1907              		.loc 1 977 1 is_stmt 1 view -0
 1908              		.cfi_startproc
 1909              		@ args = 0, pretend = 0, frame = 0
 1910              		@ frame_needed = 0, uses_anonymous_args = 0
 1911              		@ link register save eliminated.
 978:platform/HAL/src/stm32g4xx_hal_dma.c **** }
 1912              		.loc 1 978 3 view .LVU715
 978:platform/HAL/src/stm32g4xx_hal_dma.c **** }
 1913              		.loc 1 978 14 is_stmt 0 view .LVU716
 1914 0000 C06B     		ldr	r0, [r0, #60]
 1915              	.LVL103:
 979:platform/HAL/src/stm32g4xx_hal_dma.c **** 
 1916              		.loc 1 979 1 view .LVU717
 1917 0002 7047     		bx	lr
 1918              		.cfi_endproc
 1919              	.LFE340:
 1921              		.text
 1922              	.Letext0:
 1923              		.file 2 "/usr/arm-none-eabi/include/machine/_default_types.h"
 1924              		.file 3 "/usr/arm-none-eabi/include/sys/_stdint.h"
 1925              		.file 4 "platform/CMSIS/Device/ST/STM32G4xx/Include/stm32g474xx.h"
 1926              		.file 5 "platform/HAL/inc/stm32g4xx_hal_def.h"
 1927              		.file 6 "platform/HAL/inc/stm32g4xx_hal_dma.h"
 1928              		.file 7 "platform/HAL/inc/stm32g4xx_hal.h"
ARM GAS  /tmp/ccogJh6P.s 			page 65


DEFINED SYMBOLS
                            *ABS*:00000000 stm32g4xx_hal_dma.c
     /tmp/ccogJh6P.s:21     .text.DMA_SetConfig:00000000 $t
     /tmp/ccogJh6P.s:26     .text.DMA_SetConfig:00000000 DMA_SetConfig
     /tmp/ccogJh6P.s:121    .text.DMA_CalcDMAMUXChannelBaseAndMask:00000000 $t
     /tmp/ccogJh6P.s:126    .text.DMA_CalcDMAMUXChannelBaseAndMask:00000000 DMA_CalcDMAMUXChannelBaseAndMask
     /tmp/ccogJh6P.s:190    .text.DMA_CalcDMAMUXChannelBaseAndMask:00000034 $d
     /tmp/ccogJh6P.s:199    .text.DMA_CalcDMAMUXRequestGenBaseAndMask:00000000 $t
     /tmp/ccogJh6P.s:204    .text.DMA_CalcDMAMUXRequestGenBaseAndMask:00000000 DMA_CalcDMAMUXRequestGenBaseAndMask
     /tmp/ccogJh6P.s:246    .text.DMA_CalcDMAMUXRequestGenBaseAndMask:00000024 $d
     /tmp/ccogJh6P.s:252    .text.HAL_DMA_Init:00000000 $t
     /tmp/ccogJh6P.s:258    .text.HAL_DMA_Init:00000000 HAL_DMA_Init
     /tmp/ccogJh6P.s:475    .text.HAL_DMA_Init:000000c0 $d
     /tmp/ccogJh6P.s:485    .text.HAL_DMA_DeInit:00000000 $t
     /tmp/ccogJh6P.s:491    .text.HAL_DMA_DeInit:00000000 HAL_DMA_DeInit
     /tmp/ccogJh6P.s:673    .text.HAL_DMA_DeInit:000000a0 $d
     /tmp/ccogJh6P.s:683    .text.HAL_DMA_Start:00000000 $t
     /tmp/ccogJh6P.s:689    .text.HAL_DMA_Start:00000000 HAL_DMA_Start
     /tmp/ccogJh6P.s:776    .text.HAL_DMA_Start_IT:00000000 $t
     /tmp/ccogJh6P.s:782    .text.HAL_DMA_Start_IT:00000000 HAL_DMA_Start_IT
     /tmp/ccogJh6P.s:919    .text.HAL_DMA_Abort:00000000 $t
     /tmp/ccogJh6P.s:925    .text.HAL_DMA_Abort:00000000 HAL_DMA_Abort
     /tmp/ccogJh6P.s:1033   .text.HAL_DMA_Abort_IT:00000000 $t
     /tmp/ccogJh6P.s:1039   .text.HAL_DMA_Abort_IT:00000000 HAL_DMA_Abort_IT
     /tmp/ccogJh6P.s:1171   .text.HAL_DMA_PollForTransfer:00000000 $t
     /tmp/ccogJh6P.s:1177   .text.HAL_DMA_PollForTransfer:00000000 HAL_DMA_PollForTransfer
     /tmp/ccogJh6P.s:1455   .text.HAL_DMA_IRQHandler:00000000 $t
     /tmp/ccogJh6P.s:1461   .text.HAL_DMA_IRQHandler:00000000 HAL_DMA_IRQHandler
     /tmp/ccogJh6P.s:1649   .text.HAL_DMA_RegisterCallback:00000000 $t
     /tmp/ccogJh6P.s:1655   .text.HAL_DMA_RegisterCallback:00000000 HAL_DMA_RegisterCallback
     /tmp/ccogJh6P.s:1706   .text.HAL_DMA_RegisterCallback:00000030 $d
     /tmp/ccogJh6P.s:1710   .text.HAL_DMA_RegisterCallback:00000034 $t
     /tmp/ccogJh6P.s:1756   .text.HAL_DMA_UnRegisterCallback:00000000 $t
     /tmp/ccogJh6P.s:1762   .text.HAL_DMA_UnRegisterCallback:00000000 HAL_DMA_UnRegisterCallback
     /tmp/ccogJh6P.s:1810   .text.HAL_DMA_UnRegisterCallback:0000002c $d
     /tmp/ccogJh6P.s:1874   .text.HAL_DMA_GetState:00000000 $t
     /tmp/ccogJh6P.s:1880   .text.HAL_DMA_GetState:00000000 HAL_DMA_GetState
     /tmp/ccogJh6P.s:1898   .text.HAL_DMA_GetError:00000000 $t
     /tmp/ccogJh6P.s:1904   .text.HAL_DMA_GetError:00000000 HAL_DMA_GetError
     /tmp/ccogJh6P.s:1815   .text.HAL_DMA_UnRegisterCallback:00000031 $d
     /tmp/ccogJh6P.s:1815   .text.HAL_DMA_UnRegisterCallback:00000032 $t

UNDEFINED SYMBOLS
HAL_GetTick
