ARM GAS  /tmp/ccb4lWTC.s 			page 1


   1              		.cpu cortex-m4
   2              		.arch armv7e-m
   3              		.fpu fpv4-sp-d16
   4              		.eabi_attribute 27, 1
   5              		.eabi_attribute 28, 1
   6              		.eabi_attribute 20, 1
   7              		.eabi_attribute 21, 1
   8              		.eabi_attribute 23, 3
   9              		.eabi_attribute 24, 1
  10              		.eabi_attribute 25, 1
  11              		.eabi_attribute 26, 1
  12              		.eabi_attribute 30, 1
  13              		.eabi_attribute 34, 1
  14              		.eabi_attribute 18, 4
  15              		.file	"stm32g4xx_hal_dma_ex.c"
  16              		.text
  17              	.Ltext0:
  18              		.cfi_sections	.debug_frame
  19              		.file 1 "platform/HAL/src/stm32g4xx_hal_dma_ex.c"
  20              		.section	.text.HAL_DMAEx_ConfigMuxSync,"ax",%progbits
  21              		.align	1
  22              		.global	HAL_DMAEx_ConfigMuxSync
  23              		.syntax unified
  24              		.thumb
  25              		.thumb_func
  27              	HAL_DMAEx_ConfigMuxSync:
  28              	.LVL0:
  29              	.LFB329:
   1:platform/HAL/src/stm32g4xx_hal_dma_ex.c **** /**
   2:platform/HAL/src/stm32g4xx_hal_dma_ex.c ****   ******************************************************************************
   3:platform/HAL/src/stm32g4xx_hal_dma_ex.c ****   * @file    stm32g4xx_hal_dma_ex.c
   4:platform/HAL/src/stm32g4xx_hal_dma_ex.c ****   * @author  MCD Application Team
   5:platform/HAL/src/stm32g4xx_hal_dma_ex.c ****   * @brief   DMA Extension HAL module driver
   6:platform/HAL/src/stm32g4xx_hal_dma_ex.c ****   *         This file provides firmware functions to manage the following
   7:platform/HAL/src/stm32g4xx_hal_dma_ex.c ****   *         functionalities of the DMA Extension peripheral:
   8:platform/HAL/src/stm32g4xx_hal_dma_ex.c ****   *           + Extended features functions
   9:platform/HAL/src/stm32g4xx_hal_dma_ex.c ****   *
  10:platform/HAL/src/stm32g4xx_hal_dma_ex.c ****   ******************************************************************************
  11:platform/HAL/src/stm32g4xx_hal_dma_ex.c ****   * @attention
  12:platform/HAL/src/stm32g4xx_hal_dma_ex.c ****   *
  13:platform/HAL/src/stm32g4xx_hal_dma_ex.c ****   * Copyright (c) 2019 STMicroelectronics.
  14:platform/HAL/src/stm32g4xx_hal_dma_ex.c ****   * All rights reserved.
  15:platform/HAL/src/stm32g4xx_hal_dma_ex.c ****   *
  16:platform/HAL/src/stm32g4xx_hal_dma_ex.c ****   * This software is licensed under terms that can be found in the LICENSE file
  17:platform/HAL/src/stm32g4xx_hal_dma_ex.c ****   * in the root directory of this software component.
  18:platform/HAL/src/stm32g4xx_hal_dma_ex.c ****   * If no LICENSE file comes with this software, it is provided AS-IS.
  19:platform/HAL/src/stm32g4xx_hal_dma_ex.c ****   *
  20:platform/HAL/src/stm32g4xx_hal_dma_ex.c ****   ******************************************************************************
  21:platform/HAL/src/stm32g4xx_hal_dma_ex.c ****   @verbatim
  22:platform/HAL/src/stm32g4xx_hal_dma_ex.c ****   ==============================================================================
  23:platform/HAL/src/stm32g4xx_hal_dma_ex.c ****                         ##### How to use this driver #####
  24:platform/HAL/src/stm32g4xx_hal_dma_ex.c ****   ==============================================================================
  25:platform/HAL/src/stm32g4xx_hal_dma_ex.c ****   [..]
  26:platform/HAL/src/stm32g4xx_hal_dma_ex.c ****   The DMA Extension HAL driver can be used as follows:
  27:platform/HAL/src/stm32g4xx_hal_dma_ex.c **** 
  28:platform/HAL/src/stm32g4xx_hal_dma_ex.c ****    (+) Configure the DMA_MUX Synchronization Block using HAL_DMAEx_ConfigMuxSync function.
  29:platform/HAL/src/stm32g4xx_hal_dma_ex.c ****    (+) Configure the DMA_MUX Request Generator Block using HAL_DMAEx_ConfigMuxRequestGenerator func
ARM GAS  /tmp/ccb4lWTC.s 			page 2


  30:platform/HAL/src/stm32g4xx_hal_dma_ex.c ****        Functions HAL_DMAEx_EnableMuxRequestGenerator and HAL_DMAEx_DisableMuxRequestGenerator can t
  31:platform/HAL/src/stm32g4xx_hal_dma_ex.c ****        to respectively enable/disable the request generator.
  32:platform/HAL/src/stm32g4xx_hal_dma_ex.c **** 
  33:platform/HAL/src/stm32g4xx_hal_dma_ex.c ****    (+) To handle the DMAMUX Interrupts, the function  HAL_DMAEx_MUX_IRQHandler should be called fro
  34:platform/HAL/src/stm32g4xx_hal_dma_ex.c ****        the DMAMUX IRQ handler i.e DMAMUX1_OVR_IRQHandler.
  35:platform/HAL/src/stm32g4xx_hal_dma_ex.c ****        As only one interrupt line is available for all DMAMUX channels and request generators , HAL
  36:platform/HAL/src/stm32g4xx_hal_dma_ex.c ****        called with, as parameter, the appropriate DMA handle as many as used DMAs in the user proje
  37:platform/HAL/src/stm32g4xx_hal_dma_ex.c ****       (exception done if a given DMA is not using the DMAMUX SYNC block neither a request generator
  38:platform/HAL/src/stm32g4xx_hal_dma_ex.c **** 
  39:platform/HAL/src/stm32g4xx_hal_dma_ex.c ****   @endverbatim
  40:platform/HAL/src/stm32g4xx_hal_dma_ex.c ****   */
  41:platform/HAL/src/stm32g4xx_hal_dma_ex.c **** 
  42:platform/HAL/src/stm32g4xx_hal_dma_ex.c **** /* Includes ------------------------------------------------------------------*/
  43:platform/HAL/src/stm32g4xx_hal_dma_ex.c **** #include "stm32g4xx_hal.h"
  44:platform/HAL/src/stm32g4xx_hal_dma_ex.c **** 
  45:platform/HAL/src/stm32g4xx_hal_dma_ex.c **** /** @addtogroup STM32G4xx_HAL_Driver
  46:platform/HAL/src/stm32g4xx_hal_dma_ex.c ****   * @{
  47:platform/HAL/src/stm32g4xx_hal_dma_ex.c ****   */
  48:platform/HAL/src/stm32g4xx_hal_dma_ex.c **** 
  49:platform/HAL/src/stm32g4xx_hal_dma_ex.c **** /** @defgroup DMAEx DMAEx
  50:platform/HAL/src/stm32g4xx_hal_dma_ex.c ****   * @brief DMA Extended HAL module driver
  51:platform/HAL/src/stm32g4xx_hal_dma_ex.c ****   * @{
  52:platform/HAL/src/stm32g4xx_hal_dma_ex.c ****   */
  53:platform/HAL/src/stm32g4xx_hal_dma_ex.c **** 
  54:platform/HAL/src/stm32g4xx_hal_dma_ex.c **** #ifdef HAL_DMA_MODULE_ENABLED
  55:platform/HAL/src/stm32g4xx_hal_dma_ex.c **** 
  56:platform/HAL/src/stm32g4xx_hal_dma_ex.c **** /* Private typedef -----------------------------------------------------------*/
  57:platform/HAL/src/stm32g4xx_hal_dma_ex.c **** /* Private define ------------------------------------------------------------*/
  58:platform/HAL/src/stm32g4xx_hal_dma_ex.c **** /* Private macro -------------------------------------------------------------*/
  59:platform/HAL/src/stm32g4xx_hal_dma_ex.c **** /* Private variables ---------------------------------------------------------*/
  60:platform/HAL/src/stm32g4xx_hal_dma_ex.c **** /* Private Constants ---------------------------------------------------------*/
  61:platform/HAL/src/stm32g4xx_hal_dma_ex.c **** /* Private function prototypes -----------------------------------------------*/
  62:platform/HAL/src/stm32g4xx_hal_dma_ex.c **** /* Private functions ---------------------------------------------------------*/
  63:platform/HAL/src/stm32g4xx_hal_dma_ex.c **** 
  64:platform/HAL/src/stm32g4xx_hal_dma_ex.c **** 
  65:platform/HAL/src/stm32g4xx_hal_dma_ex.c **** /** @defgroup DMAEx_Exported_Functions DMAEx Exported Functions
  66:platform/HAL/src/stm32g4xx_hal_dma_ex.c ****   * @{
  67:platform/HAL/src/stm32g4xx_hal_dma_ex.c ****   */
  68:platform/HAL/src/stm32g4xx_hal_dma_ex.c **** 
  69:platform/HAL/src/stm32g4xx_hal_dma_ex.c **** /** @defgroup DMAEx_Exported_Functions_Group1 DMAEx Extended features functions
  70:platform/HAL/src/stm32g4xx_hal_dma_ex.c ****   *  @brief   Extended features functions
  71:platform/HAL/src/stm32g4xx_hal_dma_ex.c ****   *
  72:platform/HAL/src/stm32g4xx_hal_dma_ex.c **** @verbatim
  73:platform/HAL/src/stm32g4xx_hal_dma_ex.c ****  ===============================================================================
  74:platform/HAL/src/stm32g4xx_hal_dma_ex.c ****                 #####  Extended features functions  #####
  75:platform/HAL/src/stm32g4xx_hal_dma_ex.c ****  ===============================================================================
  76:platform/HAL/src/stm32g4xx_hal_dma_ex.c ****     [..]  This section provides functions allowing to:
  77:platform/HAL/src/stm32g4xx_hal_dma_ex.c **** 
  78:platform/HAL/src/stm32g4xx_hal_dma_ex.c ****     (+) Configure the DMAMUX Synchronization Block using HAL_DMAEx_ConfigMuxSync function.
  79:platform/HAL/src/stm32g4xx_hal_dma_ex.c ****     (+) Configure the DMAMUX Request Generator Block using HAL_DMAEx_ConfigMuxRequestGenerator func
  80:platform/HAL/src/stm32g4xx_hal_dma_ex.c ****        Functions HAL_DMAEx_EnableMuxRequestGenerator and HAL_DMAEx_DisableMuxRequestGenerator can t
  81:platform/HAL/src/stm32g4xx_hal_dma_ex.c ****        to respectively enable/disable the request generator.
  82:platform/HAL/src/stm32g4xx_hal_dma_ex.c **** 
  83:platform/HAL/src/stm32g4xx_hal_dma_ex.c **** @endverbatim
  84:platform/HAL/src/stm32g4xx_hal_dma_ex.c ****   * @{
  85:platform/HAL/src/stm32g4xx_hal_dma_ex.c ****   */
  86:platform/HAL/src/stm32g4xx_hal_dma_ex.c **** 
ARM GAS  /tmp/ccb4lWTC.s 			page 3


  87:platform/HAL/src/stm32g4xx_hal_dma_ex.c **** 
  88:platform/HAL/src/stm32g4xx_hal_dma_ex.c **** /**
  89:platform/HAL/src/stm32g4xx_hal_dma_ex.c ****   * @brief  Configure the DMAMUX synchronization parameters for a given DMA channel (instance).
  90:platform/HAL/src/stm32g4xx_hal_dma_ex.c ****   * @param  hdma:       pointer to a DMA_HandleTypeDef structure that contains
  91:platform/HAL/src/stm32g4xx_hal_dma_ex.c ****   *                     the configuration information for the specified DMA channel.
  92:platform/HAL/src/stm32g4xx_hal_dma_ex.c ****   * @param  pSyncConfig : pointer to HAL_DMA_MuxSyncConfigTypeDef : contains the DMAMUX synchroniza
  93:platform/HAL/src/stm32g4xx_hal_dma_ex.c ****   * @retval HAL status
  94:platform/HAL/src/stm32g4xx_hal_dma_ex.c ****   */
  95:platform/HAL/src/stm32g4xx_hal_dma_ex.c **** HAL_StatusTypeDef HAL_DMAEx_ConfigMuxSync(DMA_HandleTypeDef *hdma, HAL_DMA_MuxSyncConfigTypeDef *pS
  96:platform/HAL/src/stm32g4xx_hal_dma_ex.c **** {
  30              		.loc 1 96 1 view -0
  31              		.cfi_startproc
  32              		@ args = 0, pretend = 0, frame = 0
  33              		@ frame_needed = 0, uses_anonymous_args = 0
  34              		@ link register save eliminated.
  97:platform/HAL/src/stm32g4xx_hal_dma_ex.c ****   /* Check the parameters */
  98:platform/HAL/src/stm32g4xx_hal_dma_ex.c ****   assert_param(IS_DMA_ALL_INSTANCE(hdma->Instance));
  35              		.loc 1 98 3 view .LVU1
  99:platform/HAL/src/stm32g4xx_hal_dma_ex.c **** 
 100:platform/HAL/src/stm32g4xx_hal_dma_ex.c ****   assert_param(IS_DMAMUX_SYNC_SIGNAL_ID(pSyncConfig->SyncSignalID));
  36              		.loc 1 100 3 view .LVU2
 101:platform/HAL/src/stm32g4xx_hal_dma_ex.c **** 
 102:platform/HAL/src/stm32g4xx_hal_dma_ex.c ****   assert_param(IS_DMAMUX_SYNC_POLARITY(pSyncConfig-> SyncPolarity));
  37              		.loc 1 102 3 view .LVU3
 103:platform/HAL/src/stm32g4xx_hal_dma_ex.c ****   assert_param(IS_DMAMUX_SYNC_STATE(pSyncConfig->SyncEnable));
  38              		.loc 1 103 3 view .LVU4
 104:platform/HAL/src/stm32g4xx_hal_dma_ex.c ****   assert_param(IS_DMAMUX_SYNC_EVENT(pSyncConfig->EventEnable));
  39              		.loc 1 104 3 view .LVU5
 105:platform/HAL/src/stm32g4xx_hal_dma_ex.c ****   assert_param(IS_DMAMUX_SYNC_REQUEST_NUMBER(pSyncConfig->RequestNumber));
  40              		.loc 1 105 3 view .LVU6
 106:platform/HAL/src/stm32g4xx_hal_dma_ex.c **** 
 107:platform/HAL/src/stm32g4xx_hal_dma_ex.c ****   /*Check if the DMA state is ready */
 108:platform/HAL/src/stm32g4xx_hal_dma_ex.c ****   if (hdma->State == HAL_DMA_STATE_READY)
  41              		.loc 1 108 3 view .LVU7
  42              		.loc 1 108 11 is_stmt 0 view .LVU8
  43 0000 90F82530 		ldrb	r3, [r0, #37]	@ zero_extendqisi2
  44              		.loc 1 108 6 view .LVU9
  45 0004 012B     		cmp	r3, #1
  46 0006 22D1     		bne	.L3
 109:platform/HAL/src/stm32g4xx_hal_dma_ex.c ****   {
 110:platform/HAL/src/stm32g4xx_hal_dma_ex.c ****     /* Process Locked */
 111:platform/HAL/src/stm32g4xx_hal_dma_ex.c ****     __HAL_LOCK(hdma);
  47              		.loc 1 111 5 is_stmt 1 view .LVU10
  48              		.loc 1 111 5 view .LVU11
  49 0008 90F82430 		ldrb	r3, [r0, #36]	@ zero_extendqisi2
  50 000c 012B     		cmp	r3, #1
  51 000e 20D0     		beq	.L4
  96:platform/HAL/src/stm32g4xx_hal_dma_ex.c ****   /* Check the parameters */
  52              		.loc 1 96 1 is_stmt 0 view .LVU12
  53 0010 30B4     		push	{r4, r5}
  54              	.LCFI0:
  55              		.cfi_def_cfa_offset 8
  56              		.cfi_offset 4, -8
  57              		.cfi_offset 5, -4
  58              		.loc 1 111 5 is_stmt 1 discriminator 2 view .LVU13
  59 0012 0123     		movs	r3, #1
  60 0014 80F82430 		strb	r3, [r0, #36]
ARM GAS  /tmp/ccb4lWTC.s 			page 4


  61              		.loc 1 111 5 view .LVU14
 112:platform/HAL/src/stm32g4xx_hal_dma_ex.c **** 
 113:platform/HAL/src/stm32g4xx_hal_dma_ex.c ****     /* Set the new synchronization parameters (and keep the request ID filled during the Init)*/
 114:platform/HAL/src/stm32g4xx_hal_dma_ex.c ****     MODIFY_REG(hdma->DMAmuxChannel->CCR, \
  62              		.loc 1 114 5 view .LVU15
  63 0018 846C     		ldr	r4, [r0, #72]
  64 001a 2268     		ldr	r2, [r4]
  65 001c 02F07F02 		and	r2, r2, #127
  66 0020 CB68     		ldr	r3, [r1, #12]
  67 0022 013B     		subs	r3, r3, #1
  68 0024 DB04     		lsls	r3, r3, #19
  69 0026 0D68     		ldr	r5, [r1]
  70 0028 43EA0563 		orr	r3, r3, r5, lsl #24
  71 002c 4D68     		ldr	r5, [r1, #4]
  72 002e 2B43     		orrs	r3, r3, r5
  73 0030 91F808C0 		ldrb	ip, [r1, #8]	@ zero_extendqisi2
  74 0034 43EA0C43 		orr	r3, r3, ip, lsl #16
  75 0038 497A     		ldrb	r1, [r1, #9]	@ zero_extendqisi2
  76              	.LVL1:
  77              		.loc 1 114 5 is_stmt 0 view .LVU16
  78 003a 43EA4123 		orr	r3, r3, r1, lsl #9
  79 003e 1343     		orrs	r3, r3, r2
  80 0040 2360     		str	r3, [r4]
 115:platform/HAL/src/stm32g4xx_hal_dma_ex.c ****                (~DMAMUX_CxCR_DMAREQ_ID), \
 116:platform/HAL/src/stm32g4xx_hal_dma_ex.c ****                ((pSyncConfig->SyncSignalID) << DMAMUX_CxCR_SYNC_ID_Pos) | ((pSyncConfig->RequestNum
 117:platform/HAL/src/stm32g4xx_hal_dma_ex.c ****                pSyncConfig->SyncPolarity | ((uint32_t)pSyncConfig->SyncEnable << DMAMUX_CxCR_SE_Pos
 118:platform/HAL/src/stm32g4xx_hal_dma_ex.c ****                ((uint32_t)pSyncConfig->EventEnable << DMAMUX_CxCR_EGE_Pos));
 119:platform/HAL/src/stm32g4xx_hal_dma_ex.c **** 
 120:platform/HAL/src/stm32g4xx_hal_dma_ex.c ****     /* Process UnLocked */
 121:platform/HAL/src/stm32g4xx_hal_dma_ex.c ****     __HAL_UNLOCK(hdma);
  81              		.loc 1 121 5 is_stmt 1 view .LVU17
  82              		.loc 1 121 5 view .LVU18
  83 0042 0023     		movs	r3, #0
  84 0044 80F82430 		strb	r3, [r0, #36]
  85              		.loc 1 121 5 view .LVU19
 122:platform/HAL/src/stm32g4xx_hal_dma_ex.c **** 
 123:platform/HAL/src/stm32g4xx_hal_dma_ex.c ****     return HAL_OK;
  86              		.loc 1 123 5 view .LVU20
  87              		.loc 1 123 12 is_stmt 0 view .LVU21
  88 0048 1846     		mov	r0, r3
  89              	.LVL2:
 124:platform/HAL/src/stm32g4xx_hal_dma_ex.c ****   }
 125:platform/HAL/src/stm32g4xx_hal_dma_ex.c ****   else
 126:platform/HAL/src/stm32g4xx_hal_dma_ex.c ****   {
 127:platform/HAL/src/stm32g4xx_hal_dma_ex.c ****     /*DMA State not Ready*/
 128:platform/HAL/src/stm32g4xx_hal_dma_ex.c ****     return HAL_ERROR;
 129:platform/HAL/src/stm32g4xx_hal_dma_ex.c ****   }
 130:platform/HAL/src/stm32g4xx_hal_dma_ex.c **** }
  90              		.loc 1 130 1 view .LVU22
  91 004a 30BC     		pop	{r4, r5}
  92              	.LCFI1:
  93              		.cfi_restore 5
  94              		.cfi_restore 4
  95              		.cfi_def_cfa_offset 0
  96 004c 7047     		bx	lr
  97              	.LVL3:
  98              	.L3:
ARM GAS  /tmp/ccb4lWTC.s 			page 5


 128:platform/HAL/src/stm32g4xx_hal_dma_ex.c ****   }
  99              		.loc 1 128 12 view .LVU23
 100 004e 0120     		movs	r0, #1
 101              	.LVL4:
 128:platform/HAL/src/stm32g4xx_hal_dma_ex.c ****   }
 102              		.loc 1 128 12 view .LVU24
 103 0050 7047     		bx	lr
 104              	.LVL5:
 105              	.L4:
 111:platform/HAL/src/stm32g4xx_hal_dma_ex.c **** 
 106              		.loc 1 111 5 discriminator 1 view .LVU25
 107 0052 0220     		movs	r0, #2
 108              	.LVL6:
 109              		.loc 1 130 1 view .LVU26
 110 0054 7047     		bx	lr
 111              		.cfi_endproc
 112              	.LFE329:
 114              		.section	.text.HAL_DMAEx_ConfigMuxRequestGenerator,"ax",%progbits
 115              		.align	1
 116              		.global	HAL_DMAEx_ConfigMuxRequestGenerator
 117              		.syntax unified
 118              		.thumb
 119              		.thumb_func
 121              	HAL_DMAEx_ConfigMuxRequestGenerator:
 122              	.LVL7:
 123              	.LFB330:
 131:platform/HAL/src/stm32g4xx_hal_dma_ex.c **** 
 132:platform/HAL/src/stm32g4xx_hal_dma_ex.c **** /**
 133:platform/HAL/src/stm32g4xx_hal_dma_ex.c ****   * @brief  Configure the DMAMUX request generator block used by the given DMA channel (instance).
 134:platform/HAL/src/stm32g4xx_hal_dma_ex.c ****   * @param  hdma:       pointer to a DMA_HandleTypeDef structure that contains
 135:platform/HAL/src/stm32g4xx_hal_dma_ex.c ****   *                     the configuration information for the specified DMA channel.
 136:platform/HAL/src/stm32g4xx_hal_dma_ex.c ****   * @param  pRequestGeneratorConfig : pointer to HAL_DMA_MuxRequestGeneratorConfigTypeDef :
 137:platform/HAL/src/stm32g4xx_hal_dma_ex.c ****   *         contains the request generator parameters.
 138:platform/HAL/src/stm32g4xx_hal_dma_ex.c ****   *
 139:platform/HAL/src/stm32g4xx_hal_dma_ex.c ****   * @retval HAL status
 140:platform/HAL/src/stm32g4xx_hal_dma_ex.c ****   */
 141:platform/HAL/src/stm32g4xx_hal_dma_ex.c **** HAL_StatusTypeDef HAL_DMAEx_ConfigMuxRequestGenerator(DMA_HandleTypeDef *hdma,
 142:platform/HAL/src/stm32g4xx_hal_dma_ex.c ****                                                       HAL_DMA_MuxRequestGeneratorConfigTypeDef *pRe
 143:platform/HAL/src/stm32g4xx_hal_dma_ex.c **** {
 124              		.loc 1 143 1 is_stmt 1 view -0
 125              		.cfi_startproc
 126              		@ args = 0, pretend = 0, frame = 0
 127              		@ frame_needed = 0, uses_anonymous_args = 0
 128              		@ link register save eliminated.
 144:platform/HAL/src/stm32g4xx_hal_dma_ex.c ****   /* Check the parameters */
 145:platform/HAL/src/stm32g4xx_hal_dma_ex.c ****   assert_param(IS_DMA_ALL_INSTANCE(hdma->Instance));
 129              		.loc 1 145 3 view .LVU28
 146:platform/HAL/src/stm32g4xx_hal_dma_ex.c **** 
 147:platform/HAL/src/stm32g4xx_hal_dma_ex.c ****   assert_param(IS_DMAMUX_REQUEST_GEN_SIGNAL_ID(pRequestGeneratorConfig->SignalID));
 130              		.loc 1 147 3 view .LVU29
 148:platform/HAL/src/stm32g4xx_hal_dma_ex.c **** 
 149:platform/HAL/src/stm32g4xx_hal_dma_ex.c ****   assert_param(IS_DMAMUX_REQUEST_GEN_POLARITY(pRequestGeneratorConfig->Polarity));
 131              		.loc 1 149 3 view .LVU30
 150:platform/HAL/src/stm32g4xx_hal_dma_ex.c ****   assert_param(IS_DMAMUX_REQUEST_GEN_REQUEST_NUMBER(pRequestGeneratorConfig->RequestNumber));
 132              		.loc 1 150 3 view .LVU31
 151:platform/HAL/src/stm32g4xx_hal_dma_ex.c **** 
 152:platform/HAL/src/stm32g4xx_hal_dma_ex.c ****   /* check if the DMA state is ready
ARM GAS  /tmp/ccb4lWTC.s 			page 6


 153:platform/HAL/src/stm32g4xx_hal_dma_ex.c ****      and DMA is using a DMAMUX request generator block
 154:platform/HAL/src/stm32g4xx_hal_dma_ex.c ****   */
 155:platform/HAL/src/stm32g4xx_hal_dma_ex.c ****   if ((hdma->State == HAL_DMA_STATE_READY) && (hdma->DMAmuxRequestGen != 0U))
 133              		.loc 1 155 3 view .LVU32
 134              		.loc 1 155 12 is_stmt 0 view .LVU33
 135 0000 90F82520 		ldrb	r2, [r0, #37]	@ zero_extendqisi2
 136              		.loc 1 155 6 view .LVU34
 137 0004 012A     		cmp	r2, #1
 138 0006 26D1     		bne	.L12
 143:platform/HAL/src/stm32g4xx_hal_dma_ex.c ****   /* Check the parameters */
 139              		.loc 1 143 1 view .LVU35
 140 0008 10B4     		push	{r4}
 141              	.LCFI2:
 142              		.cfi_def_cfa_offset 4
 143              		.cfi_offset 4, -4
 144 000a 0346     		mov	r3, r0
 145 000c D0B2     		uxtb	r0, r2
 146              	.LVL8:
 147              		.loc 1 155 52 discriminator 1 view .LVU36
 148 000e 5C6D     		ldr	r4, [r3, #84]
 149              		.loc 1 155 44 discriminator 1 view .LVU37
 150 0010 E4B1     		cbz	r4, .L10
 156:platform/HAL/src/stm32g4xx_hal_dma_ex.c ****   {
 157:platform/HAL/src/stm32g4xx_hal_dma_ex.c ****     /* Process Locked */
 158:platform/HAL/src/stm32g4xx_hal_dma_ex.c ****     __HAL_LOCK(hdma);
 151              		.loc 1 158 5 is_stmt 1 view .LVU38
 152              		.loc 1 158 5 view .LVU39
 153 0012 93F82420 		ldrb	r2, [r3, #36]	@ zero_extendqisi2
 154 0016 012A     		cmp	r2, #1
 155 0018 1FD0     		beq	.L13
 156              		.loc 1 158 5 discriminator 2 view .LVU40
 157 001a 0122     		movs	r2, #1
 158 001c 83F82420 		strb	r2, [r3, #36]
 159              		.loc 1 158 5 view .LVU41
 159:platform/HAL/src/stm32g4xx_hal_dma_ex.c **** 
 160:platform/HAL/src/stm32g4xx_hal_dma_ex.c ****     /* Set the request generator new parameters */
 161:platform/HAL/src/stm32g4xx_hal_dma_ex.c ****     hdma->DMAmuxRequestGen->RGCR = pRequestGeneratorConfig->SignalID | \
 160              		.loc 1 161 5 view .LVU42
 161              		.loc 1 161 59 is_stmt 0 view .LVU43
 162 0020 0868     		ldr	r0, [r1]
 162:platform/HAL/src/stm32g4xx_hal_dma_ex.c ****                                    ((pRequestGeneratorConfig->RequestNumber - 1U) << (POSITION_VAL(
 163              		.loc 1 162 61 view .LVU44
 164 0022 8A68     		ldr	r2, [r1, #8]
 165              		.loc 1 162 77 view .LVU45
 166 0024 02F1FF3C 		add	ip, r2, #-1
 167              	.LVL9:
 168              	.LBB6:
 169              	.LBI6:
 170              		.file 2 "platform/CMSIS/Include/cmsis_gcc.h"
   1:platform/CMSIS/Include/cmsis_gcc.h **** /**************************************************************************//**
   2:platform/CMSIS/Include/cmsis_gcc.h ****  * @file     cmsis_gcc.h
   3:platform/CMSIS/Include/cmsis_gcc.h ****  * @brief    CMSIS compiler GCC header file
   4:platform/CMSIS/Include/cmsis_gcc.h ****  * @version  V5.2.0
   5:platform/CMSIS/Include/cmsis_gcc.h ****  * @date     08. May 2019
   6:platform/CMSIS/Include/cmsis_gcc.h ****  ******************************************************************************/
   7:platform/CMSIS/Include/cmsis_gcc.h **** /*
   8:platform/CMSIS/Include/cmsis_gcc.h ****  * Copyright (c) 2009-2019 Arm Limited. All rights reserved.
ARM GAS  /tmp/ccb4lWTC.s 			page 7


   9:platform/CMSIS/Include/cmsis_gcc.h ****  *
  10:platform/CMSIS/Include/cmsis_gcc.h ****  * SPDX-License-Identifier: Apache-2.0
  11:platform/CMSIS/Include/cmsis_gcc.h ****  *
  12:platform/CMSIS/Include/cmsis_gcc.h ****  * Licensed under the Apache License, Version 2.0 (the License); you may
  13:platform/CMSIS/Include/cmsis_gcc.h ****  * not use this file except in compliance with the License.
  14:platform/CMSIS/Include/cmsis_gcc.h ****  * You may obtain a copy of the License at
  15:platform/CMSIS/Include/cmsis_gcc.h ****  *
  16:platform/CMSIS/Include/cmsis_gcc.h ****  * www.apache.org/licenses/LICENSE-2.0
  17:platform/CMSIS/Include/cmsis_gcc.h ****  *
  18:platform/CMSIS/Include/cmsis_gcc.h ****  * Unless required by applicable law or agreed to in writing, software
  19:platform/CMSIS/Include/cmsis_gcc.h ****  * distributed under the License is distributed on an AS IS BASIS, WITHOUT
  20:platform/CMSIS/Include/cmsis_gcc.h ****  * WARRANTIES OR CONDITIONS OF ANY KIND, either express or implied.
  21:platform/CMSIS/Include/cmsis_gcc.h ****  * See the License for the specific language governing permissions and
  22:platform/CMSIS/Include/cmsis_gcc.h ****  * limitations under the License.
  23:platform/CMSIS/Include/cmsis_gcc.h ****  */
  24:platform/CMSIS/Include/cmsis_gcc.h **** 
  25:platform/CMSIS/Include/cmsis_gcc.h **** #ifndef __CMSIS_GCC_H
  26:platform/CMSIS/Include/cmsis_gcc.h **** #define __CMSIS_GCC_H
  27:platform/CMSIS/Include/cmsis_gcc.h **** 
  28:platform/CMSIS/Include/cmsis_gcc.h **** /* ignore some GCC warnings */
  29:platform/CMSIS/Include/cmsis_gcc.h **** #pragma GCC diagnostic push
  30:platform/CMSIS/Include/cmsis_gcc.h **** #pragma GCC diagnostic ignored "-Wsign-conversion"
  31:platform/CMSIS/Include/cmsis_gcc.h **** #pragma GCC diagnostic ignored "-Wconversion"
  32:platform/CMSIS/Include/cmsis_gcc.h **** #pragma GCC diagnostic ignored "-Wunused-parameter"
  33:platform/CMSIS/Include/cmsis_gcc.h **** 
  34:platform/CMSIS/Include/cmsis_gcc.h **** /* Fallback for __has_builtin */
  35:platform/CMSIS/Include/cmsis_gcc.h **** #ifndef __has_builtin
  36:platform/CMSIS/Include/cmsis_gcc.h ****   #define __has_builtin(x) (0)
  37:platform/CMSIS/Include/cmsis_gcc.h **** #endif
  38:platform/CMSIS/Include/cmsis_gcc.h **** 
  39:platform/CMSIS/Include/cmsis_gcc.h **** /* CMSIS compiler specific defines */
  40:platform/CMSIS/Include/cmsis_gcc.h **** #ifndef   __ASM
  41:platform/CMSIS/Include/cmsis_gcc.h ****   #define __ASM                                  __asm
  42:platform/CMSIS/Include/cmsis_gcc.h **** #endif
  43:platform/CMSIS/Include/cmsis_gcc.h **** #ifndef   __INLINE
  44:platform/CMSIS/Include/cmsis_gcc.h ****   #define __INLINE                               inline
  45:platform/CMSIS/Include/cmsis_gcc.h **** #endif
  46:platform/CMSIS/Include/cmsis_gcc.h **** #ifndef   __STATIC_INLINE
  47:platform/CMSIS/Include/cmsis_gcc.h ****   #define __STATIC_INLINE                        static inline
  48:platform/CMSIS/Include/cmsis_gcc.h **** #endif
  49:platform/CMSIS/Include/cmsis_gcc.h **** #ifndef   __STATIC_FORCEINLINE                 
  50:platform/CMSIS/Include/cmsis_gcc.h ****   #define __STATIC_FORCEINLINE                   __attribute__((always_inline)) static inline
  51:platform/CMSIS/Include/cmsis_gcc.h **** #endif                                           
  52:platform/CMSIS/Include/cmsis_gcc.h **** #ifndef   __NO_RETURN
  53:platform/CMSIS/Include/cmsis_gcc.h ****   #define __NO_RETURN                            __attribute__((__noreturn__))
  54:platform/CMSIS/Include/cmsis_gcc.h **** #endif
  55:platform/CMSIS/Include/cmsis_gcc.h **** #ifndef   __USED
  56:platform/CMSIS/Include/cmsis_gcc.h ****   #define __USED                                 __attribute__((used))
  57:platform/CMSIS/Include/cmsis_gcc.h **** #endif
  58:platform/CMSIS/Include/cmsis_gcc.h **** #ifndef   __WEAK
  59:platform/CMSIS/Include/cmsis_gcc.h ****   #define __WEAK                                 __attribute__((weak))
  60:platform/CMSIS/Include/cmsis_gcc.h **** #endif
  61:platform/CMSIS/Include/cmsis_gcc.h **** #ifndef   __PACKED
  62:platform/CMSIS/Include/cmsis_gcc.h ****   #define __PACKED                               __attribute__((packed, aligned(1)))
  63:platform/CMSIS/Include/cmsis_gcc.h **** #endif
  64:platform/CMSIS/Include/cmsis_gcc.h **** #ifndef   __PACKED_STRUCT
  65:platform/CMSIS/Include/cmsis_gcc.h ****   #define __PACKED_STRUCT                        struct __attribute__((packed, aligned(1)))
ARM GAS  /tmp/ccb4lWTC.s 			page 8


  66:platform/CMSIS/Include/cmsis_gcc.h **** #endif
  67:platform/CMSIS/Include/cmsis_gcc.h **** #ifndef   __PACKED_UNION
  68:platform/CMSIS/Include/cmsis_gcc.h ****   #define __PACKED_UNION                         union __attribute__((packed, aligned(1)))
  69:platform/CMSIS/Include/cmsis_gcc.h **** #endif
  70:platform/CMSIS/Include/cmsis_gcc.h **** #ifndef   __UNALIGNED_UINT32        /* deprecated */
  71:platform/CMSIS/Include/cmsis_gcc.h ****   #pragma GCC diagnostic push
  72:platform/CMSIS/Include/cmsis_gcc.h ****   #pragma GCC diagnostic ignored "-Wpacked"
  73:platform/CMSIS/Include/cmsis_gcc.h ****   #pragma GCC diagnostic ignored "-Wattributes"
  74:platform/CMSIS/Include/cmsis_gcc.h ****   struct __attribute__((packed)) T_UINT32 { uint32_t v; };
  75:platform/CMSIS/Include/cmsis_gcc.h ****   #pragma GCC diagnostic pop
  76:platform/CMSIS/Include/cmsis_gcc.h ****   #define __UNALIGNED_UINT32(x)                  (((struct T_UINT32 *)(x))->v)
  77:platform/CMSIS/Include/cmsis_gcc.h **** #endif
  78:platform/CMSIS/Include/cmsis_gcc.h **** #ifndef   __UNALIGNED_UINT16_WRITE
  79:platform/CMSIS/Include/cmsis_gcc.h ****   #pragma GCC diagnostic push
  80:platform/CMSIS/Include/cmsis_gcc.h ****   #pragma GCC diagnostic ignored "-Wpacked"
  81:platform/CMSIS/Include/cmsis_gcc.h ****   #pragma GCC diagnostic ignored "-Wattributes"
  82:platform/CMSIS/Include/cmsis_gcc.h ****   __PACKED_STRUCT T_UINT16_WRITE { uint16_t v; };
  83:platform/CMSIS/Include/cmsis_gcc.h ****   #pragma GCC diagnostic pop
  84:platform/CMSIS/Include/cmsis_gcc.h ****   #define __UNALIGNED_UINT16_WRITE(addr, val)    (void)((((struct T_UINT16_WRITE *)(void *)(addr))-
  85:platform/CMSIS/Include/cmsis_gcc.h **** #endif
  86:platform/CMSIS/Include/cmsis_gcc.h **** #ifndef   __UNALIGNED_UINT16_READ
  87:platform/CMSIS/Include/cmsis_gcc.h ****   #pragma GCC diagnostic push
  88:platform/CMSIS/Include/cmsis_gcc.h ****   #pragma GCC diagnostic ignored "-Wpacked"
  89:platform/CMSIS/Include/cmsis_gcc.h ****   #pragma GCC diagnostic ignored "-Wattributes"
  90:platform/CMSIS/Include/cmsis_gcc.h ****   __PACKED_STRUCT T_UINT16_READ { uint16_t v; };
  91:platform/CMSIS/Include/cmsis_gcc.h ****   #pragma GCC diagnostic pop
  92:platform/CMSIS/Include/cmsis_gcc.h ****   #define __UNALIGNED_UINT16_READ(addr)          (((const struct T_UINT16_READ *)(const void *)(add
  93:platform/CMSIS/Include/cmsis_gcc.h **** #endif
  94:platform/CMSIS/Include/cmsis_gcc.h **** #ifndef   __UNALIGNED_UINT32_WRITE
  95:platform/CMSIS/Include/cmsis_gcc.h ****   #pragma GCC diagnostic push
  96:platform/CMSIS/Include/cmsis_gcc.h ****   #pragma GCC diagnostic ignored "-Wpacked"
  97:platform/CMSIS/Include/cmsis_gcc.h ****   #pragma GCC diagnostic ignored "-Wattributes"
  98:platform/CMSIS/Include/cmsis_gcc.h ****   __PACKED_STRUCT T_UINT32_WRITE { uint32_t v; };
  99:platform/CMSIS/Include/cmsis_gcc.h ****   #pragma GCC diagnostic pop
 100:platform/CMSIS/Include/cmsis_gcc.h ****   #define __UNALIGNED_UINT32_WRITE(addr, val)    (void)((((struct T_UINT32_WRITE *)(void *)(addr))-
 101:platform/CMSIS/Include/cmsis_gcc.h **** #endif
 102:platform/CMSIS/Include/cmsis_gcc.h **** #ifndef   __UNALIGNED_UINT32_READ
 103:platform/CMSIS/Include/cmsis_gcc.h ****   #pragma GCC diagnostic push
 104:platform/CMSIS/Include/cmsis_gcc.h ****   #pragma GCC diagnostic ignored "-Wpacked"
 105:platform/CMSIS/Include/cmsis_gcc.h ****   #pragma GCC diagnostic ignored "-Wattributes"
 106:platform/CMSIS/Include/cmsis_gcc.h ****   __PACKED_STRUCT T_UINT32_READ { uint32_t v; };
 107:platform/CMSIS/Include/cmsis_gcc.h ****   #pragma GCC diagnostic pop
 108:platform/CMSIS/Include/cmsis_gcc.h ****   #define __UNALIGNED_UINT32_READ(addr)          (((const struct T_UINT32_READ *)(const void *)(add
 109:platform/CMSIS/Include/cmsis_gcc.h **** #endif
 110:platform/CMSIS/Include/cmsis_gcc.h **** #ifndef   __ALIGNED
 111:platform/CMSIS/Include/cmsis_gcc.h ****   #define __ALIGNED(x)                           __attribute__((aligned(x)))
 112:platform/CMSIS/Include/cmsis_gcc.h **** #endif
 113:platform/CMSIS/Include/cmsis_gcc.h **** #ifndef   __RESTRICT
 114:platform/CMSIS/Include/cmsis_gcc.h ****   #define __RESTRICT                             __restrict
 115:platform/CMSIS/Include/cmsis_gcc.h **** #endif
 116:platform/CMSIS/Include/cmsis_gcc.h **** #ifndef   __COMPILER_BARRIER
 117:platform/CMSIS/Include/cmsis_gcc.h ****   #define __COMPILER_BARRIER()                   __ASM volatile("":::"memory")
 118:platform/CMSIS/Include/cmsis_gcc.h **** #endif
 119:platform/CMSIS/Include/cmsis_gcc.h **** 
 120:platform/CMSIS/Include/cmsis_gcc.h **** /* #########################  Startup and Lowlevel Init  ######################## */
 121:platform/CMSIS/Include/cmsis_gcc.h **** 
 122:platform/CMSIS/Include/cmsis_gcc.h **** #ifndef __PROGRAM_START
ARM GAS  /tmp/ccb4lWTC.s 			page 9


 123:platform/CMSIS/Include/cmsis_gcc.h **** 
 124:platform/CMSIS/Include/cmsis_gcc.h **** /**
 125:platform/CMSIS/Include/cmsis_gcc.h ****   \brief   Initializes data and bss sections
 126:platform/CMSIS/Include/cmsis_gcc.h ****   \details This default implementations initialized all data and additional bss
 127:platform/CMSIS/Include/cmsis_gcc.h ****            sections relying on .copy.table and .zero.table specified properly
 128:platform/CMSIS/Include/cmsis_gcc.h ****            in the used linker script.
 129:platform/CMSIS/Include/cmsis_gcc.h ****   
 130:platform/CMSIS/Include/cmsis_gcc.h ****  */
 131:platform/CMSIS/Include/cmsis_gcc.h **** __STATIC_FORCEINLINE __NO_RETURN void __cmsis_start(void)
 132:platform/CMSIS/Include/cmsis_gcc.h **** {
 133:platform/CMSIS/Include/cmsis_gcc.h ****   extern void _start(void) __NO_RETURN;
 134:platform/CMSIS/Include/cmsis_gcc.h ****   
 135:platform/CMSIS/Include/cmsis_gcc.h ****   typedef struct {
 136:platform/CMSIS/Include/cmsis_gcc.h ****     uint32_t const* src;
 137:platform/CMSIS/Include/cmsis_gcc.h ****     uint32_t* dest;
 138:platform/CMSIS/Include/cmsis_gcc.h ****     uint32_t  wlen;
 139:platform/CMSIS/Include/cmsis_gcc.h ****   } __copy_table_t;
 140:platform/CMSIS/Include/cmsis_gcc.h ****   
 141:platform/CMSIS/Include/cmsis_gcc.h ****   typedef struct {
 142:platform/CMSIS/Include/cmsis_gcc.h ****     uint32_t* dest;
 143:platform/CMSIS/Include/cmsis_gcc.h ****     uint32_t  wlen;
 144:platform/CMSIS/Include/cmsis_gcc.h ****   } __zero_table_t;
 145:platform/CMSIS/Include/cmsis_gcc.h ****   
 146:platform/CMSIS/Include/cmsis_gcc.h ****   extern const __copy_table_t __copy_table_start__;
 147:platform/CMSIS/Include/cmsis_gcc.h ****   extern const __copy_table_t __copy_table_end__;
 148:platform/CMSIS/Include/cmsis_gcc.h ****   extern const __zero_table_t __zero_table_start__;
 149:platform/CMSIS/Include/cmsis_gcc.h ****   extern const __zero_table_t __zero_table_end__;
 150:platform/CMSIS/Include/cmsis_gcc.h **** 
 151:platform/CMSIS/Include/cmsis_gcc.h ****   for (__copy_table_t const* pTable = &__copy_table_start__; pTable < &__copy_table_end__; ++pTable
 152:platform/CMSIS/Include/cmsis_gcc.h ****     for(uint32_t i=0u; i<pTable->wlen; ++i) {
 153:platform/CMSIS/Include/cmsis_gcc.h ****       pTable->dest[i] = pTable->src[i];
 154:platform/CMSIS/Include/cmsis_gcc.h ****     }
 155:platform/CMSIS/Include/cmsis_gcc.h ****   }
 156:platform/CMSIS/Include/cmsis_gcc.h ****  
 157:platform/CMSIS/Include/cmsis_gcc.h ****   for (__zero_table_t const* pTable = &__zero_table_start__; pTable < &__zero_table_end__; ++pTable
 158:platform/CMSIS/Include/cmsis_gcc.h ****     for(uint32_t i=0u; i<pTable->wlen; ++i) {
 159:platform/CMSIS/Include/cmsis_gcc.h ****       pTable->dest[i] = 0u;
 160:platform/CMSIS/Include/cmsis_gcc.h ****     }
 161:platform/CMSIS/Include/cmsis_gcc.h ****   }
 162:platform/CMSIS/Include/cmsis_gcc.h ****  
 163:platform/CMSIS/Include/cmsis_gcc.h ****   _start();
 164:platform/CMSIS/Include/cmsis_gcc.h **** }
 165:platform/CMSIS/Include/cmsis_gcc.h ****   
 166:platform/CMSIS/Include/cmsis_gcc.h **** #define __PROGRAM_START           __cmsis_start
 167:platform/CMSIS/Include/cmsis_gcc.h **** #endif
 168:platform/CMSIS/Include/cmsis_gcc.h **** 
 169:platform/CMSIS/Include/cmsis_gcc.h **** #ifndef __INITIAL_SP
 170:platform/CMSIS/Include/cmsis_gcc.h **** #define __INITIAL_SP              __StackTop
 171:platform/CMSIS/Include/cmsis_gcc.h **** #endif
 172:platform/CMSIS/Include/cmsis_gcc.h **** 
 173:platform/CMSIS/Include/cmsis_gcc.h **** #ifndef __STACK_LIMIT
 174:platform/CMSIS/Include/cmsis_gcc.h **** #define __STACK_LIMIT             __StackLimit
 175:platform/CMSIS/Include/cmsis_gcc.h **** #endif
 176:platform/CMSIS/Include/cmsis_gcc.h **** 
 177:platform/CMSIS/Include/cmsis_gcc.h **** #ifndef __VECTOR_TABLE
 178:platform/CMSIS/Include/cmsis_gcc.h **** #define __VECTOR_TABLE            __Vectors
 179:platform/CMSIS/Include/cmsis_gcc.h **** #endif
ARM GAS  /tmp/ccb4lWTC.s 			page 10


 180:platform/CMSIS/Include/cmsis_gcc.h **** 
 181:platform/CMSIS/Include/cmsis_gcc.h **** #ifndef __VECTOR_TABLE_ATTRIBUTE
 182:platform/CMSIS/Include/cmsis_gcc.h **** #define __VECTOR_TABLE_ATTRIBUTE  __attribute((used, section(".vectors")))
 183:platform/CMSIS/Include/cmsis_gcc.h **** #endif
 184:platform/CMSIS/Include/cmsis_gcc.h **** 
 185:platform/CMSIS/Include/cmsis_gcc.h **** /* ###########################  Core Function Access  ########################### */
 186:platform/CMSIS/Include/cmsis_gcc.h **** /** \ingroup  CMSIS_Core_FunctionInterface
 187:platform/CMSIS/Include/cmsis_gcc.h ****     \defgroup CMSIS_Core_RegAccFunctions CMSIS Core Register Access Functions
 188:platform/CMSIS/Include/cmsis_gcc.h ****   @{
 189:platform/CMSIS/Include/cmsis_gcc.h ****  */
 190:platform/CMSIS/Include/cmsis_gcc.h **** 
 191:platform/CMSIS/Include/cmsis_gcc.h **** /**
 192:platform/CMSIS/Include/cmsis_gcc.h ****   \brief   Enable IRQ Interrupts
 193:platform/CMSIS/Include/cmsis_gcc.h ****   \details Enables IRQ interrupts by clearing the I-bit in the CPSR.
 194:platform/CMSIS/Include/cmsis_gcc.h ****            Can only be executed in Privileged modes.
 195:platform/CMSIS/Include/cmsis_gcc.h ****  */
 196:platform/CMSIS/Include/cmsis_gcc.h **** __STATIC_FORCEINLINE void __enable_irq(void)
 197:platform/CMSIS/Include/cmsis_gcc.h **** {
 198:platform/CMSIS/Include/cmsis_gcc.h ****   __ASM volatile ("cpsie i" : : : "memory");
 199:platform/CMSIS/Include/cmsis_gcc.h **** }
 200:platform/CMSIS/Include/cmsis_gcc.h **** 
 201:platform/CMSIS/Include/cmsis_gcc.h **** 
 202:platform/CMSIS/Include/cmsis_gcc.h **** /**
 203:platform/CMSIS/Include/cmsis_gcc.h ****   \brief   Disable IRQ Interrupts
 204:platform/CMSIS/Include/cmsis_gcc.h ****   \details Disables IRQ interrupts by setting the I-bit in the CPSR.
 205:platform/CMSIS/Include/cmsis_gcc.h ****            Can only be executed in Privileged modes.
 206:platform/CMSIS/Include/cmsis_gcc.h ****  */
 207:platform/CMSIS/Include/cmsis_gcc.h **** __STATIC_FORCEINLINE void __disable_irq(void)
 208:platform/CMSIS/Include/cmsis_gcc.h **** {
 209:platform/CMSIS/Include/cmsis_gcc.h ****   __ASM volatile ("cpsid i" : : : "memory");
 210:platform/CMSIS/Include/cmsis_gcc.h **** }
 211:platform/CMSIS/Include/cmsis_gcc.h **** 
 212:platform/CMSIS/Include/cmsis_gcc.h **** 
 213:platform/CMSIS/Include/cmsis_gcc.h **** /**
 214:platform/CMSIS/Include/cmsis_gcc.h ****   \brief   Get Control Register
 215:platform/CMSIS/Include/cmsis_gcc.h ****   \details Returns the content of the Control Register.
 216:platform/CMSIS/Include/cmsis_gcc.h ****   \return               Control Register value
 217:platform/CMSIS/Include/cmsis_gcc.h ****  */
 218:platform/CMSIS/Include/cmsis_gcc.h **** __STATIC_FORCEINLINE uint32_t __get_CONTROL(void)
 219:platform/CMSIS/Include/cmsis_gcc.h **** {
 220:platform/CMSIS/Include/cmsis_gcc.h ****   uint32_t result;
 221:platform/CMSIS/Include/cmsis_gcc.h **** 
 222:platform/CMSIS/Include/cmsis_gcc.h ****   __ASM volatile ("MRS %0, control" : "=r" (result) );
 223:platform/CMSIS/Include/cmsis_gcc.h ****   return(result);
 224:platform/CMSIS/Include/cmsis_gcc.h **** }
 225:platform/CMSIS/Include/cmsis_gcc.h **** 
 226:platform/CMSIS/Include/cmsis_gcc.h **** 
 227:platform/CMSIS/Include/cmsis_gcc.h **** #if (defined (__ARM_FEATURE_CMSE ) && (__ARM_FEATURE_CMSE == 3))
 228:platform/CMSIS/Include/cmsis_gcc.h **** /**
 229:platform/CMSIS/Include/cmsis_gcc.h ****   \brief   Get Control Register (non-secure)
 230:platform/CMSIS/Include/cmsis_gcc.h ****   \details Returns the content of the non-secure Control Register when in secure mode.
 231:platform/CMSIS/Include/cmsis_gcc.h ****   \return               non-secure Control Register value
 232:platform/CMSIS/Include/cmsis_gcc.h ****  */
 233:platform/CMSIS/Include/cmsis_gcc.h **** __STATIC_FORCEINLINE uint32_t __TZ_get_CONTROL_NS(void)
 234:platform/CMSIS/Include/cmsis_gcc.h **** {
 235:platform/CMSIS/Include/cmsis_gcc.h ****   uint32_t result;
 236:platform/CMSIS/Include/cmsis_gcc.h **** 
ARM GAS  /tmp/ccb4lWTC.s 			page 11


 237:platform/CMSIS/Include/cmsis_gcc.h ****   __ASM volatile ("MRS %0, control_ns" : "=r" (result) );
 238:platform/CMSIS/Include/cmsis_gcc.h ****   return(result);
 239:platform/CMSIS/Include/cmsis_gcc.h **** }
 240:platform/CMSIS/Include/cmsis_gcc.h **** #endif
 241:platform/CMSIS/Include/cmsis_gcc.h **** 
 242:platform/CMSIS/Include/cmsis_gcc.h **** 
 243:platform/CMSIS/Include/cmsis_gcc.h **** /**
 244:platform/CMSIS/Include/cmsis_gcc.h ****   \brief   Set Control Register
 245:platform/CMSIS/Include/cmsis_gcc.h ****   \details Writes the given value to the Control Register.
 246:platform/CMSIS/Include/cmsis_gcc.h ****   \param [in]    control  Control Register value to set
 247:platform/CMSIS/Include/cmsis_gcc.h ****  */
 248:platform/CMSIS/Include/cmsis_gcc.h **** __STATIC_FORCEINLINE void __set_CONTROL(uint32_t control)
 249:platform/CMSIS/Include/cmsis_gcc.h **** {
 250:platform/CMSIS/Include/cmsis_gcc.h ****   __ASM volatile ("MSR control, %0" : : "r" (control) : "memory");
 251:platform/CMSIS/Include/cmsis_gcc.h **** }
 252:platform/CMSIS/Include/cmsis_gcc.h **** 
 253:platform/CMSIS/Include/cmsis_gcc.h **** 
 254:platform/CMSIS/Include/cmsis_gcc.h **** #if (defined (__ARM_FEATURE_CMSE ) && (__ARM_FEATURE_CMSE == 3))
 255:platform/CMSIS/Include/cmsis_gcc.h **** /**
 256:platform/CMSIS/Include/cmsis_gcc.h ****   \brief   Set Control Register (non-secure)
 257:platform/CMSIS/Include/cmsis_gcc.h ****   \details Writes the given value to the non-secure Control Register when in secure state.
 258:platform/CMSIS/Include/cmsis_gcc.h ****   \param [in]    control  Control Register value to set
 259:platform/CMSIS/Include/cmsis_gcc.h ****  */
 260:platform/CMSIS/Include/cmsis_gcc.h **** __STATIC_FORCEINLINE void __TZ_set_CONTROL_NS(uint32_t control)
 261:platform/CMSIS/Include/cmsis_gcc.h **** {
 262:platform/CMSIS/Include/cmsis_gcc.h ****   __ASM volatile ("MSR control_ns, %0" : : "r" (control) : "memory");
 263:platform/CMSIS/Include/cmsis_gcc.h **** }
 264:platform/CMSIS/Include/cmsis_gcc.h **** #endif
 265:platform/CMSIS/Include/cmsis_gcc.h **** 
 266:platform/CMSIS/Include/cmsis_gcc.h **** 
 267:platform/CMSIS/Include/cmsis_gcc.h **** /**
 268:platform/CMSIS/Include/cmsis_gcc.h ****   \brief   Get IPSR Register
 269:platform/CMSIS/Include/cmsis_gcc.h ****   \details Returns the content of the IPSR Register.
 270:platform/CMSIS/Include/cmsis_gcc.h ****   \return               IPSR Register value
 271:platform/CMSIS/Include/cmsis_gcc.h ****  */
 272:platform/CMSIS/Include/cmsis_gcc.h **** __STATIC_FORCEINLINE uint32_t __get_IPSR(void)
 273:platform/CMSIS/Include/cmsis_gcc.h **** {
 274:platform/CMSIS/Include/cmsis_gcc.h ****   uint32_t result;
 275:platform/CMSIS/Include/cmsis_gcc.h **** 
 276:platform/CMSIS/Include/cmsis_gcc.h ****   __ASM volatile ("MRS %0, ipsr" : "=r" (result) );
 277:platform/CMSIS/Include/cmsis_gcc.h ****   return(result);
 278:platform/CMSIS/Include/cmsis_gcc.h **** }
 279:platform/CMSIS/Include/cmsis_gcc.h **** 
 280:platform/CMSIS/Include/cmsis_gcc.h **** 
 281:platform/CMSIS/Include/cmsis_gcc.h **** /**
 282:platform/CMSIS/Include/cmsis_gcc.h ****   \brief   Get APSR Register
 283:platform/CMSIS/Include/cmsis_gcc.h ****   \details Returns the content of the APSR Register.
 284:platform/CMSIS/Include/cmsis_gcc.h ****   \return               APSR Register value
 285:platform/CMSIS/Include/cmsis_gcc.h ****  */
 286:platform/CMSIS/Include/cmsis_gcc.h **** __STATIC_FORCEINLINE uint32_t __get_APSR(void)
 287:platform/CMSIS/Include/cmsis_gcc.h **** {
 288:platform/CMSIS/Include/cmsis_gcc.h ****   uint32_t result;
 289:platform/CMSIS/Include/cmsis_gcc.h **** 
 290:platform/CMSIS/Include/cmsis_gcc.h ****   __ASM volatile ("MRS %0, apsr" : "=r" (result) );
 291:platform/CMSIS/Include/cmsis_gcc.h ****   return(result);
 292:platform/CMSIS/Include/cmsis_gcc.h **** }
 293:platform/CMSIS/Include/cmsis_gcc.h **** 
ARM GAS  /tmp/ccb4lWTC.s 			page 12


 294:platform/CMSIS/Include/cmsis_gcc.h **** 
 295:platform/CMSIS/Include/cmsis_gcc.h **** /**
 296:platform/CMSIS/Include/cmsis_gcc.h ****   \brief   Get xPSR Register
 297:platform/CMSIS/Include/cmsis_gcc.h ****   \details Returns the content of the xPSR Register.
 298:platform/CMSIS/Include/cmsis_gcc.h ****   \return               xPSR Register value
 299:platform/CMSIS/Include/cmsis_gcc.h ****  */
 300:platform/CMSIS/Include/cmsis_gcc.h **** __STATIC_FORCEINLINE uint32_t __get_xPSR(void)
 301:platform/CMSIS/Include/cmsis_gcc.h **** {
 302:platform/CMSIS/Include/cmsis_gcc.h ****   uint32_t result;
 303:platform/CMSIS/Include/cmsis_gcc.h **** 
 304:platform/CMSIS/Include/cmsis_gcc.h ****   __ASM volatile ("MRS %0, xpsr" : "=r" (result) );
 305:platform/CMSIS/Include/cmsis_gcc.h ****   return(result);
 306:platform/CMSIS/Include/cmsis_gcc.h **** }
 307:platform/CMSIS/Include/cmsis_gcc.h **** 
 308:platform/CMSIS/Include/cmsis_gcc.h **** 
 309:platform/CMSIS/Include/cmsis_gcc.h **** /**
 310:platform/CMSIS/Include/cmsis_gcc.h ****   \brief   Get Process Stack Pointer
 311:platform/CMSIS/Include/cmsis_gcc.h ****   \details Returns the current value of the Process Stack Pointer (PSP).
 312:platform/CMSIS/Include/cmsis_gcc.h ****   \return               PSP Register value
 313:platform/CMSIS/Include/cmsis_gcc.h ****  */
 314:platform/CMSIS/Include/cmsis_gcc.h **** __STATIC_FORCEINLINE uint32_t __get_PSP(void)
 315:platform/CMSIS/Include/cmsis_gcc.h **** {
 316:platform/CMSIS/Include/cmsis_gcc.h ****   uint32_t result;
 317:platform/CMSIS/Include/cmsis_gcc.h **** 
 318:platform/CMSIS/Include/cmsis_gcc.h ****   __ASM volatile ("MRS %0, psp"  : "=r" (result) );
 319:platform/CMSIS/Include/cmsis_gcc.h ****   return(result);
 320:platform/CMSIS/Include/cmsis_gcc.h **** }
 321:platform/CMSIS/Include/cmsis_gcc.h **** 
 322:platform/CMSIS/Include/cmsis_gcc.h **** 
 323:platform/CMSIS/Include/cmsis_gcc.h **** #if (defined (__ARM_FEATURE_CMSE ) && (__ARM_FEATURE_CMSE == 3))
 324:platform/CMSIS/Include/cmsis_gcc.h **** /**
 325:platform/CMSIS/Include/cmsis_gcc.h ****   \brief   Get Process Stack Pointer (non-secure)
 326:platform/CMSIS/Include/cmsis_gcc.h ****   \details Returns the current value of the non-secure Process Stack Pointer (PSP) when in secure s
 327:platform/CMSIS/Include/cmsis_gcc.h ****   \return               PSP Register value
 328:platform/CMSIS/Include/cmsis_gcc.h ****  */
 329:platform/CMSIS/Include/cmsis_gcc.h **** __STATIC_FORCEINLINE uint32_t __TZ_get_PSP_NS(void)
 330:platform/CMSIS/Include/cmsis_gcc.h **** {
 331:platform/CMSIS/Include/cmsis_gcc.h ****   uint32_t result;
 332:platform/CMSIS/Include/cmsis_gcc.h **** 
 333:platform/CMSIS/Include/cmsis_gcc.h ****   __ASM volatile ("MRS %0, psp_ns"  : "=r" (result) );
 334:platform/CMSIS/Include/cmsis_gcc.h ****   return(result);
 335:platform/CMSIS/Include/cmsis_gcc.h **** }
 336:platform/CMSIS/Include/cmsis_gcc.h **** #endif
 337:platform/CMSIS/Include/cmsis_gcc.h **** 
 338:platform/CMSIS/Include/cmsis_gcc.h **** 
 339:platform/CMSIS/Include/cmsis_gcc.h **** /**
 340:platform/CMSIS/Include/cmsis_gcc.h ****   \brief   Set Process Stack Pointer
 341:platform/CMSIS/Include/cmsis_gcc.h ****   \details Assigns the given value to the Process Stack Pointer (PSP).
 342:platform/CMSIS/Include/cmsis_gcc.h ****   \param [in]    topOfProcStack  Process Stack Pointer value to set
 343:platform/CMSIS/Include/cmsis_gcc.h ****  */
 344:platform/CMSIS/Include/cmsis_gcc.h **** __STATIC_FORCEINLINE void __set_PSP(uint32_t topOfProcStack)
 345:platform/CMSIS/Include/cmsis_gcc.h **** {
 346:platform/CMSIS/Include/cmsis_gcc.h ****   __ASM volatile ("MSR psp, %0" : : "r" (topOfProcStack) : );
 347:platform/CMSIS/Include/cmsis_gcc.h **** }
 348:platform/CMSIS/Include/cmsis_gcc.h **** 
 349:platform/CMSIS/Include/cmsis_gcc.h **** 
 350:platform/CMSIS/Include/cmsis_gcc.h **** #if (defined (__ARM_FEATURE_CMSE ) && (__ARM_FEATURE_CMSE == 3))
ARM GAS  /tmp/ccb4lWTC.s 			page 13


 351:platform/CMSIS/Include/cmsis_gcc.h **** /**
 352:platform/CMSIS/Include/cmsis_gcc.h ****   \brief   Set Process Stack Pointer (non-secure)
 353:platform/CMSIS/Include/cmsis_gcc.h ****   \details Assigns the given value to the non-secure Process Stack Pointer (PSP) when in secure sta
 354:platform/CMSIS/Include/cmsis_gcc.h ****   \param [in]    topOfProcStack  Process Stack Pointer value to set
 355:platform/CMSIS/Include/cmsis_gcc.h ****  */
 356:platform/CMSIS/Include/cmsis_gcc.h **** __STATIC_FORCEINLINE void __TZ_set_PSP_NS(uint32_t topOfProcStack)
 357:platform/CMSIS/Include/cmsis_gcc.h **** {
 358:platform/CMSIS/Include/cmsis_gcc.h ****   __ASM volatile ("MSR psp_ns, %0" : : "r" (topOfProcStack) : );
 359:platform/CMSIS/Include/cmsis_gcc.h **** }
 360:platform/CMSIS/Include/cmsis_gcc.h **** #endif
 361:platform/CMSIS/Include/cmsis_gcc.h **** 
 362:platform/CMSIS/Include/cmsis_gcc.h **** 
 363:platform/CMSIS/Include/cmsis_gcc.h **** /**
 364:platform/CMSIS/Include/cmsis_gcc.h ****   \brief   Get Main Stack Pointer
 365:platform/CMSIS/Include/cmsis_gcc.h ****   \details Returns the current value of the Main Stack Pointer (MSP).
 366:platform/CMSIS/Include/cmsis_gcc.h ****   \return               MSP Register value
 367:platform/CMSIS/Include/cmsis_gcc.h ****  */
 368:platform/CMSIS/Include/cmsis_gcc.h **** __STATIC_FORCEINLINE uint32_t __get_MSP(void)
 369:platform/CMSIS/Include/cmsis_gcc.h **** {
 370:platform/CMSIS/Include/cmsis_gcc.h ****   uint32_t result;
 371:platform/CMSIS/Include/cmsis_gcc.h **** 
 372:platform/CMSIS/Include/cmsis_gcc.h ****   __ASM volatile ("MRS %0, msp" : "=r" (result) );
 373:platform/CMSIS/Include/cmsis_gcc.h ****   return(result);
 374:platform/CMSIS/Include/cmsis_gcc.h **** }
 375:platform/CMSIS/Include/cmsis_gcc.h **** 
 376:platform/CMSIS/Include/cmsis_gcc.h **** 
 377:platform/CMSIS/Include/cmsis_gcc.h **** #if (defined (__ARM_FEATURE_CMSE ) && (__ARM_FEATURE_CMSE == 3))
 378:platform/CMSIS/Include/cmsis_gcc.h **** /**
 379:platform/CMSIS/Include/cmsis_gcc.h ****   \brief   Get Main Stack Pointer (non-secure)
 380:platform/CMSIS/Include/cmsis_gcc.h ****   \details Returns the current value of the non-secure Main Stack Pointer (MSP) when in secure stat
 381:platform/CMSIS/Include/cmsis_gcc.h ****   \return               MSP Register value
 382:platform/CMSIS/Include/cmsis_gcc.h ****  */
 383:platform/CMSIS/Include/cmsis_gcc.h **** __STATIC_FORCEINLINE uint32_t __TZ_get_MSP_NS(void)
 384:platform/CMSIS/Include/cmsis_gcc.h **** {
 385:platform/CMSIS/Include/cmsis_gcc.h ****   uint32_t result;
 386:platform/CMSIS/Include/cmsis_gcc.h **** 
 387:platform/CMSIS/Include/cmsis_gcc.h ****   __ASM volatile ("MRS %0, msp_ns" : "=r" (result) );
 388:platform/CMSIS/Include/cmsis_gcc.h ****   return(result);
 389:platform/CMSIS/Include/cmsis_gcc.h **** }
 390:platform/CMSIS/Include/cmsis_gcc.h **** #endif
 391:platform/CMSIS/Include/cmsis_gcc.h **** 
 392:platform/CMSIS/Include/cmsis_gcc.h **** 
 393:platform/CMSIS/Include/cmsis_gcc.h **** /**
 394:platform/CMSIS/Include/cmsis_gcc.h ****   \brief   Set Main Stack Pointer
 395:platform/CMSIS/Include/cmsis_gcc.h ****   \details Assigns the given value to the Main Stack Pointer (MSP).
 396:platform/CMSIS/Include/cmsis_gcc.h ****   \param [in]    topOfMainStack  Main Stack Pointer value to set
 397:platform/CMSIS/Include/cmsis_gcc.h ****  */
 398:platform/CMSIS/Include/cmsis_gcc.h **** __STATIC_FORCEINLINE void __set_MSP(uint32_t topOfMainStack)
 399:platform/CMSIS/Include/cmsis_gcc.h **** {
 400:platform/CMSIS/Include/cmsis_gcc.h ****   __ASM volatile ("MSR msp, %0" : : "r" (topOfMainStack) : );
 401:platform/CMSIS/Include/cmsis_gcc.h **** }
 402:platform/CMSIS/Include/cmsis_gcc.h **** 
 403:platform/CMSIS/Include/cmsis_gcc.h **** 
 404:platform/CMSIS/Include/cmsis_gcc.h **** #if (defined (__ARM_FEATURE_CMSE ) && (__ARM_FEATURE_CMSE == 3))
 405:platform/CMSIS/Include/cmsis_gcc.h **** /**
 406:platform/CMSIS/Include/cmsis_gcc.h ****   \brief   Set Main Stack Pointer (non-secure)
 407:platform/CMSIS/Include/cmsis_gcc.h ****   \details Assigns the given value to the non-secure Main Stack Pointer (MSP) when in secure state.
ARM GAS  /tmp/ccb4lWTC.s 			page 14


 408:platform/CMSIS/Include/cmsis_gcc.h ****   \param [in]    topOfMainStack  Main Stack Pointer value to set
 409:platform/CMSIS/Include/cmsis_gcc.h ****  */
 410:platform/CMSIS/Include/cmsis_gcc.h **** __STATIC_FORCEINLINE void __TZ_set_MSP_NS(uint32_t topOfMainStack)
 411:platform/CMSIS/Include/cmsis_gcc.h **** {
 412:platform/CMSIS/Include/cmsis_gcc.h ****   __ASM volatile ("MSR msp_ns, %0" : : "r" (topOfMainStack) : );
 413:platform/CMSIS/Include/cmsis_gcc.h **** }
 414:platform/CMSIS/Include/cmsis_gcc.h **** #endif
 415:platform/CMSIS/Include/cmsis_gcc.h **** 
 416:platform/CMSIS/Include/cmsis_gcc.h **** 
 417:platform/CMSIS/Include/cmsis_gcc.h **** #if (defined (__ARM_FEATURE_CMSE ) && (__ARM_FEATURE_CMSE == 3))
 418:platform/CMSIS/Include/cmsis_gcc.h **** /**
 419:platform/CMSIS/Include/cmsis_gcc.h ****   \brief   Get Stack Pointer (non-secure)
 420:platform/CMSIS/Include/cmsis_gcc.h ****   \details Returns the current value of the non-secure Stack Pointer (SP) when in secure state.
 421:platform/CMSIS/Include/cmsis_gcc.h ****   \return               SP Register value
 422:platform/CMSIS/Include/cmsis_gcc.h ****  */
 423:platform/CMSIS/Include/cmsis_gcc.h **** __STATIC_FORCEINLINE uint32_t __TZ_get_SP_NS(void)
 424:platform/CMSIS/Include/cmsis_gcc.h **** {
 425:platform/CMSIS/Include/cmsis_gcc.h ****   uint32_t result;
 426:platform/CMSIS/Include/cmsis_gcc.h **** 
 427:platform/CMSIS/Include/cmsis_gcc.h ****   __ASM volatile ("MRS %0, sp_ns" : "=r" (result) );
 428:platform/CMSIS/Include/cmsis_gcc.h ****   return(result);
 429:platform/CMSIS/Include/cmsis_gcc.h **** }
 430:platform/CMSIS/Include/cmsis_gcc.h **** 
 431:platform/CMSIS/Include/cmsis_gcc.h **** 
 432:platform/CMSIS/Include/cmsis_gcc.h **** /**
 433:platform/CMSIS/Include/cmsis_gcc.h ****   \brief   Set Stack Pointer (non-secure)
 434:platform/CMSIS/Include/cmsis_gcc.h ****   \details Assigns the given value to the non-secure Stack Pointer (SP) when in secure state.
 435:platform/CMSIS/Include/cmsis_gcc.h ****   \param [in]    topOfStack  Stack Pointer value to set
 436:platform/CMSIS/Include/cmsis_gcc.h ****  */
 437:platform/CMSIS/Include/cmsis_gcc.h **** __STATIC_FORCEINLINE void __TZ_set_SP_NS(uint32_t topOfStack)
 438:platform/CMSIS/Include/cmsis_gcc.h **** {
 439:platform/CMSIS/Include/cmsis_gcc.h ****   __ASM volatile ("MSR sp_ns, %0" : : "r" (topOfStack) : );
 440:platform/CMSIS/Include/cmsis_gcc.h **** }
 441:platform/CMSIS/Include/cmsis_gcc.h **** #endif
 442:platform/CMSIS/Include/cmsis_gcc.h **** 
 443:platform/CMSIS/Include/cmsis_gcc.h **** 
 444:platform/CMSIS/Include/cmsis_gcc.h **** /**
 445:platform/CMSIS/Include/cmsis_gcc.h ****   \brief   Get Priority Mask
 446:platform/CMSIS/Include/cmsis_gcc.h ****   \details Returns the current state of the priority mask bit from the Priority Mask Register.
 447:platform/CMSIS/Include/cmsis_gcc.h ****   \return               Priority Mask value
 448:platform/CMSIS/Include/cmsis_gcc.h ****  */
 449:platform/CMSIS/Include/cmsis_gcc.h **** __STATIC_FORCEINLINE uint32_t __get_PRIMASK(void)
 450:platform/CMSIS/Include/cmsis_gcc.h **** {
 451:platform/CMSIS/Include/cmsis_gcc.h ****   uint32_t result;
 452:platform/CMSIS/Include/cmsis_gcc.h **** 
 453:platform/CMSIS/Include/cmsis_gcc.h ****   __ASM volatile ("MRS %0, primask" : "=r" (result) :: "memory");
 454:platform/CMSIS/Include/cmsis_gcc.h ****   return(result);
 455:platform/CMSIS/Include/cmsis_gcc.h **** }
 456:platform/CMSIS/Include/cmsis_gcc.h **** 
 457:platform/CMSIS/Include/cmsis_gcc.h **** 
 458:platform/CMSIS/Include/cmsis_gcc.h **** #if (defined (__ARM_FEATURE_CMSE ) && (__ARM_FEATURE_CMSE == 3))
 459:platform/CMSIS/Include/cmsis_gcc.h **** /**
 460:platform/CMSIS/Include/cmsis_gcc.h ****   \brief   Get Priority Mask (non-secure)
 461:platform/CMSIS/Include/cmsis_gcc.h ****   \details Returns the current state of the non-secure priority mask bit from the Priority Mask Reg
 462:platform/CMSIS/Include/cmsis_gcc.h ****   \return               Priority Mask value
 463:platform/CMSIS/Include/cmsis_gcc.h ****  */
 464:platform/CMSIS/Include/cmsis_gcc.h **** __STATIC_FORCEINLINE uint32_t __TZ_get_PRIMASK_NS(void)
ARM GAS  /tmp/ccb4lWTC.s 			page 15


 465:platform/CMSIS/Include/cmsis_gcc.h **** {
 466:platform/CMSIS/Include/cmsis_gcc.h ****   uint32_t result;
 467:platform/CMSIS/Include/cmsis_gcc.h **** 
 468:platform/CMSIS/Include/cmsis_gcc.h ****   __ASM volatile ("MRS %0, primask_ns" : "=r" (result) :: "memory");
 469:platform/CMSIS/Include/cmsis_gcc.h ****   return(result);
 470:platform/CMSIS/Include/cmsis_gcc.h **** }
 471:platform/CMSIS/Include/cmsis_gcc.h **** #endif
 472:platform/CMSIS/Include/cmsis_gcc.h **** 
 473:platform/CMSIS/Include/cmsis_gcc.h **** 
 474:platform/CMSIS/Include/cmsis_gcc.h **** /**
 475:platform/CMSIS/Include/cmsis_gcc.h ****   \brief   Set Priority Mask
 476:platform/CMSIS/Include/cmsis_gcc.h ****   \details Assigns the given value to the Priority Mask Register.
 477:platform/CMSIS/Include/cmsis_gcc.h ****   \param [in]    priMask  Priority Mask
 478:platform/CMSIS/Include/cmsis_gcc.h ****  */
 479:platform/CMSIS/Include/cmsis_gcc.h **** __STATIC_FORCEINLINE void __set_PRIMASK(uint32_t priMask)
 480:platform/CMSIS/Include/cmsis_gcc.h **** {
 481:platform/CMSIS/Include/cmsis_gcc.h ****   __ASM volatile ("MSR primask, %0" : : "r" (priMask) : "memory");
 482:platform/CMSIS/Include/cmsis_gcc.h **** }
 483:platform/CMSIS/Include/cmsis_gcc.h **** 
 484:platform/CMSIS/Include/cmsis_gcc.h **** 
 485:platform/CMSIS/Include/cmsis_gcc.h **** #if (defined (__ARM_FEATURE_CMSE ) && (__ARM_FEATURE_CMSE == 3))
 486:platform/CMSIS/Include/cmsis_gcc.h **** /**
 487:platform/CMSIS/Include/cmsis_gcc.h ****   \brief   Set Priority Mask (non-secure)
 488:platform/CMSIS/Include/cmsis_gcc.h ****   \details Assigns the given value to the non-secure Priority Mask Register when in secure state.
 489:platform/CMSIS/Include/cmsis_gcc.h ****   \param [in]    priMask  Priority Mask
 490:platform/CMSIS/Include/cmsis_gcc.h ****  */
 491:platform/CMSIS/Include/cmsis_gcc.h **** __STATIC_FORCEINLINE void __TZ_set_PRIMASK_NS(uint32_t priMask)
 492:platform/CMSIS/Include/cmsis_gcc.h **** {
 493:platform/CMSIS/Include/cmsis_gcc.h ****   __ASM volatile ("MSR primask_ns, %0" : : "r" (priMask) : "memory");
 494:platform/CMSIS/Include/cmsis_gcc.h **** }
 495:platform/CMSIS/Include/cmsis_gcc.h **** #endif
 496:platform/CMSIS/Include/cmsis_gcc.h **** 
 497:platform/CMSIS/Include/cmsis_gcc.h **** 
 498:platform/CMSIS/Include/cmsis_gcc.h **** #if ((defined (__ARM_ARCH_7M__      ) && (__ARM_ARCH_7M__      == 1)) || \
 499:platform/CMSIS/Include/cmsis_gcc.h ****      (defined (__ARM_ARCH_7EM__     ) && (__ARM_ARCH_7EM__     == 1)) || \
 500:platform/CMSIS/Include/cmsis_gcc.h ****      (defined (__ARM_ARCH_8M_MAIN__ ) && (__ARM_ARCH_8M_MAIN__ == 1))    )
 501:platform/CMSIS/Include/cmsis_gcc.h **** /**
 502:platform/CMSIS/Include/cmsis_gcc.h ****   \brief   Enable FIQ
 503:platform/CMSIS/Include/cmsis_gcc.h ****   \details Enables FIQ interrupts by clearing the F-bit in the CPSR.
 504:platform/CMSIS/Include/cmsis_gcc.h ****            Can only be executed in Privileged modes.
 505:platform/CMSIS/Include/cmsis_gcc.h ****  */
 506:platform/CMSIS/Include/cmsis_gcc.h **** __STATIC_FORCEINLINE void __enable_fault_irq(void)
 507:platform/CMSIS/Include/cmsis_gcc.h **** {
 508:platform/CMSIS/Include/cmsis_gcc.h ****   __ASM volatile ("cpsie f" : : : "memory");
 509:platform/CMSIS/Include/cmsis_gcc.h **** }
 510:platform/CMSIS/Include/cmsis_gcc.h **** 
 511:platform/CMSIS/Include/cmsis_gcc.h **** 
 512:platform/CMSIS/Include/cmsis_gcc.h **** /**
 513:platform/CMSIS/Include/cmsis_gcc.h ****   \brief   Disable FIQ
 514:platform/CMSIS/Include/cmsis_gcc.h ****   \details Disables FIQ interrupts by setting the F-bit in the CPSR.
 515:platform/CMSIS/Include/cmsis_gcc.h ****            Can only be executed in Privileged modes.
 516:platform/CMSIS/Include/cmsis_gcc.h ****  */
 517:platform/CMSIS/Include/cmsis_gcc.h **** __STATIC_FORCEINLINE void __disable_fault_irq(void)
 518:platform/CMSIS/Include/cmsis_gcc.h **** {
 519:platform/CMSIS/Include/cmsis_gcc.h ****   __ASM volatile ("cpsid f" : : : "memory");
 520:platform/CMSIS/Include/cmsis_gcc.h **** }
 521:platform/CMSIS/Include/cmsis_gcc.h **** 
ARM GAS  /tmp/ccb4lWTC.s 			page 16


 522:platform/CMSIS/Include/cmsis_gcc.h **** 
 523:platform/CMSIS/Include/cmsis_gcc.h **** /**
 524:platform/CMSIS/Include/cmsis_gcc.h ****   \brief   Get Base Priority
 525:platform/CMSIS/Include/cmsis_gcc.h ****   \details Returns the current value of the Base Priority register.
 526:platform/CMSIS/Include/cmsis_gcc.h ****   \return               Base Priority register value
 527:platform/CMSIS/Include/cmsis_gcc.h ****  */
 528:platform/CMSIS/Include/cmsis_gcc.h **** __STATIC_FORCEINLINE uint32_t __get_BASEPRI(void)
 529:platform/CMSIS/Include/cmsis_gcc.h **** {
 530:platform/CMSIS/Include/cmsis_gcc.h ****   uint32_t result;
 531:platform/CMSIS/Include/cmsis_gcc.h **** 
 532:platform/CMSIS/Include/cmsis_gcc.h ****   __ASM volatile ("MRS %0, basepri" : "=r" (result) );
 533:platform/CMSIS/Include/cmsis_gcc.h ****   return(result);
 534:platform/CMSIS/Include/cmsis_gcc.h **** }
 535:platform/CMSIS/Include/cmsis_gcc.h **** 
 536:platform/CMSIS/Include/cmsis_gcc.h **** 
 537:platform/CMSIS/Include/cmsis_gcc.h **** #if (defined (__ARM_FEATURE_CMSE ) && (__ARM_FEATURE_CMSE == 3))
 538:platform/CMSIS/Include/cmsis_gcc.h **** /**
 539:platform/CMSIS/Include/cmsis_gcc.h ****   \brief   Get Base Priority (non-secure)
 540:platform/CMSIS/Include/cmsis_gcc.h ****   \details Returns the current value of the non-secure Base Priority register when in secure state.
 541:platform/CMSIS/Include/cmsis_gcc.h ****   \return               Base Priority register value
 542:platform/CMSIS/Include/cmsis_gcc.h ****  */
 543:platform/CMSIS/Include/cmsis_gcc.h **** __STATIC_FORCEINLINE uint32_t __TZ_get_BASEPRI_NS(void)
 544:platform/CMSIS/Include/cmsis_gcc.h **** {
 545:platform/CMSIS/Include/cmsis_gcc.h ****   uint32_t result;
 546:platform/CMSIS/Include/cmsis_gcc.h **** 
 547:platform/CMSIS/Include/cmsis_gcc.h ****   __ASM volatile ("MRS %0, basepri_ns" : "=r" (result) );
 548:platform/CMSIS/Include/cmsis_gcc.h ****   return(result);
 549:platform/CMSIS/Include/cmsis_gcc.h **** }
 550:platform/CMSIS/Include/cmsis_gcc.h **** #endif
 551:platform/CMSIS/Include/cmsis_gcc.h **** 
 552:platform/CMSIS/Include/cmsis_gcc.h **** 
 553:platform/CMSIS/Include/cmsis_gcc.h **** /**
 554:platform/CMSIS/Include/cmsis_gcc.h ****   \brief   Set Base Priority
 555:platform/CMSIS/Include/cmsis_gcc.h ****   \details Assigns the given value to the Base Priority register.
 556:platform/CMSIS/Include/cmsis_gcc.h ****   \param [in]    basePri  Base Priority value to set
 557:platform/CMSIS/Include/cmsis_gcc.h ****  */
 558:platform/CMSIS/Include/cmsis_gcc.h **** __STATIC_FORCEINLINE void __set_BASEPRI(uint32_t basePri)
 559:platform/CMSIS/Include/cmsis_gcc.h **** {
 560:platform/CMSIS/Include/cmsis_gcc.h ****   __ASM volatile ("MSR basepri, %0" : : "r" (basePri) : "memory");
 561:platform/CMSIS/Include/cmsis_gcc.h **** }
 562:platform/CMSIS/Include/cmsis_gcc.h **** 
 563:platform/CMSIS/Include/cmsis_gcc.h **** 
 564:platform/CMSIS/Include/cmsis_gcc.h **** #if (defined (__ARM_FEATURE_CMSE ) && (__ARM_FEATURE_CMSE == 3))
 565:platform/CMSIS/Include/cmsis_gcc.h **** /**
 566:platform/CMSIS/Include/cmsis_gcc.h ****   \brief   Set Base Priority (non-secure)
 567:platform/CMSIS/Include/cmsis_gcc.h ****   \details Assigns the given value to the non-secure Base Priority register when in secure state.
 568:platform/CMSIS/Include/cmsis_gcc.h ****   \param [in]    basePri  Base Priority value to set
 569:platform/CMSIS/Include/cmsis_gcc.h ****  */
 570:platform/CMSIS/Include/cmsis_gcc.h **** __STATIC_FORCEINLINE void __TZ_set_BASEPRI_NS(uint32_t basePri)
 571:platform/CMSIS/Include/cmsis_gcc.h **** {
 572:platform/CMSIS/Include/cmsis_gcc.h ****   __ASM volatile ("MSR basepri_ns, %0" : : "r" (basePri) : "memory");
 573:platform/CMSIS/Include/cmsis_gcc.h **** }
 574:platform/CMSIS/Include/cmsis_gcc.h **** #endif
 575:platform/CMSIS/Include/cmsis_gcc.h **** 
 576:platform/CMSIS/Include/cmsis_gcc.h **** 
 577:platform/CMSIS/Include/cmsis_gcc.h **** /**
 578:platform/CMSIS/Include/cmsis_gcc.h ****   \brief   Set Base Priority with condition
ARM GAS  /tmp/ccb4lWTC.s 			page 17


 579:platform/CMSIS/Include/cmsis_gcc.h ****   \details Assigns the given value to the Base Priority register only if BASEPRI masking is disable
 580:platform/CMSIS/Include/cmsis_gcc.h ****            or the new value increases the BASEPRI priority level.
 581:platform/CMSIS/Include/cmsis_gcc.h ****   \param [in]    basePri  Base Priority value to set
 582:platform/CMSIS/Include/cmsis_gcc.h ****  */
 583:platform/CMSIS/Include/cmsis_gcc.h **** __STATIC_FORCEINLINE void __set_BASEPRI_MAX(uint32_t basePri)
 584:platform/CMSIS/Include/cmsis_gcc.h **** {
 585:platform/CMSIS/Include/cmsis_gcc.h ****   __ASM volatile ("MSR basepri_max, %0" : : "r" (basePri) : "memory");
 586:platform/CMSIS/Include/cmsis_gcc.h **** }
 587:platform/CMSIS/Include/cmsis_gcc.h **** 
 588:platform/CMSIS/Include/cmsis_gcc.h **** 
 589:platform/CMSIS/Include/cmsis_gcc.h **** /**
 590:platform/CMSIS/Include/cmsis_gcc.h ****   \brief   Get Fault Mask
 591:platform/CMSIS/Include/cmsis_gcc.h ****   \details Returns the current value of the Fault Mask register.
 592:platform/CMSIS/Include/cmsis_gcc.h ****   \return               Fault Mask register value
 593:platform/CMSIS/Include/cmsis_gcc.h ****  */
 594:platform/CMSIS/Include/cmsis_gcc.h **** __STATIC_FORCEINLINE uint32_t __get_FAULTMASK(void)
 595:platform/CMSIS/Include/cmsis_gcc.h **** {
 596:platform/CMSIS/Include/cmsis_gcc.h ****   uint32_t result;
 597:platform/CMSIS/Include/cmsis_gcc.h **** 
 598:platform/CMSIS/Include/cmsis_gcc.h ****   __ASM volatile ("MRS %0, faultmask" : "=r" (result) );
 599:platform/CMSIS/Include/cmsis_gcc.h ****   return(result);
 600:platform/CMSIS/Include/cmsis_gcc.h **** }
 601:platform/CMSIS/Include/cmsis_gcc.h **** 
 602:platform/CMSIS/Include/cmsis_gcc.h **** 
 603:platform/CMSIS/Include/cmsis_gcc.h **** #if (defined (__ARM_FEATURE_CMSE ) && (__ARM_FEATURE_CMSE == 3))
 604:platform/CMSIS/Include/cmsis_gcc.h **** /**
 605:platform/CMSIS/Include/cmsis_gcc.h ****   \brief   Get Fault Mask (non-secure)
 606:platform/CMSIS/Include/cmsis_gcc.h ****   \details Returns the current value of the non-secure Fault Mask register when in secure state.
 607:platform/CMSIS/Include/cmsis_gcc.h ****   \return               Fault Mask register value
 608:platform/CMSIS/Include/cmsis_gcc.h ****  */
 609:platform/CMSIS/Include/cmsis_gcc.h **** __STATIC_FORCEINLINE uint32_t __TZ_get_FAULTMASK_NS(void)
 610:platform/CMSIS/Include/cmsis_gcc.h **** {
 611:platform/CMSIS/Include/cmsis_gcc.h ****   uint32_t result;
 612:platform/CMSIS/Include/cmsis_gcc.h **** 
 613:platform/CMSIS/Include/cmsis_gcc.h ****   __ASM volatile ("MRS %0, faultmask_ns" : "=r" (result) );
 614:platform/CMSIS/Include/cmsis_gcc.h ****   return(result);
 615:platform/CMSIS/Include/cmsis_gcc.h **** }
 616:platform/CMSIS/Include/cmsis_gcc.h **** #endif
 617:platform/CMSIS/Include/cmsis_gcc.h **** 
 618:platform/CMSIS/Include/cmsis_gcc.h **** 
 619:platform/CMSIS/Include/cmsis_gcc.h **** /**
 620:platform/CMSIS/Include/cmsis_gcc.h ****   \brief   Set Fault Mask
 621:platform/CMSIS/Include/cmsis_gcc.h ****   \details Assigns the given value to the Fault Mask register.
 622:platform/CMSIS/Include/cmsis_gcc.h ****   \param [in]    faultMask  Fault Mask value to set
 623:platform/CMSIS/Include/cmsis_gcc.h ****  */
 624:platform/CMSIS/Include/cmsis_gcc.h **** __STATIC_FORCEINLINE void __set_FAULTMASK(uint32_t faultMask)
 625:platform/CMSIS/Include/cmsis_gcc.h **** {
 626:platform/CMSIS/Include/cmsis_gcc.h ****   __ASM volatile ("MSR faultmask, %0" : : "r" (faultMask) : "memory");
 627:platform/CMSIS/Include/cmsis_gcc.h **** }
 628:platform/CMSIS/Include/cmsis_gcc.h **** 
 629:platform/CMSIS/Include/cmsis_gcc.h **** 
 630:platform/CMSIS/Include/cmsis_gcc.h **** #if (defined (__ARM_FEATURE_CMSE ) && (__ARM_FEATURE_CMSE == 3))
 631:platform/CMSIS/Include/cmsis_gcc.h **** /**
 632:platform/CMSIS/Include/cmsis_gcc.h ****   \brief   Set Fault Mask (non-secure)
 633:platform/CMSIS/Include/cmsis_gcc.h ****   \details Assigns the given value to the non-secure Fault Mask register when in secure state.
 634:platform/CMSIS/Include/cmsis_gcc.h ****   \param [in]    faultMask  Fault Mask value to set
 635:platform/CMSIS/Include/cmsis_gcc.h ****  */
ARM GAS  /tmp/ccb4lWTC.s 			page 18


 636:platform/CMSIS/Include/cmsis_gcc.h **** __STATIC_FORCEINLINE void __TZ_set_FAULTMASK_NS(uint32_t faultMask)
 637:platform/CMSIS/Include/cmsis_gcc.h **** {
 638:platform/CMSIS/Include/cmsis_gcc.h ****   __ASM volatile ("MSR faultmask_ns, %0" : : "r" (faultMask) : "memory");
 639:platform/CMSIS/Include/cmsis_gcc.h **** }
 640:platform/CMSIS/Include/cmsis_gcc.h **** #endif
 641:platform/CMSIS/Include/cmsis_gcc.h **** 
 642:platform/CMSIS/Include/cmsis_gcc.h **** #endif /* ((defined (__ARM_ARCH_7M__      ) && (__ARM_ARCH_7M__      == 1)) || \
 643:platform/CMSIS/Include/cmsis_gcc.h ****            (defined (__ARM_ARCH_7EM__     ) && (__ARM_ARCH_7EM__     == 1)) || \
 644:platform/CMSIS/Include/cmsis_gcc.h ****            (defined (__ARM_ARCH_8M_MAIN__ ) && (__ARM_ARCH_8M_MAIN__ == 1))    ) */
 645:platform/CMSIS/Include/cmsis_gcc.h **** 
 646:platform/CMSIS/Include/cmsis_gcc.h **** 
 647:platform/CMSIS/Include/cmsis_gcc.h **** #if ((defined (__ARM_ARCH_8M_MAIN__ ) && (__ARM_ARCH_8M_MAIN__ == 1)) || \
 648:platform/CMSIS/Include/cmsis_gcc.h ****      (defined (__ARM_ARCH_8M_BASE__ ) && (__ARM_ARCH_8M_BASE__ == 1))    )
 649:platform/CMSIS/Include/cmsis_gcc.h **** 
 650:platform/CMSIS/Include/cmsis_gcc.h **** /**
 651:platform/CMSIS/Include/cmsis_gcc.h ****   \brief   Get Process Stack Pointer Limit
 652:platform/CMSIS/Include/cmsis_gcc.h ****   Devices without ARMv8-M Main Extensions (i.e. Cortex-M23) lack the non-secure
 653:platform/CMSIS/Include/cmsis_gcc.h ****   Stack Pointer Limit register hence zero is returned always in non-secure
 654:platform/CMSIS/Include/cmsis_gcc.h ****   mode.
 655:platform/CMSIS/Include/cmsis_gcc.h ****   
 656:platform/CMSIS/Include/cmsis_gcc.h ****   \details Returns the current value of the Process Stack Pointer Limit (PSPLIM).
 657:platform/CMSIS/Include/cmsis_gcc.h ****   \return               PSPLIM Register value
 658:platform/CMSIS/Include/cmsis_gcc.h ****  */
 659:platform/CMSIS/Include/cmsis_gcc.h **** __STATIC_FORCEINLINE uint32_t __get_PSPLIM(void)
 660:platform/CMSIS/Include/cmsis_gcc.h **** {
 661:platform/CMSIS/Include/cmsis_gcc.h **** #if (!(defined (__ARM_ARCH_8M_MAIN__ ) && (__ARM_ARCH_8M_MAIN__ == 1)) && \
 662:platform/CMSIS/Include/cmsis_gcc.h ****     (!defined (__ARM_FEATURE_CMSE) || (__ARM_FEATURE_CMSE < 3)))
 663:platform/CMSIS/Include/cmsis_gcc.h ****     // without main extensions, the non-secure PSPLIM is RAZ/WI
 664:platform/CMSIS/Include/cmsis_gcc.h ****   return 0U;
 665:platform/CMSIS/Include/cmsis_gcc.h **** #else
 666:platform/CMSIS/Include/cmsis_gcc.h ****   uint32_t result;
 667:platform/CMSIS/Include/cmsis_gcc.h ****   __ASM volatile ("MRS %0, psplim"  : "=r" (result) );
 668:platform/CMSIS/Include/cmsis_gcc.h ****   return result;
 669:platform/CMSIS/Include/cmsis_gcc.h **** #endif
 670:platform/CMSIS/Include/cmsis_gcc.h **** }
 671:platform/CMSIS/Include/cmsis_gcc.h **** 
 672:platform/CMSIS/Include/cmsis_gcc.h **** #if (defined (__ARM_FEATURE_CMSE) && (__ARM_FEATURE_CMSE == 3))
 673:platform/CMSIS/Include/cmsis_gcc.h **** /**
 674:platform/CMSIS/Include/cmsis_gcc.h ****   \brief   Get Process Stack Pointer Limit (non-secure)
 675:platform/CMSIS/Include/cmsis_gcc.h ****   Devices without ARMv8-M Main Extensions (i.e. Cortex-M23) lack the non-secure
 676:platform/CMSIS/Include/cmsis_gcc.h ****   Stack Pointer Limit register hence zero is returned always.
 677:platform/CMSIS/Include/cmsis_gcc.h **** 
 678:platform/CMSIS/Include/cmsis_gcc.h ****   \details Returns the current value of the non-secure Process Stack Pointer Limit (PSPLIM) when in
 679:platform/CMSIS/Include/cmsis_gcc.h ****   \return               PSPLIM Register value
 680:platform/CMSIS/Include/cmsis_gcc.h ****  */
 681:platform/CMSIS/Include/cmsis_gcc.h **** __STATIC_FORCEINLINE uint32_t __TZ_get_PSPLIM_NS(void)
 682:platform/CMSIS/Include/cmsis_gcc.h **** {
 683:platform/CMSIS/Include/cmsis_gcc.h **** #if (!(defined (__ARM_ARCH_8M_MAIN__ ) && (__ARM_ARCH_8M_MAIN__ == 1)))
 684:platform/CMSIS/Include/cmsis_gcc.h ****   // without main extensions, the non-secure PSPLIM is RAZ/WI
 685:platform/CMSIS/Include/cmsis_gcc.h ****   return 0U;
 686:platform/CMSIS/Include/cmsis_gcc.h **** #else
 687:platform/CMSIS/Include/cmsis_gcc.h ****   uint32_t result;
 688:platform/CMSIS/Include/cmsis_gcc.h ****   __ASM volatile ("MRS %0, psplim_ns"  : "=r" (result) );
 689:platform/CMSIS/Include/cmsis_gcc.h ****   return result;
 690:platform/CMSIS/Include/cmsis_gcc.h **** #endif
 691:platform/CMSIS/Include/cmsis_gcc.h **** }
 692:platform/CMSIS/Include/cmsis_gcc.h **** #endif
ARM GAS  /tmp/ccb4lWTC.s 			page 19


 693:platform/CMSIS/Include/cmsis_gcc.h **** 
 694:platform/CMSIS/Include/cmsis_gcc.h **** 
 695:platform/CMSIS/Include/cmsis_gcc.h **** /**
 696:platform/CMSIS/Include/cmsis_gcc.h ****   \brief   Set Process Stack Pointer Limit
 697:platform/CMSIS/Include/cmsis_gcc.h ****   Devices without ARMv8-M Main Extensions (i.e. Cortex-M23) lack the non-secure
 698:platform/CMSIS/Include/cmsis_gcc.h ****   Stack Pointer Limit register hence the write is silently ignored in non-secure
 699:platform/CMSIS/Include/cmsis_gcc.h ****   mode.
 700:platform/CMSIS/Include/cmsis_gcc.h ****   
 701:platform/CMSIS/Include/cmsis_gcc.h ****   \details Assigns the given value to the Process Stack Pointer Limit (PSPLIM).
 702:platform/CMSIS/Include/cmsis_gcc.h ****   \param [in]    ProcStackPtrLimit  Process Stack Pointer Limit value to set
 703:platform/CMSIS/Include/cmsis_gcc.h ****  */
 704:platform/CMSIS/Include/cmsis_gcc.h **** __STATIC_FORCEINLINE void __set_PSPLIM(uint32_t ProcStackPtrLimit)
 705:platform/CMSIS/Include/cmsis_gcc.h **** {
 706:platform/CMSIS/Include/cmsis_gcc.h **** #if (!(defined (__ARM_ARCH_8M_MAIN__ ) && (__ARM_ARCH_8M_MAIN__ == 1)) && \
 707:platform/CMSIS/Include/cmsis_gcc.h ****     (!defined (__ARM_FEATURE_CMSE) || (__ARM_FEATURE_CMSE < 3)))
 708:platform/CMSIS/Include/cmsis_gcc.h ****   // without main extensions, the non-secure PSPLIM is RAZ/WI
 709:platform/CMSIS/Include/cmsis_gcc.h ****   (void)ProcStackPtrLimit;
 710:platform/CMSIS/Include/cmsis_gcc.h **** #else
 711:platform/CMSIS/Include/cmsis_gcc.h ****   __ASM volatile ("MSR psplim, %0" : : "r" (ProcStackPtrLimit));
 712:platform/CMSIS/Include/cmsis_gcc.h **** #endif
 713:platform/CMSIS/Include/cmsis_gcc.h **** }
 714:platform/CMSIS/Include/cmsis_gcc.h **** 
 715:platform/CMSIS/Include/cmsis_gcc.h **** 
 716:platform/CMSIS/Include/cmsis_gcc.h **** #if (defined (__ARM_FEATURE_CMSE  ) && (__ARM_FEATURE_CMSE   == 3))
 717:platform/CMSIS/Include/cmsis_gcc.h **** /**
 718:platform/CMSIS/Include/cmsis_gcc.h ****   \brief   Set Process Stack Pointer (non-secure)
 719:platform/CMSIS/Include/cmsis_gcc.h ****   Devices without ARMv8-M Main Extensions (i.e. Cortex-M23) lack the non-secure
 720:platform/CMSIS/Include/cmsis_gcc.h ****   Stack Pointer Limit register hence the write is silently ignored.
 721:platform/CMSIS/Include/cmsis_gcc.h **** 
 722:platform/CMSIS/Include/cmsis_gcc.h ****   \details Assigns the given value to the non-secure Process Stack Pointer Limit (PSPLIM) when in s
 723:platform/CMSIS/Include/cmsis_gcc.h ****   \param [in]    ProcStackPtrLimit  Process Stack Pointer Limit value to set
 724:platform/CMSIS/Include/cmsis_gcc.h ****  */
 725:platform/CMSIS/Include/cmsis_gcc.h **** __STATIC_FORCEINLINE void __TZ_set_PSPLIM_NS(uint32_t ProcStackPtrLimit)
 726:platform/CMSIS/Include/cmsis_gcc.h **** {
 727:platform/CMSIS/Include/cmsis_gcc.h **** #if (!(defined (__ARM_ARCH_8M_MAIN__ ) && (__ARM_ARCH_8M_MAIN__ == 1)))
 728:platform/CMSIS/Include/cmsis_gcc.h ****   // without main extensions, the non-secure PSPLIM is RAZ/WI
 729:platform/CMSIS/Include/cmsis_gcc.h ****   (void)ProcStackPtrLimit;
 730:platform/CMSIS/Include/cmsis_gcc.h **** #else
 731:platform/CMSIS/Include/cmsis_gcc.h ****   __ASM volatile ("MSR psplim_ns, %0\n" : : "r" (ProcStackPtrLimit));
 732:platform/CMSIS/Include/cmsis_gcc.h **** #endif
 733:platform/CMSIS/Include/cmsis_gcc.h **** }
 734:platform/CMSIS/Include/cmsis_gcc.h **** #endif
 735:platform/CMSIS/Include/cmsis_gcc.h **** 
 736:platform/CMSIS/Include/cmsis_gcc.h **** 
 737:platform/CMSIS/Include/cmsis_gcc.h **** /**
 738:platform/CMSIS/Include/cmsis_gcc.h ****   \brief   Get Main Stack Pointer Limit
 739:platform/CMSIS/Include/cmsis_gcc.h ****   Devices without ARMv8-M Main Extensions (i.e. Cortex-M23) lack the non-secure
 740:platform/CMSIS/Include/cmsis_gcc.h ****   Stack Pointer Limit register hence zero is returned always in non-secure
 741:platform/CMSIS/Include/cmsis_gcc.h ****   mode.
 742:platform/CMSIS/Include/cmsis_gcc.h **** 
 743:platform/CMSIS/Include/cmsis_gcc.h ****   \details Returns the current value of the Main Stack Pointer Limit (MSPLIM).
 744:platform/CMSIS/Include/cmsis_gcc.h ****   \return               MSPLIM Register value
 745:platform/CMSIS/Include/cmsis_gcc.h ****  */
 746:platform/CMSIS/Include/cmsis_gcc.h **** __STATIC_FORCEINLINE uint32_t __get_MSPLIM(void)
 747:platform/CMSIS/Include/cmsis_gcc.h **** {
 748:platform/CMSIS/Include/cmsis_gcc.h **** #if (!(defined (__ARM_ARCH_8M_MAIN__ ) && (__ARM_ARCH_8M_MAIN__ == 1)) && \
 749:platform/CMSIS/Include/cmsis_gcc.h ****     (!defined (__ARM_FEATURE_CMSE) || (__ARM_FEATURE_CMSE < 3)))
ARM GAS  /tmp/ccb4lWTC.s 			page 20


 750:platform/CMSIS/Include/cmsis_gcc.h ****   // without main extensions, the non-secure MSPLIM is RAZ/WI
 751:platform/CMSIS/Include/cmsis_gcc.h ****   return 0U;
 752:platform/CMSIS/Include/cmsis_gcc.h **** #else
 753:platform/CMSIS/Include/cmsis_gcc.h ****   uint32_t result;
 754:platform/CMSIS/Include/cmsis_gcc.h ****   __ASM volatile ("MRS %0, msplim" : "=r" (result) );
 755:platform/CMSIS/Include/cmsis_gcc.h ****   return result;
 756:platform/CMSIS/Include/cmsis_gcc.h **** #endif
 757:platform/CMSIS/Include/cmsis_gcc.h **** }
 758:platform/CMSIS/Include/cmsis_gcc.h **** 
 759:platform/CMSIS/Include/cmsis_gcc.h **** 
 760:platform/CMSIS/Include/cmsis_gcc.h **** #if (defined (__ARM_FEATURE_CMSE  ) && (__ARM_FEATURE_CMSE   == 3))
 761:platform/CMSIS/Include/cmsis_gcc.h **** /**
 762:platform/CMSIS/Include/cmsis_gcc.h ****   \brief   Get Main Stack Pointer Limit (non-secure)
 763:platform/CMSIS/Include/cmsis_gcc.h ****   Devices without ARMv8-M Main Extensions (i.e. Cortex-M23) lack the non-secure
 764:platform/CMSIS/Include/cmsis_gcc.h ****   Stack Pointer Limit register hence zero is returned always.
 765:platform/CMSIS/Include/cmsis_gcc.h **** 
 766:platform/CMSIS/Include/cmsis_gcc.h ****   \details Returns the current value of the non-secure Main Stack Pointer Limit(MSPLIM) when in sec
 767:platform/CMSIS/Include/cmsis_gcc.h ****   \return               MSPLIM Register value
 768:platform/CMSIS/Include/cmsis_gcc.h ****  */
 769:platform/CMSIS/Include/cmsis_gcc.h **** __STATIC_FORCEINLINE uint32_t __TZ_get_MSPLIM_NS(void)
 770:platform/CMSIS/Include/cmsis_gcc.h **** {
 771:platform/CMSIS/Include/cmsis_gcc.h **** #if (!(defined (__ARM_ARCH_8M_MAIN__ ) && (__ARM_ARCH_8M_MAIN__ == 1)))
 772:platform/CMSIS/Include/cmsis_gcc.h ****   // without main extensions, the non-secure MSPLIM is RAZ/WI
 773:platform/CMSIS/Include/cmsis_gcc.h ****   return 0U;
 774:platform/CMSIS/Include/cmsis_gcc.h **** #else
 775:platform/CMSIS/Include/cmsis_gcc.h ****   uint32_t result;
 776:platform/CMSIS/Include/cmsis_gcc.h ****   __ASM volatile ("MRS %0, msplim_ns" : "=r" (result) );
 777:platform/CMSIS/Include/cmsis_gcc.h ****   return result;
 778:platform/CMSIS/Include/cmsis_gcc.h **** #endif
 779:platform/CMSIS/Include/cmsis_gcc.h **** }
 780:platform/CMSIS/Include/cmsis_gcc.h **** #endif
 781:platform/CMSIS/Include/cmsis_gcc.h **** 
 782:platform/CMSIS/Include/cmsis_gcc.h **** 
 783:platform/CMSIS/Include/cmsis_gcc.h **** /**
 784:platform/CMSIS/Include/cmsis_gcc.h ****   \brief   Set Main Stack Pointer Limit
 785:platform/CMSIS/Include/cmsis_gcc.h ****   Devices without ARMv8-M Main Extensions (i.e. Cortex-M23) lack the non-secure
 786:platform/CMSIS/Include/cmsis_gcc.h ****   Stack Pointer Limit register hence the write is silently ignored in non-secure
 787:platform/CMSIS/Include/cmsis_gcc.h ****   mode.
 788:platform/CMSIS/Include/cmsis_gcc.h **** 
 789:platform/CMSIS/Include/cmsis_gcc.h ****   \details Assigns the given value to the Main Stack Pointer Limit (MSPLIM).
 790:platform/CMSIS/Include/cmsis_gcc.h ****   \param [in]    MainStackPtrLimit  Main Stack Pointer Limit value to set
 791:platform/CMSIS/Include/cmsis_gcc.h ****  */
 792:platform/CMSIS/Include/cmsis_gcc.h **** __STATIC_FORCEINLINE void __set_MSPLIM(uint32_t MainStackPtrLimit)
 793:platform/CMSIS/Include/cmsis_gcc.h **** {
 794:platform/CMSIS/Include/cmsis_gcc.h **** #if (!(defined (__ARM_ARCH_8M_MAIN__ ) && (__ARM_ARCH_8M_MAIN__ == 1)) && \
 795:platform/CMSIS/Include/cmsis_gcc.h ****     (!defined (__ARM_FEATURE_CMSE) || (__ARM_FEATURE_CMSE < 3)))
 796:platform/CMSIS/Include/cmsis_gcc.h ****   // without main extensions, the non-secure MSPLIM is RAZ/WI
 797:platform/CMSIS/Include/cmsis_gcc.h ****   (void)MainStackPtrLimit;
 798:platform/CMSIS/Include/cmsis_gcc.h **** #else
 799:platform/CMSIS/Include/cmsis_gcc.h ****   __ASM volatile ("MSR msplim, %0" : : "r" (MainStackPtrLimit));
 800:platform/CMSIS/Include/cmsis_gcc.h **** #endif
 801:platform/CMSIS/Include/cmsis_gcc.h **** }
 802:platform/CMSIS/Include/cmsis_gcc.h **** 
 803:platform/CMSIS/Include/cmsis_gcc.h **** 
 804:platform/CMSIS/Include/cmsis_gcc.h **** #if (defined (__ARM_FEATURE_CMSE  ) && (__ARM_FEATURE_CMSE   == 3))
 805:platform/CMSIS/Include/cmsis_gcc.h **** /**
 806:platform/CMSIS/Include/cmsis_gcc.h ****   \brief   Set Main Stack Pointer Limit (non-secure)
ARM GAS  /tmp/ccb4lWTC.s 			page 21


 807:platform/CMSIS/Include/cmsis_gcc.h ****   Devices without ARMv8-M Main Extensions (i.e. Cortex-M23) lack the non-secure
 808:platform/CMSIS/Include/cmsis_gcc.h ****   Stack Pointer Limit register hence the write is silently ignored.
 809:platform/CMSIS/Include/cmsis_gcc.h **** 
 810:platform/CMSIS/Include/cmsis_gcc.h ****   \details Assigns the given value to the non-secure Main Stack Pointer Limit (MSPLIM) when in secu
 811:platform/CMSIS/Include/cmsis_gcc.h ****   \param [in]    MainStackPtrLimit  Main Stack Pointer value to set
 812:platform/CMSIS/Include/cmsis_gcc.h ****  */
 813:platform/CMSIS/Include/cmsis_gcc.h **** __STATIC_FORCEINLINE void __TZ_set_MSPLIM_NS(uint32_t MainStackPtrLimit)
 814:platform/CMSIS/Include/cmsis_gcc.h **** {
 815:platform/CMSIS/Include/cmsis_gcc.h **** #if (!(defined (__ARM_ARCH_8M_MAIN__ ) && (__ARM_ARCH_8M_MAIN__ == 1)))
 816:platform/CMSIS/Include/cmsis_gcc.h ****   // without main extensions, the non-secure MSPLIM is RAZ/WI
 817:platform/CMSIS/Include/cmsis_gcc.h ****   (void)MainStackPtrLimit;
 818:platform/CMSIS/Include/cmsis_gcc.h **** #else
 819:platform/CMSIS/Include/cmsis_gcc.h ****   __ASM volatile ("MSR msplim_ns, %0" : : "r" (MainStackPtrLimit));
 820:platform/CMSIS/Include/cmsis_gcc.h **** #endif
 821:platform/CMSIS/Include/cmsis_gcc.h **** }
 822:platform/CMSIS/Include/cmsis_gcc.h **** #endif
 823:platform/CMSIS/Include/cmsis_gcc.h **** 
 824:platform/CMSIS/Include/cmsis_gcc.h **** #endif /* ((defined (__ARM_ARCH_8M_MAIN__ ) && (__ARM_ARCH_8M_MAIN__ == 1)) || \
 825:platform/CMSIS/Include/cmsis_gcc.h ****            (defined (__ARM_ARCH_8M_BASE__ ) && (__ARM_ARCH_8M_BASE__ == 1))    ) */
 826:platform/CMSIS/Include/cmsis_gcc.h **** 
 827:platform/CMSIS/Include/cmsis_gcc.h **** 
 828:platform/CMSIS/Include/cmsis_gcc.h **** /**
 829:platform/CMSIS/Include/cmsis_gcc.h ****   \brief   Get FPSCR
 830:platform/CMSIS/Include/cmsis_gcc.h ****   \details Returns the current value of the Floating Point Status/Control register.
 831:platform/CMSIS/Include/cmsis_gcc.h ****   \return               Floating Point Status/Control register value
 832:platform/CMSIS/Include/cmsis_gcc.h ****  */
 833:platform/CMSIS/Include/cmsis_gcc.h **** __STATIC_FORCEINLINE uint32_t __get_FPSCR(void)
 834:platform/CMSIS/Include/cmsis_gcc.h **** {
 835:platform/CMSIS/Include/cmsis_gcc.h **** #if ((defined (__FPU_PRESENT) && (__FPU_PRESENT == 1U)) && \
 836:platform/CMSIS/Include/cmsis_gcc.h ****      (defined (__FPU_USED   ) && (__FPU_USED    == 1U))     )
 837:platform/CMSIS/Include/cmsis_gcc.h **** #if __has_builtin(__builtin_arm_get_fpscr) 
 838:platform/CMSIS/Include/cmsis_gcc.h **** // Re-enable using built-in when GCC has been fixed
 839:platform/CMSIS/Include/cmsis_gcc.h **** // || (__GNUC__ > 7) || (__GNUC__ == 7 && __GNUC_MINOR__ >= 2)
 840:platform/CMSIS/Include/cmsis_gcc.h ****   /* see https://gcc.gnu.org/ml/gcc-patches/2017-04/msg00443.html */
 841:platform/CMSIS/Include/cmsis_gcc.h ****   return __builtin_arm_get_fpscr();
 842:platform/CMSIS/Include/cmsis_gcc.h **** #else
 843:platform/CMSIS/Include/cmsis_gcc.h ****   uint32_t result;
 844:platform/CMSIS/Include/cmsis_gcc.h **** 
 845:platform/CMSIS/Include/cmsis_gcc.h ****   __ASM volatile ("VMRS %0, fpscr" : "=r" (result) );
 846:platform/CMSIS/Include/cmsis_gcc.h ****   return(result);
 847:platform/CMSIS/Include/cmsis_gcc.h **** #endif
 848:platform/CMSIS/Include/cmsis_gcc.h **** #else
 849:platform/CMSIS/Include/cmsis_gcc.h ****   return(0U);
 850:platform/CMSIS/Include/cmsis_gcc.h **** #endif
 851:platform/CMSIS/Include/cmsis_gcc.h **** }
 852:platform/CMSIS/Include/cmsis_gcc.h **** 
 853:platform/CMSIS/Include/cmsis_gcc.h **** 
 854:platform/CMSIS/Include/cmsis_gcc.h **** /**
 855:platform/CMSIS/Include/cmsis_gcc.h ****   \brief   Set FPSCR
 856:platform/CMSIS/Include/cmsis_gcc.h ****   \details Assigns the given value to the Floating Point Status/Control register.
 857:platform/CMSIS/Include/cmsis_gcc.h ****   \param [in]    fpscr  Floating Point Status/Control value to set
 858:platform/CMSIS/Include/cmsis_gcc.h ****  */
 859:platform/CMSIS/Include/cmsis_gcc.h **** __STATIC_FORCEINLINE void __set_FPSCR(uint32_t fpscr)
 860:platform/CMSIS/Include/cmsis_gcc.h **** {
 861:platform/CMSIS/Include/cmsis_gcc.h **** #if ((defined (__FPU_PRESENT) && (__FPU_PRESENT == 1U)) && \
 862:platform/CMSIS/Include/cmsis_gcc.h ****      (defined (__FPU_USED   ) && (__FPU_USED    == 1U))     )
 863:platform/CMSIS/Include/cmsis_gcc.h **** #if __has_builtin(__builtin_arm_set_fpscr)
ARM GAS  /tmp/ccb4lWTC.s 			page 22


 864:platform/CMSIS/Include/cmsis_gcc.h **** // Re-enable using built-in when GCC has been fixed
 865:platform/CMSIS/Include/cmsis_gcc.h **** // || (__GNUC__ > 7) || (__GNUC__ == 7 && __GNUC_MINOR__ >= 2)
 866:platform/CMSIS/Include/cmsis_gcc.h ****   /* see https://gcc.gnu.org/ml/gcc-patches/2017-04/msg00443.html */
 867:platform/CMSIS/Include/cmsis_gcc.h ****   __builtin_arm_set_fpscr(fpscr);
 868:platform/CMSIS/Include/cmsis_gcc.h **** #else
 869:platform/CMSIS/Include/cmsis_gcc.h ****   __ASM volatile ("VMSR fpscr, %0" : : "r" (fpscr) : "vfpcc", "memory");
 870:platform/CMSIS/Include/cmsis_gcc.h **** #endif
 871:platform/CMSIS/Include/cmsis_gcc.h **** #else
 872:platform/CMSIS/Include/cmsis_gcc.h ****   (void)fpscr;
 873:platform/CMSIS/Include/cmsis_gcc.h **** #endif
 874:platform/CMSIS/Include/cmsis_gcc.h **** }
 875:platform/CMSIS/Include/cmsis_gcc.h **** 
 876:platform/CMSIS/Include/cmsis_gcc.h **** 
 877:platform/CMSIS/Include/cmsis_gcc.h **** /*@} end of CMSIS_Core_RegAccFunctions */
 878:platform/CMSIS/Include/cmsis_gcc.h **** 
 879:platform/CMSIS/Include/cmsis_gcc.h **** 
 880:platform/CMSIS/Include/cmsis_gcc.h **** /* ##########################  Core Instruction Access  ######################### */
 881:platform/CMSIS/Include/cmsis_gcc.h **** /** \defgroup CMSIS_Core_InstructionInterface CMSIS Core Instruction Interface
 882:platform/CMSIS/Include/cmsis_gcc.h ****   Access to dedicated instructions
 883:platform/CMSIS/Include/cmsis_gcc.h ****   @{
 884:platform/CMSIS/Include/cmsis_gcc.h **** */
 885:platform/CMSIS/Include/cmsis_gcc.h **** 
 886:platform/CMSIS/Include/cmsis_gcc.h **** /* Define macros for porting to both thumb1 and thumb2.
 887:platform/CMSIS/Include/cmsis_gcc.h ****  * For thumb1, use low register (r0-r7), specified by constraint "l"
 888:platform/CMSIS/Include/cmsis_gcc.h ****  * Otherwise, use general registers, specified by constraint "r" */
 889:platform/CMSIS/Include/cmsis_gcc.h **** #if defined (__thumb__) && !defined (__thumb2__)
 890:platform/CMSIS/Include/cmsis_gcc.h **** #define __CMSIS_GCC_OUT_REG(r) "=l" (r)
 891:platform/CMSIS/Include/cmsis_gcc.h **** #define __CMSIS_GCC_RW_REG(r) "+l" (r)
 892:platform/CMSIS/Include/cmsis_gcc.h **** #define __CMSIS_GCC_USE_REG(r) "l" (r)
 893:platform/CMSIS/Include/cmsis_gcc.h **** #else
 894:platform/CMSIS/Include/cmsis_gcc.h **** #define __CMSIS_GCC_OUT_REG(r) "=r" (r)
 895:platform/CMSIS/Include/cmsis_gcc.h **** #define __CMSIS_GCC_RW_REG(r) "+r" (r)
 896:platform/CMSIS/Include/cmsis_gcc.h **** #define __CMSIS_GCC_USE_REG(r) "r" (r)
 897:platform/CMSIS/Include/cmsis_gcc.h **** #endif
 898:platform/CMSIS/Include/cmsis_gcc.h **** 
 899:platform/CMSIS/Include/cmsis_gcc.h **** /**
 900:platform/CMSIS/Include/cmsis_gcc.h ****   \brief   No Operation
 901:platform/CMSIS/Include/cmsis_gcc.h ****   \details No Operation does nothing. This instruction can be used for code alignment purposes.
 902:platform/CMSIS/Include/cmsis_gcc.h ****  */
 903:platform/CMSIS/Include/cmsis_gcc.h **** #define __NOP()                             __ASM volatile ("nop")
 904:platform/CMSIS/Include/cmsis_gcc.h **** 
 905:platform/CMSIS/Include/cmsis_gcc.h **** /**
 906:platform/CMSIS/Include/cmsis_gcc.h ****   \brief   Wait For Interrupt
 907:platform/CMSIS/Include/cmsis_gcc.h ****   \details Wait For Interrupt is a hint instruction that suspends execution until one of a number o
 908:platform/CMSIS/Include/cmsis_gcc.h ****  */
 909:platform/CMSIS/Include/cmsis_gcc.h **** #define __WFI()                             __ASM volatile ("wfi")
 910:platform/CMSIS/Include/cmsis_gcc.h **** 
 911:platform/CMSIS/Include/cmsis_gcc.h **** 
 912:platform/CMSIS/Include/cmsis_gcc.h **** /**
 913:platform/CMSIS/Include/cmsis_gcc.h ****   \brief   Wait For Event
 914:platform/CMSIS/Include/cmsis_gcc.h ****   \details Wait For Event is a hint instruction that permits the processor to enter
 915:platform/CMSIS/Include/cmsis_gcc.h ****            a low-power state until one of a number of events occurs.
 916:platform/CMSIS/Include/cmsis_gcc.h ****  */
 917:platform/CMSIS/Include/cmsis_gcc.h **** #define __WFE()                             __ASM volatile ("wfe")
 918:platform/CMSIS/Include/cmsis_gcc.h **** 
 919:platform/CMSIS/Include/cmsis_gcc.h **** 
 920:platform/CMSIS/Include/cmsis_gcc.h **** /**
ARM GAS  /tmp/ccb4lWTC.s 			page 23


 921:platform/CMSIS/Include/cmsis_gcc.h ****   \brief   Send Event
 922:platform/CMSIS/Include/cmsis_gcc.h ****   \details Send Event is a hint instruction. It causes an event to be signaled to the CPU.
 923:platform/CMSIS/Include/cmsis_gcc.h ****  */
 924:platform/CMSIS/Include/cmsis_gcc.h **** #define __SEV()                             __ASM volatile ("sev")
 925:platform/CMSIS/Include/cmsis_gcc.h **** 
 926:platform/CMSIS/Include/cmsis_gcc.h **** 
 927:platform/CMSIS/Include/cmsis_gcc.h **** /**
 928:platform/CMSIS/Include/cmsis_gcc.h ****   \brief   Instruction Synchronization Barrier
 929:platform/CMSIS/Include/cmsis_gcc.h ****   \details Instruction Synchronization Barrier flushes the pipeline in the processor,
 930:platform/CMSIS/Include/cmsis_gcc.h ****            so that all instructions following the ISB are fetched from cache or memory,
 931:platform/CMSIS/Include/cmsis_gcc.h ****            after the instruction has been completed.
 932:platform/CMSIS/Include/cmsis_gcc.h ****  */
 933:platform/CMSIS/Include/cmsis_gcc.h **** __STATIC_FORCEINLINE void __ISB(void)
 934:platform/CMSIS/Include/cmsis_gcc.h **** {
 935:platform/CMSIS/Include/cmsis_gcc.h ****   __ASM volatile ("isb 0xF":::"memory");
 936:platform/CMSIS/Include/cmsis_gcc.h **** }
 937:platform/CMSIS/Include/cmsis_gcc.h **** 
 938:platform/CMSIS/Include/cmsis_gcc.h **** 
 939:platform/CMSIS/Include/cmsis_gcc.h **** /**
 940:platform/CMSIS/Include/cmsis_gcc.h ****   \brief   Data Synchronization Barrier
 941:platform/CMSIS/Include/cmsis_gcc.h ****   \details Acts as a special kind of Data Memory Barrier.
 942:platform/CMSIS/Include/cmsis_gcc.h ****            It completes when all explicit memory accesses before this instruction complete.
 943:platform/CMSIS/Include/cmsis_gcc.h ****  */
 944:platform/CMSIS/Include/cmsis_gcc.h **** __STATIC_FORCEINLINE void __DSB(void)
 945:platform/CMSIS/Include/cmsis_gcc.h **** {
 946:platform/CMSIS/Include/cmsis_gcc.h ****   __ASM volatile ("dsb 0xF":::"memory");
 947:platform/CMSIS/Include/cmsis_gcc.h **** }
 948:platform/CMSIS/Include/cmsis_gcc.h **** 
 949:platform/CMSIS/Include/cmsis_gcc.h **** 
 950:platform/CMSIS/Include/cmsis_gcc.h **** /**
 951:platform/CMSIS/Include/cmsis_gcc.h ****   \brief   Data Memory Barrier
 952:platform/CMSIS/Include/cmsis_gcc.h ****   \details Ensures the apparent order of the explicit memory operations before
 953:platform/CMSIS/Include/cmsis_gcc.h ****            and after the instruction, without ensuring their completion.
 954:platform/CMSIS/Include/cmsis_gcc.h ****  */
 955:platform/CMSIS/Include/cmsis_gcc.h **** __STATIC_FORCEINLINE void __DMB(void)
 956:platform/CMSIS/Include/cmsis_gcc.h **** {
 957:platform/CMSIS/Include/cmsis_gcc.h ****   __ASM volatile ("dmb 0xF":::"memory");
 958:platform/CMSIS/Include/cmsis_gcc.h **** }
 959:platform/CMSIS/Include/cmsis_gcc.h **** 
 960:platform/CMSIS/Include/cmsis_gcc.h **** 
 961:platform/CMSIS/Include/cmsis_gcc.h **** /**
 962:platform/CMSIS/Include/cmsis_gcc.h ****   \brief   Reverse byte order (32 bit)
 963:platform/CMSIS/Include/cmsis_gcc.h ****   \details Reverses the byte order in unsigned integer value. For example, 0x12345678 becomes 0x785
 964:platform/CMSIS/Include/cmsis_gcc.h ****   \param [in]    value  Value to reverse
 965:platform/CMSIS/Include/cmsis_gcc.h ****   \return               Reversed value
 966:platform/CMSIS/Include/cmsis_gcc.h ****  */
 967:platform/CMSIS/Include/cmsis_gcc.h **** __STATIC_FORCEINLINE uint32_t __REV(uint32_t value)
 968:platform/CMSIS/Include/cmsis_gcc.h **** {
 969:platform/CMSIS/Include/cmsis_gcc.h **** #if (__GNUC__ > 4) || (__GNUC__ == 4 && __GNUC_MINOR__ >= 5)
 970:platform/CMSIS/Include/cmsis_gcc.h ****   return __builtin_bswap32(value);
 971:platform/CMSIS/Include/cmsis_gcc.h **** #else
 972:platform/CMSIS/Include/cmsis_gcc.h ****   uint32_t result;
 973:platform/CMSIS/Include/cmsis_gcc.h **** 
 974:platform/CMSIS/Include/cmsis_gcc.h ****   __ASM volatile ("rev %0, %1" : __CMSIS_GCC_OUT_REG (result) : __CMSIS_GCC_USE_REG (value) );
 975:platform/CMSIS/Include/cmsis_gcc.h ****   return result;
 976:platform/CMSIS/Include/cmsis_gcc.h **** #endif
 977:platform/CMSIS/Include/cmsis_gcc.h **** }
ARM GAS  /tmp/ccb4lWTC.s 			page 24


 978:platform/CMSIS/Include/cmsis_gcc.h **** 
 979:platform/CMSIS/Include/cmsis_gcc.h **** 
 980:platform/CMSIS/Include/cmsis_gcc.h **** /**
 981:platform/CMSIS/Include/cmsis_gcc.h ****   \brief   Reverse byte order (16 bit)
 982:platform/CMSIS/Include/cmsis_gcc.h ****   \details Reverses the byte order within each halfword of a word. For example, 0x12345678 becomes 
 983:platform/CMSIS/Include/cmsis_gcc.h ****   \param [in]    value  Value to reverse
 984:platform/CMSIS/Include/cmsis_gcc.h ****   \return               Reversed value
 985:platform/CMSIS/Include/cmsis_gcc.h ****  */
 986:platform/CMSIS/Include/cmsis_gcc.h **** __STATIC_FORCEINLINE uint32_t __REV16(uint32_t value)
 987:platform/CMSIS/Include/cmsis_gcc.h **** {
 988:platform/CMSIS/Include/cmsis_gcc.h ****   uint32_t result;
 989:platform/CMSIS/Include/cmsis_gcc.h **** 
 990:platform/CMSIS/Include/cmsis_gcc.h ****   __ASM volatile ("rev16 %0, %1" : __CMSIS_GCC_OUT_REG (result) : __CMSIS_GCC_USE_REG (value) );
 991:platform/CMSIS/Include/cmsis_gcc.h ****   return result;
 992:platform/CMSIS/Include/cmsis_gcc.h **** }
 993:platform/CMSIS/Include/cmsis_gcc.h **** 
 994:platform/CMSIS/Include/cmsis_gcc.h **** 
 995:platform/CMSIS/Include/cmsis_gcc.h **** /**
 996:platform/CMSIS/Include/cmsis_gcc.h ****   \brief   Reverse byte order (16 bit)
 997:platform/CMSIS/Include/cmsis_gcc.h ****   \details Reverses the byte order in a 16-bit value and returns the signed 16-bit result. For exam
 998:platform/CMSIS/Include/cmsis_gcc.h ****   \param [in]    value  Value to reverse
 999:platform/CMSIS/Include/cmsis_gcc.h ****   \return               Reversed value
1000:platform/CMSIS/Include/cmsis_gcc.h ****  */
1001:platform/CMSIS/Include/cmsis_gcc.h **** __STATIC_FORCEINLINE int16_t __REVSH(int16_t value)
1002:platform/CMSIS/Include/cmsis_gcc.h **** {
1003:platform/CMSIS/Include/cmsis_gcc.h **** #if (__GNUC__ > 4) || (__GNUC__ == 4 && __GNUC_MINOR__ >= 8)
1004:platform/CMSIS/Include/cmsis_gcc.h ****   return (int16_t)__builtin_bswap16(value);
1005:platform/CMSIS/Include/cmsis_gcc.h **** #else
1006:platform/CMSIS/Include/cmsis_gcc.h ****   int16_t result;
1007:platform/CMSIS/Include/cmsis_gcc.h **** 
1008:platform/CMSIS/Include/cmsis_gcc.h ****   __ASM volatile ("revsh %0, %1" : __CMSIS_GCC_OUT_REG (result) : __CMSIS_GCC_USE_REG (value) );
1009:platform/CMSIS/Include/cmsis_gcc.h ****   return result;
1010:platform/CMSIS/Include/cmsis_gcc.h **** #endif
1011:platform/CMSIS/Include/cmsis_gcc.h **** }
1012:platform/CMSIS/Include/cmsis_gcc.h **** 
1013:platform/CMSIS/Include/cmsis_gcc.h **** 
1014:platform/CMSIS/Include/cmsis_gcc.h **** /**
1015:platform/CMSIS/Include/cmsis_gcc.h ****   \brief   Rotate Right in unsigned value (32 bit)
1016:platform/CMSIS/Include/cmsis_gcc.h ****   \details Rotate Right (immediate) provides the value of the contents of a register rotated by a v
1017:platform/CMSIS/Include/cmsis_gcc.h ****   \param [in]    op1  Value to rotate
1018:platform/CMSIS/Include/cmsis_gcc.h ****   \param [in]    op2  Number of Bits to rotate
1019:platform/CMSIS/Include/cmsis_gcc.h ****   \return               Rotated value
1020:platform/CMSIS/Include/cmsis_gcc.h ****  */
1021:platform/CMSIS/Include/cmsis_gcc.h **** __STATIC_FORCEINLINE uint32_t __ROR(uint32_t op1, uint32_t op2)
1022:platform/CMSIS/Include/cmsis_gcc.h **** {
1023:platform/CMSIS/Include/cmsis_gcc.h ****   op2 %= 32U;
1024:platform/CMSIS/Include/cmsis_gcc.h ****   if (op2 == 0U)
1025:platform/CMSIS/Include/cmsis_gcc.h ****   {
1026:platform/CMSIS/Include/cmsis_gcc.h ****     return op1;
1027:platform/CMSIS/Include/cmsis_gcc.h ****   }
1028:platform/CMSIS/Include/cmsis_gcc.h ****   return (op1 >> op2) | (op1 << (32U - op2));
1029:platform/CMSIS/Include/cmsis_gcc.h **** }
1030:platform/CMSIS/Include/cmsis_gcc.h **** 
1031:platform/CMSIS/Include/cmsis_gcc.h **** 
1032:platform/CMSIS/Include/cmsis_gcc.h **** /**
1033:platform/CMSIS/Include/cmsis_gcc.h ****   \brief   Breakpoint
1034:platform/CMSIS/Include/cmsis_gcc.h ****   \details Causes the processor to enter Debug state.
ARM GAS  /tmp/ccb4lWTC.s 			page 25


1035:platform/CMSIS/Include/cmsis_gcc.h ****            Debug tools can use this to investigate system state when the instruction at a particula
1036:platform/CMSIS/Include/cmsis_gcc.h ****   \param [in]    value  is ignored by the processor.
1037:platform/CMSIS/Include/cmsis_gcc.h ****                  If required, a debugger can use it to store additional information about the break
1038:platform/CMSIS/Include/cmsis_gcc.h ****  */
1039:platform/CMSIS/Include/cmsis_gcc.h **** #define __BKPT(value)                       __ASM volatile ("bkpt "#value)
1040:platform/CMSIS/Include/cmsis_gcc.h **** 
1041:platform/CMSIS/Include/cmsis_gcc.h **** 
1042:platform/CMSIS/Include/cmsis_gcc.h **** /**
1043:platform/CMSIS/Include/cmsis_gcc.h ****   \brief   Reverse bit order of value
1044:platform/CMSIS/Include/cmsis_gcc.h ****   \details Reverses the bit order of the given value.
1045:platform/CMSIS/Include/cmsis_gcc.h ****   \param [in]    value  Value to reverse
1046:platform/CMSIS/Include/cmsis_gcc.h ****   \return               Reversed value
1047:platform/CMSIS/Include/cmsis_gcc.h ****  */
1048:platform/CMSIS/Include/cmsis_gcc.h **** __STATIC_FORCEINLINE uint32_t __RBIT(uint32_t value)
 171              		.loc 2 1048 31 is_stmt 1 view .LVU46
 172              	.LBB7:
1049:platform/CMSIS/Include/cmsis_gcc.h **** {
1050:platform/CMSIS/Include/cmsis_gcc.h ****   uint32_t result;
 173              		.loc 2 1050 3 view .LVU47
1051:platform/CMSIS/Include/cmsis_gcc.h **** 
1052:platform/CMSIS/Include/cmsis_gcc.h **** #if ((defined (__ARM_ARCH_7M__      ) && (__ARM_ARCH_7M__      == 1)) || \
1053:platform/CMSIS/Include/cmsis_gcc.h ****      (defined (__ARM_ARCH_7EM__     ) && (__ARM_ARCH_7EM__     == 1)) || \
1054:platform/CMSIS/Include/cmsis_gcc.h ****      (defined (__ARM_ARCH_8M_MAIN__ ) && (__ARM_ARCH_8M_MAIN__ == 1))    )
1055:platform/CMSIS/Include/cmsis_gcc.h ****    __ASM volatile ("rbit %0, %1" : "=r" (result) : "r" (value) );
 174              		.loc 2 1055 4 view .LVU48
 175 0028 4FF47802 		mov	r2, #16252928
 176              		.syntax unified
 177              	@ 1055 "platform/CMSIS/Include/cmsis_gcc.h" 1
 178 002c 92FAA2F2 		rbit r2, r2
 179              	@ 0 "" 2
 180              	.LVL10:
1056:platform/CMSIS/Include/cmsis_gcc.h **** #else
1057:platform/CMSIS/Include/cmsis_gcc.h ****   uint32_t s = (4U /*sizeof(v)*/ * 8U) - 1U; /* extra shift needed at end */
1058:platform/CMSIS/Include/cmsis_gcc.h **** 
1059:platform/CMSIS/Include/cmsis_gcc.h ****   result = value;                      /* r will be reversed bits of v; first get LSB of v */
1060:platform/CMSIS/Include/cmsis_gcc.h ****   for (value >>= 1U; value != 0U; value >>= 1U)
1061:platform/CMSIS/Include/cmsis_gcc.h ****   {
1062:platform/CMSIS/Include/cmsis_gcc.h ****     result <<= 1U;
1063:platform/CMSIS/Include/cmsis_gcc.h ****     result |= value & 1U;
1064:platform/CMSIS/Include/cmsis_gcc.h ****     s--;
1065:platform/CMSIS/Include/cmsis_gcc.h ****   }
1066:platform/CMSIS/Include/cmsis_gcc.h ****   result <<= s;                        /* shift when v's highest bits are zero */
1067:platform/CMSIS/Include/cmsis_gcc.h **** #endif
1068:platform/CMSIS/Include/cmsis_gcc.h ****   return result;
 181              		.loc 2 1068 3 view .LVU49
 182              		.loc 2 1068 3 is_stmt 0 view .LVU50
 183              		.thumb
 184              		.syntax unified
 185              	.LBE7:
 186              	.LBE6:
 187              	.LBB8:
 188              	.LBI8:
1069:platform/CMSIS/Include/cmsis_gcc.h **** }
1070:platform/CMSIS/Include/cmsis_gcc.h **** 
1071:platform/CMSIS/Include/cmsis_gcc.h **** 
1072:platform/CMSIS/Include/cmsis_gcc.h **** /**
1073:platform/CMSIS/Include/cmsis_gcc.h ****   \brief   Count leading zeros
ARM GAS  /tmp/ccb4lWTC.s 			page 26


1074:platform/CMSIS/Include/cmsis_gcc.h ****   \details Counts the number of leading zeros of a data value.
1075:platform/CMSIS/Include/cmsis_gcc.h ****   \param [in]  value  Value to count the leading zeros
1076:platform/CMSIS/Include/cmsis_gcc.h ****   \return             number of leading zeros in value
1077:platform/CMSIS/Include/cmsis_gcc.h ****  */
1078:platform/CMSIS/Include/cmsis_gcc.h **** __STATIC_FORCEINLINE uint8_t __CLZ(uint32_t value)
 189              		.loc 2 1078 30 is_stmt 1 view .LVU51
 190              	.LBB9:
1079:platform/CMSIS/Include/cmsis_gcc.h **** {
1080:platform/CMSIS/Include/cmsis_gcc.h ****   /* Even though __builtin_clz produces a CLZ instruction on ARM, formally
1081:platform/CMSIS/Include/cmsis_gcc.h ****      __builtin_clz(0) is undefined behaviour, so handle this case specially.
1082:platform/CMSIS/Include/cmsis_gcc.h ****      This guarantees ARM-compatible results if happening to compile on a non-ARM
1083:platform/CMSIS/Include/cmsis_gcc.h ****      target, and ensures the compiler doesn't decide to activate any
1084:platform/CMSIS/Include/cmsis_gcc.h ****      optimisations using the logic "value was passed to __builtin_clz, so it
1085:platform/CMSIS/Include/cmsis_gcc.h ****      is non-zero".
1086:platform/CMSIS/Include/cmsis_gcc.h ****      ARM GCC 7.3 and possibly earlier will optimise this test away, leaving a
1087:platform/CMSIS/Include/cmsis_gcc.h ****      single CLZ instruction.
1088:platform/CMSIS/Include/cmsis_gcc.h ****    */
1089:platform/CMSIS/Include/cmsis_gcc.h ****   if (value == 0U)
 191              		.loc 2 1089 3 view .LVU52
 192              		.loc 2 1089 6 is_stmt 0 view .LVU53
 193 0030 7AB1     		cbz	r2, .L14
1090:platform/CMSIS/Include/cmsis_gcc.h ****   {
1091:platform/CMSIS/Include/cmsis_gcc.h ****     return 32U;
1092:platform/CMSIS/Include/cmsis_gcc.h ****   }
1093:platform/CMSIS/Include/cmsis_gcc.h ****   return __builtin_clz(value);
 194              		.loc 2 1093 3 is_stmt 1 view .LVU54
 195              		.loc 2 1093 10 is_stmt 0 discriminator 1 view .LVU55
 196 0032 B2FA82F2 		clz	r2, r2
 197              	.LVL11:
 198              	.L11:
 199              		.loc 2 1093 10 discriminator 1 view .LVU56
 200              	.LBE9:
 201              	.LBE8:
 202              		.loc 1 162 121 discriminator 2 view .LVU57
 203 0036 02F01F02 		and	r2, r2, #31
 204              		.loc 1 162 83 discriminator 2 view .LVU58
 205 003a 0CFA02F2 		lsl	r2, ip, r2
 161:platform/HAL/src/stm32g4xx_hal_dma_ex.c ****                                    ((pRequestGeneratorConfig->RequestNumber - 1U) << (POSITION_VAL(
 206              		.loc 1 161 70 view .LVU59
 207 003e 0243     		orrs	r2, r2, r0
 163:platform/HAL/src/stm32g4xx_hal_dma_ex.c ****                                    pRequestGeneratorConfig->Polarity;
 208              		.loc 1 163 59 view .LVU60
 209 0040 4968     		ldr	r1, [r1, #4]
 210              	.LVL12:
 162:platform/HAL/src/stm32g4xx_hal_dma_ex.c ****                                    pRequestGeneratorConfig->Polarity;
 211              		.loc 1 162 131 view .LVU61
 212 0042 0A43     		orrs	r2, r2, r1
 161:platform/HAL/src/stm32g4xx_hal_dma_ex.c ****                                    ((pRequestGeneratorConfig->RequestNumber - 1U) << (POSITION_VAL(
 213              		.loc 1 161 34 view .LVU62
 214 0044 2260     		str	r2, [r4]
 164:platform/HAL/src/stm32g4xx_hal_dma_ex.c ****     /* Process UnLocked */
 165:platform/HAL/src/stm32g4xx_hal_dma_ex.c ****     __HAL_UNLOCK(hdma);
 215              		.loc 1 165 5 is_stmt 1 view .LVU63
 216              		.loc 1 165 5 view .LVU64
 217 0046 0020     		movs	r0, #0
 218 0048 83F82400 		strb	r0, [r3, #36]
 219              		.loc 1 165 5 view .LVU65
ARM GAS  /tmp/ccb4lWTC.s 			page 27


 166:platform/HAL/src/stm32g4xx_hal_dma_ex.c **** 
 167:platform/HAL/src/stm32g4xx_hal_dma_ex.c ****     return HAL_OK;
 220              		.loc 1 167 5 view .LVU66
 221              	.L10:
 168:platform/HAL/src/stm32g4xx_hal_dma_ex.c ****   }
 169:platform/HAL/src/stm32g4xx_hal_dma_ex.c ****   else
 170:platform/HAL/src/stm32g4xx_hal_dma_ex.c ****   {
 171:platform/HAL/src/stm32g4xx_hal_dma_ex.c ****     return HAL_ERROR;
 172:platform/HAL/src/stm32g4xx_hal_dma_ex.c ****   }
 173:platform/HAL/src/stm32g4xx_hal_dma_ex.c **** }
 222              		.loc 1 173 1 is_stmt 0 view .LVU67
 223 004c 5DF8044B 		ldr	r4, [sp], #4
 224              	.LCFI3:
 225              		.cfi_remember_state
 226              		.cfi_restore 4
 227              		.cfi_def_cfa_offset 0
 228 0050 7047     		bx	lr
 229              	.LVL13:
 230              	.L14:
 231              	.LCFI4:
 232              		.cfi_restore_state
 233              	.LBB11:
 234              	.LBB10:
1091:platform/CMSIS/Include/cmsis_gcc.h ****   }
 235              		.loc 2 1091 12 view .LVU68
 236 0052 2022     		movs	r2, #32
 237              	.LVL14:
1091:platform/CMSIS/Include/cmsis_gcc.h ****   }
 238              		.loc 2 1091 12 view .LVU69
 239 0054 EFE7     		b	.L11
 240              	.LVL15:
 241              	.L12:
 242              	.LCFI5:
 243              		.cfi_def_cfa_offset 0
 244              		.cfi_restore 4
1091:platform/CMSIS/Include/cmsis_gcc.h ****   }
 245              		.loc 2 1091 12 view .LVU70
 246              	.LBE10:
 247              	.LBE11:
 171:platform/HAL/src/stm32g4xx_hal_dma_ex.c ****   }
 248              		.loc 1 171 12 view .LVU71
 249 0056 0120     		movs	r0, #1
 250              	.LVL16:
 251              		.loc 1 173 1 view .LVU72
 252 0058 7047     		bx	lr
 253              	.LVL17:
 254              	.L13:
 255              	.LCFI6:
 256              		.cfi_def_cfa_offset 4
 257              		.cfi_offset 4, -4
 158:platform/HAL/src/stm32g4xx_hal_dma_ex.c **** 
 258              		.loc 1 158 5 discriminator 1 view .LVU73
 259 005a 0220     		movs	r0, #2
 260 005c F6E7     		b	.L10
 261              		.cfi_endproc
 262              	.LFE330:
 264              		.section	.text.HAL_DMAEx_EnableMuxRequestGenerator,"ax",%progbits
ARM GAS  /tmp/ccb4lWTC.s 			page 28


 265              		.align	1
 266              		.global	HAL_DMAEx_EnableMuxRequestGenerator
 267              		.syntax unified
 268              		.thumb
 269              		.thumb_func
 271              	HAL_DMAEx_EnableMuxRequestGenerator:
 272              	.LVL18:
 273              	.LFB331:
 174:platform/HAL/src/stm32g4xx_hal_dma_ex.c **** 
 175:platform/HAL/src/stm32g4xx_hal_dma_ex.c **** /**
 176:platform/HAL/src/stm32g4xx_hal_dma_ex.c ****   * @brief  Enable the DMAMUX request generator block used by the given DMA channel (instance).
 177:platform/HAL/src/stm32g4xx_hal_dma_ex.c ****   * @param  hdma:       pointer to a DMA_HandleTypeDef structure that contains
 178:platform/HAL/src/stm32g4xx_hal_dma_ex.c ****   *                     the configuration information for the specified DMA channel.
 179:platform/HAL/src/stm32g4xx_hal_dma_ex.c ****   * @retval HAL status
 180:platform/HAL/src/stm32g4xx_hal_dma_ex.c ****   */
 181:platform/HAL/src/stm32g4xx_hal_dma_ex.c **** HAL_StatusTypeDef HAL_DMAEx_EnableMuxRequestGenerator(DMA_HandleTypeDef *hdma)
 182:platform/HAL/src/stm32g4xx_hal_dma_ex.c **** {
 274              		.loc 1 182 1 is_stmt 1 view -0
 275              		.cfi_startproc
 276              		@ args = 0, pretend = 0, frame = 0
 277              		@ frame_needed = 0, uses_anonymous_args = 0
 278              		@ link register save eliminated.
 183:platform/HAL/src/stm32g4xx_hal_dma_ex.c ****   /* Check the parameters */
 184:platform/HAL/src/stm32g4xx_hal_dma_ex.c ****   assert_param(IS_DMA_ALL_INSTANCE(hdma->Instance));
 279              		.loc 1 184 3 view .LVU75
 185:platform/HAL/src/stm32g4xx_hal_dma_ex.c **** 
 186:platform/HAL/src/stm32g4xx_hal_dma_ex.c ****   /* check if the DMA state is ready
 187:platform/HAL/src/stm32g4xx_hal_dma_ex.c ****      and DMA is using a DMAMUX request generator block
 188:platform/HAL/src/stm32g4xx_hal_dma_ex.c ****   */
 189:platform/HAL/src/stm32g4xx_hal_dma_ex.c ****   if ((hdma->State != HAL_DMA_STATE_RESET) && (hdma->DMAmuxRequestGen != 0))
 280              		.loc 1 189 3 view .LVU76
 281              		.loc 1 189 12 is_stmt 0 view .LVU77
 282 0000 90F82530 		ldrb	r3, [r0, #37]	@ zero_extendqisi2
 283              		.loc 1 189 6 view .LVU78
 284 0004 3BB1     		cbz	r3, .L21
 285              		.loc 1 189 52 discriminator 1 view .LVU79
 286 0006 436D     		ldr	r3, [r0, #84]
 287              		.loc 1 189 44 discriminator 1 view .LVU80
 288 0008 3BB1     		cbz	r3, .L22
 190:platform/HAL/src/stm32g4xx_hal_dma_ex.c ****   {
 191:platform/HAL/src/stm32g4xx_hal_dma_ex.c **** 
 192:platform/HAL/src/stm32g4xx_hal_dma_ex.c ****     /* Enable the request generator*/
 193:platform/HAL/src/stm32g4xx_hal_dma_ex.c ****     hdma->DMAmuxRequestGen->RGCR |= DMAMUX_RGxCR_GE;
 289              		.loc 1 193 5 is_stmt 1 view .LVU81
 290              		.loc 1 193 27 is_stmt 0 view .LVU82
 291 000a 1A68     		ldr	r2, [r3]
 292              		.loc 1 193 34 view .LVU83
 293 000c 42F48032 		orr	r2, r2, #65536
 294 0010 1A60     		str	r2, [r3]
 194:platform/HAL/src/stm32g4xx_hal_dma_ex.c **** 
 195:platform/HAL/src/stm32g4xx_hal_dma_ex.c ****     return HAL_OK;
 295              		.loc 1 195 5 is_stmt 1 view .LVU84
 296              		.loc 1 195 12 is_stmt 0 view .LVU85
 297 0012 0020     		movs	r0, #0
 298              	.LVL19:
 299              		.loc 1 195 12 view .LVU86
 300 0014 7047     		bx	lr
ARM GAS  /tmp/ccb4lWTC.s 			page 29


 301              	.LVL20:
 302              	.L21:
 196:platform/HAL/src/stm32g4xx_hal_dma_ex.c ****   }
 197:platform/HAL/src/stm32g4xx_hal_dma_ex.c ****   else
 198:platform/HAL/src/stm32g4xx_hal_dma_ex.c ****   {
 199:platform/HAL/src/stm32g4xx_hal_dma_ex.c ****     return HAL_ERROR;
 303              		.loc 1 199 12 view .LVU87
 304 0016 0120     		movs	r0, #1
 305              	.LVL21:
 306              		.loc 1 199 12 view .LVU88
 307 0018 7047     		bx	lr
 308              	.LVL22:
 309              	.L22:
 310              		.loc 1 199 12 view .LVU89
 311 001a 0120     		movs	r0, #1
 312              	.LVL23:
 200:platform/HAL/src/stm32g4xx_hal_dma_ex.c ****   }
 201:platform/HAL/src/stm32g4xx_hal_dma_ex.c **** }
 313              		.loc 1 201 1 view .LVU90
 314 001c 7047     		bx	lr
 315              		.cfi_endproc
 316              	.LFE331:
 318              		.section	.text.HAL_DMAEx_DisableMuxRequestGenerator,"ax",%progbits
 319              		.align	1
 320              		.global	HAL_DMAEx_DisableMuxRequestGenerator
 321              		.syntax unified
 322              		.thumb
 323              		.thumb_func
 325              	HAL_DMAEx_DisableMuxRequestGenerator:
 326              	.LVL24:
 327              	.LFB332:
 202:platform/HAL/src/stm32g4xx_hal_dma_ex.c **** 
 203:platform/HAL/src/stm32g4xx_hal_dma_ex.c **** /**
 204:platform/HAL/src/stm32g4xx_hal_dma_ex.c ****   * @brief  Disable the DMAMUX request generator block used by the given DMA channel (instance).
 205:platform/HAL/src/stm32g4xx_hal_dma_ex.c ****   * @param  hdma:       pointer to a DMA_HandleTypeDef structure that contains
 206:platform/HAL/src/stm32g4xx_hal_dma_ex.c ****   *                     the configuration information for the specified DMA channel.
 207:platform/HAL/src/stm32g4xx_hal_dma_ex.c ****   * @retval HAL status
 208:platform/HAL/src/stm32g4xx_hal_dma_ex.c ****   */
 209:platform/HAL/src/stm32g4xx_hal_dma_ex.c **** HAL_StatusTypeDef HAL_DMAEx_DisableMuxRequestGenerator(DMA_HandleTypeDef *hdma)
 210:platform/HAL/src/stm32g4xx_hal_dma_ex.c **** {
 328              		.loc 1 210 1 is_stmt 1 view -0
 329              		.cfi_startproc
 330              		@ args = 0, pretend = 0, frame = 0
 331              		@ frame_needed = 0, uses_anonymous_args = 0
 332              		@ link register save eliminated.
 211:platform/HAL/src/stm32g4xx_hal_dma_ex.c ****   /* Check the parameters */
 212:platform/HAL/src/stm32g4xx_hal_dma_ex.c ****   assert_param(IS_DMA_ALL_INSTANCE(hdma->Instance));
 333              		.loc 1 212 3 view .LVU92
 213:platform/HAL/src/stm32g4xx_hal_dma_ex.c **** 
 214:platform/HAL/src/stm32g4xx_hal_dma_ex.c ****   /* check if the DMA state is ready
 215:platform/HAL/src/stm32g4xx_hal_dma_ex.c ****      and DMA is using a DMAMUX request generator block
 216:platform/HAL/src/stm32g4xx_hal_dma_ex.c ****   */
 217:platform/HAL/src/stm32g4xx_hal_dma_ex.c ****   if ((hdma->State != HAL_DMA_STATE_RESET) && (hdma->DMAmuxRequestGen != 0))
 334              		.loc 1 217 3 view .LVU93
 335              		.loc 1 217 12 is_stmt 0 view .LVU94
 336 0000 90F82530 		ldrb	r3, [r0, #37]	@ zero_extendqisi2
 337              		.loc 1 217 6 view .LVU95
ARM GAS  /tmp/ccb4lWTC.s 			page 30


 338 0004 3BB1     		cbz	r3, .L25
 339              		.loc 1 217 52 discriminator 1 view .LVU96
 340 0006 436D     		ldr	r3, [r0, #84]
 341              		.loc 1 217 44 discriminator 1 view .LVU97
 342 0008 3BB1     		cbz	r3, .L26
 218:platform/HAL/src/stm32g4xx_hal_dma_ex.c ****   {
 219:platform/HAL/src/stm32g4xx_hal_dma_ex.c **** 
 220:platform/HAL/src/stm32g4xx_hal_dma_ex.c ****     /* Disable the request generator*/
 221:platform/HAL/src/stm32g4xx_hal_dma_ex.c ****     hdma->DMAmuxRequestGen->RGCR &= ~DMAMUX_RGxCR_GE;
 343              		.loc 1 221 5 is_stmt 1 view .LVU98
 344              		.loc 1 221 27 is_stmt 0 view .LVU99
 345 000a 1A68     		ldr	r2, [r3]
 346              		.loc 1 221 34 view .LVU100
 347 000c 22F48032 		bic	r2, r2, #65536
 348 0010 1A60     		str	r2, [r3]
 222:platform/HAL/src/stm32g4xx_hal_dma_ex.c **** 
 223:platform/HAL/src/stm32g4xx_hal_dma_ex.c ****     return HAL_OK;
 349              		.loc 1 223 5 is_stmt 1 view .LVU101
 350              		.loc 1 223 12 is_stmt 0 view .LVU102
 351 0012 0020     		movs	r0, #0
 352              	.LVL25:
 353              		.loc 1 223 12 view .LVU103
 354 0014 7047     		bx	lr
 355              	.LVL26:
 356              	.L25:
 224:platform/HAL/src/stm32g4xx_hal_dma_ex.c ****   }
 225:platform/HAL/src/stm32g4xx_hal_dma_ex.c ****   else
 226:platform/HAL/src/stm32g4xx_hal_dma_ex.c ****   {
 227:platform/HAL/src/stm32g4xx_hal_dma_ex.c ****     return HAL_ERROR;
 357              		.loc 1 227 12 view .LVU104
 358 0016 0120     		movs	r0, #1
 359              	.LVL27:
 360              		.loc 1 227 12 view .LVU105
 361 0018 7047     		bx	lr
 362              	.LVL28:
 363              	.L26:
 364              		.loc 1 227 12 view .LVU106
 365 001a 0120     		movs	r0, #1
 366              	.LVL29:
 228:platform/HAL/src/stm32g4xx_hal_dma_ex.c ****   }
 229:platform/HAL/src/stm32g4xx_hal_dma_ex.c **** }
 367              		.loc 1 229 1 view .LVU107
 368 001c 7047     		bx	lr
 369              		.cfi_endproc
 370              	.LFE332:
 372              		.section	.text.HAL_DMAEx_MUX_IRQHandler,"ax",%progbits
 373              		.align	1
 374              		.global	HAL_DMAEx_MUX_IRQHandler
 375              		.syntax unified
 376              		.thumb
 377              		.thumb_func
 379              	HAL_DMAEx_MUX_IRQHandler:
 380              	.LVL30:
 381              	.LFB333:
 230:platform/HAL/src/stm32g4xx_hal_dma_ex.c **** 
 231:platform/HAL/src/stm32g4xx_hal_dma_ex.c **** /**
 232:platform/HAL/src/stm32g4xx_hal_dma_ex.c ****   * @brief  Handles DMAMUX interrupt request.
ARM GAS  /tmp/ccb4lWTC.s 			page 31


 233:platform/HAL/src/stm32g4xx_hal_dma_ex.c ****   * @param  hdma: pointer to a DMA_HandleTypeDef structure that contains
 234:platform/HAL/src/stm32g4xx_hal_dma_ex.c ****   *               the configuration information for the specified DMA channel.
 235:platform/HAL/src/stm32g4xx_hal_dma_ex.c ****   * @retval None
 236:platform/HAL/src/stm32g4xx_hal_dma_ex.c ****   */
 237:platform/HAL/src/stm32g4xx_hal_dma_ex.c **** void HAL_DMAEx_MUX_IRQHandler(DMA_HandleTypeDef *hdma)
 238:platform/HAL/src/stm32g4xx_hal_dma_ex.c **** {
 382              		.loc 1 238 1 is_stmt 1 view -0
 383              		.cfi_startproc
 384              		@ args = 0, pretend = 0, frame = 0
 385              		@ frame_needed = 0, uses_anonymous_args = 0
 386              		.loc 1 238 1 is_stmt 0 view .LVU109
 387 0000 10B5     		push	{r4, lr}
 388              	.LCFI7:
 389              		.cfi_def_cfa_offset 8
 390              		.cfi_offset 4, -8
 391              		.cfi_offset 14, -4
 392 0002 0446     		mov	r4, r0
 239:platform/HAL/src/stm32g4xx_hal_dma_ex.c ****   /* Check for DMAMUX Synchronization overrun */
 240:platform/HAL/src/stm32g4xx_hal_dma_ex.c ****   if ((hdma->DMAmuxChannelStatus->CSR & hdma->DMAmuxChannelStatusMask) != 0U)
 393              		.loc 1 240 3 is_stmt 1 view .LVU110
 394              		.loc 1 240 12 is_stmt 0 view .LVU111
 395 0004 C36C     		ldr	r3, [r0, #76]
 396              		.loc 1 240 33 view .LVU112
 397 0006 1A68     		ldr	r2, [r3]
 398              		.loc 1 240 45 view .LVU113
 399 0008 036D     		ldr	r3, [r0, #80]
 400              		.loc 1 240 6 view .LVU114
 401 000a 1A42     		tst	r2, r3
 402 000c 0ED0     		beq	.L28
 241:platform/HAL/src/stm32g4xx_hal_dma_ex.c ****   {
 242:platform/HAL/src/stm32g4xx_hal_dma_ex.c ****     /* Disable the synchro overrun interrupt */
 243:platform/HAL/src/stm32g4xx_hal_dma_ex.c ****     hdma->DMAmuxChannel->CCR &= ~DMAMUX_CxCR_SOIE;
 403              		.loc 1 243 5 is_stmt 1 view .LVU115
 404              		.loc 1 243 9 is_stmt 0 view .LVU116
 405 000e 826C     		ldr	r2, [r0, #72]
 406              		.loc 1 243 24 view .LVU117
 407 0010 1368     		ldr	r3, [r2]
 408              		.loc 1 243 30 view .LVU118
 409 0012 23F48073 		bic	r3, r3, #256
 410 0016 1360     		str	r3, [r2]
 244:platform/HAL/src/stm32g4xx_hal_dma_ex.c **** 
 245:platform/HAL/src/stm32g4xx_hal_dma_ex.c ****     /* Clear the DMAMUX synchro overrun flag */
 246:platform/HAL/src/stm32g4xx_hal_dma_ex.c ****     hdma->DMAmuxChannelStatus->CFR = hdma->DMAmuxChannelStatusMask;
 411              		.loc 1 246 5 is_stmt 1 view .LVU119
 412              		.loc 1 246 9 is_stmt 0 view .LVU120
 413 0018 C36C     		ldr	r3, [r0, #76]
 414              		.loc 1 246 42 view .LVU121
 415 001a 026D     		ldr	r2, [r0, #80]
 416              		.loc 1 246 36 view .LVU122
 417 001c 5A60     		str	r2, [r3, #4]
 247:platform/HAL/src/stm32g4xx_hal_dma_ex.c **** 
 248:platform/HAL/src/stm32g4xx_hal_dma_ex.c ****     /* Update error code */
 249:platform/HAL/src/stm32g4xx_hal_dma_ex.c ****     hdma->ErrorCode |= HAL_DMA_ERROR_SYNC;
 418              		.loc 1 249 5 is_stmt 1 view .LVU123
 419              		.loc 1 249 9 is_stmt 0 view .LVU124
 420 001e C36B     		ldr	r3, [r0, #60]
 421              		.loc 1 249 21 view .LVU125
ARM GAS  /tmp/ccb4lWTC.s 			page 32


 422 0020 43F40073 		orr	r3, r3, #512
 423 0024 C363     		str	r3, [r0, #60]
 250:platform/HAL/src/stm32g4xx_hal_dma_ex.c **** 
 251:platform/HAL/src/stm32g4xx_hal_dma_ex.c ****     if (hdma->XferErrorCallback != NULL)
 424              		.loc 1 251 5 is_stmt 1 view .LVU126
 425              		.loc 1 251 13 is_stmt 0 view .LVU127
 426 0026 436B     		ldr	r3, [r0, #52]
 427              		.loc 1 251 8 view .LVU128
 428 0028 03B1     		cbz	r3, .L28
 252:platform/HAL/src/stm32g4xx_hal_dma_ex.c ****     {
 253:platform/HAL/src/stm32g4xx_hal_dma_ex.c ****       /* Transfer error callback */
 254:platform/HAL/src/stm32g4xx_hal_dma_ex.c ****       hdma->XferErrorCallback(hdma);
 429              		.loc 1 254 7 is_stmt 1 view .LVU129
 430 002a 9847     		blx	r3
 431              	.LVL31:
 432              	.L28:
 255:platform/HAL/src/stm32g4xx_hal_dma_ex.c ****     }
 256:platform/HAL/src/stm32g4xx_hal_dma_ex.c ****   }
 257:platform/HAL/src/stm32g4xx_hal_dma_ex.c **** 
 258:platform/HAL/src/stm32g4xx_hal_dma_ex.c ****   if (hdma->DMAmuxRequestGen != 0)
 433              		.loc 1 258 3 view .LVU130
 434              		.loc 1 258 11 is_stmt 0 view .LVU131
 435 002c 636D     		ldr	r3, [r4, #84]
 436              		.loc 1 258 6 view .LVU132
 437 002e 9BB1     		cbz	r3, .L27
 259:platform/HAL/src/stm32g4xx_hal_dma_ex.c ****   {
 260:platform/HAL/src/stm32g4xx_hal_dma_ex.c ****     /* if using a DMAMUX request generator block Check for DMAMUX request generator overrun */
 261:platform/HAL/src/stm32g4xx_hal_dma_ex.c ****     if ((hdma->DMAmuxRequestGenStatus->RGSR & hdma->DMAmuxRequestGenStatusMask) != 0U)
 438              		.loc 1 261 5 is_stmt 1 view .LVU133
 439              		.loc 1 261 14 is_stmt 0 view .LVU134
 440 0030 A26D     		ldr	r2, [r4, #88]
 441              		.loc 1 261 38 view .LVU135
 442 0032 1168     		ldr	r1, [r2]
 443              		.loc 1 261 51 view .LVU136
 444 0034 E26D     		ldr	r2, [r4, #92]
 445              		.loc 1 261 8 view .LVU137
 446 0036 1142     		tst	r1, r2
 447 0038 0ED0     		beq	.L27
 262:platform/HAL/src/stm32g4xx_hal_dma_ex.c ****     {
 263:platform/HAL/src/stm32g4xx_hal_dma_ex.c ****       /* Disable the request gen overrun interrupt */
 264:platform/HAL/src/stm32g4xx_hal_dma_ex.c ****       hdma->DMAmuxRequestGen->RGCR &= ~DMAMUX_RGxCR_OIE;
 448              		.loc 1 264 7 is_stmt 1 view .LVU138
 449              		.loc 1 264 29 is_stmt 0 view .LVU139
 450 003a 1A68     		ldr	r2, [r3]
 451              		.loc 1 264 36 view .LVU140
 452 003c 22F48072 		bic	r2, r2, #256
 453 0040 1A60     		str	r2, [r3]
 265:platform/HAL/src/stm32g4xx_hal_dma_ex.c **** 
 266:platform/HAL/src/stm32g4xx_hal_dma_ex.c ****       /* Clear the DMAMUX request generator overrun flag */
 267:platform/HAL/src/stm32g4xx_hal_dma_ex.c ****       hdma->DMAmuxRequestGenStatus->RGCFR = hdma->DMAmuxRequestGenStatusMask;
 454              		.loc 1 267 7 is_stmt 1 view .LVU141
 455              		.loc 1 267 11 is_stmt 0 view .LVU142
 456 0042 A36D     		ldr	r3, [r4, #88]
 457              		.loc 1 267 49 view .LVU143
 458 0044 E26D     		ldr	r2, [r4, #92]
 459              		.loc 1 267 43 view .LVU144
 460 0046 5A60     		str	r2, [r3, #4]
ARM GAS  /tmp/ccb4lWTC.s 			page 33


 268:platform/HAL/src/stm32g4xx_hal_dma_ex.c **** 
 269:platform/HAL/src/stm32g4xx_hal_dma_ex.c ****       /* Update error code */
 270:platform/HAL/src/stm32g4xx_hal_dma_ex.c ****       hdma->ErrorCode |= HAL_DMA_ERROR_REQGEN;
 461              		.loc 1 270 7 is_stmt 1 view .LVU145
 462              		.loc 1 270 11 is_stmt 0 view .LVU146
 463 0048 E36B     		ldr	r3, [r4, #60]
 464              		.loc 1 270 23 view .LVU147
 465 004a 43F48063 		orr	r3, r3, #1024
 466 004e E363     		str	r3, [r4, #60]
 271:platform/HAL/src/stm32g4xx_hal_dma_ex.c **** 
 272:platform/HAL/src/stm32g4xx_hal_dma_ex.c ****       if (hdma->XferErrorCallback != NULL)
 467              		.loc 1 272 7 is_stmt 1 view .LVU148
 468              		.loc 1 272 15 is_stmt 0 view .LVU149
 469 0050 636B     		ldr	r3, [r4, #52]
 470              		.loc 1 272 10 view .LVU150
 471 0052 0BB1     		cbz	r3, .L27
 273:platform/HAL/src/stm32g4xx_hal_dma_ex.c ****       {
 274:platform/HAL/src/stm32g4xx_hal_dma_ex.c ****         /* Transfer error callback */
 275:platform/HAL/src/stm32g4xx_hal_dma_ex.c ****         hdma->XferErrorCallback(hdma);
 472              		.loc 1 275 9 is_stmt 1 view .LVU151
 473 0054 2046     		mov	r0, r4
 474 0056 9847     		blx	r3
 475              	.LVL32:
 476              	.L27:
 276:platform/HAL/src/stm32g4xx_hal_dma_ex.c ****       }
 277:platform/HAL/src/stm32g4xx_hal_dma_ex.c ****     }
 278:platform/HAL/src/stm32g4xx_hal_dma_ex.c ****   }
 279:platform/HAL/src/stm32g4xx_hal_dma_ex.c **** }
 477              		.loc 1 279 1 is_stmt 0 view .LVU152
 478 0058 10BD     		pop	{r4, pc}
 479              		.loc 1 279 1 view .LVU153
 480              		.cfi_endproc
 481              	.LFE333:
 483              		.text
 484              	.Letext0:
 485              		.file 3 "/usr/arm-none-eabi/include/machine/_default_types.h"
 486              		.file 4 "/usr/arm-none-eabi/include/sys/_stdint.h"
 487              		.file 5 "platform/CMSIS/Device/ST/STM32G4xx/Include/stm32g474xx.h"
 488              		.file 6 "platform/CMSIS/Device/ST/STM32G4xx/Include/stm32g4xx.h"
 489              		.file 7 "platform/HAL/inc/stm32g4xx_hal_def.h"
 490              		.file 8 "platform/HAL/inc/stm32g4xx_hal_dma.h"
 491              		.file 9 "platform/HAL/inc/stm32g4xx_hal_dma_ex.h"
ARM GAS  /tmp/ccb4lWTC.s 			page 34


DEFINED SYMBOLS
                            *ABS*:00000000 stm32g4xx_hal_dma_ex.c
     /tmp/ccb4lWTC.s:21     .text.HAL_DMAEx_ConfigMuxSync:00000000 $t
     /tmp/ccb4lWTC.s:27     .text.HAL_DMAEx_ConfigMuxSync:00000000 HAL_DMAEx_ConfigMuxSync
     /tmp/ccb4lWTC.s:115    .text.HAL_DMAEx_ConfigMuxRequestGenerator:00000000 $t
     /tmp/ccb4lWTC.s:121    .text.HAL_DMAEx_ConfigMuxRequestGenerator:00000000 HAL_DMAEx_ConfigMuxRequestGenerator
     /tmp/ccb4lWTC.s:265    .text.HAL_DMAEx_EnableMuxRequestGenerator:00000000 $t
     /tmp/ccb4lWTC.s:271    .text.HAL_DMAEx_EnableMuxRequestGenerator:00000000 HAL_DMAEx_EnableMuxRequestGenerator
     /tmp/ccb4lWTC.s:319    .text.HAL_DMAEx_DisableMuxRequestGenerator:00000000 $t
     /tmp/ccb4lWTC.s:325    .text.HAL_DMAEx_DisableMuxRequestGenerator:00000000 HAL_DMAEx_DisableMuxRequestGenerator
     /tmp/ccb4lWTC.s:373    .text.HAL_DMAEx_MUX_IRQHandler:00000000 $t
     /tmp/ccb4lWTC.s:379    .text.HAL_DMAEx_MUX_IRQHandler:00000000 HAL_DMAEx_MUX_IRQHandler

NO UNDEFINED SYMBOLS
